Week_Start,Model,Direction,Control,Seed,Test_Users,Train_First_Week,Train_Last_Week,Validation_Week,Train_Users,Validation_Users,Selected_Grid_ID,hidden,dropout,lr,weight_decay,heads,Threshold,Class_0_Weight,Class_1_Weight,Scaler_Fit_Rows,Scaler_Mean,Scaler_Scale,Latest_Test_Graph_Week,Validation_Macro_F1,Best_Epoch,Epochs_Run,Seconds
2022-12-19,GraphSAGE,reverse,feature_only,42,599,2022-10-17,2022-12-05,2022-12-12,3551,615,2,64,0.5,0.0003,0.0001,4,0.5,0.9638979370249728,1.0389116442363955,3551,"[1.3503238524359336, 4.7947057166995215, 1.4742326105322445, 6.701492537313433, 7.778009349372606e-05, 0.00015170659770589147]","[8.043219587762692, 10.9911684737231, 8.826041705612155, 20.912024099213742, 0.0001773667178472415, 0.0006235663785255667]",2022-12-12,0.5200210244648318,4,8,0.3093152000219561
2022-12-19,GraphSAGE,reverse,feature_only,43,599,2022-10-17,2022-12-05,2022-12-12,3551,615,2,64,0.5,0.0003,0.0001,4,0.5,0.9638979370249728,1.0389116442363955,3551,"[1.3503238524359336, 4.7947057166995215, 1.4742326105322445, 6.701492537313433, 7.778009349372606e-05, 0.00015170659770589147]","[8.043219587762692, 10.9911684737231, 8.826041705612155, 20.912024099213742, 0.0001773667178472415, 0.0006235663785255667]",2022-12-12,0.40286744678704733,11,15,0.5543161000241525
2022-12-19,GraphSAGE,reverse,feature_only,44,599,2022-10-17,2022-12-05,2022-12-12,3551,615,2,64,0.5,0.0003,0.0001,4,0.5,0.9638979370249728,1.0389116442363955,3551,"[1.3503238524359336, 4.7947057166995215, 1.4742326105322445, 6.701492537313433, 7.778009349372606e-05, 0.00015170659770589147]","[8.043219587762692, 10.9911684737231, 8.826041705612155, 20.912024099213742, 0.0001773667178472415, 0.0006235663785255667]",2022-12-12,0.35193548387096774,2,6,0.2174533000215888
2022-12-19,GraphSAGE,reverse,feature_only,45,599,2022-10-17,2022-12-05,2022-12-12,3551,615,2,64,0.5,0.0003,0.0001,4,0.5,0.9638979370249728,1.0389116442363955,3551,"[1.3503238524359336, 4.7947057166995215, 1.4742326105322445, 6.701492537313433, 7.778009349372606e-05, 0.00015170659770589147]","[8.043219587762692, 10.9911684737231, 8.826041705612155, 20.912024099213742, 0.0001773667178472415, 0.0006235663785255667]",2022-12-12,0.3492063492063492,1,5,0.17367209994699806
2022-12-19,GraphSAGE,reverse,feature_only,46,599,2022-10-17,2022-12-05,2022-12-12,3551,615,2,64,0.5,0.0003,0.0001,4,0.5,0.9638979370249728,1.0389116442363955,3551,"[1.3503238524359336, 4.7947057166995215, 1.4742326105322445, 6.701492537313433, 7.778009349372606e-05, 0.00015170659770589147]","[8.043219587762692, 10.9911684737231, 8.826041705612155, 20.912024099213742, 0.0001773667178472415, 0.0006235663785255667]",2022-12-12,0.4942178454987025,15,19,0.655758400040213
2022-12-19,GraphSAGE,reverse,feature_only,47,599,2022-10-17,2022-12-05,2022-12-12,3551,615,2,64,0.5,0.0003,0.0001,4,0.5,0.9638979370249728,1.0389116442363955,3551,"[1.3503238524359336, 4.7947057166995215, 1.4742326105322445, 6.701492537313433, 7.778009349372606e-05, 0.00015170659770589147]","[8.043219587762692, 10.9911684737231, 8.826041705612155, 20.912024099213742, 0.0001773667178472415, 0.0006235663785255667]",2022-12-12,0.450508406056931,9,13,0.44303409999702126
2022-12-19,GraphSAGE,reverse,feature_only,48,599,2022-10-17,2022-12-05,2022-12-12,3551,615,2,64,0.5,0.0003,0.0001,4,0.5,0.9638979370249728,1.0389116442363955,3551,"[1.3503238524359336, 4.7947057166995215, 1.4742326105322445, 6.701492537313433, 7.778009349372606e-05, 0.00015170659770589147]","[8.043219587762692, 10.9911684737231, 8.826041705612155, 20.912024099213742, 0.0001773667178472415, 0.0006235663785255667]",2022-12-12,0.3592809977989729,1,5,0.16017559997271746
2022-12-19,GraphSAGE,reverse,feature_only,49,599,2022-10-17,2022-12-05,2022-12-12,3551,615,2,64,0.5,0.0003,0.0001,4,0.5,0.9638979370249728,1.0389116442363955,3551,"[1.3503238524359336, 4.7947057166995215, 1.4742326105322445, 6.701492537313433, 7.778009349372606e-05, 0.00015170659770589147]","[8.043219587762692, 10.9911684737231, 8.826041705612155, 20.912024099213742, 0.0001773667178472415, 0.0006235663785255667]",2022-12-12,0.5061769562584532,4,8,0.2710570999770425
2022-12-19,GraphSAGE,reverse,feature_only,50,599,2022-10-17,2022-12-05,2022-12-12,3551,615,2,64,0.5,0.0003,0.0001,4,0.5,0.9638979370249728,1.0389116442363955,3551,"[1.3503238524359336, 4.7947057166995215, 1.4742326105322445, 6.701492537313433, 7.778009349372606e-05, 0.00015170659770589147]","[8.043219587762692, 10.9911684737231, 8.826041705612155, 20.912024099213742, 0.0001773667178472415, 0.0006235663785255667]",2022-12-12,0.4222824153875619,30,30,1.0516789000248536
2022-12-19,GraphSAGE,reverse,feature_only,51,599,2022-10-17,2022-12-05,2022-12-12,3551,615,2,64,0.5,0.0003,0.0001,4,0.5,0.9638979370249728,1.0389116442363955,3551,"[1.3503238524359336, 4.7947057166995215, 1.4742326105322445, 6.701492537313433, 7.778009349372606e-05, 0.00015170659770589147]","[8.043219587762692, 10.9911684737231, 8.826041705612155, 20.912024099213742, 0.0001773667178472415, 0.0006235663785255667]",2022-12-12,0.4982447002171203,16,20,0.6435303000034764
2022-12-19,GraphSAGE,reverse,rewired,42,599,2022-10-17,2022-12-05,2022-12-12,3551,615,2,64,0.5,0.0003,0.0001,4,0.5,0.9638979370249728,1.0389116442363955,3551,"[1.3503238524359336, 4.7947057166995215, 1.4742326105322445, 6.701492537313433, 7.778009349372606e-05, 0.00015170659770589147]","[8.043219587762692, 10.9911684737231, 8.826041705612155, 20.912024099213742, 0.0001773667178472415, 0.0006235663785255667]",2022-12-12,0.5073125291103866,4,8,0.24566570000024512
2022-12-19,GraphSAGE,reverse,rewired,43,599,2022-10-17,2022-12-05,2022-12-12,3551,615,2,64,0.5,0.0003,0.0001,4,0.5,0.9638979370249728,1.0389116442363955,3551,"[1.3503238524359336, 4.7947057166995215, 1.4742326105322445, 6.701492537313433, 7.778009349372606e-05, 0.00015170659770589147]","[8.043219587762692, 10.9911684737231, 8.826041705612155, 20.912024099213742, 0.0001773667178472415, 0.0006235663785255667]",2022-12-12,0.4648463270923857,29,30,1.0831853999989107
2022-12-19,GraphSAGE,reverse,rewired,44,599,2022-10-17,2022-12-05,2022-12-12,3551,615,2,64,0.5,0.0003,0.0001,4,0.5,0.9638979370249728,1.0389116442363955,3551,"[1.3503238524359336, 4.7947057166995215, 1.4742326105322445, 6.701492537313433, 7.778009349372606e-05, 0.00015170659770589147]","[8.043219587762692, 10.9911684737231, 8.826041705612155, 20.912024099213742, 0.0001773667178472415, 0.0006235663785255667]",2022-12-12,0.3759812874491333,15,19,0.6390487999888137
2022-12-19,GraphSAGE,reverse,rewired,45,599,2022-10-17,2022-12-05,2022-12-12,3551,615,2,64,0.5,0.0003,0.0001,4,0.5,0.9638979370249728,1.0389116442363955,3551,"[1.3503238524359336, 4.7947057166995215, 1.4742326105322445, 6.701492537313433, 7.778009349372606e-05, 0.00015170659770589147]","[8.043219587762692, 10.9911684737231, 8.826041705612155, 20.912024099213742, 0.0001773667178472415, 0.0006235663785255667]",2022-12-12,0.43485970180161526,30,30,0.9967597000068054
2022-12-19,GraphSAGE,reverse,rewired,46,599,2022-10-17,2022-12-05,2022-12-12,3551,615,2,64,0.5,0.0003,0.0001,4,0.5,0.9638979370249728,1.0389116442363955,3551,"[1.3503238524359336, 4.7947057166995215, 1.4742326105322445, 6.701492537313433, 7.778009349372606e-05, 0.00015170659770589147]","[8.043219587762692, 10.9911684737231, 8.826041705612155, 20.912024099213742, 0.0001773667178472415, 0.0006235663785255667]",2022-12-12,0.5155926368913912,14,18,0.6543158999993466
2022-12-19,GraphSAGE,reverse,rewired,47,599,2022-10-17,2022-12-05,2022-12-12,3551,615,2,64,0.5,0.0003,0.0001,4,0.5,0.9638979370249728,1.0389116442363955,3551,"[1.3503238524359336, 4.7947057166995215, 1.4742326105322445, 6.701492537313433, 7.778009349372606e-05, 0.00015170659770589147]","[8.043219587762692, 10.9911684737231, 8.826041705612155, 20.912024099213742, 0.0001773667178472415, 0.0006235663785255667]",2022-12-12,0.5365412531829323,2,6,0.2238311999826692
2022-12-19,GraphSAGE,reverse,rewired,48,599,2022-10-17,2022-12-05,2022-12-12,3551,615,2,64,0.5,0.0003,0.0001,4,0.5,0.9638979370249728,1.0389116442363955,3551,"[1.3503238524359336, 4.7947057166995215, 1.4742326105322445, 6.701492537313433, 7.778009349372606e-05, 0.00015170659770589147]","[8.043219587762692, 10.9911684737231, 8.826041705612155, 20.912024099213742, 0.0001773667178472415, 0.0006235663785255667]",2022-12-12,0.4091856757419671,13,17,0.6223438999732025
2022-12-19,GraphSAGE,reverse,rewired,49,599,2022-10-17,2022-12-05,2022-12-12,3551,615,2,64,0.5,0.0003,0.0001,4,0.5,0.9638979370249728,1.0389116442363955,3551,"[1.3503238524359336, 4.7947057166995215, 1.4742326105322445, 6.701492537313433, 7.778009349372606e-05, 0.00015170659770589147]","[8.043219587762692, 10.9911684737231, 8.826041705612155, 20.912024099213742, 0.0001773667178472415, 0.0006235663785255667]",2022-12-12,0.5185960903782686,3,7,0.25118590000784025
2022-12-19,GraphSAGE,reverse,rewired,50,599,2022-10-17,2022-12-05,2022-12-12,3551,615,2,64,0.5,0.0003,0.0001,4,0.5,0.9638979370249728,1.0389116442363955,3551,"[1.3503238524359336, 4.7947057166995215, 1.4742326105322445, 6.701492537313433, 7.778009349372606e-05, 0.00015170659770589147]","[8.043219587762692, 10.9911684737231, 8.826041705612155, 20.912024099213742, 0.0001773667178472415, 0.0006235663785255667]",2022-12-12,0.3844548028253596,12,16,0.5884679000009783
2022-12-19,GraphSAGE,reverse,rewired,51,599,2022-10-17,2022-12-05,2022-12-12,3551,615,2,64,0.5,0.0003,0.0001,4,0.5,0.9638979370249728,1.0389116442363955,3551,"[1.3503238524359336, 4.7947057166995215, 1.4742326105322445, 6.701492537313433, 7.778009349372606e-05, 0.00015170659770589147]","[8.043219587762692, 10.9911684737231, 8.826041705612155, 20.912024099213742, 0.0001773667178472415, 0.0006235663785255667]",2022-12-12,0.49696500064574456,16,20,0.704566300031729
2022-12-26,GraphSAGE,reverse,feature_only,42,587,2022-10-17,2022-12-12,2022-12-19,4166,599,0,16,0.0,0.001,0.0,2,0.5,0.9590239410681399,1.0446339017051154,4166,"[1.4342294767162747, 4.903024483917426, 1.5835333653384542, 6.886221795487278, 7.334475318813489e-05, 0.0001386683164226667]","[8.567983460819775, 10.960068291277745, 9.53957356738471, 20.996525265938008, 0.00019162386663212688, 0.0005809426786035796]",2022-12-19,0.4754433335765891,30,30,0.6386339999735355
2022-12-26,GraphSAGE,reverse,feature_only,43,587,2022-10-17,2022-12-12,2022-12-19,4166,599,0,16,0.0,0.001,0.0,2,0.5,0.9590239410681399,1.0446339017051154,4166,"[1.4342294767162747, 4.903024483917426, 1.5835333653384542, 6.886221795487278, 7.334475318813489e-05, 0.0001386683164226667]","[8.567983460819775, 10.960068291277745, 9.53957356738471, 20.996525265938008, 0.00019162386663212688, 0.0005809426786035796]",2022-12-19,0.35386828069754894,1,5,0.11218019999796525
2022-12-26,GraphSAGE,reverse,feature_only,44,587,2022-10-17,2022-12-12,2022-12-19,4166,599,0,16,0.0,0.001,0.0,2,0.5,0.9590239410681399,1.0446339017051154,4166,"[1.4342294767162747, 4.903024483917426, 1.5835333653384542, 6.886221795487278, 7.334475318813489e-05, 0.0001386683164226667]","[8.567983460819775, 10.960068291277745, 9.53957356738471, 20.996525265938008, 0.00019162386663212688, 0.0005809426786035796]",2022-12-19,0.3955478820591045,24,28,0.5635106999543495
2022-12-26,GraphSAGE,reverse,feature_only,45,587,2022-10-17,2022-12-12,2022-12-19,4166,599,0,16,0.0,0.001,0.0,2,0.5,0.9590239410681399,1.0446339017051154,4166,"[1.4342294767162747, 4.903024483917426, 1.5835333653384542, 6.886221795487278, 7.334475318813489e-05, 0.0001386683164226667]","[8.567983460819775, 10.960068291277745, 9.53957356738471, 20.996525265938008, 0.00019162386663212688, 0.0005809426786035796]",2022-12-19,0.4001633857748966,10,14,0.32134249998489395
2022-12-26,GraphSAGE,reverse,feature_only,46,587,2022-10-17,2022-12-12,2022-12-19,4166,599,0,16,0.0,0.001,0.0,2,0.5,0.9590239410681399,1.0446339017051154,4166,"[1.4342294767162747, 4.903024483917426, 1.5835333653384542, 6.886221795487278, 7.334475318813489e-05, 0.0001386683164226667]","[8.567983460819775, 10.960068291277745, 9.53957356738471, 20.996525265938008, 0.00019162386663212688, 0.0005809426786035796]",2022-12-19,0.4586550757426716,16,20,0.453413899987936
2022-12-26,GraphSAGE,reverse,feature_only,47,587,2022-10-17,2022-12-12,2022-12-19,4166,599,0,16,0.0,0.001,0.0,2,0.5,0.9590239410681399,1.0446339017051154,4166,"[1.4342294767162747, 4.903024483917426, 1.5835333653384542, 6.886221795487278, 7.334475318813489e-05, 0.0001386683164226667]","[8.567983460819775, 10.960068291277745, 9.53957356738471, 20.996525265938008, 0.00019162386663212688, 0.0005809426786035796]",2022-12-19,0.47591388380862065,4,8,0.1747921999776736
2022-12-26,GraphSAGE,reverse,feature_only,48,587,2022-10-17,2022-12-12,2022-12-19,4166,599,0,16,0.0,0.001,0.0,2,0.5,0.9590239410681399,1.0446339017051154,4166,"[1.4342294767162747, 4.903024483917426, 1.5835333653384542, 6.886221795487278, 7.334475318813489e-05, 0.0001386683164226667]","[8.567983460819775, 10.960068291277745, 9.53957356738471, 20.996525265938008, 0.00019162386663212688, 0.0005809426786035796]",2022-12-19,0.3432017543859649,1,5,0.1329363000113517
2022-12-26,GraphSAGE,reverse,feature_only,49,587,2022-10-17,2022-12-12,2022-12-19,4166,599,0,16,0.0,0.001,0.0,2,0.5,0.9590239410681399,1.0446339017051154,4166,"[1.4342294767162747, 4.903024483917426, 1.5835333653384542, 6.886221795487278, 7.334475318813489e-05, 0.0001386683164226667]","[8.567983460819775, 10.960068291277745, 9.53957356738471, 20.996525265938008, 0.00019162386663212688, 0.0005809426786035796]",2022-12-19,0.44635462880804494,29,30,0.584603600029368
2022-12-26,GraphSAGE,reverse,feature_only,50,587,2022-10-17,2022-12-12,2022-12-19,4166,599,0,16,0.0,0.001,0.0,2,0.5,0.9590239410681399,1.0446339017051154,4166,"[1.4342294767162747, 4.903024483917426, 1.5835333653384542, 6.886221795487278, 7.334475318813489e-05, 0.0001386683164226667]","[8.567983460819775, 10.960068291277745, 9.53957356738471, 20.996525265938008, 0.00019162386663212688, 0.0005809426786035796]",2022-12-19,0.40774620220010477,8,12,0.234372999984771
2022-12-26,GraphSAGE,reverse,feature_only,51,587,2022-10-17,2022-12-12,2022-12-19,4166,599,0,16,0.0,0.001,0.0,2,0.5,0.9590239410681399,1.0446339017051154,4166,"[1.4342294767162747, 4.903024483917426, 1.5835333653384542, 6.886221795487278, 7.334475318813489e-05, 0.0001386683164226667]","[8.567983460819775, 10.960068291277745, 9.53957356738471, 20.996525265938008, 0.00019162386663212688, 0.0005809426786035796]",2022-12-19,0.5077251808021039,6,10,0.19735149998450652
2022-12-26,GraphSAGE,reverse,rewired,42,587,2022-10-17,2022-12-12,2022-12-19,4166,599,0,16,0.0,0.001,0.0,2,0.5,0.9590239410681399,1.0446339017051154,4166,"[1.4342294767162747, 4.903024483917426, 1.5835333653384542, 6.886221795487278, 7.334475318813489e-05, 0.0001386683164226667]","[8.567983460819775, 10.960068291277745, 9.53957356738471, 20.996525265938008, 0.00019162386663212688, 0.0005809426786035796]",2022-12-19,0.46310562015503876,15,19,0.34498410002561286
2022-12-26,GraphSAGE,reverse,rewired,43,587,2022-10-17,2022-12-12,2022-12-19,4166,599,0,16,0.0,0.001,0.0,2,0.5,0.9590239410681399,1.0446339017051154,4166,"[1.4342294767162747, 4.903024483917426, 1.5835333653384542, 6.886221795487278, 7.334475318813489e-05, 0.0001386683164226667]","[8.567983460819775, 10.960068291277745, 9.53957356738471, 20.996525265938008, 0.00019162386663212688, 0.0005809426786035796]",2022-12-19,0.5167534370856306,8,12,0.24406029999954626
2022-12-26,GraphSAGE,reverse,rewired,44,587,2022-10-17,2022-12-12,2022-12-19,4166,599,0,16,0.0,0.001,0.0,2,0.5,0.9590239410681399,1.0446339017051154,4166,"[1.4342294767162747, 4.903024483917426, 1.5835333653384542, 6.886221795487278, 7.334475318813489e-05, 0.0001386683164226667]","[8.567983460819775, 10.960068291277745, 9.53957356738471, 20.996525265938008, 0.00019162386663212688, 0.0005809426786035796]",2022-12-19,0.4157991089509923,25,29,0.6621968999970704
2022-12-26,GraphSAGE,reverse,rewired,45,587,2022-10-17,2022-12-12,2022-12-19,4166,599,0,16,0.0,0.001,0.0,2,0.5,0.9590239410681399,1.0446339017051154,4166,"[1.4342294767162747, 4.903024483917426, 1.5835333653384542, 6.886221795487278, 7.334475318813489e-05, 0.0001386683164226667]","[8.567983460819775, 10.960068291277745, 9.53957356738471, 20.996525265938008, 0.00019162386663212688, 0.0005809426786035796]",2022-12-19,0.45734673616281957,13,17,0.3417879000189714
2022-12-26,GraphSAGE,reverse,rewired,46,587,2022-10-17,2022-12-12,2022-12-19,4166,599,0,16,0.0,0.001,0.0,2,0.5,0.9590239410681399,1.0446339017051154,4166,"[1.4342294767162747, 4.903024483917426, 1.5835333653384542, 6.886221795487278, 7.334475318813489e-05, 0.0001386683164226667]","[8.567983460819775, 10.960068291277745, 9.53957356738471, 20.996525265938008, 0.00019162386663212688, 0.0005809426786035796]",2022-12-19,0.4561894246104773,14,18,0.382910999993328
2022-12-26,GraphSAGE,reverse,rewired,47,587,2022-10-17,2022-12-12,2022-12-19,4166,599,0,16,0.0,0.001,0.0,2,0.5,0.9590239410681399,1.0446339017051154,4166,"[1.4342294767162747, 4.903024483917426, 1.5835333653384542, 6.886221795487278, 7.334475318813489e-05, 0.0001386683164226667]","[8.567983460819775, 10.960068291277745, 9.53957356738471, 20.996525265938008, 0.00019162386663212688, 0.0005809426786035796]",2022-12-19,0.47780050501488247,7,11,0.16692049999255687
2022-12-26,GraphSAGE,reverse,rewired,48,587,2022-10-17,2022-12-12,2022-12-19,4166,599,0,16,0.0,0.001,0.0,2,0.5,0.9590239410681399,1.0446339017051154,4166,"[1.4342294767162747, 4.903024483917426, 1.5835333653384542, 6.886221795487278, 7.334475318813489e-05, 0.0001386683164226667]","[8.567983460819775, 10.960068291277745, 9.53957356738471, 20.996525265938008, 0.00019162386663212688, 0.0005809426786035796]",2022-12-19,0.3432017543859649,1,5,0.07857950002653524
2022-12-26,GraphSAGE,reverse,rewired,49,587,2022-10-17,2022-12-12,2022-12-19,4166,599,0,16,0.0,0.001,0.0,2,0.5,0.9590239410681399,1.0446339017051154,4166,"[1.4342294767162747, 4.903024483917426, 1.5835333653384542, 6.886221795487278, 7.334475318813489e-05, 0.0001386683164226667]","[8.567983460819775, 10.960068291277745, 9.53957356738471, 20.996525265938008, 0.00019162386663212688, 0.0005809426786035796]",2022-12-19,0.34678758372263185,6,10,0.1852727999794297
2022-12-26,GraphSAGE,reverse,rewired,50,587,2022-10-17,2022-12-12,2022-12-19,4166,599,0,16,0.0,0.001,0.0,2,0.5,0.9590239410681399,1.0446339017051154,4166,"[1.4342294767162747, 4.903024483917426, 1.5835333653384542, 6.886221795487278, 7.334475318813489e-05, 0.0001386683164226667]","[8.567983460819775, 10.960068291277745, 9.53957356738471, 20.996525265938008, 0.00019162386663212688, 0.0005809426786035796]",2022-12-19,0.40630433016491996,7,11,0.23546039999928325
2022-12-26,GraphSAGE,reverse,rewired,51,587,2022-10-17,2022-12-12,2022-12-19,4166,599,0,16,0.0,0.001,0.0,2,0.5,0.9590239410681399,1.0446339017051154,4166,"[1.4342294767162747, 4.903024483917426, 1.5835333653384542, 6.886221795487278, 7.334475318813489e-05, 0.0001386683164226667]","[8.567983460819775, 10.960068291277745, 9.53957356738471, 20.996525265938008, 0.00019162386663212688, 0.0005809426786035796]",2022-12-19,0.4945322975909743,8,12,0.24789749999763444
2022-12-19,GAT,reverse,feature_only,42,599,2022-10-17,2022-12-05,2022-12-12,3551,615,0,16,0.0,0.001,0.0,2,0.5,0.9638979370249728,1.0389116442363955,3551,"[1.3503238524359336, 4.7947057166995215, 1.4742326105322445, 6.701492537313433, 7.778009349372606e-05, 0.00015170659770589147]","[8.043219587762692, 10.9911684737231, 8.826041705612155, 20.912024099213742, 0.0001773667178472415, 0.0006235663785255667]",2022-12-12,0.5058059091489633,12,16,1.52726929995697
2022-12-19,GAT,reverse,feature_only,43,599,2022-10-17,2022-12-05,2022-12-12,3551,615,0,16,0.0,0.001,0.0,2,0.5,0.9638979370249728,1.0389116442363955,3551,"[1.3503238524359336, 4.7947057166995215, 1.4742326105322445, 6.701492537313433, 7.778009349372606e-05, 0.00015170659770589147]","[8.043219587762692, 10.9911684737231, 8.826041705612155, 20.912024099213742, 0.0001773667178472415, 0.0006235663785255667]",2022-12-12,0.5115405117270788,29,30,2.659480199974496
2022-12-19,GAT,reverse,feature_only,44,599,2022-10-17,2022-12-05,2022-12-12,3551,615,0,16,0.0,0.001,0.0,2,0.5,0.9638979370249728,1.0389116442363955,3551,"[1.3503238524359336, 4.7947057166995215, 1.4742326105322445, 6.701492537313433, 7.778009349372606e-05, 0.00015170659770589147]","[8.043219587762692, 10.9911684737231, 8.826041705612155, 20.912024099213742, 0.0001773667178472415, 0.0006235663785255667]",2022-12-12,0.3492063492063492,1,5,0.41002429998479784
2022-12-19,GAT,reverse,feature_only,45,599,2022-10-17,2022-12-05,2022-12-12,3551,615,0,16,0.0,0.001,0.0,2,0.5,0.9638979370249728,1.0389116442363955,3551,"[1.3503238524359336, 4.7947057166995215, 1.4742326105322445, 6.701492537313433, 7.778009349372606e-05, 0.00015170659770589147]","[8.043219587762692, 10.9911684737231, 8.826041705612155, 20.912024099213742, 0.0001773667178472415, 0.0006235663785255667]",2022-12-12,0.3556240369799692,1,5,0.4103924000519328
2022-12-19,GAT,reverse,feature_only,46,599,2022-10-17,2022-12-05,2022-12-12,3551,615,0,16,0.0,0.001,0.0,2,0.5,0.9638979370249728,1.0389116442363955,3551,"[1.3503238524359336, 4.7947057166995215, 1.4742326105322445, 6.701492537313433, 7.778009349372606e-05, 0.00015170659770589147]","[8.043219587762692, 10.9911684737231, 8.826041705612155, 20.912024099213742, 0.0001773667178472415, 0.0006235663785255667]",2022-12-12,0.3492063492063492,1,5,0.4733227000106126
2022-12-19,GAT,reverse,feature_only,47,599,2022-10-17,2022-12-05,2022-12-12,3551,615,0,16,0.0,0.001,0.0,2,0.5,0.9638979370249728,1.0389116442363955,3551,"[1.3503238524359336, 4.7947057166995215, 1.4742326105322445, 6.701492537313433, 7.778009349372606e-05, 0.00015170659770589147]","[8.043219587762692, 10.9911684737231, 8.826041705612155, 20.912024099213742, 0.0001773667178472415, 0.0006235663785255667]",2022-12-12,0.5121938322264055,8,12,1.0825495999888517
2022-12-19,GAT,reverse,feature_only,48,599,2022-10-17,2022-12-05,2022-12-12,3551,615,0,16,0.0,0.001,0.0,2,0.5,0.9638979370249728,1.0389116442363955,3551,"[1.3503238524359336, 4.7947057166995215, 1.4742326105322445, 6.701492537313433, 7.778009349372606e-05, 0.00015170659770589147]","[8.043219587762692, 10.9911684737231, 8.826041705612155, 20.912024099213742, 0.0001773667178472415, 0.0006235663785255667]",2022-12-12,0.542852532477667,11,15,1.2537637999630533
2022-12-19,GAT,reverse,feature_only,49,599,2022-10-17,2022-12-05,2022-12-12,3551,615,0,16,0.0,0.001,0.0,2,0.5,0.9638979370249728,1.0389116442363955,3551,"[1.3503238524359336, 4.7947057166995215, 1.4742326105322445, 6.701492537313433, 7.778009349372606e-05, 0.00015170659770589147]","[8.043219587762692, 10.9911684737231, 8.826041705612155, 20.912024099213742, 0.0001773667178472415, 0.0006235663785255667]",2022-12-12,0.3492063492063492,1,5,0.457155900017824
2022-12-19,GAT,reverse,feature_only,50,599,2022-10-17,2022-12-05,2022-12-12,3551,615,0,16,0.0,0.001,0.0,2,0.5,0.9638979370249728,1.0389116442363955,3551,"[1.3503238524359336, 4.7947057166995215, 1.4742326105322445, 6.701492537313433, 7.778009349372606e-05, 0.00015170659770589147]","[8.043219587762692, 10.9911684737231, 8.826041705612155, 20.912024099213742, 0.0001773667178472415, 0.0006235663785255667]",2022-12-12,0.3492063492063492,3,7,0.6456857000011951
2022-12-19,GAT,reverse,feature_only,51,599,2022-10-17,2022-12-05,2022-12-12,3551,615,0,16,0.0,0.001,0.0,2,0.5,0.9638979370249728,1.0389116442363955,3551,"[1.3503238524359336, 4.7947057166995215, 1.4742326105322445, 6.701492537313433, 7.778009349372606e-05, 0.00015170659770589147]","[8.043219587762692, 10.9911684737231, 8.826041705612155, 20.912024099213742, 0.0001773667178472415, 0.0006235663785255667]",2022-12-12,0.36000867809773157,3,7,0.6175639999564737
2022-12-19,GAT,reverse,rewired,42,599,2022-10-17,2022-12-05,2022-12-12,3551,615,0,16,0.0,0.001,0.0,2,0.5,0.9638979370249728,1.0389116442363955,3551,"[1.3503238524359336, 4.7947057166995215, 1.4742326105322445, 6.701492537313433, 7.778009349372606e-05, 0.00015170659770589147]","[8.043219587762692, 10.9911684737231, 8.826041705612155, 20.912024099213742, 0.0001773667178472415, 0.0006235663785255667]",2022-12-12,0.5240258987296031,16,20,1.7903683999902569
2022-12-19,GAT,reverse,rewired,43,599,2022-10-17,2022-12-05,2022-12-12,3551,615,0,16,0.0,0.001,0.0,2,0.5,0.9638979370249728,1.0389116442363955,3551,"[1.3503238524359336, 4.7947057166995215, 1.4742326105322445, 6.701492537313433, 7.778009349372606e-05, 0.00015170659770589147]","[8.043219587762692, 10.9911684737231, 8.826041705612155, 20.912024099213742, 0.0001773667178472415, 0.0006235663785255667]",2022-12-12,0.5073474801061008,25,29,2.545924600039143
2022-12-19,GAT,reverse,rewired,44,599,2022-10-17,2022-12-05,2022-12-12,3551,615,0,16,0.0,0.001,0.0,2,0.5,0.9638979370249728,1.0389116442363955,3551,"[1.3503238524359336, 4.7947057166995215, 1.4742326105322445, 6.701492537313433, 7.778009349372606e-05, 0.00015170659770589147]","[8.043219587762692, 10.9911684737231, 8.826041705612155, 20.912024099213742, 0.0001773667178472415, 0.0006235663785255667]",2022-12-12,0.3492063492063492,1,5,0.4738732000114396
2022-12-19,GAT,reverse,rewired,45,599,2022-10-17,2022-12-05,2022-12-12,3551,615,0,16,0.0,0.001,0.0,2,0.5,0.9638979370249728,1.0389116442363955,3551,"[1.3503238524359336, 4.7947057166995215, 1.4742326105322445, 6.701492537313433, 7.778009349372606e-05, 0.00015170659770589147]","[8.043219587762692, 10.9911684737231, 8.826041705612155, 20.912024099213742, 0.0001773667178472415, 0.0006235663785255667]",2022-12-12,0.5096927815992096,20,24,1.9963311000028625
2022-12-19,GAT,reverse,rewired,46,599,2022-10-17,2022-12-05,2022-12-12,3551,615,0,16,0.0,0.001,0.0,2,0.5,0.9638979370249728,1.0389116442363955,3551,"[1.3503238524359336, 4.7947057166995215, 1.4742326105322445, 6.701492537313433, 7.778009349372606e-05, 0.00015170659770589147]","[8.043219587762692, 10.9911684737231, 8.826041705612155, 20.912024099213742, 0.0001773667178472415, 0.0006235663785255667]",2022-12-12,0.4924021251078447,14,18,1.4695939000230283
2022-12-19,GAT,reverse,rewired,47,599,2022-10-17,2022-12-05,2022-12-12,3551,615,0,16,0.0,0.001,0.0,2,0.5,0.9638979370249728,1.0389116442363955,3551,"[1.3503238524359336, 4.7947057166995215, 1.4742326105322445, 6.701492537313433, 7.778009349372606e-05, 0.00015170659770589147]","[8.043219587762692, 10.9911684737231, 8.826041705612155, 20.912024099213742, 0.0001773667178472415, 0.0006235663785255667]",2022-12-12,0.49390836252150117,26,30,2.5456547000212595
2022-12-19,GAT,reverse,rewired,48,599,2022-10-17,2022-12-05,2022-12-12,3551,615,0,16,0.0,0.001,0.0,2,0.5,0.9638979370249728,1.0389116442363955,3551,"[1.3503238524359336, 4.7947057166995215, 1.4742326105322445, 6.701492537313433, 7.778009349372606e-05, 0.00015170659770589147]","[8.043219587762692, 10.9911684737231, 8.826041705612155, 20.912024099213742, 0.0001773667178472415, 0.0006235663785255667]",2022-12-12,0.5040440602947047,11,15,1.3463539000367746
2022-12-19,GAT,reverse,rewired,49,599,2022-10-17,2022-12-05,2022-12-12,3551,615,0,16,0.0,0.001,0.0,2,0.5,0.9638979370249728,1.0389116442363955,3551,"[1.3503238524359336, 4.7947057166995215, 1.4742326105322445, 6.701492537313433, 7.778009349372606e-05, 0.00015170659770589147]","[8.043219587762692, 10.9911684737231, 8.826041705612155, 20.912024099213742, 0.0001773667178472415, 0.0006235663785255667]",2022-12-12,0.5168892380204242,8,12,1.1934300999855623
2022-12-19,GAT,reverse,rewired,50,599,2022-10-17,2022-12-05,2022-12-12,3551,615,0,16,0.0,0.001,0.0,2,0.5,0.9638979370249728,1.0389116442363955,3551,"[1.3503238524359336, 4.7947057166995215, 1.4742326105322445, 6.701492537313433, 7.778009349372606e-05, 0.00015170659770589147]","[8.043219587762692, 10.9911684737231, 8.826041705612155, 20.912024099213742, 0.0001773667178472415, 0.0006235663785255667]",2022-12-12,0.3492063492063492,1,5,0.48321199999190867
2022-12-19,GAT,reverse,rewired,51,599,2022-10-17,2022-12-05,2022-12-12,3551,615,0,16,0.0,0.001,0.0,2,0.5,0.9638979370249728,1.0389116442363955,3551,"[1.3503238524359336, 4.7947057166995215, 1.4742326105322445, 6.701492537313433, 7.778009349372606e-05, 0.00015170659770589147]","[8.043219587762692, 10.9911684737231, 8.826041705612155, 20.912024099213742, 0.0001773667178472415, 0.0006235663785255667]",2022-12-12,0.5275533446504932,12,16,1.3506310999509878
2023-01-02,GraphSAGE,reverse,feature_only,42,625,2022-10-17,2022-12-19,2022-12-26,4765,587,0,16,0.0,0.001,0.0,2,0.5,0.9587525150905433,1.0449561403508771,4765,"[1.4942287513116475, 5.005876180482686, 1.6579223504721932, 7.117943336831059, 6.886214834649673e-05, 0.00012912224913069946]","[9.772362803971278, 11.062237699992973, 10.893208734015122, 21.41196239116525, 0.00018640981602826277, 0.0005487465854363092]",2022-12-26,0.5351809954751131,12,16,0.3276876999880187
2023-01-02,GraphSAGE,reverse,feature_only,43,625,2022-10-17,2022-12-19,2022-12-26,4765,587,0,16,0.0,0.001,0.0,2,0.5,0.9587525150905433,1.0449561403508771,4765,"[1.4942287513116475, 5.005876180482686, 1.6579223504721932, 7.117943336831059, 6.886214834649673e-05, 0.00012912224913069946]","[9.772362803971278, 11.062237699992973, 10.893208734015122, 21.41196239116525, 0.00018640981602826277, 0.0005487465854363092]",2022-12-26,0.34994462901439644,1,5,0.12280429998645559
2023-01-02,GraphSAGE,reverse,feature_only,44,625,2022-10-17,2022-12-19,2022-12-26,4765,587,0,16,0.0,0.001,0.0,2,0.5,0.9587525150905433,1.0449561403508771,4765,"[1.4942287513116475, 5.005876180482686, 1.6579223504721932, 7.117943336831059, 6.886214834649673e-05, 0.00012912224913069946]","[9.772362803971278, 11.062237699992973, 10.893208734015122, 21.41196239116525, 0.00018640981602826277, 0.0005487465854363092]",2022-12-26,0.4732591529073941,17,21,0.4426034999778494
2023-01-02,GraphSAGE,reverse,feature_only,45,625,2022-10-17,2022-12-19,2022-12-26,4765,587,0,16,0.0,0.001,0.0,2,0.5,0.9587525150905433,1.0449561403508771,4765,"[1.4942287513116475, 5.005876180482686, 1.6579223504721932, 7.117943336831059, 6.886214834649673e-05, 0.00012912224913069946]","[9.772362803971278, 11.062237699992973, 10.893208734015122, 21.41196239116525, 0.00018640981602826277, 0.0005487465854363092]",2022-12-26,0.5534436701509873,25,29,0.6833745000185445
2023-01-02,GraphSAGE,reverse,feature_only,46,625,2022-10-17,2022-12-19,2022-12-26,4765,587,0,16,0.0,0.001,0.0,2,0.5,0.9587525150905433,1.0449561403508771,4765,"[1.4942287513116475, 5.005876180482686, 1.6579223504721932, 7.117943336831059, 6.886214834649673e-05, 0.00012912224913069946]","[9.772362803971278, 11.062237699992973, 10.893208734015122, 21.41196239116525, 0.00018640981602826277, 0.0005487465854363092]",2022-12-26,0.5446724490515479,10,14,0.3200877999770455
2023-01-02,GraphSAGE,reverse,feature_only,47,625,2022-10-17,2022-12-19,2022-12-26,4765,587,0,16,0.0,0.001,0.0,2,0.5,0.9587525150905433,1.0449561403508771,4765,"[1.4942287513116475, 5.005876180482686, 1.6579223504721932, 7.117943336831059, 6.886214834649673e-05, 0.00012912224913069946]","[9.772362803971278, 11.062237699992973, 10.893208734015122, 21.41196239116525, 0.00018640981602826277, 0.0005487465854363092]",2022-12-26,0.46214930843405033,2,6,0.11556929996004328
2023-01-02,GraphSAGE,reverse,feature_only,48,625,2022-10-17,2022-12-19,2022-12-26,4765,587,0,16,0.0,0.001,0.0,2,0.5,0.9587525150905433,1.0449561403508771,4765,"[1.4942287513116475, 5.005876180482686, 1.6579223504721932, 7.117943336831059, 6.886214834649673e-05, 0.00012912224913069946]","[9.772362803971278, 11.062237699992973, 10.893208734015122, 21.41196239116525, 0.00018640981602826277, 0.0005487465854363092]",2022-12-26,0.3419282511210762,1,5,0.11454609996872023
2023-01-02,GraphSAGE,reverse,feature_only,49,625,2022-10-17,2022-12-19,2022-12-26,4765,587,0,16,0.0,0.001,0.0,2,0.5,0.9587525150905433,1.0449561403508771,4765,"[1.4942287513116475, 5.005876180482686, 1.6579223504721932, 7.117943336831059, 6.886214834649673e-05, 0.00012912224913069946]","[9.772362803971278, 11.062237699992973, 10.893208734015122, 21.41196239116525, 0.00018640981602826277, 0.0005487465854363092]",2022-12-26,0.5446268169198105,26,30,0.6744898000033572
2023-01-02,GraphSAGE,reverse,feature_only,50,625,2022-10-17,2022-12-19,2022-12-26,4765,587,0,16,0.0,0.001,0.0,2,0.5,0.9587525150905433,1.0449561403508771,4765,"[1.4942287513116475, 5.005876180482686, 1.6579223504721932, 7.117943336831059, 6.886214834649673e-05, 0.00012912224913069946]","[9.772362803971278, 11.062237699992973, 10.893208734015122, 21.41196239116525, 0.00018640981602826277, 0.0005487465854363092]",2022-12-26,0.5406232214001139,17,21,0.4189588999724947
2023-01-02,GraphSAGE,reverse,feature_only,51,625,2022-10-17,2022-12-19,2022-12-26,4765,587,0,16,0.0,0.001,0.0,2,0.5,0.9587525150905433,1.0449561403508771,4765,"[1.4942287513116475, 5.005876180482686, 1.6579223504721932, 7.117943336831059, 6.886214834649673e-05, 0.00012912224913069946]","[9.772362803971278, 11.062237699992973, 10.893208734015122, 21.41196239116525, 0.00018640981602826277, 0.0005487465854363092]",2022-12-26,0.5441010536187922,7,11,0.20626219996483997
2023-01-02,GraphSAGE,reverse,rewired,42,625,2022-10-17,2022-12-19,2022-12-26,4765,587,0,16,0.0,0.001,0.0,2,0.5,0.9587525150905433,1.0449561403508771,4765,"[1.4942287513116475, 5.005876180482686, 1.6579223504721932, 7.117943336831059, 6.886214834649673e-05, 0.00012912224913069946]","[9.772362803971278, 11.062237699992973, 10.893208734015122, 21.41196239116525, 0.00018640981602826277, 0.0005487465854363092]",2022-12-26,0.5456656346749227,15,19,0.38161360000958666
2023-01-02,GraphSAGE,reverse,rewired,43,625,2022-10-17,2022-12-19,2022-12-26,4765,587,0,16,0.0,0.001,0.0,2,0.5,0.9587525150905433,1.0449561403508771,4765,"[1.4942287513116475, 5.005876180482686, 1.6579223504721932, 7.117943336831059, 6.886214834649673e-05, 0.00012912224913069946]","[9.772362803971278, 11.062237699992973, 10.893208734015122, 21.41196239116525, 0.00018640981602826277, 0.0005487465854363092]",2022-12-26,0.5237272973141657,9,13,0.24488749995362014
2023-01-02,GraphSAGE,reverse,rewired,44,625,2022-10-17,2022-12-19,2022-12-26,4765,587,0,16,0.0,0.001,0.0,2,0.5,0.9587525150905433,1.0449561403508771,4765,"[1.4942287513116475, 5.005876180482686, 1.6579223504721932, 7.117943336831059, 6.886214834649673e-05, 0.00012912224913069946]","[9.772362803971278, 11.062237699992973, 10.893208734015122, 21.41196239116525, 0.00018640981602826277, 0.0005487465854363092]",2022-12-26,0.49103187261082,30,30,0.5532740000053309
2023-01-02,GraphSAGE,reverse,rewired,45,625,2022-10-17,2022-12-19,2022-12-26,4765,587,0,16,0.0,0.001,0.0,2,0.5,0.9587525150905433,1.0449561403508771,4765,"[1.4942287513116475, 5.005876180482686, 1.6579223504721932, 7.117943336831059, 6.886214834649673e-05, 0.00012912224913069946]","[9.772362803971278, 11.062237699992973, 10.893208734015122, 21.41196239116525, 0.00018640981602826277, 0.0005487465854363092]",2022-12-26,0.5427717341782942,19,23,0.47473390004597604
2023-01-02,GraphSAGE,reverse,rewired,46,625,2022-10-17,2022-12-19,2022-12-26,4765,587,0,16,0.0,0.001,0.0,2,0.5,0.9587525150905433,1.0449561403508771,4765,"[1.4942287513116475, 5.005876180482686, 1.6579223504721932, 7.117943336831059, 6.886214834649673e-05, 0.00012912224913069946]","[9.772362803971278, 11.062237699992973, 10.893208734015122, 21.41196239116525, 0.00018640981602826277, 0.0005487465854363092]",2022-12-26,0.5466520947176685,10,14,0.2758930999552831
2023-01-02,GraphSAGE,reverse,rewired,47,625,2022-10-17,2022-12-19,2022-12-26,4765,587,0,16,0.0,0.001,0.0,2,0.5,0.9587525150905433,1.0449561403508771,4765,"[1.4942287513116475, 5.005876180482686, 1.6579223504721932, 7.117943336831059, 6.886214834649673e-05, 0.00012912224913069946]","[9.772362803971278, 11.062237699992973, 10.893208734015122, 21.41196239116525, 0.00018640981602826277, 0.0005487465854363092]",2022-12-26,0.47597363133300186,1,5,0.10699440003372729
2023-01-02,GraphSAGE,reverse,rewired,48,625,2022-10-17,2022-12-19,2022-12-26,4765,587,0,16,0.0,0.001,0.0,2,0.5,0.9587525150905433,1.0449561403508771,4765,"[1.4942287513116475, 5.005876180482686, 1.6579223504721932, 7.117943336831059, 6.886214834649673e-05, 0.00012912224913069946]","[9.772362803971278, 11.062237699992973, 10.893208734015122, 21.41196239116525, 0.00018640981602826277, 0.0005487465854363092]",2022-12-26,0.5317926168319869,10,14,0.27527009998448193
2023-01-02,GraphSAGE,reverse,rewired,49,625,2022-10-17,2022-12-19,2022-12-26,4765,587,0,16,0.0,0.001,0.0,2,0.5,0.9587525150905433,1.0449561403508771,4765,"[1.4942287513116475, 5.005876180482686, 1.6579223504721932, 7.117943336831059, 6.886214834649673e-05, 0.00012912224913069946]","[9.772362803971278, 11.062237699992973, 10.893208734015122, 21.41196239116525, 0.00018640981602826277, 0.0005487465854363092]",2022-12-26,0.49925821526592984,30,30,0.5687362999888137
2023-01-02,GraphSAGE,reverse,rewired,50,625,2022-10-17,2022-12-19,2022-12-26,4765,587,0,16,0.0,0.001,0.0,2,0.5,0.9587525150905433,1.0449561403508771,4765,"[1.4942287513116475, 5.005876180482686, 1.6579223504721932, 7.117943336831059, 6.886214834649673e-05, 0.00012912224913069946]","[9.772362803971278, 11.062237699992973, 10.893208734015122, 21.41196239116525, 0.00018640981602826277, 0.0005487465854363092]",2022-12-26,0.5472286336881065,28,30,0.5351055000210181
2023-01-02,GraphSAGE,reverse,rewired,51,625,2022-10-17,2022-12-19,2022-12-26,4765,587,0,16,0.0,0.001,0.0,2,0.5,0.9587525150905433,1.0449561403508771,4765,"[1.4942287513116475, 5.005876180482686, 1.6579223504721932, 7.117943336831059, 6.886214834649673e-05, 0.00012912224913069946]","[9.772362803971278, 11.062237699992973, 10.893208734015122, 21.41196239116525, 0.00018640981602826277, 0.0005487465854363092]",2022-12-26,0.5373149142883834,10,14,0.2646995999966748
2022-12-26,GAT,reverse,feature_only,42,587,2022-10-17,2022-12-12,2022-12-19,4166,599,0,16,0.0,0.001,0.0,2,0.5,0.9590239410681399,1.0446339017051154,4166,"[1.4342294767162747, 4.903024483917426, 1.5835333653384542, 6.886221795487278, 7.334475318813489e-05, 0.0001386683164226667]","[8.567983460819775, 10.960068291277745, 9.53957356738471, 20.996525265938008, 0.00019162386663212688, 0.0005809426786035796]",2022-12-19,0.5327665544332211,4,8,0.843179700023029
2022-12-26,GAT,reverse,feature_only,43,587,2022-10-17,2022-12-12,2022-12-19,4166,599,0,16,0.0,0.001,0.0,2,0.5,0.9590239410681399,1.0446339017051154,4166,"[1.4342294767162747, 4.903024483917426, 1.5835333653384542, 6.886221795487278, 7.334475318813489e-05, 0.0001386683164226667]","[8.567983460819775, 10.960068291277745, 9.53957356738471, 20.996525265938008, 0.00019162386663212688, 0.0005809426786035796]",2022-12-19,0.4013997297485732,25,29,3.2155397000024095
2022-12-26,GAT,reverse,feature_only,44,587,2022-10-17,2022-12-12,2022-12-19,4166,599,0,16,0.0,0.001,0.0,2,0.5,0.9590239410681399,1.0446339017051154,4166,"[1.4342294767162747, 4.903024483917426, 1.5835333653384542, 6.886221795487278, 7.334475318813489e-05, 0.0001386683164226667]","[8.567983460819775, 10.960068291277745, 9.53957356738471, 20.996525265938008, 0.00019162386663212688, 0.0005809426786035796]",2022-12-19,0.3432017543859649,1,5,0.4992095999768935
2022-12-26,GAT,reverse,feature_only,45,587,2022-10-17,2022-12-12,2022-12-19,4166,599,0,16,0.0,0.001,0.0,2,0.5,0.9590239410681399,1.0446339017051154,4166,"[1.4342294767162747, 4.903024483917426, 1.5835333653384542, 6.886221795487278, 7.334475318813489e-05, 0.0001386683164226667]","[8.567983460819775, 10.960068291277745, 9.53957356738471, 20.996525265938008, 0.00019162386663212688, 0.0005809426786035796]",2022-12-19,0.3486589602821885,1,5,0.5060823999810964
2022-12-26,GAT,reverse,feature_only,46,587,2022-10-17,2022-12-12,2022-12-19,4166,599,0,16,0.0,0.001,0.0,2,0.5,0.9590239410681399,1.0446339017051154,4166,"[1.4342294767162747, 4.903024483917426, 1.5835333653384542, 6.886221795487278, 7.334475318813489e-05, 0.0001386683164226667]","[8.567983460819775, 10.960068291277745, 9.53957356738471, 20.996525265938008, 0.00019162386663212688, 0.0005809426786035796]",2022-12-19,0.5374153671611949,7,11,1.1106318999663927
2022-12-26,GAT,reverse,feature_only,47,587,2022-10-17,2022-12-12,2022-12-19,4166,599,0,16,0.0,0.001,0.0,2,0.5,0.9590239410681399,1.0446339017051154,4166,"[1.4342294767162747, 4.903024483917426, 1.5835333653384542, 6.886221795487278, 7.334475318813489e-05, 0.0001386683164226667]","[8.567983460819775, 10.960068291277745, 9.53957356738471, 20.996525265938008, 0.00019162386663212688, 0.0005809426786035796]",2022-12-19,0.4751463975361837,3,7,0.6748056999640539
2022-12-26,GAT,reverse,feature_only,48,587,2022-10-17,2022-12-12,2022-12-19,4166,599,0,16,0.0,0.001,0.0,2,0.5,0.9590239410681399,1.0446339017051154,4166,"[1.4342294767162747, 4.903024483917426, 1.5835333653384542, 6.886221795487278, 7.334475318813489e-05, 0.0001386683164226667]","[8.567983460819775, 10.960068291277745, 9.53957356738471, 20.996525265938008, 0.00019162386663212688, 0.0005809426786035796]",2022-12-19,0.4300629515129187,26,30,3.044192800007295
2022-12-26,GAT,reverse,feature_only,49,587,2022-10-17,2022-12-12,2022-12-19,4166,599,0,16,0.0,0.001,0.0,2,0.5,0.9590239410681399,1.0446339017051154,4166,"[1.4342294767162747, 4.903024483917426, 1.5835333653384542, 6.886221795487278, 7.334475318813489e-05, 0.0001386683164226667]","[8.567983460819775, 10.960068291277745, 9.53957356738471, 20.996525265938008, 0.00019162386663212688, 0.0005809426786035796]",2022-12-19,0.5070681336519818,4,8,0.7737605000147596
2022-12-26,GAT,reverse,feature_only,50,587,2022-10-17,2022-12-12,2022-12-19,4166,599,0,16,0.0,0.001,0.0,2,0.5,0.9590239410681399,1.0446339017051154,4166,"[1.4342294767162747, 4.903024483917426, 1.5835333653384542, 6.886221795487278, 7.334475318813489e-05, 0.0001386683164226667]","[8.567983460819775, 10.960068291277745, 9.53957356738471, 20.996525265938008, 0.00019162386663212688, 0.0005809426786035796]",2022-12-19,0.3432017543859649,1,5,0.4365840000100434
2022-12-26,GAT,reverse,feature_only,51,587,2022-10-17,2022-12-12,2022-12-19,4166,599,0,16,0.0,0.001,0.0,2,0.5,0.9590239410681399,1.0446339017051154,4166,"[1.4342294767162747, 4.903024483917426, 1.5835333653384542, 6.886221795487278, 7.334475318813489e-05, 0.0001386683164226667]","[8.567983460819775, 10.960068291277745, 9.53957356738471, 20.996525265938008, 0.00019162386663212688, 0.0005809426786035796]",2022-12-19,0.48144690385659966,5,9,0.8649688000441529
2022-12-26,GAT,reverse,rewired,42,587,2022-10-17,2022-12-12,2022-12-19,4166,599,0,16,0.0,0.001,0.0,2,0.5,0.9590239410681399,1.0446339017051154,4166,"[1.4342294767162747, 4.903024483917426, 1.5835333653384542, 6.886221795487278, 7.334475318813489e-05, 0.0001386683164226667]","[8.567983460819775, 10.960068291277745, 9.53957356738471, 20.996525265938008, 0.00019162386663212688, 0.0005809426786035796]",2022-12-19,0.5236447132616487,5,9,0.851692299998831
2022-12-26,GAT,reverse,rewired,43,587,2022-10-17,2022-12-12,2022-12-19,4166,599,0,16,0.0,0.001,0.0,2,0.5,0.9590239410681399,1.0446339017051154,4166,"[1.4342294767162747, 4.903024483917426, 1.5835333653384542, 6.886221795487278, 7.334475318813489e-05, 0.0001386683164226667]","[8.567983460819775, 10.960068291277745, 9.53957356738471, 20.996525265938008, 0.00019162386663212688, 0.0005809426786035796]",2022-12-19,0.3925111425445035,23,27,2.548623899987433
2022-12-26,GAT,reverse,rewired,44,587,2022-10-17,2022-12-12,2022-12-19,4166,599,0,16,0.0,0.001,0.0,2,0.5,0.9590239410681399,1.0446339017051154,4166,"[1.4342294767162747, 4.903024483917426, 1.5835333653384542, 6.886221795487278, 7.334475318813489e-05, 0.0001386683164226667]","[8.567983460819775, 10.960068291277745, 9.53957356738471, 20.996525265938008, 0.00019162386663212688, 0.0005809426786035796]",2022-12-19,0.3432017543859649,1,5,0.5192690000403672
2022-12-26,GAT,reverse,rewired,45,587,2022-10-17,2022-12-12,2022-12-19,4166,599,0,16,0.0,0.001,0.0,2,0.5,0.9590239410681399,1.0446339017051154,4166,"[1.4342294767162747, 4.903024483917426, 1.5835333653384542, 6.886221795487278, 7.334475318813489e-05, 0.0001386683164226667]","[8.567983460819775, 10.960068291277745, 9.53957356738471, 20.996525265938008, 0.00019162386663212688, 0.0005809426786035796]",2022-12-19,0.3677151968355204,1,5,0.5472847999772057
2022-12-26,GAT,reverse,rewired,46,587,2022-10-17,2022-12-12,2022-12-19,4166,599,0,16,0.0,0.001,0.0,2,0.5,0.9590239410681399,1.0446339017051154,4166,"[1.4342294767162747, 4.903024483917426, 1.5835333653384542, 6.886221795487278, 7.334475318813489e-05, 0.0001386683164226667]","[8.567983460819775, 10.960068291277745, 9.53957356738471, 20.996525265938008, 0.00019162386663212688, 0.0005809426786035796]",2022-12-19,0.3432017543859649,1,5,0.48197379999328405
2022-12-26,GAT,reverse,rewired,47,587,2022-10-17,2022-12-12,2022-12-19,4166,599,0,16,0.0,0.001,0.0,2,0.5,0.9590239410681399,1.0446339017051154,4166,"[1.4342294767162747, 4.903024483917426, 1.5835333653384542, 6.886221795487278, 7.334475318813489e-05, 0.0001386683164226667]","[8.567983460819775, 10.960068291277745, 9.53957356738471, 20.996525265938008, 0.00019162386663212688, 0.0005809426786035796]",2022-12-19,0.4941451857897481,3,7,0.6864894999889657
2022-12-26,GAT,reverse,rewired,48,587,2022-10-17,2022-12-12,2022-12-19,4166,599,0,16,0.0,0.001,0.0,2,0.5,0.9590239410681399,1.0446339017051154,4166,"[1.4342294767162747, 4.903024483917426, 1.5835333653384542, 6.886221795487278, 7.334475318813489e-05, 0.0001386683164226667]","[8.567983460819775, 10.960068291277745, 9.53957356738471, 20.996525265938008, 0.00019162386663212688, 0.0005809426786035796]",2022-12-19,0.40699896396914925,14,18,1.9004592999699526
2022-12-26,GAT,reverse,rewired,49,587,2022-10-17,2022-12-12,2022-12-19,4166,599,0,16,0.0,0.001,0.0,2,0.5,0.9590239410681399,1.0446339017051154,4166,"[1.4342294767162747, 4.903024483917426, 1.5835333653384542, 6.886221795487278, 7.334475318813489e-05, 0.0001386683164226667]","[8.567983460819775, 10.960068291277745, 9.53957356738471, 20.996525265938008, 0.00019162386663212688, 0.0005809426786035796]",2022-12-19,0.4761755275018499,4,8,0.8259476000093855
2022-12-26,GAT,reverse,rewired,50,587,2022-10-17,2022-12-12,2022-12-19,4166,599,0,16,0.0,0.001,0.0,2,0.5,0.9590239410681399,1.0446339017051154,4166,"[1.4342294767162747, 4.903024483917426, 1.5835333653384542, 6.886221795487278, 7.334475318813489e-05, 0.0001386683164226667]","[8.567983460819775, 10.960068291277745, 9.53957356738471, 20.996525265938008, 0.00019162386663212688, 0.0005809426786035796]",2022-12-19,0.3432017543859649,1,5,0.4919761000201106
2022-12-26,GAT,reverse,rewired,51,587,2022-10-17,2022-12-12,2022-12-19,4166,599,0,16,0.0,0.001,0.0,2,0.5,0.9590239410681399,1.0446339017051154,4166,"[1.4342294767162747, 4.903024483917426, 1.5835333653384542, 6.886221795487278, 7.334475318813489e-05, 0.0001386683164226667]","[8.567983460819775, 10.960068291277745, 9.53957356738471, 20.996525265938008, 0.00019162386663212688, 0.0005809426786035796]",2022-12-19,0.4702275495124343,5,9,0.9246699000359513
2023-01-09,GraphSAGE,reverse,feature_only,42,688,2022-10-17,2022-12-26,2023-01-02,5352,625,0,16,0.0,0.001,0.0,2,0.5,0.9591397849462365,1.044496487119438,5352,"[1.5840807174887892, 5.293161434977579, 1.7668161434977578, 7.726083707025411, 6.624770446121357e-05, 0.0001242560489388063]","[10.358269766496479, 11.72899507337856, 11.652294584577676, 23.500836573199333, 0.00020262407701774227, 0.0005272579573676433]",2023-01-02,0.4491156655516907,15,19,0.40733680000994354
2023-01-09,GraphSAGE,reverse,feature_only,43,688,2022-10-17,2022-12-26,2023-01-02,5352,625,0,16,0.0,0.001,0.0,2,0.5,0.9591397849462365,1.044496487119438,5352,"[1.5840807174887892, 5.293161434977579, 1.7668161434977578, 7.726083707025411, 6.624770446121357e-05, 0.0001242560489388063]","[10.358269766496479, 11.72899507337856, 11.652294584577676, 23.500836573199333, 0.00020262407701774227, 0.0005272579573676433]",2023-01-02,0.3545400123928318,1,5,0.10597350000170991
2023-01-09,GraphSAGE,reverse,feature_only,44,688,2022-10-17,2022-12-26,2023-01-02,5352,625,0,16,0.0,0.001,0.0,2,0.5,0.9591397849462365,1.044496487119438,5352,"[1.5840807174887892, 5.293161434977579, 1.7668161434977578, 7.726083707025411, 6.624770446121357e-05, 0.0001242560489388063]","[10.358269766496479, 11.72899507337856, 11.652294584577676, 23.500836573199333, 0.00020262407701774227, 0.0005272579573676433]",2023-01-02,0.44464253373177576,30,30,0.6828435000497848
2023-01-09,GraphSAGE,reverse,feature_only,45,688,2022-10-17,2022-12-26,2023-01-02,5352,625,0,16,0.0,0.001,0.0,2,0.5,0.9591397849462365,1.044496487119438,5352,"[1.5840807174887892, 5.293161434977579, 1.7668161434977578, 7.726083707025411, 6.624770446121357e-05, 0.0001242560489388063]","[10.358269766496479, 11.72899507337856, 11.652294584577676, 23.500836573199333, 0.00020262407701774227, 0.0005272579573676433]",2023-01-02,0.4434203062960862,23,27,0.530295800010208
2023-01-09,GraphSAGE,reverse,feature_only,46,688,2022-10-17,2022-12-26,2023-01-02,5352,625,0,16,0.0,0.001,0.0,2,0.5,0.9591397849462365,1.044496487119438,5352,"[1.5840807174887892, 5.293161434977579, 1.7668161434977578, 7.726083707025411, 6.624770446121357e-05, 0.0001242560489388063]","[10.358269766496479, 11.72899507337856, 11.652294584577676, 23.500836573199333, 0.00020262407701774227, 0.0005272579573676433]",2023-01-02,0.449222497378578,20,24,0.5994850999559276
2023-01-09,GraphSAGE,reverse,feature_only,47,688,2022-10-17,2022-12-26,2023-01-02,5352,625,0,16,0.0,0.001,0.0,2,0.5,0.9591397849462365,1.044496487119438,5352,"[1.5840807174887892, 5.293161434977579, 1.7668161434977578, 7.726083707025411, 6.624770446121357e-05, 0.0001242560489388063]","[10.358269766496479, 11.72899507337856, 11.652294584577676, 23.500836573199333, 0.00020262407701774227, 0.0005272579573676433]",2023-01-02,0.47685965021731447,2,6,0.16648620000341907
2023-01-09,GraphSAGE,reverse,feature_only,48,688,2022-10-17,2022-12-26,2023-01-02,5352,625,0,16,0.0,0.001,0.0,2,0.5,0.9591397849462365,1.044496487119438,5352,"[1.5840807174887892, 5.293161434977579, 1.7668161434977578, 7.726083707025411, 6.624770446121357e-05, 0.0001242560489388063]","[10.358269766496479, 11.72899507337856, 11.652294584577676, 23.500836573199333, 0.00020262407701774227, 0.0005272579573676433]",2023-01-02,0.34963579604578565,1,5,0.12756529997568578
2023-01-09,GraphSAGE,reverse,feature_only,49,688,2022-10-17,2022-12-26,2023-01-02,5352,625,0,16,0.0,0.001,0.0,2,0.5,0.9591397849462365,1.044496487119438,5352,"[1.5840807174887892, 5.293161434977579, 1.7668161434977578, 7.726083707025411, 6.624770446121357e-05, 0.0001242560489388063]","[10.358269766496479, 11.72899507337856, 11.652294584577676, 23.500836573199333, 0.00020262407701774227, 0.0005272579573676433]",2023-01-02,0.45517968209121307,29,30,0.6640979000367224
2023-01-09,GraphSAGE,reverse,feature_only,50,688,2022-10-17,2022-12-26,2023-01-02,5352,625,0,16,0.0,0.001,0.0,2,0.5,0.9591397849462365,1.044496487119438,5352,"[1.5840807174887892, 5.293161434977579, 1.7668161434977578, 7.726083707025411, 6.624770446121357e-05, 0.0001242560489388063]","[10.358269766496479, 11.72899507337856, 11.652294584577676, 23.500836573199333, 0.00020262407701774227, 0.0005272579573676433]",2023-01-02,0.4516073145105403,20,24,0.5374415999976918
2023-01-09,GraphSAGE,reverse,feature_only,51,688,2022-10-17,2022-12-26,2023-01-02,5352,625,0,16,0.0,0.001,0.0,2,0.5,0.9591397849462365,1.044496487119438,5352,"[1.5840807174887892, 5.293161434977579, 1.7668161434977578, 7.726083707025411, 6.624770446121357e-05, 0.0001242560489388063]","[10.358269766496479, 11.72899507337856, 11.652294584577676, 23.500836573199333, 0.00020262407701774227, 0.0005272579573676433]",2023-01-02,0.503327386079324,4,8,0.18766590004088357
2023-01-09,GraphSAGE,reverse,rewired,42,688,2022-10-17,2022-12-26,2023-01-02,5352,625,0,16,0.0,0.001,0.0,2,0.5,0.9591397849462365,1.044496487119438,5352,"[1.5840807174887892, 5.293161434977579, 1.7668161434977578, 7.726083707025411, 6.624770446121357e-05, 0.0001242560489388063]","[10.358269766496479, 11.72899507337856, 11.652294584577676, 23.500836573199333, 0.00020262407701774227, 0.0005272579573676433]",2023-01-02,0.4549939962277923,17,21,0.5288645999971777
2023-01-09,GraphSAGE,reverse,rewired,43,688,2022-10-17,2022-12-26,2023-01-02,5352,625,0,16,0.0,0.001,0.0,2,0.5,0.9591397849462365,1.044496487119438,5352,"[1.5840807174887892, 5.293161434977579, 1.7668161434977578, 7.726083707025411, 6.624770446121357e-05, 0.0001242560489388063]","[10.358269766496479, 11.72899507337856, 11.652294584577676, 23.500836573199333, 0.00020262407701774227, 0.0005272579573676433]",2023-01-02,0.4931381734865007,7,11,0.3170758999767713
2023-01-09,GraphSAGE,reverse,rewired,44,688,2022-10-17,2022-12-26,2023-01-02,5352,625,0,16,0.0,0.001,0.0,2,0.5,0.9591397849462365,1.044496487119438,5352,"[1.5840807174887892, 5.293161434977579, 1.7668161434977578, 7.726083707025411, 6.624770446121357e-05, 0.0001242560489388063]","[10.358269766496479, 11.72899507337856, 11.652294584577676, 23.500836573199333, 0.00020262407701774227, 0.0005272579573676433]",2023-01-02,0.44464253373177576,29,30,0.7076162999728695
2023-01-09,GraphSAGE,reverse,rewired,45,688,2022-10-17,2022-12-26,2023-01-02,5352,625,0,16,0.0,0.001,0.0,2,0.5,0.9591397849462365,1.044496487119438,5352,"[1.5840807174887892, 5.293161434977579, 1.7668161434977578, 7.726083707025411, 6.624770446121357e-05, 0.0001242560489388063]","[10.358269766496479, 11.72899507337856, 11.652294584577676, 23.500836573199333, 0.00020262407701774227, 0.0005272579573676433]",2023-01-02,0.4482027577209438,27,30,0.7902814999688417
2023-01-09,GraphSAGE,reverse,rewired,46,688,2022-10-17,2022-12-26,2023-01-02,5352,625,0,16,0.0,0.001,0.0,2,0.5,0.9591397849462365,1.044496487119438,5352,"[1.5840807174887892, 5.293161434977579, 1.7668161434977578, 7.726083707025411, 6.624770446121357e-05, 0.0001242560489388063]","[10.358269766496479, 11.72899507337856, 11.652294584577676, 23.500836573199333, 0.00020262407701774227, 0.0005272579573676433]",2023-01-02,0.45390466885337427,25,29,0.6391609999700449
2023-01-09,GraphSAGE,reverse,rewired,47,688,2022-10-17,2022-12-26,2023-01-02,5352,625,0,16,0.0,0.001,0.0,2,0.5,0.9591397849462365,1.044496487119438,5352,"[1.5840807174887892, 5.293161434977579, 1.7668161434977578, 7.726083707025411, 6.624770446121357e-05, 0.0001242560489388063]","[10.358269766496479, 11.72899507337856, 11.652294584577676, 23.500836573199333, 0.00020262407701774227, 0.0005272579573676433]",2023-01-02,0.470351187565446,2,6,0.12974110001232475
2023-01-09,GraphSAGE,reverse,rewired,48,688,2022-10-17,2022-12-26,2023-01-02,5352,625,0,16,0.0,0.001,0.0,2,0.5,0.9591397849462365,1.044496487119438,5352,"[1.5840807174887892, 5.293161434977579, 1.7668161434977578, 7.726083707025411, 6.624770446121357e-05, 0.0001242560489388063]","[10.358269766496479, 11.72899507337856, 11.652294584577676, 23.500836573199333, 0.00020262407701774227, 0.0005272579573676433]",2023-01-02,0.5082964956115061,7,11,0.20191479998175055
2023-01-09,GraphSAGE,reverse,rewired,49,688,2022-10-17,2022-12-26,2023-01-02,5352,625,0,16,0.0,0.001,0.0,2,0.5,0.9591397849462365,1.044496487119438,5352,"[1.5840807174887892, 5.293161434977579, 1.7668161434977578, 7.726083707025411, 6.624770446121357e-05, 0.0001242560489388063]","[10.358269766496479, 11.72899507337856, 11.652294584577676, 23.500836573199333, 0.00020262407701774227, 0.0005272579573676433]",2023-01-02,0.4142630868223043,30,30,0.5848885999876074
2023-01-09,GraphSAGE,reverse,rewired,50,688,2022-10-17,2022-12-26,2023-01-02,5352,625,0,16,0.0,0.001,0.0,2,0.5,0.9591397849462365,1.044496487119438,5352,"[1.5840807174887892, 5.293161434977579, 1.7668161434977578, 7.726083707025411, 6.624770446121357e-05, 0.0001242560489388063]","[10.358269766496479, 11.72899507337856, 11.652294584577676, 23.500836573199333, 0.00020262407701774227, 0.0005272579573676433]",2023-01-02,0.44703356400604105,29,30,0.5865612999768928
2023-01-09,GraphSAGE,reverse,rewired,51,688,2022-10-17,2022-12-26,2023-01-02,5352,625,0,16,0.0,0.001,0.0,2,0.5,0.9591397849462365,1.044496487119438,5352,"[1.5840807174887892, 5.293161434977579, 1.7668161434977578, 7.726083707025411, 6.624770446121357e-05, 0.0001242560489388063]","[10.358269766496479, 11.72899507337856, 11.652294584577676, 23.500836573199333, 0.00020262407701774227, 0.0005272579573676433]",2023-01-02,0.4899993355040202,6,10,0.21449110005050898
2023-01-02,GAT,reverse,feature_only,42,625,2022-10-17,2022-12-19,2022-12-26,4765,587,0,16,0.0,0.001,0.0,2,0.5,0.9587525150905433,1.0449561403508771,4765,"[1.4942287513116475, 5.005876180482686, 1.6579223504721932, 7.117943336831059, 6.886214834649673e-05, 0.00012912224913069946]","[9.772362803971278, 11.062237699992973, 10.893208734015122, 21.41196239116525, 0.00018640981602826277, 0.0005487465854363092]",2022-12-26,0.5457396546106223,9,13,1.4242125999880955
2023-01-02,GAT,reverse,feature_only,43,625,2022-10-17,2022-12-19,2022-12-26,4765,587,0,16,0.0,0.001,0.0,2,0.5,0.9587525150905433,1.0449561403508771,4765,"[1.4942287513116475, 5.005876180482686, 1.6579223504721932, 7.117943336831059, 6.886214834649673e-05, 0.00012912224913069946]","[9.772362803971278, 11.062237699992973, 10.893208734015122, 21.41196239116525, 0.00018640981602826277, 0.0005487465854363092]",2022-12-26,0.5089874213836478,29,30,3.428962700010743
2023-01-02,GAT,reverse,feature_only,44,625,2022-10-17,2022-12-19,2022-12-26,4765,587,0,16,0.0,0.001,0.0,2,0.5,0.9587525150905433,1.0449561403508771,4765,"[1.4942287513116475, 5.005876180482686, 1.6579223504721932, 7.117943336831059, 6.886214834649673e-05, 0.00012912224913069946]","[9.772362803971278, 11.062237699992973, 10.893208734015122, 21.41196239116525, 0.00018640981602826277, 0.0005487465854363092]",2022-12-26,0.3419282511210762,1,5,0.5455175999668427
2023-01-02,GAT,reverse,feature_only,45,625,2022-10-17,2022-12-19,2022-12-26,4765,587,0,16,0.0,0.001,0.0,2,0.5,0.9587525150905433,1.0449561403508771,4765,"[1.4942287513116475, 5.005876180482686, 1.6579223504721932, 7.117943336831059, 6.886214834649673e-05, 0.00012912224913069946]","[9.772362803971278, 11.062237699992973, 10.893208734015122, 21.41196239116525, 0.00018640981602826277, 0.0005487465854363092]",2022-12-26,0.5467839312666899,15,19,2.09595350001473
2023-01-02,GAT,reverse,feature_only,46,625,2022-10-17,2022-12-19,2022-12-26,4765,587,0,16,0.0,0.001,0.0,2,0.5,0.9587525150905433,1.0449561403508771,4765,"[1.4942287513116475, 5.005876180482686, 1.6579223504721932, 7.117943336831059, 6.886214834649673e-05, 0.00012912224913069946]","[9.772362803971278, 11.062237699992973, 10.893208734015122, 21.41196239116525, 0.00018640981602826277, 0.0005487465854363092]",2022-12-26,0.5347288959860638,14,18,1.8130863000405952
2023-01-02,GAT,reverse,feature_only,47,625,2022-10-17,2022-12-19,2022-12-26,4765,587,0,16,0.0,0.001,0.0,2,0.5,0.9587525150905433,1.0449561403508771,4765,"[1.4942287513116475, 5.005876180482686, 1.6579223504721932, 7.117943336831059, 6.886214834649673e-05, 0.00012912224913069946]","[9.772362803971278, 11.062237699992973, 10.893208734015122, 21.41196239116525, 0.00018640981602826277, 0.0005487465854363092]",2022-12-26,0.5534293071161049,4,8,0.8100045999744907
2023-01-02,GAT,reverse,feature_only,48,625,2022-10-17,2022-12-19,2022-12-26,4765,587,0,16,0.0,0.001,0.0,2,0.5,0.9587525150905433,1.0449561403508771,4765,"[1.4942287513116475, 5.005876180482686, 1.6579223504721932, 7.117943336831059, 6.886214834649673e-05, 0.00012912224913069946]","[9.772362803971278, 11.062237699992973, 10.893208734015122, 21.41196239116525, 0.00018640981602826277, 0.0005487465854363092]",2022-12-26,0.5329475587703436,14,18,1.9702835000352934
2023-01-02,GAT,reverse,feature_only,49,625,2022-10-17,2022-12-19,2022-12-26,4765,587,0,16,0.0,0.001,0.0,2,0.5,0.9587525150905433,1.0449561403508771,4765,"[1.4942287513116475, 5.005876180482686, 1.6579223504721932, 7.117943336831059, 6.886214834649673e-05, 0.00012912224913069946]","[9.772362803971278, 11.062237699992973, 10.893208734015122, 21.41196239116525, 0.00018640981602826277, 0.0005487465854363092]",2022-12-26,0.5434797394202306,9,13,1.4283037999994121
2023-01-02,GAT,reverse,feature_only,50,625,2022-10-17,2022-12-19,2022-12-26,4765,587,0,16,0.0,0.001,0.0,2,0.5,0.9587525150905433,1.0449561403508771,4765,"[1.4942287513116475, 5.005876180482686, 1.6579223504721932, 7.117943336831059, 6.886214834649673e-05, 0.00012912224913069946]","[9.772362803971278, 11.062237699992973, 10.893208734015122, 21.41196239116525, 0.00018640981602826277, 0.0005487465854363092]",2022-12-26,0.3458455778832693,1,5,0.563465700019151
2023-01-02,GAT,reverse,feature_only,51,625,2022-10-17,2022-12-19,2022-12-26,4765,587,0,16,0.0,0.001,0.0,2,0.5,0.9587525150905433,1.0449561403508771,4765,"[1.4942287513116475, 5.005876180482686, 1.6579223504721932, 7.117943336831059, 6.886214834649673e-05, 0.00012912224913069946]","[9.772362803971278, 11.062237699992973, 10.893208734015122, 21.41196239116525, 0.00018640981602826277, 0.0005487465854363092]",2022-12-26,0.534956397685847,5,9,1.0006939000450075
2023-01-02,GAT,reverse,rewired,42,625,2022-10-17,2022-12-19,2022-12-26,4765,587,0,16,0.0,0.001,0.0,2,0.5,0.9587525150905433,1.0449561403508771,4765,"[1.4942287513116475, 5.005876180482686, 1.6579223504721932, 7.117943336831059, 6.886214834649673e-05, 0.00012912224913069946]","[9.772362803971278, 11.062237699992973, 10.893208734015122, 21.41196239116525, 0.00018640981602826277, 0.0005487465854363092]",2022-12-26,0.5413063370564568,10,14,1.4067588999751024
2023-01-02,GAT,reverse,rewired,43,625,2022-10-17,2022-12-19,2022-12-26,4765,587,0,16,0.0,0.001,0.0,2,0.5,0.9587525150905433,1.0449561403508771,4765,"[1.4942287513116475, 5.005876180482686, 1.6579223504721932, 7.117943336831059, 6.886214834649673e-05, 0.00012912224913069946]","[9.772362803971278, 11.062237699992973, 10.893208734015122, 21.41196239116525, 0.00018640981602826277, 0.0005487465854363092]",2022-12-26,0.47417704224989043,23,27,2.7559864999493584
2023-01-02,GAT,reverse,rewired,44,625,2022-10-17,2022-12-19,2022-12-26,4765,587,0,16,0.0,0.001,0.0,2,0.5,0.9587525150905433,1.0449561403508771,4765,"[1.4942287513116475, 5.005876180482686, 1.6579223504721932, 7.117943336831059, 6.886214834649673e-05, 0.00012912224913069946]","[9.772362803971278, 11.062237699992973, 10.893208734015122, 21.41196239116525, 0.00018640981602826277, 0.0005487465854363092]",2022-12-26,0.3419282511210762,1,5,0.5396914999582805
2023-01-02,GAT,reverse,rewired,45,625,2022-10-17,2022-12-19,2022-12-26,4765,587,0,16,0.0,0.001,0.0,2,0.5,0.9587525150905433,1.0449561403508771,4765,"[1.4942287513116475, 5.005876180482686, 1.6579223504721932, 7.117943336831059, 6.886214834649673e-05, 0.00012912224913069946]","[9.772362803971278, 11.062237699992973, 10.893208734015122, 21.41196239116525, 0.00018640981602826277, 0.0005487465854363092]",2022-12-26,0.5428561465501209,13,17,1.8785735000274144
2023-01-02,GAT,reverse,rewired,46,625,2022-10-17,2022-12-19,2022-12-26,4765,587,0,16,0.0,0.001,0.0,2,0.5,0.9587525150905433,1.0449561403508771,4765,"[1.4942287513116475, 5.005876180482686, 1.6579223504721932, 7.117943336831059, 6.886214834649673e-05, 0.00012912224913069946]","[9.772362803971278, 11.062237699992973, 10.893208734015122, 21.41196239116525, 0.00018640981602826277, 0.0005487465854363092]",2022-12-26,0.3419282511210762,1,5,0.5797677999944426
2023-01-02,GAT,reverse,rewired,47,625,2022-10-17,2022-12-19,2022-12-26,4765,587,0,16,0.0,0.001,0.0,2,0.5,0.9587525150905433,1.0449561403508771,4765,"[1.4942287513116475, 5.005876180482686, 1.6579223504721932, 7.117943336831059, 6.886214834649673e-05, 0.00012912224913069946]","[9.772362803971278, 11.062237699992973, 10.893208734015122, 21.41196239116525, 0.00018640981602826277, 0.0005487465854363092]",2022-12-26,0.5466513382855795,8,12,1.283234500035178
2023-01-02,GAT,reverse,rewired,48,625,2022-10-17,2022-12-19,2022-12-26,4765,587,0,16,0.0,0.001,0.0,2,0.5,0.9587525150905433,1.0449561403508771,4765,"[1.4942287513116475, 5.005876180482686, 1.6579223504721932, 7.117943336831059, 6.886214834649673e-05, 0.00012912224913069946]","[9.772362803971278, 11.062237699992973, 10.893208734015122, 21.41196239116525, 0.00018640981602826277, 0.0005487465854363092]",2022-12-26,0.4958191234053303,22,26,3.0938352000084706
2023-01-02,GAT,reverse,rewired,49,625,2022-10-17,2022-12-19,2022-12-26,4765,587,0,16,0.0,0.001,0.0,2,0.5,0.9587525150905433,1.0449561403508771,4765,"[1.4942287513116475, 5.005876180482686, 1.6579223504721932, 7.117943336831059, 6.886214834649673e-05, 0.00012912224913069946]","[9.772362803971278, 11.062237699992973, 10.893208734015122, 21.41196239116525, 0.00018640981602826277, 0.0005487465854363092]",2022-12-26,0.5346871520819416,6,10,1.3895297000417486
2023-01-02,GAT,reverse,rewired,50,625,2022-10-17,2022-12-19,2022-12-26,4765,587,0,16,0.0,0.001,0.0,2,0.5,0.9587525150905433,1.0449561403508771,4765,"[1.4942287513116475, 5.005876180482686, 1.6579223504721932, 7.117943336831059, 6.886214834649673e-05, 0.00012912224913069946]","[9.772362803971278, 11.062237699992973, 10.893208734015122, 21.41196239116525, 0.00018640981602826277, 0.0005487465854363092]",2022-12-26,0.3419282511210762,1,5,0.6824591000331566
2023-01-02,GAT,reverse,rewired,51,625,2022-10-17,2022-12-19,2022-12-26,4765,587,0,16,0.0,0.001,0.0,2,0.5,0.9587525150905433,1.0449561403508771,4765,"[1.4942287513116475, 5.005876180482686, 1.6579223504721932, 7.117943336831059, 6.886214834649673e-05, 0.00012912224913069946]","[9.772362803971278, 11.062237699992973, 10.893208734015122, 21.41196239116525, 0.00018640981602826277, 0.0005487465854363092]",2022-12-26,0.5209188586100963,7,11,1.4133510999963619
2023-01-16,GraphSAGE,reverse,feature_only,42,809,2022-10-17,2023-01-02,2023-01-09,5977,688,2,64,0.5,0.0003,0.0001,4,0.5,0.9560140754958413,1.0482286916871273,5977,"[2.0823155429145057, 5.38748536054877, 2.3526852936255644, 7.9307344821816965, 6.632018632836874e-05, 0.00011724705629273315]","[27.94163681471991, 11.856967716804222, 32.59123316276841, 23.95826680810461, 0.0002624848014539498, 0.0005028846768291411]",2023-01-09,0.5098751730771263,4,8,0.46232759999111295
2023-01-16,GraphSAGE,reverse,feature_only,43,809,2022-10-17,2023-01-02,2023-01-09,5977,688,2,64,0.5,0.0003,0.0001,4,0.5,0.9560140754958413,1.0482286916871273,5977,"[2.0823155429145057, 5.38748536054877, 2.3526852936255644, 7.9307344821816965, 6.632018632836874e-05, 0.00011724705629273315]","[27.94163681471991, 11.856967716804222, 32.59123316276841, 23.95826680810461, 0.0002624848014539498, 0.0005028846768291411]",2023-01-09,0.4466570812365205,29,30,1.6736990999779664
2023-01-16,GraphSAGE,reverse,feature_only,44,809,2022-10-17,2023-01-02,2023-01-09,5977,688,2,64,0.5,0.0003,0.0001,4,0.5,0.9560140754958413,1.0482286916871273,5977,"[2.0823155429145057, 5.38748536054877, 2.3526852936255644, 7.9307344821816965, 6.632018632836874e-05, 0.00011724705629273315]","[27.94163681471991, 11.856967716804222, 32.59123316276841, 23.95826680810461, 0.0002624848014539498, 0.0005028846768291411]",2023-01-09,0.3607007575757576,2,6,0.36594320001313463
2023-01-16,GraphSAGE,reverse,feature_only,45,809,2022-10-17,2023-01-02,2023-01-09,5977,688,2,64,0.5,0.0003,0.0001,4,0.5,0.9560140754958413,1.0482286916871273,5977,"[2.0823155429145057, 5.38748536054877, 2.3526852936255644, 7.9307344821816965, 6.632018632836874e-05, 0.00011724705629273315]","[27.94163681471991, 11.856967716804222, 32.59123316276841, 23.95826680810461, 0.0002624848014539498, 0.0005028846768291411]",2023-01-09,0.3539906103286385,1,5,0.2942987999995239
2023-01-16,GraphSAGE,reverse,feature_only,46,809,2022-10-17,2023-01-02,2023-01-09,5977,688,2,64,0.5,0.0003,0.0001,4,0.5,0.9560140754958413,1.0482286916871273,5977,"[2.0823155429145057, 5.38748536054877, 2.3526852936255644, 7.9307344821816965, 6.632018632836874e-05, 0.00011724705629273315]","[27.94163681471991, 11.856967716804222, 32.59123316276841, 23.95826680810461, 0.0002624848014539498, 0.0005028846768291411]",2023-01-09,0.4555518289809134,10,14,0.8069494999945164
2023-01-16,GraphSAGE,reverse,feature_only,47,809,2022-10-17,2023-01-02,2023-01-09,5977,688,2,64,0.5,0.0003,0.0001,4,0.5,0.9560140754958413,1.0482286916871273,5977,"[2.0823155429145057, 5.38748536054877, 2.3526852936255644, 7.9307344821816965, 6.632018632836874e-05, 0.00011724705629273315]","[27.94163681471991, 11.856967716804222, 32.59123316276841, 23.95826680810461, 0.0002624848014539498, 0.0005028846768291411]",2023-01-09,0.44007396084778316,2,6,0.317476500000339
2023-01-16,GraphSAGE,reverse,feature_only,48,809,2022-10-17,2023-01-02,2023-01-09,5977,688,2,64,0.5,0.0003,0.0001,4,0.5,0.9560140754958413,1.0482286916871273,5977,"[2.0823155429145057, 5.38748536054877, 2.3526852936255644, 7.9307344821816965, 6.632018632836874e-05, 0.00011724705629273315]","[27.94163681471991, 11.856967716804222, 32.59123316276841, 23.95826680810461, 0.0002624848014539498, 0.0005028846768291411]",2023-01-09,0.49676624576532186,9,13,0.7756755000445992
2023-01-16,GraphSAGE,reverse,feature_only,49,809,2022-10-17,2023-01-02,2023-01-09,5977,688,2,64,0.5,0.0003,0.0001,4,0.5,0.9560140754958413,1.0482286916871273,5977,"[2.0823155429145057, 5.38748536054877, 2.3526852936255644, 7.9307344821816965, 6.632018632836874e-05, 0.00011724705629273315]","[27.94163681471991, 11.856967716804222, 32.59123316276841, 23.95826680810461, 0.0002624848014539498, 0.0005028846768291411]",2023-01-09,0.5141242937853108,1,5,0.29624739999417216
2023-01-16,GraphSAGE,reverse,feature_only,50,809,2022-10-17,2023-01-02,2023-01-09,5977,688,2,64,0.5,0.0003,0.0001,4,0.5,0.9560140754958413,1.0482286916871273,5977,"[2.0823155429145057, 5.38748536054877, 2.3526852936255644, 7.9307344821816965, 6.632018632836874e-05, 0.00011724705629273315]","[27.94163681471991, 11.856967716804222, 32.59123316276841, 23.95826680810461, 0.0002624848014539498, 0.0005028846768291411]",2023-01-09,0.4189135843271182,16,20,1.3045240999781527
2023-01-16,GraphSAGE,reverse,feature_only,51,809,2022-10-17,2023-01-02,2023-01-09,5977,688,2,64,0.5,0.0003,0.0001,4,0.5,0.9560140754958413,1.0482286916871273,5977,"[2.0823155429145057, 5.38748536054877, 2.3526852936255644, 7.9307344821816965, 6.632018632836874e-05, 0.00011724705629273315]","[27.94163681471991, 11.856967716804222, 32.59123316276841, 23.95826680810461, 0.0002624848014539498, 0.0005028846768291411]",2023-01-09,0.4773690269962018,6,10,0.6824961999664083
2023-01-16,GraphSAGE,reverse,rewired,42,809,2022-10-17,2023-01-02,2023-01-09,5977,688,2,64,0.5,0.0003,0.0001,4,0.5,0.9560140754958413,1.0482286916871273,5977,"[2.0823155429145057, 5.38748536054877, 2.3526852936255644, 7.9307344821816965, 6.632018632836874e-05, 0.00011724705629273315]","[27.94163681471991, 11.856967716804222, 32.59123316276841, 23.95826680810461, 0.0002624848014539498, 0.0005028846768291411]",2023-01-09,0.5017994814024681,4,8,0.5191386000369675
2023-01-16,GraphSAGE,reverse,rewired,43,809,2022-10-17,2023-01-02,2023-01-09,5977,688,2,64,0.5,0.0003,0.0001,4,0.5,0.9560140754958413,1.0482286916871273,5977,"[2.0823155429145057, 5.38748536054877, 2.3526852936255644, 7.9307344821816965, 6.632018632836874e-05, 0.00011724705629273315]","[27.94163681471991, 11.856967716804222, 32.59123316276841, 23.95826680810461, 0.0002624848014539498, 0.0005028846768291411]",2023-01-09,0.4583255491206064,22,26,1.5539142000488937
2023-01-16,GraphSAGE,reverse,rewired,44,809,2022-10-17,2023-01-02,2023-01-09,5977,688,2,64,0.5,0.0003,0.0001,4,0.5,0.9560140754958413,1.0482286916871273,5977,"[2.0823155429145057, 5.38748536054877, 2.3526852936255644, 7.9307344821816965, 6.632018632836874e-05, 0.00011724705629273315]","[27.94163681471991, 11.856967716804222, 32.59123316276841, 23.95826680810461, 0.0002624848014539498, 0.0005028846768291411]",2023-01-09,0.49657826840925434,23,27,1.5176131000043824
2023-01-16,GraphSAGE,reverse,rewired,45,809,2022-10-17,2023-01-02,2023-01-09,5977,688,2,64,0.5,0.0003,0.0001,4,0.5,0.9560140754958413,1.0482286916871273,5977,"[2.0823155429145057, 5.38748536054877, 2.3526852936255644, 7.9307344821816965, 6.632018632836874e-05, 0.00011724705629273315]","[27.94163681471991, 11.856967716804222, 32.59123316276841, 23.95826680810461, 0.0002624848014539498, 0.0005028846768291411]",2023-01-09,0.4966778869773599,12,16,0.9239652000251226
2023-01-16,GraphSAGE,reverse,rewired,46,809,2022-10-17,2023-01-02,2023-01-09,5977,688,2,64,0.5,0.0003,0.0001,4,0.5,0.9560140754958413,1.0482286916871273,5977,"[2.0823155429145057, 5.38748536054877, 2.3526852936255644, 7.9307344821816965, 6.632018632836874e-05, 0.00011724705629273315]","[27.94163681471991, 11.856967716804222, 32.59123316276841, 23.95826680810461, 0.0002624848014539498, 0.0005028846768291411]",2023-01-09,0.4560056858564321,16,20,1.1957521000294946
2023-01-16,GraphSAGE,reverse,rewired,47,809,2022-10-17,2023-01-02,2023-01-09,5977,688,2,64,0.5,0.0003,0.0001,4,0.5,0.9560140754958413,1.0482286916871273,5977,"[2.0823155429145057, 5.38748536054877, 2.3526852936255644, 7.9307344821816965, 6.632018632836874e-05, 0.00011724705629273315]","[27.94163681471991, 11.856967716804222, 32.59123316276841, 23.95826680810461, 0.0002624848014539498, 0.0005028846768291411]",2023-01-09,0.5134909478168264,1,5,0.2341440999880433
2023-01-16,GraphSAGE,reverse,rewired,48,809,2022-10-17,2023-01-02,2023-01-09,5977,688,2,64,0.5,0.0003,0.0001,4,0.5,0.9560140754958413,1.0482286916871273,5977,"[2.0823155429145057, 5.38748536054877, 2.3526852936255644, 7.9307344821816965, 6.632018632836874e-05, 0.00011724705629273315]","[27.94163681471991, 11.856967716804222, 32.59123316276841, 23.95826680810461, 0.0002624848014539498, 0.0005028846768291411]",2023-01-09,0.504794563225281,8,12,0.6281153000309132
2023-01-16,GraphSAGE,reverse,rewired,49,809,2022-10-17,2023-01-02,2023-01-09,5977,688,2,64,0.5,0.0003,0.0001,4,0.5,0.9560140754958413,1.0482286916871273,5977,"[2.0823155429145057, 5.38748536054877, 2.3526852936255644, 7.9307344821816965, 6.632018632836874e-05, 0.00011724705629273315]","[27.94163681471991, 11.856967716804222, 32.59123316276841, 23.95826680810461, 0.0002624848014539498, 0.0005028846768291411]",2023-01-09,0.5043594180118857,1,5,0.26323730003787205
2023-01-16,GraphSAGE,reverse,rewired,50,809,2022-10-17,2023-01-02,2023-01-09,5977,688,2,64,0.5,0.0003,0.0001,4,0.5,0.9560140754958413,1.0482286916871273,5977,"[2.0823155429145057, 5.38748536054877, 2.3526852936255644, 7.9307344821816965, 6.632018632836874e-05, 0.00011724705629273315]","[27.94163681471991, 11.856967716804222, 32.59123316276841, 23.95826680810461, 0.0002624848014539498, 0.0005028846768291411]",2023-01-09,0.43162014473489885,18,22,1.3483952000387944
2023-01-16,GraphSAGE,reverse,rewired,51,809,2022-10-17,2023-01-02,2023-01-09,5977,688,2,64,0.5,0.0003,0.0001,4,0.5,0.9560140754958413,1.0482286916871273,5977,"[2.0823155429145057, 5.38748536054877, 2.3526852936255644, 7.9307344821816965, 6.632018632836874e-05, 0.00011724705629273315]","[27.94163681471991, 11.856967716804222, 32.59123316276841, 23.95826680810461, 0.0002624848014539498, 0.0005028846768291411]",2023-01-09,0.4717619857784758,10,14,0.688648600014858
2023-01-09,GAT,reverse,feature_only,42,688,2022-10-17,2022-12-26,2023-01-02,5352,625,1,32,0.2,0.001,0.0001,4,0.5,0.9591397849462365,1.044496487119438,5352,"[1.5840807174887892, 5.293161434977579, 1.7668161434977578, 7.726083707025411, 6.624770446121357e-05, 0.0001242560489388063]","[10.358269766496479, 11.72899507337856, 11.652294584577676, 23.500836573199333, 0.00020262407701774227, 0.0005272579573676433]",2023-01-02,0.4702364891567119,4,8,3.067529799998738
2023-01-09,GAT,reverse,feature_only,43,688,2022-10-17,2022-12-26,2023-01-02,5352,625,1,32,0.2,0.001,0.0001,4,0.5,0.9591397849462365,1.044496487119438,5352,"[1.5840807174887892, 5.293161434977579, 1.7668161434977578, 7.726083707025411, 6.624770446121357e-05, 0.0001242560489388063]","[10.358269766496479, 11.72899507337856, 11.652294584577676, 23.500836573199333, 0.00020262407701774227, 0.0005272579573676433]",2023-01-02,0.504434011476265,1,5,1.9532131999731064
2023-01-09,GAT,reverse,feature_only,44,688,2022-10-17,2022-12-26,2023-01-02,5352,625,1,32,0.2,0.001,0.0001,4,0.5,0.9591397849462365,1.044496487119438,5352,"[1.5840807174887892, 5.293161434977579, 1.7668161434977578, 7.726083707025411, 6.624770446121357e-05, 0.0001242560489388063]","[10.358269766496479, 11.72899507337856, 11.652294584577676, 23.500836573199333, 0.00020262407701774227, 0.0005272579573676433]",2023-01-02,0.511499775770389,1,5,1.9308026999933645
2023-01-09,GAT,reverse,feature_only,45,688,2022-10-17,2022-12-26,2023-01-02,5352,625,1,32,0.2,0.001,0.0001,4,0.5,0.9591397849462365,1.044496487119438,5352,"[1.5840807174887892, 5.293161434977579, 1.7668161434977578, 7.726083707025411, 6.624770446121357e-05, 0.0001242560489388063]","[10.358269766496479, 11.72899507337856, 11.652294584577676, 23.500836573199333, 0.00020262407701774227, 0.0005272579573676433]",2023-01-02,0.45816403123190996,3,7,3.456209099967964
2023-01-09,GAT,reverse,feature_only,46,688,2022-10-17,2022-12-26,2023-01-02,5352,625,1,32,0.2,0.001,0.0001,4,0.5,0.9591397849462365,1.044496487119438,5352,"[1.5840807174887892, 5.293161434977579, 1.7668161434977578, 7.726083707025411, 6.624770446121357e-05, 0.0001242560489388063]","[10.358269766496479, 11.72899507337856, 11.652294584577676, 23.500836573199333, 0.00020262407701774227, 0.0005272579573676433]",2023-01-02,0.5167968479101223,3,7,3.2578391999704763
2023-01-09,GAT,reverse,feature_only,47,688,2022-10-17,2022-12-26,2023-01-02,5352,625,1,32,0.2,0.001,0.0001,4,0.5,0.9591397849462365,1.044496487119438,5352,"[1.5840807174887892, 5.293161434977579, 1.7668161434977578, 7.726083707025411, 6.624770446121357e-05, 0.0001242560489388063]","[10.358269766496479, 11.72899507337856, 11.652294584577676, 23.500836573199333, 0.00020262407701774227, 0.0005272579573676433]",2023-01-02,0.5143595700976282,2,6,2.663862599991262
2023-01-09,GAT,reverse,feature_only,48,688,2022-10-17,2022-12-26,2023-01-02,5352,625,1,32,0.2,0.001,0.0001,4,0.5,0.9591397849462365,1.044496487119438,5352,"[1.5840807174887892, 5.293161434977579, 1.7668161434977578, 7.726083707025411, 6.624770446121357e-05, 0.0001242560489388063]","[10.358269766496479, 11.72899507337856, 11.652294584577676, 23.500836573199333, 0.00020262407701774227, 0.0005272579573676433]",2023-01-02,0.4745198233570327,3,7,3.2468766999663785
2023-01-09,GAT,reverse,feature_only,49,688,2022-10-17,2022-12-26,2023-01-02,5352,625,1,32,0.2,0.001,0.0001,4,0.5,0.9591397849462365,1.044496487119438,5352,"[1.5840807174887892, 5.293161434977579, 1.7668161434977578, 7.726083707025411, 6.624770446121357e-05, 0.0001242560489388063]","[10.358269766496479, 11.72899507337856, 11.652294584577676, 23.500836573199333, 0.00020262407701774227, 0.0005272579573676433]",2023-01-02,0.5134012194839933,5,9,4.552067800017539
2023-01-09,GAT,reverse,feature_only,50,688,2022-10-17,2022-12-26,2023-01-02,5352,625,1,32,0.2,0.001,0.0001,4,0.5,0.9591397849462365,1.044496487119438,5352,"[1.5840807174887892, 5.293161434977579, 1.7668161434977578, 7.726083707025411, 6.624770446121357e-05, 0.0001242560489388063]","[10.358269766496479, 11.72899507337856, 11.652294584577676, 23.500836573199333, 0.00020262407701774227, 0.0005272579573676433]",2023-01-02,0.5142820380854349,3,7,3.093546600022819
2023-01-09,GAT,reverse,feature_only,51,688,2022-10-17,2022-12-26,2023-01-02,5352,625,1,32,0.2,0.001,0.0001,4,0.5,0.9591397849462365,1.044496487119438,5352,"[1.5840807174887892, 5.293161434977579, 1.7668161434977578, 7.726083707025411, 6.624770446121357e-05, 0.0001242560489388063]","[10.358269766496479, 11.72899507337856, 11.652294584577676, 23.500836573199333, 0.00020262407701774227, 0.0005272579573676433]",2023-01-02,0.4534899165430677,11,15,6.814138100016862
2023-01-09,GAT,reverse,rewired,42,688,2022-10-17,2022-12-26,2023-01-02,5352,625,1,32,0.2,0.001,0.0001,4,0.5,0.9591397849462365,1.044496487119438,5352,"[1.5840807174887892, 5.293161434977579, 1.7668161434977578, 7.726083707025411, 6.624770446121357e-05, 0.0001242560489388063]","[10.358269766496479, 11.72899507337856, 11.652294584577676, 23.500836573199333, 0.00020262407701774227, 0.0005272579573676433]",2023-01-02,0.4813221557407604,2,6,2.9724087999784388
2023-01-09,GAT,reverse,rewired,43,688,2022-10-17,2022-12-26,2023-01-02,5352,625,1,32,0.2,0.001,0.0001,4,0.5,0.9591397849462365,1.044496487119438,5352,"[1.5840807174887892, 5.293161434977579, 1.7668161434977578, 7.726083707025411, 6.624770446121357e-05, 0.0001242560489388063]","[10.358269766496479, 11.72899507337856, 11.652294584577676, 23.500836573199333, 0.00020262407701774227, 0.0005272579573676433]",2023-01-02,0.5054366297306202,1,5,2.4758577000466175
2023-01-09,GAT,reverse,rewired,44,688,2022-10-17,2022-12-26,2023-01-02,5352,625,1,32,0.2,0.001,0.0001,4,0.5,0.9591397849462365,1.044496487119438,5352,"[1.5840807174887892, 5.293161434977579, 1.7668161434977578, 7.726083707025411, 6.624770446121357e-05, 0.0001242560489388063]","[10.358269766496479, 11.72899507337856, 11.652294584577676, 23.500836573199333, 0.00020262407701774227, 0.0005272579573676433]",2023-01-02,0.511258192723491,1,5,2.2678436000132933
2023-01-09,GAT,reverse,rewired,45,688,2022-10-17,2022-12-26,2023-01-02,5352,625,1,32,0.2,0.001,0.0001,4,0.5,0.9591397849462365,1.044496487119438,5352,"[1.5840807174887892, 5.293161434977579, 1.7668161434977578, 7.726083707025411, 6.624770446121357e-05, 0.0001242560489388063]","[10.358269766496479, 11.72899507337856, 11.652294584577676, 23.500836573199333, 0.00020262407701774227, 0.0005272579573676433]",2023-01-02,0.4906027202153211,2,6,2.618730000045616
2023-01-09,GAT,reverse,rewired,46,688,2022-10-17,2022-12-26,2023-01-02,5352,625,1,32,0.2,0.001,0.0001,4,0.5,0.9591397849462365,1.044496487119438,5352,"[1.5840807174887892, 5.293161434977579, 1.7668161434977578, 7.726083707025411, 6.624770446121357e-05, 0.0001242560489388063]","[10.358269766496479, 11.72899507337856, 11.652294584577676, 23.500836573199333, 0.00020262407701774227, 0.0005272579573676433]",2023-01-02,0.5290683369897279,3,7,3.126683799957391
2023-01-09,GAT,reverse,rewired,47,688,2022-10-17,2022-12-26,2023-01-02,5352,625,1,32,0.2,0.001,0.0001,4,0.5,0.9591397849462365,1.044496487119438,5352,"[1.5840807174887892, 5.293161434977579, 1.7668161434977578, 7.726083707025411, 6.624770446121357e-05, 0.0001242560489388063]","[10.358269766496479, 11.72899507337856, 11.652294584577676, 23.500836573199333, 0.00020262407701774227, 0.0005272579573676433]",2023-01-02,0.5372161485622635,2,6,2.8958056999836117
2023-01-09,GAT,reverse,rewired,48,688,2022-10-17,2022-12-26,2023-01-02,5352,625,1,32,0.2,0.001,0.0001,4,0.5,0.9591397849462365,1.044496487119438,5352,"[1.5840807174887892, 5.293161434977579, 1.7668161434977578, 7.726083707025411, 6.624770446121357e-05, 0.0001242560489388063]","[10.358269766496479, 11.72899507337856, 11.652294584577676, 23.500836573199333, 0.00020262407701774227, 0.0005272579573676433]",2023-01-02,0.47309932556713674,3,7,2.9281709999777377
2023-01-09,GAT,reverse,rewired,49,688,2022-10-17,2022-12-26,2023-01-02,5352,625,1,32,0.2,0.001,0.0001,4,0.5,0.9591397849462365,1.044496487119438,5352,"[1.5840807174887892, 5.293161434977579, 1.7668161434977578, 7.726083707025411, 6.624770446121357e-05, 0.0001242560489388063]","[10.358269766496479, 11.72899507337856, 11.652294584577676, 23.500836573199333, 0.00020262407701774227, 0.0005272579573676433]",2023-01-02,0.5238443365372036,5,9,3.8216332000447437
2023-01-09,GAT,reverse,rewired,50,688,2022-10-17,2022-12-26,2023-01-02,5352,625,1,32,0.2,0.001,0.0001,4,0.5,0.9591397849462365,1.044496487119438,5352,"[1.5840807174887892, 5.293161434977579, 1.7668161434977578, 7.726083707025411, 6.624770446121357e-05, 0.0001242560489388063]","[10.358269766496479, 11.72899507337856, 11.652294584577676, 23.500836573199333, 0.00020262407701774227, 0.0005272579573676433]",2023-01-02,0.5147981690203013,5,9,3.6648813000065275
2023-01-09,GAT,reverse,rewired,51,688,2022-10-17,2022-12-26,2023-01-02,5352,625,1,32,0.2,0.001,0.0001,4,0.5,0.9591397849462365,1.044496487119438,5352,"[1.5840807174887892, 5.293161434977579, 1.7668161434977578, 7.726083707025411, 6.624770446121357e-05, 0.0001242560489388063]","[10.358269766496479, 11.72899507337856, 11.652294584577676, 23.500836573199333, 0.00020262407701774227, 0.0005272579573676433]",2023-01-02,0.4516760144519283,10,14,5.808359299961012
2023-01-23,GraphSAGE,reverse,feature_only,42,747,2022-10-17,2023-01-09,2023-01-16,6665,809,0,16,0.0,0.001,0.0,2,0.5,0.9513274336283186,1.053921568627451,6665,"[2.0688672168042013, 5.537134283570893, 2.336384096024006, 8.25821455363841, 6.26646651027045e-05, 0.00011208421570173999]","[26.83437402659936, 12.253603412419608, 31.254649050986565, 25.208890573644023, 0.00025038288253314645, 0.0004840743561709058]",2023-01-16,0.5133404104741685,10,14,0.30031289998441935
2023-01-23,GraphSAGE,reverse,feature_only,43,747,2022-10-17,2023-01-09,2023-01-16,6665,809,0,16,0.0,0.001,0.0,2,0.5,0.9513274336283186,1.053921568627451,6665,"[2.0688672168042013, 5.537134283570893, 2.336384096024006, 8.25821455363841, 6.26646651027045e-05, 0.00011208421570173999]","[26.83437402659936, 12.253603412419608, 31.254649050986565, 25.208890573644023, 0.00025038288253314645, 0.0004840743561709058]",2023-01-16,0.33605199088981386,1,5,0.10882500000298023
2023-01-23,GraphSAGE,reverse,feature_only,44,747,2022-10-17,2023-01-09,2023-01-16,6665,809,0,16,0.0,0.001,0.0,2,0.5,0.9513274336283186,1.053921568627451,6665,"[2.0688672168042013, 5.537134283570893, 2.336384096024006, 8.25821455363841, 6.26646651027045e-05, 0.00011208421570173999]","[26.83437402659936, 12.253603412419608, 31.254649050986565, 25.208890573644023, 0.00025038288253314645, 0.0004840743561709058]",2023-01-16,0.48487875370930067,29,30,0.6764499999699183
2023-01-23,GraphSAGE,reverse,feature_only,45,747,2022-10-17,2023-01-09,2023-01-16,6665,809,0,16,0.0,0.001,0.0,2,0.5,0.9513274336283186,1.053921568627451,6665,"[2.0688672168042013, 5.537134283570893, 2.336384096024006, 8.25821455363841, 6.26646651027045e-05, 0.00011208421570173999]","[26.83437402659936, 12.253603412419608, 31.254649050986565, 25.208890573644023, 0.00025038288253314645, 0.0004840743561709058]",2023-01-16,0.527824941634727,26,30,0.7010016000131145
2023-01-23,GraphSAGE,reverse,feature_only,46,747,2022-10-17,2023-01-09,2023-01-16,6665,809,0,16,0.0,0.001,0.0,2,0.5,0.9513274336283186,1.053921568627451,6665,"[2.0688672168042013, 5.537134283570893, 2.336384096024006, 8.25821455363841, 6.26646651027045e-05, 0.00011208421570173999]","[26.83437402659936, 12.253603412419608, 31.254649050986565, 25.208890573644023, 0.00025038288253314645, 0.0004840743561709058]",2023-01-16,0.5102967648699356,12,16,0.3791093000327237
2023-01-23,GraphSAGE,reverse,feature_only,47,747,2022-10-17,2023-01-09,2023-01-16,6665,809,0,16,0.0,0.001,0.0,2,0.5,0.9513274336283186,1.053921568627451,6665,"[2.0688672168042013, 5.537134283570893, 2.336384096024006, 8.25821455363841, 6.26646651027045e-05, 0.00011208421570173999]","[26.83437402659936, 12.253603412419608, 31.254649050986565, 25.208890573644023, 0.00025038288253314645, 0.0004840743561709058]",2023-01-16,0.4723202146033146,2,6,0.13669519999530166
2023-01-23,GraphSAGE,reverse,feature_only,48,747,2022-10-17,2023-01-09,2023-01-16,6665,809,0,16,0.0,0.001,0.0,2,0.5,0.9513274336283186,1.053921568627451,6665,"[2.0688672168042013, 5.537134283570893, 2.336384096024006, 8.25821455363841, 6.26646651027045e-05, 0.00011208421570173999]","[26.83437402659936, 12.253603412419608, 31.254649050986565, 25.208890573644023, 0.00025038288253314645, 0.0004840743561709058]",2023-01-16,0.3280730897009967,1,5,0.12234040000475943
2023-01-23,GraphSAGE,reverse,feature_only,49,747,2022-10-17,2023-01-09,2023-01-16,6665,809,0,16,0.0,0.001,0.0,2,0.5,0.9513274336283186,1.053921568627451,6665,"[2.0688672168042013, 5.537134283570893, 2.336384096024006, 8.25821455363841, 6.26646651027045e-05, 0.00011208421570173999]","[26.83437402659936, 12.253603412419608, 31.254649050986565, 25.208890573644023, 0.00025038288253314645, 0.0004840743561709058]",2023-01-16,0.5222888259026608,24,28,0.6521191999781877
2023-01-23,GraphSAGE,reverse,feature_only,50,747,2022-10-17,2023-01-09,2023-01-16,6665,809,0,16,0.0,0.001,0.0,2,0.5,0.9513274336283186,1.053921568627451,6665,"[2.0688672168042013, 5.537134283570893, 2.336384096024006, 8.25821455363841, 6.26646651027045e-05, 0.00011208421570173999]","[26.83437402659936, 12.253603412419608, 31.254649050986565, 25.208890573644023, 0.00025038288253314645, 0.0004840743561709058]",2023-01-16,0.4909051164516044,10,14,0.29577269998844713
2023-01-23,GraphSAGE,reverse,feature_only,51,747,2022-10-17,2023-01-09,2023-01-16,6665,809,0,16,0.0,0.001,0.0,2,0.5,0.9513274336283186,1.053921568627451,6665,"[2.0688672168042013, 5.537134283570893, 2.336384096024006, 8.25821455363841, 6.26646651027045e-05, 0.00011208421570173999]","[26.83437402659936, 12.253603412419608, 31.254649050986565, 25.208890573644023, 0.00025038288253314645, 0.0004840743561709058]",2023-01-16,0.5178599607486859,4,8,0.16109149996191263
2023-01-23,GraphSAGE,reverse,rewired,42,747,2022-10-17,2023-01-09,2023-01-16,6665,809,0,16,0.0,0.001,0.0,2,0.5,0.9513274336283186,1.053921568627451,6665,"[2.0688672168042013, 5.537134283570893, 2.336384096024006, 8.25821455363841, 6.26646651027045e-05, 0.00011208421570173999]","[26.83437402659936, 12.253603412419608, 31.254649050986565, 25.208890573644023, 0.00025038288253314645, 0.0004840743561709058]",2023-01-16,0.5274768865567216,8,12,0.23809269996127114
2023-01-23,GraphSAGE,reverse,rewired,43,747,2022-10-17,2023-01-09,2023-01-16,6665,809,0,16,0.0,0.001,0.0,2,0.5,0.9513274336283186,1.053921568627451,6665,"[2.0688672168042013, 5.537134283570893, 2.336384096024006, 8.25821455363841, 6.26646651027045e-05, 0.00011208421570173999]","[26.83437402659936, 12.253603412419608, 31.254649050986565, 25.208890573644023, 0.00025038288253314645, 0.0004840743561709058]",2023-01-16,0.5236481710206395,6,10,0.18656790000386536
2023-01-23,GraphSAGE,reverse,rewired,44,747,2022-10-17,2023-01-09,2023-01-16,6665,809,0,16,0.0,0.001,0.0,2,0.5,0.9513274336283186,1.053921568627451,6665,"[2.0688672168042013, 5.537134283570893, 2.336384096024006, 8.25821455363841, 6.26646651027045e-05, 0.00011208421570173999]","[26.83437402659936, 12.253603412419608, 31.254649050986565, 25.208890573644023, 0.00025038288253314645, 0.0004840743561709058]",2023-01-16,0.48488398746911854,25,29,0.6843567999894731
2023-01-23,GraphSAGE,reverse,rewired,45,747,2022-10-17,2023-01-09,2023-01-16,6665,809,0,16,0.0,0.001,0.0,2,0.5,0.9513274336283186,1.053921568627451,6665,"[2.0688672168042013, 5.537134283570893, 2.336384096024006, 8.25821455363841, 6.26646651027045e-05, 0.00011208421570173999]","[26.83437402659936, 12.253603412419608, 31.254649050986565, 25.208890573644023, 0.00025038288253314645, 0.0004840743561709058]",2023-01-16,0.5199618342956513,22,26,0.565632599988021
2023-01-23,GraphSAGE,reverse,rewired,46,747,2022-10-17,2023-01-09,2023-01-16,6665,809,0,16,0.0,0.001,0.0,2,0.5,0.9513274336283186,1.053921568627451,6665,"[2.0688672168042013, 5.537134283570893, 2.336384096024006, 8.25821455363841, 6.26646651027045e-05, 0.00011208421570173999]","[26.83437402659936, 12.253603412419608, 31.254649050986565, 25.208890573644023, 0.00025038288253314645, 0.0004840743561709058]",2023-01-16,0.5148781032981093,7,11,0.22789999999804422
2023-01-23,GraphSAGE,reverse,rewired,47,747,2022-10-17,2023-01-09,2023-01-16,6665,809,0,16,0.0,0.001,0.0,2,0.5,0.9513274336283186,1.053921568627451,6665,"[2.0688672168042013, 5.537134283570893, 2.336384096024006, 8.25821455363841, 6.26646651027045e-05, 0.00011208421570173999]","[26.83437402659936, 12.253603412419608, 31.254649050986565, 25.208890573644023, 0.00025038288253314645, 0.0004840743561709058]",2023-01-16,0.4893808542081527,1,5,0.10173300001770258
2023-01-23,GraphSAGE,reverse,rewired,48,747,2022-10-17,2023-01-09,2023-01-16,6665,809,0,16,0.0,0.001,0.0,2,0.5,0.9513274336283186,1.053921568627451,6665,"[2.0688672168042013, 5.537134283570893, 2.336384096024006, 8.25821455363841, 6.26646651027045e-05, 0.00011208421570173999]","[26.83437402659936, 12.253603412419608, 31.254649050986565, 25.208890573644023, 0.00025038288253314645, 0.0004840743561709058]",2023-01-16,0.5244498328373562,7,11,0.18991930002812296
2023-01-23,GraphSAGE,reverse,rewired,49,747,2022-10-17,2023-01-09,2023-01-16,6665,809,0,16,0.0,0.001,0.0,2,0.5,0.9513274336283186,1.053921568627451,6665,"[2.0688672168042013, 5.537134283570893, 2.336384096024006, 8.25821455363841, 6.26646651027045e-05, 0.00011208421570173999]","[26.83437402659936, 12.253603412419608, 31.254649050986565, 25.208890573644023, 0.00025038288253314645, 0.0004840743561709058]",2023-01-16,0.5006053355664553,30,30,0.5954352000262588
2023-01-23,GraphSAGE,reverse,rewired,50,747,2022-10-17,2023-01-09,2023-01-16,6665,809,0,16,0.0,0.001,0.0,2,0.5,0.9513274336283186,1.053921568627451,6665,"[2.0688672168042013, 5.537134283570893, 2.336384096024006, 8.25821455363841, 6.26646651027045e-05, 0.00011208421570173999]","[26.83437402659936, 12.253603412419608, 31.254649050986565, 25.208890573644023, 0.00025038288253314645, 0.0004840743561709058]",2023-01-16,0.4993811881188119,18,22,0.4013425000011921
2023-01-23,GraphSAGE,reverse,rewired,51,747,2022-10-17,2023-01-09,2023-01-16,6665,809,0,16,0.0,0.001,0.0,2,0.5,0.9513274336283186,1.053921568627451,6665,"[2.0688672168042013, 5.537134283570893, 2.336384096024006, 8.25821455363841, 6.26646651027045e-05, 0.00011208421570173999]","[26.83437402659936, 12.253603412419608, 31.254649050986565, 25.208890573644023, 0.00025038288253314645, 0.0004840743561709058]",2023-01-16,0.5179167328778007,10,14,0.27767779998248443
2023-01-23,GAT,reverse,feature_only,42,747,2022-10-17,2023-01-09,2023-01-16,6665,809,1,32,0.2,0.001,0.0001,4,0.5,0.9513274336283186,1.053921568627451,6665,"[2.0688672168042013, 5.537134283570893, 2.336384096024006, 8.25821455363841, 6.26646651027045e-05, 0.00011208421570173999]","[26.83437402659936, 12.253603412419608, 31.254649050986565, 25.208890573644023, 0.00025038288253314645, 0.0004840743561709058]",2023-01-16,0.5185631878377199,8,12,5.538868100033142
2023-01-23,GAT,reverse,feature_only,43,747,2022-10-17,2023-01-09,2023-01-16,6665,809,1,32,0.2,0.001,0.0001,4,0.5,0.9513274336283186,1.053921568627451,6665,"[2.0688672168042013, 5.537134283570893, 2.336384096024006, 8.25821455363841, 6.26646651027045e-05, 0.00011208421570173999]","[26.83437402659936, 12.253603412419608, 31.254649050986565, 25.208890573644023, 0.00025038288253314645, 0.0004840743561709058]",2023-01-16,0.5213287501408769,11,15,6.8739593999926
2023-01-23,GAT,reverse,feature_only,44,747,2022-10-17,2023-01-09,2023-01-16,6665,809,1,32,0.2,0.001,0.0001,4,0.5,0.9513274336283186,1.053921568627451,6665,"[2.0688672168042013, 5.537134283570893, 2.336384096024006, 8.25821455363841, 6.26646651027045e-05, 0.00011208421570173999]","[26.83437402659936, 12.253603412419608, 31.254649050986565, 25.208890573644023, 0.00025038288253314645, 0.0004840743561709058]",2023-01-16,0.519525428880236,1,5,2.3435790999792516
2023-01-23,GAT,reverse,feature_only,45,747,2022-10-17,2023-01-09,2023-01-16,6665,809,1,32,0.2,0.001,0.0001,4,0.5,0.9513274336283186,1.053921568627451,6665,"[2.0688672168042013, 5.537134283570893, 2.336384096024006, 8.25821455363841, 6.26646651027045e-05, 0.00011208421570173999]","[26.83437402659936, 12.253603412419608, 31.254649050986565, 25.208890573644023, 0.00025038288253314645, 0.0004840743561709058]",2023-01-16,0.49588465024525485,5,9,4.197032900003251
2023-01-23,GAT,reverse,feature_only,46,747,2022-10-17,2023-01-09,2023-01-16,6665,809,1,32,0.2,0.001,0.0001,4,0.5,0.9513274336283186,1.053921568627451,6665,"[2.0688672168042013, 5.537134283570893, 2.336384096024006, 8.25821455363841, 6.26646651027045e-05, 0.00011208421570173999]","[26.83437402659936, 12.253603412419608, 31.254649050986565, 25.208890573644023, 0.00025038288253314645, 0.0004840743561709058]",2023-01-16,0.5299056742996286,7,11,5.2466492999810725
2023-01-23,GAT,reverse,feature_only,47,747,2022-10-17,2023-01-09,2023-01-16,6665,809,1,32,0.2,0.001,0.0001,4,0.5,0.9513274336283186,1.053921568627451,6665,"[2.0688672168042013, 5.537134283570893, 2.336384096024006, 8.25821455363841, 6.26646651027045e-05, 0.00011208421570173999]","[26.83437402659936, 12.253603412419608, 31.254649050986565, 25.208890573644023, 0.00025038288253314645, 0.0004840743561709058]",2023-01-16,0.5198143398448699,2,6,3.0201232999679632
2023-01-23,GAT,reverse,feature_only,48,747,2022-10-17,2023-01-09,2023-01-16,6665,809,1,32,0.2,0.001,0.0001,4,0.5,0.9513274336283186,1.053921568627451,6665,"[2.0688672168042013, 5.537134283570893, 2.336384096024006, 8.25821455363841, 6.26646651027045e-05, 0.00011208421570173999]","[26.83437402659936, 12.253603412419608, 31.254649050986565, 25.208890573644023, 0.00025038288253314645, 0.0004840743561709058]",2023-01-16,0.5035580303003317,10,14,7.370360700006131
2023-01-23,GAT,reverse,feature_only,49,747,2022-10-17,2023-01-09,2023-01-16,6665,809,1,32,0.2,0.001,0.0001,4,0.5,0.9513274336283186,1.053921568627451,6665,"[2.0688672168042013, 5.537134283570893, 2.336384096024006, 8.25821455363841, 6.26646651027045e-05, 0.00011208421570173999]","[26.83437402659936, 12.253603412419608, 31.254649050986565, 25.208890573644023, 0.00025038288253314645, 0.0004840743561709058]",2023-01-16,0.5270943896455382,5,9,4.81698940001661
2023-01-23,GAT,reverse,feature_only,50,747,2022-10-17,2023-01-09,2023-01-16,6665,809,1,32,0.2,0.001,0.0001,4,0.5,0.9513274336283186,1.053921568627451,6665,"[2.0688672168042013, 5.537134283570893, 2.336384096024006, 8.25821455363841, 6.26646651027045e-05, 0.00011208421570173999]","[26.83437402659936, 12.253603412419608, 31.254649050986565, 25.208890573644023, 0.00025038288253314645, 0.0004840743561709058]",2023-01-16,0.5271245857090641,5,9,5.082391900010407
2023-01-23,GAT,reverse,feature_only,51,747,2022-10-17,2023-01-09,2023-01-16,6665,809,1,32,0.2,0.001,0.0001,4,0.5,0.9513274336283186,1.053921568627451,6665,"[2.0688672168042013, 5.537134283570893, 2.336384096024006, 8.25821455363841, 6.26646651027045e-05, 0.00011208421570173999]","[26.83437402659936, 12.253603412419608, 31.254649050986565, 25.208890573644023, 0.00025038288253314645, 0.0004840743561709058]",2023-01-16,0.5043290478103656,14,18,9.824758799979463
2023-01-23,GAT,reverse,rewired,42,747,2022-10-17,2023-01-09,2023-01-16,6665,809,1,32,0.2,0.001,0.0001,4,0.5,0.9513274336283186,1.053921568627451,6665,"[2.0688672168042013, 5.537134283570893, 2.336384096024006, 8.25821455363841, 6.26646651027045e-05, 0.00011208421570173999]","[26.83437402659936, 12.253603412419608, 31.254649050986565, 25.208890573644023, 0.00025038288253314645, 0.0004840743561709058]",2023-01-16,0.5092417208294645,7,11,5.729453300009482
2023-01-23,GAT,reverse,rewired,43,747,2022-10-17,2023-01-09,2023-01-16,6665,809,1,32,0.2,0.001,0.0001,4,0.5,0.9513274336283186,1.053921568627451,6665,"[2.0688672168042013, 5.537134283570893, 2.336384096024006, 8.25821455363841, 6.26646651027045e-05, 0.00011208421570173999]","[26.83437402659936, 12.253603412419608, 31.254649050986565, 25.208890573644023, 0.00025038288253314645, 0.0004840743561709058]",2023-01-16,0.5053458345523415,9,13,7.004402599995956
2023-01-23,GAT,reverse,rewired,44,747,2022-10-17,2023-01-09,2023-01-16,6665,809,1,32,0.2,0.001,0.0001,4,0.5,0.9513274336283186,1.053921568627451,6665,"[2.0688672168042013, 5.537134283570893, 2.336384096024006, 8.25821455363841, 6.26646651027045e-05, 0.00011208421570173999]","[26.83437402659936, 12.253603412419608, 31.254649050986565, 25.208890573644023, 0.00025038288253314645, 0.0004840743561709058]",2023-01-16,0.5156139480052119,13,17,8.886011000024155
2023-01-23,GAT,reverse,rewired,45,747,2022-10-17,2023-01-09,2023-01-16,6665,809,1,32,0.2,0.001,0.0001,4,0.5,0.9513274336283186,1.053921568627451,6665,"[2.0688672168042013, 5.537134283570893, 2.336384096024006, 8.25821455363841, 6.26646651027045e-05, 0.00011208421570173999]","[26.83437402659936, 12.253603412419608, 31.254649050986565, 25.208890573644023, 0.00025038288253314645, 0.0004840743561709058]",2023-01-16,0.5003281219841729,6,10,5.160738399950787
2023-01-23,GAT,reverse,rewired,46,747,2022-10-17,2023-01-09,2023-01-16,6665,809,1,32,0.2,0.001,0.0001,4,0.5,0.9513274336283186,1.053921568627451,6665,"[2.0688672168042013, 5.537134283570893, 2.336384096024006, 8.25821455363841, 6.26646651027045e-05, 0.00011208421570173999]","[26.83437402659936, 12.253603412419608, 31.254649050986565, 25.208890573644023, 0.00025038288253314645, 0.0004840743561709058]",2023-01-16,0.5067955023629555,3,7,3.509858700039331
2023-01-23,GAT,reverse,rewired,47,747,2022-10-17,2023-01-09,2023-01-16,6665,809,1,32,0.2,0.001,0.0001,4,0.5,0.9513274336283186,1.053921568627451,6665,"[2.0688672168042013, 5.537134283570893, 2.336384096024006, 8.25821455363841, 6.26646651027045e-05, 0.00011208421570173999]","[26.83437402659936, 12.253603412419608, 31.254649050986565, 25.208890573644023, 0.00025038288253314645, 0.0004840743561709058]",2023-01-16,0.502108001504071,3,7,3.537791900045704
2023-01-23,GAT,reverse,rewired,48,747,2022-10-17,2023-01-09,2023-01-16,6665,809,1,32,0.2,0.001,0.0001,4,0.5,0.9513274336283186,1.053921568627451,6665,"[2.0688672168042013, 5.537134283570893, 2.336384096024006, 8.25821455363841, 6.26646651027045e-05, 0.00011208421570173999]","[26.83437402659936, 12.253603412419608, 31.254649050986565, 25.208890573644023, 0.00025038288253314645, 0.0004840743561709058]",2023-01-16,0.5067991856576419,12,16,8.027247299964074
2023-01-23,GAT,reverse,rewired,49,747,2022-10-17,2023-01-09,2023-01-16,6665,809,1,32,0.2,0.001,0.0001,4,0.5,0.9513274336283186,1.053921568627451,6665,"[2.0688672168042013, 5.537134283570893, 2.336384096024006, 8.25821455363841, 6.26646651027045e-05, 0.00011208421570173999]","[26.83437402659936, 12.253603412419608, 31.254649050986565, 25.208890573644023, 0.00025038288253314645, 0.0004840743561709058]",2023-01-16,0.5054656152666469,8,12,5.909229299984872
2023-01-23,GAT,reverse,rewired,50,747,2022-10-17,2023-01-09,2023-01-16,6665,809,1,32,0.2,0.001,0.0001,4,0.5,0.9513274336283186,1.053921568627451,6665,"[2.0688672168042013, 5.537134283570893, 2.336384096024006, 8.25821455363841, 6.26646651027045e-05, 0.00011208421570173999]","[26.83437402659936, 12.253603412419608, 31.254649050986565, 25.208890573644023, 0.00025038288253314645, 0.0004840743561709058]",2023-01-16,0.5005257045051653,5,9,4.387867700017523
2023-01-23,GAT,reverse,rewired,51,747,2022-10-17,2023-01-09,2023-01-16,6665,809,1,32,0.2,0.001,0.0001,4,0.5,0.9513274336283186,1.053921568627451,6665,"[2.0688672168042013, 5.537134283570893, 2.336384096024006, 8.25821455363841, 6.26646651027045e-05, 0.00011208421570173999]","[26.83437402659936, 12.253603412419608, 31.254649050986565, 25.208890573644023, 0.00025038288253314645, 0.0004840743561709058]",2023-01-16,0.48950749394108645,7,11,6.7380296000046656
2023-01-30,GraphSAGE,reverse,feature_only,42,745,2022-10-17,2023-01-16,2023-01-23,7474,747,2,64,0.5,0.0003,0.0001,4,0.5,0.9586967675731144,1.0450223713646531,7474,"[2.146641691196147, 5.647979662831148, 2.4327000267594325, 8.521139951833021, 5.936269572647133e-05, 0.00010670697227549969]","[26.144852052150114, 12.509235734384415, 30.436448457676192, 26.056470959662867, 0.00023904058363441195, 0.0004639502461054025]",2023-01-23,0.4879298591122557,10,14,0.9665311999851838
2023-01-30,GraphSAGE,reverse,feature_only,43,745,2022-10-17,2023-01-16,2023-01-23,7474,747,2,64,0.5,0.0003,0.0001,4,0.5,0.9586967675731144,1.0450223713646531,7474,"[2.146641691196147, 5.647979662831148, 2.4327000267594325, 8.521139951833021, 5.936269572647133e-05, 0.00010670697227549969]","[26.144852052150114, 12.509235734384415, 30.436448457676192, 26.056470959662867, 0.00023904058363441195, 0.0004639502461054025]",2023-01-23,0.440702388856711,19,23,1.4796785999787971
2023-01-30,GraphSAGE,reverse,feature_only,44,745,2022-10-17,2023-01-16,2023-01-23,7474,747,2,64,0.5,0.0003,0.0001,4,0.5,0.9586967675731144,1.0450223713646531,7474,"[2.146641691196147, 5.647979662831148, 2.4327000267594325, 8.521139951833021, 5.936269572647133e-05, 0.00010670697227549969]","[26.144852052150114, 12.509235734384415, 30.436448457676192, 26.056470959662867, 0.00023904058363441195, 0.0004639502461054025]",2023-01-23,0.5428791522080316,11,15,0.9324443999794312
2023-01-30,GraphSAGE,reverse,feature_only,45,745,2022-10-17,2023-01-16,2023-01-23,7474,747,2,64,0.5,0.0003,0.0001,4,0.5,0.9586967675731144,1.0450223713646531,7474,"[2.146641691196147, 5.647979662831148, 2.4327000267594325, 8.521139951833021, 5.936269572647133e-05, 0.00010670697227549969]","[26.144852052150114, 12.509235734384415, 30.436448457676192, 26.056470959662867, 0.00023904058363441195, 0.0004639502461054025]",2023-01-23,0.534662276408294,6,10,0.668225799978245
2023-01-30,GraphSAGE,reverse,feature_only,46,745,2022-10-17,2023-01-16,2023-01-23,7474,747,2,64,0.5,0.0003,0.0001,4,0.5,0.9586967675731144,1.0450223713646531,7474,"[2.146641691196147, 5.647979662831148, 2.4327000267594325, 8.521139951833021, 5.936269572647133e-05, 0.00010670697227549969]","[26.144852052150114, 12.509235734384415, 30.436448457676192, 26.056470959662867, 0.00023904058363441195, 0.0004639502461054025]",2023-01-23,0.49142156862745096,12,16,1.0907495999708772
2023-01-30,GraphSAGE,reverse,feature_only,47,745,2022-10-17,2023-01-16,2023-01-23,7474,747,2,64,0.5,0.0003,0.0001,4,0.5,0.9586967675731144,1.0450223713646531,7474,"[2.146641691196147, 5.647979662831148, 2.4327000267594325, 8.521139951833021, 5.936269572647133e-05, 0.00010670697227549969]","[26.144852052150114, 12.509235734384415, 30.436448457676192, 26.056470959662867, 0.00023904058363441195, 0.0004639502461054025]",2023-01-23,0.4562237461812627,4,8,0.5552811999805272
2023-01-30,GraphSAGE,reverse,feature_only,48,745,2022-10-17,2023-01-16,2023-01-23,7474,747,2,64,0.5,0.0003,0.0001,4,0.5,0.9586967675731144,1.0450223713646531,7474,"[2.146641691196147, 5.647979662831148, 2.4327000267594325, 8.521139951833021, 5.936269572647133e-05, 0.00010670697227549969]","[26.144852052150114, 12.509235734384415, 30.436448457676192, 26.056470959662867, 0.00023904058363441195, 0.0004639502461054025]",2023-01-23,0.5421804023361454,6,10,0.6314405999728478
2023-01-30,GraphSAGE,reverse,feature_only,49,745,2022-10-17,2023-01-16,2023-01-23,7474,747,2,64,0.5,0.0003,0.0001,4,0.5,0.9586967675731144,1.0450223713646531,7474,"[2.146641691196147, 5.647979662831148, 2.4327000267594325, 8.521139951833021, 5.936269572647133e-05, 0.00010670697227549969]","[26.144852052150114, 12.509235734384415, 30.436448457676192, 26.056470959662867, 0.00023904058363441195, 0.0004639502461054025]",2023-01-23,0.49698631041828356,4,8,0.5354120000265539
2023-01-30,GraphSAGE,reverse,feature_only,50,745,2022-10-17,2023-01-16,2023-01-23,7474,747,2,64,0.5,0.0003,0.0001,4,0.5,0.9586967675731144,1.0450223713646531,7474,"[2.146641691196147, 5.647979662831148, 2.4327000267594325, 8.521139951833021, 5.936269572647133e-05, 0.00010670697227549969]","[26.144852052150114, 12.509235734384415, 30.436448457676192, 26.056470959662867, 0.00023904058363441195, 0.0004639502461054025]",2023-01-23,0.43885949441504996,9,13,0.900299199973233
2023-01-30,GraphSAGE,reverse,feature_only,51,745,2022-10-17,2023-01-16,2023-01-23,7474,747,2,64,0.5,0.0003,0.0001,4,0.5,0.9586967675731144,1.0450223713646531,7474,"[2.146641691196147, 5.647979662831148, 2.4327000267594325, 8.521139951833021, 5.936269572647133e-05, 0.00010670697227549969]","[26.144852052150114, 12.509235734384415, 30.436448457676192, 26.056470959662867, 0.00023904058363441195, 0.0004639502461054025]",2023-01-23,0.4838217102575158,2,6,0.40919790003681555
2023-01-30,GraphSAGE,reverse,rewired,42,745,2022-10-17,2023-01-16,2023-01-23,7474,747,2,64,0.5,0.0003,0.0001,4,0.5,0.9586967675731144,1.0450223713646531,7474,"[2.146641691196147, 5.647979662831148, 2.4327000267594325, 8.521139951833021, 5.936269572647133e-05, 0.00010670697227549969]","[26.144852052150114, 12.509235734384415, 30.436448457676192, 26.056470959662867, 0.00023904058363441195, 0.0004639502461054025]",2023-01-23,0.4900736227468901,8,12,0.8804057000088505
2023-01-30,GraphSAGE,reverse,rewired,43,745,2022-10-17,2023-01-16,2023-01-23,7474,747,2,64,0.5,0.0003,0.0001,4,0.5,0.9586967675731144,1.0450223713646531,7474,"[2.146641691196147, 5.647979662831148, 2.4327000267594325, 8.521139951833021, 5.936269572647133e-05, 0.00010670697227549969]","[26.144852052150114, 12.509235734384415, 30.436448457676192, 26.056470959662867, 0.00023904058363441195, 0.0004639502461054025]",2023-01-23,0.4384175662066129,6,10,0.6659696999704465
2023-01-30,GraphSAGE,reverse,rewired,44,745,2022-10-17,2023-01-16,2023-01-23,7474,747,2,64,0.5,0.0003,0.0001,4,0.5,0.9586967675731144,1.0450223713646531,7474,"[2.146641691196147, 5.647979662831148, 2.4327000267594325, 8.521139951833021, 5.936269572647133e-05, 0.00010670697227549969]","[26.144852052150114, 12.509235734384415, 30.436448457676192, 26.056470959662867, 0.00023904058363441195, 0.0004639502461054025]",2023-01-23,0.5251420390596159,18,22,1.4889694000012241
2023-01-30,GraphSAGE,reverse,rewired,45,745,2022-10-17,2023-01-16,2023-01-23,7474,747,2,64,0.5,0.0003,0.0001,4,0.5,0.9586967675731144,1.0450223713646531,7474,"[2.146641691196147, 5.647979662831148, 2.4327000267594325, 8.521139951833021, 5.936269572647133e-05, 0.00010670697227549969]","[26.144852052150114, 12.509235734384415, 30.436448457676192, 26.056470959662867, 0.00023904058363441195, 0.0004639502461054025]",2023-01-23,0.5273584043275874,8,12,0.7611717999679968
2023-01-30,GraphSAGE,reverse,rewired,46,745,2022-10-17,2023-01-16,2023-01-23,7474,747,2,64,0.5,0.0003,0.0001,4,0.5,0.9586967675731144,1.0450223713646531,7474,"[2.146641691196147, 5.647979662831148, 2.4327000267594325, 8.521139951833021, 5.936269572647133e-05, 0.00010670697227549969]","[26.144852052150114, 12.509235734384415, 30.436448457676192, 26.056470959662867, 0.00023904058363441195, 0.0004639502461054025]",2023-01-23,0.48125800527769635,16,20,1.3704521000036038
2023-01-30,GraphSAGE,reverse,rewired,47,745,2022-10-17,2023-01-16,2023-01-23,7474,747,2,64,0.5,0.0003,0.0001,4,0.5,0.9586967675731144,1.0450223713646531,7474,"[2.146641691196147, 5.647979662831148, 2.4327000267594325, 8.521139951833021, 5.936269572647133e-05, 0.00010670697227549969]","[26.144852052150114, 12.509235734384415, 30.436448457676192, 26.056470959662867, 0.00023904058363441195, 0.0004639502461054025]",2023-01-23,0.520012995451592,1,5,0.3528533999924548
2023-01-30,GraphSAGE,reverse,rewired,48,745,2022-10-17,2023-01-16,2023-01-23,7474,747,2,64,0.5,0.0003,0.0001,4,0.5,0.9586967675731144,1.0450223713646531,7474,"[2.146641691196147, 5.647979662831148, 2.4327000267594325, 8.521139951833021, 5.936269572647133e-05, 0.00010670697227549969]","[26.144852052150114, 12.509235734384415, 30.436448457676192, 26.056470959662867, 0.00023904058363441195, 0.0004639502461054025]",2023-01-23,0.5390821614951079,6,10,0.7194343999726698
2023-01-30,GraphSAGE,reverse,rewired,49,745,2022-10-17,2023-01-16,2023-01-23,7474,747,2,64,0.5,0.0003,0.0001,4,0.5,0.9586967675731144,1.0450223713646531,7474,"[2.146641691196147, 5.647979662831148, 2.4327000267594325, 8.521139951833021, 5.936269572647133e-05, 0.00010670697227549969]","[26.144852052150114, 12.509235734384415, 30.436448457676192, 26.056470959662867, 0.00023904058363441195, 0.0004639502461054025]",2023-01-23,0.48149667898943105,5,9,0.7720833999919705
2023-01-30,GraphSAGE,reverse,rewired,50,745,2022-10-17,2023-01-16,2023-01-23,7474,747,2,64,0.5,0.0003,0.0001,4,0.5,0.9586967675731144,1.0450223713646531,7474,"[2.146641691196147, 5.647979662831148, 2.4327000267594325, 8.521139951833021, 5.936269572647133e-05, 0.00010670697227549969]","[26.144852052150114, 12.509235734384415, 30.436448457676192, 26.056470959662867, 0.00023904058363441195, 0.0004639502461054025]",2023-01-23,0.43673331766677226,9,13,1.0238849999732338
2023-01-30,GraphSAGE,reverse,rewired,51,745,2022-10-17,2023-01-16,2023-01-23,7474,747,2,64,0.5,0.0003,0.0001,4,0.5,0.9586967675731144,1.0450223713646531,7474,"[2.146641691196147, 5.647979662831148, 2.4327000267594325, 8.521139951833021, 5.936269572647133e-05, 0.00010670697227549969]","[26.144852052150114, 12.509235734384415, 30.436448457676192, 26.056470959662867, 0.00023904058363441195, 0.0004639502461054025]",2023-01-23,0.4657863473652948,6,10,0.8197725000209175
2023-01-16,GAT,reverse,feature_only,42,809,2022-10-17,2023-01-02,2023-01-09,5977,688,2,64,0.5,0.0003,0.0001,4,0.5,0.9560140754958413,1.0482286916871273,5977,"[2.0823155429145057, 5.38748536054877, 2.3526852936255644, 7.9307344821816965, 6.632018632836874e-05, 0.00011724705629273315]","[27.94163681471991, 11.856967716804222, 32.59123316276841, 23.95826680810461, 0.0002624848014539498, 0.0005028846768291411]",2023-01-09,0.5029228243021346,9,13,12.655673299974296
2023-01-16,GAT,reverse,feature_only,43,809,2022-10-17,2023-01-02,2023-01-09,5977,688,2,64,0.5,0.0003,0.0001,4,0.5,0.9560140754958413,1.0482286916871273,5977,"[2.0823155429145057, 5.38748536054877, 2.3526852936255644, 7.9307344821816965, 6.632018632836874e-05, 0.00011724705629273315]","[27.94163681471991, 11.856967716804222, 32.59123316276841, 23.95826680810461, 0.0002624848014539498, 0.0005028846768291411]",2023-01-09,0.49347257377699605,1,5,4.451207299949601
2023-01-16,GAT,reverse,feature_only,44,809,2022-10-17,2023-01-02,2023-01-09,5977,688,2,64,0.5,0.0003,0.0001,4,0.5,0.9560140754958413,1.0482286916871273,5977,"[2.0823155429145057, 5.38748536054877, 2.3526852936255644, 7.9307344821816965, 6.632018632836874e-05, 0.00011724705629273315]","[27.94163681471991, 11.856967716804222, 32.59123316276841, 23.95826680810461, 0.0002624848014539498, 0.0005028846768291411]",2023-01-09,0.4952545863170558,3,7,6.655601800011937
2023-01-16,GAT,reverse,feature_only,45,809,2022-10-17,2023-01-02,2023-01-09,5977,688,2,64,0.5,0.0003,0.0001,4,0.5,0.9560140754958413,1.0482286916871273,5977,"[2.0823155429145057, 5.38748536054877, 2.3526852936255644, 7.9307344821816965, 6.632018632836874e-05, 0.00011724705629273315]","[27.94163681471991, 11.856967716804222, 32.59123316276841, 23.95826680810461, 0.0002624848014539498, 0.0005028846768291411]",2023-01-09,0.4824221268839577,2,6,5.465544499980751
2023-01-16,GAT,reverse,feature_only,46,809,2022-10-17,2023-01-02,2023-01-09,5977,688,2,64,0.5,0.0003,0.0001,4,0.5,0.9560140754958413,1.0482286916871273,5977,"[2.0823155429145057, 5.38748536054877, 2.3526852936255644, 7.9307344821816965, 6.632018632836874e-05, 0.00011724705629273315]","[27.94163681471991, 11.856967716804222, 32.59123316276841, 23.95826680810461, 0.0002624848014539498, 0.0005028846768291411]",2023-01-09,0.46700025238393084,29,30,22.066238500003237
2023-01-16,GAT,reverse,feature_only,47,809,2022-10-17,2023-01-02,2023-01-09,5977,688,2,64,0.5,0.0003,0.0001,4,0.5,0.9560140754958413,1.0482286916871273,5977,"[2.0823155429145057, 5.38748536054877, 2.3526852936255644, 7.9307344821816965, 6.632018632836874e-05, 0.00011724705629273315]","[27.94163681471991, 11.856967716804222, 32.59123316276841, 23.95826680810461, 0.0002624848014539498, 0.0005028846768291411]",2023-01-09,0.5015422160458258,10,14,10.874576100031845
2023-01-16,GAT,reverse,feature_only,48,809,2022-10-17,2023-01-02,2023-01-09,5977,688,2,64,0.5,0.0003,0.0001,4,0.5,0.9560140754958413,1.0482286916871273,5977,"[2.0823155429145057, 5.38748536054877, 2.3526852936255644, 7.9307344821816965, 6.632018632836874e-05, 0.00011724705629273315]","[27.94163681471991, 11.856967716804222, 32.59123316276841, 23.95826680810461, 0.0002624848014539498, 0.0005028846768291411]",2023-01-09,0.459484241708007,11,15,12.537816900003236
2023-01-16,GAT,reverse,feature_only,49,809,2022-10-17,2023-01-02,2023-01-09,5977,688,2,64,0.5,0.0003,0.0001,4,0.5,0.9560140754958413,1.0482286916871273,5977,"[2.0823155429145057, 5.38748536054877, 2.3526852936255644, 7.9307344821816965, 6.632018632836874e-05, 0.00011724705629273315]","[27.94163681471991, 11.856967716804222, 32.59123316276841, 23.95826680810461, 0.0002624848014539498, 0.0005028846768291411]",2023-01-09,0.46254665393629024,9,13,11.922576799988747
2023-01-16,GAT,reverse,feature_only,50,809,2022-10-17,2023-01-02,2023-01-09,5977,688,2,64,0.5,0.0003,0.0001,4,0.5,0.9560140754958413,1.0482286916871273,5977,"[2.0823155429145057, 5.38748536054877, 2.3526852936255644, 7.9307344821816965, 6.632018632836874e-05, 0.00011724705629273315]","[27.94163681471991, 11.856967716804222, 32.59123316276841, 23.95826680810461, 0.0002624848014539498, 0.0005028846768291411]",2023-01-09,0.45604631217838765,21,25,23.27835719997529
2023-01-16,GAT,reverse,feature_only,51,809,2022-10-17,2023-01-02,2023-01-09,5977,688,2,64,0.5,0.0003,0.0001,4,0.5,0.9560140754958413,1.0482286916871273,5977,"[2.0823155429145057, 5.38748536054877, 2.3526852936255644, 7.9307344821816965, 6.632018632836874e-05, 0.00011724705629273315]","[27.94163681471991, 11.856967716804222, 32.59123316276841, 23.95826680810461, 0.0002624848014539498, 0.0005028846768291411]",2023-01-09,0.4609526726638745,7,11,9.655361999990419
2023-01-16,GAT,reverse,rewired,42,809,2022-10-17,2023-01-02,2023-01-09,5977,688,2,64,0.5,0.0003,0.0001,4,0.5,0.9560140754958413,1.0482286916871273,5977,"[2.0823155429145057, 5.38748536054877, 2.3526852936255644, 7.9307344821816965, 6.632018632836874e-05, 0.00011724705629273315]","[27.94163681471991, 11.856967716804222, 32.59123316276841, 23.95826680810461, 0.0002624848014539498, 0.0005028846768291411]",2023-01-09,0.5023567235173585,10,14,12.200807399989571
2023-01-16,GAT,reverse,rewired,43,809,2022-10-17,2023-01-02,2023-01-09,5977,688,2,64,0.5,0.0003,0.0001,4,0.5,0.9560140754958413,1.0482286916871273,5977,"[2.0823155429145057, 5.38748536054877, 2.3526852936255644, 7.9307344821816965, 6.632018632836874e-05, 0.00011724705629273315]","[27.94163681471991, 11.856967716804222, 32.59123316276841, 23.95826680810461, 0.0002624848014539498, 0.0005028846768291411]",2023-01-09,0.49709302325581395,3,7,6.073583199991845
2023-01-16,GAT,reverse,rewired,44,809,2022-10-17,2023-01-02,2023-01-09,5977,688,2,64,0.5,0.0003,0.0001,4,0.5,0.9560140754958413,1.0482286916871273,5977,"[2.0823155429145057, 5.38748536054877, 2.3526852936255644, 7.9307344821816965, 6.632018632836874e-05, 0.00011724705629273315]","[27.94163681471991, 11.856967716804222, 32.59123316276841, 23.95826680810461, 0.0002624848014539498, 0.0005028846768291411]",2023-01-09,0.5010616682237801,3,7,5.85935809998773
2023-01-16,GAT,reverse,rewired,45,809,2022-10-17,2023-01-02,2023-01-09,5977,688,2,64,0.5,0.0003,0.0001,4,0.5,0.9560140754958413,1.0482286916871273,5977,"[2.0823155429145057, 5.38748536054877, 2.3526852936255644, 7.9307344821816965, 6.632018632836874e-05, 0.00011724705629273315]","[27.94163681471991, 11.856967716804222, 32.59123316276841, 23.95826680810461, 0.0002624848014539498, 0.0005028846768291411]",2023-01-09,0.48878769981138187,2,6,5.003393999999389
2023-01-16,GAT,reverse,rewired,46,809,2022-10-17,2023-01-02,2023-01-09,5977,688,2,64,0.5,0.0003,0.0001,4,0.5,0.9560140754958413,1.0482286916871273,5977,"[2.0823155429145057, 5.38748536054877, 2.3526852936255644, 7.9307344821816965, 6.632018632836874e-05, 0.00011724705629273315]","[27.94163681471991, 11.856967716804222, 32.59123316276841, 23.95826680810461, 0.0002624848014539498, 0.0005028846768291411]",2023-01-09,0.4770886552855833,30,30,27.11965320003219
2023-01-16,GAT,reverse,rewired,47,809,2022-10-17,2023-01-02,2023-01-09,5977,688,2,64,0.5,0.0003,0.0001,4,0.5,0.9560140754958413,1.0482286916871273,5977,"[2.0823155429145057, 5.38748536054877, 2.3526852936255644, 7.9307344821816965, 6.632018632836874e-05, 0.00011724705629273315]","[27.94163681471991, 11.856967716804222, 32.59123316276841, 23.95826680810461, 0.0002624848014539498, 0.0005028846768291411]",2023-01-09,0.5040574605476709,14,18,17.335094299982302
2023-01-16,GAT,reverse,rewired,48,809,2022-10-17,2023-01-02,2023-01-09,5977,688,2,64,0.5,0.0003,0.0001,4,0.5,0.9560140754958413,1.0482286916871273,5977,"[2.0823155429145057, 5.38748536054877, 2.3526852936255644, 7.9307344821816965, 6.632018632836874e-05, 0.00011724705629273315]","[27.94163681471991, 11.856967716804222, 32.59123316276841, 23.95826680810461, 0.0002624848014539498, 0.0005028846768291411]",2023-01-09,0.46756718728014635,8,12,10.92907109996304
2023-01-16,GAT,reverse,rewired,49,809,2022-10-17,2023-01-02,2023-01-09,5977,688,2,64,0.5,0.0003,0.0001,4,0.5,0.9560140754958413,1.0482286916871273,5977,"[2.0823155429145057, 5.38748536054877, 2.3526852936255644, 7.9307344821816965, 6.632018632836874e-05, 0.00011724705629273315]","[27.94163681471991, 11.856967716804222, 32.59123316276841, 23.95826680810461, 0.0002624848014539498, 0.0005028846768291411]",2023-01-09,0.46881909106860853,7,11,11.764105700014625
2023-01-16,GAT,reverse,rewired,50,809,2022-10-17,2023-01-02,2023-01-09,5977,688,2,64,0.5,0.0003,0.0001,4,0.5,0.9560140754958413,1.0482286916871273,5977,"[2.0823155429145057, 5.38748536054877, 2.3526852936255644, 7.9307344821816965, 6.632018632836874e-05, 0.00011724705629273315]","[27.94163681471991, 11.856967716804222, 32.59123316276841, 23.95826680810461, 0.0002624848014539498, 0.0005028846768291411]",2023-01-09,0.46086726832489544,20,24,24.597886200004723
2023-01-16,GAT,reverse,rewired,51,809,2022-10-17,2023-01-02,2023-01-09,5977,688,2,64,0.5,0.0003,0.0001,4,0.5,0.9560140754958413,1.0482286916871273,5977,"[2.0823155429145057, 5.38748536054877, 2.3526852936255644, 7.9307344821816965, 6.632018632836874e-05, 0.00011724705629273315]","[27.94163681471991, 11.856967716804222, 32.59123316276841, 23.95826680810461, 0.0002624848014539498, 0.0005028846768291411]",2023-01-09,0.4704101868280972,13,17,17.693346000043675
2023-02-06,GraphSAGE,reverse,feature_only,42,738,2022-10-17,2023-01-23,2023-01-30,8221,745,2,64,0.5,0.0003,0.0001,4,0.5,0.9590527298180122,1.044599745870394,8221,"[2.168470988930787, 5.725702469285975, 2.4544459311519278, 8.71256538134047, 5.754328549672281e-05, 0.00010092494573824225]","[25.476840774460044, 12.54663825495975, 29.628207854083094, 26.533942229834093, 0.00024287137260688933, 0.0004437617227274794]",2023-01-30,0.3635414185863079,1,5,0.40224060002947226
2023-02-06,GraphSAGE,reverse,feature_only,43,738,2022-10-17,2023-01-23,2023-01-30,8221,745,2,64,0.5,0.0003,0.0001,4,0.5,0.9590527298180122,1.044599745870394,8221,"[2.168470988930787, 5.725702469285975, 2.4544459311519278, 8.71256538134047, 5.754328549672281e-05, 0.00010092494573824225]","[25.476840774460044, 12.54663825495975, 29.628207854083094, 26.533942229834093, 0.00024287137260688933, 0.0004437617227274794]",2023-01-30,0.37110743318244965,1,5,0.3929094999912195
2023-02-06,GraphSAGE,reverse,feature_only,44,738,2022-10-17,2023-01-23,2023-01-30,8221,745,2,64,0.5,0.0003,0.0001,4,0.5,0.9590527298180122,1.044599745870394,8221,"[2.168470988930787, 5.725702469285975, 2.4544459311519278, 8.71256538134047, 5.754328549672281e-05, 0.00010092494573824225]","[25.476840774460044, 12.54663825495975, 29.628207854083094, 26.533942229834093, 0.00024287137260688933, 0.0004437617227274794]",2023-01-30,0.49377984154945614,9,13,1.018564999976661
2023-02-06,GraphSAGE,reverse,feature_only,45,738,2022-10-17,2023-01-23,2023-01-30,8221,745,2,64,0.5,0.0003,0.0001,4,0.5,0.9590527298180122,1.044599745870394,8221,"[2.168470988930787, 5.725702469285975, 2.4544459311519278, 8.71256538134047, 5.754328549672281e-05, 0.00010092494573824225]","[25.476840774460044, 12.54663825495975, 29.628207854083094, 26.533942229834093, 0.00024287137260688933, 0.0004437617227274794]",2023-01-30,0.48637398373983737,5,9,0.6888225000002421
2023-02-06,GraphSAGE,reverse,feature_only,46,738,2022-10-17,2023-01-23,2023-01-30,8221,745,2,64,0.5,0.0003,0.0001,4,0.5,0.9590527298180122,1.044599745870394,8221,"[2.168470988930787, 5.725702469285975, 2.4544459311519278, 8.71256538134047, 5.754328549672281e-05, 0.00010092494573824225]","[25.476840774460044, 12.54663825495975, 29.628207854083094, 26.533942229834093, 0.00024287137260688933, 0.0004437617227274794]",2023-01-30,0.41019421564168645,15,19,1.575986300013028
2023-02-06,GraphSAGE,reverse,feature_only,47,738,2022-10-17,2023-01-23,2023-01-30,8221,745,2,64,0.5,0.0003,0.0001,4,0.5,0.9590527298180122,1.044599745870394,8221,"[2.168470988930787, 5.725702469285975, 2.4544459311519278, 8.71256538134047, 5.754328549672281e-05, 0.00010092494573824225]","[25.476840774460044, 12.54663825495975, 29.628207854083094, 26.533942229834093, 0.00024287137260688933, 0.0004437617227274794]",2023-01-30,0.44464656810501824,1,5,0.39229440002236515
2023-02-06,GraphSAGE,reverse,feature_only,48,738,2022-10-17,2023-01-23,2023-01-30,8221,745,2,64,0.5,0.0003,0.0001,4,0.5,0.9590527298180122,1.044599745870394,8221,"[2.168470988930787, 5.725702469285975, 2.4544459311519278, 8.71256538134047, 5.754328549672281e-05, 0.00010092494573824225]","[25.476840774460044, 12.54663825495975, 29.628207854083094, 26.533942229834093, 0.00024287137260688933, 0.0004437617227274794]",2023-01-30,0.479036002133887,6,10,0.7726583000039682
2023-02-06,GraphSAGE,reverse,feature_only,49,738,2022-10-17,2023-01-23,2023-01-30,8221,745,2,64,0.5,0.0003,0.0001,4,0.5,0.9590527298180122,1.044599745870394,8221,"[2.168470988930787, 5.725702469285975, 2.4544459311519278, 8.71256538134047, 5.754328549672281e-05, 0.00010092494573824225]","[25.476840774460044, 12.54663825495975, 29.628207854083094, 26.533942229834093, 0.00024287137260688933, 0.0004437617227274794]",2023-01-30,0.5007217238890607,1,5,0.4051790999947116
2023-02-06,GraphSAGE,reverse,feature_only,50,738,2022-10-17,2023-01-23,2023-01-30,8221,745,2,64,0.5,0.0003,0.0001,4,0.5,0.9590527298180122,1.044599745870394,8221,"[2.168470988930787, 5.725702469285975, 2.4544459311519278, 8.71256538134047, 5.754328549672281e-05, 0.00010092494573824225]","[25.476840774460044, 12.54663825495975, 29.628207854083094, 26.533942229834093, 0.00024287137260688933, 0.0004437617227274794]",2023-01-30,0.38802900256780093,12,16,1.3299379000090994
2023-02-06,GraphSAGE,reverse,feature_only,51,738,2022-10-17,2023-01-23,2023-01-30,8221,745,2,64,0.5,0.0003,0.0001,4,0.5,0.9590527298180122,1.044599745870394,8221,"[2.168470988930787, 5.725702469285975, 2.4544459311519278, 8.71256538134047, 5.754328549672281e-05, 0.00010092494573824225]","[25.476840774460044, 12.54663825495975, 29.628207854083094, 26.533942229834093, 0.00024287137260688933, 0.0004437617227274794]",2023-01-30,0.4393070044709389,1,5,0.39539499999955297
2023-02-06,GraphSAGE,reverse,rewired,42,738,2022-10-17,2023-01-23,2023-01-30,8221,745,2,64,0.5,0.0003,0.0001,4,0.5,0.9590527298180122,1.044599745870394,8221,"[2.168470988930787, 5.725702469285975, 2.4544459311519278, 8.71256538134047, 5.754328549672281e-05, 0.00010092494573824225]","[25.476840774460044, 12.54663825495975, 29.628207854083094, 26.533942229834093, 0.00024287137260688933, 0.0004437617227274794]",2023-01-30,0.41435312418978476,9,13,1.0335576999932528
2023-02-06,GraphSAGE,reverse,rewired,43,738,2022-10-17,2023-01-23,2023-01-30,8221,745,2,64,0.5,0.0003,0.0001,4,0.5,0.9590527298180122,1.044599745870394,8221,"[2.168470988930787, 5.725702469285975, 2.4544459311519278, 8.71256538134047, 5.754328549672281e-05, 0.00010092494573824225]","[25.476840774460044, 12.54663825495975, 29.628207854083094, 26.533942229834093, 0.00024287137260688933, 0.0004437617227274794]",2023-01-30,0.3707952552540507,6,10,0.8282863000058569
2023-02-06,GraphSAGE,reverse,rewired,44,738,2022-10-17,2023-01-23,2023-01-30,8221,745,2,64,0.5,0.0003,0.0001,4,0.5,0.9590527298180122,1.044599745870394,8221,"[2.168470988930787, 5.725702469285975, 2.4544459311519278, 8.71256538134047, 5.754328549672281e-05, 0.00010092494573824225]","[25.476840774460044, 12.54663825495975, 29.628207854083094, 26.533942229834093, 0.00024287137260688933, 0.0004437617227274794]",2023-01-30,0.49013469239170004,12,16,1.2555035999976099
2023-02-06,GraphSAGE,reverse,rewired,45,738,2022-10-17,2023-01-23,2023-01-30,8221,745,2,64,0.5,0.0003,0.0001,4,0.5,0.9590527298180122,1.044599745870394,8221,"[2.168470988930787, 5.725702469285975, 2.4544459311519278, 8.71256538134047, 5.754328549672281e-05, 0.00010092494573824225]","[25.476840774460044, 12.54663825495975, 29.628207854083094, 26.533942229834093, 0.00024287137260688933, 0.0004437617227274794]",2023-01-30,0.4709663414131603,6,10,0.8207865000003949
2023-02-06,GraphSAGE,reverse,rewired,46,738,2022-10-17,2023-01-23,2023-01-30,8221,745,2,64,0.5,0.0003,0.0001,4,0.5,0.9590527298180122,1.044599745870394,8221,"[2.168470988930787, 5.725702469285975, 2.4544459311519278, 8.71256538134047, 5.754328549672281e-05, 0.00010092494573824225]","[25.476840774460044, 12.54663825495975, 29.628207854083094, 26.533942229834093, 0.00024287137260688933, 0.0004437617227274794]",2023-01-30,0.32272727272727275,1,5,0.5073117000283673
2023-02-06,GraphSAGE,reverse,rewired,47,738,2022-10-17,2023-01-23,2023-01-30,8221,745,2,64,0.5,0.0003,0.0001,4,0.5,0.9590527298180122,1.044599745870394,8221,"[2.168470988930787, 5.725702469285975, 2.4544459311519278, 8.71256538134047, 5.754328549672281e-05, 0.00010092494573824225]","[25.476840774460044, 12.54663825495975, 29.628207854083094, 26.533942229834093, 0.00024287137260688933, 0.0004437617227274794]",2023-01-30,0.5154362416107383,1,5,0.4217355999862775
2023-02-06,GraphSAGE,reverse,rewired,48,738,2022-10-17,2023-01-23,2023-01-30,8221,745,2,64,0.5,0.0003,0.0001,4,0.5,0.9590527298180122,1.044599745870394,8221,"[2.168470988930787, 5.725702469285975, 2.4544459311519278, 8.71256538134047, 5.754328549672281e-05, 0.00010092494573824225]","[25.476840774460044, 12.54663825495975, 29.628207854083094, 26.533942229834093, 0.00024287137260688933, 0.0004437617227274794]",2023-01-30,0.47775825562012886,6,10,0.8749961000285111
2023-02-06,GraphSAGE,reverse,rewired,49,738,2022-10-17,2023-01-23,2023-01-30,8221,745,2,64,0.5,0.0003,0.0001,4,0.5,0.9590527298180122,1.044599745870394,8221,"[2.168470988930787, 5.725702469285975, 2.4544459311519278, 8.71256538134047, 5.754328549672281e-05, 0.00010092494573824225]","[25.476840774460044, 12.54663825495975, 29.628207854083094, 26.533942229834093, 0.00024287137260688933, 0.0004437617227274794]",2023-01-30,0.5151532086655695,1,5,0.43363580002915114
2023-02-06,GraphSAGE,reverse,rewired,50,738,2022-10-17,2023-01-23,2023-01-30,8221,745,2,64,0.5,0.0003,0.0001,4,0.5,0.9590527298180122,1.044599745870394,8221,"[2.168470988930787, 5.725702469285975, 2.4544459311519278, 8.71256538134047, 5.754328549672281e-05, 0.00010092494573824225]","[25.476840774460044, 12.54663825495975, 29.628207854083094, 26.533942229834093, 0.00024287137260688933, 0.0004437617227274794]",2023-01-30,0.3730303681421,7,11,0.9458574000163935
2023-02-06,GraphSAGE,reverse,rewired,51,738,2022-10-17,2023-01-23,2023-01-30,8221,745,2,64,0.5,0.0003,0.0001,4,0.5,0.9590527298180122,1.044599745870394,8221,"[2.168470988930787, 5.725702469285975, 2.4544459311519278, 8.71256538134047, 5.754328549672281e-05, 0.00010092494573824225]","[25.476840774460044, 12.54663825495975, 29.628207854083094, 26.533942229834093, 0.00024287137260688933, 0.0004437617227274794]",2023-01-30,0.41850712607422835,2,6,0.5150541999610141
2023-01-30,GAT,reverse,feature_only,42,745,2022-10-17,2023-01-16,2023-01-23,7474,747,1,32,0.2,0.001,0.0001,4,0.5,0.9586967675731144,1.0450223713646531,7474,"[2.146641691196147, 5.647979662831148, 2.4327000267594325, 8.521139951833021, 5.936269572647133e-05, 0.00010670697227549969]","[26.144852052150114, 12.509235734384415, 30.436448457676192, 26.056470959662867, 0.00023904058363441195, 0.0004639502461054025]",2023-01-23,0.4986013199340033,7,11,7.338195900025312
2023-01-30,GAT,reverse,feature_only,43,745,2022-10-17,2023-01-16,2023-01-23,7474,747,1,32,0.2,0.001,0.0001,4,0.5,0.9586967675731144,1.0450223713646531,7474,"[2.146641691196147, 5.647979662831148, 2.4327000267594325, 8.521139951833021, 5.936269572647133e-05, 0.00010670697227549969]","[26.144852052150114, 12.509235734384415, 30.436448457676192, 26.056470959662867, 0.00023904058363441195, 0.0004639502461054025]",2023-01-23,0.49921850052940286,5,9,5.494890800036956
2023-01-30,GAT,reverse,feature_only,44,745,2022-10-17,2023-01-16,2023-01-23,7474,747,1,32,0.2,0.001,0.0001,4,0.5,0.9586967675731144,1.0450223713646531,7474,"[2.146641691196147, 5.647979662831148, 2.4327000267594325, 8.521139951833021, 5.936269572647133e-05, 0.00010670697227549969]","[26.144852052150114, 12.509235734384415, 30.436448457676192, 26.056470959662867, 0.00023904058363441195, 0.0004639502461054025]",2023-01-23,0.5141595814257685,1,5,3.1736391999875195
2023-01-30,GAT,reverse,feature_only,45,745,2022-10-17,2023-01-16,2023-01-23,7474,747,1,32,0.2,0.001,0.0001,4,0.5,0.9586967675731144,1.0450223713646531,7474,"[2.146641691196147, 5.647979662831148, 2.4327000267594325, 8.521139951833021, 5.936269572647133e-05, 0.00010670697227549969]","[26.144852052150114, 12.509235734384415, 30.436448457676192, 26.056470959662867, 0.00023904058363441195, 0.0004639502461054025]",2023-01-23,0.48045625260815134,5,9,5.4882267999928445
2023-01-30,GAT,reverse,feature_only,46,745,2022-10-17,2023-01-16,2023-01-23,7474,747,1,32,0.2,0.001,0.0001,4,0.5,0.9586967675731144,1.0450223713646531,7474,"[2.146641691196147, 5.647979662831148, 2.4327000267594325, 8.521139951833021, 5.936269572647133e-05, 0.00010670697227549969]","[26.144852052150114, 12.509235734384415, 30.436448457676192, 26.056470959662867, 0.00023904058363441195, 0.0004639502461054025]",2023-01-23,0.5412734324499031,1,5,3.0866528999758884
2023-01-30,GAT,reverse,feature_only,47,745,2022-10-17,2023-01-16,2023-01-23,7474,747,1,32,0.2,0.001,0.0001,4,0.5,0.9586967675731144,1.0450223713646531,7474,"[2.146641691196147, 5.647979662831148, 2.4327000267594325, 8.521139951833021, 5.936269572647133e-05, 0.00010670697227549969]","[26.144852052150114, 12.509235734384415, 30.436448457676192, 26.056470959662867, 0.00023904058363441195, 0.0004639502461054025]",2023-01-23,0.543160599261779,1,5,3.6178775999578647
2023-01-30,GAT,reverse,feature_only,48,745,2022-10-17,2023-01-16,2023-01-23,7474,747,1,32,0.2,0.001,0.0001,4,0.5,0.9586967675731144,1.0450223713646531,7474,"[2.146641691196147, 5.647979662831148, 2.4327000267594325, 8.521139951833021, 5.936269572647133e-05, 0.00010670697227549969]","[26.144852052150114, 12.509235734384415, 30.436448457676192, 26.056470959662867, 0.00023904058363441195, 0.0004639502461054025]",2023-01-23,0.4833896948855464,2,6,4.3374111999874
2023-01-30,GAT,reverse,feature_only,49,745,2022-10-17,2023-01-16,2023-01-23,7474,747,1,32,0.2,0.001,0.0001,4,0.5,0.9586967675731144,1.0450223713646531,7474,"[2.146641691196147, 5.647979662831148, 2.4327000267594325, 8.521139951833021, 5.936269572647133e-05, 0.00010670697227549969]","[26.144852052150114, 12.509235734384415, 30.436448457676192, 26.056470959662867, 0.00023904058363441195, 0.0004639502461054025]",2023-01-23,0.5292566227097677,3,7,4.734518799989019
2023-01-30,GAT,reverse,feature_only,50,745,2022-10-17,2023-01-16,2023-01-23,7474,747,1,32,0.2,0.001,0.0001,4,0.5,0.9586967675731144,1.0450223713646531,7474,"[2.146641691196147, 5.647979662831148, 2.4327000267594325, 8.521139951833021, 5.936269572647133e-05, 0.00010670697227549969]","[26.144852052150114, 12.509235734384415, 30.436448457676192, 26.056470959662867, 0.00023904058363441195, 0.0004639502461054025]",2023-01-23,0.524424820976706,3,7,4.944375200022478
2023-01-30,GAT,reverse,feature_only,51,745,2022-10-17,2023-01-16,2023-01-23,7474,747,1,32,0.2,0.001,0.0001,4,0.5,0.9586967675731144,1.0450223713646531,7474,"[2.146641691196147, 5.647979662831148, 2.4327000267594325, 8.521139951833021, 5.936269572647133e-05, 0.00010670697227549969]","[26.144852052150114, 12.509235734384415, 30.436448457676192, 26.056470959662867, 0.00023904058363441195, 0.0004639502461054025]",2023-01-23,0.48068041201178174,17,21,14.182680899975821
2023-01-30,GAT,reverse,rewired,42,745,2022-10-17,2023-01-16,2023-01-23,7474,747,1,32,0.2,0.001,0.0001,4,0.5,0.9586967675731144,1.0450223713646531,7474,"[2.146641691196147, 5.647979662831148, 2.4327000267594325, 8.521139951833021, 5.936269572647133e-05, 0.00010670697227549969]","[26.144852052150114, 12.509235734384415, 30.436448457676192, 26.056470959662867, 0.00023904058363441195, 0.0004639502461054025]",2023-01-23,0.4846903001082953,4,8,5.580434400006197
2023-01-30,GAT,reverse,rewired,43,745,2022-10-17,2023-01-16,2023-01-23,7474,747,1,32,0.2,0.001,0.0001,4,0.5,0.9586967675731144,1.0450223713646531,7474,"[2.146641691196147, 5.647979662831148, 2.4327000267594325, 8.521139951833021, 5.936269572647133e-05, 0.00010670697227549969]","[26.144852052150114, 12.509235734384415, 30.436448457676192, 26.056470959662867, 0.00023904058363441195, 0.0004639502461054025]",2023-01-23,0.5078249925969796,2,6,4.2966597999911755
2023-01-30,GAT,reverse,rewired,44,745,2022-10-17,2023-01-16,2023-01-23,7474,747,1,32,0.2,0.001,0.0001,4,0.5,0.9586967675731144,1.0450223713646531,7474,"[2.146641691196147, 5.647979662831148, 2.4327000267594325, 8.521139951833021, 5.936269572647133e-05, 0.00010670697227549969]","[26.144852052150114, 12.509235734384415, 30.436448457676192, 26.056470959662867, 0.00023904058363441195, 0.0004639502461054025]",2023-01-23,0.5223785166240409,1,5,3.464918599987868
2023-01-30,GAT,reverse,rewired,45,745,2022-10-17,2023-01-16,2023-01-23,7474,747,1,32,0.2,0.001,0.0001,4,0.5,0.9586967675731144,1.0450223713646531,7474,"[2.146641691196147, 5.647979662831148, 2.4327000267594325, 8.521139951833021, 5.936269572647133e-05, 0.00010670697227549969]","[26.144852052150114, 12.509235734384415, 30.436448457676192, 26.056470959662867, 0.00023904058363441195, 0.0004639502461054025]",2023-01-23,0.46925647131116066,1,5,3.624143399996683
2023-01-30,GAT,reverse,rewired,46,745,2022-10-17,2023-01-16,2023-01-23,7474,747,1,32,0.2,0.001,0.0001,4,0.5,0.9586967675731144,1.0450223713646531,7474,"[2.146641691196147, 5.647979662831148, 2.4327000267594325, 8.521139951833021, 5.936269572647133e-05, 0.00010670697227549969]","[26.144852052150114, 12.509235734384415, 30.436448457676192, 26.056470959662867, 0.00023904058363441195, 0.0004639502461054025]",2023-01-23,0.5274938543149179,3,7,4.9920369000174105
2023-01-30,GAT,reverse,rewired,47,745,2022-10-17,2023-01-16,2023-01-23,7474,747,1,32,0.2,0.001,0.0001,4,0.5,0.9586967675731144,1.0450223713646531,7474,"[2.146641691196147, 5.647979662831148, 2.4327000267594325, 8.521139951833021, 5.936269572647133e-05, 0.00010670697227549969]","[26.144852052150114, 12.509235734384415, 30.436448457676192, 26.056470959662867, 0.00023904058363441195, 0.0004639502461054025]",2023-01-23,0.5137739046235779,2,6,3.5969734000391327
2023-01-30,GAT,reverse,rewired,48,745,2022-10-17,2023-01-16,2023-01-23,7474,747,1,32,0.2,0.001,0.0001,4,0.5,0.9586967675731144,1.0450223713646531,7474,"[2.146641691196147, 5.647979662831148, 2.4327000267594325, 8.521139951833021, 5.936269572647133e-05, 0.00010670697227549969]","[26.144852052150114, 12.509235734384415, 30.436448457676192, 26.056470959662867, 0.00023904058363441195, 0.0004639502461054025]",2023-01-23,0.478368737285329,2,6,3.7191505000228062
2023-01-30,GAT,reverse,rewired,49,745,2022-10-17,2023-01-16,2023-01-23,7474,747,1,32,0.2,0.001,0.0001,4,0.5,0.9586967675731144,1.0450223713646531,7474,"[2.146641691196147, 5.647979662831148, 2.4327000267594325, 8.521139951833021, 5.936269572647133e-05, 0.00010670697227549969]","[26.144852052150114, 12.509235734384415, 30.436448457676192, 26.056470959662867, 0.00023904058363441195, 0.0004639502461054025]",2023-01-23,0.5263430169584687,5,9,5.602563299995381
2023-01-30,GAT,reverse,rewired,50,745,2022-10-17,2023-01-16,2023-01-23,7474,747,1,32,0.2,0.001,0.0001,4,0.5,0.9586967675731144,1.0450223713646531,7474,"[2.146641691196147, 5.647979662831148, 2.4327000267594325, 8.521139951833021, 5.936269572647133e-05, 0.00010670697227549969]","[26.144852052150114, 12.509235734384415, 30.436448457676192, 26.056470959662867, 0.00023904058363441195, 0.0004639502461054025]",2023-01-23,0.5297125689430967,4,8,5.4668018000083975
2023-01-30,GAT,reverse,rewired,51,745,2022-10-17,2023-01-16,2023-01-23,7474,747,1,32,0.2,0.001,0.0001,4,0.5,0.9586967675731144,1.0450223713646531,7474,"[2.146641691196147, 5.647979662831148, 2.4327000267594325, 8.521139951833021, 5.936269572647133e-05, 0.00010670697227549969]","[26.144852052150114, 12.509235734384415, 30.436448457676192, 26.056470959662867, 0.00023904058363441195, 0.0004639502461054025]",2023-01-23,0.4678070930869803,17,21,15.417222500022035
2023-02-13,GraphSAGE,reverse,feature_only,42,879,2022-10-17,2023-01-30,2023-02-06,8966,738,1,32,0.2,0.001,0.0001,4,0.5,0.9589304812834225,1.0447448147285014,8966,"[2.1026098594691054, 5.854450144992192, 2.3826678563461967, 9.035913450814187, 5.473414386950279e-05, 9.680531243493306e-05]","[24.497728499656546, 12.770076142461877, 28.4786532376123, 27.642390747063526, 0.00023320564328565223, 0.00042904277437608813]",2023-02-06,0.4939050452206323,21,25,1.5569227999658324
2023-02-13,GraphSAGE,reverse,feature_only,43,879,2022-10-17,2023-01-30,2023-02-06,8966,738,1,32,0.2,0.001,0.0001,4,0.5,0.9589304812834225,1.0447448147285014,8966,"[2.1026098594691054, 5.854450144992192, 2.3826678563461967, 9.035913450814187, 5.473414386950279e-05, 9.680531243493306e-05]","[24.497728499656546, 12.770076142461877, 28.4786532376123, 27.642390747063526, 0.00023320564328565223, 0.00042904277437608813]",2023-02-06,0.4726005701615458,11,15,0.9327873999718577
2023-02-13,GraphSAGE,reverse,feature_only,44,879,2022-10-17,2023-01-30,2023-02-06,8966,738,1,32,0.2,0.001,0.0001,4,0.5,0.9589304812834225,1.0447448147285014,8966,"[2.1026098594691054, 5.854450144992192, 2.3826678563461967, 9.035913450814187, 5.473414386950279e-05, 9.680531243493306e-05]","[24.497728499656546, 12.770076142461877, 28.4786532376123, 27.642390747063526, 0.00023320564328565223, 0.00042904277437608813]",2023-02-06,0.48500029382382326,2,6,0.36430339998332784
2023-02-13,GraphSAGE,reverse,feature_only,45,879,2022-10-17,2023-01-30,2023-02-06,8966,738,1,32,0.2,0.001,0.0001,4,0.5,0.9589304812834225,1.0447448147285014,8966,"[2.1026098594691054, 5.854450144992192, 2.3826678563461967, 9.035913450814187, 5.473414386950279e-05, 9.680531243493306e-05]","[24.497728499656546, 12.770076142461877, 28.4786532376123, 27.642390747063526, 0.00023320564328565223, 0.00042904277437608813]",2023-02-06,0.46200505773957945,4,8,0.4849787999992259
2023-02-13,GraphSAGE,reverse,feature_only,46,879,2022-10-17,2023-01-30,2023-02-06,8966,738,1,32,0.2,0.001,0.0001,4,0.5,0.9589304812834225,1.0447448147285014,8966,"[2.1026098594691054, 5.854450144992192, 2.3826678563461967, 9.035913450814187, 5.473414386950279e-05, 9.680531243493306e-05]","[24.497728499656546, 12.770076142461877, 28.4786532376123, 27.642390747063526, 0.00023320564328565223, 0.00042904277437608813]",2023-02-06,0.5106064125523577,1,5,0.28028900001663715
2023-02-13,GraphSAGE,reverse,feature_only,47,879,2022-10-17,2023-01-30,2023-02-06,8966,738,1,32,0.2,0.001,0.0001,4,0.5,0.9589304812834225,1.0447448147285014,8966,"[2.1026098594691054, 5.854450144992192, 2.3826678563461967, 9.035913450814187, 5.473414386950279e-05, 9.680531243493306e-05]","[24.497728499656546, 12.770076142461877, 28.4786532376123, 27.642390747063526, 0.00023320564328565223, 0.00042904277437608813]",2023-02-06,0.4602457178728365,4,8,0.47248519997810945
2023-02-13,GraphSAGE,reverse,feature_only,48,879,2022-10-17,2023-01-30,2023-02-06,8966,738,1,32,0.2,0.001,0.0001,4,0.5,0.9589304812834225,1.0447448147285014,8966,"[2.1026098594691054, 5.854450144992192, 2.3826678563461967, 9.035913450814187, 5.473414386950279e-05, 9.680531243493306e-05]","[24.497728499656546, 12.770076142461877, 28.4786532376123, 27.642390747063526, 0.00023320564328565223, 0.00042904277437608813]",2023-02-06,0.4317344672828081,8,12,0.744263399974443
2023-02-13,GraphSAGE,reverse,feature_only,49,879,2022-10-17,2023-01-30,2023-02-06,8966,738,1,32,0.2,0.001,0.0001,4,0.5,0.9589304812834225,1.0447448147285014,8966,"[2.1026098594691054, 5.854450144992192, 2.3826678563461967, 9.035913450814187, 5.473414386950279e-05, 9.680531243493306e-05]","[24.497728499656546, 12.770076142461877, 28.4786532376123, 27.642390747063526, 0.00023320564328565223, 0.00042904277437608813]",2023-02-06,0.4483190268308236,10,14,0.8826316999620758
2023-02-13,GraphSAGE,reverse,feature_only,50,879,2022-10-17,2023-01-30,2023-02-06,8966,738,1,32,0.2,0.001,0.0001,4,0.5,0.9589304812834225,1.0447448147285014,8966,"[2.1026098594691054, 5.854450144992192, 2.3826678563461967, 9.035913450814187, 5.473414386950279e-05, 9.680531243493306e-05]","[24.497728499656546, 12.770076142461877, 28.4786532376123, 27.642390747063526, 0.00023320564328565223, 0.00042904277437608813]",2023-02-06,0.47990530848719404,8,12,0.7183785999659449
2023-02-13,GraphSAGE,reverse,feature_only,51,879,2022-10-17,2023-01-30,2023-02-06,8966,738,1,32,0.2,0.001,0.0001,4,0.5,0.9589304812834225,1.0447448147285014,8966,"[2.1026098594691054, 5.854450144992192, 2.3826678563461967, 9.035913450814187, 5.473414386950279e-05, 9.680531243493306e-05]","[24.497728499656546, 12.770076142461877, 28.4786532376123, 27.642390747063526, 0.00023320564328565223, 0.00042904277437608813]",2023-02-06,0.45834653151726323,15,19,1.1394017999991775
2023-02-13,GraphSAGE,reverse,rewired,42,879,2022-10-17,2023-01-30,2023-02-06,8966,738,1,32,0.2,0.001,0.0001,4,0.5,0.9589304812834225,1.0447448147285014,8966,"[2.1026098594691054, 5.854450144992192, 2.3826678563461967, 9.035913450814187, 5.473414386950279e-05, 9.680531243493306e-05]","[24.497728499656546, 12.770076142461877, 28.4786532376123, 27.642390747063526, 0.00023320564328565223, 0.00042904277437608813]",2023-02-06,0.46780554229225246,14,18,1.0738819999969564
2023-02-13,GraphSAGE,reverse,rewired,43,879,2022-10-17,2023-01-30,2023-02-06,8966,738,1,32,0.2,0.001,0.0001,4,0.5,0.9589304812834225,1.0447448147285014,8966,"[2.1026098594691054, 5.854450144992192, 2.3826678563461967, 9.035913450814187, 5.473414386950279e-05, 9.680531243493306e-05]","[24.497728499656546, 12.770076142461877, 28.4786532376123, 27.642390747063526, 0.00023320564328565223, 0.00042904277437608813]",2023-02-06,0.4585791002729114,11,15,0.8528697000001557
2023-02-13,GraphSAGE,reverse,rewired,44,879,2022-10-17,2023-01-30,2023-02-06,8966,738,1,32,0.2,0.001,0.0001,4,0.5,0.9589304812834225,1.0447448147285014,8966,"[2.1026098594691054, 5.854450144992192, 2.3826678563461967, 9.035913450814187, 5.473414386950279e-05, 9.680531243493306e-05]","[24.497728499656546, 12.770076142461877, 28.4786532376123, 27.642390747063526, 0.00023320564328565223, 0.00042904277437608813]",2023-02-06,0.4935464159811985,3,7,0.4329360999981873
2023-02-13,GraphSAGE,reverse,rewired,45,879,2022-10-17,2023-01-30,2023-02-06,8966,738,1,32,0.2,0.001,0.0001,4,0.5,0.9589304812834225,1.0447448147285014,8966,"[2.1026098594691054, 5.854450144992192, 2.3826678563461967, 9.035913450814187, 5.473414386950279e-05, 9.680531243493306e-05]","[24.497728499656546, 12.770076142461877, 28.4786532376123, 27.642390747063526, 0.00023320564328565223, 0.00042904277437608813]",2023-02-06,0.5117977433337269,4,8,0.5219903000397608
2023-02-13,GraphSAGE,reverse,rewired,46,879,2022-10-17,2023-01-30,2023-02-06,8966,738,1,32,0.2,0.001,0.0001,4,0.5,0.9589304812834225,1.0447448147285014,8966,"[2.1026098594691054, 5.854450144992192, 2.3826678563461967, 9.035913450814187, 5.473414386950279e-05, 9.680531243493306e-05]","[24.497728499656546, 12.770076142461877, 28.4786532376123, 27.642390747063526, 0.00023320564328565223, 0.00042904277437608813]",2023-02-06,0.5086741553141304,3,7,0.44997200003126636
2023-02-13,GraphSAGE,reverse,rewired,47,879,2022-10-17,2023-01-30,2023-02-06,8966,738,1,32,0.2,0.001,0.0001,4,0.5,0.9589304812834225,1.0447448147285014,8966,"[2.1026098594691054, 5.854450144992192, 2.3826678563461967, 9.035913450814187, 5.473414386950279e-05, 9.680531243493306e-05]","[24.497728499656546, 12.770076142461877, 28.4786532376123, 27.642390747063526, 0.00023320564328565223, 0.00042904277437608813]",2023-02-06,0.4752345051284299,4,8,0.49935429997276515
2023-02-13,GraphSAGE,reverse,rewired,48,879,2022-10-17,2023-01-30,2023-02-06,8966,738,1,32,0.2,0.001,0.0001,4,0.5,0.9589304812834225,1.0447448147285014,8966,"[2.1026098594691054, 5.854450144992192, 2.3826678563461967, 9.035913450814187, 5.473414386950279e-05, 9.680531243493306e-05]","[24.497728499656546, 12.770076142461877, 28.4786532376123, 27.642390747063526, 0.00023320564328565223, 0.00042904277437608813]",2023-02-06,0.46329371285580234,6,10,0.6399435000494123
2023-02-13,GraphSAGE,reverse,rewired,49,879,2022-10-17,2023-01-30,2023-02-06,8966,738,1,32,0.2,0.001,0.0001,4,0.5,0.9589304812834225,1.0447448147285014,8966,"[2.1026098594691054, 5.854450144992192, 2.3826678563461967, 9.035913450814187, 5.473414386950279e-05, 9.680531243493306e-05]","[24.497728499656546, 12.770076142461877, 28.4786532376123, 27.642390747063526, 0.00023320564328565223, 0.00042904277437608813]",2023-02-06,0.4683861972812827,23,27,1.7102845999761485
2023-02-13,GraphSAGE,reverse,rewired,50,879,2022-10-17,2023-01-30,2023-02-06,8966,738,1,32,0.2,0.001,0.0001,4,0.5,0.9589304812834225,1.0447448147285014,8966,"[2.1026098594691054, 5.854450144992192, 2.3826678563461967, 9.035913450814187, 5.473414386950279e-05, 9.680531243493306e-05]","[24.497728499656546, 12.770076142461877, 28.4786532376123, 27.642390747063526, 0.00023320564328565223, 0.00042904277437608813]",2023-02-06,0.4934526370128194,8,12,0.7448037999565713
2023-02-13,GraphSAGE,reverse,rewired,51,879,2022-10-17,2023-01-30,2023-02-06,8966,738,1,32,0.2,0.001,0.0001,4,0.5,0.9589304812834225,1.0447448147285014,8966,"[2.1026098594691054, 5.854450144992192, 2.3826678563461967, 9.035913450814187, 5.473414386950279e-05, 9.680531243493306e-05]","[24.497728499656546, 12.770076142461877, 28.4786532376123, 27.642390747063526, 0.00023320564328565223, 0.00042904277437608813]",2023-02-06,0.46660822302095206,14,18,1.1142267999821343
2023-02-06,GAT,reverse,feature_only,42,738,2022-10-17,2023-01-23,2023-01-30,8221,745,0,16,0.0,0.001,0.0,2,0.5,0.9590527298180122,1.044599745870394,8221,"[2.168470988930787, 5.725702469285975, 2.4544459311519278, 8.71256538134047, 5.754328549672281e-05, 0.00010092494573824225]","[25.476840774460044, 12.54663825495975, 29.628207854083094, 26.533942229834093, 0.00024287137260688933, 0.0004437617227274794]",2023-01-30,0.47914864786945743,3,7,1.6209115999517962
2023-02-06,GAT,reverse,feature_only,43,738,2022-10-17,2023-01-23,2023-01-30,8221,745,0,16,0.0,0.001,0.0,2,0.5,0.9590527298180122,1.044599745870394,8221,"[2.168470988930787, 5.725702469285975, 2.4544459311519278, 8.71256538134047, 5.754328549672281e-05, 0.00010092494573824225]","[25.476840774460044, 12.54663825495975, 29.628207854083094, 26.533942229834093, 0.00024287137260688933, 0.0004437617227274794]",2023-01-30,0.391240398757967,23,27,6.403856299992185
2023-02-06,GAT,reverse,feature_only,44,738,2022-10-17,2023-01-23,2023-01-30,8221,745,0,16,0.0,0.001,0.0,2,0.5,0.9590527298180122,1.044599745870394,8221,"[2.168470988930787, 5.725702469285975, 2.4544459311519278, 8.71256538134047, 5.754328549672281e-05, 0.00010092494573824225]","[25.476840774460044, 12.54663825495975, 29.628207854083094, 26.533942229834093, 0.00024287137260688933, 0.0004437617227274794]",2023-01-30,0.3430335097001764,1,5,1.183352299965918
2023-02-06,GAT,reverse,feature_only,45,738,2022-10-17,2023-01-23,2023-01-30,8221,745,0,16,0.0,0.001,0.0,2,0.5,0.9590527298180122,1.044599745870394,8221,"[2.168470988930787, 5.725702469285975, 2.4544459311519278, 8.71256538134047, 5.754328549672281e-05, 0.00010092494573824225]","[25.476840774460044, 12.54663825495975, 29.628207854083094, 26.533942229834093, 0.00024287137260688933, 0.0004437617227274794]",2023-01-30,0.48467501490757303,4,8,2.0075255999690853
2023-02-06,GAT,reverse,feature_only,46,738,2022-10-17,2023-01-23,2023-01-30,8221,745,0,16,0.0,0.001,0.0,2,0.5,0.9590527298180122,1.044599745870394,8221,"[2.168470988930787, 5.725702469285975, 2.4544459311519278, 8.71256538134047, 5.754328549672281e-05, 0.00010092494573824225]","[25.476840774460044, 12.54663825495975, 29.628207854083094, 26.533942229834093, 0.00024287137260688933, 0.0004437617227274794]",2023-01-30,0.494966936546308,5,9,2.1577595000271685
2023-02-06,GAT,reverse,feature_only,47,738,2022-10-17,2023-01-23,2023-01-30,8221,745,0,16,0.0,0.001,0.0,2,0.5,0.9590527298180122,1.044599745870394,8221,"[2.168470988930787, 5.725702469285975, 2.4544459311519278, 8.71256538134047, 5.754328549672281e-05, 0.00010092494573824225]","[25.476840774460044, 12.54663825495975, 29.628207854083094, 26.533942229834093, 0.00024287137260688933, 0.0004437617227274794]",2023-01-30,0.4459908817324341,2,6,1.392357200034894
2023-02-06,GAT,reverse,feature_only,48,738,2022-10-17,2023-01-23,2023-01-30,8221,745,0,16,0.0,0.001,0.0,2,0.5,0.9590527298180122,1.044599745870394,8221,"[2.168470988930787, 5.725702469285975, 2.4544459311519278, 8.71256538134047, 5.754328549672281e-05, 0.00010092494573824225]","[25.476840774460044, 12.54663825495975, 29.628207854083094, 26.533942229834093, 0.00024287137260688933, 0.0004437617227274794]",2023-01-30,0.4207211365851157,30,30,6.271718100004364
2023-02-06,GAT,reverse,feature_only,49,738,2022-10-17,2023-01-23,2023-01-30,8221,745,0,16,0.0,0.001,0.0,2,0.5,0.9590527298180122,1.044599745870394,8221,"[2.168470988930787, 5.725702469285975, 2.4544459311519278, 8.71256538134047, 5.754328549672281e-05, 0.00010092494573824225]","[25.476840774460044, 12.54663825495975, 29.628207854083094, 26.533942229834093, 0.00024287137260688933, 0.0004437617227274794]",2023-01-30,0.4652488116740705,3,7,1.4802662000292912
2023-02-06,GAT,reverse,feature_only,50,738,2022-10-17,2023-01-23,2023-01-30,8221,745,0,16,0.0,0.001,0.0,2,0.5,0.9590527298180122,1.044599745870394,8221,"[2.168470988930787, 5.725702469285975, 2.4544459311519278, 8.71256538134047, 5.754328549672281e-05, 0.00010092494573824225]","[25.476840774460044, 12.54663825495975, 29.628207854083094, 26.533942229834093, 0.00024287137260688933, 0.0004437617227274794]",2023-01-30,0.4939572199366886,4,8,1.6654906999901868
2023-02-06,GAT,reverse,feature_only,51,738,2022-10-17,2023-01-23,2023-01-30,8221,745,0,16,0.0,0.001,0.0,2,0.5,0.9590527298180122,1.044599745870394,8221,"[2.168470988930787, 5.725702469285975, 2.4544459311519278, 8.71256538134047, 5.754328549672281e-05, 0.00010092494573824225]","[25.476840774460044, 12.54663825495975, 29.628207854083094, 26.533942229834093, 0.00024287137260688933, 0.0004437617227274794]",2023-01-30,0.4329954039635273,3,7,1.448357900022529
2023-02-06,GAT,reverse,rewired,42,738,2022-10-17,2023-01-23,2023-01-30,8221,745,0,16,0.0,0.001,0.0,2,0.5,0.9590527298180122,1.044599745870394,8221,"[2.168470988930787, 5.725702469285975, 2.4544459311519278, 8.71256538134047, 5.754328549672281e-05, 0.00010092494573824225]","[25.476840774460044, 12.54663825495975, 29.628207854083094, 26.533942229834093, 0.00024287137260688933, 0.0004437617227274794]",2023-01-30,0.4950305921243403,4,8,1.6470202999771573
2023-02-06,GAT,reverse,rewired,43,738,2022-10-17,2023-01-23,2023-01-30,8221,745,0,16,0.0,0.001,0.0,2,0.5,0.9590527298180122,1.044599745870394,8221,"[2.168470988930787, 5.725702469285975, 2.4544459311519278, 8.71256538134047, 5.754328549672281e-05, 0.00010092494573824225]","[25.476840774460044, 12.54663825495975, 29.628207854083094, 26.533942229834093, 0.00024287137260688933, 0.0004437617227274794]",2023-01-30,0.33187892643396155,8,12,2.557067299960181
2023-02-06,GAT,reverse,rewired,44,738,2022-10-17,2023-01-23,2023-01-30,8221,745,0,16,0.0,0.001,0.0,2,0.5,0.9590527298180122,1.044599745870394,8221,"[2.168470988930787, 5.725702469285975, 2.4544459311519278, 8.71256538134047, 5.754328549672281e-05, 0.00010092494573824225]","[25.476840774460044, 12.54663825495975, 29.628207854083094, 26.533942229834093, 0.00024287137260688933, 0.0004437617227274794]",2023-01-30,0.4780720190556256,9,13,2.71014219999779
2023-02-06,GAT,reverse,rewired,45,738,2022-10-17,2023-01-23,2023-01-30,8221,745,0,16,0.0,0.001,0.0,2,0.5,0.9590527298180122,1.044599745870394,8221,"[2.168470988930787, 5.725702469285975, 2.4544459311519278, 8.71256538134047, 5.754328549672281e-05, 0.00010092494573824225]","[25.476840774460044, 12.54663825495975, 29.628207854083094, 26.533942229834093, 0.00024287137260688933, 0.0004437617227274794]",2023-01-30,0.4767625557667968,6,10,2.0981203999836
2023-02-06,GAT,reverse,rewired,46,738,2022-10-17,2023-01-23,2023-01-30,8221,745,0,16,0.0,0.001,0.0,2,0.5,0.9590527298180122,1.044599745870394,8221,"[2.168470988930787, 5.725702469285975, 2.4544459311519278, 8.71256538134047, 5.754328549672281e-05, 0.00010092494573824225]","[25.476840774460044, 12.54663825495975, 29.628207854083094, 26.533942229834093, 0.00024287137260688933, 0.0004437617227274794]",2023-01-30,0.4738018018018018,6,10,2.1264632000238635
2023-02-06,GAT,reverse,rewired,47,738,2022-10-17,2023-01-23,2023-01-30,8221,745,0,16,0.0,0.001,0.0,2,0.5,0.9590527298180122,1.044599745870394,8221,"[2.168470988930787, 5.725702469285975, 2.4544459311519278, 8.71256538134047, 5.754328549672281e-05, 0.00010092494573824225]","[25.476840774460044, 12.54663825495975, 29.628207854083094, 26.533942229834093, 0.00024287137260688933, 0.0004437617227274794]",2023-01-30,0.4603409437823914,2,6,1.1701630000025034
2023-02-06,GAT,reverse,rewired,48,738,2022-10-17,2023-01-23,2023-01-30,8221,745,0,16,0.0,0.001,0.0,2,0.5,0.9590527298180122,1.044599745870394,8221,"[2.168470988930787, 5.725702469285975, 2.4544459311519278, 8.71256538134047, 5.754328549672281e-05, 0.00010092494573824225]","[25.476840774460044, 12.54663825495975, 29.628207854083094, 26.533942229834093, 0.00024287137260688933, 0.0004437617227274794]",2023-01-30,0.37186041145250903,1,5,1.0136508999858052
2023-02-06,GAT,reverse,rewired,49,738,2022-10-17,2023-01-23,2023-01-30,8221,745,0,16,0.0,0.001,0.0,2,0.5,0.9590527298180122,1.044599745870394,8221,"[2.168470988930787, 5.725702469285975, 2.4544459311519278, 8.71256538134047, 5.754328549672281e-05, 0.00010092494573824225]","[25.476840774460044, 12.54663825495975, 29.628207854083094, 26.533942229834093, 0.00024287137260688933, 0.0004437617227274794]",2023-01-30,0.46855772408524743,3,7,1.4226303999894299
2023-02-06,GAT,reverse,rewired,50,738,2022-10-17,2023-01-23,2023-01-30,8221,745,0,16,0.0,0.001,0.0,2,0.5,0.9590527298180122,1.044599745870394,8221,"[2.168470988930787, 5.725702469285975, 2.4544459311519278, 8.71256538134047, 5.754328549672281e-05, 0.00010092494573824225]","[25.476840774460044, 12.54663825495975, 29.628207854083094, 26.533942229834093, 0.00024287137260688933, 0.0004437617227274794]",2023-01-30,0.48700626795896795,5,9,1.8235330999596044
2023-02-06,GAT,reverse,rewired,51,738,2022-10-17,2023-01-23,2023-01-30,8221,745,0,16,0.0,0.001,0.0,2,0.5,0.9590527298180122,1.044599745870394,8221,"[2.168470988930787, 5.725702469285975, 2.4544459311519278, 8.71256538134047, 5.754328549672281e-05, 0.00010092494573824225]","[25.476840774460044, 12.54663825495975, 29.628207854083094, 26.533942229834093, 0.00024287137260688933, 0.0004437617227274794]",2023-01-30,0.5402429517994023,4,8,1.5359754000091925
2023-02-20,GraphSAGE,reverse,feature_only,42,885,2022-10-17,2023-02-06,2023-02-13,9704,879,0,16,0.0,0.001,0.0,2,0.5,0.9573796369376479,1.0465918895599655,9704,"[2.1530296784830996, 5.919311624072547, 2.4515663643858203, 9.231863149216817, 5.252809168841136e-05, 9.294065052125455e-05]","[24.228503426545704, 12.949899579299135, 28.197186579822667, 28.338364321298666, 0.00022527948238868834, 0.0004157961226827605]",2023-02-13,0.46736658338138254,7,11,0.27900510001927614
2023-02-20,GraphSAGE,reverse,feature_only,43,885,2022-10-17,2023-02-06,2023-02-13,9704,879,0,16,0.0,0.001,0.0,2,0.5,0.9573796369376479,1.0465918895599655,9704,"[2.1530296784830996, 5.919311624072547, 2.4515663643858203, 9.231863149216817, 5.252809168841136e-05, 9.294065052125455e-05]","[24.228503426545704, 12.949899579299135, 28.197186579822667, 28.338364321298666, 0.00022527948238868834, 0.0004157961226827605]",2023-02-13,0.4934445831073708,5,9,0.266392600024119
2023-02-20,GraphSAGE,reverse,feature_only,44,885,2022-10-17,2023-02-06,2023-02-13,9704,879,0,16,0.0,0.001,0.0,2,0.5,0.9573796369376479,1.0465918895599655,9704,"[2.1530296784830996, 5.919311624072547, 2.4515663643858203, 9.231863149216817, 5.252809168841136e-05, 9.294065052125455e-05]","[24.228503426545704, 12.949899579299135, 28.197186579822667, 28.338364321298666, 0.00022527948238868834, 0.0004157961226827605]",2023-02-13,0.427603745814527,30,30,0.8665626000147313
2023-02-20,GraphSAGE,reverse,feature_only,45,885,2022-10-17,2023-02-06,2023-02-13,9704,879,0,16,0.0,0.001,0.0,2,0.5,0.9573796369376479,1.0465918895599655,9704,"[2.1530296784830996, 5.919311624072547, 2.4515663643858203, 9.231863149216817, 5.252809168841136e-05, 9.294065052125455e-05]","[24.228503426545704, 12.949899579299135, 28.197186579822667, 28.338364321298666, 0.00022527948238868834, 0.0004157961226827605]",2023-02-13,0.5153527164290375,15,19,0.5429762999992818
2023-02-20,GraphSAGE,reverse,feature_only,46,885,2022-10-17,2023-02-06,2023-02-13,9704,879,0,16,0.0,0.001,0.0,2,0.5,0.9573796369376479,1.0465918895599655,9704,"[2.1530296784830996, 5.919311624072547, 2.4515663643858203, 9.231863149216817, 5.252809168841136e-05, 9.294065052125455e-05]","[24.228503426545704, 12.949899579299135, 28.197186579822667, 28.338364321298666, 0.00022527948238868834, 0.0004157961226827605]",2023-02-13,0.5014788618149963,20,24,0.6806794999865815
2023-02-20,GraphSAGE,reverse,feature_only,47,885,2022-10-17,2023-02-06,2023-02-13,9704,879,0,16,0.0,0.001,0.0,2,0.5,0.9573796369376479,1.0465918895599655,9704,"[2.1530296784830996, 5.919311624072547, 2.4515663643858203, 9.231863149216817, 5.252809168841136e-05, 9.294065052125455e-05]","[24.228503426545704, 12.949899579299135, 28.197186579822667, 28.338364321298666, 0.00022527948238868834, 0.0004157961226827605]",2023-02-13,0.4922287258693273,1,5,0.13509369996609166
2023-02-20,GraphSAGE,reverse,feature_only,48,885,2022-10-17,2023-02-06,2023-02-13,9704,879,0,16,0.0,0.001,0.0,2,0.5,0.9573796369376479,1.0465918895599655,9704,"[2.1530296784830996, 5.919311624072547, 2.4515663643858203, 9.231863149216817, 5.252809168841136e-05, 9.294065052125455e-05]","[24.228503426545704, 12.949899579299135, 28.197186579822667, 28.338364321298666, 0.00022527948238868834, 0.0004157961226827605]",2023-02-13,0.45988330465819593,6,10,0.3070417999988422
2023-02-20,GraphSAGE,reverse,feature_only,49,885,2022-10-17,2023-02-06,2023-02-13,9704,879,0,16,0.0,0.001,0.0,2,0.5,0.9573796369376479,1.0465918895599655,9704,"[2.1530296784830996, 5.919311624072547, 2.4515663643858203, 9.231863149216817, 5.252809168841136e-05, 9.294065052125455e-05]","[24.228503426545704, 12.949899579299135, 28.197186579822667, 28.338364321298666, 0.00022527948238868834, 0.0004157961226827605]",2023-02-13,0.5066786395779549,17,21,0.6262005000025965
2023-02-20,GraphSAGE,reverse,feature_only,50,885,2022-10-17,2023-02-06,2023-02-13,9704,879,0,16,0.0,0.001,0.0,2,0.5,0.9573796369376479,1.0465918895599655,9704,"[2.1530296784830996, 5.919311624072547, 2.4515663643858203, 9.231863149216817, 5.252809168841136e-05, 9.294065052125455e-05]","[24.228503426545704, 12.949899579299135, 28.197186579822667, 28.338364321298666, 0.00022527948238868834, 0.0004157961226827605]",2023-02-13,0.47937976241972513,15,19,0.5626078000059351
2023-02-20,GraphSAGE,reverse,feature_only,51,885,2022-10-17,2023-02-06,2023-02-13,9704,879,0,16,0.0,0.001,0.0,2,0.5,0.9573796369376479,1.0465918895599655,9704,"[2.1530296784830996, 5.919311624072547, 2.4515663643858203, 9.231863149216817, 5.252809168841136e-05, 9.294065052125455e-05]","[24.228503426545704, 12.949899579299135, 28.197186579822667, 28.338364321298666, 0.00022527948238868834, 0.0004157961226827605]",2023-02-13,0.5029002801701774,4,8,0.21555390005232766
2023-02-20,GraphSAGE,reverse,rewired,42,885,2022-10-17,2023-02-06,2023-02-13,9704,879,0,16,0.0,0.001,0.0,2,0.5,0.9573796369376479,1.0465918895599655,9704,"[2.1530296784830996, 5.919311624072547, 2.4515663643858203, 9.231863149216817, 5.252809168841136e-05, 9.294065052125455e-05]","[24.228503426545704, 12.949899579299135, 28.197186579822667, 28.338364321298666, 0.00022527948238868834, 0.0004157961226827605]",2023-02-13,0.504022570076447,6,10,0.28007700003217906
2023-02-20,GraphSAGE,reverse,rewired,43,885,2022-10-17,2023-02-06,2023-02-13,9704,879,0,16,0.0,0.001,0.0,2,0.5,0.9573796369376479,1.0465918895599655,9704,"[2.1530296784830996, 5.919311624072547, 2.4515663643858203, 9.231863149216817, 5.252809168841136e-05, 9.294065052125455e-05]","[24.228503426545704, 12.949899579299135, 28.197186579822667, 28.338364321298666, 0.00022527948238868834, 0.0004157961226827605]",2023-02-13,0.49440105540897095,5,9,0.24807229998987168
2023-02-20,GraphSAGE,reverse,rewired,44,885,2022-10-17,2023-02-06,2023-02-13,9704,879,0,16,0.0,0.001,0.0,2,0.5,0.9573796369376479,1.0465918895599655,9704,"[2.1530296784830996, 5.919311624072547, 2.4515663643858203, 9.231863149216817, 5.252809168841136e-05, 9.294065052125455e-05]","[24.228503426545704, 12.949899579299135, 28.197186579822667, 28.338364321298666, 0.00022527948238868834, 0.0004157961226827605]",2023-02-13,0.4280780780780781,29,30,0.7894968999898992
2023-02-20,GraphSAGE,reverse,rewired,45,885,2022-10-17,2023-02-06,2023-02-13,9704,879,0,16,0.0,0.001,0.0,2,0.5,0.9573796369376479,1.0465918895599655,9704,"[2.1530296784830996, 5.919311624072547, 2.4515663643858203, 9.231863149216817, 5.252809168841136e-05, 9.294065052125455e-05]","[24.228503426545704, 12.949899579299135, 28.197186579822667, 28.338364321298666, 0.00022527948238868834, 0.0004157961226827605]",2023-02-13,0.5128559385537654,9,13,0.3545659999945201
2023-02-20,GraphSAGE,reverse,rewired,46,885,2022-10-17,2023-02-06,2023-02-13,9704,879,0,16,0.0,0.001,0.0,2,0.5,0.9573796369376479,1.0465918895599655,9704,"[2.1530296784830996, 5.919311624072547, 2.4515663643858203, 9.231863149216817, 5.252809168841136e-05, 9.294065052125455e-05]","[24.228503426545704, 12.949899579299135, 28.197186579822667, 28.338364321298666, 0.00022527948238868834, 0.0004157961226827605]",2023-02-13,0.5261455525606469,9,13,0.3940798999974504
2023-02-20,GraphSAGE,reverse,rewired,47,885,2022-10-17,2023-02-06,2023-02-13,9704,879,0,16,0.0,0.001,0.0,2,0.5,0.9573796369376479,1.0465918895599655,9704,"[2.1530296784830996, 5.919311624072547, 2.4515663643858203, 9.231863149216817, 5.252809168841136e-05, 9.294065052125455e-05]","[24.228503426545704, 12.949899579299135, 28.197186579822667, 28.338364321298666, 0.00022527948238868834, 0.0004157961226827605]",2023-02-13,0.4955523672883787,1,5,0.1547555000288412
2023-02-20,GraphSAGE,reverse,rewired,48,885,2022-10-17,2023-02-06,2023-02-13,9704,879,0,16,0.0,0.001,0.0,2,0.5,0.9573796369376479,1.0465918895599655,9704,"[2.1530296784830996, 5.919311624072547, 2.4515663643858203, 9.231863149216817, 5.252809168841136e-05, 9.294065052125455e-05]","[24.228503426545704, 12.949899579299135, 28.197186579822667, 28.338364321298666, 0.00022527948238868834, 0.0004157961226827605]",2023-02-13,0.5051092056301569,6,10,0.3124309999984689
2023-02-20,GraphSAGE,reverse,rewired,49,885,2022-10-17,2023-02-06,2023-02-13,9704,879,0,16,0.0,0.001,0.0,2,0.5,0.9573796369376479,1.0465918895599655,9704,"[2.1530296784830996, 5.919311624072547, 2.4515663643858203, 9.231863149216817, 5.252809168841136e-05, 9.294065052125455e-05]","[24.228503426545704, 12.949899579299135, 28.197186579822667, 28.338364321298666, 0.00022527948238868834, 0.0004157961226827605]",2023-02-13,0.5118822172544888,19,23,0.7543846000335179
2023-02-20,GraphSAGE,reverse,rewired,50,885,2022-10-17,2023-02-06,2023-02-13,9704,879,0,16,0.0,0.001,0.0,2,0.5,0.9573796369376479,1.0465918895599655,9704,"[2.1530296784830996, 5.919311624072547, 2.4515663643858203, 9.231863149216817, 5.252809168841136e-05, 9.294065052125455e-05]","[24.228503426545704, 12.949899579299135, 28.197186579822667, 28.338364321298666, 0.00022527948238868834, 0.0004157961226827605]",2023-02-13,0.4947692485354946,19,23,0.7239270999561995
2023-02-20,GraphSAGE,reverse,rewired,51,885,2022-10-17,2023-02-06,2023-02-13,9704,879,0,16,0.0,0.001,0.0,2,0.5,0.9573796369376479,1.0465918895599655,9704,"[2.1530296784830996, 5.919311624072547, 2.4515663643858203, 9.231863149216817, 5.252809168841136e-05, 9.294065052125455e-05]","[24.228503426545704, 12.949899579299135, 28.197186579822667, 28.338364321298666, 0.00022527948238868834, 0.0004157961226827605]",2023-02-13,0.5268786728379011,10,14,0.3946585000376217
2023-02-13,GAT,reverse,feature_only,42,879,2022-10-17,2023-01-30,2023-02-06,8966,738,2,64,0.5,0.0003,0.0001,4,0.5,0.9589304812834225,1.0447448147285014,8966,"[2.1026098594691054, 5.854450144992192, 2.3826678563461967, 9.035913450814187, 5.473414386950279e-05, 9.680531243493306e-05]","[24.497728499656546, 12.770076142461877, 28.4786532376123, 27.642390747063526, 0.00023320564328565223, 0.00042904277437608813]",2023-02-06,0.5026838619728129,4,8,8.560025299957488
2023-02-13,GAT,reverse,feature_only,43,879,2022-10-17,2023-01-30,2023-02-06,8966,738,2,64,0.5,0.0003,0.0001,4,0.5,0.9589304812834225,1.0447448147285014,8966,"[2.1026098594691054, 5.854450144992192, 2.3826678563461967, 9.035913450814187, 5.473414386950279e-05, 9.680531243493306e-05]","[24.497728499656546, 12.770076142461877, 28.4786532376123, 27.642390747063526, 0.00023320564328565223, 0.00042904277437608813]",2023-02-06,0.4913588664255647,2,6,6.246970199979842
2023-02-13,GAT,reverse,feature_only,44,879,2022-10-17,2023-01-30,2023-02-06,8966,738,2,64,0.5,0.0003,0.0001,4,0.5,0.9589304812834225,1.0447448147285014,8966,"[2.1026098594691054, 5.854450144992192, 2.3826678563461967, 9.035913450814187, 5.473414386950279e-05, 9.680531243493306e-05]","[24.497728499656546, 12.770076142461877, 28.4786532376123, 27.642390747063526, 0.00023320564328565223, 0.00042904277437608813]",2023-02-06,0.4951006355932204,2,6,6.229844100016635
2023-02-13,GAT,reverse,feature_only,45,879,2022-10-17,2023-01-30,2023-02-06,8966,738,2,64,0.5,0.0003,0.0001,4,0.5,0.9589304812834225,1.0447448147285014,8966,"[2.1026098594691054, 5.854450144992192, 2.3826678563461967, 9.035913450814187, 5.473414386950279e-05, 9.680531243493306e-05]","[24.497728499656546, 12.770076142461877, 28.4786532376123, 27.642390747063526, 0.00023320564328565223, 0.00042904277437608813]",2023-02-06,0.49951388952703013,1,5,4.610859500011429
2023-02-13,GAT,reverse,feature_only,46,879,2022-10-17,2023-01-30,2023-02-06,8966,738,2,64,0.5,0.0003,0.0001,4,0.5,0.9589304812834225,1.0447448147285014,8966,"[2.1026098594691054, 5.854450144992192, 2.3826678563461967, 9.035913450814187, 5.473414386950279e-05, 9.680531243493306e-05]","[24.497728499656546, 12.770076142461877, 28.4786532376123, 27.642390747063526, 0.00023320564328565223, 0.00042904277437608813]",2023-02-06,0.4162107619128691,3,7,6.182174400018994
2023-02-13,GAT,reverse,feature_only,47,879,2022-10-17,2023-01-30,2023-02-06,8966,738,2,64,0.5,0.0003,0.0001,4,0.5,0.9589304812834225,1.0447448147285014,8966,"[2.1026098594691054, 5.854450144992192, 2.3826678563461967, 9.035913450814187, 5.473414386950279e-05, 9.680531243493306e-05]","[24.497728499656546, 12.770076142461877, 28.4786532376123, 27.642390747063526, 0.00023320564328565223, 0.00042904277437608813]",2023-02-06,0.5013098092214272,3,7,6.2840026000048965
2023-02-13,GAT,reverse,feature_only,48,879,2022-10-17,2023-01-30,2023-02-06,8966,738,2,64,0.5,0.0003,0.0001,4,0.5,0.9589304812834225,1.0447448147285014,8966,"[2.1026098594691054, 5.854450144992192, 2.3826678563461967, 9.035913450814187, 5.473414386950279e-05, 9.680531243493306e-05]","[24.497728499656546, 12.770076142461877, 28.4786532376123, 27.642390747063526, 0.00023320564328565223, 0.00042904277437608813]",2023-02-06,0.4397295742232451,10,14,12.687947300029919
2023-02-13,GAT,reverse,feature_only,49,879,2022-10-17,2023-01-30,2023-02-06,8966,738,2,64,0.5,0.0003,0.0001,4,0.5,0.9589304812834225,1.0447448147285014,8966,"[2.1026098594691054, 5.854450144992192, 2.3826678563461967, 9.035913450814187, 5.473414386950279e-05, 9.680531243493306e-05]","[24.497728499656546, 12.770076142461877, 28.4786532376123, 27.642390747063526, 0.00023320564328565223, 0.00042904277437608813]",2023-02-06,0.4446908144886932,3,7,6.810572599992156
2023-02-13,GAT,reverse,feature_only,50,879,2022-10-17,2023-01-30,2023-02-06,8966,738,2,64,0.5,0.0003,0.0001,4,0.5,0.9589304812834225,1.0447448147285014,8966,"[2.1026098594691054, 5.854450144992192, 2.3826678563461967, 9.035913450814187, 5.473414386950279e-05, 9.680531243493306e-05]","[24.497728499656546, 12.770076142461877, 28.4786532376123, 27.642390747063526, 0.00023320564328565223, 0.00042904277437608813]",2023-02-06,0.43356848912404466,15,19,21.319854900008067
2023-02-13,GAT,reverse,feature_only,51,879,2022-10-17,2023-01-30,2023-02-06,8966,738,2,64,0.5,0.0003,0.0001,4,0.5,0.9589304812834225,1.0447448147285014,8966,"[2.1026098594691054, 5.854450144992192, 2.3826678563461967, 9.035913450814187, 5.473414386950279e-05, 9.680531243493306e-05]","[24.497728499656546, 12.770076142461877, 28.4786532376123, 27.642390747063526, 0.00023320564328565223, 0.00042904277437608813]",2023-02-06,0.44857594936708867,3,7,6.808336900023278
2023-02-13,GAT,reverse,rewired,42,879,2022-10-17,2023-01-30,2023-02-06,8966,738,2,64,0.5,0.0003,0.0001,4,0.5,0.9589304812834225,1.0447448147285014,8966,"[2.1026098594691054, 5.854450144992192, 2.3826678563461967, 9.035913450814187, 5.473414386950279e-05, 9.680531243493306e-05]","[24.497728499656546, 12.770076142461877, 28.4786532376123, 27.642390747063526, 0.00023320564328565223, 0.00042904277437608813]",2023-02-06,0.49107622114868493,10,14,14.155291199975181
2023-02-13,GAT,reverse,rewired,43,879,2022-10-17,2023-01-30,2023-02-06,8966,738,2,64,0.5,0.0003,0.0001,4,0.5,0.9589304812834225,1.0447448147285014,8966,"[2.1026098594691054, 5.854450144992192, 2.3826678563461967, 9.035913450814187, 5.473414386950279e-05, 9.680531243493306e-05]","[24.497728499656546, 12.770076142461877, 28.4786532376123, 27.642390747063526, 0.00023320564328565223, 0.00042904277437608813]",2023-02-06,0.5006848746854462,7,11,10.691446600016207
2023-02-13,GAT,reverse,rewired,44,879,2022-10-17,2023-01-30,2023-02-06,8966,738,2,64,0.5,0.0003,0.0001,4,0.5,0.9589304812834225,1.0447448147285014,8966,"[2.1026098594691054, 5.854450144992192, 2.3826678563461967, 9.035913450814187, 5.473414386950279e-05, 9.680531243493306e-05]","[24.497728499656546, 12.770076142461877, 28.4786532376123, 27.642390747063526, 0.00023320564328565223, 0.00042904277437608813]",2023-02-06,0.49141711564966795,6,10,9.983135500049684
2023-02-13,GAT,reverse,rewired,45,879,2022-10-17,2023-01-30,2023-02-06,8966,738,2,64,0.5,0.0003,0.0001,4,0.5,0.9589304812834225,1.0447448147285014,8966,"[2.1026098594691054, 5.854450144992192, 2.3826678563461967, 9.035913450814187, 5.473414386950279e-05, 9.680531243493306e-05]","[24.497728499656546, 12.770076142461877, 28.4786532376123, 27.642390747063526, 0.00023320564328565223, 0.00042904277437608813]",2023-02-06,0.5079045798354251,8,12,10.55710320000071
2023-02-13,GAT,reverse,rewired,46,879,2022-10-17,2023-01-30,2023-02-06,8966,738,2,64,0.5,0.0003,0.0001,4,0.5,0.9589304812834225,1.0447448147285014,8966,"[2.1026098594691054, 5.854450144992192, 2.3826678563461967, 9.035913450814187, 5.473414386950279e-05, 9.680531243493306e-05]","[24.497728499656546, 12.770076142461877, 28.4786532376123, 27.642390747063526, 0.00023320564328565223, 0.00042904277437608813]",2023-02-06,0.46247179833365903,17,21,20.47910589998355
2023-02-13,GAT,reverse,rewired,47,879,2022-10-17,2023-01-30,2023-02-06,8966,738,2,64,0.5,0.0003,0.0001,4,0.5,0.9589304812834225,1.0447448147285014,8966,"[2.1026098594691054, 5.854450144992192, 2.3826678563461967, 9.035913450814187, 5.473414386950279e-05, 9.680531243493306e-05]","[24.497728499656546, 12.770076142461877, 28.4786532376123, 27.642390747063526, 0.00023320564328565223, 0.00042904277437608813]",2023-02-06,0.49121040290713425,5,9,8.638123199983966
2023-02-13,GAT,reverse,rewired,48,879,2022-10-17,2023-01-30,2023-02-06,8966,738,2,64,0.5,0.0003,0.0001,4,0.5,0.9589304812834225,1.0447448147285014,8966,"[2.1026098594691054, 5.854450144992192, 2.3826678563461967, 9.035913450814187, 5.473414386950279e-05, 9.680531243493306e-05]","[24.497728499656546, 12.770076142461877, 28.4786532376123, 27.642390747063526, 0.00023320564328565223, 0.00042904277437608813]",2023-02-06,0.46120044159059204,7,11,10.336350700003095
2023-02-13,GAT,reverse,rewired,49,879,2022-10-17,2023-01-30,2023-02-06,8966,738,2,64,0.5,0.0003,0.0001,4,0.5,0.9589304812834225,1.0447448147285014,8966,"[2.1026098594691054, 5.854450144992192, 2.3826678563461967, 9.035913450814187, 5.473414386950279e-05, 9.680531243493306e-05]","[24.497728499656546, 12.770076142461877, 28.4786532376123, 27.642390747063526, 0.00023320564328565223, 0.00042904277437608813]",2023-02-06,0.470838913916961,7,11,10.528266099980101
2023-02-13,GAT,reverse,rewired,50,879,2022-10-17,2023-01-30,2023-02-06,8966,738,2,64,0.5,0.0003,0.0001,4,0.5,0.9589304812834225,1.0447448147285014,8966,"[2.1026098594691054, 5.854450144992192, 2.3826678563461967, 9.035913450814187, 5.473414386950279e-05, 9.680531243493306e-05]","[24.497728499656546, 12.770076142461877, 28.4786532376123, 27.642390747063526, 0.00023320564328565223, 0.00042904277437608813]",2023-02-06,0.45320845789426645,13,17,16.25175619998481
2023-02-13,GAT,reverse,rewired,51,879,2022-10-17,2023-01-30,2023-02-06,8966,738,2,64,0.5,0.0003,0.0001,4,0.5,0.9589304812834225,1.0447448147285014,8966,"[2.1026098594691054, 5.854450144992192, 2.3826678563461967, 9.035913450814187, 5.473414386950279e-05, 9.680531243493306e-05]","[24.497728499656546, 12.770076142461877, 28.4786532376123, 27.642390747063526, 0.00023320564328565223, 0.00042904277437608813]",2023-02-06,0.4753249540570631,15,19,18.645219600002747
2023-02-27,GraphSAGE,reverse,feature_only,42,960,2022-10-17,2023-02-13,2023-02-20,10583,885,1,32,0.2,0.001,0.0001,4,0.5,0.9561799783158655,1.0480293127351952,10583,"[2.2449210998771614, 5.987810639705187, 2.5487101955967115, 9.448927525276387, 5.12917818681915e-05, 8.882651633453991e-05]","[24.304870851238125, 13.07022234830036, 28.167924658727642, 29.29551128604354, 0.00022973361114006044, 0.00040008726262205565]",2023-02-20,0.508985094894759,8,12,0.7115468999836594
2023-02-27,GraphSAGE,reverse,feature_only,43,960,2022-10-17,2023-02-13,2023-02-20,10583,885,1,32,0.2,0.001,0.0001,4,0.5,0.9561799783158655,1.0480293127351952,10583,"[2.2449210998771614, 5.987810639705187, 2.5487101955967115, 9.448927525276387, 5.12917818681915e-05, 8.882651633453991e-05]","[24.304870851238125, 13.07022234830036, 28.167924658727642, 29.29551128604354, 0.00022973361114006044, 0.00040008726262205565]",2023-02-20,0.5053525692981033,10,14,0.8856794000021182
2023-02-27,GraphSAGE,reverse,feature_only,44,960,2022-10-17,2023-02-13,2023-02-20,10583,885,1,32,0.2,0.001,0.0001,4,0.5,0.9561799783158655,1.0480293127351952,10583,"[2.2449210998771614, 5.987810639705187, 2.5487101955967115, 9.448927525276387, 5.12917818681915e-05, 8.882651633453991e-05]","[24.304870851238125, 13.07022234830036, 28.167924658727642, 29.29551128604354, 0.00022973361114006044, 0.00040008726262205565]",2023-02-20,0.5122987546738358,2,6,0.3794085999834351
2023-02-27,GraphSAGE,reverse,feature_only,45,960,2022-10-17,2023-02-13,2023-02-20,10583,885,1,32,0.2,0.001,0.0001,4,0.5,0.9561799783158655,1.0480293127351952,10583,"[2.2449210998771614, 5.987810639705187, 2.5487101955967115, 9.448927525276387, 5.12917818681915e-05, 8.882651633453991e-05]","[24.304870851238125, 13.07022234830036, 28.167924658727642, 29.29551128604354, 0.00022973361114006044, 0.00040008726262205565]",2023-02-20,0.523090164269369,25,29,1.86401299998397
2023-02-27,GraphSAGE,reverse,feature_only,46,960,2022-10-17,2023-02-13,2023-02-20,10583,885,1,32,0.2,0.001,0.0001,4,0.5,0.9561799783158655,1.0480293127351952,10583,"[2.2449210998771614, 5.987810639705187, 2.5487101955967115, 9.448927525276387, 5.12917818681915e-05, 8.882651633453991e-05]","[24.304870851238125, 13.07022234830036, 28.167924658727642, 29.29551128604354, 0.00022973361114006044, 0.00040008726262205565]",2023-02-20,0.48907863306005483,2,6,0.377688099979423
2023-02-27,GraphSAGE,reverse,feature_only,47,960,2022-10-17,2023-02-13,2023-02-20,10583,885,1,32,0.2,0.001,0.0001,4,0.5,0.9561799783158655,1.0480293127351952,10583,"[2.2449210998771614, 5.987810639705187, 2.5487101955967115, 9.448927525276387, 5.12917818681915e-05, 8.882651633453991e-05]","[24.304870851238125, 13.07022234830036, 28.167924658727642, 29.29551128604354, 0.00022973361114006044, 0.00040008726262205565]",2023-02-20,0.507926139346079,13,17,1.0732267000130378
2023-02-27,GraphSAGE,reverse,feature_only,48,960,2022-10-17,2023-02-13,2023-02-20,10583,885,1,32,0.2,0.001,0.0001,4,0.5,0.9561799783158655,1.0480293127351952,10583,"[2.2449210998771614, 5.987810639705187, 2.5487101955967115, 9.448927525276387, 5.12917818681915e-05, 8.882651633453991e-05]","[24.304870851238125, 13.07022234830036, 28.167924658727642, 29.29551128604354, 0.00022973361114006044, 0.00040008726262205565]",2023-02-20,0.5235053310466807,26,30,1.951976700045634
2023-02-27,GraphSAGE,reverse,feature_only,49,960,2022-10-17,2023-02-13,2023-02-20,10583,885,1,32,0.2,0.001,0.0001,4,0.5,0.9561799783158655,1.0480293127351952,10583,"[2.2449210998771614, 5.987810639705187, 2.5487101955967115, 9.448927525276387, 5.12917818681915e-05, 8.882651633453991e-05]","[24.304870851238125, 13.07022234830036, 28.167924658727642, 29.29551128604354, 0.00022973361114006044, 0.00040008726262205565]",2023-02-20,0.5209401709401709,22,26,1.676462100003846
2023-02-27,GraphSAGE,reverse,feature_only,50,960,2022-10-17,2023-02-13,2023-02-20,10583,885,1,32,0.2,0.001,0.0001,4,0.5,0.9561799783158655,1.0480293127351952,10583,"[2.2449210998771614, 5.987810639705187, 2.5487101955967115, 9.448927525276387, 5.12917818681915e-05, 8.882651633453991e-05]","[24.304870851238125, 13.07022234830036, 28.167924658727642, 29.29551128604354, 0.00022973361114006044, 0.00040008726262205565]",2023-02-20,0.4785084884156091,4,8,0.49621939996723086
2023-02-27,GraphSAGE,reverse,feature_only,51,960,2022-10-17,2023-02-13,2023-02-20,10583,885,1,32,0.2,0.001,0.0001,4,0.5,0.9561799783158655,1.0480293127351952,10583,"[2.2449210998771614, 5.987810639705187, 2.5487101955967115, 9.448927525276387, 5.12917818681915e-05, 8.882651633453991e-05]","[24.304870851238125, 13.07022234830036, 28.167924658727642, 29.29551128604354, 0.00022973361114006044, 0.00040008726262205565]",2023-02-20,0.47287937092186716,15,19,1.2012954999809153
2023-02-27,GraphSAGE,reverse,rewired,42,960,2022-10-17,2023-02-13,2023-02-20,10583,885,1,32,0.2,0.001,0.0001,4,0.5,0.9561799783158655,1.0480293127351952,10583,"[2.2449210998771614, 5.987810639705187, 2.5487101955967115, 9.448927525276387, 5.12917818681915e-05, 8.882651633453991e-05]","[24.304870851238125, 13.07022234830036, 28.167924658727642, 29.29551128604354, 0.00022973361114006044, 0.00040008726262205565]",2023-02-20,0.5217929251767037,9,13,0.8471645999816246
2023-02-27,GraphSAGE,reverse,rewired,43,960,2022-10-17,2023-02-13,2023-02-20,10583,885,1,32,0.2,0.001,0.0001,4,0.5,0.9561799783158655,1.0480293127351952,10583,"[2.2449210998771614, 5.987810639705187, 2.5487101955967115, 9.448927525276387, 5.12917818681915e-05, 8.882651633453991e-05]","[24.304870851238125, 13.07022234830036, 28.167924658727642, 29.29551128604354, 0.00022973361114006044, 0.00040008726262205565]",2023-02-20,0.4708344406058995,10,14,0.9385221999837086
2023-02-27,GraphSAGE,reverse,rewired,44,960,2022-10-17,2023-02-13,2023-02-20,10583,885,1,32,0.2,0.001,0.0001,4,0.5,0.9561799783158655,1.0480293127351952,10583,"[2.2449210998771614, 5.987810639705187, 2.5487101955967115, 9.448927525276387, 5.12917818681915e-05, 8.882651633453991e-05]","[24.304870851238125, 13.07022234830036, 28.167924658727642, 29.29551128604354, 0.00022973361114006044, 0.00040008726262205565]",2023-02-20,0.5064820120329063,2,6,0.38921439996920526
2023-02-27,GraphSAGE,reverse,rewired,45,960,2022-10-17,2023-02-13,2023-02-20,10583,885,1,32,0.2,0.001,0.0001,4,0.5,0.9561799783158655,1.0480293127351952,10583,"[2.2449210998771614, 5.987810639705187, 2.5487101955967115, 9.448927525276387, 5.12917818681915e-05, 8.882651633453991e-05]","[24.304870851238125, 13.07022234830036, 28.167924658727642, 29.29551128604354, 0.00022973361114006044, 0.00040008726262205565]",2023-02-20,0.4572779029911864,4,8,0.49863069999264553
2023-02-27,GraphSAGE,reverse,rewired,46,960,2022-10-17,2023-02-13,2023-02-20,10583,885,1,32,0.2,0.001,0.0001,4,0.5,0.9561799783158655,1.0480293127351952,10583,"[2.2449210998771614, 5.987810639705187, 2.5487101955967115, 9.448927525276387, 5.12917818681915e-05, 8.882651633453991e-05]","[24.304870851238125, 13.07022234830036, 28.167924658727642, 29.29551128604354, 0.00022973361114006044, 0.00040008726262205565]",2023-02-20,0.4887676508344031,3,7,0.43467930000042543
2023-02-27,GraphSAGE,reverse,rewired,47,960,2022-10-17,2023-02-13,2023-02-20,10583,885,1,32,0.2,0.001,0.0001,4,0.5,0.9561799783158655,1.0480293127351952,10583,"[2.2449210998771614, 5.987810639705187, 2.5487101955967115, 9.448927525276387, 5.12917818681915e-05, 8.882651633453991e-05]","[24.304870851238125, 13.07022234830036, 28.167924658727642, 29.29551128604354, 0.00022973361114006044, 0.00040008726262205565]",2023-02-20,0.5120344388415461,13,17,1.0962811000063084
2023-02-27,GraphSAGE,reverse,rewired,48,960,2022-10-17,2023-02-13,2023-02-20,10583,885,1,32,0.2,0.001,0.0001,4,0.5,0.9561799783158655,1.0480293127351952,10583,"[2.2449210998771614, 5.987810639705187, 2.5487101955967115, 9.448927525276387, 5.12917818681915e-05, 8.882651633453991e-05]","[24.304870851238125, 13.07022234830036, 28.167924658727642, 29.29551128604354, 0.00022973361114006044, 0.00040008726262205565]",2023-02-20,0.49995006727777314,13,17,1.1161447000340559
2023-02-27,GraphSAGE,reverse,rewired,49,960,2022-10-17,2023-02-13,2023-02-20,10583,885,1,32,0.2,0.001,0.0001,4,0.5,0.9561799783158655,1.0480293127351952,10583,"[2.2449210998771614, 5.987810639705187, 2.5487101955967115, 9.448927525276387, 5.12917818681915e-05, 8.882651633453991e-05]","[24.304870851238125, 13.07022234830036, 28.167924658727642, 29.29551128604354, 0.00022973361114006044, 0.00040008726262205565]",2023-02-20,0.460765112939026,8,12,0.7836382000241429
2023-02-27,GraphSAGE,reverse,rewired,50,960,2022-10-17,2023-02-13,2023-02-20,10583,885,1,32,0.2,0.001,0.0001,4,0.5,0.9561799783158655,1.0480293127351952,10583,"[2.2449210998771614, 5.987810639705187, 2.5487101955967115, 9.448927525276387, 5.12917818681915e-05, 8.882651633453991e-05]","[24.304870851238125, 13.07022234830036, 28.167924658727642, 29.29551128604354, 0.00022973361114006044, 0.00040008726262205565]",2023-02-20,0.5086547741353009,29,30,1.9402239000191912
2023-02-27,GraphSAGE,reverse,rewired,51,960,2022-10-17,2023-02-13,2023-02-20,10583,885,1,32,0.2,0.001,0.0001,4,0.5,0.9561799783158655,1.0480293127351952,10583,"[2.2449210998771614, 5.987810639705187, 2.5487101955967115, 9.448927525276387, 5.12917818681915e-05, 8.882651633453991e-05]","[24.304870851238125, 13.07022234830036, 28.167924658727642, 29.29551128604354, 0.00022973361114006044, 0.00040008726262205565]",2023-02-20,0.5079051765844218,22,26,1.6853643999784254
2023-02-20,GAT,reverse,feature_only,42,885,2022-10-17,2023-02-06,2023-02-13,9704,879,2,64,0.5,0.0003,0.0001,4,0.5,0.9573796369376479,1.0465918895599655,9704,"[2.1530296784830996, 5.919311624072547, 2.4515663643858203, 9.231863149216817, 5.252809168841136e-05, 9.294065052125455e-05]","[24.228503426545704, 12.949899579299135, 28.197186579822667, 28.338364321298666, 0.00022527948238868834, 0.0004157961226827605]",2023-02-13,0.5172452929136385,9,13,10.674730299971998
2023-02-20,GAT,reverse,feature_only,43,885,2022-10-17,2023-02-06,2023-02-13,9704,879,2,64,0.5,0.0003,0.0001,4,0.5,0.9573796369376479,1.0465918895599655,9704,"[2.1530296784830996, 5.919311624072547, 2.4515663643858203, 9.231863149216817, 5.252809168841136e-05, 9.294065052125455e-05]","[24.228503426545704, 12.949899579299135, 28.197186579822667, 28.338364321298666, 0.00022527948238868834, 0.0004157961226827605]",2023-02-13,0.5230750504052492,4,8,7.231771700026002
2023-02-20,GAT,reverse,feature_only,44,885,2022-10-17,2023-02-06,2023-02-13,9704,879,2,64,0.5,0.0003,0.0001,4,0.5,0.9573796369376479,1.0465918895599655,9704,"[2.1530296784830996, 5.919311624072547, 2.4515663643858203, 9.231863149216817, 5.252809168841136e-05, 9.294065052125455e-05]","[24.228503426545704, 12.949899579299135, 28.197186579822667, 28.338364321298666, 0.00022527948238868834, 0.0004157961226827605]",2023-02-13,0.5217974756999855,3,7,6.127302900014911
2023-02-20,GAT,reverse,feature_only,45,885,2022-10-17,2023-02-06,2023-02-13,9704,879,2,64,0.5,0.0003,0.0001,4,0.5,0.9573796369376479,1.0465918895599655,9704,"[2.1530296784830996, 5.919311624072547, 2.4515663643858203, 9.231863149216817, 5.252809168841136e-05, 9.294065052125455e-05]","[24.228503426545704, 12.949899579299135, 28.197186579822667, 28.338364321298666, 0.00022527948238868834, 0.0004157961226827605]",2023-02-13,0.5196348096348096,1,5,4.286734700028319
2023-02-20,GAT,reverse,feature_only,46,885,2022-10-17,2023-02-06,2023-02-13,9704,879,2,64,0.5,0.0003,0.0001,4,0.5,0.9573796369376479,1.0465918895599655,9704,"[2.1530296784830996, 5.919311624072547, 2.4515663643858203, 9.231863149216817, 5.252809168841136e-05, 9.294065052125455e-05]","[24.228503426545704, 12.949899579299135, 28.197186579822667, 28.338364321298666, 0.00022527948238868834, 0.0004157961226827605]",2023-02-13,0.42190520698241607,10,14,15.037201199971605
2023-02-20,GAT,reverse,feature_only,47,885,2022-10-17,2023-02-06,2023-02-13,9704,879,2,64,0.5,0.0003,0.0001,4,0.5,0.9573796369376479,1.0465918895599655,9704,"[2.1530296784830996, 5.919311624072547, 2.4515663643858203, 9.231863149216817, 5.252809168841136e-05, 9.294065052125455e-05]","[24.228503426545704, 12.949899579299135, 28.197186579822667, 28.338364321298666, 0.00022527948238868834, 0.0004157961226827605]",2023-02-13,0.5225210508916244,6,10,10.72505910001928
2023-02-20,GAT,reverse,feature_only,48,885,2022-10-17,2023-02-06,2023-02-13,9704,879,2,64,0.5,0.0003,0.0001,4,0.5,0.9573796369376479,1.0465918895599655,9704,"[2.1530296784830996, 5.919311624072547, 2.4515663643858203, 9.231863149216817, 5.252809168841136e-05, 9.294065052125455e-05]","[24.228503426545704, 12.949899579299135, 28.197186579822667, 28.338364321298666, 0.00022527948238868834, 0.0004157961226827605]",2023-02-13,0.46946258402110097,18,22,24.819088999996893
2023-02-20,GAT,reverse,feature_only,49,885,2022-10-17,2023-02-06,2023-02-13,9704,879,2,64,0.5,0.0003,0.0001,4,0.5,0.9573796369376479,1.0465918895599655,9704,"[2.1530296784830996, 5.919311624072547, 2.4515663643858203, 9.231863149216817, 5.252809168841136e-05, 9.294065052125455e-05]","[24.228503426545704, 12.949899579299135, 28.197186579822667, 28.338364321298666, 0.00022527948238868834, 0.0004157961226827605]",2023-02-13,0.4470938856232489,8,12,12.755187699978705
2023-02-20,GAT,reverse,feature_only,50,885,2022-10-17,2023-02-06,2023-02-13,9704,879,2,64,0.5,0.0003,0.0001,4,0.5,0.9573796369376479,1.0465918895599655,9704,"[2.1530296784830996, 5.919311624072547, 2.4515663643858203, 9.231863149216817, 5.252809168841136e-05, 9.294065052125455e-05]","[24.228503426545704, 12.949899579299135, 28.197186579822667, 28.338364321298666, 0.00022527948238868834, 0.0004157961226827605]",2023-02-13,0.4268235393104802,15,19,20.007141000009142
2023-02-20,GAT,reverse,feature_only,51,885,2022-10-17,2023-02-06,2023-02-13,9704,879,2,64,0.5,0.0003,0.0001,4,0.5,0.9573796369376479,1.0465918895599655,9704,"[2.1530296784830996, 5.919311624072547, 2.4515663643858203, 9.231863149216817, 5.252809168841136e-05, 9.294065052125455e-05]","[24.228503426545704, 12.949899579299135, 28.197186579822667, 28.338364321298666, 0.00022527948238868834, 0.0004157961226827605]",2023-02-13,0.45980825958702065,9,13,13.567106499976944
2023-02-20,GAT,reverse,rewired,42,885,2022-10-17,2023-02-06,2023-02-13,9704,879,2,64,0.5,0.0003,0.0001,4,0.5,0.9573796369376479,1.0465918895599655,9704,"[2.1530296784830996, 5.919311624072547, 2.4515663643858203, 9.231863149216817, 5.252809168841136e-05, 9.294065052125455e-05]","[24.228503426545704, 12.949899579299135, 28.197186579822667, 28.338364321298666, 0.00022527948238868834, 0.0004157961226827605]",2023-02-13,0.5000396825396826,9,13,13.55966480000643
2023-02-20,GAT,reverse,rewired,43,885,2022-10-17,2023-02-06,2023-02-13,9704,879,2,64,0.5,0.0003,0.0001,4,0.5,0.9573796369376479,1.0465918895599655,9704,"[2.1530296784830996, 5.919311624072547, 2.4515663643858203, 9.231863149216817, 5.252809168841136e-05, 9.294065052125455e-05]","[24.228503426545704, 12.949899579299135, 28.197186579822667, 28.338364321298666, 0.00022527948238868834, 0.0004157961226827605]",2023-02-13,0.5135025062656642,4,8,8.493486699997447
2023-02-20,GAT,reverse,rewired,44,885,2022-10-17,2023-02-06,2023-02-13,9704,879,2,64,0.5,0.0003,0.0001,4,0.5,0.9573796369376479,1.0465918895599655,9704,"[2.1530296784830996, 5.919311624072547, 2.4515663643858203, 9.231863149216817, 5.252809168841136e-05, 9.294065052125455e-05]","[24.228503426545704, 12.949899579299135, 28.197186579822667, 28.338364321298666, 0.00022527948238868834, 0.0004157961226827605]",2023-02-13,0.5144024276377217,6,10,10.906658499967307
2023-02-20,GAT,reverse,rewired,45,885,2022-10-17,2023-02-06,2023-02-13,9704,879,2,64,0.5,0.0003,0.0001,4,0.5,0.9573796369376479,1.0465918895599655,9704,"[2.1530296784830996, 5.919311624072547, 2.4515663643858203, 9.231863149216817, 5.252809168841136e-05, 9.294065052125455e-05]","[24.228503426545704, 12.949899579299135, 28.197186579822667, 28.338364321298666, 0.00022527948238868834, 0.0004157961226827605]",2023-02-13,0.5183310880727855,2,6,6.508808700018562
2023-02-20,GAT,reverse,rewired,46,885,2022-10-17,2023-02-06,2023-02-13,9704,879,2,64,0.5,0.0003,0.0001,4,0.5,0.9573796369376479,1.0465918895599655,9704,"[2.1530296784830996, 5.919311624072547, 2.4515663643858203, 9.231863149216817, 5.252809168841136e-05, 9.294065052125455e-05]","[24.228503426545704, 12.949899579299135, 28.197186579822667, 28.338364321298666, 0.00022527948238868834, 0.0004157961226827605]",2023-02-13,0.4473333379193638,10,14,14.794019700028002
2023-02-20,GAT,reverse,rewired,47,885,2022-10-17,2023-02-06,2023-02-13,9704,879,2,64,0.5,0.0003,0.0001,4,0.5,0.9573796369376479,1.0465918895599655,9704,"[2.1530296784830996, 5.919311624072547, 2.4515663643858203, 9.231863149216817, 5.252809168841136e-05, 9.294065052125455e-05]","[24.228503426545704, 12.949899579299135, 28.197186579822667, 28.338364321298666, 0.00022527948238868834, 0.0004157961226827605]",2023-02-13,0.507595709658578,6,10,11.83414009999251
2023-02-20,GAT,reverse,rewired,48,885,2022-10-17,2023-02-06,2023-02-13,9704,879,2,64,0.5,0.0003,0.0001,4,0.5,0.9573796369376479,1.0465918895599655,9704,"[2.1530296784830996, 5.919311624072547, 2.4515663643858203, 9.231863149216817, 5.252809168841136e-05, 9.294065052125455e-05]","[24.228503426545704, 12.949899579299135, 28.197186579822667, 28.338364321298666, 0.00022527948238868834, 0.0004157961226827605]",2023-02-13,0.49561964491344035,23,27,33.276168100012
2023-02-20,GAT,reverse,rewired,49,885,2022-10-17,2023-02-06,2023-02-13,9704,879,2,64,0.5,0.0003,0.0001,4,0.5,0.9573796369376479,1.0465918895599655,9704,"[2.1530296784830996, 5.919311624072547, 2.4515663643858203, 9.231863149216817, 5.252809168841136e-05, 9.294065052125455e-05]","[24.228503426545704, 12.949899579299135, 28.197186579822667, 28.338364321298666, 0.00022527948238868834, 0.0004157961226827605]",2023-02-13,0.4716249719482351,9,13,15.856001299980562
2023-02-20,GAT,reverse,rewired,50,885,2022-10-17,2023-02-06,2023-02-13,9704,879,2,64,0.5,0.0003,0.0001,4,0.5,0.9573796369376479,1.0465918895599655,9704,"[2.1530296784830996, 5.919311624072547, 2.4515663643858203, 9.231863149216817, 5.252809168841136e-05, 9.294065052125455e-05]","[24.228503426545704, 12.949899579299135, 28.197186579822667, 28.338364321298666, 0.00022527948238868834, 0.0004157961226827605]",2023-02-13,0.44620687099284734,14,18,23.14095939998515
2023-02-20,GAT,reverse,rewired,51,885,2022-10-17,2023-02-06,2023-02-13,9704,879,2,64,0.5,0.0003,0.0001,4,0.5,0.9573796369376479,1.0465918895599655,9704,"[2.1530296784830996, 5.919311624072547, 2.4515663643858203, 9.231863149216817, 5.252809168841136e-05, 9.294065052125455e-05]","[24.228503426545704, 12.949899579299135, 28.197186579822667, 28.338364321298666, 0.00022527948238868834, 0.0004157961226827605]",2023-02-13,0.4795916741889237,10,14,20.195820899971295
2023-02-27,GAT,reverse,feature_only,42,960,2022-10-17,2023-02-13,2023-02-20,10583,885,1,32,0.2,0.001,0.0001,4,0.5,0.9561799783158655,1.0480293127351952,10583,"[2.2449210998771614, 5.987810639705187, 2.5487101955967115, 9.448927525276387, 5.12917818681915e-05, 8.882651633453991e-05]","[24.304870851238125, 13.07022234830036, 28.167924658727642, 29.29551128604354, 0.00022973361114006044, 0.00040008726262205565]",2023-02-20,0.5118049426301854,3,7,4.9327275000396185
2023-02-27,GAT,reverse,feature_only,43,960,2022-10-17,2023-02-13,2023-02-20,10583,885,1,32,0.2,0.001,0.0001,4,0.5,0.9561799783158655,1.0480293127351952,10583,"[2.2449210998771614, 5.987810639705187, 2.5487101955967115, 9.448927525276387, 5.12917818681915e-05, 8.882651633453991e-05]","[24.304870851238125, 13.07022234830036, 28.167924658727642, 29.29551128604354, 0.00022973361114006044, 0.00040008726262205565]",2023-02-20,0.5068773023227018,3,7,5.230730000010226
2023-02-27,GAT,reverse,feature_only,44,960,2022-10-17,2023-02-13,2023-02-20,10583,885,1,32,0.2,0.001,0.0001,4,0.5,0.9561799783158655,1.0480293127351952,10583,"[2.2449210998771614, 5.987810639705187, 2.5487101955967115, 9.448927525276387, 5.12917818681915e-05, 8.882651633453991e-05]","[24.304870851238125, 13.07022234830036, 28.167924658727642, 29.29551128604354, 0.00022973361114006044, 0.00040008726262205565]",2023-02-20,0.5123754510414958,4,8,5.593104899977334
2023-02-27,GAT,reverse,feature_only,45,960,2022-10-17,2023-02-13,2023-02-20,10583,885,1,32,0.2,0.001,0.0001,4,0.5,0.9561799783158655,1.0480293127351952,10583,"[2.2449210998771614, 5.987810639705187, 2.5487101955967115, 9.448927525276387, 5.12917818681915e-05, 8.882651633453991e-05]","[24.304870851238125, 13.07022234830036, 28.167924658727642, 29.29551128604354, 0.00022973361114006044, 0.00040008726262205565]",2023-02-20,0.5179794158467992,13,17,12.211676099977922
2023-02-27,GAT,reverse,feature_only,46,960,2022-10-17,2023-02-13,2023-02-20,10583,885,1,32,0.2,0.001,0.0001,4,0.5,0.9561799783158655,1.0480293127351952,10583,"[2.2449210998771614, 5.987810639705187, 2.5487101955967115, 9.448927525276387, 5.12917818681915e-05, 8.882651633453991e-05]","[24.304870851238125, 13.07022234830036, 28.167924658727642, 29.29551128604354, 0.00022973361114006044, 0.00040008726262205565]",2023-02-20,0.5276540649866697,9,13,8.814369699975941
2023-02-27,GAT,reverse,feature_only,47,960,2022-10-17,2023-02-13,2023-02-20,10583,885,1,32,0.2,0.001,0.0001,4,0.5,0.9561799783158655,1.0480293127351952,10583,"[2.2449210998771614, 5.987810639705187, 2.5487101955967115, 9.448927525276387, 5.12917818681915e-05, 8.882651633453991e-05]","[24.304870851238125, 13.07022234830036, 28.167924658727642, 29.29551128604354, 0.00022973361114006044, 0.00040008726262205565]",2023-02-20,0.513447789131302,1,5,2.9928225000039674
2023-02-27,GAT,reverse,feature_only,48,960,2022-10-17,2023-02-13,2023-02-20,10583,885,1,32,0.2,0.001,0.0001,4,0.5,0.9561799783158655,1.0480293127351952,10583,"[2.2449210998771614, 5.987810639705187, 2.5487101955967115, 9.448927525276387, 5.12917818681915e-05, 8.882651633453991e-05]","[24.304870851238125, 13.07022234830036, 28.167924658727642, 29.29551128604354, 0.00022973361114006044, 0.00040008726262205565]",2023-02-20,0.5329121318329951,21,25,15.15271620004205
2023-02-27,GAT,reverse,feature_only,49,960,2022-10-17,2023-02-13,2023-02-20,10583,885,1,32,0.2,0.001,0.0001,4,0.5,0.9561799783158655,1.0480293127351952,10583,"[2.2449210998771614, 5.987810639705187, 2.5487101955967115, 9.448927525276387, 5.12917818681915e-05, 8.882651633453991e-05]","[24.304870851238125, 13.07022234830036, 28.167924658727642, 29.29551128604354, 0.00022973361114006044, 0.00040008726262205565]",2023-02-20,0.5219142586034489,3,7,4.562706700002309
2023-02-27,GAT,reverse,feature_only,50,960,2022-10-17,2023-02-13,2023-02-20,10583,885,1,32,0.2,0.001,0.0001,4,0.5,0.9561799783158655,1.0480293127351952,10583,"[2.2449210998771614, 5.987810639705187, 2.5487101955967115, 9.448927525276387, 5.12917818681915e-05, 8.882651633453991e-05]","[24.304870851238125, 13.07022234830036, 28.167924658727642, 29.29551128604354, 0.00022973361114006044, 0.00040008726262205565]",2023-02-20,0.5186899922069048,2,6,3.669328599993605
2023-02-27,GAT,reverse,feature_only,51,960,2022-10-17,2023-02-13,2023-02-20,10583,885,1,32,0.2,0.001,0.0001,4,0.5,0.9561799783158655,1.0480293127351952,10583,"[2.2449210998771614, 5.987810639705187, 2.5487101955967115, 9.448927525276387, 5.12917818681915e-05, 8.882651633453991e-05]","[24.304870851238125, 13.07022234830036, 28.167924658727642, 29.29551128604354, 0.00022973361114006044, 0.00040008726262205565]",2023-02-20,0.5112605799246934,16,20,10.976162199978717
2023-02-27,GAT,reverse,rewired,42,960,2022-10-17,2023-02-13,2023-02-20,10583,885,1,32,0.2,0.001,0.0001,4,0.5,0.9561799783158655,1.0480293127351952,10583,"[2.2449210998771614, 5.987810639705187, 2.5487101955967115, 9.448927525276387, 5.12917818681915e-05, 8.882651633453991e-05]","[24.304870851238125, 13.07022234830036, 28.167924658727642, 29.29551128604354, 0.00022973361114006044, 0.00040008726262205565]",2023-02-20,0.4927045336112558,12,16,8.392422900011297
2023-02-27,GAT,reverse,rewired,43,960,2022-10-17,2023-02-13,2023-02-20,10583,885,1,32,0.2,0.001,0.0001,4,0.5,0.9561799783158655,1.0480293127351952,10583,"[2.2449210998771614, 5.987810639705187, 2.5487101955967115, 9.448927525276387, 5.12917818681915e-05, 8.882651633453991e-05]","[24.304870851238125, 13.07022234830036, 28.167924658727642, 29.29551128604354, 0.00022973361114006044, 0.00040008726262205565]",2023-02-20,0.48769300258548187,1,5,2.5568124999990687
2023-02-27,GAT,reverse,rewired,44,960,2022-10-17,2023-02-13,2023-02-20,10583,885,1,32,0.2,0.001,0.0001,4,0.5,0.9561799783158655,1.0480293127351952,10583,"[2.2449210998771614, 5.987810639705187, 2.5487101955967115, 9.448927525276387, 5.12917818681915e-05, 8.882651633453991e-05]","[24.304870851238125, 13.07022234830036, 28.167924658727642, 29.29551128604354, 0.00022973361114006044, 0.00040008726262205565]",2023-02-20,0.504309462915601,1,5,2.7031026000040583
2023-02-27,GAT,reverse,rewired,45,960,2022-10-17,2023-02-13,2023-02-20,10583,885,1,32,0.2,0.001,0.0001,4,0.5,0.9561799783158655,1.0480293127351952,10583,"[2.2449210998771614, 5.987810639705187, 2.5487101955967115, 9.448927525276387, 5.12917818681915e-05, 8.882651633453991e-05]","[24.304870851238125, 13.07022234830036, 28.167924658727642, 29.29551128604354, 0.00022973361114006044, 0.00040008726262205565]",2023-02-20,0.43234535121347273,5,9,5.381157199968584
2023-02-27,GAT,reverse,rewired,46,960,2022-10-17,2023-02-13,2023-02-20,10583,885,1,32,0.2,0.001,0.0001,4,0.5,0.9561799783158655,1.0480293127351952,10583,"[2.2449210998771614, 5.987810639705187, 2.5487101955967115, 9.448927525276387, 5.12917818681915e-05, 8.882651633453991e-05]","[24.304870851238125, 13.07022234830036, 28.167924658727642, 29.29551128604354, 0.00022973361114006044, 0.00040008726262205565]",2023-02-20,0.5283414340506185,8,12,7.964626800036058
2023-02-27,GAT,reverse,rewired,47,960,2022-10-17,2023-02-13,2023-02-20,10583,885,1,32,0.2,0.001,0.0001,4,0.5,0.9561799783158655,1.0480293127351952,10583,"[2.2449210998771614, 5.987810639705187, 2.5487101955967115, 9.448927525276387, 5.12917818681915e-05, 8.882651633453991e-05]","[24.304870851238125, 13.07022234830036, 28.167924658727642, 29.29551128604354, 0.00022973361114006044, 0.00040008726262205565]",2023-02-20,0.514108784473953,5,9,6.1304588000057265
2023-02-27,GAT,reverse,rewired,48,960,2022-10-17,2023-02-13,2023-02-20,10583,885,1,32,0.2,0.001,0.0001,4,0.5,0.9561799783158655,1.0480293127351952,10583,"[2.2449210998771614, 5.987810639705187, 2.5487101955967115, 9.448927525276387, 5.12917818681915e-05, 8.882651633453991e-05]","[24.304870851238125, 13.07022234830036, 28.167924658727642, 29.29551128604354, 0.00022973361114006044, 0.00040008726262205565]",2023-02-20,0.4363182205877466,1,5,3.3440687999827787
2023-02-27,GAT,reverse,rewired,49,960,2022-10-17,2023-02-13,2023-02-20,10583,885,1,32,0.2,0.001,0.0001,4,0.5,0.9561799783158655,1.0480293127351952,10583,"[2.2449210998771614, 5.987810639705187, 2.5487101955967115, 9.448927525276387, 5.12917818681915e-05, 8.882651633453991e-05]","[24.304870851238125, 13.07022234830036, 28.167924658727642, 29.29551128604354, 0.00022973361114006044, 0.00040008726262205565]",2023-02-20,0.5139449456916019,6,10,6.5474380000378005
2023-02-27,GAT,reverse,rewired,50,960,2022-10-17,2023-02-13,2023-02-20,10583,885,1,32,0.2,0.001,0.0001,4,0.5,0.9561799783158655,1.0480293127351952,10583,"[2.2449210998771614, 5.987810639705187, 2.5487101955967115, 9.448927525276387, 5.12917818681915e-05, 8.882651633453991e-05]","[24.304870851238125, 13.07022234830036, 28.167924658727642, 29.29551128604354, 0.00022973361114006044, 0.00040008726262205565]",2023-02-20,0.5175050167908919,7,11,7.465778399957344
2023-02-27,GAT,reverse,rewired,51,960,2022-10-17,2023-02-13,2023-02-20,10583,885,1,32,0.2,0.001,0.0001,4,0.5,0.9561799783158655,1.0480293127351952,10583,"[2.2449210998771614, 5.987810639705187, 2.5487101955967115, 9.448927525276387, 5.12917818681915e-05, 8.882651633453991e-05]","[24.304870851238125, 13.07022234830036, 28.167924658727642, 29.29551128604354, 0.00022973361114006044, 0.00040008726262205565]",2023-02-20,0.4820031216384384,5,9,6.390220000001136
2023-03-06,GraphSAGE,reverse,feature_only,42,1038,2022-10-17,2023-02-20,2023-02-27,11468,960,2,64,0.5,0.0003,0.0001,4,0.5,0.9559853284428143,1.0482632541133454,11468,"[2.5058423439134985, 6.008545517963028, 2.8824555284269273, 9.51595744680851, 5.0014517624355595e-05, 8.494098160159807e-05]","[31.056241117714855, 13.050955789900417, 37.351904465272554, 29.317670744954224, 0.0002312081785343407, 0.0003856642640913399]",2023-02-27,0.5028929393409423,2,6,0.30538129998603836
2023-03-06,GraphSAGE,reverse,feature_only,43,1038,2022-10-17,2023-02-20,2023-02-27,11468,960,2,64,0.5,0.0003,0.0001,4,0.5,0.9559853284428143,1.0482632541133454,11468,"[2.5058423439134985, 6.008545517963028, 2.8824555284269273, 9.51595744680851, 5.0014517624355595e-05, 8.494098160159807e-05]","[31.056241117714855, 13.050955789900417, 37.351904465272554, 29.317670744954224, 0.0002312081785343407, 0.0003856642640913399]",2023-02-27,0.4704957264957265,23,27,1.5602242999593727
2023-03-06,GraphSAGE,reverse,feature_only,44,1038,2022-10-17,2023-02-20,2023-02-27,11468,960,2,64,0.5,0.0003,0.0001,4,0.5,0.9559853284428143,1.0482632541133454,11468,"[2.5058423439134985, 6.008545517963028, 2.8824555284269273, 9.51595744680851, 5.0014517624355595e-05, 8.494098160159807e-05]","[31.056241117714855, 13.050955789900417, 37.351904465272554, 29.317670744954224, 0.0002312081785343407, 0.0003856642640913399]",2023-02-27,0.5087387812942843,11,15,0.8686777999973856
2023-03-06,GraphSAGE,reverse,feature_only,45,1038,2022-10-17,2023-02-20,2023-02-27,11468,960,2,64,0.5,0.0003,0.0001,4,0.5,0.9559853284428143,1.0482632541133454,11468,"[2.5058423439134985, 6.008545517963028, 2.8824555284269273, 9.51595744680851, 5.0014517624355595e-05, 8.494098160159807e-05]","[31.056241117714855, 13.050955789900417, 37.351904465272554, 29.317670744954224, 0.0002312081785343407, 0.0003856642640913399]",2023-02-27,0.49914989233421814,9,13,0.8119503000052646
2023-03-06,GraphSAGE,reverse,feature_only,46,1038,2022-10-17,2023-02-20,2023-02-27,11468,960,2,64,0.5,0.0003,0.0001,4,0.5,0.9559853284428143,1.0482632541133454,11468,"[2.5058423439134985, 6.008545517963028, 2.8824555284269273, 9.51595744680851, 5.0014517624355595e-05, 8.494098160159807e-05]","[31.056241117714855, 13.050955789900417, 37.351904465272554, 29.317670744954224, 0.0002312081785343407, 0.0003856642640913399]",2023-02-27,0.46969771847459024,9,13,0.7691262000007555
2023-03-06,GraphSAGE,reverse,feature_only,47,1038,2022-10-17,2023-02-20,2023-02-27,11468,960,2,64,0.5,0.0003,0.0001,4,0.5,0.9559853284428143,1.0482632541133454,11468,"[2.5058423439134985, 6.008545517963028, 2.8824555284269273, 9.51595744680851, 5.0014517624355595e-05, 8.494098160159807e-05]","[31.056241117714855, 13.050955789900417, 37.351904465272554, 29.317670744954224, 0.0002312081785343407, 0.0003856642640913399]",2023-02-27,0.45393754133158215,17,21,1.1998566999682225
2023-03-06,GraphSAGE,reverse,feature_only,48,1038,2022-10-17,2023-02-20,2023-02-27,11468,960,2,64,0.5,0.0003,0.0001,4,0.5,0.9559853284428143,1.0482632541133454,11468,"[2.5058423439134985, 6.008545517963028, 2.8824555284269273, 9.51595744680851, 5.0014517624355595e-05, 8.494098160159807e-05]","[31.056241117714855, 13.050955789900417, 37.351904465272554, 29.317670744954224, 0.0002312081785343407, 0.0003856642640913399]",2023-02-27,0.5010482919008439,7,11,0.6338851000182331
2023-03-06,GraphSAGE,reverse,feature_only,49,1038,2022-10-17,2023-02-20,2023-02-27,11468,960,2,64,0.5,0.0003,0.0001,4,0.5,0.9559853284428143,1.0482632541133454,11468,"[2.5058423439134985, 6.008545517963028, 2.8824555284269273, 9.51595744680851, 5.0014517624355595e-05, 8.494098160159807e-05]","[31.056241117714855, 13.050955789900417, 37.351904465272554, 29.317670744954224, 0.0002312081785343407, 0.0003856642640913399]",2023-02-27,0.5037733898480306,5,9,0.4952496000332758
2023-03-06,GraphSAGE,reverse,feature_only,50,1038,2022-10-17,2023-02-20,2023-02-27,11468,960,2,64,0.5,0.0003,0.0001,4,0.5,0.9559853284428143,1.0482632541133454,11468,"[2.5058423439134985, 6.008545517963028, 2.8824555284269273, 9.51595744680851, 5.0014517624355595e-05, 8.494098160159807e-05]","[31.056241117714855, 13.050955789900417, 37.351904465272554, 29.317670744954224, 0.0002312081785343407, 0.0003856642640913399]",2023-02-27,0.4597836222645133,27,30,1.6951833000057377
2023-03-06,GraphSAGE,reverse,feature_only,51,1038,2022-10-17,2023-02-20,2023-02-27,11468,960,2,64,0.5,0.0003,0.0001,4,0.5,0.9559853284428143,1.0482632541133454,11468,"[2.5058423439134985, 6.008545517963028, 2.8824555284269273, 9.51595744680851, 5.0014517624355595e-05, 8.494098160159807e-05]","[31.056241117714855, 13.050955789900417, 37.351904465272554, 29.317670744954224, 0.0002312081785343407, 0.0003856642640913399]",2023-02-27,0.4663491841165348,15,19,1.0731168999918737
2023-03-06,GraphSAGE,reverse,rewired,42,1038,2022-10-17,2023-02-20,2023-02-27,11468,960,2,64,0.5,0.0003,0.0001,4,0.5,0.9559853284428143,1.0482632541133454,11468,"[2.5058423439134985, 6.008545517963028, 2.8824555284269273, 9.51595744680851, 5.0014517624355595e-05, 8.494098160159807e-05]","[31.056241117714855, 13.050955789900417, 37.351904465272554, 29.317670744954224, 0.0002312081785343407, 0.0003856642640913399]",2023-02-27,0.46983122536765265,2,6,0.33643450000090525
2023-03-06,GraphSAGE,reverse,rewired,43,1038,2022-10-17,2023-02-20,2023-02-27,11468,960,2,64,0.5,0.0003,0.0001,4,0.5,0.9559853284428143,1.0482632541133454,11468,"[2.5058423439134985, 6.008545517963028, 2.8824555284269273, 9.51595744680851, 5.0014517624355595e-05, 8.494098160159807e-05]","[31.056241117714855, 13.050955789900417, 37.351904465272554, 29.317670744954224, 0.0002312081785343407, 0.0003856642640913399]",2023-02-27,0.46167726174943785,15,19,1.027945699985139
2023-03-06,GraphSAGE,reverse,rewired,44,1038,2022-10-17,2023-02-20,2023-02-27,11468,960,2,64,0.5,0.0003,0.0001,4,0.5,0.9559853284428143,1.0482632541133454,11468,"[2.5058423439134985, 6.008545517963028, 2.8824555284269273, 9.51595744680851, 5.0014517624355595e-05, 8.494098160159807e-05]","[31.056241117714855, 13.050955789900417, 37.351904465272554, 29.317670744954224, 0.0002312081785343407, 0.0003856642640913399]",2023-02-27,0.5003897668485578,18,22,1.2947250999859534
2023-03-06,GraphSAGE,reverse,rewired,45,1038,2022-10-17,2023-02-20,2023-02-27,11468,960,2,64,0.5,0.0003,0.0001,4,0.5,0.9559853284428143,1.0482632541133454,11468,"[2.5058423439134985, 6.008545517963028, 2.8824555284269273, 9.51595744680851, 5.0014517624355595e-05, 8.494098160159807e-05]","[31.056241117714855, 13.050955789900417, 37.351904465272554, 29.317670744954224, 0.0002312081785343407, 0.0003856642640913399]",2023-02-27,0.5081253435953821,17,21,1.1287283999845386
2023-03-06,GraphSAGE,reverse,rewired,46,1038,2022-10-17,2023-02-20,2023-02-27,11468,960,2,64,0.5,0.0003,0.0001,4,0.5,0.9559853284428143,1.0482632541133454,11468,"[2.5058423439134985, 6.008545517963028, 2.8824555284269273, 9.51595744680851, 5.0014517624355595e-05, 8.494098160159807e-05]","[31.056241117714855, 13.050955789900417, 37.351904465272554, 29.317670744954224, 0.0002312081785343407, 0.0003856642640913399]",2023-02-27,0.4799098006559755,8,12,0.618651399970986
2023-03-06,GraphSAGE,reverse,rewired,47,1038,2022-10-17,2023-02-20,2023-02-27,11468,960,2,64,0.5,0.0003,0.0001,4,0.5,0.9559853284428143,1.0482632541133454,11468,"[2.5058423439134985, 6.008545517963028, 2.8824555284269273, 9.51595744680851, 5.0014517624355595e-05, 8.494098160159807e-05]","[31.056241117714855, 13.050955789900417, 37.351904465272554, 29.317670744954224, 0.0002312081785343407, 0.0003856642640913399]",2023-02-27,0.4482655502392345,1,5,0.2682506000273861
2023-03-06,GraphSAGE,reverse,rewired,48,1038,2022-10-17,2023-02-20,2023-02-27,11468,960,2,64,0.5,0.0003,0.0001,4,0.5,0.9559853284428143,1.0482632541133454,11468,"[2.5058423439134985, 6.008545517963028, 2.8824555284269273, 9.51595744680851, 5.0014517624355595e-05, 8.494098160159807e-05]","[31.056241117714855, 13.050955789900417, 37.351904465272554, 29.317670744954224, 0.0002312081785343407, 0.0003856642640913399]",2023-02-27,0.5079553986223538,12,16,0.8899809999857098
2023-03-06,GraphSAGE,reverse,rewired,49,1038,2022-10-17,2023-02-20,2023-02-27,11468,960,2,64,0.5,0.0003,0.0001,4,0.5,0.9559853284428143,1.0482632541133454,11468,"[2.5058423439134985, 6.008545517963028, 2.8824555284269273, 9.51595744680851, 5.0014517624355595e-05, 8.494098160159807e-05]","[31.056241117714855, 13.050955789900417, 37.351904465272554, 29.317670744954224, 0.0002312081785343407, 0.0003856642640913399]",2023-02-27,0.5042381936035331,1,5,0.2954846000066027
2023-03-06,GraphSAGE,reverse,rewired,50,1038,2022-10-17,2023-02-20,2023-02-27,11468,960,2,64,0.5,0.0003,0.0001,4,0.5,0.9559853284428143,1.0482632541133454,11468,"[2.5058423439134985, 6.008545517963028, 2.8824555284269273, 9.51595744680851, 5.0014517624355595e-05, 8.494098160159807e-05]","[31.056241117714855, 13.050955789900417, 37.351904465272554, 29.317670744954224, 0.0002312081785343407, 0.0003856642640913399]",2023-02-27,0.4610178248514596,30,30,1.6923282000352629
2023-03-06,GraphSAGE,reverse,rewired,51,1038,2022-10-17,2023-02-20,2023-02-27,11468,960,2,64,0.5,0.0003,0.0001,4,0.5,0.9559853284428143,1.0482632541133454,11468,"[2.5058423439134985, 6.008545517963028, 2.8824555284269273, 9.51595744680851, 5.0014517624355595e-05, 8.494098160159807e-05]","[31.056241117714855, 13.050955789900417, 37.351904465272554, 29.317670744954224, 0.0002312081785343407, 0.0003856642640913399]",2023-02-27,0.46362938729350944,3,7,0.39205879997462034
2023-03-13,GraphSAGE,reverse,feature_only,42,996,2022-10-17,2023-02-27,2023-03-06,12428,1038,0,16,0.0,0.001,0.0,2,0.5,0.9558529457006615,1.0484224734266914,12428,"[2.5733826842613454, 6.050048278081751, 2.968458319922755, 9.64692629546186, 4.864523522702796e-05, 8.12714956990066e-05]","[30.538399212135865, 13.033284338238627, 36.73979875630607, 29.75438116699611, 0.0002276627895957566, 0.00037231528232270587]",2023-03-06,0.5282892462166535,20,24,0.8526231000432745
2023-03-13,GraphSAGE,reverse,feature_only,43,996,2022-10-17,2023-02-27,2023-03-06,12428,1038,0,16,0.0,0.001,0.0,2,0.5,0.9558529457006615,1.0484224734266914,12428,"[2.5733826842613454, 6.050048278081751, 2.968458319922755, 9.64692629546186, 4.864523522702796e-05, 8.12714956990066e-05]","[30.538399212135865, 13.033284338238627, 36.73979875630607, 29.75438116699611, 0.0002276627895957566, 0.00037231528232270587]",2023-03-06,0.5317901692901693,3,7,0.2732137000421062
2023-03-13,GraphSAGE,reverse,feature_only,44,996,2022-10-17,2023-02-27,2023-03-06,12428,1038,0,16,0.0,0.001,0.0,2,0.5,0.9558529457006615,1.0484224734266914,12428,"[2.5733826842613454, 6.050048278081751, 2.968458319922755, 9.64692629546186, 4.864523522702796e-05, 8.12714956990066e-05]","[30.538399212135865, 13.033284338238627, 36.73979875630607, 29.75438116699611, 0.0002276627895957566, 0.00037231528232270587]",2023-03-06,0.3961009023249687,17,21,0.8157660999568179
2023-03-13,GraphSAGE,reverse,feature_only,45,996,2022-10-17,2023-02-27,2023-03-06,12428,1038,0,16,0.0,0.001,0.0,2,0.5,0.9558529457006615,1.0484224734266914,12428,"[2.5733826842613454, 6.050048278081751, 2.968458319922755, 9.64692629546186, 4.864523522702796e-05, 8.12714956990066e-05]","[30.538399212135865, 13.033284338238627, 36.73979875630607, 29.75438116699611, 0.0002276627895957566, 0.00037231528232270587]",2023-03-06,0.5182801899119728,21,25,1.0338850999833085
2023-03-13,GraphSAGE,reverse,feature_only,46,996,2022-10-17,2023-02-27,2023-03-06,12428,1038,0,16,0.0,0.001,0.0,2,0.5,0.9558529457006615,1.0484224734266914,12428,"[2.5733826842613454, 6.050048278081751, 2.968458319922755, 9.64692629546186, 4.864523522702796e-05, 8.12714956990066e-05]","[30.538399212135865, 13.033284338238627, 36.73979875630607, 29.75438116699611, 0.0002276627895957566, 0.00037231528232270587]",2023-03-06,0.5162445530321571,29,30,1.2261773999780416
2023-03-13,GraphSAGE,reverse,feature_only,47,996,2022-10-17,2023-02-27,2023-03-06,12428,1038,0,16,0.0,0.001,0.0,2,0.5,0.9558529457006615,1.0484224734266914,12428,"[2.5733826842613454, 6.050048278081751, 2.968458319922755, 9.64692629546186, 4.864523522702796e-05, 8.12714956990066e-05]","[30.538399212135865, 13.033284338238627, 36.73979875630607, 29.75438116699611, 0.0002276627895957566, 0.00037231528232270587]",2023-03-06,0.4756488794224643,2,6,0.2330294999992475
2023-03-13,GraphSAGE,reverse,feature_only,48,996,2022-10-17,2023-02-27,2023-03-06,12428,1038,0,16,0.0,0.001,0.0,2,0.5,0.9558529457006615,1.0484224734266914,12428,"[2.5733826842613454, 6.050048278081751, 2.968458319922755, 9.64692629546186, 4.864523522702796e-05, 8.12714956990066e-05]","[30.538399212135865, 13.033284338238627, 36.73979875630607, 29.75438116699611, 0.0002276627895957566, 0.00037231528232270587]",2023-03-06,0.4284158886561098,3,7,0.2984930999809876
2023-03-13,GraphSAGE,reverse,feature_only,49,996,2022-10-17,2023-02-27,2023-03-06,12428,1038,0,16,0.0,0.001,0.0,2,0.5,0.9558529457006615,1.0484224734266914,12428,"[2.5733826842613454, 6.050048278081751, 2.968458319922755, 9.64692629546186, 4.864523522702796e-05, 8.12714956990066e-05]","[30.538399212135865, 13.033284338238627, 36.73979875630607, 29.75438116699611, 0.0002276627895957566, 0.00037231528232270587]",2023-03-06,0.45139883685338233,30,30,1.2881255999673158
2023-03-13,GraphSAGE,reverse,feature_only,50,996,2022-10-17,2023-02-27,2023-03-06,12428,1038,0,16,0.0,0.001,0.0,2,0.5,0.9558529457006615,1.0484224734266914,12428,"[2.5733826842613454, 6.050048278081751, 2.968458319922755, 9.64692629546186, 4.864523522702796e-05, 8.12714956990066e-05]","[30.538399212135865, 13.033284338238627, 36.73979875630607, 29.75438116699611, 0.0002276627895957566, 0.00037231528232270587]",2023-03-06,0.4703683794096213,29,30,1.2438197000301443
2023-03-13,GraphSAGE,reverse,feature_only,51,996,2022-10-17,2023-02-27,2023-03-06,12428,1038,0,16,0.0,0.001,0.0,2,0.5,0.9558529457006615,1.0484224734266914,12428,"[2.5733826842613454, 6.050048278081751, 2.968458319922755, 9.64692629546186, 4.864523522702796e-05, 8.12714956990066e-05]","[30.538399212135865, 13.033284338238627, 36.73979875630607, 29.75438116699611, 0.0002276627895957566, 0.00037231528232270587]",2023-03-06,0.5070080119779964,2,6,0.2566839999635704
2023-03-13,GraphSAGE,reverse,rewired,42,996,2022-10-17,2023-02-27,2023-03-06,12428,1038,0,16,0.0,0.001,0.0,2,0.5,0.9558529457006615,1.0484224734266914,12428,"[2.5733826842613454, 6.050048278081751, 2.968458319922755, 9.64692629546186, 4.864523522702796e-05, 8.12714956990066e-05]","[30.538399212135865, 13.033284338238627, 36.73979875630607, 29.75438116699611, 0.0002276627895957566, 0.00037231528232270587]",2023-03-06,0.4683076555119287,5,9,0.3729857000289485
2023-03-13,GraphSAGE,reverse,rewired,43,996,2022-10-17,2023-02-27,2023-03-06,12428,1038,0,16,0.0,0.001,0.0,2,0.5,0.9558529457006615,1.0484224734266914,12428,"[2.5733826842613454, 6.050048278081751, 2.968458319922755, 9.64692629546186, 4.864523522702796e-05, 8.12714956990066e-05]","[30.538399212135865, 13.033284338238627, 36.73979875630607, 29.75438116699611, 0.0002276627895957566, 0.00037231528232270587]",2023-03-06,0.45917905038057266,3,7,0.296060899971053
2023-03-13,GraphSAGE,reverse,rewired,44,996,2022-10-17,2023-02-27,2023-03-06,12428,1038,0,16,0.0,0.001,0.0,2,0.5,0.9558529457006615,1.0484224734266914,12428,"[2.5733826842613454, 6.050048278081751, 2.968458319922755, 9.64692629546186, 4.864523522702796e-05, 8.12714956990066e-05]","[30.538399212135865, 13.033284338238627, 36.73979875630607, 29.75438116699611, 0.0002276627895957566, 0.00037231528232270587]",2023-03-06,0.4278874270543637,29,30,1.3335034000338055
2023-03-13,GraphSAGE,reverse,rewired,45,996,2022-10-17,2023-02-27,2023-03-06,12428,1038,0,16,0.0,0.001,0.0,2,0.5,0.9558529457006615,1.0484224734266914,12428,"[2.5733826842613454, 6.050048278081751, 2.968458319922755, 9.64692629546186, 4.864523522702796e-05, 8.12714956990066e-05]","[30.538399212135865, 13.033284338238627, 36.73979875630607, 29.75438116699611, 0.0002276627895957566, 0.00037231528232270587]",2023-03-06,0.4799455589088112,22,26,1.164416200015694
2023-03-13,GraphSAGE,reverse,rewired,46,996,2022-10-17,2023-02-27,2023-03-06,12428,1038,0,16,0.0,0.001,0.0,2,0.5,0.9558529457006615,1.0484224734266914,12428,"[2.5733826842613454, 6.050048278081751, 2.968458319922755, 9.64692629546186, 4.864523522702796e-05, 8.12714956990066e-05]","[30.538399212135865, 13.033284338238627, 36.73979875630607, 29.75438116699611, 0.0002276627895957566, 0.00037231528232270587]",2023-03-06,0.5041921807859417,15,19,0.8930849999887869
2023-03-13,GraphSAGE,reverse,rewired,47,996,2022-10-17,2023-02-27,2023-03-06,12428,1038,0,16,0.0,0.001,0.0,2,0.5,0.9558529457006615,1.0484224734266914,12428,"[2.5733826842613454, 6.050048278081751, 2.968458319922755, 9.64692629546186, 4.864523522702796e-05, 8.12714956990066e-05]","[30.538399212135865, 13.033284338238627, 36.73979875630607, 29.75438116699611, 0.0002276627895957566, 0.00037231528232270587]",2023-03-06,0.4858344343576411,3,7,0.2925433000200428
2023-03-13,GraphSAGE,reverse,rewired,48,996,2022-10-17,2023-02-27,2023-03-06,12428,1038,0,16,0.0,0.001,0.0,2,0.5,0.9558529457006615,1.0484224734266914,12428,"[2.5733826842613454, 6.050048278081751, 2.968458319922755, 9.64692629546186, 4.864523522702796e-05, 8.12714956990066e-05]","[30.538399212135865, 13.033284338238627, 36.73979875630607, 29.75438116699611, 0.0002276627895957566, 0.00037231528232270587]",2023-03-06,0.5073257498195338,3,7,0.2777879000059329
2023-03-13,GraphSAGE,reverse,rewired,49,996,2022-10-17,2023-02-27,2023-03-06,12428,1038,0,16,0.0,0.001,0.0,2,0.5,0.9558529457006615,1.0484224734266914,12428,"[2.5733826842613454, 6.050048278081751, 2.968458319922755, 9.64692629546186, 4.864523522702796e-05, 8.12714956990066e-05]","[30.538399212135865, 13.033284338238627, 36.73979875630607, 29.75438116699611, 0.0002276627895957566, 0.00037231528232270587]",2023-03-06,0.4323528555566183,30,30,1.221717600012198
2023-03-13,GraphSAGE,reverse,rewired,50,996,2022-10-17,2023-02-27,2023-03-06,12428,1038,0,16,0.0,0.001,0.0,2,0.5,0.9558529457006615,1.0484224734266914,12428,"[2.5733826842613454, 6.050048278081751, 2.968458319922755, 9.64692629546186, 4.864523522702796e-05, 8.12714956990066e-05]","[30.538399212135865, 13.033284338238627, 36.73979875630607, 29.75438116699611, 0.0002276627895957566, 0.00037231528232270587]",2023-03-06,0.45351769237163675,24,28,1.1041212999843992
2023-03-13,GraphSAGE,reverse,rewired,51,996,2022-10-17,2023-02-27,2023-03-06,12428,1038,0,16,0.0,0.001,0.0,2,0.5,0.9558529457006615,1.0484224734266914,12428,"[2.5733826842613454, 6.050048278081751, 2.968458319922755, 9.64692629546186, 4.864523522702796e-05, 8.12714956990066e-05]","[30.538399212135865, 13.033284338238627, 36.73979875630607, 29.75438116699611, 0.0002276627895957566, 0.00037231528232270587]",2023-03-06,0.4587131950260937,3,7,0.2863397000473924
2023-03-06,GAT,reverse,feature_only,42,1038,2022-10-17,2023-02-20,2023-02-27,11468,960,2,64,0.5,0.0003,0.0001,4,0.5,0.9559853284428143,1.0482632541133454,11468,"[2.5058423439134985, 6.008545517963028, 2.8824555284269273, 9.51595744680851, 5.0014517624355595e-05, 8.494098160159807e-05]","[31.056241117714855, 13.050955789900417, 37.351904465272554, 29.317670744954224, 0.0002312081785343407, 0.0003856642640913399]",2023-02-27,0.5015538023976087,13,17,19.00521660002414
2023-03-06,GAT,reverse,feature_only,43,1038,2022-10-17,2023-02-20,2023-02-27,11468,960,2,64,0.5,0.0003,0.0001,4,0.5,0.9559853284428143,1.0482632541133454,11468,"[2.5058423439134985, 6.008545517963028, 2.8824555284269273, 9.51595744680851, 5.0014517624355595e-05, 8.494098160159807e-05]","[31.056241117714855, 13.050955789900417, 37.351904465272554, 29.317670744954224, 0.0002312081785343407, 0.0003856642640913399]",2023-02-27,0.5069337442218798,8,12,12.7141544999904
2023-03-06,GAT,reverse,feature_only,44,1038,2022-10-17,2023-02-20,2023-02-27,11468,960,2,64,0.5,0.0003,0.0001,4,0.5,0.9559853284428143,1.0482632541133454,11468,"[2.5058423439134985, 6.008545517963028, 2.8824555284269273, 9.51595744680851, 5.0014517624355595e-05, 8.494098160159807e-05]","[31.056241117714855, 13.050955789900417, 37.351904465272554, 29.317670744954224, 0.0002312081785343407, 0.0003856642640913399]",2023-02-27,0.49477200368830354,4,8,8.299525000038557
2023-03-06,GAT,reverse,feature_only,45,1038,2022-10-17,2023-02-20,2023-02-27,11468,960,2,64,0.5,0.0003,0.0001,4,0.5,0.9559853284428143,1.0482632541133454,11468,"[2.5058423439134985, 6.008545517963028, 2.8824555284269273, 9.51595744680851, 5.0014517624355595e-05, 8.494098160159807e-05]","[31.056241117714855, 13.050955789900417, 37.351904465272554, 29.317670744954224, 0.0002312081785343407, 0.0003856642640913399]",2023-02-27,0.4920130618978156,1,5,4.894674499984831
2023-03-06,GAT,reverse,feature_only,46,1038,2022-10-17,2023-02-20,2023-02-27,11468,960,2,64,0.5,0.0003,0.0001,4,0.5,0.9559853284428143,1.0482632541133454,11468,"[2.5058423439134985, 6.008545517963028, 2.8824555284269273, 9.51595744680851, 5.0014517624355595e-05, 8.494098160159807e-05]","[31.056241117714855, 13.050955789900417, 37.351904465272554, 29.317670744954224, 0.0002312081785343407, 0.0003856642640913399]",2023-02-27,0.4088319088319088,5,9,8.669910500000697
2023-03-06,GAT,reverse,feature_only,47,1038,2022-10-17,2023-02-20,2023-02-27,11468,960,2,64,0.5,0.0003,0.0001,4,0.5,0.9559853284428143,1.0482632541133454,11468,"[2.5058423439134985, 6.008545517963028, 2.8824555284269273, 9.51595744680851, 5.0014517624355595e-05, 8.494098160159807e-05]","[31.056241117714855, 13.050955789900417, 37.351904465272554, 29.317670744954224, 0.0002312081785343407, 0.0003856642640913399]",2023-02-27,0.49988977833930504,5,9,9.404511699976865
2023-03-06,GAT,reverse,feature_only,48,1038,2022-10-17,2023-02-20,2023-02-27,11468,960,2,64,0.5,0.0003,0.0001,4,0.5,0.9559853284428143,1.0482632541133454,11468,"[2.5058423439134985, 6.008545517963028, 2.8824555284269273, 9.51595744680851, 5.0014517624355595e-05, 8.494098160159807e-05]","[31.056241117714855, 13.050955789900417, 37.351904465272554, 29.317670744954224, 0.0002312081785343407, 0.0003856642640913399]",2023-02-27,0.48755420015663903,17,21,25.906679500010796
2023-03-06,GAT,reverse,feature_only,49,1038,2022-10-17,2023-02-20,2023-02-27,11468,960,2,64,0.5,0.0003,0.0001,4,0.5,0.9559853284428143,1.0482632541133454,11468,"[2.5058423439134985, 6.008545517963028, 2.8824555284269273, 9.51595744680851, 5.0014517624355595e-05, 8.494098160159807e-05]","[31.056241117714855, 13.050955789900417, 37.351904465272554, 29.317670744954224, 0.0002312081785343407, 0.0003856642640913399]",2023-02-27,0.4328503018746488,2,6,7.338666299998295
2023-03-06,GAT,reverse,feature_only,50,1038,2022-10-17,2023-02-20,2023-02-27,11468,960,2,64,0.5,0.0003,0.0001,4,0.5,0.9559853284428143,1.0482632541133454,11468,"[2.5058423439134985, 6.008545517963028, 2.8824555284269273, 9.51595744680851, 5.0014517624355595e-05, 8.494098160159807e-05]","[31.056241117714855, 13.050955789900417, 37.351904465272554, 29.317670744954224, 0.0002312081785343407, 0.0003856642640913399]",2023-02-27,0.4096267082049072,10,14,17.647298099996988
2023-03-06,GAT,reverse,feature_only,51,1038,2022-10-17,2023-02-20,2023-02-27,11468,960,2,64,0.5,0.0003,0.0001,4,0.5,0.9559853284428143,1.0482632541133454,11468,"[2.5058423439134985, 6.008545517963028, 2.8824555284269273, 9.51595744680851, 5.0014517624355595e-05, 8.494098160159807e-05]","[31.056241117714855, 13.050955789900417, 37.351904465272554, 29.317670744954224, 0.0002312081785343407, 0.0003856642640913399]",2023-02-27,0.491943525953918,19,23,28.35851430002367
2023-03-06,GAT,reverse,rewired,42,1038,2022-10-17,2023-02-20,2023-02-27,11468,960,2,64,0.5,0.0003,0.0001,4,0.5,0.9559853284428143,1.0482632541133454,11468,"[2.5058423439134985, 6.008545517963028, 2.8824555284269273, 9.51595744680851, 5.0014517624355595e-05, 8.494098160159807e-05]","[31.056241117714855, 13.050955789900417, 37.351904465272554, 29.317670744954224, 0.0002312081785343407, 0.0003856642640913399]",2023-02-27,0.4890338000020603,11,15,18.65010029997211
2023-03-06,GAT,reverse,rewired,43,1038,2022-10-17,2023-02-20,2023-02-27,11468,960,2,64,0.5,0.0003,0.0001,4,0.5,0.9559853284428143,1.0482632541133454,11468,"[2.5058423439134985, 6.008545517963028, 2.8824555284269273, 9.51595744680851, 5.0014517624355595e-05, 8.494098160159807e-05]","[31.056241117714855, 13.050955789900417, 37.351904465272554, 29.317670744954224, 0.0002312081785343407, 0.0003856642640913399]",2023-02-27,0.49583388855357946,2,6,7.664345500001218
2023-03-06,GAT,reverse,rewired,44,1038,2022-10-17,2023-02-20,2023-02-27,11468,960,2,64,0.5,0.0003,0.0001,4,0.5,0.9559853284428143,1.0482632541133454,11468,"[2.5058423439134985, 6.008545517963028, 2.8824555284269273, 9.51595744680851, 5.0014517624355595e-05, 8.494098160159807e-05]","[31.056241117714855, 13.050955789900417, 37.351904465272554, 29.317670744954224, 0.0002312081785343407, 0.0003856642640913399]",2023-02-27,0.5029302927904702,7,11,13.591119399992749
2023-03-06,GAT,reverse,rewired,45,1038,2022-10-17,2023-02-20,2023-02-27,11468,960,2,64,0.5,0.0003,0.0001,4,0.5,0.9559853284428143,1.0482632541133454,11468,"[2.5058423439134985, 6.008545517963028, 2.8824555284269273, 9.51595744680851, 5.0014517624355595e-05, 8.494098160159807e-05]","[31.056241117714855, 13.050955789900417, 37.351904465272554, 29.317670744954224, 0.0002312081785343407, 0.0003856642640913399]",2023-02-27,0.49433022104589797,2,6,7.167605100024957
2023-03-06,GAT,reverse,rewired,46,1038,2022-10-17,2023-02-20,2023-02-27,11468,960,2,64,0.5,0.0003,0.0001,4,0.5,0.9559853284428143,1.0482632541133454,11468,"[2.5058423439134985, 6.008545517963028, 2.8824555284269273, 9.51595744680851, 5.0014517624355595e-05, 8.494098160159807e-05]","[31.056241117714855, 13.050955789900417, 37.351904465272554, 29.317670744954224, 0.0002312081785343407, 0.0003856642640913399]",2023-02-27,0.5060763549685436,17,21,24.509467900032178
2023-03-06,GAT,reverse,rewired,47,1038,2022-10-17,2023-02-20,2023-02-27,11468,960,2,64,0.5,0.0003,0.0001,4,0.5,0.9559853284428143,1.0482632541133454,11468,"[2.5058423439134985, 6.008545517963028, 2.8824555284269273, 9.51595744680851, 5.0014517624355595e-05, 8.494098160159807e-05]","[31.056241117714855, 13.050955789900417, 37.351904465272554, 29.317670744954224, 0.0002312081785343407, 0.0003856642640913399]",2023-02-27,0.49240197231012384,7,11,15.65739789995132
2023-03-06,GAT,reverse,rewired,48,1038,2022-10-17,2023-02-20,2023-02-27,11468,960,2,64,0.5,0.0003,0.0001,4,0.5,0.9559853284428143,1.0482632541133454,11468,"[2.5058423439134985, 6.008545517963028, 2.8824555284269273, 9.51595744680851, 5.0014517624355595e-05, 8.494098160159807e-05]","[31.056241117714855, 13.050955789900417, 37.351904465272554, 29.317670744954224, 0.0002312081785343407, 0.0003856642640913399]",2023-02-27,0.4892944835666706,13,17,23.054792699986137
2023-03-06,GAT,reverse,rewired,49,1038,2022-10-17,2023-02-20,2023-02-27,11468,960,2,64,0.5,0.0003,0.0001,4,0.5,0.9559853284428143,1.0482632541133454,11468,"[2.5058423439134985, 6.008545517963028, 2.8824555284269273, 9.51595744680851, 5.0014517624355595e-05, 8.494098160159807e-05]","[31.056241117714855, 13.050955789900417, 37.351904465272554, 29.317670744954224, 0.0002312081785343407, 0.0003856642640913399]",2023-02-27,0.504313725490196,10,14,18.94424209999852
2023-03-06,GAT,reverse,rewired,50,1038,2022-10-17,2023-02-20,2023-02-27,11468,960,2,64,0.5,0.0003,0.0001,4,0.5,0.9559853284428143,1.0482632541133454,11468,"[2.5058423439134985, 6.008545517963028, 2.8824555284269273, 9.51595744680851, 5.0014517624355595e-05, 8.494098160159807e-05]","[31.056241117714855, 13.050955789900417, 37.351904465272554, 29.317670744954224, 0.0002312081785343407, 0.0003856642640913399]",2023-02-27,0.44837355419106095,14,18,23.871914400020614
2023-03-06,GAT,reverse,rewired,51,1038,2022-10-17,2023-02-20,2023-02-27,11468,960,2,64,0.5,0.0003,0.0001,4,0.5,0.9559853284428143,1.0482632541133454,11468,"[2.5058423439134985, 6.008545517963028, 2.8824555284269273, 9.51595744680851, 5.0014517624355595e-05, 8.494098160159807e-05]","[31.056241117714855, 13.050955789900417, 37.351904465272554, 29.317670744954224, 0.0002312081785343407, 0.0003856642640913399]",2023-02-27,0.4921085578525025,15,19,30.45058100001188
2023-03-13,GAT,reverse,feature_only,42,996,2022-10-17,2023-02-27,2023-03-06,12428,1038,1,32,0.2,0.001,0.0001,4,0.5,0.9558529457006615,1.0484224734266914,12428,"[2.5733826842613454, 6.050048278081751, 2.968458319922755, 9.64692629546186, 4.864523522702796e-05, 8.12714956990066e-05]","[30.538399212135865, 13.033284338238627, 36.73979875630607, 29.75438116699611, 0.0002276627895957566, 0.00037231528232270587]",2023-03-06,0.4664476203914612,1,5,4.591618400008883
2023-03-13,GAT,reverse,feature_only,43,996,2022-10-17,2023-02-27,2023-03-06,12428,1038,1,32,0.2,0.001,0.0001,4,0.5,0.9558529457006615,1.0484224734266914,12428,"[2.5733826842613454, 6.050048278081751, 2.968458319922755, 9.64692629546186, 4.864523522702796e-05, 8.12714956990066e-05]","[30.538399212135865, 13.033284338238627, 36.73979875630607, 29.75438116699611, 0.0002276627895957566, 0.00037231528232270587]",2023-03-06,0.4982605304881479,1,5,4.9315664999885485
2023-03-13,GAT,reverse,feature_only,44,996,2022-10-17,2023-02-27,2023-03-06,12428,1038,1,32,0.2,0.001,0.0001,4,0.5,0.9558529457006615,1.0484224734266914,12428,"[2.5733826842613454, 6.050048278081751, 2.968458319922755, 9.64692629546186, 4.864523522702796e-05, 8.12714956990066e-05]","[30.538399212135865, 13.033284338238627, 36.73979875630607, 29.75438116699611, 0.0002276627895957566, 0.00037231528232270587]",2023-03-06,0.5143756795300829,2,6,5.573850999993738
2023-03-13,GAT,reverse,feature_only,45,996,2022-10-17,2023-02-27,2023-03-06,12428,1038,1,32,0.2,0.001,0.0001,4,0.5,0.9558529457006615,1.0484224734266914,12428,"[2.5733826842613454, 6.050048278081751, 2.968458319922755, 9.64692629546186, 4.864523522702796e-05, 8.12714956990066e-05]","[30.538399212135865, 13.033284338238627, 36.73979875630607, 29.75438116699611, 0.0002276627895957566, 0.00037231528232270587]",2023-03-06,0.4376543082235686,1,5,4.681671699974686
2023-03-13,GAT,reverse,feature_only,46,996,2022-10-17,2023-02-27,2023-03-06,12428,1038,1,32,0.2,0.001,0.0001,4,0.5,0.9558529457006615,1.0484224734266914,12428,"[2.5733826842613454, 6.050048278081751, 2.968458319922755, 9.64692629546186, 4.864523522702796e-05, 8.12714956990066e-05]","[30.538399212135865, 13.033284338238627, 36.73979875630607, 29.75438116699611, 0.0002276627895957566, 0.00037231528232270587]",2023-03-06,0.5202109306337684,2,6,5.466101499972865
2023-03-13,GAT,reverse,feature_only,47,996,2022-10-17,2023-02-27,2023-03-06,12428,1038,1,32,0.2,0.001,0.0001,4,0.5,0.9558529457006615,1.0484224734266914,12428,"[2.5733826842613454, 6.050048278081751, 2.968458319922755, 9.64692629546186, 4.864523522702796e-05, 8.12714956990066e-05]","[30.538399212135865, 13.033284338238627, 36.73979875630607, 29.75438116699611, 0.0002276627895957566, 0.00037231528232270587]",2023-03-06,0.5103865964793117,4,8,6.706096899986733
2023-03-13,GAT,reverse,feature_only,48,996,2022-10-17,2023-02-27,2023-03-06,12428,1038,1,32,0.2,0.001,0.0001,4,0.5,0.9558529457006615,1.0484224734266914,12428,"[2.5733826842613454, 6.050048278081751, 2.968458319922755, 9.64692629546186, 4.864523522702796e-05, 8.12714956990066e-05]","[30.538399212135865, 13.033284338238627, 36.73979875630607, 29.75438116699611, 0.0002276627895957566, 0.00037231528232270587]",2023-03-06,0.45911495911495914,1,5,3.5444264999823645
2023-03-13,GAT,reverse,feature_only,49,996,2022-10-17,2023-02-27,2023-03-06,12428,1038,1,32,0.2,0.001,0.0001,4,0.5,0.9558529457006615,1.0484224734266914,12428,"[2.5733826842613454, 6.050048278081751, 2.968458319922755, 9.64692629546186, 4.864523522702796e-05, 8.12714956990066e-05]","[30.538399212135865, 13.033284338238627, 36.73979875630607, 29.75438116699611, 0.0002276627895957566, 0.00037231528232270587]",2023-03-06,0.5204798455875752,3,7,4.884549700014759
2023-03-13,GAT,reverse,feature_only,50,996,2022-10-17,2023-02-27,2023-03-06,12428,1038,1,32,0.2,0.001,0.0001,4,0.5,0.9558529457006615,1.0484224734266914,12428,"[2.5733826842613454, 6.050048278081751, 2.968458319922755, 9.64692629546186, 4.864523522702796e-05, 8.12714956990066e-05]","[30.538399212135865, 13.033284338238627, 36.73979875630607, 29.75438116699611, 0.0002276627895957566, 0.00037231528232270587]",2023-03-06,0.5207953288076796,7,11,7.846848799963482
2023-03-13,GAT,reverse,feature_only,51,996,2022-10-17,2023-02-27,2023-03-06,12428,1038,1,32,0.2,0.001,0.0001,4,0.5,0.9558529457006615,1.0484224734266914,12428,"[2.5733826842613454, 6.050048278081751, 2.968458319922755, 9.64692629546186, 4.864523522702796e-05, 8.12714956990066e-05]","[30.538399212135865, 13.033284338238627, 36.73979875630607, 29.75438116699611, 0.0002276627895957566, 0.00037231528232270587]",2023-03-06,0.481851103890188,25,29,19.719433899968863
2023-03-13,GAT,reverse,rewired,42,996,2022-10-17,2023-02-27,2023-03-06,12428,1038,1,32,0.2,0.001,0.0001,4,0.5,0.9558529457006615,1.0484224734266914,12428,"[2.5733826842613454, 6.050048278081751, 2.968458319922755, 9.64692629546186, 4.864523522702796e-05, 8.12714956990066e-05]","[30.538399212135865, 13.033284338238627, 36.73979875630607, 29.75438116699611, 0.0002276627895957566, 0.00037231528232270587]",2023-03-06,0.4773764769065521,6,10,6.745070000004489
2023-03-13,GAT,reverse,rewired,43,996,2022-10-17,2023-02-27,2023-03-06,12428,1038,1,32,0.2,0.001,0.0001,4,0.5,0.9558529457006615,1.0484224734266914,12428,"[2.5733826842613454, 6.050048278081751, 2.968458319922755, 9.64692629546186, 4.864523522702796e-05, 8.12714956990066e-05]","[30.538399212135865, 13.033284338238627, 36.73979875630607, 29.75438116699611, 0.0002276627895957566, 0.00037231528232270587]",2023-03-06,0.4953168324963959,1,5,3.5557318999781273
2023-03-13,GAT,reverse,rewired,44,996,2022-10-17,2023-02-27,2023-03-06,12428,1038,1,32,0.2,0.001,0.0001,4,0.5,0.9558529457006615,1.0484224734266914,12428,"[2.5733826842613454, 6.050048278081751, 2.968458319922755, 9.64692629546186, 4.864523522702796e-05, 8.12714956990066e-05]","[30.538399212135865, 13.033284338238627, 36.73979875630607, 29.75438116699611, 0.0002276627895957566, 0.00037231528232270587]",2023-03-06,0.5083127449705571,1,5,3.552278799994383
2023-03-13,GAT,reverse,rewired,45,996,2022-10-17,2023-02-27,2023-03-06,12428,1038,1,32,0.2,0.001,0.0001,4,0.5,0.9558529457006615,1.0484224734266914,12428,"[2.5733826842613454, 6.050048278081751, 2.968458319922755, 9.64692629546186, 4.864523522702796e-05, 8.12714956990066e-05]","[30.538399212135865, 13.033284338238627, 36.73979875630607, 29.75438116699611, 0.0002276627895957566, 0.00037231528232270587]",2023-03-06,0.4545333741382643,1,5,3.7999997999868356
2023-03-13,GAT,reverse,rewired,46,996,2022-10-17,2023-02-27,2023-03-06,12428,1038,1,32,0.2,0.001,0.0001,4,0.5,0.9558529457006615,1.0484224734266914,12428,"[2.5733826842613454, 6.050048278081751, 2.968458319922755, 9.64692629546186, 4.864523522702796e-05, 8.12714956990066e-05]","[30.538399212135865, 13.033284338238627, 36.73979875630607, 29.75438116699611, 0.0002276627895957566, 0.00037231528232270587]",2023-03-06,0.5202151831061214,5,9,6.371167200035416
2023-03-13,GAT,reverse,rewired,47,996,2022-10-17,2023-02-27,2023-03-06,12428,1038,1,32,0.2,0.001,0.0001,4,0.5,0.9558529457006615,1.0484224734266914,12428,"[2.5733826842613454, 6.050048278081751, 2.968458319922755, 9.64692629546186, 4.864523522702796e-05, 8.12714956990066e-05]","[30.538399212135865, 13.033284338238627, 36.73979875630607, 29.75438116699611, 0.0002276627895957566, 0.00037231528232270587]",2023-03-06,0.5156683800198003,4,8,5.594389499980025
2023-03-13,GAT,reverse,rewired,48,996,2022-10-17,2023-02-27,2023-03-06,12428,1038,1,32,0.2,0.001,0.0001,4,0.5,0.9558529457006615,1.0484224734266914,12428,"[2.5733826842613454, 6.050048278081751, 2.968458319922755, 9.64692629546186, 4.864523522702796e-05, 8.12714956990066e-05]","[30.538399212135865, 13.033284338238627, 36.73979875630607, 29.75438116699611, 0.0002276627895957566, 0.00037231528232270587]",2023-03-06,0.44706940342946033,1,5,3.4222506000078283
2023-03-13,GAT,reverse,rewired,49,996,2022-10-17,2023-02-27,2023-03-06,12428,1038,1,32,0.2,0.001,0.0001,4,0.5,0.9558529457006615,1.0484224734266914,12428,"[2.5733826842613454, 6.050048278081751, 2.968458319922755, 9.64692629546186, 4.864523522702796e-05, 8.12714956990066e-05]","[30.538399212135865, 13.033284338238627, 36.73979875630607, 29.75438116699611, 0.0002276627895957566, 0.00037231528232270587]",2023-03-06,0.5214473473849368,4,8,5.35782770003425
2023-03-13,GAT,reverse,rewired,50,996,2022-10-17,2023-02-27,2023-03-06,12428,1038,1,32,0.2,0.001,0.0001,4,0.5,0.9558529457006615,1.0484224734266914,12428,"[2.5733826842613454, 6.050048278081751, 2.968458319922755, 9.64692629546186, 4.864523522702796e-05, 8.12714956990066e-05]","[30.538399212135865, 13.033284338238627, 36.73979875630607, 29.75438116699611, 0.0002276627895957566, 0.00037231528232270587]",2023-03-06,0.5047709923664122,5,9,6.2887651000055484
2023-03-13,GAT,reverse,rewired,51,996,2022-10-17,2023-02-27,2023-03-06,12428,1038,1,32,0.2,0.001,0.0001,4,0.5,0.9558529457006615,1.0484224734266914,12428,"[2.5733826842613454, 6.050048278081751, 2.968458319922755, 9.64692629546186, 4.864523522702796e-05, 8.12714956990066e-05]","[30.538399212135865, 13.033284338238627, 36.73979875630607, 29.75438116699611, 0.0002276627895957566, 0.00037231528232270587]",2023-03-06,0.47811259029081243,15,19,15.342981300025713
2023-03-20,GraphSAGE,reverse,feature_only,42,1248,2022-10-17,2023-03-06,2023-03-13,13466,996,2,64,0.5,0.0003,0.0001,4,0.5,0.9569357589539511,1.0471228615863142,13466,"[2.4747512253081836, 6.1143620971335215, 2.855859200950542, 9.774617555324522, 4.627270702328096e-05, 7.785548588268366e-05]","[29.391620632255783, 13.07667945994287, 35.36470278095723, 29.87338119838547, 0.00021901528317026578, 0.00035865513571715674]",2023-03-13,0.48244560125042485,16,20,1.142374099988956
2023-03-20,GraphSAGE,reverse,feature_only,43,1248,2022-10-17,2023-03-06,2023-03-13,13466,996,2,64,0.5,0.0003,0.0001,4,0.5,0.9569357589539511,1.0471228615863142,13466,"[2.4747512253081836, 6.1143620971335215, 2.855859200950542, 9.774617555324522, 4.627270702328096e-05, 7.785548588268366e-05]","[29.391620632255783, 13.07667945994287, 35.36470278095723, 29.87338119838547, 0.00021901528317026578, 0.00035865513571715674]",2023-03-13,0.34789566508864755,1,5,0.29145850002532825
2023-03-20,GraphSAGE,reverse,feature_only,44,1248,2022-10-17,2023-03-06,2023-03-13,13466,996,2,64,0.5,0.0003,0.0001,4,0.5,0.9569357589539511,1.0471228615863142,13466,"[2.4747512253081836, 6.1143620971335215, 2.855859200950542, 9.774617555324522, 4.627270702328096e-05, 7.785548588268366e-05]","[29.391620632255783, 13.07667945994287, 35.36470278095723, 29.87338119838547, 0.00021901528317026578, 0.00035865513571715674]",2023-03-13,0.49486534965532053,8,12,0.7033549000043422
2023-03-20,GraphSAGE,reverse,feature_only,45,1248,2022-10-17,2023-03-06,2023-03-13,13466,996,2,64,0.5,0.0003,0.0001,4,0.5,0.9569357589539511,1.0471228615863142,13466,"[2.4747512253081836, 6.1143620971335215, 2.855859200950542, 9.774617555324522, 4.627270702328096e-05, 7.785548588268366e-05]","[29.391620632255783, 13.07667945994287, 35.36470278095723, 29.87338119838547, 0.00021901528317026578, 0.00035865513571715674]",2023-03-13,0.4926974399605464,6,10,0.5553196000400931
2023-03-20,GraphSAGE,reverse,feature_only,46,1248,2022-10-17,2023-03-06,2023-03-13,13466,996,2,64,0.5,0.0003,0.0001,4,0.5,0.9569357589539511,1.0471228615863142,13466,"[2.4747512253081836, 6.1143620971335215, 2.855859200950542, 9.774617555324522, 4.627270702328096e-05, 7.785548588268366e-05]","[29.391620632255783, 13.07667945994287, 35.36470278095723, 29.87338119838547, 0.00021901528317026578, 0.00035865513571715674]",2023-03-13,0.45882913051043406,15,19,1.1000317999860272
2023-03-20,GraphSAGE,reverse,feature_only,47,1248,2022-10-17,2023-03-06,2023-03-13,13466,996,2,64,0.5,0.0003,0.0001,4,0.5,0.9569357589539511,1.0471228615863142,13466,"[2.4747512253081836, 6.1143620971335215, 2.855859200950542, 9.774617555324522, 4.627270702328096e-05, 7.785548588268366e-05]","[29.391620632255783, 13.07667945994287, 35.36470278095723, 29.87338119838547, 0.00021901528317026578, 0.00035865513571715674]",2023-03-13,0.4155770579665833,1,5,0.2943329000263475
2023-03-20,GraphSAGE,reverse,feature_only,48,1248,2022-10-17,2023-03-06,2023-03-13,13466,996,2,64,0.5,0.0003,0.0001,4,0.5,0.9569357589539511,1.0471228615863142,13466,"[2.4747512253081836, 6.1143620971335215, 2.855859200950542, 9.774617555324522, 4.627270702328096e-05, 7.785548588268366e-05]","[29.391620632255783, 13.07667945994287, 35.36470278095723, 29.87338119838547, 0.00021901528317026578, 0.00035865513571715674]",2023-03-13,0.5002904673884341,4,8,0.4728439000318758
2023-03-20,GraphSAGE,reverse,feature_only,49,1248,2022-10-17,2023-03-06,2023-03-13,13466,996,2,64,0.5,0.0003,0.0001,4,0.5,0.9569357589539511,1.0471228615863142,13466,"[2.4747512253081836, 6.1143620971335215, 2.855859200950542, 9.774617555324522, 4.627270702328096e-05, 7.785548588268366e-05]","[29.391620632255783, 13.07667945994287, 35.36470278095723, 29.87338119838547, 0.00021901528317026578, 0.00035865513571715674]",2023-03-13,0.46575550750101363,3,7,0.4258941000443883
2023-03-20,GraphSAGE,reverse,feature_only,50,1248,2022-10-17,2023-03-06,2023-03-13,13466,996,2,64,0.5,0.0003,0.0001,4,0.5,0.9569357589539511,1.0471228615863142,13466,"[2.4747512253081836, 6.1143620971335215, 2.855859200950542, 9.774617555324522, 4.627270702328096e-05, 7.785548588268366e-05]","[29.391620632255783, 13.07667945994287, 35.36470278095723, 29.87338119838547, 0.00021901528317026578, 0.00035865513571715674]",2023-03-13,0.4450602621623999,27,30,2.1249004999990575
2023-03-20,GraphSAGE,reverse,feature_only,51,1248,2022-10-17,2023-03-06,2023-03-13,13466,996,2,64,0.5,0.0003,0.0001,4,0.5,0.9569357589539511,1.0471228615863142,13466,"[2.4747512253081836, 6.1143620971335215, 2.855859200950542, 9.774617555324522, 4.627270702328096e-05, 7.785548588268366e-05]","[29.391620632255783, 13.07667945994287, 35.36470278095723, 29.87338119838547, 0.00021901528317026578, 0.00035865513571715674]",2023-03-13,0.48058420692691795,1,5,0.34981299994979054
2023-03-20,GraphSAGE,reverse,rewired,42,1248,2022-10-17,2023-03-06,2023-03-13,13466,996,2,64,0.5,0.0003,0.0001,4,0.5,0.9569357589539511,1.0471228615863142,13466,"[2.4747512253081836, 6.1143620971335215, 2.855859200950542, 9.774617555324522, 4.627270702328096e-05, 7.785548588268366e-05]","[29.391620632255783, 13.07667945994287, 35.36470278095723, 29.87338119838547, 0.00021901528317026578, 0.00035865513571715674]",2023-03-13,0.5148042340274452,2,6,0.4298069999786094
2023-03-20,GraphSAGE,reverse,rewired,43,1248,2022-10-17,2023-03-06,2023-03-13,13466,996,2,64,0.5,0.0003,0.0001,4,0.5,0.9569357589539511,1.0471228615863142,13466,"[2.4747512253081836, 6.1143620971335215, 2.855859200950542, 9.774617555324522, 4.627270702328096e-05, 7.785548588268366e-05]","[29.391620632255783, 13.07667945994287, 35.36470278095723, 29.87338119838547, 0.00021901528317026578, 0.00035865513571715674]",2023-03-13,0.3451009102242684,1,5,0.39067120000254363
2023-03-20,GraphSAGE,reverse,rewired,44,1248,2022-10-17,2023-03-06,2023-03-13,13466,996,2,64,0.5,0.0003,0.0001,4,0.5,0.9569357589539511,1.0471228615863142,13466,"[2.4747512253081836, 6.1143620971335215, 2.855859200950542, 9.774617555324522, 4.627270702328096e-05, 7.785548588268366e-05]","[29.391620632255783, 13.07667945994287, 35.36470278095723, 29.87338119838547, 0.00021901528317026578, 0.00035865513571715674]",2023-03-13,0.4861211433288618,12,16,1.2840749000315554
2023-03-20,GraphSAGE,reverse,rewired,45,1248,2022-10-17,2023-03-06,2023-03-13,13466,996,2,64,0.5,0.0003,0.0001,4,0.5,0.9569357589539511,1.0471228615863142,13466,"[2.4747512253081836, 6.1143620971335215, 2.855859200950542, 9.774617555324522, 4.627270702328096e-05, 7.785548588268366e-05]","[29.391620632255783, 13.07667945994287, 35.36470278095723, 29.87338119838547, 0.00021901528317026578, 0.00035865513571715674]",2023-03-13,0.4991673554476126,5,9,0.6248820000328124
2023-03-20,GraphSAGE,reverse,rewired,46,1248,2022-10-17,2023-03-06,2023-03-13,13466,996,2,64,0.5,0.0003,0.0001,4,0.5,0.9569357589539511,1.0471228615863142,13466,"[2.4747512253081836, 6.1143620971335215, 2.855859200950542, 9.774617555324522, 4.627270702328096e-05, 7.785548588268366e-05]","[29.391620632255783, 13.07667945994287, 35.36470278095723, 29.87338119838547, 0.00021901528317026578, 0.00035865513571715674]",2023-03-13,0.43241054557451786,17,21,1.3979198999586515
2023-03-20,GraphSAGE,reverse,rewired,47,1248,2022-10-17,2023-03-06,2023-03-13,13466,996,2,64,0.5,0.0003,0.0001,4,0.5,0.9569357589539511,1.0471228615863142,13466,"[2.4747512253081836, 6.1143620971335215, 2.855859200950542, 9.774617555324522, 4.627270702328096e-05, 7.785548588268366e-05]","[29.391620632255783, 13.07667945994287, 35.36470278095723, 29.87338119838547, 0.00021901528317026578, 0.00035865513571715674]",2023-03-13,0.40090225563909776,1,5,0.3298304000054486
2023-03-20,GraphSAGE,reverse,rewired,48,1248,2022-10-17,2023-03-06,2023-03-13,13466,996,2,64,0.5,0.0003,0.0001,4,0.5,0.9569357589539511,1.0471228615863142,13466,"[2.4747512253081836, 6.1143620971335215, 2.855859200950542, 9.774617555324522, 4.627270702328096e-05, 7.785548588268366e-05]","[29.391620632255783, 13.07667945994287, 35.36470278095723, 29.87338119838547, 0.00021901528317026578, 0.00035865513571715674]",2023-03-13,0.5008586032244761,4,8,0.5223957999842241
2023-03-20,GraphSAGE,reverse,rewired,49,1248,2022-10-17,2023-03-06,2023-03-13,13466,996,2,64,0.5,0.0003,0.0001,4,0.5,0.9569357589539511,1.0471228615863142,13466,"[2.4747512253081836, 6.1143620971335215, 2.855859200950542, 9.774617555324522, 4.627270702328096e-05, 7.785548588268366e-05]","[29.391620632255783, 13.07667945994287, 35.36470278095723, 29.87338119838547, 0.00021901528317026578, 0.00035865513571715674]",2023-03-13,0.49312050318605266,2,6,0.42419960000552237
2023-03-20,GraphSAGE,reverse,rewired,50,1248,2022-10-17,2023-03-06,2023-03-13,13466,996,2,64,0.5,0.0003,0.0001,4,0.5,0.9569357589539511,1.0471228615863142,13466,"[2.4747512253081836, 6.1143620971335215, 2.855859200950542, 9.774617555324522, 4.627270702328096e-05, 7.785548588268366e-05]","[29.391620632255783, 13.07667945994287, 35.36470278095723, 29.87338119838547, 0.00021901528317026578, 0.00035865513571715674]",2023-03-13,0.4309613219216454,28,30,2.011942699959036
2023-03-20,GraphSAGE,reverse,rewired,51,1248,2022-10-17,2023-03-06,2023-03-13,13466,996,2,64,0.5,0.0003,0.0001,4,0.5,0.9569357589539511,1.0471228615863142,13466,"[2.4747512253081836, 6.1143620971335215, 2.855859200950542, 9.774617555324522, 4.627270702328096e-05, 7.785548588268366e-05]","[29.391620632255783, 13.07667945994287, 35.36470278095723, 29.87338119838547, 0.00021901528317026578, 0.00035865513571715674]",2023-03-13,0.45638773308676217,14,18,1.245880300004501
2023-03-27,GraphSAGE,reverse,feature_only,42,582,2022-10-17,2023-03-13,2023-03-20,14462,1248,1,32,0.2,0.001,0.0001,4,0.5,0.9555966697502313,1.048730964467005,14462,"[2.4128059742774166, 6.181648458027936, 2.785921725902365, 9.943576268842484, 4.431885554667427e-05, 7.491194980054075e-05]","[28.533854569841345, 13.17024103400192, 34.31522183879006, 30.467368478229687, 0.00021187041730465168, 0.00034724922658600294]",2023-03-20,0.5068379765391169,16,20,1.8571115999948233
2023-03-27,GraphSAGE,reverse,feature_only,43,582,2022-10-17,2023-03-13,2023-03-20,14462,1248,1,32,0.2,0.001,0.0001,4,0.5,0.9555966697502313,1.048730964467005,14462,"[2.4128059742774166, 6.181648458027936, 2.785921725902365, 9.943576268842484, 4.431885554667427e-05, 7.491194980054075e-05]","[28.533854569841345, 13.17024103400192, 34.31522183879006, 30.467368478229687, 0.00021187041730465168, 0.00034724922658600294]",2023-03-20,0.4726185162039104,11,15,1.445771099999547
2023-03-27,GraphSAGE,reverse,feature_only,44,582,2022-10-17,2023-03-13,2023-03-20,14462,1248,1,32,0.2,0.001,0.0001,4,0.5,0.9555966697502313,1.048730964467005,14462,"[2.4128059742774166, 6.181648458027936, 2.785921725902365, 9.943576268842484, 4.431885554667427e-05, 7.491194980054075e-05]","[28.533854569841345, 13.17024103400192, 34.31522183879006, 30.467368478229687, 0.00021187041730465168, 0.00034724922658600294]",2023-03-20,0.5175593926783066,1,5,0.4797942999866791
2023-03-27,GraphSAGE,reverse,feature_only,45,582,2022-10-17,2023-03-13,2023-03-20,14462,1248,1,32,0.2,0.001,0.0001,4,0.5,0.9555966697502313,1.048730964467005,14462,"[2.4128059742774166, 6.181648458027936, 2.785921725902365, 9.943576268842484, 4.431885554667427e-05, 7.491194980054075e-05]","[28.533854569841345, 13.17024103400192, 34.31522183879006, 30.467368478229687, 0.00021187041730465168, 0.00034724922658600294]",2023-03-20,0.47974726898499853,2,6,0.5909652000409551
2023-03-27,GraphSAGE,reverse,feature_only,46,582,2022-10-17,2023-03-13,2023-03-20,14462,1248,1,32,0.2,0.001,0.0001,4,0.5,0.9555966697502313,1.048730964467005,14462,"[2.4128059742774166, 6.181648458027936, 2.785921725902365, 9.943576268842484, 4.431885554667427e-05, 7.491194980054075e-05]","[28.533854569841345, 13.17024103400192, 34.31522183879006, 30.467368478229687, 0.00021187041730465168, 0.00034724922658600294]",2023-03-20,0.47112399795326626,1,5,0.4716322999447584
2023-03-27,GraphSAGE,reverse,feature_only,47,582,2022-10-17,2023-03-13,2023-03-20,14462,1248,1,32,0.2,0.001,0.0001,4,0.5,0.9555966697502313,1.048730964467005,14462,"[2.4128059742774166, 6.181648458027936, 2.785921725902365, 9.943576268842484, 4.431885554667427e-05, 7.491194980054075e-05]","[28.533854569841345, 13.17024103400192, 34.31522183879006, 30.467368478229687, 0.00021187041730465168, 0.00034724922658600294]",2023-03-20,0.48102601515478105,15,19,1.9097712999791838
2023-03-27,GraphSAGE,reverse,feature_only,48,582,2022-10-17,2023-03-13,2023-03-20,14462,1248,1,32,0.2,0.001,0.0001,4,0.5,0.9555966697502313,1.048730964467005,14462,"[2.4128059742774166, 6.181648458027936, 2.785921725902365, 9.943576268842484, 4.431885554667427e-05, 7.491194980054075e-05]","[28.533854569841345, 13.17024103400192, 34.31522183879006, 30.467368478229687, 0.00021187041730465168, 0.00034724922658600294]",2023-03-20,0.48713760506588466,17,21,2.093428699998185
2023-03-27,GraphSAGE,reverse,feature_only,49,582,2022-10-17,2023-03-13,2023-03-20,14462,1248,1,32,0.2,0.001,0.0001,4,0.5,0.9555966697502313,1.048730964467005,14462,"[2.4128059742774166, 6.181648458027936, 2.785921725902365, 9.943576268842484, 4.431885554667427e-05, 7.491194980054075e-05]","[28.533854569841345, 13.17024103400192, 34.31522183879006, 30.467368478229687, 0.00021187041730465168, 0.00034724922658600294]",2023-03-20,0.4316195324636434,14,18,1.8729923000209965
2023-03-27,GraphSAGE,reverse,feature_only,50,582,2022-10-17,2023-03-13,2023-03-20,14462,1248,1,32,0.2,0.001,0.0001,4,0.5,0.9555966697502313,1.048730964467005,14462,"[2.4128059742774166, 6.181648458027936, 2.785921725902365, 9.943576268842484, 4.431885554667427e-05, 7.491194980054075e-05]","[28.533854569841345, 13.17024103400192, 34.31522183879006, 30.467368478229687, 0.00021187041730465168, 0.00034724922658600294]",2023-03-20,0.4494381717437987,4,8,0.7859671000041999
2023-03-27,GraphSAGE,reverse,feature_only,51,582,2022-10-17,2023-03-13,2023-03-20,14462,1248,1,32,0.2,0.001,0.0001,4,0.5,0.9555966697502313,1.048730964467005,14462,"[2.4128059742774166, 6.181648458027936, 2.785921725902365, 9.943576268842484, 4.431885554667427e-05, 7.491194980054075e-05]","[28.533854569841345, 13.17024103400192, 34.31522183879006, 30.467368478229687, 0.00021187041730465168, 0.00034724922658600294]",2023-03-20,0.40373099209328556,5,9,0.8565731000271626
2023-03-27,GraphSAGE,reverse,rewired,42,582,2022-10-17,2023-03-13,2023-03-20,14462,1248,1,32,0.2,0.001,0.0001,4,0.5,0.9555966697502313,1.048730964467005,14462,"[2.4128059742774166, 6.181648458027936, 2.785921725902365, 9.943576268842484, 4.431885554667427e-05, 7.491194980054075e-05]","[28.533854569841345, 13.17024103400192, 34.31522183879006, 30.467368478229687, 0.00021187041730465168, 0.00034724922658600294]",2023-03-20,0.48321418899910873,9,13,1.4004808000172488
2023-03-27,GraphSAGE,reverse,rewired,43,582,2022-10-17,2023-03-13,2023-03-20,14462,1248,1,32,0.2,0.001,0.0001,4,0.5,0.9555966697502313,1.048730964467005,14462,"[2.4128059742774166, 6.181648458027936, 2.785921725902365, 9.943576268842484, 4.431885554667427e-05, 7.491194980054075e-05]","[28.533854569841345, 13.17024103400192, 34.31522183879006, 30.467368478229687, 0.00021187041730465168, 0.00034724922658600294]",2023-03-20,0.4458516751510382,11,15,1.398846699972637
2023-03-27,GraphSAGE,reverse,rewired,44,582,2022-10-17,2023-03-13,2023-03-20,14462,1248,1,32,0.2,0.001,0.0001,4,0.5,0.9555966697502313,1.048730964467005,14462,"[2.4128059742774166, 6.181648458027936, 2.785921725902365, 9.943576268842484, 4.431885554667427e-05, 7.491194980054075e-05]","[28.533854569841345, 13.17024103400192, 34.31522183879006, 30.467368478229687, 0.00021187041730465168, 0.00034724922658600294]",2023-03-20,0.47095258157115905,5,9,0.8820244999951683
2023-03-27,GraphSAGE,reverse,rewired,45,582,2022-10-17,2023-03-13,2023-03-20,14462,1248,1,32,0.2,0.001,0.0001,4,0.5,0.9555966697502313,1.048730964467005,14462,"[2.4128059742774166, 6.181648458027936, 2.785921725902365, 9.943576268842484, 4.431885554667427e-05, 7.491194980054075e-05]","[28.533854569841345, 13.17024103400192, 34.31522183879006, 30.467368478229687, 0.00021187041730465168, 0.00034724922658600294]",2023-03-20,0.4721104981974547,4,8,0.7758593000471592
2023-03-27,GraphSAGE,reverse,rewired,46,582,2022-10-17,2023-03-13,2023-03-20,14462,1248,1,32,0.2,0.001,0.0001,4,0.5,0.9555966697502313,1.048730964467005,14462,"[2.4128059742774166, 6.181648458027936, 2.785921725902365, 9.943576268842484, 4.431885554667427e-05, 7.491194980054075e-05]","[28.533854569841345, 13.17024103400192, 34.31522183879006, 30.467368478229687, 0.00021187041730465168, 0.00034724922658600294]",2023-03-20,0.48446343315274043,1,5,0.4438146000029519
2023-03-27,GraphSAGE,reverse,rewired,47,582,2022-10-17,2023-03-13,2023-03-20,14462,1248,1,32,0.2,0.001,0.0001,4,0.5,0.9555966697502313,1.048730964467005,14462,"[2.4128059742774166, 6.181648458027936, 2.785921725902365, 9.943576268842484, 4.431885554667427e-05, 7.491194980054075e-05]","[28.533854569841345, 13.17024103400192, 34.31522183879006, 30.467368478229687, 0.00021187041730465168, 0.00034724922658600294]",2023-03-20,0.48947693940582315,15,19,1.8332970999763347
2023-03-27,GraphSAGE,reverse,rewired,48,582,2022-10-17,2023-03-13,2023-03-20,14462,1248,1,32,0.2,0.001,0.0001,4,0.5,0.9555966697502313,1.048730964467005,14462,"[2.4128059742774166, 6.181648458027936, 2.785921725902365, 9.943576268842484, 4.431885554667427e-05, 7.491194980054075e-05]","[28.533854569841345, 13.17024103400192, 34.31522183879006, 30.467368478229687, 0.00021187041730465168, 0.00034724922658600294]",2023-03-20,0.49501941975273644,10,14,1.3317934999940917
2023-03-27,GraphSAGE,reverse,rewired,49,582,2022-10-17,2023-03-13,2023-03-20,14462,1248,1,32,0.2,0.001,0.0001,4,0.5,0.9555966697502313,1.048730964467005,14462,"[2.4128059742774166, 6.181648458027936, 2.785921725902365, 9.943576268842484, 4.431885554667427e-05, 7.491194980054075e-05]","[28.533854569841345, 13.17024103400192, 34.31522183879006, 30.467368478229687, 0.00021187041730465168, 0.00034724922658600294]",2023-03-20,0.4583659052464528,5,9,0.9300006000557914
2023-03-27,GraphSAGE,reverse,rewired,50,582,2022-10-17,2023-03-13,2023-03-20,14462,1248,1,32,0.2,0.001,0.0001,4,0.5,0.9555966697502313,1.048730964467005,14462,"[2.4128059742774166, 6.181648458027936, 2.785921725902365, 9.943576268842484, 4.431885554667427e-05, 7.491194980054075e-05]","[28.533854569841345, 13.17024103400192, 34.31522183879006, 30.467368478229687, 0.00021187041730465168, 0.00034724922658600294]",2023-03-20,0.4697833249164322,9,13,1.2917769000050612
2023-03-27,GraphSAGE,reverse,rewired,51,582,2022-10-17,2023-03-13,2023-03-20,14462,1248,1,32,0.2,0.001,0.0001,4,0.5,0.9555966697502313,1.048730964467005,14462,"[2.4128059742774166, 6.181648458027936, 2.785921725902365, 9.943576268842484, 4.431885554667427e-05, 7.491194980054075e-05]","[28.533854569841345, 13.17024103400192, 34.31522183879006, 30.467368478229687, 0.00021187041730465168, 0.00034724922658600294]",2023-03-20,0.46183341186883614,12,16,1.5903857999946922
2023-03-20,GAT,reverse,feature_only,42,1248,2022-10-17,2023-03-06,2023-03-13,13466,996,2,64,0.5,0.0003,0.0001,4,0.5,0.9569357589539511,1.0471228615863142,13466,"[2.4747512253081836, 6.1143620971335215, 2.855859200950542, 9.774617555324522, 4.627270702328096e-05, 7.785548588268366e-05]","[29.391620632255783, 13.07667945994287, 35.36470278095723, 29.87338119838547, 0.00021901528317026578, 0.00035865513571715674]",2023-03-13,0.4964351561719481,11,15,19.36793210002361
2023-03-20,GAT,reverse,feature_only,43,1248,2022-10-17,2023-03-06,2023-03-13,13466,996,2,64,0.5,0.0003,0.0001,4,0.5,0.9569357589539511,1.0471228615863142,13466,"[2.4747512253081836, 6.1143620971335215, 2.855859200950542, 9.774617555324522, 4.627270702328096e-05, 7.785548588268366e-05]","[29.391620632255783, 13.07667945994287, 35.36470278095723, 29.87338119838547, 0.00021901528317026578, 0.00035865513571715674]",2023-03-13,0.4920074642875937,2,6,9.125571199983824
2023-03-20,GAT,reverse,feature_only,44,1248,2022-10-17,2023-03-06,2023-03-13,13466,996,2,64,0.5,0.0003,0.0001,4,0.5,0.9569357589539511,1.0471228615863142,13466,"[2.4747512253081836, 6.1143620971335215, 2.855859200950542, 9.774617555324522, 4.627270702328096e-05, 7.785548588268366e-05]","[29.391620632255783, 13.07667945994287, 35.36470278095723, 29.87338119838547, 0.00021901528317026578, 0.00035865513571715674]",2023-03-13,0.4949673446708507,2,6,9.05637810000917
2023-03-20,GAT,reverse,feature_only,45,1248,2022-10-17,2023-03-06,2023-03-13,13466,996,2,64,0.5,0.0003,0.0001,4,0.5,0.9569357589539511,1.0471228615863142,13466,"[2.4747512253081836, 6.1143620971335215, 2.855859200950542, 9.774617555324522, 4.627270702328096e-05, 7.785548588268366e-05]","[29.391620632255783, 13.07667945994287, 35.36470278095723, 29.87338119838547, 0.00021901528317026578, 0.00035865513571715674]",2023-03-13,0.4919166542328181,1,5,7.1644351000431925
2023-03-20,GAT,reverse,feature_only,46,1248,2022-10-17,2023-03-06,2023-03-13,13466,996,2,64,0.5,0.0003,0.0001,4,0.5,0.9569357589539511,1.0471228615863142,13466,"[2.4747512253081836, 6.1143620971335215, 2.855859200950542, 9.774617555324522, 4.627270702328096e-05, 7.785548588268366e-05]","[29.391620632255783, 13.07667945994287, 35.36470278095723, 29.87338119838547, 0.00021901528317026578, 0.00035865513571715674]",2023-03-13,0.47693339455126055,22,26,38.30849719996331
2023-03-20,GAT,reverse,feature_only,47,1248,2022-10-17,2023-03-06,2023-03-13,13466,996,2,64,0.5,0.0003,0.0001,4,0.5,0.9569357589539511,1.0471228615863142,13466,"[2.4747512253081836, 6.1143620971335215, 2.855859200950542, 9.774617555324522, 4.627270702328096e-05, 7.785548588268366e-05]","[29.391620632255783, 13.07667945994287, 35.36470278095723, 29.87338119838547, 0.00021901528317026578, 0.00035865513571715674]",2023-03-13,0.491621441684992,3,7,9.832107099995483
2023-03-20,GAT,reverse,feature_only,48,1248,2022-10-17,2023-03-06,2023-03-13,13466,996,2,64,0.5,0.0003,0.0001,4,0.5,0.9569357589539511,1.0471228615863142,13466,"[2.4747512253081836, 6.1143620971335215, 2.855859200950542, 9.774617555324522, 4.627270702328096e-05, 7.785548588268366e-05]","[29.391620632255783, 13.07667945994287, 35.36470278095723, 29.87338119838547, 0.00021901528317026578, 0.00035865513571715674]",2023-03-13,0.4706982621904017,21,25,41.664854100032244
2023-03-20,GAT,reverse,feature_only,49,1248,2022-10-17,2023-03-06,2023-03-13,13466,996,2,64,0.5,0.0003,0.0001,4,0.5,0.9569357589539511,1.0471228615863142,13466,"[2.4747512253081836, 6.1143620971335215, 2.855859200950542, 9.774617555324522, 4.627270702328096e-05, 7.785548588268366e-05]","[29.391620632255783, 13.07667945994287, 35.36470278095723, 29.87338119838547, 0.00021901528317026578, 0.00035865513571715674]",2023-03-13,0.4544758817836001,9,13,21.039561700017657
2023-03-20,GAT,reverse,feature_only,50,1248,2022-10-17,2023-03-06,2023-03-13,13466,996,2,64,0.5,0.0003,0.0001,4,0.5,0.9569357589539511,1.0471228615863142,13466,"[2.4747512253081836, 6.1143620971335215, 2.855859200950542, 9.774617555324522, 4.627270702328096e-05, 7.785548588268366e-05]","[29.391620632255783, 13.07667945994287, 35.36470278095723, 29.87338119838547, 0.00021901528317026578, 0.00035865513571715674]",2023-03-13,0.4443001975555218,17,21,36.808784599998035
2023-03-20,GAT,reverse,feature_only,51,1248,2022-10-17,2023-03-06,2023-03-13,13466,996,2,64,0.5,0.0003,0.0001,4,0.5,0.9569357589539511,1.0471228615863142,13466,"[2.4747512253081836, 6.1143620971335215, 2.855859200950542, 9.774617555324522, 4.627270702328096e-05, 7.785548588268366e-05]","[29.391620632255783, 13.07667945994287, 35.36470278095723, 29.87338119838547, 0.00021901528317026578, 0.00035865513571715674]",2023-03-13,0.46143225379692676,12,16,26.466325399989728
2023-03-20,GAT,reverse,rewired,42,1248,2022-10-17,2023-03-06,2023-03-13,13466,996,2,64,0.5,0.0003,0.0001,4,0.5,0.9569357589539511,1.0471228615863142,13466,"[2.4747512253081836, 6.1143620971335215, 2.855859200950542, 9.774617555324522, 4.627270702328096e-05, 7.785548588268366e-05]","[29.391620632255783, 13.07667945994287, 35.36470278095723, 29.87338119838547, 0.00021901528317026578, 0.00035865513571715674]",2023-03-13,0.4847896648976987,11,15,30.473651800013613
2023-03-20,GAT,reverse,rewired,43,1248,2022-10-17,2023-03-06,2023-03-13,13466,996,2,64,0.5,0.0003,0.0001,4,0.5,0.9569357589539511,1.0471228615863142,13466,"[2.4747512253081836, 6.1143620971335215, 2.855859200950542, 9.774617555324522, 4.627270702328096e-05, 7.785548588268366e-05]","[29.391620632255783, 13.07667945994287, 35.36470278095723, 29.87338119838547, 0.00021901528317026578, 0.00035865513571715674]",2023-03-13,0.48028191616597243,2,6,10.727799599990249
2023-03-20,GAT,reverse,rewired,44,1248,2022-10-17,2023-03-06,2023-03-13,13466,996,2,64,0.5,0.0003,0.0001,4,0.5,0.9569357589539511,1.0471228615863142,13466,"[2.4747512253081836, 6.1143620971335215, 2.855859200950542, 9.774617555324522, 4.627270702328096e-05, 7.785548588268366e-05]","[29.391620632255783, 13.07667945994287, 35.36470278095723, 29.87338119838547, 0.00021901528317026578, 0.00035865513571715674]",2023-03-13,0.48269896901313986,4,8,13.963993599987589
2023-03-20,GAT,reverse,rewired,45,1248,2022-10-17,2023-03-06,2023-03-13,13466,996,2,64,0.5,0.0003,0.0001,4,0.5,0.9569357589539511,1.0471228615863142,13466,"[2.4747512253081836, 6.1143620971335215, 2.855859200950542, 9.774617555324522, 4.627270702328096e-05, 7.785548588268366e-05]","[29.391620632255783, 13.07667945994287, 35.36470278095723, 29.87338119838547, 0.00021901528317026578, 0.00035865513571715674]",2023-03-13,0.47655415330348116,3,7,14.986722100002225
2023-03-20,GAT,reverse,rewired,46,1248,2022-10-17,2023-03-06,2023-03-13,13466,996,2,64,0.5,0.0003,0.0001,4,0.5,0.9569357589539511,1.0471228615863142,13466,"[2.4747512253081836, 6.1143620971335215, 2.855859200950542, 9.774617555324522, 4.627270702328096e-05, 7.785548588268366e-05]","[29.391620632255783, 13.07667945994287, 35.36470278095723, 29.87338119838547, 0.00021901528317026578, 0.00035865513571715674]",2023-03-13,0.41533605044516003,11,15,29.95634010003414
2023-03-20,GAT,reverse,rewired,47,1248,2022-10-17,2023-03-06,2023-03-13,13466,996,2,64,0.5,0.0003,0.0001,4,0.5,0.9569357589539511,1.0471228615863142,13466,"[2.4747512253081836, 6.1143620971335215, 2.855859200950542, 9.774617555324522, 4.627270702328096e-05, 7.785548588268366e-05]","[29.391620632255783, 13.07667945994287, 35.36470278095723, 29.87338119838547, 0.00021901528317026578, 0.00035865513571715674]",2023-03-13,0.4759453243848789,4,8,15.459909999975935
2023-03-20,GAT,reverse,rewired,48,1248,2022-10-17,2023-03-06,2023-03-13,13466,996,2,64,0.5,0.0003,0.0001,4,0.5,0.9569357589539511,1.0471228615863142,13466,"[2.4747512253081836, 6.1143620971335215, 2.855859200950542, 9.774617555324522, 4.627270702328096e-05, 7.785548588268366e-05]","[29.391620632255783, 13.07667945994287, 35.36470278095723, 29.87338119838547, 0.00021901528317026578, 0.00035865513571715674]",2023-03-13,0.42349823090882976,8,12,23.3693559000385
2023-03-20,GAT,reverse,rewired,49,1248,2022-10-17,2023-03-06,2023-03-13,13466,996,2,64,0.5,0.0003,0.0001,4,0.5,0.9569357589539511,1.0471228615863142,13466,"[2.4747512253081836, 6.1143620971335215, 2.855859200950542, 9.774617555324522, 4.627270702328096e-05, 7.785548588268366e-05]","[29.391620632255783, 13.07667945994287, 35.36470278095723, 29.87338119838547, 0.00021901528317026578, 0.00035865513571715674]",2023-03-13,0.42680351703129327,10,14,26.895576899987645
2023-03-20,GAT,reverse,rewired,50,1248,2022-10-17,2023-03-06,2023-03-13,13466,996,2,64,0.5,0.0003,0.0001,4,0.5,0.9569357589539511,1.0471228615863142,13466,"[2.4747512253081836, 6.1143620971335215, 2.855859200950542, 9.774617555324522, 4.627270702328096e-05, 7.785548588268366e-05]","[29.391620632255783, 13.07667945994287, 35.36470278095723, 29.87338119838547, 0.00021901528317026578, 0.00035865513571715674]",2023-03-13,0.4055851198850169,5,9,17.49498630000744
2023-03-20,GAT,reverse,rewired,51,1248,2022-10-17,2023-03-06,2023-03-13,13466,996,2,64,0.5,0.0003,0.0001,4,0.5,0.9569357589539511,1.0471228615863142,13466,"[2.4747512253081836, 6.1143620971335215, 2.855859200950542, 9.774617555324522, 4.627270702328096e-05, 7.785548588268366e-05]","[29.391620632255783, 13.07667945994287, 35.36470278095723, 29.87338119838547, 0.00021901528317026578, 0.00035865513571715674]",2023-03-13,0.4542523483117542,13,17,37.41707030002726
2023-03-27,GAT,reverse,feature_only,42,582,2022-10-17,2023-03-13,2023-03-20,14462,1248,1,32,0.2,0.001,0.0001,4,0.5,0.9555966697502313,1.048730964467005,14462,"[2.4128059742774166, 6.181648458027936, 2.785921725902365, 9.943576268842484, 4.431885554667427e-05, 7.491194980054075e-05]","[28.533854569841345, 13.17024103400192, 34.31522183879006, 30.467368478229687, 0.00021187041730465168, 0.00034724922658600294]",2023-03-20,0.5002480158730158,7,11,14.292478699993808
2023-03-27,GAT,reverse,feature_only,43,582,2022-10-17,2023-03-13,2023-03-20,14462,1248,1,32,0.2,0.001,0.0001,4,0.5,0.9555966697502313,1.048730964467005,14462,"[2.4128059742774166, 6.181648458027936, 2.785921725902365, 9.943576268842484, 4.431885554667427e-05, 7.491194980054075e-05]","[28.533854569841345, 13.17024103400192, 34.31522183879006, 30.467368478229687, 0.00021187041730465168, 0.00034724922658600294]",2023-03-20,0.4776227223058206,1,5,6.475103200005833
2023-03-27,GAT,reverse,feature_only,44,582,2022-10-17,2023-03-13,2023-03-20,14462,1248,1,32,0.2,0.001,0.0001,4,0.5,0.9555966697502313,1.048730964467005,14462,"[2.4128059742774166, 6.181648458027936, 2.785921725902365, 9.943576268842484, 4.431885554667427e-05, 7.491194980054075e-05]","[28.533854569841345, 13.17024103400192, 34.31522183879006, 30.467368478229687, 0.00021187041730465168, 0.00034724922658600294]",2023-03-20,0.5048064205457464,2,6,7.920687599980738
2023-03-27,GAT,reverse,feature_only,45,582,2022-10-17,2023-03-13,2023-03-20,14462,1248,1,32,0.2,0.001,0.0001,4,0.5,0.9555966697502313,1.048730964467005,14462,"[2.4128059742774166, 6.181648458027936, 2.785921725902365, 9.943576268842484, 4.431885554667427e-05, 7.491194980054075e-05]","[28.533854569841345, 13.17024103400192, 34.31522183879006, 30.467368478229687, 0.00021187041730465168, 0.00034724922658600294]",2023-03-20,0.4163416159663388,1,5,5.806497899990063
2023-03-27,GAT,reverse,feature_only,46,582,2022-10-17,2023-03-13,2023-03-20,14462,1248,1,32,0.2,0.001,0.0001,4,0.5,0.9555966697502313,1.048730964467005,14462,"[2.4128059742774166, 6.181648458027936, 2.785921725902365, 9.943576268842484, 4.431885554667427e-05, 7.491194980054075e-05]","[28.533854569841345, 13.17024103400192, 34.31522183879006, 30.467368478229687, 0.00021187041730465168, 0.00034724922658600294]",2023-03-20,0.5103011215833391,7,11,11.653553000011016
2023-03-27,GAT,reverse,feature_only,47,582,2022-10-17,2023-03-13,2023-03-20,14462,1248,1,32,0.2,0.001,0.0001,4,0.5,0.9555966697502313,1.048730964467005,14462,"[2.4128059742774166, 6.181648458027936, 2.785921725902365, 9.943576268842484, 4.431885554667427e-05, 7.491194980054075e-05]","[28.533854569841345, 13.17024103400192, 34.31522183879006, 30.467368478229687, 0.00021187041730465168, 0.00034724922658600294]",2023-03-20,0.48895533458498486,4,8,8.28301559999818
2023-03-27,GAT,reverse,feature_only,48,582,2022-10-17,2023-03-13,2023-03-20,14462,1248,1,32,0.2,0.001,0.0001,4,0.5,0.9555966697502313,1.048730964467005,14462,"[2.4128059742774166, 6.181648458027936, 2.785921725902365, 9.943576268842484, 4.431885554667427e-05, 7.491194980054075e-05]","[28.533854569841345, 13.17024103400192, 34.31522183879006, 30.467368478229687, 0.00021187041730465168, 0.00034724922658600294]",2023-03-20,0.42838562153203896,1,5,5.255462000030093
2023-03-27,GAT,reverse,feature_only,49,582,2022-10-17,2023-03-13,2023-03-20,14462,1248,1,32,0.2,0.001,0.0001,4,0.5,0.9555966697502313,1.048730964467005,14462,"[2.4128059742774166, 6.181648458027936, 2.785921725902365, 9.943576268842484, 4.431885554667427e-05, 7.491194980054075e-05]","[28.533854569841345, 13.17024103400192, 34.31522183879006, 30.467368478229687, 0.00021187041730465168, 0.00034724922658600294]",2023-03-20,0.5166839682732997,2,6,6.256587899988517
2023-03-27,GAT,reverse,feature_only,50,582,2022-10-17,2023-03-13,2023-03-20,14462,1248,1,32,0.2,0.001,0.0001,4,0.5,0.9555966697502313,1.048730964467005,14462,"[2.4128059742774166, 6.181648458027936, 2.785921725902365, 9.943576268842484, 4.431885554667427e-05, 7.491194980054075e-05]","[28.533854569841345, 13.17024103400192, 34.31522183879006, 30.467368478229687, 0.00021187041730465168, 0.00034724922658600294]",2023-03-20,0.5236777263982179,2,6,6.198492799943779
2023-03-27,GAT,reverse,feature_only,51,582,2022-10-17,2023-03-13,2023-03-20,14462,1248,1,32,0.2,0.001,0.0001,4,0.5,0.9555966697502313,1.048730964467005,14462,"[2.4128059742774166, 6.181648458027936, 2.785921725902365, 9.943576268842484, 4.431885554667427e-05, 7.491194980054075e-05]","[28.533854569841345, 13.17024103400192, 34.31522183879006, 30.467368478229687, 0.00021187041730465168, 0.00034724922658600294]",2023-03-20,0.49825092107814617,18,22,22.583146499993745
2023-03-27,GAT,reverse,rewired,42,582,2022-10-17,2023-03-13,2023-03-20,14462,1248,1,32,0.2,0.001,0.0001,4,0.5,0.9555966697502313,1.048730964467005,14462,"[2.4128059742774166, 6.181648458027936, 2.785921725902365, 9.943576268842484, 4.431885554667427e-05, 7.491194980054075e-05]","[28.533854569841345, 13.17024103400192, 34.31522183879006, 30.467368478229687, 0.00021187041730465168, 0.00034724922658600294]",2023-03-20,0.5026605966029998,4,8,8.223178799962625
2023-03-27,GAT,reverse,rewired,43,582,2022-10-17,2023-03-13,2023-03-20,14462,1248,1,32,0.2,0.001,0.0001,4,0.5,0.9555966697502313,1.048730964467005,14462,"[2.4128059742774166, 6.181648458027936, 2.785921725902365, 9.943576268842484, 4.431885554667427e-05, 7.491194980054075e-05]","[28.533854569841345, 13.17024103400192, 34.31522183879006, 30.467368478229687, 0.00021187041730465168, 0.00034724922658600294]",2023-03-20,0.4757834757834758,1,5,5.1835790000041015
2023-03-27,GAT,reverse,rewired,44,582,2022-10-17,2023-03-13,2023-03-20,14462,1248,1,32,0.2,0.001,0.0001,4,0.5,0.9555966697502313,1.048730964467005,14462,"[2.4128059742774166, 6.181648458027936, 2.785921725902365, 9.943576268842484, 4.431885554667427e-05, 7.491194980054075e-05]","[28.533854569841345, 13.17024103400192, 34.31522183879006, 30.467368478229687, 0.00021187041730465168, 0.00034724922658600294]",2023-03-20,0.489226202523106,1,5,5.272444999951404
2023-03-27,GAT,reverse,rewired,45,582,2022-10-17,2023-03-13,2023-03-20,14462,1248,1,32,0.2,0.001,0.0001,4,0.5,0.9555966697502313,1.048730964467005,14462,"[2.4128059742774166, 6.181648458027936, 2.785921725902365, 9.943576268842484, 4.431885554667427e-05, 7.491194980054075e-05]","[28.533854569841345, 13.17024103400192, 34.31522183879006, 30.467368478229687, 0.00021187041730465168, 0.00034724922658600294]",2023-03-20,0.4952396966130271,12,16,16.196148600021843
2023-03-27,GAT,reverse,rewired,46,582,2022-10-17,2023-03-13,2023-03-20,14462,1248,1,32,0.2,0.001,0.0001,4,0.5,0.9555966697502313,1.048730964467005,14462,"[2.4128059742774166, 6.181648458027936, 2.785921725902365, 9.943576268842484, 4.431885554667427e-05, 7.491194980054075e-05]","[28.533854569841345, 13.17024103400192, 34.31522183879006, 30.467368478229687, 0.00021187041730465168, 0.00034724922658600294]",2023-03-20,0.5075100319322117,1,5,4.469058500020765
2023-03-27,GAT,reverse,rewired,47,582,2022-10-17,2023-03-13,2023-03-20,14462,1248,1,32,0.2,0.001,0.0001,4,0.5,0.9555966697502313,1.048730964467005,14462,"[2.4128059742774166, 6.181648458027936, 2.785921725902365, 9.943576268842484, 4.431885554667427e-05, 7.491194980054075e-05]","[28.533854569841345, 13.17024103400192, 34.31522183879006, 30.467368478229687, 0.00021187041730465168, 0.00034724922658600294]",2023-03-20,0.5094639425814051,1,5,4.457186900021043
2023-03-27,GAT,reverse,rewired,48,582,2022-10-17,2023-03-13,2023-03-20,14462,1248,1,32,0.2,0.001,0.0001,4,0.5,0.9555966697502313,1.048730964467005,14462,"[2.4128059742774166, 6.181648458027936, 2.785921725902365, 9.943576268842484, 4.431885554667427e-05, 7.491194980054075e-05]","[28.533854569841345, 13.17024103400192, 34.31522183879006, 30.467368478229687, 0.00021187041730465168, 0.00034724922658600294]",2023-03-20,0.5290273886206434,20,24,21.27810200001113
2023-03-27,GAT,reverse,rewired,49,582,2022-10-17,2023-03-13,2023-03-20,14462,1248,1,32,0.2,0.001,0.0001,4,0.5,0.9555966697502313,1.048730964467005,14462,"[2.4128059742774166, 6.181648458027936, 2.785921725902365, 9.943576268842484, 4.431885554667427e-05, 7.491194980054075e-05]","[28.533854569841345, 13.17024103400192, 34.31522183879006, 30.467368478229687, 0.00021187041730465168, 0.00034724922658600294]",2023-03-20,0.518697187205123,2,6,5.384141699993052
2023-03-27,GAT,reverse,rewired,50,582,2022-10-17,2023-03-13,2023-03-20,14462,1248,1,32,0.2,0.001,0.0001,4,0.5,0.9555966697502313,1.048730964467005,14462,"[2.4128059742774166, 6.181648458027936, 2.785921725902365, 9.943576268842484, 4.431885554667427e-05, 7.491194980054075e-05]","[28.533854569841345, 13.17024103400192, 34.31522183879006, 30.467368478229687, 0.00021187041730465168, 0.00034724922658600294]",2023-03-20,0.5163430280537458,8,12,10.830942199972924
2023-03-27,GAT,reverse,rewired,51,582,2022-10-17,2023-03-13,2023-03-20,14462,1248,1,32,0.2,0.001,0.0001,4,0.5,0.9555966697502313,1.048730964467005,14462,"[2.4128059742774166, 6.181648458027936, 2.785921725902365, 9.943576268842484, 4.431885554667427e-05, 7.491194980054075e-05]","[28.533854569841345, 13.17024103400192, 34.31522183879006, 30.467368478229687, 0.00021187041730465168, 0.00034724922658600294]",2023-03-20,0.4721839509920681,3,7,6.397387099976186
