Week_Start,Model,Seed,Train_First_Week,Train_Last_Week,Validation_Week,Train_Users,Validation_Users,Test_Users,Threshold,Class_0_Weight,Class_1_Weight,Imputation_Class_0_Rate,Recency_Cap,Scaler_Fit_Rows,Scaler_Mean,Scaler_Scale,Selected_Grid_ID,Selected_C,Joint_Validation_Macro_F1,Validation_Macro_F1,Best_Epoch,Epochs_Run,hidden,dropout,lr,weight_decay,heads
2023-01-02,History Logistic,42,2022-10-17,2022-12-19,2022-12-26,4765,587,625,0.5,0.9587525150905433,1.0449561403508771,0.521511017838405,11,4765,"[0.41469045120671566, 0.8583420776495279, 0.5175484469547325, 0.4824515530452675, 1.5542497376705142, 3.8570828961175234]","[0.49266853043874315, 0.348698946637092, 0.41221075431071635, 0.41221075431071635, 1.386732701374098, 3.4180458526225794]",-1,0.01,0.5526118139962688,0.5494275215755633,0,0,NA,NA,NA,NA,NA
2023-01-02,History Logistic,43,2022-10-17,2022-12-19,2022-12-26,4765,587,625,0.5,0.9587525150905433,1.0449561403508771,0.521511017838405,11,4765,"[0.41469045120671566, 0.8583420776495279, 0.5175484469547325, 0.4824515530452675, 1.5542497376705142, 3.8570828961175234]","[0.49266853043874315, 0.348698946637092, 0.41221075431071635, 0.41221075431071635, 1.386732701374098, 3.4180458526225794]",-1,0.01,0.5526118139962688,0.5494275215755633,0,0,NA,NA,NA,NA,NA
2023-01-02,History Logistic,44,2022-10-17,2022-12-19,2022-12-26,4765,587,625,0.5,0.9587525150905433,1.0449561403508771,0.521511017838405,11,4765,"[0.41469045120671566, 0.8583420776495279, 0.5175484469547325, 0.4824515530452675, 1.5542497376705142, 3.8570828961175234]","[0.49266853043874315, 0.348698946637092, 0.41221075431071635, 0.41221075431071635, 1.386732701374098, 3.4180458526225794]",-1,0.01,0.5526118139962688,0.5494275215755633,0,0,NA,NA,NA,NA,NA
2023-01-02,History Logistic,45,2022-10-17,2022-12-19,2022-12-26,4765,587,625,0.5,0.9587525150905433,1.0449561403508771,0.521511017838405,11,4765,"[0.41469045120671566, 0.8583420776495279, 0.5175484469547325, 0.4824515530452675, 1.5542497376705142, 3.8570828961175234]","[0.49266853043874315, 0.348698946637092, 0.41221075431071635, 0.41221075431071635, 1.386732701374098, 3.4180458526225794]",-1,0.01,0.5526118139962688,0.5494275215755633,0,0,NA,NA,NA,NA,NA
2023-01-02,History Logistic,46,2022-10-17,2022-12-19,2022-12-26,4765,587,625,0.5,0.9587525150905433,1.0449561403508771,0.521511017838405,11,4765,"[0.41469045120671566, 0.8583420776495279, 0.5175484469547325, 0.4824515530452675, 1.5542497376705142, 3.8570828961175234]","[0.49266853043874315, 0.348698946637092, 0.41221075431071635, 0.41221075431071635, 1.386732701374098, 3.4180458526225794]",-1,0.01,0.5526118139962688,0.5494275215755633,0,0,NA,NA,NA,NA,NA
2023-01-02,History Logistic,47,2022-10-17,2022-12-19,2022-12-26,4765,587,625,0.5,0.9587525150905433,1.0449561403508771,0.521511017838405,11,4765,"[0.41469045120671566, 0.8583420776495279, 0.5175484469547325, 0.4824515530452675, 1.5542497376705142, 3.8570828961175234]","[0.49266853043874315, 0.348698946637092, 0.41221075431071635, 0.41221075431071635, 1.386732701374098, 3.4180458526225794]",-1,0.01,0.5526118139962688,0.5494275215755633,0,0,NA,NA,NA,NA,NA
2023-01-02,History Logistic,48,2022-10-17,2022-12-19,2022-12-26,4765,587,625,0.5,0.9587525150905433,1.0449561403508771,0.521511017838405,11,4765,"[0.41469045120671566, 0.8583420776495279, 0.5175484469547325, 0.4824515530452675, 1.5542497376705142, 3.8570828961175234]","[0.49266853043874315, 0.348698946637092, 0.41221075431071635, 0.41221075431071635, 1.386732701374098, 3.4180458526225794]",-1,0.01,0.5526118139962688,0.5494275215755633,0,0,NA,NA,NA,NA,NA
2023-01-02,History Logistic,49,2022-10-17,2022-12-19,2022-12-26,4765,587,625,0.5,0.9587525150905433,1.0449561403508771,0.521511017838405,11,4765,"[0.41469045120671566, 0.8583420776495279, 0.5175484469547325, 0.4824515530452675, 1.5542497376705142, 3.8570828961175234]","[0.49266853043874315, 0.348698946637092, 0.41221075431071635, 0.41221075431071635, 1.386732701374098, 3.4180458526225794]",-1,0.01,0.5526118139962688,0.5494275215755633,0,0,NA,NA,NA,NA,NA
2023-01-02,History Logistic,50,2022-10-17,2022-12-19,2022-12-26,4765,587,625,0.5,0.9587525150905433,1.0449561403508771,0.521511017838405,11,4765,"[0.41469045120671566, 0.8583420776495279, 0.5175484469547325, 0.4824515530452675, 1.5542497376705142, 3.8570828961175234]","[0.49266853043874315, 0.348698946637092, 0.41221075431071635, 0.41221075431071635, 1.386732701374098, 3.4180458526225794]",-1,0.01,0.5526118139962688,0.5494275215755633,0,0,NA,NA,NA,NA,NA
2023-01-02,History Logistic,51,2022-10-17,2022-12-19,2022-12-26,4765,587,625,0.5,0.9587525150905433,1.0449561403508771,0.521511017838405,11,4765,"[0.41469045120671566, 0.8583420776495279, 0.5175484469547325, 0.4824515530452675, 1.5542497376705142, 3.8570828961175234]","[0.49266853043874315, 0.348698946637092, 0.41221075431071635, 0.41221075431071635, 1.386732701374098, 3.4180458526225794]",-1,0.01,0.5526118139962688,0.5494275215755633,0,0,NA,NA,NA,NA,NA
2023-01-02,History + Structural MLP,42,2022-10-17,2022-12-19,2022-12-26,4765,587,625,0.5,0.9587525150905433,1.0449561403508771,0.521511017838405,11,4765,"[1.4942287513116475, 5.005876180482686, 1.6579223504721932, 7.117943336831059, 6.886214834649673e-05, 0.00012912224913069946, 0.41469045120671566, 0.8583420776495279, 0.5175484469547325, 0.4824515530452675, 1.5542497376705142, 3.8570828961175234]","[9.772362803971278, 11.062237699992973, 10.893208734015122, 21.41196239116525, 0.00018640981602826277, 0.0005487465854363092, 0.49266853043874315, 0.348698946637092, 0.41221075431071635, 0.41221075431071635, 1.386732701374098, 3.4180458526225794]",1,NA,0.5526118139962688,0.5553456217185745,1,5,32.0,0.2,0.001,0.0001,4.0
2023-01-02,History + Structural MLP,43,2022-10-17,2022-12-19,2022-12-26,4765,587,625,0.5,0.9587525150905433,1.0449561403508771,0.521511017838405,11,4765,"[1.4942287513116475, 5.005876180482686, 1.6579223504721932, 7.117943336831059, 6.886214834649673e-05, 0.00012912224913069946, 0.41469045120671566, 0.8583420776495279, 0.5175484469547325, 0.4824515530452675, 1.5542497376705142, 3.8570828961175234]","[9.772362803971278, 11.062237699992973, 10.893208734015122, 21.41196239116525, 0.00018640981602826277, 0.0005487465854363092, 0.49266853043874315, 0.348698946637092, 0.41221075431071635, 0.41221075431071635, 1.386732701374098, 3.4180458526225794]",1,NA,0.5526118139962688,0.5601898101898102,9,13,32.0,0.2,0.001,0.0001,4.0
2023-01-02,History + Structural MLP,44,2022-10-17,2022-12-19,2022-12-26,4765,587,625,0.5,0.9587525150905433,1.0449561403508771,0.521511017838405,11,4765,"[1.4942287513116475, 5.005876180482686, 1.6579223504721932, 7.117943336831059, 6.886214834649673e-05, 0.00012912224913069946, 0.41469045120671566, 0.8583420776495279, 0.5175484469547325, 0.4824515530452675, 1.5542497376705142, 3.8570828961175234]","[9.772362803971278, 11.062237699992973, 10.893208734015122, 21.41196239116525, 0.00018640981602826277, 0.0005487465854363092, 0.49266853043874315, 0.348698946637092, 0.41221075431071635, 0.41221075431071635, 1.386732701374098, 3.4180458526225794]",1,NA,0.5526118139962688,0.5466891954663693,5,9,32.0,0.2,0.001,0.0001,4.0
2023-01-02,History + Structural MLP,45,2022-10-17,2022-12-19,2022-12-26,4765,587,625,0.5,0.9587525150905433,1.0449561403508771,0.521511017838405,11,4765,"[1.4942287513116475, 5.005876180482686, 1.6579223504721932, 7.117943336831059, 6.886214834649673e-05, 0.00012912224913069946, 0.41469045120671566, 0.8583420776495279, 0.5175484469547325, 0.4824515530452675, 1.5542497376705142, 3.8570828961175234]","[9.772362803971278, 11.062237699992973, 10.893208734015122, 21.41196239116525, 0.00018640981602826277, 0.0005487465854363092, 0.49266853043874315, 0.348698946637092, 0.41221075431071635, 0.41221075431071635, 1.386732701374098, 3.4180458526225794]",1,NA,0.5526118139962688,0.5570582772231252,8,12,32.0,0.2,0.001,0.0001,4.0
2023-01-02,History + Structural MLP,46,2022-10-17,2022-12-19,2022-12-26,4765,587,625,0.5,0.9587525150905433,1.0449561403508771,0.521511017838405,11,4765,"[1.4942287513116475, 5.005876180482686, 1.6579223504721932, 7.117943336831059, 6.886214834649673e-05, 0.00012912224913069946, 0.41469045120671566, 0.8583420776495279, 0.5175484469547325, 0.4824515530452675, 1.5542497376705142, 3.8570828961175234]","[9.772362803971278, 11.062237699992973, 10.893208734015122, 21.41196239116525, 0.00018640981602826277, 0.0005487465854363092, 0.49266853043874315, 0.348698946637092, 0.41221075431071635, 0.41221075431071635, 1.386732701374098, 3.4180458526225794]",1,NA,0.5526118139962688,0.5600160368149492,14,18,32.0,0.2,0.001,0.0001,4.0
2023-01-02,History + Structural MLP,47,2022-10-17,2022-12-19,2022-12-26,4765,587,625,0.5,0.9587525150905433,1.0449561403508771,0.521511017838405,11,4765,"[1.4942287513116475, 5.005876180482686, 1.6579223504721932, 7.117943336831059, 6.886214834649673e-05, 0.00012912224913069946, 0.41469045120671566, 0.8583420776495279, 0.5175484469547325, 0.4824515530452675, 1.5542497376705142, 3.8570828961175234]","[9.772362803971278, 11.062237699992973, 10.893208734015122, 21.41196239116525, 0.00018640981602826277, 0.0005487465854363092, 0.49266853043874315, 0.348698946637092, 0.41221075431071635, 0.41221075431071635, 1.386732701374098, 3.4180458526225794]",1,NA,0.5526118139962688,0.5412626261148007,7,11,32.0,0.2,0.001,0.0001,4.0
2023-01-02,History + Structural MLP,48,2022-10-17,2022-12-19,2022-12-26,4765,587,625,0.5,0.9587525150905433,1.0449561403508771,0.521511017838405,11,4765,"[1.4942287513116475, 5.005876180482686, 1.6579223504721932, 7.117943336831059, 6.886214834649673e-05, 0.00012912224913069946, 0.41469045120671566, 0.8583420776495279, 0.5175484469547325, 0.4824515530452675, 1.5542497376705142, 3.8570828961175234]","[9.772362803971278, 11.062237699992973, 10.893208734015122, 21.41196239116525, 0.00018640981602826277, 0.0005487465854363092, 0.49266853043874315, 0.348698946637092, 0.41221075431071635, 0.41221075431071635, 1.386732701374098, 3.4180458526225794]",1,NA,0.5526118139962688,0.5281350482315113,2,6,32.0,0.2,0.001,0.0001,4.0
2023-01-02,History + Structural MLP,49,2022-10-17,2022-12-19,2022-12-26,4765,587,625,0.5,0.9587525150905433,1.0449561403508771,0.521511017838405,11,4765,"[1.4942287513116475, 5.005876180482686, 1.6579223504721932, 7.117943336831059, 6.886214834649673e-05, 0.00012912224913069946, 0.41469045120671566, 0.8583420776495279, 0.5175484469547325, 0.4824515530452675, 1.5542497376705142, 3.8570828961175234]","[9.772362803971278, 11.062237699992973, 10.893208734015122, 21.41196239116525, 0.00018640981602826277, 0.0005487465854363092, 0.49266853043874315, 0.348698946637092, 0.41221075431071635, 0.41221075431071635, 1.386732701374098, 3.4180458526225794]",1,NA,0.5526118139962688,0.5570582772231252,11,15,32.0,0.2,0.001,0.0001,4.0
2023-01-02,History + Structural MLP,50,2022-10-17,2022-12-19,2022-12-26,4765,587,625,0.5,0.9587525150905433,1.0449561403508771,0.521511017838405,11,4765,"[1.4942287513116475, 5.005876180482686, 1.6579223504721932, 7.117943336831059, 6.886214834649673e-05, 0.00012912224913069946, 0.41469045120671566, 0.8583420776495279, 0.5175484469547325, 0.4824515530452675, 1.5542497376705142, 3.8570828961175234]","[9.772362803971278, 11.062237699992973, 10.893208734015122, 21.41196239116525, 0.00018640981602826277, 0.0005487465854363092, 0.49266853043874315, 0.348698946637092, 0.41221075431071635, 0.41221075431071635, 1.386732701374098, 3.4180458526225794]",1,NA,0.5526118139962688,0.5553456217185745,4,8,32.0,0.2,0.001,0.0001,4.0
2023-01-02,History + Structural MLP,51,2022-10-17,2022-12-19,2022-12-26,4765,587,625,0.5,0.9587525150905433,1.0449561403508771,0.521511017838405,11,4765,"[1.4942287513116475, 5.005876180482686, 1.6579223504721932, 7.117943336831059, 6.886214834649673e-05, 0.00012912224913069946, 0.41469045120671566, 0.8583420776495279, 0.5175484469547325, 0.4824515530452675, 1.5542497376705142, 3.8570828961175234]","[9.772362803971278, 11.062237699992973, 10.893208734015122, 21.41196239116525, 0.00018640981602826277, 0.0005487465854363092, 0.49266853043874315, 0.348698946637092, 0.41221075431071635, 0.41221075431071635, 1.386732701374098, 3.4180458526225794]",1,NA,0.5526118139962688,0.5621348317867955,14,18,32.0,0.2,0.001,0.0001,4.0
2023-01-02,History + Reversed GAT,42,2022-10-17,2022-12-19,2022-12-26,4765,587,625,0.5,0.9587525150905433,1.0449561403508771,0.521511017838405,11,4765,"[1.4942287513116475, 5.005876180482686, 1.6579223504721932, 7.117943336831059, 6.886214834649673e-05, 0.00012912224913069946, 0.41469045120671566, 0.8583420776495279, 0.5175484469547325, 0.4824515530452675, 1.5542497376705142, 3.8570828961175234]","[9.772362803971278, 11.062237699992973, 10.893208734015122, 21.41196239116525, 0.00018640981602826277, 0.0005487465854363092, 0.49266853043874315, 0.348698946637092, 0.41221075431071635, 0.41221075431071635, 1.386732701374098, 3.4180458526225794]",1,NA,0.5526118139962688,0.549878006273963,13,17,32.0,0.2,0.001,0.0001,4.0
2023-01-02,History + Reversed GAT,43,2022-10-17,2022-12-19,2022-12-26,4765,587,625,0.5,0.9587525150905433,1.0449561403508771,0.521511017838405,11,4765,"[1.4942287513116475, 5.005876180482686, 1.6579223504721932, 7.117943336831059, 6.886214834649673e-05, 0.00012912224913069946, 0.41469045120671566, 0.8583420776495279, 0.5175484469547325, 0.4824515530452675, 1.5542497376705142, 3.8570828961175234]","[9.772362803971278, 11.062237699992973, 10.893208734015122, 21.41196239116525, 0.00018640981602826277, 0.0005487465854363092, 0.49266853043874315, 0.348698946637092, 0.41221075431071635, 0.41221075431071635, 1.386732701374098, 3.4180458526225794]",1,NA,0.5526118139962688,0.49835014836795255,7,11,32.0,0.2,0.001,0.0001,4.0
2023-01-02,History + Reversed GAT,44,2022-10-17,2022-12-19,2022-12-26,4765,587,625,0.5,0.9587525150905433,1.0449561403508771,0.521511017838405,11,4765,"[1.4942287513116475, 5.005876180482686, 1.6579223504721932, 7.117943336831059, 6.886214834649673e-05, 0.00012912224913069946, 0.41469045120671566, 0.8583420776495279, 0.5175484469547325, 0.4824515530452675, 1.5542497376705142, 3.8570828961175234]","[9.772362803971278, 11.062237699992973, 10.893208734015122, 21.41196239116525, 0.00018640981602826277, 0.0005487465854363092, 0.49266853043874315, 0.348698946637092, 0.41221075431071635, 0.41221075431071635, 1.386732701374098, 3.4180458526225794]",1,NA,0.5526118139962688,0.5331736826585411,1,5,32.0,0.2,0.001,0.0001,4.0
2023-01-02,History + Reversed GAT,45,2022-10-17,2022-12-19,2022-12-26,4765,587,625,0.5,0.9587525150905433,1.0449561403508771,0.521511017838405,11,4765,"[1.4942287513116475, 5.005876180482686, 1.6579223504721932, 7.117943336831059, 6.886214834649673e-05, 0.00012912224913069946, 0.41469045120671566, 0.8583420776495279, 0.5175484469547325, 0.4824515530452675, 1.5542497376705142, 3.8570828961175234]","[9.772362803971278, 11.062237699992973, 10.893208734015122, 21.41196239116525, 0.00018640981602826277, 0.0005487465854363092, 0.49266853043874315, 0.348698946637092, 0.41221075431071635, 0.41221075431071635, 1.386732701374098, 3.4180458526225794]",1,NA,0.5526118139962688,0.5153048170632428,1,5,32.0,0.2,0.001,0.0001,4.0
2023-01-02,History + Reversed GAT,46,2022-10-17,2022-12-19,2022-12-26,4765,587,625,0.5,0.9587525150905433,1.0449561403508771,0.521511017838405,11,4765,"[1.4942287513116475, 5.005876180482686, 1.6579223504721932, 7.117943336831059, 6.886214834649673e-05, 0.00012912224913069946, 0.41469045120671566, 0.8583420776495279, 0.5175484469547325, 0.4824515530452675, 1.5542497376705142, 3.8570828961175234]","[9.772362803971278, 11.062237699992973, 10.893208734015122, 21.41196239116525, 0.00018640981602826277, 0.0005487465854363092, 0.49266853043874315, 0.348698946637092, 0.41221075431071635, 0.41221075431071635, 1.386732701374098, 3.4180458526225794]",1,NA,0.5526118139962688,0.5296474358974359,9,13,32.0,0.2,0.001,0.0001,4.0
2023-01-02,History + Reversed GAT,47,2022-10-17,2022-12-19,2022-12-26,4765,587,625,0.5,0.9587525150905433,1.0449561403508771,0.521511017838405,11,4765,"[1.4942287513116475, 5.005876180482686, 1.6579223504721932, 7.117943336831059, 6.886214834649673e-05, 0.00012912224913069946, 0.41469045120671566, 0.8583420776495279, 0.5175484469547325, 0.4824515530452675, 1.5542497376705142, 3.8570828961175234]","[9.772362803971278, 11.062237699992973, 10.893208734015122, 21.41196239116525, 0.00018640981602826277, 0.0005487465854363092, 0.49266853043874315, 0.348698946637092, 0.41221075431071635, 0.41221075431071635, 1.386732701374098, 3.4180458526225794]",1,NA,0.5526118139962688,0.5327345639146304,14,18,32.0,0.2,0.001,0.0001,4.0
2023-01-02,History + Reversed GAT,48,2022-10-17,2022-12-19,2022-12-26,4765,587,625,0.5,0.9587525150905433,1.0449561403508771,0.521511017838405,11,4765,"[1.4942287513116475, 5.005876180482686, 1.6579223504721932, 7.117943336831059, 6.886214834649673e-05, 0.00012912224913069946, 0.41469045120671566, 0.8583420776495279, 0.5175484469547325, 0.4824515530452675, 1.5542497376705142, 3.8570828961175234]","[9.772362803971278, 11.062237699992973, 10.893208734015122, 21.41196239116525, 0.00018640981602826277, 0.0005487465854363092, 0.49266853043874315, 0.348698946637092, 0.41221075431071635, 0.41221075431071635, 1.386732701374098, 3.4180458526225794]",1,NA,0.5526118139962688,0.5110742913438717,4,8,32.0,0.2,0.001,0.0001,4.0
2023-01-02,History + Reversed GAT,49,2022-10-17,2022-12-19,2022-12-26,4765,587,625,0.5,0.9587525150905433,1.0449561403508771,0.521511017838405,11,4765,"[1.4942287513116475, 5.005876180482686, 1.6579223504721932, 7.117943336831059, 6.886214834649673e-05, 0.00012912224913069946, 0.41469045120671566, 0.8583420776495279, 0.5175484469547325, 0.4824515530452675, 1.5542497376705142, 3.8570828961175234]","[9.772362803971278, 11.062237699992973, 10.893208734015122, 21.41196239116525, 0.00018640981602826277, 0.0005487465854363092, 0.49266853043874315, 0.348698946637092, 0.41221075431071635, 0.41221075431071635, 1.386732701374098, 3.4180458526225794]",1,NA,0.5526118139962688,0.5504936264461252,8,12,32.0,0.2,0.001,0.0001,4.0
2023-01-02,History + Reversed GAT,50,2022-10-17,2022-12-19,2022-12-26,4765,587,625,0.5,0.9587525150905433,1.0449561403508771,0.521511017838405,11,4765,"[1.4942287513116475, 5.005876180482686, 1.6579223504721932, 7.117943336831059, 6.886214834649673e-05, 0.00012912224913069946, 0.41469045120671566, 0.8583420776495279, 0.5175484469547325, 0.4824515530452675, 1.5542497376705142, 3.8570828961175234]","[9.772362803971278, 11.062237699992973, 10.893208734015122, 21.41196239116525, 0.00018640981602826277, 0.0005487465854363092, 0.49266853043874315, 0.348698946637092, 0.41221075431071635, 0.41221075431071635, 1.386732701374098, 3.4180458526225794]",1,NA,0.5526118139962688,0.5562485235057879,11,15,32.0,0.2,0.001,0.0001,4.0
2023-01-02,History + Reversed GAT,51,2022-10-17,2022-12-19,2022-12-26,4765,587,625,0.5,0.9587525150905433,1.0449561403508771,0.521511017838405,11,4765,"[1.4942287513116475, 5.005876180482686, 1.6579223504721932, 7.117943336831059, 6.886214834649673e-05, 0.00012912224913069946, 0.41469045120671566, 0.8583420776495279, 0.5175484469547325, 0.4824515530452675, 1.5542497376705142, 3.8570828961175234]","[9.772362803971278, 11.062237699992973, 10.893208734015122, 21.41196239116525, 0.00018640981602826277, 0.0005487465854363092, 0.49266853043874315, 0.348698946637092, 0.41221075431071635, 0.41221075431071635, 1.386732701374098, 3.4180458526225794]",1,NA,0.5526118139962688,0.5308746444773523,1,5,32.0,0.2,0.001,0.0001,4.0
2023-01-02,History + Forward GAT,42,2022-10-17,2022-12-19,2022-12-26,4765,587,625,0.5,0.9587525150905433,1.0449561403508771,0.521511017838405,11,4765,"[1.4942287513116475, 5.005876180482686, 1.6579223504721932, 7.117943336831059, 6.886214834649673e-05, 0.00012912224913069946, 0.41469045120671566, 0.8583420776495279, 0.5175484469547325, 0.4824515530452675, 1.5542497376705142, 3.8570828961175234]","[9.772362803971278, 11.062237699992973, 10.893208734015122, 21.41196239116525, 0.00018640981602826277, 0.0005487465854363092, 0.49266853043874315, 0.348698946637092, 0.41221075431071635, 0.41221075431071635, 1.386732701374098, 3.4180458526225794]",1,NA,0.5526118139962688,0.551875879885633,14,18,32.0,0.2,0.001,0.0001,4.0
2023-01-02,History + Forward GAT,43,2022-10-17,2022-12-19,2022-12-26,4765,587,625,0.5,0.9587525150905433,1.0449561403508771,0.521511017838405,11,4765,"[1.4942287513116475, 5.005876180482686, 1.6579223504721932, 7.117943336831059, 6.886214834649673e-05, 0.00012912224913069946, 0.41469045120671566, 0.8583420776495279, 0.5175484469547325, 0.4824515530452675, 1.5542497376705142, 3.8570828961175234]","[9.772362803971278, 11.062237699992973, 10.893208734015122, 21.41196239116525, 0.00018640981602826277, 0.0005487465854363092, 0.49266853043874315, 0.348698946637092, 0.41221075431071635, 0.41221075431071635, 1.386732701374098, 3.4180458526225794]",1,NA,0.5526118139962688,0.5432808435525827,7,11,32.0,0.2,0.001,0.0001,4.0
2023-01-02,History + Forward GAT,44,2022-10-17,2022-12-19,2022-12-26,4765,587,625,0.5,0.9587525150905433,1.0449561403508771,0.521511017838405,11,4765,"[1.4942287513116475, 5.005876180482686, 1.6579223504721932, 7.117943336831059, 6.886214834649673e-05, 0.00012912224913069946, 0.41469045120671566, 0.8583420776495279, 0.5175484469547325, 0.4824515530452675, 1.5542497376705142, 3.8570828961175234]","[9.772362803971278, 11.062237699992973, 10.893208734015122, 21.41196239116525, 0.00018640981602826277, 0.0005487465854363092, 0.49266853043874315, 0.348698946637092, 0.41221075431071635, 0.41221075431071635, 1.386732701374098, 3.4180458526225794]",1,NA,0.5526118139962688,0.5428561465501209,3,7,32.0,0.2,0.001,0.0001,4.0
2023-01-02,History + Forward GAT,45,2022-10-17,2022-12-19,2022-12-26,4765,587,625,0.5,0.9587525150905433,1.0449561403508771,0.521511017838405,11,4765,"[1.4942287513116475, 5.005876180482686, 1.6579223504721932, 7.117943336831059, 6.886214834649673e-05, 0.00012912224913069946, 0.41469045120671566, 0.8583420776495279, 0.5175484469547325, 0.4824515530452675, 1.5542497376705142, 3.8570828961175234]","[9.772362803971278, 11.062237699992973, 10.893208734015122, 21.41196239116525, 0.00018640981602826277, 0.0005487465854363092, 0.49266853043874315, 0.348698946637092, 0.41221075431071635, 0.41221075431071635, 1.386732701374098, 3.4180458526225794]",1,NA,0.5526118139962688,0.5553456217185745,13,17,32.0,0.2,0.001,0.0001,4.0
2023-01-02,History + Forward GAT,46,2022-10-17,2022-12-19,2022-12-26,4765,587,625,0.5,0.9587525150905433,1.0449561403508771,0.521511017838405,11,4765,"[1.4942287513116475, 5.005876180482686, 1.6579223504721932, 7.117943336831059, 6.886214834649673e-05, 0.00012912224913069946, 0.41469045120671566, 0.8583420776495279, 0.5175484469547325, 0.4824515530452675, 1.5542497376705142, 3.8570828961175234]","[9.772362803971278, 11.062237699992973, 10.893208734015122, 21.41196239116525, 0.00018640981602826277, 0.0005487465854363092, 0.49266853043874315, 0.348698946637092, 0.41221075431071635, 0.41221075431071635, 1.386732701374098, 3.4180458526225794]",1,NA,0.5526118139962688,0.5544922403189364,10,14,32.0,0.2,0.001,0.0001,4.0
2023-01-02,History + Forward GAT,47,2022-10-17,2022-12-19,2022-12-26,4765,587,625,0.5,0.9587525150905433,1.0449561403508771,0.521511017838405,11,4765,"[1.4942287513116475, 5.005876180482686, 1.6579223504721932, 7.117943336831059, 6.886214834649673e-05, 0.00012912224913069946, 0.41469045120671566, 0.8583420776495279, 0.5175484469547325, 0.4824515530452675, 1.5542497376705142, 3.8570828961175234]","[9.772362803971278, 11.062237699992973, 10.893208734015122, 21.41196239116525, 0.00018640981602826277, 0.0005487465854363092, 0.49266853043874315, 0.348698946637092, 0.41221075431071635, 0.41221075431071635, 1.386732701374098, 3.4180458526225794]",1,NA,0.5526118139962688,0.5425348646431501,9,13,32.0,0.2,0.001,0.0001,4.0
2023-01-02,History + Forward GAT,48,2022-10-17,2022-12-19,2022-12-26,4765,587,625,0.5,0.9587525150905433,1.0449561403508771,0.521511017838405,11,4765,"[1.4942287513116475, 5.005876180482686, 1.6579223504721932, 7.117943336831059, 6.886214834649673e-05, 0.00012912224913069946, 0.41469045120671566, 0.8583420776495279, 0.5175484469547325, 0.4824515530452675, 1.5542497376705142, 3.8570828961175234]","[9.772362803971278, 11.062237699992973, 10.893208734015122, 21.41196239116525, 0.00018640981602826277, 0.0005487465854363092, 0.49266853043874315, 0.348698946637092, 0.41221075431071635, 0.41221075431071635, 1.386732701374098, 3.4180458526225794]",1,NA,0.5526118139962688,0.5251932381961905,5,9,32.0,0.2,0.001,0.0001,4.0
2023-01-02,History + Forward GAT,49,2022-10-17,2022-12-19,2022-12-26,4765,587,625,0.5,0.9587525150905433,1.0449561403508771,0.521511017838405,11,4765,"[1.4942287513116475, 5.005876180482686, 1.6579223504721932, 7.117943336831059, 6.886214834649673e-05, 0.00012912224913069946, 0.41469045120671566, 0.8583420776495279, 0.5175484469547325, 0.4824515530452675, 1.5542497376705142, 3.8570828961175234]","[9.772362803971278, 11.062237699992973, 10.893208734015122, 21.41196239116525, 0.00018640981602826277, 0.0005487465854363092, 0.49266853043874315, 0.348698946637092, 0.41221075431071635, 0.41221075431071635, 1.386732701374098, 3.4180458526225794]",1,NA,0.5526118139962688,0.539551666434249,6,10,32.0,0.2,0.001,0.0001,4.0
2023-01-02,History + Forward GAT,50,2022-10-17,2022-12-19,2022-12-26,4765,587,625,0.5,0.9587525150905433,1.0449561403508771,0.521511017838405,11,4765,"[1.4942287513116475, 5.005876180482686, 1.6579223504721932, 7.117943336831059, 6.886214834649673e-05, 0.00012912224913069946, 0.41469045120671566, 0.8583420776495279, 0.5175484469547325, 0.4824515530452675, 1.5542497376705142, 3.8570828961175234]","[9.772362803971278, 11.062237699992973, 10.893208734015122, 21.41196239116525, 0.00018640981602826277, 0.0005487465854363092, 0.49266853043874315, 0.348698946637092, 0.41221075431071635, 0.41221075431071635, 1.386732701374098, 3.4180458526225794]",1,NA,0.5526118139962688,0.5536303055632953,11,15,32.0,0.2,0.001,0.0001,4.0
2023-01-02,History + Forward GAT,51,2022-10-17,2022-12-19,2022-12-26,4765,587,625,0.5,0.9587525150905433,1.0449561403508771,0.521511017838405,11,4765,"[1.4942287513116475, 5.005876180482686, 1.6579223504721932, 7.117943336831059, 6.886214834649673e-05, 0.00012912224913069946, 0.41469045120671566, 0.8583420776495279, 0.5175484469547325, 0.4824515530452675, 1.5542497376705142, 3.8570828961175234]","[9.772362803971278, 11.062237699992973, 10.893208734015122, 21.41196239116525, 0.00018640981602826277, 0.0005487465854363092, 0.49266853043874315, 0.348698946637092, 0.41221075431071635, 0.41221075431071635, 1.386732701374098, 3.4180458526225794]",1,NA,0.5526118139962688,0.5587529349621103,18,22,32.0,0.2,0.001,0.0001,4.0
2022-12-19,History Logistic,42,2022-10-17,2022-12-05,2022-12-12,3551,615,599,0.5,0.9638979370249728,1.0389116442363955,0.5187271191213743,9,3551,"[0.41199662067023374, 0.8493382145874402, 0.5126942669848724, 0.48730573301512753, 1.3970712475359053, 3.3714446634750774]","[0.4921944790695395, 0.3577189005753842, 0.41723803567229606, 0.41723803567229606, 1.1604737791070872, 2.803679869012658]",-1,0.1,0.5528899806373916,0.5286775424455497,0,0,NA,NA,NA,NA,NA
2022-12-19,History Logistic,43,2022-10-17,2022-12-05,2022-12-12,3551,615,599,0.5,0.9638979370249728,1.0389116442363955,0.5187271191213743,9,3551,"[0.41199662067023374, 0.8493382145874402, 0.5126942669848724, 0.48730573301512753, 1.3970712475359053, 3.3714446634750774]","[0.4921944790695395, 0.3577189005753842, 0.41723803567229606, 0.41723803567229606, 1.1604737791070872, 2.803679869012658]",-1,0.1,0.5528899806373916,0.5286775424455497,0,0,NA,NA,NA,NA,NA
2022-12-19,History Logistic,44,2022-10-17,2022-12-05,2022-12-12,3551,615,599,0.5,0.9638979370249728,1.0389116442363955,0.5187271191213743,9,3551,"[0.41199662067023374, 0.8493382145874402, 0.5126942669848724, 0.48730573301512753, 1.3970712475359053, 3.3714446634750774]","[0.4921944790695395, 0.3577189005753842, 0.41723803567229606, 0.41723803567229606, 1.1604737791070872, 2.803679869012658]",-1,0.1,0.5528899806373916,0.5286775424455497,0,0,NA,NA,NA,NA,NA
2022-12-19,History Logistic,45,2022-10-17,2022-12-05,2022-12-12,3551,615,599,0.5,0.9638979370249728,1.0389116442363955,0.5187271191213743,9,3551,"[0.41199662067023374, 0.8493382145874402, 0.5126942669848724, 0.48730573301512753, 1.3970712475359053, 3.3714446634750774]","[0.4921944790695395, 0.3577189005753842, 0.41723803567229606, 0.41723803567229606, 1.1604737791070872, 2.803679869012658]",-1,0.1,0.5528899806373916,0.5286775424455497,0,0,NA,NA,NA,NA,NA
2022-12-19,History Logistic,46,2022-10-17,2022-12-05,2022-12-12,3551,615,599,0.5,0.9638979370249728,1.0389116442363955,0.5187271191213743,9,3551,"[0.41199662067023374, 0.8493382145874402, 0.5126942669848724, 0.48730573301512753, 1.3970712475359053, 3.3714446634750774]","[0.4921944790695395, 0.3577189005753842, 0.41723803567229606, 0.41723803567229606, 1.1604737791070872, 2.803679869012658]",-1,0.1,0.5528899806373916,0.5286775424455497,0,0,NA,NA,NA,NA,NA
2022-12-19,History Logistic,47,2022-10-17,2022-12-05,2022-12-12,3551,615,599,0.5,0.9638979370249728,1.0389116442363955,0.5187271191213743,9,3551,"[0.41199662067023374, 0.8493382145874402, 0.5126942669848724, 0.48730573301512753, 1.3970712475359053, 3.3714446634750774]","[0.4921944790695395, 0.3577189005753842, 0.41723803567229606, 0.41723803567229606, 1.1604737791070872, 2.803679869012658]",-1,0.1,0.5528899806373916,0.5286775424455497,0,0,NA,NA,NA,NA,NA
2022-12-19,History Logistic,48,2022-10-17,2022-12-05,2022-12-12,3551,615,599,0.5,0.9638979370249728,1.0389116442363955,0.5187271191213743,9,3551,"[0.41199662067023374, 0.8493382145874402, 0.5126942669848724, 0.48730573301512753, 1.3970712475359053, 3.3714446634750774]","[0.4921944790695395, 0.3577189005753842, 0.41723803567229606, 0.41723803567229606, 1.1604737791070872, 2.803679869012658]",-1,0.1,0.5528899806373916,0.5286775424455497,0,0,NA,NA,NA,NA,NA
2022-12-19,History Logistic,49,2022-10-17,2022-12-05,2022-12-12,3551,615,599,0.5,0.9638979370249728,1.0389116442363955,0.5187271191213743,9,3551,"[0.41199662067023374, 0.8493382145874402, 0.5126942669848724, 0.48730573301512753, 1.3970712475359053, 3.3714446634750774]","[0.4921944790695395, 0.3577189005753842, 0.41723803567229606, 0.41723803567229606, 1.1604737791070872, 2.803679869012658]",-1,0.1,0.5528899806373916,0.5286775424455497,0,0,NA,NA,NA,NA,NA
2022-12-19,History Logistic,50,2022-10-17,2022-12-05,2022-12-12,3551,615,599,0.5,0.9638979370249728,1.0389116442363955,0.5187271191213743,9,3551,"[0.41199662067023374, 0.8493382145874402, 0.5126942669848724, 0.48730573301512753, 1.3970712475359053, 3.3714446634750774]","[0.4921944790695395, 0.3577189005753842, 0.41723803567229606, 0.41723803567229606, 1.1604737791070872, 2.803679869012658]",-1,0.1,0.5528899806373916,0.5286775424455497,0,0,NA,NA,NA,NA,NA
2022-12-19,History Logistic,51,2022-10-17,2022-12-05,2022-12-12,3551,615,599,0.5,0.9638979370249728,1.0389116442363955,0.5187271191213743,9,3551,"[0.41199662067023374, 0.8493382145874402, 0.5126942669848724, 0.48730573301512753, 1.3970712475359053, 3.3714446634750774]","[0.4921944790695395, 0.3577189005753842, 0.41723803567229606, 0.41723803567229606, 1.1604737791070872, 2.803679869012658]",-1,0.1,0.5528899806373916,0.5286775424455497,0,0,NA,NA,NA,NA,NA
2022-12-19,History + Structural MLP,42,2022-10-17,2022-12-05,2022-12-12,3551,615,599,0.5,0.9638979370249728,1.0389116442363955,0.5187271191213743,9,3551,"[1.3503238524359336, 4.7947057166995215, 1.4742326105322445, 6.701492537313433, 7.778009349372606e-05, 0.00015170659770589147, 0.41199662067023374, 0.8493382145874402, 0.5126942669848724, 0.48730573301512753, 1.3970712475359053, 3.3714446634750774]","[8.043219587762692, 10.9911684737231, 8.826041705612155, 20.912024099213742, 0.0001773667178472415, 0.0006235663785255667, 0.4921944790695395, 0.3577189005753842, 0.41723803567229606, 0.41723803567229606, 1.1604737791070872, 2.803679869012658]",0,NA,0.5528899806373916,0.5666444147752558,19,23,16.0,0.0,0.001,0.0,2.0
2022-12-19,History + Structural MLP,43,2022-10-17,2022-12-05,2022-12-12,3551,615,599,0.5,0.9638979370249728,1.0389116442363955,0.5187271191213743,9,3551,"[1.3503238524359336, 4.7947057166995215, 1.4742326105322445, 6.701492537313433, 7.778009349372606e-05, 0.00015170659770589147, 0.41199662067023374, 0.8493382145874402, 0.5126942669848724, 0.48730573301512753, 1.3970712475359053, 3.3714446634750774]","[8.043219587762692, 10.9911684737231, 8.826041705612155, 20.912024099213742, 0.0001773667178472415, 0.0006235663785255667, 0.4921944790695395, 0.3577189005753842, 0.41723803567229606, 0.41723803567229606, 1.1604737791070872, 2.803679869012658]",0,NA,0.5528899806373916,0.5625970001665692,11,15,16.0,0.0,0.001,0.0,2.0
2022-12-19,History + Structural MLP,44,2022-10-17,2022-12-05,2022-12-12,3551,615,599,0.5,0.9638979370249728,1.0389116442363955,0.5187271191213743,9,3551,"[1.3503238524359336, 4.7947057166995215, 1.4742326105322445, 6.701492537313433, 7.778009349372606e-05, 0.00015170659770589147, 0.41199662067023374, 0.8493382145874402, 0.5126942669848724, 0.48730573301512753, 1.3970712475359053, 3.3714446634750774]","[8.043219587762692, 10.9911684737231, 8.826041705612155, 20.912024099213742, 0.0001773667178472415, 0.0006235663785255667, 0.4921944790695395, 0.3577189005753842, 0.41723803567229606, 0.41723803567229606, 1.1604737791070872, 2.803679869012658]",0,NA,0.5528899806373916,0.5787773864408523,10,14,16.0,0.0,0.001,0.0,2.0
2022-12-19,History + Structural MLP,45,2022-10-17,2022-12-05,2022-12-12,3551,615,599,0.5,0.9638979370249728,1.0389116442363955,0.5187271191213743,9,3551,"[1.3503238524359336, 4.7947057166995215, 1.4742326105322445, 6.701492537313433, 7.778009349372606e-05, 0.00015170659770589147, 0.41199662067023374, 0.8493382145874402, 0.5126942669848724, 0.48730573301512753, 1.3970712475359053, 3.3714446634750774]","[8.043219587762692, 10.9911684737231, 8.826041705612155, 20.912024099213742, 0.0001773667178472415, 0.0006235663785255667, 0.4921944790695395, 0.3577189005753842, 0.41723803567229606, 0.41723803567229606, 1.1604737791070872, 2.803679869012658]",0,NA,0.5528899806373916,0.5495887325135305,10,14,16.0,0.0,0.001,0.0,2.0
2022-12-19,History + Structural MLP,46,2022-10-17,2022-12-05,2022-12-12,3551,615,599,0.5,0.9638979370249728,1.0389116442363955,0.5187271191213743,9,3551,"[1.3503238524359336, 4.7947057166995215, 1.4742326105322445, 6.701492537313433, 7.778009349372606e-05, 0.00015170659770589147, 0.41199662067023374, 0.8493382145874402, 0.5126942669848724, 0.48730573301512753, 1.3970712475359053, 3.3714446634750774]","[8.043219587762692, 10.9911684737231, 8.826041705612155, 20.912024099213742, 0.0001773667178472415, 0.0006235663785255667, 0.4921944790695395, 0.3577189005753842, 0.41723803567229606, 0.41723803567229606, 1.1604737791070872, 2.803679869012658]",0,NA,0.5528899806373916,0.5615583383025243,15,19,16.0,0.0,0.001,0.0,2.0
2022-12-19,History + Structural MLP,47,2022-10-17,2022-12-05,2022-12-12,3551,615,599,0.5,0.9638979370249728,1.0389116442363955,0.5187271191213743,9,3551,"[1.3503238524359336, 4.7947057166995215, 1.4742326105322445, 6.701492537313433, 7.778009349372606e-05, 0.00015170659770589147, 0.41199662067023374, 0.8493382145874402, 0.5126942669848724, 0.48730573301512753, 1.3970712475359053, 3.3714446634750774]","[8.043219587762692, 10.9911684737231, 8.826041705612155, 20.912024099213742, 0.0001773667178472415, 0.0006235663785255667, 0.4921944790695395, 0.3577189005753842, 0.41723803567229606, 0.41723803567229606, 1.1604737791070872, 2.803679869012658]",0,NA,0.5528899806373916,0.5583964512148418,14,18,16.0,0.0,0.001,0.0,2.0
2022-12-19,History + Structural MLP,48,2022-10-17,2022-12-05,2022-12-12,3551,615,599,0.5,0.9638979370249728,1.0389116442363955,0.5187271191213743,9,3551,"[1.3503238524359336, 4.7947057166995215, 1.4742326105322445, 6.701492537313433, 7.778009349372606e-05, 0.00015170659770589147, 0.41199662067023374, 0.8493382145874402, 0.5126942669848724, 0.48730573301512753, 1.3970712475359053, 3.3714446634750774]","[8.043219587762692, 10.9911684737231, 8.826041705612155, 20.912024099213742, 0.0001773667178472415, 0.0006235663785255667, 0.4921944790695395, 0.3577189005753842, 0.41723803567229606, 0.41723803567229606, 1.1604737791070872, 2.803679869012658]",0,NA,0.5528899806373916,0.5638113183579276,10,14,16.0,0.0,0.001,0.0,2.0
2022-12-19,History + Structural MLP,49,2022-10-17,2022-12-05,2022-12-12,3551,615,599,0.5,0.9638979370249728,1.0389116442363955,0.5187271191213743,9,3551,"[1.3503238524359336, 4.7947057166995215, 1.4742326105322445, 6.701492537313433, 7.778009349372606e-05, 0.00015170659770589147, 0.41199662067023374, 0.8493382145874402, 0.5126942669848724, 0.48730573301512753, 1.3970712475359053, 3.3714446634750774]","[8.043219587762692, 10.9911684737231, 8.826041705612155, 20.912024099213742, 0.0001773667178472415, 0.0006235663785255667, 0.4921944790695395, 0.3577189005753842, 0.41723803567229606, 0.41723803567229606, 1.1604737791070872, 2.803679869012658]",0,NA,0.5528899806373916,0.5557969039788977,8,12,16.0,0.0,0.001,0.0,2.0
2022-12-19,History + Structural MLP,50,2022-10-17,2022-12-05,2022-12-12,3551,615,599,0.5,0.9638979370249728,1.0389116442363955,0.5187271191213743,9,3551,"[1.3503238524359336, 4.7947057166995215, 1.4742326105322445, 6.701492537313433, 7.778009349372606e-05, 0.00015170659770589147, 0.41199662067023374, 0.8493382145874402, 0.5126942669848724, 0.48730573301512753, 1.3970712475359053, 3.3714446634750774]","[8.043219587762692, 10.9911684737231, 8.826041705612155, 20.912024099213742, 0.0001773667178472415, 0.0006235663785255667, 0.4921944790695395, 0.3577189005753842, 0.41723803567229606, 0.41723803567229606, 1.1604737791070872, 2.803679869012658]",0,NA,0.5528899806373916,0.550695635601296,12,16,16.0,0.0,0.001,0.0,2.0
2022-12-19,History + Structural MLP,51,2022-10-17,2022-12-05,2022-12-12,3551,615,599,0.5,0.9638979370249728,1.0389116442363955,0.5187271191213743,9,3551,"[1.3503238524359336, 4.7947057166995215, 1.4742326105322445, 6.701492537313433, 7.778009349372606e-05, 0.00015170659770589147, 0.41199662067023374, 0.8493382145874402, 0.5126942669848724, 0.48730573301512753, 1.3970712475359053, 3.3714446634750774]","[8.043219587762692, 10.9911684737231, 8.826041705612155, 20.912024099213742, 0.0001773667178472415, 0.0006235663785255667, 0.4921944790695395, 0.3577189005753842, 0.41723803567229606, 0.41723803567229606, 1.1604737791070872, 2.803679869012658]",0,NA,0.5528899806373916,0.56844847993772,15,19,16.0,0.0,0.001,0.0,2.0
2022-12-19,History + Reversed GAT,42,2022-10-17,2022-12-05,2022-12-12,3551,615,599,0.5,0.9638979370249728,1.0389116442363955,0.5187271191213743,9,3551,"[1.3503238524359336, 4.7947057166995215, 1.4742326105322445, 6.701492537313433, 7.778009349372606e-05, 0.00015170659770589147, 0.41199662067023374, 0.8493382145874402, 0.5126942669848724, 0.48730573301512753, 1.3970712475359053, 3.3714446634750774]","[8.043219587762692, 10.9911684737231, 8.826041705612155, 20.912024099213742, 0.0001773667178472415, 0.0006235663785255667, 0.4921944790695395, 0.3577189005753842, 0.41723803567229606, 0.41723803567229606, 1.1604737791070872, 2.803679869012658]",0,NA,0.5528899806373916,0.5391355464995273,3,7,16.0,0.0,0.001,0.0,2.0
2022-12-19,History + Reversed GAT,43,2022-10-17,2022-12-05,2022-12-12,3551,615,599,0.5,0.9638979370249728,1.0389116442363955,0.5187271191213743,9,3551,"[1.3503238524359336, 4.7947057166995215, 1.4742326105322445, 6.701492537313433, 7.778009349372606e-05, 0.00015170659770589147, 0.41199662067023374, 0.8493382145874402, 0.5126942669848724, 0.48730573301512753, 1.3970712475359053, 3.3714446634750774]","[8.043219587762692, 10.9911684737231, 8.826041705612155, 20.912024099213742, 0.0001773667178472415, 0.0006235663785255667, 0.4921944790695395, 0.3577189005753842, 0.41723803567229606, 0.41723803567229606, 1.1604737791070872, 2.803679869012658]",0,NA,0.5528899806373916,0.4834130781499203,1,5,16.0,0.0,0.001,0.0,2.0
2022-12-19,History + Reversed GAT,44,2022-10-17,2022-12-05,2022-12-12,3551,615,599,0.5,0.9638979370249728,1.0389116442363955,0.5187271191213743,9,3551,"[1.3503238524359336, 4.7947057166995215, 1.4742326105322445, 6.701492537313433, 7.778009349372606e-05, 0.00015170659770589147, 0.41199662067023374, 0.8493382145874402, 0.5126942669848724, 0.48730573301512753, 1.3970712475359053, 3.3714446634750774]","[8.043219587762692, 10.9911684737231, 8.826041705612155, 20.912024099213742, 0.0001773667178472415, 0.0006235663785255667, 0.4921944790695395, 0.3577189005753842, 0.41723803567229606, 0.41723803567229606, 1.1604737791070872, 2.803679869012658]",0,NA,0.5528899806373916,0.5382101611743306,2,6,16.0,0.0,0.001,0.0,2.0
2022-12-19,History + Reversed GAT,45,2022-10-17,2022-12-05,2022-12-12,3551,615,599,0.5,0.9638979370249728,1.0389116442363955,0.5187271191213743,9,3551,"[1.3503238524359336, 4.7947057166995215, 1.4742326105322445, 6.701492537313433, 7.778009349372606e-05, 0.00015170659770589147, 0.41199662067023374, 0.8493382145874402, 0.5126942669848724, 0.48730573301512753, 1.3970712475359053, 3.3714446634750774]","[8.043219587762692, 10.9911684737231, 8.826041705612155, 20.912024099213742, 0.0001773667178472415, 0.0006235663785255667, 0.4921944790695395, 0.3577189005753842, 0.41723803567229606, 0.41723803567229606, 1.1604737791070872, 2.803679869012658]",0,NA,0.5528899806373916,0.5494385026737968,7,11,16.0,0.0,0.001,0.0,2.0
2022-12-19,History + Reversed GAT,46,2022-10-17,2022-12-05,2022-12-12,3551,615,599,0.5,0.9638979370249728,1.0389116442363955,0.5187271191213743,9,3551,"[1.3503238524359336, 4.7947057166995215, 1.4742326105322445, 6.701492537313433, 7.778009349372606e-05, 0.00015170659770589147, 0.41199662067023374, 0.8493382145874402, 0.5126942669848724, 0.48730573301512753, 1.3970712475359053, 3.3714446634750774]","[8.043219587762692, 10.9911684737231, 8.826041705612155, 20.912024099213742, 0.0001773667178472415, 0.0006235663785255667, 0.4921944790695395, 0.3577189005753842, 0.41723803567229606, 0.41723803567229606, 1.1604737791070872, 2.803679869012658]",0,NA,0.5528899806373916,0.502287534503759,1,5,16.0,0.0,0.001,0.0,2.0
2022-12-19,History + Reversed GAT,47,2022-10-17,2022-12-05,2022-12-12,3551,615,599,0.5,0.9638979370249728,1.0389116442363955,0.5187271191213743,9,3551,"[1.3503238524359336, 4.7947057166995215, 1.4742326105322445, 6.701492537313433, 7.778009349372606e-05, 0.00015170659770589147, 0.41199662067023374, 0.8493382145874402, 0.5126942669848724, 0.48730573301512753, 1.3970712475359053, 3.3714446634750774]","[8.043219587762692, 10.9911684737231, 8.826041705612155, 20.912024099213742, 0.0001773667178472415, 0.0006235663785255667, 0.4921944790695395, 0.3577189005753842, 0.41723803567229606, 0.41723803567229606, 1.1604737791070872, 2.803679869012658]",0,NA,0.5528899806373916,0.5323784452966092,2,6,16.0,0.0,0.001,0.0,2.0
2022-12-19,History + Reversed GAT,48,2022-10-17,2022-12-05,2022-12-12,3551,615,599,0.5,0.9638979370249728,1.0389116442363955,0.5187271191213743,9,3551,"[1.3503238524359336, 4.7947057166995215, 1.4742326105322445, 6.701492537313433, 7.778009349372606e-05, 0.00015170659770589147, 0.41199662067023374, 0.8493382145874402, 0.5126942669848724, 0.48730573301512753, 1.3970712475359053, 3.3714446634750774]","[8.043219587762692, 10.9911684737231, 8.826041705612155, 20.912024099213742, 0.0001773667178472415, 0.0006235663785255667, 0.4921944790695395, 0.3577189005753842, 0.41723803567229606, 0.41723803567229606, 1.1604737791070872, 2.803679869012658]",0,NA,0.5528899806373916,0.4585347193549171,1,5,16.0,0.0,0.001,0.0,2.0
2022-12-19,History + Reversed GAT,49,2022-10-17,2022-12-05,2022-12-12,3551,615,599,0.5,0.9638979370249728,1.0389116442363955,0.5187271191213743,9,3551,"[1.3503238524359336, 4.7947057166995215, 1.4742326105322445, 6.701492537313433, 7.778009349372606e-05, 0.00015170659770589147, 0.41199662067023374, 0.8493382145874402, 0.5126942669848724, 0.48730573301512753, 1.3970712475359053, 3.3714446634750774]","[8.043219587762692, 10.9911684737231, 8.826041705612155, 20.912024099213742, 0.0001773667178472415, 0.0006235663785255667, 0.4921944790695395, 0.3577189005753842, 0.41723803567229606, 0.41723803567229606, 1.1604737791070872, 2.803679869012658]",0,NA,0.5528899806373916,0.532533692722372,17,21,16.0,0.0,0.001,0.0,2.0
2022-12-19,History + Reversed GAT,50,2022-10-17,2022-12-05,2022-12-12,3551,615,599,0.5,0.9638979370249728,1.0389116442363955,0.5187271191213743,9,3551,"[1.3503238524359336, 4.7947057166995215, 1.4742326105322445, 6.701492537313433, 7.778009349372606e-05, 0.00015170659770589147, 0.41199662067023374, 0.8493382145874402, 0.5126942669848724, 0.48730573301512753, 1.3970712475359053, 3.3714446634750774]","[8.043219587762692, 10.9911684737231, 8.826041705612155, 20.912024099213742, 0.0001773667178472415, 0.0006235663785255667, 0.4921944790695395, 0.3577189005753842, 0.41723803567229606, 0.41723803567229606, 1.1604737791070872, 2.803679869012658]",0,NA,0.5528899806373916,0.45113361796872326,3,7,16.0,0.0,0.001,0.0,2.0
2022-12-19,History + Reversed GAT,51,2022-10-17,2022-12-05,2022-12-12,3551,615,599,0.5,0.9638979370249728,1.0389116442363955,0.5187271191213743,9,3551,"[1.3503238524359336, 4.7947057166995215, 1.4742326105322445, 6.701492537313433, 7.778009349372606e-05, 0.00015170659770589147, 0.41199662067023374, 0.8493382145874402, 0.5126942669848724, 0.48730573301512753, 1.3970712475359053, 3.3714446634750774]","[8.043219587762692, 10.9911684737231, 8.826041705612155, 20.912024099213742, 0.0001773667178472415, 0.0006235663785255667, 0.4921944790695395, 0.3577189005753842, 0.41723803567229606, 0.41723803567229606, 1.1604737791070872, 2.803679869012658]",0,NA,0.5528899806373916,0.5068887634105026,4,8,16.0,0.0,0.001,0.0,2.0
2022-12-19,History + Forward GAT,42,2022-10-17,2022-12-05,2022-12-12,3551,615,599,0.5,0.9638979370249728,1.0389116442363955,0.5187271191213743,9,3551,"[1.3503238524359336, 4.7947057166995215, 1.4742326105322445, 6.701492537313433, 7.778009349372606e-05, 0.00015170659770589147, 0.41199662067023374, 0.8493382145874402, 0.5126942669848724, 0.48730573301512753, 1.3970712475359053, 3.3714446634750774]","[8.043219587762692, 10.9911684737231, 8.826041705612155, 20.912024099213742, 0.0001773667178472415, 0.0006235663785255667, 0.4921944790695395, 0.3577189005753842, 0.41723803567229606, 0.41723803567229606, 1.1604737791070872, 2.803679869012658]",0,NA,0.5528899806373916,0.550695635601296,1,5,16.0,0.0,0.001,0.0,2.0
2022-12-19,History + Forward GAT,43,2022-10-17,2022-12-05,2022-12-12,3551,615,599,0.5,0.9638979370249728,1.0389116442363955,0.5187271191213743,9,3551,"[1.3503238524359336, 4.7947057166995215, 1.4742326105322445, 6.701492537313433, 7.778009349372606e-05, 0.00015170659770589147, 0.41199662067023374, 0.8493382145874402, 0.5126942669848724, 0.48730573301512753, 1.3970712475359053, 3.3714446634750774]","[8.043219587762692, 10.9911684737231, 8.826041705612155, 20.912024099213742, 0.0001773667178472415, 0.0006235663785255667, 0.4921944790695395, 0.3577189005753842, 0.41723803567229606, 0.41723803567229606, 1.1604737791070872, 2.803679869012658]",0,NA,0.5528899806373916,0.5604631217838765,10,14,16.0,0.0,0.001,0.0,2.0
2022-12-19,History + Forward GAT,44,2022-10-17,2022-12-05,2022-12-12,3551,615,599,0.5,0.9638979370249728,1.0389116442363955,0.5187271191213743,9,3551,"[1.3503238524359336, 4.7947057166995215, 1.4742326105322445, 6.701492537313433, 7.778009349372606e-05, 0.00015170659770589147, 0.41199662067023374, 0.8493382145874402, 0.5126942669848724, 0.48730573301512753, 1.3970712475359053, 3.3714446634750774]","[8.043219587762692, 10.9911684737231, 8.826041705612155, 20.912024099213742, 0.0001773667178472415, 0.0006235663785255667, 0.4921944790695395, 0.3577189005753842, 0.41723803567229606, 0.41723803567229606, 1.1604737791070872, 2.803679869012658]",0,NA,0.5528899806373916,0.5700395098104869,13,17,16.0,0.0,0.001,0.0,2.0
2022-12-19,History + Forward GAT,45,2022-10-17,2022-12-05,2022-12-12,3551,615,599,0.5,0.9638979370249728,1.0389116442363955,0.5187271191213743,9,3551,"[1.3503238524359336, 4.7947057166995215, 1.4742326105322445, 6.701492537313433, 7.778009349372606e-05, 0.00015170659770589147, 0.41199662067023374, 0.8493382145874402, 0.5126942669848724, 0.48730573301512753, 1.3970712475359053, 3.3714446634750774]","[8.043219587762692, 10.9911684737231, 8.826041705612155, 20.912024099213742, 0.0001773667178472415, 0.0006235663785255667, 0.4921944790695395, 0.3577189005753842, 0.41723803567229606, 0.41723803567229606, 1.1604737791070872, 2.803679869012658]",0,NA,0.5528899806373916,0.5327353927691196,15,19,16.0,0.0,0.001,0.0,2.0
2022-12-19,History + Forward GAT,46,2022-10-17,2022-12-05,2022-12-12,3551,615,599,0.5,0.9638979370249728,1.0389116442363955,0.5187271191213743,9,3551,"[1.3503238524359336, 4.7947057166995215, 1.4742326105322445, 6.701492537313433, 7.778009349372606e-05, 0.00015170659770589147, 0.41199662067023374, 0.8493382145874402, 0.5126942669848724, 0.48730573301512753, 1.3970712475359053, 3.3714446634750774]","[8.043219587762692, 10.9911684737231, 8.826041705612155, 20.912024099213742, 0.0001773667178472415, 0.0006235663785255667, 0.4921944790695395, 0.3577189005753842, 0.41723803567229606, 0.41723803567229606, 1.1604737791070872, 2.803679869012658]",0,NA,0.5528899806373916,0.5444142051111849,9,13,16.0,0.0,0.001,0.0,2.0
2022-12-19,History + Forward GAT,47,2022-10-17,2022-12-05,2022-12-12,3551,615,599,0.5,0.9638979370249728,1.0389116442363955,0.5187271191213743,9,3551,"[1.3503238524359336, 4.7947057166995215, 1.4742326105322445, 6.701492537313433, 7.778009349372606e-05, 0.00015170659770589147, 0.41199662067023374, 0.8493382145874402, 0.5126942669848724, 0.48730573301512753, 1.3970712475359053, 3.3714446634750774]","[8.043219587762692, 10.9911684737231, 8.826041705612155, 20.912024099213742, 0.0001773667178472415, 0.0006235663785255667, 0.4921944790695395, 0.3577189005753842, 0.41723803567229606, 0.41723803567229606, 1.1604737791070872, 2.803679869012658]",0,NA,0.5528899806373916,0.5642433993223517,16,20,16.0,0.0,0.001,0.0,2.0
2022-12-19,History + Forward GAT,48,2022-10-17,2022-12-05,2022-12-12,3551,615,599,0.5,0.9638979370249728,1.0389116442363955,0.5187271191213743,9,3551,"[1.3503238524359336, 4.7947057166995215, 1.4742326105322445, 6.701492537313433, 7.778009349372606e-05, 0.00015170659770589147, 0.41199662067023374, 0.8493382145874402, 0.5126942669848724, 0.48730573301512753, 1.3970712475359053, 3.3714446634750774]","[8.043219587762692, 10.9911684737231, 8.826041705612155, 20.912024099213742, 0.0001773667178472415, 0.0006235663785255667, 0.4921944790695395, 0.3577189005753842, 0.41723803567229606, 0.41723803567229606, 1.1604737791070872, 2.803679869012658]",0,NA,0.5528899806373916,0.5664647625431939,4,8,16.0,0.0,0.001,0.0,2.0
2022-12-19,History + Forward GAT,49,2022-10-17,2022-12-05,2022-12-12,3551,615,599,0.5,0.9638979370249728,1.0389116442363955,0.5187271191213743,9,3551,"[1.3503238524359336, 4.7947057166995215, 1.4742326105322445, 6.701492537313433, 7.778009349372606e-05, 0.00015170659770589147, 0.41199662067023374, 0.8493382145874402, 0.5126942669848724, 0.48730573301512753, 1.3970712475359053, 3.3714446634750774]","[8.043219587762692, 10.9911684737231, 8.826041705612155, 20.912024099213742, 0.0001773667178472415, 0.0006235663785255667, 0.4921944790695395, 0.3577189005753842, 0.41723803567229606, 0.41723803567229606, 1.1604737791070872, 2.803679869012658]",0,NA,0.5528899806373916,0.5575820409199586,16,20,16.0,0.0,0.001,0.0,2.0
2022-12-19,History + Forward GAT,50,2022-10-17,2022-12-05,2022-12-12,3551,615,599,0.5,0.9638979370249728,1.0389116442363955,0.5187271191213743,9,3551,"[1.3503238524359336, 4.7947057166995215, 1.4742326105322445, 6.701492537313433, 7.778009349372606e-05, 0.00015170659770589147, 0.41199662067023374, 0.8493382145874402, 0.5126942669848724, 0.48730573301512753, 1.3970712475359053, 3.3714446634750774]","[8.043219587762692, 10.9911684737231, 8.826041705612155, 20.912024099213742, 0.0001773667178472415, 0.0006235663785255667, 0.4921944790695395, 0.3577189005753842, 0.41723803567229606, 0.41723803567229606, 1.1604737791070872, 2.803679869012658]",0,NA,0.5528899806373916,0.557171658986175,10,14,16.0,0.0,0.001,0.0,2.0
2022-12-19,History + Forward GAT,51,2022-10-17,2022-12-05,2022-12-12,3551,615,599,0.5,0.9638979370249728,1.0389116442363955,0.5187271191213743,9,3551,"[1.3503238524359336, 4.7947057166995215, 1.4742326105322445, 6.701492537313433, 7.778009349372606e-05, 0.00015170659770589147, 0.41199662067023374, 0.8493382145874402, 0.5126942669848724, 0.48730573301512753, 1.3970712475359053, 3.3714446634750774]","[8.043219587762692, 10.9911684737231, 8.826041705612155, 20.912024099213742, 0.0001773667178472415, 0.0006235663785255667, 0.4921944790695395, 0.3577189005753842, 0.41723803567229606, 0.41723803567229606, 1.1604737791070872, 2.803679869012658]",0,NA,0.5528899806373916,0.558784987597322,9,13,16.0,0.0,0.001,0.0,2.0
2022-12-26,History Logistic,42,2022-10-17,2022-12-12,2022-12-19,4166,599,587,0.5,0.9590239410681399,1.0446339017051154,0.5213634181469035,10,4166,"[0.4097455592894863, 0.8545367258761402, 0.5193276165253531, 0.480672383474647, 1.4771963514162265, 3.6092174747959676]","[0.4917866772616194, 0.3525673127291064, 0.41422058404434264, 0.41422058404434314, 1.2703772251340746, 3.1116141461574953]",-1,10.0,0.5878730392664466,0.6076400986718324,0,0,NA,NA,NA,NA,NA
2022-12-26,History Logistic,43,2022-10-17,2022-12-12,2022-12-19,4166,599,587,0.5,0.9590239410681399,1.0446339017051154,0.5213634181469035,10,4166,"[0.4097455592894863, 0.8545367258761402, 0.5193276165253531, 0.480672383474647, 1.4771963514162265, 3.6092174747959676]","[0.4917866772616194, 0.3525673127291064, 0.41422058404434264, 0.41422058404434314, 1.2703772251340746, 3.1116141461574953]",-1,10.0,0.5878730392664466,0.6076400986718324,0,0,NA,NA,NA,NA,NA
2022-12-26,History Logistic,44,2022-10-17,2022-12-12,2022-12-19,4166,599,587,0.5,0.9590239410681399,1.0446339017051154,0.5213634181469035,10,4166,"[0.4097455592894863, 0.8545367258761402, 0.5193276165253531, 0.480672383474647, 1.4771963514162265, 3.6092174747959676]","[0.4917866772616194, 0.3525673127291064, 0.41422058404434264, 0.41422058404434314, 1.2703772251340746, 3.1116141461574953]",-1,10.0,0.5878730392664466,0.6076400986718324,0,0,NA,NA,NA,NA,NA
2022-12-26,History Logistic,45,2022-10-17,2022-12-12,2022-12-19,4166,599,587,0.5,0.9590239410681399,1.0446339017051154,0.5213634181469035,10,4166,"[0.4097455592894863, 0.8545367258761402, 0.5193276165253531, 0.480672383474647, 1.4771963514162265, 3.6092174747959676]","[0.4917866772616194, 0.3525673127291064, 0.41422058404434264, 0.41422058404434314, 1.2703772251340746, 3.1116141461574953]",-1,10.0,0.5878730392664466,0.6076400986718324,0,0,NA,NA,NA,NA,NA
2022-12-26,History Logistic,46,2022-10-17,2022-12-12,2022-12-19,4166,599,587,0.5,0.9590239410681399,1.0446339017051154,0.5213634181469035,10,4166,"[0.4097455592894863, 0.8545367258761402, 0.5193276165253531, 0.480672383474647, 1.4771963514162265, 3.6092174747959676]","[0.4917866772616194, 0.3525673127291064, 0.41422058404434264, 0.41422058404434314, 1.2703772251340746, 3.1116141461574953]",-1,10.0,0.5878730392664466,0.6076400986718324,0,0,NA,NA,NA,NA,NA
2022-12-26,History Logistic,47,2022-10-17,2022-12-12,2022-12-19,4166,599,587,0.5,0.9590239410681399,1.0446339017051154,0.5213634181469035,10,4166,"[0.4097455592894863, 0.8545367258761402, 0.5193276165253531, 0.480672383474647, 1.4771963514162265, 3.6092174747959676]","[0.4917866772616194, 0.3525673127291064, 0.41422058404434264, 0.41422058404434314, 1.2703772251340746, 3.1116141461574953]",-1,10.0,0.5878730392664466,0.6076400986718324,0,0,NA,NA,NA,NA,NA
2022-12-26,History Logistic,48,2022-10-17,2022-12-12,2022-12-19,4166,599,587,0.5,0.9590239410681399,1.0446339017051154,0.5213634181469035,10,4166,"[0.4097455592894863, 0.8545367258761402, 0.5193276165253531, 0.480672383474647, 1.4771963514162265, 3.6092174747959676]","[0.4917866772616194, 0.3525673127291064, 0.41422058404434264, 0.41422058404434314, 1.2703772251340746, 3.1116141461574953]",-1,10.0,0.5878730392664466,0.6076400986718324,0,0,NA,NA,NA,NA,NA
2022-12-26,History Logistic,49,2022-10-17,2022-12-12,2022-12-19,4166,599,587,0.5,0.9590239410681399,1.0446339017051154,0.5213634181469035,10,4166,"[0.4097455592894863, 0.8545367258761402, 0.5193276165253531, 0.480672383474647, 1.4771963514162265, 3.6092174747959676]","[0.4917866772616194, 0.3525673127291064, 0.41422058404434264, 0.41422058404434314, 1.2703772251340746, 3.1116141461574953]",-1,10.0,0.5878730392664466,0.6076400986718324,0,0,NA,NA,NA,NA,NA
2022-12-26,History Logistic,50,2022-10-17,2022-12-12,2022-12-19,4166,599,587,0.5,0.9590239410681399,1.0446339017051154,0.5213634181469035,10,4166,"[0.4097455592894863, 0.8545367258761402, 0.5193276165253531, 0.480672383474647, 1.4771963514162265, 3.6092174747959676]","[0.4917866772616194, 0.3525673127291064, 0.41422058404434264, 0.41422058404434314, 1.2703772251340746, 3.1116141461574953]",-1,10.0,0.5878730392664466,0.6076400986718324,0,0,NA,NA,NA,NA,NA
2022-12-26,History Logistic,51,2022-10-17,2022-12-12,2022-12-19,4166,599,587,0.5,0.9590239410681399,1.0446339017051154,0.5213634181469035,10,4166,"[0.4097455592894863, 0.8545367258761402, 0.5193276165253531, 0.480672383474647, 1.4771963514162265, 3.6092174747959676]","[0.4917866772616194, 0.3525673127291064, 0.41422058404434264, 0.41422058404434314, 1.2703772251340746, 3.1116141461574953]",-1,10.0,0.5878730392664466,0.6076400986718324,0,0,NA,NA,NA,NA,NA
2022-12-26,History + Structural MLP,42,2022-10-17,2022-12-12,2022-12-19,4166,599,587,0.5,0.9590239410681399,1.0446339017051154,0.5213634181469035,10,4166,"[1.4342294767162747, 4.903024483917426, 1.5835333653384542, 6.886221795487278, 7.334475318813489e-05, 0.0001386683164226667, 0.4097455592894863, 0.8545367258761402, 0.5193276165253531, 0.480672383474647, 1.4771963514162265, 3.6092174747959676]","[8.567983460819775, 10.960068291277745, 9.53957356738471, 20.996525265938008, 0.00019162386663212688, 0.0005809426786035796, 0.4917866772616194, 0.3525673127291064, 0.41422058404434264, 0.41422058404434314, 1.2703772251340746, 3.1116141461574953]",1,NA,0.5878730392664466,0.6002485165794067,1,5,32.0,0.2,0.001,0.0001,4.0
2022-12-26,History + Structural MLP,43,2022-10-17,2022-12-12,2022-12-19,4166,599,587,0.5,0.9590239410681399,1.0446339017051154,0.5213634181469035,10,4166,"[1.4342294767162747, 4.903024483917426, 1.5835333653384542, 6.886221795487278, 7.334475318813489e-05, 0.0001386683164226667, 0.4097455592894863, 0.8545367258761402, 0.5193276165253531, 0.480672383474647, 1.4771963514162265, 3.6092174747959676]","[8.567983460819775, 10.960068291277745, 9.53957356738471, 20.996525265938008, 0.00019162386663212688, 0.0005809426786035796, 0.4917866772616194, 0.3525673127291064, 0.41422058404434264, 0.41422058404434314, 1.2703772251340746, 3.1116141461574953]",1,NA,0.5878730392664466,0.5975506062152043,1,5,32.0,0.2,0.001,0.0001,4.0
2022-12-26,History + Structural MLP,44,2022-10-17,2022-12-12,2022-12-19,4166,599,587,0.5,0.9590239410681399,1.0446339017051154,0.5213634181469035,10,4166,"[1.4342294767162747, 4.903024483917426, 1.5835333653384542, 6.886221795487278, 7.334475318813489e-05, 0.0001386683164226667, 0.4097455592894863, 0.8545367258761402, 0.5193276165253531, 0.480672383474647, 1.4771963514162265, 3.6092174747959676]","[8.567983460819775, 10.960068291277745, 9.53957356738471, 20.996525265938008, 0.00019162386663212688, 0.0005809426786035796, 0.4917866772616194, 0.3525673127291064, 0.41422058404434264, 0.41422058404434314, 1.2703772251340746, 3.1116141461574953]",1,NA,0.5878730392664466,0.5759904410265704,2,6,32.0,0.2,0.001,0.0001,4.0
2022-12-26,History + Structural MLP,45,2022-10-17,2022-12-12,2022-12-19,4166,599,587,0.5,0.9590239410681399,1.0446339017051154,0.5213634181469035,10,4166,"[1.4342294767162747, 4.903024483917426, 1.5835333653384542, 6.886221795487278, 7.334475318813489e-05, 0.0001386683164226667, 0.4097455592894863, 0.8545367258761402, 0.5193276165253531, 0.480672383474647, 1.4771963514162265, 3.6092174747959676]","[8.567983460819775, 10.960068291277745, 9.53957356738471, 20.996525265938008, 0.00019162386663212688, 0.0005809426786035796, 0.4917866772616194, 0.3525673127291064, 0.41422058404434264, 0.41422058404434314, 1.2703772251340746, 3.1116141461574953]",1,NA,0.5878730392664466,0.6008008512544802,3,7,32.0,0.2,0.001,0.0001,4.0
2022-12-26,History + Structural MLP,46,2022-10-17,2022-12-12,2022-12-19,4166,599,587,0.5,0.9590239410681399,1.0446339017051154,0.5213634181469035,10,4166,"[1.4342294767162747, 4.903024483917426, 1.5835333653384542, 6.886221795487278, 7.334475318813489e-05, 0.0001386683164226667, 0.4097455592894863, 0.8545367258761402, 0.5193276165253531, 0.480672383474647, 1.4771963514162265, 3.6092174747959676]","[8.567983460819775, 10.960068291277745, 9.53957356738471, 20.996525265938008, 0.00019162386663212688, 0.0005809426786035796, 0.4917866772616194, 0.3525673127291064, 0.41422058404434264, 0.41422058404434314, 1.2703772251340746, 3.1116141461574953]",1,NA,0.5878730392664466,0.5942831658606609,3,7,32.0,0.2,0.001,0.0001,4.0
2022-12-26,History + Structural MLP,47,2022-10-17,2022-12-12,2022-12-19,4166,599,587,0.5,0.9590239410681399,1.0446339017051154,0.5213634181469035,10,4166,"[1.4342294767162747, 4.903024483917426, 1.5835333653384542, 6.886221795487278, 7.334475318813489e-05, 0.0001386683164226667, 0.4097455592894863, 0.8545367258761402, 0.5193276165253531, 0.480672383474647, 1.4771963514162265, 3.6092174747959676]","[8.567983460819775, 10.960068291277745, 9.53957356738471, 20.996525265938008, 0.00019162386663212688, 0.0005809426786035796, 0.4917866772616194, 0.3525673127291064, 0.41422058404434264, 0.41422058404434314, 1.2703772251340746, 3.1116141461574953]",1,NA,0.5878730392664466,0.601737624315566,3,7,32.0,0.2,0.001,0.0001,4.0
2022-12-26,History + Structural MLP,48,2022-10-17,2022-12-12,2022-12-19,4166,599,587,0.5,0.9590239410681399,1.0446339017051154,0.5213634181469035,10,4166,"[1.4342294767162747, 4.903024483917426, 1.5835333653384542, 6.886221795487278, 7.334475318813489e-05, 0.0001386683164226667, 0.4097455592894863, 0.8545367258761402, 0.5193276165253531, 0.480672383474647, 1.4771963514162265, 3.6092174747959676]","[8.567983460819775, 10.960068291277745, 9.53957356738471, 20.996525265938008, 0.00019162386663212688, 0.0005809426786035796, 0.4917866772616194, 0.3525673127291064, 0.41422058404434264, 0.41422058404434314, 1.2703772251340746, 3.1116141461574953]",1,NA,0.5878730392664466,0.6056132128110702,1,5,32.0,0.2,0.001,0.0001,4.0
2022-12-26,History + Structural MLP,49,2022-10-17,2022-12-12,2022-12-19,4166,599,587,0.5,0.9590239410681399,1.0446339017051154,0.5213634181469035,10,4166,"[1.4342294767162747, 4.903024483917426, 1.5835333653384542, 6.886221795487278, 7.334475318813489e-05, 0.0001386683164226667, 0.4097455592894863, 0.8545367258761402, 0.5193276165253531, 0.480672383474647, 1.4771963514162265, 3.6092174747959676]","[8.567983460819775, 10.960068291277745, 9.53957356738471, 20.996525265938008, 0.00019162386663212688, 0.0005809426786035796, 0.4917866772616194, 0.3525673127291064, 0.41422058404434264, 0.41422058404434314, 1.2703772251340746, 3.1116141461574953]",1,NA,0.5878730392664466,0.567692634260242,5,9,32.0,0.2,0.001,0.0001,4.0
2022-12-26,History + Structural MLP,50,2022-10-17,2022-12-12,2022-12-19,4166,599,587,0.5,0.9590239410681399,1.0446339017051154,0.5213634181469035,10,4166,"[1.4342294767162747, 4.903024483917426, 1.5835333653384542, 6.886221795487278, 7.334475318813489e-05, 0.0001386683164226667, 0.4097455592894863, 0.8545367258761402, 0.5193276165253531, 0.480672383474647, 1.4771963514162265, 3.6092174747959676]","[8.567983460819775, 10.960068291277745, 9.53957356738471, 20.996525265938008, 0.00019162386663212688, 0.0005809426786035796, 0.4917866772616194, 0.3525673127291064, 0.41422058404434264, 0.41422058404434314, 1.2703772251340746, 3.1116141461574953]",1,NA,0.5878730392664466,0.5925582388918871,4,8,32.0,0.2,0.001,0.0001,4.0
2022-12-26,History + Structural MLP,51,2022-10-17,2022-12-12,2022-12-19,4166,599,587,0.5,0.9590239410681399,1.0446339017051154,0.5213634181469035,10,4166,"[1.4342294767162747, 4.903024483917426, 1.5835333653384542, 6.886221795487278, 7.334475318813489e-05, 0.0001386683164226667, 0.4097455592894863, 0.8545367258761402, 0.5193276165253531, 0.480672383474647, 1.4771963514162265, 3.6092174747959676]","[8.567983460819775, 10.960068291277745, 9.53957356738471, 20.996525265938008, 0.00019162386663212688, 0.0005809426786035796, 0.4917866772616194, 0.3525673127291064, 0.41422058404434264, 0.41422058404434314, 1.2703772251340746, 3.1116141461574953]",1,NA,0.5878730392664466,0.5591064703868538,4,8,32.0,0.2,0.001,0.0001,4.0
2022-12-26,History + Reversed GAT,42,2022-10-17,2022-12-12,2022-12-19,4166,599,587,0.5,0.9590239410681399,1.0446339017051154,0.5213634181469035,10,4166,"[1.4342294767162747, 4.903024483917426, 1.5835333653384542, 6.886221795487278, 7.334475318813489e-05, 0.0001386683164226667, 0.4097455592894863, 0.8545367258761402, 0.5193276165253531, 0.480672383474647, 1.4771963514162265, 3.6092174747959676]","[8.567983460819775, 10.960068291277745, 9.53957356738471, 20.996525265938008, 0.00019162386663212688, 0.0005809426786035796, 0.4917866772616194, 0.3525673127291064, 0.41422058404434264, 0.41422058404434314, 1.2703772251340746, 3.1116141461574953]",1,NA,0.5878730392664466,0.5754975619534866,11,15,32.0,0.2,0.001,0.0001,4.0
2022-12-26,History + Reversed GAT,43,2022-10-17,2022-12-12,2022-12-19,4166,599,587,0.5,0.9590239410681399,1.0446339017051154,0.5213634181469035,10,4166,"[1.4342294767162747, 4.903024483917426, 1.5835333653384542, 6.886221795487278, 7.334475318813489e-05, 0.0001386683164226667, 0.4097455592894863, 0.8545367258761402, 0.5193276165253531, 0.480672383474647, 1.4771963514162265, 3.6092174747959676]","[8.567983460819775, 10.960068291277745, 9.53957356738471, 20.996525265938008, 0.00019162386663212688, 0.0005809426786035796, 0.4917866772616194, 0.3525673127291064, 0.41422058404434264, 0.41422058404434314, 1.2703772251340746, 3.1116141461574953]",1,NA,0.5878730392664466,0.5463568239795918,17,21,32.0,0.2,0.001,0.0001,4.0
2022-12-26,History + Reversed GAT,44,2022-10-17,2022-12-12,2022-12-19,4166,599,587,0.5,0.9590239410681399,1.0446339017051154,0.5213634181469035,10,4166,"[1.4342294767162747, 4.903024483917426, 1.5835333653384542, 6.886221795487278, 7.334475318813489e-05, 0.0001386683164226667, 0.4097455592894863, 0.8545367258761402, 0.5193276165253531, 0.480672383474647, 1.4771963514162265, 3.6092174747959676]","[8.567983460819775, 10.960068291277745, 9.53957356738471, 20.996525265938008, 0.00019162386663212688, 0.0005809426786035796, 0.4917866772616194, 0.3525673127291064, 0.41422058404434264, 0.41422058404434314, 1.2703772251340746, 3.1116141461574953]",1,NA,0.5878730392664466,0.5209018502360337,1,5,32.0,0.2,0.001,0.0001,4.0
2022-12-26,History + Reversed GAT,45,2022-10-17,2022-12-12,2022-12-19,4166,599,587,0.5,0.9590239410681399,1.0446339017051154,0.5213634181469035,10,4166,"[1.4342294767162747, 4.903024483917426, 1.5835333653384542, 6.886221795487278, 7.334475318813489e-05, 0.0001386683164226667, 0.4097455592894863, 0.8545367258761402, 0.5193276165253531, 0.480672383474647, 1.4771963514162265, 3.6092174747959676]","[8.567983460819775, 10.960068291277745, 9.53957356738471, 20.996525265938008, 0.00019162386663212688, 0.0005809426786035796, 0.4917866772616194, 0.3525673127291064, 0.41422058404434264, 0.41422058404434314, 1.2703772251340746, 3.1116141461574953]",1,NA,0.5878730392664466,0.5445251774248057,3,7,32.0,0.2,0.001,0.0001,4.0
2022-12-26,History + Reversed GAT,46,2022-10-17,2022-12-12,2022-12-19,4166,599,587,0.5,0.9590239410681399,1.0446339017051154,0.5213634181469035,10,4166,"[1.4342294767162747, 4.903024483917426, 1.5835333653384542, 6.886221795487278, 7.334475318813489e-05, 0.0001386683164226667, 0.4097455592894863, 0.8545367258761402, 0.5193276165253531, 0.480672383474647, 1.4771963514162265, 3.6092174747959676]","[8.567983460819775, 10.960068291277745, 9.53957356738471, 20.996525265938008, 0.00019162386663212688, 0.0005809426786035796, 0.4917866772616194, 0.3525673127291064, 0.41422058404434264, 0.41422058404434314, 1.2703772251340746, 3.1116141461574953]",1,NA,0.5878730392664466,0.5625182588372772,6,10,32.0,0.2,0.001,0.0001,4.0
2022-12-26,History + Reversed GAT,47,2022-10-17,2022-12-12,2022-12-19,4166,599,587,0.5,0.9590239410681399,1.0446339017051154,0.5213634181469035,10,4166,"[1.4342294767162747, 4.903024483917426, 1.5835333653384542, 6.886221795487278, 7.334475318813489e-05, 0.0001386683164226667, 0.4097455592894863, 0.8545367258761402, 0.5193276165253531, 0.480672383474647, 1.4771963514162265, 3.6092174747959676]","[8.567983460819775, 10.960068291277745, 9.53957356738471, 20.996525265938008, 0.00019162386663212688, 0.0005809426786035796, 0.4917866772616194, 0.3525673127291064, 0.41422058404434264, 0.41422058404434314, 1.2703772251340746, 3.1116141461574953]",1,NA,0.5878730392664466,0.5777822349570201,19,23,32.0,0.2,0.001,0.0001,4.0
2022-12-26,History + Reversed GAT,48,2022-10-17,2022-12-12,2022-12-19,4166,599,587,0.5,0.9590239410681399,1.0446339017051154,0.5213634181469035,10,4166,"[1.4342294767162747, 4.903024483917426, 1.5835333653384542, 6.886221795487278, 7.334475318813489e-05, 0.0001386683164226667, 0.4097455592894863, 0.8545367258761402, 0.5193276165253531, 0.480672383474647, 1.4771963514162265, 3.6092174747959676]","[8.567983460819775, 10.960068291277745, 9.53957356738471, 20.996525265938008, 0.00019162386663212688, 0.0005809426786035796, 0.4917866772616194, 0.3525673127291064, 0.41422058404434264, 0.41422058404434314, 1.2703772251340746, 3.1116141461574953]",1,NA,0.5878730392664466,0.5609299966276196,5,9,32.0,0.2,0.001,0.0001,4.0
2022-12-26,History + Reversed GAT,49,2022-10-17,2022-12-12,2022-12-19,4166,599,587,0.5,0.9590239410681399,1.0446339017051154,0.5213634181469035,10,4166,"[1.4342294767162747, 4.903024483917426, 1.5835333653384542, 6.886221795487278, 7.334475318813489e-05, 0.0001386683164226667, 0.4097455592894863, 0.8545367258761402, 0.5193276165253531, 0.480672383474647, 1.4771963514162265, 3.6092174747959676]","[8.567983460819775, 10.960068291277745, 9.53957356738471, 20.996525265938008, 0.00019162386663212688, 0.0005809426786035796, 0.4917866772616194, 0.3525673127291064, 0.41422058404434264, 0.41422058404434314, 1.2703772251340746, 3.1116141461574953]",1,NA,0.5878730392664466,0.5859662422796494,12,16,32.0,0.2,0.001,0.0001,4.0
2022-12-26,History + Reversed GAT,50,2022-10-17,2022-12-12,2022-12-19,4166,599,587,0.5,0.9590239410681399,1.0446339017051154,0.5213634181469035,10,4166,"[1.4342294767162747, 4.903024483917426, 1.5835333653384542, 6.886221795487278, 7.334475318813489e-05, 0.0001386683164226667, 0.4097455592894863, 0.8545367258761402, 0.5193276165253531, 0.480672383474647, 1.4771963514162265, 3.6092174747959676]","[8.567983460819775, 10.960068291277745, 9.53957356738471, 20.996525265938008, 0.00019162386663212688, 0.0005809426786035796, 0.4917866772616194, 0.3525673127291064, 0.41422058404434264, 0.41422058404434314, 1.2703772251340746, 3.1116141461574953]",1,NA,0.5878730392664466,0.5548615838438847,5,9,32.0,0.2,0.001,0.0001,4.0
2022-12-26,History + Reversed GAT,51,2022-10-17,2022-12-12,2022-12-19,4166,599,587,0.5,0.9590239410681399,1.0446339017051154,0.5213634181469035,10,4166,"[1.4342294767162747, 4.903024483917426, 1.5835333653384542, 6.886221795487278, 7.334475318813489e-05, 0.0001386683164226667, 0.4097455592894863, 0.8545367258761402, 0.5193276165253531, 0.480672383474647, 1.4771963514162265, 3.6092174747959676]","[8.567983460819775, 10.960068291277745, 9.53957356738471, 20.996525265938008, 0.00019162386663212688, 0.0005809426786035796, 0.4917866772616194, 0.3525673127291064, 0.41422058404434264, 0.41422058404434314, 1.2703772251340746, 3.1116141461574953]",1,NA,0.5878730392664466,0.49425869638635594,2,6,32.0,0.2,0.001,0.0001,4.0
2022-12-26,History + Forward GAT,42,2022-10-17,2022-12-12,2022-12-19,4166,599,587,0.5,0.9590239410681399,1.0446339017051154,0.5213634181469035,10,4166,"[1.4342294767162747, 4.903024483917426, 1.5835333653384542, 6.886221795487278, 7.334475318813489e-05, 0.0001386683164226667, 0.4097455592894863, 0.8545367258761402, 0.5193276165253531, 0.480672383474647, 1.4771963514162265, 3.6092174747959676]","[8.567983460819775, 10.960068291277745, 9.53957356738471, 20.996525265938008, 0.00019162386663212688, 0.0005809426786035796, 0.4917866772616194, 0.3525673127291064, 0.41422058404434264, 0.41422058404434314, 1.2703772251340746, 3.1116141461574953]",1,NA,0.5878730392664466,0.5776875041966024,1,5,32.0,0.2,0.001,0.0001,4.0
2022-12-26,History + Forward GAT,43,2022-10-17,2022-12-12,2022-12-19,4166,599,587,0.5,0.9590239410681399,1.0446339017051154,0.5213634181469035,10,4166,"[1.4342294767162747, 4.903024483917426, 1.5835333653384542, 6.886221795487278, 7.334475318813489e-05, 0.0001386683164226667, 0.4097455592894863, 0.8545367258761402, 0.5193276165253531, 0.480672383474647, 1.4771963514162265, 3.6092174747959676]","[8.567983460819775, 10.960068291277745, 9.53957356738471, 20.996525265938008, 0.00019162386663212688, 0.0005809426786035796, 0.4917866772616194, 0.3525673127291064, 0.41422058404434264, 0.41422058404434314, 1.2703772251340746, 3.1116141461574953]",1,NA,0.5878730392664466,0.5975012337693116,1,5,32.0,0.2,0.001,0.0001,4.0
2022-12-26,History + Forward GAT,44,2022-10-17,2022-12-12,2022-12-19,4166,599,587,0.5,0.9590239410681399,1.0446339017051154,0.5213634181469035,10,4166,"[1.4342294767162747, 4.903024483917426, 1.5835333653384542, 6.886221795487278, 7.334475318813489e-05, 0.0001386683164226667, 0.4097455592894863, 0.8545367258761402, 0.5193276165253531, 0.480672383474647, 1.4771963514162265, 3.6092174747959676]","[8.567983460819775, 10.960068291277745, 9.53957356738471, 20.996525265938008, 0.00019162386663212688, 0.0005809426786035796, 0.4917866772616194, 0.3525673127291064, 0.41422058404434264, 0.41422058404434314, 1.2703772251340746, 3.1116141461574953]",1,NA,0.5878730392664466,0.5688318017460375,3,7,32.0,0.2,0.001,0.0001,4.0
2022-12-26,History + Forward GAT,45,2022-10-17,2022-12-12,2022-12-19,4166,599,587,0.5,0.9590239410681399,1.0446339017051154,0.5213634181469035,10,4166,"[1.4342294767162747, 4.903024483917426, 1.5835333653384542, 6.886221795487278, 7.334475318813489e-05, 0.0001386683164226667, 0.4097455592894863, 0.8545367258761402, 0.5193276165253531, 0.480672383474647, 1.4771963514162265, 3.6092174747959676]","[8.567983460819775, 10.960068291277745, 9.53957356738471, 20.996525265938008, 0.00019162386663212688, 0.0005809426786035796, 0.4917866772616194, 0.3525673127291064, 0.41422058404434264, 0.41422058404434314, 1.2703772251340746, 3.1116141461574953]",1,NA,0.5878730392664466,0.578677652733119,2,6,32.0,0.2,0.001,0.0001,4.0
2022-12-26,History + Forward GAT,46,2022-10-17,2022-12-12,2022-12-19,4166,599,587,0.5,0.9590239410681399,1.0446339017051154,0.5213634181469035,10,4166,"[1.4342294767162747, 4.903024483917426, 1.5835333653384542, 6.886221795487278, 7.334475318813489e-05, 0.0001386683164226667, 0.4097455592894863, 0.8545367258761402, 0.5193276165253531, 0.480672383474647, 1.4771963514162265, 3.6092174747959676]","[8.567983460819775, 10.960068291277745, 9.53957356738471, 20.996525265938008, 0.00019162386663212688, 0.0005809426786035796, 0.4917866772616194, 0.3525673127291064, 0.41422058404434264, 0.41422058404434314, 1.2703772251340746, 3.1116141461574953]",1,NA,0.5878730392664466,0.588598901098901,3,7,32.0,0.2,0.001,0.0001,4.0
2022-12-26,History + Forward GAT,47,2022-10-17,2022-12-12,2022-12-19,4166,599,587,0.5,0.9590239410681399,1.0446339017051154,0.5213634181469035,10,4166,"[1.4342294767162747, 4.903024483917426, 1.5835333653384542, 6.886221795487278, 7.334475318813489e-05, 0.0001386683164226667, 0.4097455592894863, 0.8545367258761402, 0.5193276165253531, 0.480672383474647, 1.4771963514162265, 3.6092174747959676]","[8.567983460819775, 10.960068291277745, 9.53957356738471, 20.996525265938008, 0.00019162386663212688, 0.0005809426786035796, 0.4917866772616194, 0.3525673127291064, 0.41422058404434264, 0.41422058404434314, 1.2703772251340746, 3.1116141461574953]",1,NA,0.5878730392664466,0.5789672884563395,3,7,32.0,0.2,0.001,0.0001,4.0
2022-12-26,History + Forward GAT,48,2022-10-17,2022-12-12,2022-12-19,4166,599,587,0.5,0.9590239410681399,1.0446339017051154,0.5213634181469035,10,4166,"[1.4342294767162747, 4.903024483917426, 1.5835333653384542, 6.886221795487278, 7.334475318813489e-05, 0.0001386683164226667, 0.4097455592894863, 0.8545367258761402, 0.5193276165253531, 0.480672383474647, 1.4771963514162265, 3.6092174747959676]","[8.567983460819775, 10.960068291277745, 9.53957356738471, 20.996525265938008, 0.00019162386663212688, 0.0005809426786035796, 0.4917866772616194, 0.3525673127291064, 0.41422058404434264, 0.41422058404434314, 1.2703772251340746, 3.1116141461574953]",1,NA,0.5878730392664466,0.5985402285523603,1,5,32.0,0.2,0.001,0.0001,4.0
2022-12-26,History + Forward GAT,49,2022-10-17,2022-12-12,2022-12-19,4166,599,587,0.5,0.9590239410681399,1.0446339017051154,0.5213634181469035,10,4166,"[1.4342294767162747, 4.903024483917426, 1.5835333653384542, 6.886221795487278, 7.334475318813489e-05, 0.0001386683164226667, 0.4097455592894863, 0.8545367258761402, 0.5193276165253531, 0.480672383474647, 1.4771963514162265, 3.6092174747959676]","[8.567983460819775, 10.960068291277745, 9.53957356738471, 20.996525265938008, 0.00019162386663212688, 0.0005809426786035796, 0.4917866772616194, 0.3525673127291064, 0.41422058404434264, 0.41422058404434314, 1.2703772251340746, 3.1116141461574953]",1,NA,0.5878730392664466,0.5710578859131079,6,10,32.0,0.2,0.001,0.0001,4.0
2022-12-26,History + Forward GAT,50,2022-10-17,2022-12-12,2022-12-19,4166,599,587,0.5,0.9590239410681399,1.0446339017051154,0.5213634181469035,10,4166,"[1.4342294767162747, 4.903024483917426, 1.5835333653384542, 6.886221795487278, 7.334475318813489e-05, 0.0001386683164226667, 0.4097455592894863, 0.8545367258761402, 0.5193276165253531, 0.480672383474647, 1.4771963514162265, 3.6092174747959676]","[8.567983460819775, 10.960068291277745, 9.53957356738471, 20.996525265938008, 0.00019162386663212688, 0.0005809426786035796, 0.4917866772616194, 0.3525673127291064, 0.41422058404434264, 0.41422058404434314, 1.2703772251340746, 3.1116141461574953]",1,NA,0.5878730392664466,0.5819094523362816,5,9,32.0,0.2,0.001,0.0001,4.0
2022-12-26,History + Forward GAT,51,2022-10-17,2022-12-12,2022-12-19,4166,599,587,0.5,0.9590239410681399,1.0446339017051154,0.5213634181469035,10,4166,"[1.4342294767162747, 4.903024483917426, 1.5835333653384542, 6.886221795487278, 7.334475318813489e-05, 0.0001386683164226667, 0.4097455592894863, 0.8545367258761402, 0.5193276165253531, 0.480672383474647, 1.4771963514162265, 3.6092174747959676]","[8.567983460819775, 10.960068291277745, 9.53957356738471, 20.996525265938008, 0.00019162386663212688, 0.0005809426786035796, 0.4917866772616194, 0.3525673127291064, 0.41422058404434264, 0.41422058404434314, 1.2703772251340746, 3.1116141461574953]",1,NA,0.5878730392664466,0.5560100941517292,7,11,32.0,0.2,0.001,0.0001,4.0
2023-01-23,History Logistic,42,2022-10-17,2023-01-09,2023-01-16,6665,809,747,0.5,0.9513274336283186,1.053921568627451,0.5255813953488372,14,6665,"[0.42460615153788445, 0.8733683420855214, 0.5173369457141045, 0.4826630542858965, 1.800900225056264, 4.556039009752438]","[0.49428308449114194, 0.33255989103967254, 0.4059512770967514, 0.4059512770967514, 1.7372316147302536, 4.286291052556282]",-1,0.01,0.5518048158998885,0.5488146806933908,0,0,NA,NA,NA,NA,NA
2023-01-23,History Logistic,43,2022-10-17,2023-01-09,2023-01-16,6665,809,747,0.5,0.9513274336283186,1.053921568627451,0.5255813953488372,14,6665,"[0.42460615153788445, 0.8733683420855214, 0.5173369457141045, 0.4826630542858965, 1.800900225056264, 4.556039009752438]","[0.49428308449114194, 0.33255989103967254, 0.4059512770967514, 0.4059512770967514, 1.7372316147302536, 4.286291052556282]",-1,0.01,0.5518048158998885,0.5488146806933908,0,0,NA,NA,NA,NA,NA
2023-01-23,History Logistic,44,2022-10-17,2023-01-09,2023-01-16,6665,809,747,0.5,0.9513274336283186,1.053921568627451,0.5255813953488372,14,6665,"[0.42460615153788445, 0.8733683420855214, 0.5173369457141045, 0.4826630542858965, 1.800900225056264, 4.556039009752438]","[0.49428308449114194, 0.33255989103967254, 0.4059512770967514, 0.4059512770967514, 1.7372316147302536, 4.286291052556282]",-1,0.01,0.5518048158998885,0.5488146806933908,0,0,NA,NA,NA,NA,NA
2023-01-23,History Logistic,45,2022-10-17,2023-01-09,2023-01-16,6665,809,747,0.5,0.9513274336283186,1.053921568627451,0.5255813953488372,14,6665,"[0.42460615153788445, 0.8733683420855214, 0.5173369457141045, 0.4826630542858965, 1.800900225056264, 4.556039009752438]","[0.49428308449114194, 0.33255989103967254, 0.4059512770967514, 0.4059512770967514, 1.7372316147302536, 4.286291052556282]",-1,0.01,0.5518048158998885,0.5488146806933908,0,0,NA,NA,NA,NA,NA
2023-01-23,History Logistic,46,2022-10-17,2023-01-09,2023-01-16,6665,809,747,0.5,0.9513274336283186,1.053921568627451,0.5255813953488372,14,6665,"[0.42460615153788445, 0.8733683420855214, 0.5173369457141045, 0.4826630542858965, 1.800900225056264, 4.556039009752438]","[0.49428308449114194, 0.33255989103967254, 0.4059512770967514, 0.4059512770967514, 1.7372316147302536, 4.286291052556282]",-1,0.01,0.5518048158998885,0.5488146806933908,0,0,NA,NA,NA,NA,NA
2023-01-23,History Logistic,47,2022-10-17,2023-01-09,2023-01-16,6665,809,747,0.5,0.9513274336283186,1.053921568627451,0.5255813953488372,14,6665,"[0.42460615153788445, 0.8733683420855214, 0.5173369457141045, 0.4826630542858965, 1.800900225056264, 4.556039009752438]","[0.49428308449114194, 0.33255989103967254, 0.4059512770967514, 0.4059512770967514, 1.7372316147302536, 4.286291052556282]",-1,0.01,0.5518048158998885,0.5488146806933908,0,0,NA,NA,NA,NA,NA
2023-01-23,History Logistic,48,2022-10-17,2023-01-09,2023-01-16,6665,809,747,0.5,0.9513274336283186,1.053921568627451,0.5255813953488372,14,6665,"[0.42460615153788445, 0.8733683420855214, 0.5173369457141045, 0.4826630542858965, 1.800900225056264, 4.556039009752438]","[0.49428308449114194, 0.33255989103967254, 0.4059512770967514, 0.4059512770967514, 1.7372316147302536, 4.286291052556282]",-1,0.01,0.5518048158998885,0.5488146806933908,0,0,NA,NA,NA,NA,NA
2023-01-23,History Logistic,49,2022-10-17,2023-01-09,2023-01-16,6665,809,747,0.5,0.9513274336283186,1.053921568627451,0.5255813953488372,14,6665,"[0.42460615153788445, 0.8733683420855214, 0.5173369457141045, 0.4826630542858965, 1.800900225056264, 4.556039009752438]","[0.49428308449114194, 0.33255989103967254, 0.4059512770967514, 0.4059512770967514, 1.7372316147302536, 4.286291052556282]",-1,0.01,0.5518048158998885,0.5488146806933908,0,0,NA,NA,NA,NA,NA
2023-01-23,History Logistic,50,2022-10-17,2023-01-09,2023-01-16,6665,809,747,0.5,0.9513274336283186,1.053921568627451,0.5255813953488372,14,6665,"[0.42460615153788445, 0.8733683420855214, 0.5173369457141045, 0.4826630542858965, 1.800900225056264, 4.556039009752438]","[0.49428308449114194, 0.33255989103967254, 0.4059512770967514, 0.4059512770967514, 1.7372316147302536, 4.286291052556282]",-1,0.01,0.5518048158998885,0.5488146806933908,0,0,NA,NA,NA,NA,NA
2023-01-23,History Logistic,51,2022-10-17,2023-01-09,2023-01-16,6665,809,747,0.5,0.9513274336283186,1.053921568627451,0.5255813953488372,14,6665,"[0.42460615153788445, 0.8733683420855214, 0.5173369457141045, 0.4826630542858965, 1.800900225056264, 4.556039009752438]","[0.49428308449114194, 0.33255989103967254, 0.4059512770967514, 0.4059512770967514, 1.7372316147302536, 4.286291052556282]",-1,0.01,0.5518048158998885,0.5488146806933908,0,0,NA,NA,NA,NA,NA
2023-01-23,History + Structural MLP,42,2022-10-17,2023-01-09,2023-01-16,6665,809,747,0.5,0.9513274336283186,1.053921568627451,0.5255813953488372,14,6665,"[2.0688672168042013, 5.537134283570893, 2.336384096024006, 8.25821455363841, 6.26646651027045e-05, 0.00011208421570173999, 0.42460615153788445, 0.8733683420855214, 0.5173369457141045, 0.4826630542858965, 1.800900225056264, 4.556039009752438]","[26.83437402659936, 12.253603412419608, 31.254649050986565, 25.208890573644023, 0.00025038288253314645, 0.0004840743561709058, 0.49428308449114194, 0.33255989103967254, 0.4059512770967514, 0.4059512770967514, 1.7372316147302536, 4.286291052556282]",0,NA,0.5518048158998885,0.5512869290183585,4,8,16.0,0.0,0.001,0.0,2.0
2023-01-23,History + Structural MLP,43,2022-10-17,2023-01-09,2023-01-16,6665,809,747,0.5,0.9513274336283186,1.053921568627451,0.5255813953488372,14,6665,"[2.0688672168042013, 5.537134283570893, 2.336384096024006, 8.25821455363841, 6.26646651027045e-05, 0.00011208421570173999, 0.42460615153788445, 0.8733683420855214, 0.5173369457141045, 0.4826630542858965, 1.800900225056264, 4.556039009752438]","[26.83437402659936, 12.253603412419608, 31.254649050986565, 25.208890573644023, 0.00025038288253314645, 0.0004840743561709058, 0.49428308449114194, 0.33255989103967254, 0.4059512770967514, 0.4059512770967514, 1.7372316147302536, 4.286291052556282]",0,NA,0.5518048158998885,0.5395814209656692,9,13,16.0,0.0,0.001,0.0,2.0
2023-01-23,History + Structural MLP,44,2022-10-17,2023-01-09,2023-01-16,6665,809,747,0.5,0.9513274336283186,1.053921568627451,0.5255813953488372,14,6665,"[2.0688672168042013, 5.537134283570893, 2.336384096024006, 8.25821455363841, 6.26646651027045e-05, 0.00011208421570173999, 0.42460615153788445, 0.8733683420855214, 0.5173369457141045, 0.4826630542858965, 1.800900225056264, 4.556039009752438]","[26.83437402659936, 12.253603412419608, 31.254649050986565, 25.208890573644023, 0.00025038288253314645, 0.0004840743561709058, 0.49428308449114194, 0.33255989103967254, 0.4059512770967514, 0.4059512770967514, 1.7372316147302536, 4.286291052556282]",0,NA,0.5518048158998885,0.5487264207892875,17,21,16.0,0.0,0.001,0.0,2.0
2023-01-23,History + Structural MLP,45,2022-10-17,2023-01-09,2023-01-16,6665,809,747,0.5,0.9513274336283186,1.053921568627451,0.5255813953488372,14,6665,"[2.0688672168042013, 5.537134283570893, 2.336384096024006, 8.25821455363841, 6.26646651027045e-05, 0.00011208421570173999, 0.42460615153788445, 0.8733683420855214, 0.5173369457141045, 0.4826630542858965, 1.800900225056264, 4.556039009752438]","[26.83437402659936, 12.253603412419608, 31.254649050986565, 25.208890573644023, 0.00025038288253314645, 0.0004840743561709058, 0.49428308449114194, 0.33255989103967254, 0.4059512770967514, 0.4059512770967514, 1.7372316147302536, 4.286291052556282]",0,NA,0.5518048158998885,0.5330705373808822,10,14,16.0,0.0,0.001,0.0,2.0
2023-01-23,History + Structural MLP,46,2022-10-17,2023-01-09,2023-01-16,6665,809,747,0.5,0.9513274336283186,1.053921568627451,0.5255813953488372,14,6665,"[2.0688672168042013, 5.537134283570893, 2.336384096024006, 8.25821455363841, 6.26646651027045e-05, 0.00011208421570173999, 0.42460615153788445, 0.8733683420855214, 0.5173369457141045, 0.4826630542858965, 1.800900225056264, 4.556039009752438]","[26.83437402659936, 12.253603412419608, 31.254649050986565, 25.208890573644023, 0.00025038288253314645, 0.0004840743561709058, 0.49428308449114194, 0.33255989103967254, 0.4059512770967514, 0.4059512770967514, 1.7372316147302536, 4.286291052556282]",0,NA,0.5518048158998885,0.5413839207267226,3,7,16.0,0.0,0.001,0.0,2.0
2023-01-23,History + Structural MLP,47,2022-10-17,2023-01-09,2023-01-16,6665,809,747,0.5,0.9513274336283186,1.053921568627451,0.5255813953488372,14,6665,"[2.0688672168042013, 5.537134283570893, 2.336384096024006, 8.25821455363841, 6.26646651027045e-05, 0.00011208421570173999, 0.42460615153788445, 0.8733683420855214, 0.5173369457141045, 0.4826630542858965, 1.800900225056264, 4.556039009752438]","[26.83437402659936, 12.253603412419608, 31.254649050986565, 25.208890573644023, 0.00025038288253314645, 0.0004840743561709058, 0.49428308449114194, 0.33255989103967254, 0.4059512770967514, 0.4059512770967514, 1.7372316147302536, 4.286291052556282]",0,NA,0.5518048158998885,0.5346306835566978,6,10,16.0,0.0,0.001,0.0,2.0
2023-01-23,History + Structural MLP,48,2022-10-17,2023-01-09,2023-01-16,6665,809,747,0.5,0.9513274336283186,1.053921568627451,0.5255813953488372,14,6665,"[2.0688672168042013, 5.537134283570893, 2.336384096024006, 8.25821455363841, 6.26646651027045e-05, 0.00011208421570173999, 0.42460615153788445, 0.8733683420855214, 0.5173369457141045, 0.4826630542858965, 1.800900225056264, 4.556039009752438]","[26.83437402659936, 12.253603412419608, 31.254649050986565, 25.208890573644023, 0.00025038288253314645, 0.0004840743561709058, 0.49428308449114194, 0.33255989103967254, 0.4059512770967514, 0.4059512770967514, 1.7372316147302536, 4.286291052556282]",0,NA,0.5518048158998885,0.5385957427939272,21,25,16.0,0.0,0.001,0.0,2.0
2023-01-23,History + Structural MLP,49,2022-10-17,2023-01-09,2023-01-16,6665,809,747,0.5,0.9513274336283186,1.053921568627451,0.5255813953488372,14,6665,"[2.0688672168042013, 5.537134283570893, 2.336384096024006, 8.25821455363841, 6.26646651027045e-05, 0.00011208421570173999, 0.42460615153788445, 0.8733683420855214, 0.5173369457141045, 0.4826630542858965, 1.800900225056264, 4.556039009752438]","[26.83437402659936, 12.253603412419608, 31.254649050986565, 25.208890573644023, 0.00025038288253314645, 0.0004840743561709058, 0.49428308449114194, 0.33255989103967254, 0.4059512770967514, 0.4059512770967514, 1.7372316147302536, 4.286291052556282]",0,NA,0.5518048158998885,0.5268423320815121,10,14,16.0,0.0,0.001,0.0,2.0
2023-01-23,History + Structural MLP,50,2022-10-17,2023-01-09,2023-01-16,6665,809,747,0.5,0.9513274336283186,1.053921568627451,0.5255813953488372,14,6665,"[2.0688672168042013, 5.537134283570893, 2.336384096024006, 8.25821455363841, 6.26646651027045e-05, 0.00011208421570173999, 0.42460615153788445, 0.8733683420855214, 0.5173369457141045, 0.4826630542858965, 1.800900225056264, 4.556039009752438]","[26.83437402659936, 12.253603412419608, 31.254649050986565, 25.208890573644023, 0.00025038288253314645, 0.0004840743561709058, 0.49428308449114194, 0.33255989103967254, 0.4059512770967514, 0.4059512770967514, 1.7372316147302536, 4.286291052556282]",0,NA,0.5518048158998885,0.5401161369193155,15,19,16.0,0.0,0.001,0.0,2.0
2023-01-23,History + Structural MLP,51,2022-10-17,2023-01-09,2023-01-16,6665,809,747,0.5,0.9513274336283186,1.053921568627451,0.5255813953488372,14,6665,"[2.0688672168042013, 5.537134283570893, 2.336384096024006, 8.25821455363841, 6.26646651027045e-05, 0.00011208421570173999, 0.42460615153788445, 0.8733683420855214, 0.5173369457141045, 0.4826630542858965, 1.800900225056264, 4.556039009752438]","[26.83437402659936, 12.253603412419608, 31.254649050986565, 25.208890573644023, 0.00025038288253314645, 0.0004840743561709058, 0.49428308449114194, 0.33255989103967254, 0.4059512770967514, 0.4059512770967514, 1.7372316147302536, 4.286291052556282]",0,NA,0.5518048158998885,0.5317770918311102,8,12,16.0,0.0,0.001,0.0,2.0
2023-01-23,History + Reversed GAT,42,2022-10-17,2023-01-09,2023-01-16,6665,809,747,0.5,0.9513274336283186,1.053921568627451,0.5255813953488372,14,6665,"[2.0688672168042013, 5.537134283570893, 2.336384096024006, 8.25821455363841, 6.26646651027045e-05, 0.00011208421570173999, 0.42460615153788445, 0.8733683420855214, 0.5173369457141045, 0.4826630542858965, 1.800900225056264, 4.556039009752438]","[26.83437402659936, 12.253603412419608, 31.254649050986565, 25.208890573644023, 0.00025038288253314645, 0.0004840743561709058, 0.49428308449114194, 0.33255989103967254, 0.4059512770967514, 0.4059512770967514, 1.7372316147302536, 4.286291052556282]",0,NA,0.5518048158998885,0.5523227027814184,14,18,16.0,0.0,0.001,0.0,2.0
2023-01-23,History + Reversed GAT,43,2022-10-17,2023-01-09,2023-01-16,6665,809,747,0.5,0.9513274336283186,1.053921568627451,0.5255813953488372,14,6665,"[2.0688672168042013, 5.537134283570893, 2.336384096024006, 8.25821455363841, 6.26646651027045e-05, 0.00011208421570173999, 0.42460615153788445, 0.8733683420855214, 0.5173369457141045, 0.4826630542858965, 1.800900225056264, 4.556039009752438]","[26.83437402659936, 12.253603412419608, 31.254649050986565, 25.208890573644023, 0.00025038288253314645, 0.0004840743561709058, 0.49428308449114194, 0.33255989103967254, 0.4059512770967514, 0.4059512770967514, 1.7372316147302536, 4.286291052556282]",0,NA,0.5518048158998885,0.5461854899027674,11,15,16.0,0.0,0.001,0.0,2.0
2023-01-23,History + Reversed GAT,44,2022-10-17,2023-01-09,2023-01-16,6665,809,747,0.5,0.9513274336283186,1.053921568627451,0.5255813953488372,14,6665,"[2.0688672168042013, 5.537134283570893, 2.336384096024006, 8.25821455363841, 6.26646651027045e-05, 0.00011208421570173999, 0.42460615153788445, 0.8733683420855214, 0.5173369457141045, 0.4826630542858965, 1.800900225056264, 4.556039009752438]","[26.83437402659936, 12.253603412419608, 31.254649050986565, 25.208890573644023, 0.00025038288253314645, 0.0004840743561709058, 0.49428308449114194, 0.33255989103967254, 0.4059512770967514, 0.4059512770967514, 1.7372316147302536, 4.286291052556282]",0,NA,0.5518048158998885,0.4736370444027056,1,5,16.0,0.0,0.001,0.0,2.0
2023-01-23,History + Reversed GAT,45,2022-10-17,2023-01-09,2023-01-16,6665,809,747,0.5,0.9513274336283186,1.053921568627451,0.5255813953488372,14,6665,"[2.0688672168042013, 5.537134283570893, 2.336384096024006, 8.25821455363841, 6.26646651027045e-05, 0.00011208421570173999, 0.42460615153788445, 0.8733683420855214, 0.5173369457141045, 0.4826630542858965, 1.800900225056264, 4.556039009752438]","[26.83437402659936, 12.253603412419608, 31.254649050986565, 25.208890573644023, 0.00025038288253314645, 0.0004840743561709058, 0.49428308449114194, 0.33255989103967254, 0.4059512770967514, 0.4059512770967514, 1.7372316147302536, 4.286291052556282]",0,NA,0.5518048158998885,0.5026882706987669,2,6,16.0,0.0,0.001,0.0,2.0
2023-01-23,History + Reversed GAT,46,2022-10-17,2023-01-09,2023-01-16,6665,809,747,0.5,0.9513274336283186,1.053921568627451,0.5255813953488372,14,6665,"[2.0688672168042013, 5.537134283570893, 2.336384096024006, 8.25821455363841, 6.26646651027045e-05, 0.00011208421570173999, 0.42460615153788445, 0.8733683420855214, 0.5173369457141045, 0.4826630542858965, 1.800900225056264, 4.556039009752438]","[26.83437402659936, 12.253603412419608, 31.254649050986565, 25.208890573644023, 0.00025038288253314645, 0.0004840743561709058, 0.49428308449114194, 0.33255989103967254, 0.4059512770967514, 0.4059512770967514, 1.7372316147302536, 4.286291052556282]",0,NA,0.5518048158998885,0.5402784469233715,6,10,16.0,0.0,0.001,0.0,2.0
2023-01-23,History + Reversed GAT,47,2022-10-17,2023-01-09,2023-01-16,6665,809,747,0.5,0.9513274336283186,1.053921568627451,0.5255813953488372,14,6665,"[2.0688672168042013, 5.537134283570893, 2.336384096024006, 8.25821455363841, 6.26646651027045e-05, 0.00011208421570173999, 0.42460615153788445, 0.8733683420855214, 0.5173369457141045, 0.4826630542858965, 1.800900225056264, 4.556039009752438]","[26.83437402659936, 12.253603412419608, 31.254649050986565, 25.208890573644023, 0.00025038288253314645, 0.0004840743561709058, 0.49428308449114194, 0.33255989103967254, 0.4059512770967514, 0.4059512770967514, 1.7372316147302536, 4.286291052556282]",0,NA,0.5518048158998885,0.4850836669746432,7,11,16.0,0.0,0.001,0.0,2.0
2023-01-23,History + Reversed GAT,48,2022-10-17,2023-01-09,2023-01-16,6665,809,747,0.5,0.9513274336283186,1.053921568627451,0.5255813953488372,14,6665,"[2.0688672168042013, 5.537134283570893, 2.336384096024006, 8.25821455363841, 6.26646651027045e-05, 0.00011208421570173999, 0.42460615153788445, 0.8733683420855214, 0.5173369457141045, 0.4826630542858965, 1.800900225056264, 4.556039009752438]","[26.83437402659936, 12.253603412419608, 31.254649050986565, 25.208890573644023, 0.00025038288253314645, 0.0004840743561709058, 0.49428308449114194, 0.33255989103967254, 0.4059512770967514, 0.4059512770967514, 1.7372316147302536, 4.286291052556282]",0,NA,0.5518048158998885,0.5099609637905506,8,12,16.0,0.0,0.001,0.0,2.0
2023-01-23,History + Reversed GAT,49,2022-10-17,2023-01-09,2023-01-16,6665,809,747,0.5,0.9513274336283186,1.053921568627451,0.5255813953488372,14,6665,"[2.0688672168042013, 5.537134283570893, 2.336384096024006, 8.25821455363841, 6.26646651027045e-05, 0.00011208421570173999, 0.42460615153788445, 0.8733683420855214, 0.5173369457141045, 0.4826630542858965, 1.800900225056264, 4.556039009752438]","[26.83437402659936, 12.253603412419608, 31.254649050986565, 25.208890573644023, 0.00025038288253314645, 0.0004840743561709058, 0.49428308449114194, 0.33255989103967254, 0.4059512770967514, 0.4059512770967514, 1.7372316147302536, 4.286291052556282]",0,NA,0.5518048158998885,0.5214407594123063,8,12,16.0,0.0,0.001,0.0,2.0
2023-01-23,History + Reversed GAT,50,2022-10-17,2023-01-09,2023-01-16,6665,809,747,0.5,0.9513274336283186,1.053921568627451,0.5255813953488372,14,6665,"[2.0688672168042013, 5.537134283570893, 2.336384096024006, 8.25821455363841, 6.26646651027045e-05, 0.00011208421570173999, 0.42460615153788445, 0.8733683420855214, 0.5173369457141045, 0.4826630542858965, 1.800900225056264, 4.556039009752438]","[26.83437402659936, 12.253603412419608, 31.254649050986565, 25.208890573644023, 0.00025038288253314645, 0.0004840743561709058, 0.49428308449114194, 0.33255989103967254, 0.4059512770967514, 0.4059512770967514, 1.7372316147302536, 4.286291052556282]",0,NA,0.5518048158998885,0.4349891796183356,1,5,16.0,0.0,0.001,0.0,2.0
2023-01-23,History + Reversed GAT,51,2022-10-17,2023-01-09,2023-01-16,6665,809,747,0.5,0.9513274336283186,1.053921568627451,0.5255813953488372,14,6665,"[2.0688672168042013, 5.537134283570893, 2.336384096024006, 8.25821455363841, 6.26646651027045e-05, 0.00011208421570173999, 0.42460615153788445, 0.8733683420855214, 0.5173369457141045, 0.4826630542858965, 1.800900225056264, 4.556039009752438]","[26.83437402659936, 12.253603412419608, 31.254649050986565, 25.208890573644023, 0.00025038288253314645, 0.0004840743561709058, 0.49428308449114194, 0.33255989103967254, 0.4059512770967514, 0.4059512770967514, 1.7372316147302536, 4.286291052556282]",0,NA,0.5518048158998885,0.5283678847095585,5,9,16.0,0.0,0.001,0.0,2.0
2023-01-23,History + Forward GAT,42,2022-10-17,2023-01-09,2023-01-16,6665,809,747,0.5,0.9513274336283186,1.053921568627451,0.5255813953488372,14,6665,"[2.0688672168042013, 5.537134283570893, 2.336384096024006, 8.25821455363841, 6.26646651027045e-05, 0.00011208421570173999, 0.42460615153788445, 0.8733683420855214, 0.5173369457141045, 0.4826630542858965, 1.800900225056264, 4.556039009752438]","[26.83437402659936, 12.253603412419608, 31.254649050986565, 25.208890573644023, 0.00025038288253314645, 0.0004840743561709058, 0.49428308449114194, 0.33255989103967254, 0.4059512770967514, 0.4059512770967514, 1.7372316147302536, 4.286291052556282]",0,NA,0.5518048158998885,0.5635921580852745,5,9,16.0,0.0,0.001,0.0,2.0
2023-01-23,History + Forward GAT,43,2022-10-17,2023-01-09,2023-01-16,6665,809,747,0.5,0.9513274336283186,1.053921568627451,0.5255813953488372,14,6665,"[2.0688672168042013, 5.537134283570893, 2.336384096024006, 8.25821455363841, 6.26646651027045e-05, 0.00011208421570173999, 0.42460615153788445, 0.8733683420855214, 0.5173369457141045, 0.4826630542858965, 1.800900225056264, 4.556039009752438]","[26.83437402659936, 12.253603412419608, 31.254649050986565, 25.208890573644023, 0.00025038288253314645, 0.0004840743561709058, 0.49428308449114194, 0.33255989103967254, 0.4059512770967514, 0.4059512770967514, 1.7372316147302536, 4.286291052556282]",0,NA,0.5518048158998885,0.5520590323951158,30,30,16.0,0.0,0.001,0.0,2.0
2023-01-23,History + Forward GAT,44,2022-10-17,2023-01-09,2023-01-16,6665,809,747,0.5,0.9513274336283186,1.053921568627451,0.5255813953488372,14,6665,"[2.0688672168042013, 5.537134283570893, 2.336384096024006, 8.25821455363841, 6.26646651027045e-05, 0.00011208421570173999, 0.42460615153788445, 0.8733683420855214, 0.5173369457141045, 0.4826630542858965, 1.800900225056264, 4.556039009752438]","[26.83437402659936, 12.253603412419608, 31.254649050986565, 25.208890573644023, 0.00025038288253314645, 0.0004840743561709058, 0.49428308449114194, 0.33255989103967254, 0.4059512770967514, 0.4059512770967514, 1.7372316147302536, 4.286291052556282]",0,NA,0.5518048158998885,0.5458844762582116,17,21,16.0,0.0,0.001,0.0,2.0
2023-01-23,History + Forward GAT,45,2022-10-17,2023-01-09,2023-01-16,6665,809,747,0.5,0.9513274336283186,1.053921568627451,0.5255813953488372,14,6665,"[2.0688672168042013, 5.537134283570893, 2.336384096024006, 8.25821455363841, 6.26646651027045e-05, 0.00011208421570173999, 0.42460615153788445, 0.8733683420855214, 0.5173369457141045, 0.4826630542858965, 1.800900225056264, 4.556039009752438]","[26.83437402659936, 12.253603412419608, 31.254649050986565, 25.208890573644023, 0.00025038288253314645, 0.0004840743561709058, 0.49428308449114194, 0.33255989103967254, 0.4059512770967514, 0.4059512770967514, 1.7372316147302536, 4.286291052556282]",0,NA,0.5518048158998885,0.5289208074534162,6,10,16.0,0.0,0.001,0.0,2.0
2023-01-23,History + Forward GAT,46,2022-10-17,2023-01-09,2023-01-16,6665,809,747,0.5,0.9513274336283186,1.053921568627451,0.5255813953488372,14,6665,"[2.0688672168042013, 5.537134283570893, 2.336384096024006, 8.25821455363841, 6.26646651027045e-05, 0.00011208421570173999, 0.42460615153788445, 0.8733683420855214, 0.5173369457141045, 0.4826630542858965, 1.800900225056264, 4.556039009752438]","[26.83437402659936, 12.253603412419608, 31.254649050986565, 25.208890573644023, 0.00025038288253314645, 0.0004840743561709058, 0.49428308449114194, 0.33255989103967254, 0.4059512770967514, 0.4059512770967514, 1.7372316147302536, 4.286291052556282]",0,NA,0.5518048158998885,0.5447508881791292,16,20,16.0,0.0,0.001,0.0,2.0
2023-01-23,History + Forward GAT,47,2022-10-17,2023-01-09,2023-01-16,6665,809,747,0.5,0.9513274336283186,1.053921568627451,0.5255813953488372,14,6665,"[2.0688672168042013, 5.537134283570893, 2.336384096024006, 8.25821455363841, 6.26646651027045e-05, 0.00011208421570173999, 0.42460615153788445, 0.8733683420855214, 0.5173369457141045, 0.4826630542858965, 1.800900225056264, 4.556039009752438]","[26.83437402659936, 12.253603412419608, 31.254649050986565, 25.208890573644023, 0.00025038288253314645, 0.0004840743561709058, 0.49428308449114194, 0.33255989103967254, 0.4059512770967514, 0.4059512770967514, 1.7372316147302536, 4.286291052556282]",0,NA,0.5518048158998885,0.5419727016770719,15,19,16.0,0.0,0.001,0.0,2.0
2023-01-23,History + Forward GAT,48,2022-10-17,2023-01-09,2023-01-16,6665,809,747,0.5,0.9513274336283186,1.053921568627451,0.5255813953488372,14,6665,"[2.0688672168042013, 5.537134283570893, 2.336384096024006, 8.25821455363841, 6.26646651027045e-05, 0.00011208421570173999, 0.42460615153788445, 0.8733683420855214, 0.5173369457141045, 0.4826630542858965, 1.800900225056264, 4.556039009752438]","[26.83437402659936, 12.253603412419608, 31.254649050986565, 25.208890573644023, 0.00025038288253314645, 0.0004840743561709058, 0.49428308449114194, 0.33255989103967254, 0.4059512770967514, 0.4059512770967514, 1.7372316147302536, 4.286291052556282]",0,NA,0.5518048158998885,0.5183282387458721,4,8,16.0,0.0,0.001,0.0,2.0
2023-01-23,History + Forward GAT,49,2022-10-17,2023-01-09,2023-01-16,6665,809,747,0.5,0.9513274336283186,1.053921568627451,0.5255813953488372,14,6665,"[2.0688672168042013, 5.537134283570893, 2.336384096024006, 8.25821455363841, 6.26646651027045e-05, 0.00011208421570173999, 0.42460615153788445, 0.8733683420855214, 0.5173369457141045, 0.4826630542858965, 1.800900225056264, 4.556039009752438]","[26.83437402659936, 12.253603412419608, 31.254649050986565, 25.208890573644023, 0.00025038288253314645, 0.0004840743561709058, 0.49428308449114194, 0.33255989103967254, 0.4059512770967514, 0.4059512770967514, 1.7372316147302536, 4.286291052556282]",0,NA,0.5518048158998885,0.5255368168545635,5,9,16.0,0.0,0.001,0.0,2.0
2023-01-23,History + Forward GAT,50,2022-10-17,2023-01-09,2023-01-16,6665,809,747,0.5,0.9513274336283186,1.053921568627451,0.5255813953488372,14,6665,"[2.0688672168042013, 5.537134283570893, 2.336384096024006, 8.25821455363841, 6.26646651027045e-05, 0.00011208421570173999, 0.42460615153788445, 0.8733683420855214, 0.5173369457141045, 0.4826630542858965, 1.800900225056264, 4.556039009752438]","[26.83437402659936, 12.253603412419608, 31.254649050986565, 25.208890573644023, 0.00025038288253314645, 0.0004840743561709058, 0.49428308449114194, 0.33255989103967254, 0.4059512770967514, 0.4059512770967514, 1.7372316147302536, 4.286291052556282]",0,NA,0.5518048158998885,0.5349721763590778,15,19,16.0,0.0,0.001,0.0,2.0
2023-01-23,History + Forward GAT,51,2022-10-17,2023-01-09,2023-01-16,6665,809,747,0.5,0.9513274336283186,1.053921568627451,0.5255813953488372,14,6665,"[2.0688672168042013, 5.537134283570893, 2.336384096024006, 8.25821455363841, 6.26646651027045e-05, 0.00011208421570173999, 0.42460615153788445, 0.8733683420855214, 0.5173369457141045, 0.4826630542858965, 1.800900225056264, 4.556039009752438]","[26.83437402659936, 12.253603412419608, 31.254649050986565, 25.208890573644023, 0.00025038288253314645, 0.0004840743561709058, 0.49428308449114194, 0.33255989103967254, 0.4059512770967514, 0.4059512770967514, 1.7372316147302536, 4.286291052556282]",0,NA,0.5518048158998885,0.5361352319277848,16,20,16.0,0.0,0.001,0.0,2.0
2023-01-09,History Logistic,42,2022-10-17,2022-12-26,2023-01-02,5352,625,688,0.5,0.9591397849462365,1.044496487119438,0.5213004484304933,12,5352,"[0.4162929745889387, 0.8647234678624813, 0.5195296215928018, 0.48047037840719703, 1.6440582959641257, 4.076046337817639]","[0.49294333740994556, 0.3420187012289974, 0.4101690740156281, 0.4101690740156281, 1.5045354361113716, 3.7013422488731864]",-1,1.0,0.5404171804510773,0.5375793822060546,0,0,NA,NA,NA,NA,NA
2023-01-09,History Logistic,43,2022-10-17,2022-12-26,2023-01-02,5352,625,688,0.5,0.9591397849462365,1.044496487119438,0.5213004484304933,12,5352,"[0.4162929745889387, 0.8647234678624813, 0.5195296215928018, 0.48047037840719703, 1.6440582959641257, 4.076046337817639]","[0.49294333740994556, 0.3420187012289974, 0.4101690740156281, 0.4101690740156281, 1.5045354361113716, 3.7013422488731864]",-1,1.0,0.5404171804510773,0.5375793822060546,0,0,NA,NA,NA,NA,NA
2023-01-09,History Logistic,44,2022-10-17,2022-12-26,2023-01-02,5352,625,688,0.5,0.9591397849462365,1.044496487119438,0.5213004484304933,12,5352,"[0.4162929745889387, 0.8647234678624813, 0.5195296215928018, 0.48047037840719703, 1.6440582959641257, 4.076046337817639]","[0.49294333740994556, 0.3420187012289974, 0.4101690740156281, 0.4101690740156281, 1.5045354361113716, 3.7013422488731864]",-1,1.0,0.5404171804510773,0.5375793822060546,0,0,NA,NA,NA,NA,NA
2023-01-09,History Logistic,45,2022-10-17,2022-12-26,2023-01-02,5352,625,688,0.5,0.9591397849462365,1.044496487119438,0.5213004484304933,12,5352,"[0.4162929745889387, 0.8647234678624813, 0.5195296215928018, 0.48047037840719703, 1.6440582959641257, 4.076046337817639]","[0.49294333740994556, 0.3420187012289974, 0.4101690740156281, 0.4101690740156281, 1.5045354361113716, 3.7013422488731864]",-1,1.0,0.5404171804510773,0.5375793822060546,0,0,NA,NA,NA,NA,NA
2023-01-09,History Logistic,46,2022-10-17,2022-12-26,2023-01-02,5352,625,688,0.5,0.9591397849462365,1.044496487119438,0.5213004484304933,12,5352,"[0.4162929745889387, 0.8647234678624813, 0.5195296215928018, 0.48047037840719703, 1.6440582959641257, 4.076046337817639]","[0.49294333740994556, 0.3420187012289974, 0.4101690740156281, 0.4101690740156281, 1.5045354361113716, 3.7013422488731864]",-1,1.0,0.5404171804510773,0.5375793822060546,0,0,NA,NA,NA,NA,NA
2023-01-09,History Logistic,47,2022-10-17,2022-12-26,2023-01-02,5352,625,688,0.5,0.9591397849462365,1.044496487119438,0.5213004484304933,12,5352,"[0.4162929745889387, 0.8647234678624813, 0.5195296215928018, 0.48047037840719703, 1.6440582959641257, 4.076046337817639]","[0.49294333740994556, 0.3420187012289974, 0.4101690740156281, 0.4101690740156281, 1.5045354361113716, 3.7013422488731864]",-1,1.0,0.5404171804510773,0.5375793822060546,0,0,NA,NA,NA,NA,NA
2023-01-09,History Logistic,48,2022-10-17,2022-12-26,2023-01-02,5352,625,688,0.5,0.9591397849462365,1.044496487119438,0.5213004484304933,12,5352,"[0.4162929745889387, 0.8647234678624813, 0.5195296215928018, 0.48047037840719703, 1.6440582959641257, 4.076046337817639]","[0.49294333740994556, 0.3420187012289974, 0.4101690740156281, 0.4101690740156281, 1.5045354361113716, 3.7013422488731864]",-1,1.0,0.5404171804510773,0.5375793822060546,0,0,NA,NA,NA,NA,NA
2023-01-09,History Logistic,49,2022-10-17,2022-12-26,2023-01-02,5352,625,688,0.5,0.9591397849462365,1.044496487119438,0.5213004484304933,12,5352,"[0.4162929745889387, 0.8647234678624813, 0.5195296215928018, 0.48047037840719703, 1.6440582959641257, 4.076046337817639]","[0.49294333740994556, 0.3420187012289974, 0.4101690740156281, 0.4101690740156281, 1.5045354361113716, 3.7013422488731864]",-1,1.0,0.5404171804510773,0.5375793822060546,0,0,NA,NA,NA,NA,NA
2023-01-09,History Logistic,50,2022-10-17,2022-12-26,2023-01-02,5352,625,688,0.5,0.9591397849462365,1.044496487119438,0.5213004484304933,12,5352,"[0.4162929745889387, 0.8647234678624813, 0.5195296215928018, 0.48047037840719703, 1.6440582959641257, 4.076046337817639]","[0.49294333740994556, 0.3420187012289974, 0.4101690740156281, 0.4101690740156281, 1.5045354361113716, 3.7013422488731864]",-1,1.0,0.5404171804510773,0.5375793822060546,0,0,NA,NA,NA,NA,NA
2023-01-09,History Logistic,51,2022-10-17,2022-12-26,2023-01-02,5352,625,688,0.5,0.9591397849462365,1.044496487119438,0.5213004484304933,12,5352,"[0.4162929745889387, 0.8647234678624813, 0.5195296215928018, 0.48047037840719703, 1.6440582959641257, 4.076046337817639]","[0.49294333740994556, 0.3420187012289974, 0.4101690740156281, 0.4101690740156281, 1.5045354361113716, 3.7013422488731864]",-1,1.0,0.5404171804510773,0.5375793822060546,0,0,NA,NA,NA,NA,NA
2023-01-09,History + Structural MLP,42,2022-10-17,2022-12-26,2023-01-02,5352,625,688,0.5,0.9591397849462365,1.044496487119438,0.5213004484304933,12,5352,"[1.5840807174887892, 5.293161434977579, 1.7668161434977578, 7.726083707025411, 6.624770446121357e-05, 0.0001242560489388063, 0.4162929745889387, 0.8647234678624813, 0.5195296215928018, 0.48047037840719703, 1.6440582959641257, 4.076046337817639]","[10.358269766496479, 11.72899507337856, 11.652294584577676, 23.500836573199333, 0.00020262407701774227, 0.0005272579573676433, 0.49294333740994556, 0.3420187012289974, 0.4101690740156281, 0.4101690740156281, 1.5045354361113716, 3.7013422488731864]",1,NA,0.5404171804510773,0.5355707931041551,1,5,32.0,0.2,0.001,0.0001,4.0
2023-01-09,History + Structural MLP,43,2022-10-17,2022-12-26,2023-01-02,5352,625,688,0.5,0.9591397849462365,1.044496487119438,0.5213004484304933,12,5352,"[1.5840807174887892, 5.293161434977579, 1.7668161434977578, 7.726083707025411, 6.624770446121357e-05, 0.0001242560489388063, 0.4162929745889387, 0.8647234678624813, 0.5195296215928018, 0.48047037840719703, 1.6440582959641257, 4.076046337817639]","[10.358269766496479, 11.72899507337856, 11.652294584577676, 23.500836573199333, 0.00020262407701774227, 0.0005272579573676433, 0.49294333740994556, 0.3420187012289974, 0.4101690740156281, 0.4101690740156281, 1.5045354361113716, 3.7013422488731864]",1,NA,0.5404171804510773,0.5343681279158189,5,9,32.0,0.2,0.001,0.0001,4.0
2023-01-09,History + Structural MLP,44,2022-10-17,2022-12-26,2023-01-02,5352,625,688,0.5,0.9591397849462365,1.044496487119438,0.5213004484304933,12,5352,"[1.5840807174887892, 5.293161434977579, 1.7668161434977578, 7.726083707025411, 6.624770446121357e-05, 0.0001242560489388063, 0.4162929745889387, 0.8647234678624813, 0.5195296215928018, 0.48047037840719703, 1.6440582959641257, 4.076046337817639]","[10.358269766496479, 11.72899507337856, 11.652294584577676, 23.500836573199333, 0.00020262407701774227, 0.0005272579573676433, 0.49294333740994556, 0.3420187012289974, 0.4101690740156281, 0.4101690740156281, 1.5045354361113716, 3.7013422488731864]",1,NA,0.5404171804510773,0.5347028259262301,3,7,32.0,0.2,0.001,0.0001,4.0
2023-01-09,History + Structural MLP,45,2022-10-17,2022-12-26,2023-01-02,5352,625,688,0.5,0.9591397849462365,1.044496487119438,0.5213004484304933,12,5352,"[1.5840807174887892, 5.293161434977579, 1.7668161434977578, 7.726083707025411, 6.624770446121357e-05, 0.0001242560489388063, 0.4162929745889387, 0.8647234678624813, 0.5195296215928018, 0.48047037840719703, 1.6440582959641257, 4.076046337817639]","[10.358269766496479, 11.72899507337856, 11.652294584577676, 23.500836573199333, 0.00020262407701774227, 0.0005272579573676433, 0.49294333740994556, 0.3420187012289974, 0.4101690740156281, 0.4101690740156281, 1.5045354361113716, 3.7013422488731864]",1,NA,0.5404171804510773,0.5277630503881627,1,5,32.0,0.2,0.001,0.0001,4.0
2023-01-09,History + Structural MLP,46,2022-10-17,2022-12-26,2023-01-02,5352,625,688,0.5,0.9591397849462365,1.044496487119438,0.5213004484304933,12,5352,"[1.5840807174887892, 5.293161434977579, 1.7668161434977578, 7.726083707025411, 6.624770446121357e-05, 0.0001242560489388063, 0.4162929745889387, 0.8647234678624813, 0.5195296215928018, 0.48047037840719703, 1.6440582959641257, 4.076046337817639]","[10.358269766496479, 11.72899507337856, 11.652294584577676, 23.500836573199333, 0.00020262407701774227, 0.0005272579573676433, 0.49294333740994556, 0.3420187012289974, 0.4101690740156281, 0.4101690740156281, 1.5045354361113716, 3.7013422488731864]",1,NA,0.5404171804510773,0.5376,5,9,32.0,0.2,0.001,0.0001,4.0
2023-01-09,History + Structural MLP,47,2022-10-17,2022-12-26,2023-01-02,5352,625,688,0.5,0.9591397849462365,1.044496487119438,0.5213004484304933,12,5352,"[1.5840807174887892, 5.293161434977579, 1.7668161434977578, 7.726083707025411, 6.624770446121357e-05, 0.0001242560489388063, 0.4162929745889387, 0.8647234678624813, 0.5195296215928018, 0.48047037840719703, 1.6440582959641257, 4.076046337817639]","[10.358269766496479, 11.72899507337856, 11.652294584577676, 23.500836573199333, 0.00020262407701774227, 0.0005272579573676433, 0.49294333740994556, 0.3420187012289974, 0.4101690740156281, 0.4101690740156281, 1.5045354361113716, 3.7013422488731864]",1,NA,0.5404171804510773,0.5442834138486312,6,10,32.0,0.2,0.001,0.0001,4.0
2023-01-09,History + Structural MLP,48,2022-10-17,2022-12-26,2023-01-02,5352,625,688,0.5,0.9591397849462365,1.044496487119438,0.5213004484304933,12,5352,"[1.5840807174887892, 5.293161434977579, 1.7668161434977578, 7.726083707025411, 6.624770446121357e-05, 0.0001242560489388063, 0.4162929745889387, 0.8647234678624813, 0.5195296215928018, 0.48047037840719703, 1.6440582959641257, 4.076046337817639]","[10.358269766496479, 11.72899507337856, 11.652294584577676, 23.500836573199333, 0.00020262407701774227, 0.0005272579573676433, 0.49294333740994556, 0.3420187012289974, 0.4101690740156281, 0.4101690740156281, 1.5045354361113716, 3.7013422488731864]",1,NA,0.5404171804510773,0.5406112504626013,2,6,32.0,0.2,0.001,0.0001,4.0
2023-01-09,History + Structural MLP,49,2022-10-17,2022-12-26,2023-01-02,5352,625,688,0.5,0.9591397849462365,1.044496487119438,0.5213004484304933,12,5352,"[1.5840807174887892, 5.293161434977579, 1.7668161434977578, 7.726083707025411, 6.624770446121357e-05, 0.0001242560489388063, 0.4162929745889387, 0.8647234678624813, 0.5195296215928018, 0.48047037840719703, 1.6440582959641257, 4.076046337817639]","[10.358269766496479, 11.72899507337856, 11.652294584577676, 23.500836573199333, 0.00020262407701774227, 0.0005272579573676433, 0.49294333740994556, 0.3420187012289974, 0.4101690740156281, 0.4101690740156281, 1.5045354361113716, 3.7013422488731864]",1,NA,0.5404171804510773,0.5318641266997676,6,10,32.0,0.2,0.001,0.0001,4.0
2023-01-09,History + Structural MLP,50,2022-10-17,2022-12-26,2023-01-02,5352,625,688,0.5,0.9591397849462365,1.044496487119438,0.5213004484304933,12,5352,"[1.5840807174887892, 5.293161434977579, 1.7668161434977578, 7.726083707025411, 6.624770446121357e-05, 0.0001242560489388063, 0.4162929745889387, 0.8647234678624813, 0.5195296215928018, 0.48047037840719703, 1.6440582959641257, 4.076046337817639]","[10.358269766496479, 11.72899507337856, 11.652294584577676, 23.500836573199333, 0.00020262407701774227, 0.0005272579573676433, 0.49294333740994556, 0.3420187012289974, 0.4101690740156281, 0.4101690740156281, 1.5045354361113716, 3.7013422488731864]",1,NA,0.5404171804510773,0.5407906364962904,2,6,32.0,0.2,0.001,0.0001,4.0
2023-01-09,History + Structural MLP,51,2022-10-17,2022-12-26,2023-01-02,5352,625,688,0.5,0.9591397849462365,1.044496487119438,0.5213004484304933,12,5352,"[1.5840807174887892, 5.293161434977579, 1.7668161434977578, 7.726083707025411, 6.624770446121357e-05, 0.0001242560489388063, 0.4162929745889387, 0.8647234678624813, 0.5195296215928018, 0.48047037840719703, 1.6440582959641257, 4.076046337817639]","[10.358269766496479, 11.72899507337856, 11.652294584577676, 23.500836573199333, 0.00020262407701774227, 0.0005272579573676433, 0.49294333740994556, 0.3420187012289974, 0.4101690740156281, 0.4101690740156281, 1.5045354361113716, 3.7013422488731864]",1,NA,0.5404171804510773,0.5259132884078195,5,9,32.0,0.2,0.001,0.0001,4.0
2023-01-09,History + Reversed GAT,42,2022-10-17,2022-12-26,2023-01-02,5352,625,688,0.5,0.9591397849462365,1.044496487119438,0.5213004484304933,12,5352,"[1.5840807174887892, 5.293161434977579, 1.7668161434977578, 7.726083707025411, 6.624770446121357e-05, 0.0001242560489388063, 0.4162929745889387, 0.8647234678624813, 0.5195296215928018, 0.48047037840719703, 1.6440582959641257, 4.076046337817639]","[10.358269766496479, 11.72899507337856, 11.652294584577676, 23.500836573199333, 0.00020262407701774227, 0.0005272579573676433, 0.49294333740994556, 0.3420187012289974, 0.4101690740156281, 0.4101690740156281, 1.5045354361113716, 3.7013422488731864]",1,NA,0.5404171804510773,0.5452635677979997,20,24,32.0,0.2,0.001,0.0001,4.0
2023-01-09,History + Reversed GAT,43,2022-10-17,2022-12-26,2023-01-02,5352,625,688,0.5,0.9591397849462365,1.044496487119438,0.5213004484304933,12,5352,"[1.5840807174887892, 5.293161434977579, 1.7668161434977578, 7.726083707025411, 6.624770446121357e-05, 0.0001242560489388063, 0.4162929745889387, 0.8647234678624813, 0.5195296215928018, 0.48047037840719703, 1.6440582959641257, 4.076046337817639]","[10.358269766496479, 11.72899507337856, 11.652294584577676, 23.500836573199333, 0.00020262407701774227, 0.0005272579573676433, 0.49294333740994556, 0.3420187012289974, 0.4101690740156281, 0.4101690740156281, 1.5045354361113716, 3.7013422488731864]",1,NA,0.5404171804510773,0.5324850588008483,2,6,32.0,0.2,0.001,0.0001,4.0
2023-01-09,History + Reversed GAT,44,2022-10-17,2022-12-26,2023-01-02,5352,625,688,0.5,0.9591397849462365,1.044496487119438,0.5213004484304933,12,5352,"[1.5840807174887892, 5.293161434977579, 1.7668161434977578, 7.726083707025411, 6.624770446121357e-05, 0.0001242560489388063, 0.4162929745889387, 0.8647234678624813, 0.5195296215928018, 0.48047037840719703, 1.6440582959641257, 4.076046337817639]","[10.358269766496479, 11.72899507337856, 11.652294584577676, 23.500836573199333, 0.00020262407701774227, 0.0005272579573676433, 0.49294333740994556, 0.3420187012289974, 0.4101690740156281, 0.4101690740156281, 1.5045354361113716, 3.7013422488731864]",1,NA,0.5404171804510773,0.5170314045499506,4,8,32.0,0.2,0.001,0.0001,4.0
2023-01-09,History + Reversed GAT,45,2022-10-17,2022-12-26,2023-01-02,5352,625,688,0.5,0.9591397849462365,1.044496487119438,0.5213004484304933,12,5352,"[1.5840807174887892, 5.293161434977579, 1.7668161434977578, 7.726083707025411, 6.624770446121357e-05, 0.0001242560489388063, 0.4162929745889387, 0.8647234678624813, 0.5195296215928018, 0.48047037840719703, 1.6440582959641257, 4.076046337817639]","[10.358269766496479, 11.72899507337856, 11.652294584577676, 23.500836573199333, 0.00020262407701774227, 0.0005272579573676433, 0.49294333740994556, 0.3420187012289974, 0.4101690740156281, 0.4101690740156281, 1.5045354361113716, 3.7013422488731864]",1,NA,0.5404171804510773,0.5331303577316189,3,7,32.0,0.2,0.001,0.0001,4.0
2023-01-09,History + Reversed GAT,46,2022-10-17,2022-12-26,2023-01-02,5352,625,688,0.5,0.9591397849462365,1.044496487119438,0.5213004484304933,12,5352,"[1.5840807174887892, 5.293161434977579, 1.7668161434977578, 7.726083707025411, 6.624770446121357e-05, 0.0001242560489388063, 0.4162929745889387, 0.8647234678624813, 0.5195296215928018, 0.48047037840719703, 1.6440582959641257, 4.076046337817639]","[10.358269766496479, 11.72899507337856, 11.652294584577676, 23.500836573199333, 0.00020262407701774227, 0.0005272579573676433, 0.49294333740994556, 0.3420187012289974, 0.4101690740156281, 0.4101690740156281, 1.5045354361113716, 3.7013422488731864]",1,NA,0.5404171804510773,0.5320809181633646,12,16,32.0,0.2,0.001,0.0001,4.0
2023-01-09,History + Reversed GAT,47,2022-10-17,2022-12-26,2023-01-02,5352,625,688,0.5,0.9591397849462365,1.044496487119438,0.5213004484304933,12,5352,"[1.5840807174887892, 5.293161434977579, 1.7668161434977578, 7.726083707025411, 6.624770446121357e-05, 0.0001242560489388063, 0.4162929745889387, 0.8647234678624813, 0.5195296215928018, 0.48047037840719703, 1.6440582959641257, 4.076046337817639]","[10.358269766496479, 11.72899507337856, 11.652294584577676, 23.500836573199333, 0.00020262407701774227, 0.0005272579573676433, 0.49294333740994556, 0.3420187012289974, 0.4101690740156281, 0.4101690740156281, 1.5045354361113716, 3.7013422488731864]",1,NA,0.5404171804510773,0.4611240918882733,1,5,32.0,0.2,0.001,0.0001,4.0
2023-01-09,History + Reversed GAT,48,2022-10-17,2022-12-26,2023-01-02,5352,625,688,0.5,0.9591397849462365,1.044496487119438,0.5213004484304933,12,5352,"[1.5840807174887892, 5.293161434977579, 1.7668161434977578, 7.726083707025411, 6.624770446121357e-05, 0.0001242560489388063, 0.4162929745889387, 0.8647234678624813, 0.5195296215928018, 0.48047037840719703, 1.6440582959641257, 4.076046337817639]","[10.358269766496479, 11.72899507337856, 11.652294584577676, 23.500836573199333, 0.00020262407701774227, 0.0005272579573676433, 0.49294333740994556, 0.3420187012289974, 0.4101690740156281, 0.4101690740156281, 1.5045354361113716, 3.7013422488731864]",1,NA,0.5404171804510773,0.4895163623608092,3,7,32.0,0.2,0.001,0.0001,4.0
2023-01-09,History + Reversed GAT,49,2022-10-17,2022-12-26,2023-01-02,5352,625,688,0.5,0.9591397849462365,1.044496487119438,0.5213004484304933,12,5352,"[1.5840807174887892, 5.293161434977579, 1.7668161434977578, 7.726083707025411, 6.624770446121357e-05, 0.0001242560489388063, 0.4162929745889387, 0.8647234678624813, 0.5195296215928018, 0.48047037840719703, 1.6440582959641257, 4.076046337817639]","[10.358269766496479, 11.72899507337856, 11.652294584577676, 23.500836573199333, 0.00020262407701774227, 0.0005272579573676433, 0.49294333740994556, 0.3420187012289974, 0.4101690740156281, 0.4101690740156281, 1.5045354361113716, 3.7013422488731864]",1,NA,0.5404171804510773,0.5310271178367193,9,13,32.0,0.2,0.001,0.0001,4.0
2023-01-09,History + Reversed GAT,50,2022-10-17,2022-12-26,2023-01-02,5352,625,688,0.5,0.9591397849462365,1.044496487119438,0.5213004484304933,12,5352,"[1.5840807174887892, 5.293161434977579, 1.7668161434977578, 7.726083707025411, 6.624770446121357e-05, 0.0001242560489388063, 0.4162929745889387, 0.8647234678624813, 0.5195296215928018, 0.48047037840719703, 1.6440582959641257, 4.076046337817639]","[10.358269766496479, 11.72899507337856, 11.652294584577676, 23.500836573199333, 0.00020262407701774227, 0.0005272579573676433, 0.49294333740994556, 0.3420187012289974, 0.4101690740156281, 0.4101690740156281, 1.5045354361113716, 3.7013422488731864]",1,NA,0.5404171804510773,0.5493617294245943,9,13,32.0,0.2,0.001,0.0001,4.0
2023-01-09,History + Reversed GAT,51,2022-10-17,2022-12-26,2023-01-02,5352,625,688,0.5,0.9591397849462365,1.044496487119438,0.5213004484304933,12,5352,"[1.5840807174887892, 5.293161434977579, 1.7668161434977578, 7.726083707025411, 6.624770446121357e-05, 0.0001242560489388063, 0.4162929745889387, 0.8647234678624813, 0.5195296215928018, 0.48047037840719703, 1.6440582959641257, 4.076046337817639]","[10.358269766496479, 11.72899507337856, 11.652294584577676, 23.500836573199333, 0.00020262407701774227, 0.0005272579573676433, 0.49294333740994556, 0.3420187012289974, 0.4101690740156281, 0.4101690740156281, 1.5045354361113716, 3.7013422488731864]",1,NA,0.5404171804510773,0.5175837421756049,1,5,32.0,0.2,0.001,0.0001,4.0
2023-01-09,History + Forward GAT,42,2022-10-17,2022-12-26,2023-01-02,5352,625,688,0.5,0.9591397849462365,1.044496487119438,0.5213004484304933,12,5352,"[1.5840807174887892, 5.293161434977579, 1.7668161434977578, 7.726083707025411, 6.624770446121357e-05, 0.0001242560489388063, 0.4162929745889387, 0.8647234678624813, 0.5195296215928018, 0.48047037840719703, 1.6440582959641257, 4.076046337817639]","[10.358269766496479, 11.72899507337856, 11.652294584577676, 23.500836573199333, 0.00020262407701774227, 0.0005272579573676433, 0.49294333740994556, 0.3420187012289974, 0.4101690740156281, 0.4101690740156281, 1.5045354361113716, 3.7013422488731864]",1,NA,0.5404171804510773,0.5319264624412664,1,5,32.0,0.2,0.001,0.0001,4.0
2023-01-09,History + Forward GAT,43,2022-10-17,2022-12-26,2023-01-02,5352,625,688,0.5,0.9591397849462365,1.044496487119438,0.5213004484304933,12,5352,"[1.5840807174887892, 5.293161434977579, 1.7668161434977578, 7.726083707025411, 6.624770446121357e-05, 0.0001242560489388063, 0.4162929745889387, 0.8647234678624813, 0.5195296215928018, 0.48047037840719703, 1.6440582959641257, 4.076046337817639]","[10.358269766496479, 11.72899507337856, 11.652294584577676, 23.500836573199333, 0.00020262407701774227, 0.0005272579573676433, 0.49294333740994556, 0.3420187012289974, 0.4101690740156281, 0.4101690740156281, 1.5045354361113716, 3.7013422488731864]",1,NA,0.5404171804510773,0.5372967628064729,1,5,32.0,0.2,0.001,0.0001,4.0
2023-01-09,History + Forward GAT,44,2022-10-17,2022-12-26,2023-01-02,5352,625,688,0.5,0.9591397849462365,1.044496487119438,0.5213004484304933,12,5352,"[1.5840807174887892, 5.293161434977579, 1.7668161434977578, 7.726083707025411, 6.624770446121357e-05, 0.0001242560489388063, 0.4162929745889387, 0.8647234678624813, 0.5195296215928018, 0.48047037840719703, 1.6440582959641257, 4.076046337817639]","[10.358269766496479, 11.72899507337856, 11.652294584577676, 23.500836573199333, 0.00020262407701774227, 0.0005272579573676433, 0.49294333740994556, 0.3420187012289974, 0.4101690740156281, 0.4101690740156281, 1.5045354361113716, 3.7013422488731864]",1,NA,0.5404171804510773,0.5279456193353474,7,11,32.0,0.2,0.001,0.0001,4.0
2023-01-09,History + Forward GAT,45,2022-10-17,2022-12-26,2023-01-02,5352,625,688,0.5,0.9591397849462365,1.044496487119438,0.5213004484304933,12,5352,"[1.5840807174887892, 5.293161434977579, 1.7668161434977578, 7.726083707025411, 6.624770446121357e-05, 0.0001242560489388063, 0.4162929745889387, 0.8647234678624813, 0.5195296215928018, 0.48047037840719703, 1.6440582959641257, 4.076046337817639]","[10.358269766496479, 11.72899507337856, 11.652294584577676, 23.500836573199333, 0.00020262407701774227, 0.0005272579573676433, 0.49294333740994556, 0.3420187012289974, 0.4101690740156281, 0.4101690740156281, 1.5045354361113716, 3.7013422488731864]",1,NA,0.5404171804510773,0.5360607609502503,4,8,32.0,0.2,0.001,0.0001,4.0
2023-01-09,History + Forward GAT,46,2022-10-17,2022-12-26,2023-01-02,5352,625,688,0.5,0.9591397849462365,1.044496487119438,0.5213004484304933,12,5352,"[1.5840807174887892, 5.293161434977579, 1.7668161434977578, 7.726083707025411, 6.624770446121357e-05, 0.0001242560489388063, 0.4162929745889387, 0.8647234678624813, 0.5195296215928018, 0.48047037840719703, 1.6440582959641257, 4.076046337817639]","[10.358269766496479, 11.72899507337856, 11.652294584577676, 23.500836573199333, 0.00020262407701774227, 0.0005272579573676433, 0.49294333740994556, 0.3420187012289974, 0.4101690740156281, 0.4101690740156281, 1.5045354361113716, 3.7013422488731864]",1,NA,0.5404171804510773,0.5438664596273293,2,6,32.0,0.2,0.001,0.0001,4.0
2023-01-09,History + Forward GAT,47,2022-10-17,2022-12-26,2023-01-02,5352,625,688,0.5,0.9591397849462365,1.044496487119438,0.5213004484304933,12,5352,"[1.5840807174887892, 5.293161434977579, 1.7668161434977578, 7.726083707025411, 6.624770446121357e-05, 0.0001242560489388063, 0.4162929745889387, 0.8647234678624813, 0.5195296215928018, 0.48047037840719703, 1.6440582959641257, 4.076046337817639]","[10.358269766496479, 11.72899507337856, 11.652294584577676, 23.500836573199333, 0.00020262407701774227, 0.0005272579573676433, 0.49294333740994556, 0.3420187012289974, 0.4101690740156281, 0.4101690740156281, 1.5045354361113716, 3.7013422488731864]",1,NA,0.5404171804510773,0.5564159989905999,4,8,32.0,0.2,0.001,0.0001,4.0
2023-01-09,History + Forward GAT,48,2022-10-17,2022-12-26,2023-01-02,5352,625,688,0.5,0.9591397849462365,1.044496487119438,0.5213004484304933,12,5352,"[1.5840807174887892, 5.293161434977579, 1.7668161434977578, 7.726083707025411, 6.624770446121357e-05, 0.0001242560489388063, 0.4162929745889387, 0.8647234678624813, 0.5195296215928018, 0.48047037840719703, 1.6440582959641257, 4.076046337817639]","[10.358269766496479, 11.72899507337856, 11.652294584577676, 23.500836573199333, 0.00020262407701774227, 0.0005272579573676433, 0.49294333740994556, 0.3420187012289974, 0.4101690740156281, 0.4101690740156281, 1.5045354361113716, 3.7013422488731864]",1,NA,0.5404171804510773,0.5526774756152704,2,6,32.0,0.2,0.001,0.0001,4.0
2023-01-09,History + Forward GAT,49,2022-10-17,2022-12-26,2023-01-02,5352,625,688,0.5,0.9591397849462365,1.044496487119438,0.5213004484304933,12,5352,"[1.5840807174887892, 5.293161434977579, 1.7668161434977578, 7.726083707025411, 6.624770446121357e-05, 0.0001242560489388063, 0.4162929745889387, 0.8647234678624813, 0.5195296215928018, 0.48047037840719703, 1.6440582959641257, 4.076046337817639]","[10.358269766496479, 11.72899507337856, 11.652294584577676, 23.500836573199333, 0.00020262407701774227, 0.0005272579573676433, 0.49294333740994556, 0.3420187012289974, 0.4101690740156281, 0.4101690740156281, 1.5045354361113716, 3.7013422488731864]",1,NA,0.5404171804510773,0.5299678388915839,5,9,32.0,0.2,0.001,0.0001,4.0
2023-01-09,History + Forward GAT,50,2022-10-17,2022-12-26,2023-01-02,5352,625,688,0.5,0.9591397849462365,1.044496487119438,0.5213004484304933,12,5352,"[1.5840807174887892, 5.293161434977579, 1.7668161434977578, 7.726083707025411, 6.624770446121357e-05, 0.0001242560489388063, 0.4162929745889387, 0.8647234678624813, 0.5195296215928018, 0.48047037840719703, 1.6440582959641257, 4.076046337817639]","[10.358269766496479, 11.72899507337856, 11.652294584577676, 23.500836573199333, 0.00020262407701774227, 0.0005272579573676433, 0.49294333740994556, 0.3420187012289974, 0.4101690740156281, 0.4101690740156281, 1.5045354361113716, 3.7013422488731864]",1,NA,0.5404171804510773,0.5406306580857967,4,8,32.0,0.2,0.001,0.0001,4.0
2023-01-09,History + Forward GAT,51,2022-10-17,2022-12-26,2023-01-02,5352,625,688,0.5,0.9591397849462365,1.044496487119438,0.5213004484304933,12,5352,"[1.5840807174887892, 5.293161434977579, 1.7668161434977578, 7.726083707025411, 6.624770446121357e-05, 0.0001242560489388063, 0.4162929745889387, 0.8647234678624813, 0.5195296215928018, 0.48047037840719703, 1.6440582959641257, 4.076046337817639]","[10.358269766496479, 11.72899507337856, 11.652294584577676, 23.500836573199333, 0.00020262407701774227, 0.0005272579573676433, 0.49294333740994556, 0.3420187012289974, 0.4101690740156281, 0.4101690740156281, 1.5045354361113716, 3.7013422488731864]",1,NA,0.5404171804510773,0.5256546611044567,4,8,32.0,0.2,0.001,0.0001,4.0
2023-01-16,History Logistic,42,2022-10-17,2023-01-02,2023-01-09,5977,688,809,0.5,0.9560140754958413,1.0482286916871273,0.5230048519324075,13,5977,"[0.4191065752049523, 0.8689978249958173, 0.5195280307920932, 0.48047196920790697, 1.7210975405721933, 4.309185209971558]","[0.4934128634571001, 0.3374027343522231, 0.40752638627505633, 0.40752638627505633, 1.6200015904650307, 3.987864847486901]",-1,0.1,0.542178617150421,0.5560999240563633,0,0,NA,NA,NA,NA,NA
2023-01-16,History Logistic,43,2022-10-17,2023-01-02,2023-01-09,5977,688,809,0.5,0.9560140754958413,1.0482286916871273,0.5230048519324075,13,5977,"[0.4191065752049523, 0.8689978249958173, 0.5195280307920932, 0.48047196920790697, 1.7210975405721933, 4.309185209971558]","[0.4934128634571001, 0.3374027343522231, 0.40752638627505633, 0.40752638627505633, 1.6200015904650307, 3.987864847486901]",-1,0.1,0.542178617150421,0.5560999240563633,0,0,NA,NA,NA,NA,NA
2023-01-16,History Logistic,44,2022-10-17,2023-01-02,2023-01-09,5977,688,809,0.5,0.9560140754958413,1.0482286916871273,0.5230048519324075,13,5977,"[0.4191065752049523, 0.8689978249958173, 0.5195280307920932, 0.48047196920790697, 1.7210975405721933, 4.309185209971558]","[0.4934128634571001, 0.3374027343522231, 0.40752638627505633, 0.40752638627505633, 1.6200015904650307, 3.987864847486901]",-1,0.1,0.542178617150421,0.5560999240563633,0,0,NA,NA,NA,NA,NA
2023-01-16,History Logistic,45,2022-10-17,2023-01-02,2023-01-09,5977,688,809,0.5,0.9560140754958413,1.0482286916871273,0.5230048519324075,13,5977,"[0.4191065752049523, 0.8689978249958173, 0.5195280307920932, 0.48047196920790697, 1.7210975405721933, 4.309185209971558]","[0.4934128634571001, 0.3374027343522231, 0.40752638627505633, 0.40752638627505633, 1.6200015904650307, 3.987864847486901]",-1,0.1,0.542178617150421,0.5560999240563633,0,0,NA,NA,NA,NA,NA
2023-01-16,History Logistic,46,2022-10-17,2023-01-02,2023-01-09,5977,688,809,0.5,0.9560140754958413,1.0482286916871273,0.5230048519324075,13,5977,"[0.4191065752049523, 0.8689978249958173, 0.5195280307920932, 0.48047196920790697, 1.7210975405721933, 4.309185209971558]","[0.4934128634571001, 0.3374027343522231, 0.40752638627505633, 0.40752638627505633, 1.6200015904650307, 3.987864847486901]",-1,0.1,0.542178617150421,0.5560999240563633,0,0,NA,NA,NA,NA,NA
2023-01-16,History Logistic,47,2022-10-17,2023-01-02,2023-01-09,5977,688,809,0.5,0.9560140754958413,1.0482286916871273,0.5230048519324075,13,5977,"[0.4191065752049523, 0.8689978249958173, 0.5195280307920932, 0.48047196920790697, 1.7210975405721933, 4.309185209971558]","[0.4934128634571001, 0.3374027343522231, 0.40752638627505633, 0.40752638627505633, 1.6200015904650307, 3.987864847486901]",-1,0.1,0.542178617150421,0.5560999240563633,0,0,NA,NA,NA,NA,NA
2023-01-16,History Logistic,48,2022-10-17,2023-01-02,2023-01-09,5977,688,809,0.5,0.9560140754958413,1.0482286916871273,0.5230048519324075,13,5977,"[0.4191065752049523, 0.8689978249958173, 0.5195280307920932, 0.48047196920790697, 1.7210975405721933, 4.309185209971558]","[0.4934128634571001, 0.3374027343522231, 0.40752638627505633, 0.40752638627505633, 1.6200015904650307, 3.987864847486901]",-1,0.1,0.542178617150421,0.5560999240563633,0,0,NA,NA,NA,NA,NA
2023-01-16,History Logistic,49,2022-10-17,2023-01-02,2023-01-09,5977,688,809,0.5,0.9560140754958413,1.0482286916871273,0.5230048519324075,13,5977,"[0.4191065752049523, 0.8689978249958173, 0.5195280307920932, 0.48047196920790697, 1.7210975405721933, 4.309185209971558]","[0.4934128634571001, 0.3374027343522231, 0.40752638627505633, 0.40752638627505633, 1.6200015904650307, 3.987864847486901]",-1,0.1,0.542178617150421,0.5560999240563633,0,0,NA,NA,NA,NA,NA
2023-01-16,History Logistic,50,2022-10-17,2023-01-02,2023-01-09,5977,688,809,0.5,0.9560140754958413,1.0482286916871273,0.5230048519324075,13,5977,"[0.4191065752049523, 0.8689978249958173, 0.5195280307920932, 0.48047196920790697, 1.7210975405721933, 4.309185209971558]","[0.4934128634571001, 0.3374027343522231, 0.40752638627505633, 0.40752638627505633, 1.6200015904650307, 3.987864847486901]",-1,0.1,0.542178617150421,0.5560999240563633,0,0,NA,NA,NA,NA,NA
2023-01-16,History Logistic,51,2022-10-17,2023-01-02,2023-01-09,5977,688,809,0.5,0.9560140754958413,1.0482286916871273,0.5230048519324075,13,5977,"[0.4191065752049523, 0.8689978249958173, 0.5195280307920932, 0.48047196920790697, 1.7210975405721933, 4.309185209971558]","[0.4934128634571001, 0.3374027343522231, 0.40752638627505633, 0.40752638627505633, 1.6200015904650307, 3.987864847486901]",-1,0.1,0.542178617150421,0.5560999240563633,0,0,NA,NA,NA,NA,NA
2023-01-16,History + Structural MLP,42,2022-10-17,2023-01-02,2023-01-09,5977,688,809,0.5,0.9560140754958413,1.0482286916871273,0.5230048519324075,13,5977,"[2.0823155429145057, 5.38748536054877, 2.3526852936255644, 7.9307344821816965, 6.632018632836874e-05, 0.00011724705629273315, 0.4191065752049523, 0.8689978249958173, 0.5195280307920932, 0.48047196920790697, 1.7210975405721933, 4.309185209971558]","[27.94163681471991, 11.856967716804222, 32.59123316276841, 23.95826680810461, 0.0002624848014539498, 0.0005028846768291411, 0.4934128634571001, 0.3374027343522231, 0.40752638627505633, 0.40752638627505633, 1.6200015904650307, 3.987864847486901]",1,NA,0.542178617150421,0.543137503700884,6,10,32.0,0.2,0.001,0.0001,4.0
2023-01-16,History + Structural MLP,43,2022-10-17,2023-01-02,2023-01-09,5977,688,809,0.5,0.9560140754958413,1.0482286916871273,0.5230048519324075,13,5977,"[2.0823155429145057, 5.38748536054877, 2.3526852936255644, 7.9307344821816965, 6.632018632836874e-05, 0.00011724705629273315, 0.4191065752049523, 0.8689978249958173, 0.5195280307920932, 0.48047196920790697, 1.7210975405721933, 4.309185209971558]","[27.94163681471991, 11.856967716804222, 32.59123316276841, 23.95826680810461, 0.0002624848014539498, 0.0005028846768291411, 0.4934128634571001, 0.3374027343522231, 0.40752638627505633, 0.40752638627505633, 1.6200015904650307, 3.987864847486901]",1,NA,0.542178617150421,0.5478495339406579,9,13,32.0,0.2,0.001,0.0001,4.0
2023-01-16,History + Structural MLP,44,2022-10-17,2023-01-02,2023-01-09,5977,688,809,0.5,0.9560140754958413,1.0482286916871273,0.5230048519324075,13,5977,"[2.0823155429145057, 5.38748536054877, 2.3526852936255644, 7.9307344821816965, 6.632018632836874e-05, 0.00011724705629273315, 0.4191065752049523, 0.8689978249958173, 0.5195280307920932, 0.48047196920790697, 1.7210975405721933, 4.309185209971558]","[27.94163681471991, 11.856967716804222, 32.59123316276841, 23.95826680810461, 0.0002624848014539498, 0.0005028846768291411, 0.4934128634571001, 0.3374027343522231, 0.40752638627505633, 0.40752638627505633, 1.6200015904650307, 3.987864847486901]",1,NA,0.542178617150421,0.5520833333333333,15,19,32.0,0.2,0.001,0.0001,4.0
2023-01-16,History + Structural MLP,45,2022-10-17,2023-01-02,2023-01-09,5977,688,809,0.5,0.9560140754958413,1.0482286916871273,0.5230048519324075,13,5977,"[2.0823155429145057, 5.38748536054877, 2.3526852936255644, 7.9307344821816965, 6.632018632836874e-05, 0.00011724705629273315, 0.4191065752049523, 0.8689978249958173, 0.5195280307920932, 0.48047196920790697, 1.7210975405721933, 4.309185209971558]","[27.94163681471991, 11.856967716804222, 32.59123316276841, 23.95826680810461, 0.0002624848014539498, 0.0005028846768291411, 0.4934128634571001, 0.3374027343522231, 0.40752638627505633, 0.40752638627505633, 1.6200015904650307, 3.987864847486901]",1,NA,0.542178617150421,0.5447109092715806,8,12,32.0,0.2,0.001,0.0001,4.0
2023-01-16,History + Structural MLP,46,2022-10-17,2023-01-02,2023-01-09,5977,688,809,0.5,0.9560140754958413,1.0482286916871273,0.5230048519324075,13,5977,"[2.0823155429145057, 5.38748536054877, 2.3526852936255644, 7.9307344821816965, 6.632018632836874e-05, 0.00011724705629273315, 0.4191065752049523, 0.8689978249958173, 0.5195280307920932, 0.48047196920790697, 1.7210975405721933, 4.309185209971558]","[27.94163681471991, 11.856967716804222, 32.59123316276841, 23.95826680810461, 0.0002624848014539498, 0.0005028846768291411, 0.4934128634571001, 0.3374027343522231, 0.40752638627505633, 0.40752638627505633, 1.6200015904650307, 3.987864847486901]",1,NA,0.542178617150421,0.537907728163568,1,5,32.0,0.2,0.001,0.0001,4.0
2023-01-16,History + Structural MLP,47,2022-10-17,2023-01-02,2023-01-09,5977,688,809,0.5,0.9560140754958413,1.0482286916871273,0.5230048519324075,13,5977,"[2.0823155429145057, 5.38748536054877, 2.3526852936255644, 7.9307344821816965, 6.632018632836874e-05, 0.00011724705629273315, 0.4191065752049523, 0.8689978249958173, 0.5195280307920932, 0.48047196920790697, 1.7210975405721933, 4.309185209971558]","[27.94163681471991, 11.856967716804222, 32.59123316276841, 23.95826680810461, 0.0002624848014539498, 0.0005028846768291411, 0.4934128634571001, 0.3374027343522231, 0.40752638627505633, 0.40752638627505633, 1.6200015904650307, 3.987864847486901]",1,NA,0.542178617150421,0.5401609641620916,3,7,32.0,0.2,0.001,0.0001,4.0
2023-01-16,History + Structural MLP,48,2022-10-17,2023-01-02,2023-01-09,5977,688,809,0.5,0.9560140754958413,1.0482286916871273,0.5230048519324075,13,5977,"[2.0823155429145057, 5.38748536054877, 2.3526852936255644, 7.9307344821816965, 6.632018632836874e-05, 0.00011724705629273315, 0.4191065752049523, 0.8689978249958173, 0.5195280307920932, 0.48047196920790697, 1.7210975405721933, 4.309185209971558]","[27.94163681471991, 11.856967716804222, 32.59123316276841, 23.95826680810461, 0.0002624848014539498, 0.0005028846768291411, 0.4934128634571001, 0.3374027343522231, 0.40752638627505633, 0.40752638627505633, 1.6200015904650307, 3.987864847486901]",1,NA,0.542178617150421,0.5371776967880377,1,5,32.0,0.2,0.001,0.0001,4.0
2023-01-16,History + Structural MLP,49,2022-10-17,2023-01-02,2023-01-09,5977,688,809,0.5,0.9560140754958413,1.0482286916871273,0.5230048519324075,13,5977,"[2.0823155429145057, 5.38748536054877, 2.3526852936255644, 7.9307344821816965, 6.632018632836874e-05, 0.00011724705629273315, 0.4191065752049523, 0.8689978249958173, 0.5195280307920932, 0.48047196920790697, 1.7210975405721933, 4.309185209971558]","[27.94163681471991, 11.856967716804222, 32.59123316276841, 23.95826680810461, 0.0002624848014539498, 0.0005028846768291411, 0.4934128634571001, 0.3374027343522231, 0.40752638627505633, 0.40752638627505633, 1.6200015904650307, 3.987864847486901]",1,NA,0.542178617150421,0.5444566433758744,10,14,32.0,0.2,0.001,0.0001,4.0
2023-01-16,History + Structural MLP,50,2022-10-17,2023-01-02,2023-01-09,5977,688,809,0.5,0.9560140754958413,1.0482286916871273,0.5230048519324075,13,5977,"[2.0823155429145057, 5.38748536054877, 2.3526852936255644, 7.9307344821816965, 6.632018632836874e-05, 0.00011724705629273315, 0.4191065752049523, 0.8689978249958173, 0.5195280307920932, 0.48047196920790697, 1.7210975405721933, 4.309185209971558]","[27.94163681471991, 11.856967716804222, 32.59123316276841, 23.95826680810461, 0.0002624848014539498, 0.0005028846768291411, 0.4934128634571001, 0.3374027343522231, 0.40752638627505633, 0.40752638627505633, 1.6200015904650307, 3.987864847486901]",1,NA,0.542178617150421,0.5418017138036674,11,15,32.0,0.2,0.001,0.0001,4.0
2023-01-16,History + Structural MLP,51,2022-10-17,2023-01-02,2023-01-09,5977,688,809,0.5,0.9560140754958413,1.0482286916871273,0.5230048519324075,13,5977,"[2.0823155429145057, 5.38748536054877, 2.3526852936255644, 7.9307344821816965, 6.632018632836874e-05, 0.00011724705629273315, 0.4191065752049523, 0.8689978249958173, 0.5195280307920932, 0.48047196920790697, 1.7210975405721933, 4.309185209971558]","[27.94163681471991, 11.856967716804222, 32.59123316276841, 23.95826680810461, 0.0002624848014539498, 0.0005028846768291411, 0.4934128634571001, 0.3374027343522231, 0.40752638627505633, 0.40752638627505633, 1.6200015904650307, 3.987864847486901]",1,NA,0.542178617150421,0.5521401337425076,15,19,32.0,0.2,0.001,0.0001,4.0
2023-01-16,History + Reversed GAT,42,2022-10-17,2023-01-02,2023-01-09,5977,688,809,0.5,0.9560140754958413,1.0482286916871273,0.5230048519324075,13,5977,"[2.0823155429145057, 5.38748536054877, 2.3526852936255644, 7.9307344821816965, 6.632018632836874e-05, 0.00011724705629273315, 0.4191065752049523, 0.8689978249958173, 0.5195280307920932, 0.48047196920790697, 1.7210975405721933, 4.309185209971558]","[27.94163681471991, 11.856967716804222, 32.59123316276841, 23.95826680810461, 0.0002624848014539498, 0.0005028846768291411, 0.4934128634571001, 0.3374027343522231, 0.40752638627505633, 0.40752638627505633, 1.6200015904650307, 3.987864847486901]",1,NA,0.542178617150421,0.5412197305999581,11,15,32.0,0.2,0.001,0.0001,4.0
2023-01-16,History + Reversed GAT,43,2022-10-17,2023-01-02,2023-01-09,5977,688,809,0.5,0.9560140754958413,1.0482286916871273,0.5230048519324075,13,5977,"[2.0823155429145057, 5.38748536054877, 2.3526852936255644, 7.9307344821816965, 6.632018632836874e-05, 0.00011724705629273315, 0.4191065752049523, 0.8689978249958173, 0.5195280307920932, 0.48047196920790697, 1.7210975405721933, 4.309185209971558]","[27.94163681471991, 11.856967716804222, 32.59123316276841, 23.95826680810461, 0.0002624848014539498, 0.0005028846768291411, 0.4934128634571001, 0.3374027343522231, 0.40752638627505633, 0.40752638627505633, 1.6200015904650307, 3.987864847486901]",1,NA,0.542178617150421,0.5058901716135533,4,8,32.0,0.2,0.001,0.0001,4.0
2023-01-16,History + Reversed GAT,44,2022-10-17,2023-01-02,2023-01-09,5977,688,809,0.5,0.9560140754958413,1.0482286916871273,0.5230048519324075,13,5977,"[2.0823155429145057, 5.38748536054877, 2.3526852936255644, 7.9307344821816965, 6.632018632836874e-05, 0.00011724705629273315, 0.4191065752049523, 0.8689978249958173, 0.5195280307920932, 0.48047196920790697, 1.7210975405721933, 4.309185209971558]","[27.94163681471991, 11.856967716804222, 32.59123316276841, 23.95826680810461, 0.0002624848014539498, 0.0005028846768291411, 0.4934128634571001, 0.3374027343522231, 0.40752638627505633, 0.40752638627505633, 1.6200015904650307, 3.987864847486901]",1,NA,0.542178617150421,0.4962586761469443,1,5,32.0,0.2,0.001,0.0001,4.0
2023-01-16,History + Reversed GAT,45,2022-10-17,2023-01-02,2023-01-09,5977,688,809,0.5,0.9560140754958413,1.0482286916871273,0.5230048519324075,13,5977,"[2.0823155429145057, 5.38748536054877, 2.3526852936255644, 7.9307344821816965, 6.632018632836874e-05, 0.00011724705629273315, 0.4191065752049523, 0.8689978249958173, 0.5195280307920932, 0.48047196920790697, 1.7210975405721933, 4.309185209971558]","[27.94163681471991, 11.856967716804222, 32.59123316276841, 23.95826680810461, 0.0002624848014539498, 0.0005028846768291411, 0.4934128634571001, 0.3374027343522231, 0.40752638627505633, 0.40752638627505633, 1.6200015904650307, 3.987864847486901]",1,NA,0.542178617150421,0.5163573817078513,2,6,32.0,0.2,0.001,0.0001,4.0
2023-01-16,History + Reversed GAT,46,2022-10-17,2023-01-02,2023-01-09,5977,688,809,0.5,0.9560140754958413,1.0482286916871273,0.5230048519324075,13,5977,"[2.0823155429145057, 5.38748536054877, 2.3526852936255644, 7.9307344821816965, 6.632018632836874e-05, 0.00011724705629273315, 0.4191065752049523, 0.8689978249958173, 0.5195280307920932, 0.48047196920790697, 1.7210975405721933, 4.309185209971558]","[27.94163681471991, 11.856967716804222, 32.59123316276841, 23.95826680810461, 0.0002624848014539498, 0.0005028846768291411, 0.4934128634571001, 0.3374027343522231, 0.40752638627505633, 0.40752638627505633, 1.6200015904650307, 3.987864847486901]",1,NA,0.542178617150421,0.5390250655754683,9,13,32.0,0.2,0.001,0.0001,4.0
2023-01-16,History + Reversed GAT,47,2022-10-17,2023-01-02,2023-01-09,5977,688,809,0.5,0.9560140754958413,1.0482286916871273,0.5230048519324075,13,5977,"[2.0823155429145057, 5.38748536054877, 2.3526852936255644, 7.9307344821816965, 6.632018632836874e-05, 0.00011724705629273315, 0.4191065752049523, 0.8689978249958173, 0.5195280307920932, 0.48047196920790697, 1.7210975405721933, 4.309185209971558]","[27.94163681471991, 11.856967716804222, 32.59123316276841, 23.95826680810461, 0.0002624848014539498, 0.0005028846768291411, 0.4934128634571001, 0.3374027343522231, 0.40752638627505633, 0.40752638627505633, 1.6200015904650307, 3.987864847486901]",1,NA,0.542178617150421,0.5104910714285714,5,9,32.0,0.2,0.001,0.0001,4.0
2023-01-16,History + Reversed GAT,48,2022-10-17,2023-01-02,2023-01-09,5977,688,809,0.5,0.9560140754958413,1.0482286916871273,0.5230048519324075,13,5977,"[2.0823155429145057, 5.38748536054877, 2.3526852936255644, 7.9307344821816965, 6.632018632836874e-05, 0.00011724705629273315, 0.4191065752049523, 0.8689978249958173, 0.5195280307920932, 0.48047196920790697, 1.7210975405721933, 4.309185209971558]","[27.94163681471991, 11.856967716804222, 32.59123316276841, 23.95826680810461, 0.0002624848014539498, 0.0005028846768291411, 0.4934128634571001, 0.3374027343522231, 0.40752638627505633, 0.40752638627505633, 1.6200015904650307, 3.987864847486901]",1,NA,0.542178617150421,0.5209239130434783,6,10,32.0,0.2,0.001,0.0001,4.0
2023-01-16,History + Reversed GAT,49,2022-10-17,2023-01-02,2023-01-09,5977,688,809,0.5,0.9560140754958413,1.0482286916871273,0.5230048519324075,13,5977,"[2.0823155429145057, 5.38748536054877, 2.3526852936255644, 7.9307344821816965, 6.632018632836874e-05, 0.00011724705629273315, 0.4191065752049523, 0.8689978249958173, 0.5195280307920932, 0.48047196920790697, 1.7210975405721933, 4.309185209971558]","[27.94163681471991, 11.856967716804222, 32.59123316276841, 23.95826680810461, 0.0002624848014539498, 0.0005028846768291411, 0.4934128634571001, 0.3374027343522231, 0.40752638627505633, 0.40752638627505633, 1.6200015904650307, 3.987864847486901]",1,NA,0.542178617150421,0.5317828670944398,18,22,32.0,0.2,0.001,0.0001,4.0
2023-01-16,History + Reversed GAT,50,2022-10-17,2023-01-02,2023-01-09,5977,688,809,0.5,0.9560140754958413,1.0482286916871273,0.5230048519324075,13,5977,"[2.0823155429145057, 5.38748536054877, 2.3526852936255644, 7.9307344821816965, 6.632018632836874e-05, 0.00011724705629273315, 0.4191065752049523, 0.8689978249958173, 0.5195280307920932, 0.48047196920790697, 1.7210975405721933, 4.309185209971558]","[27.94163681471991, 11.856967716804222, 32.59123316276841, 23.95826680810461, 0.0002624848014539498, 0.0005028846768291411, 0.4934128634571001, 0.3374027343522231, 0.40752638627505633, 0.40752638627505633, 1.6200015904650307, 3.987864847486901]",1,NA,0.542178617150421,0.5252325232523252,6,10,32.0,0.2,0.001,0.0001,4.0
2023-01-16,History + Reversed GAT,51,2022-10-17,2023-01-02,2023-01-09,5977,688,809,0.5,0.9560140754958413,1.0482286916871273,0.5230048519324075,13,5977,"[2.0823155429145057, 5.38748536054877, 2.3526852936255644, 7.9307344821816965, 6.632018632836874e-05, 0.00011724705629273315, 0.4191065752049523, 0.8689978249958173, 0.5195280307920932, 0.48047196920790697, 1.7210975405721933, 4.309185209971558]","[27.94163681471991, 11.856967716804222, 32.59123316276841, 23.95826680810461, 0.0002624848014539498, 0.0005028846768291411, 0.4934128634571001, 0.3374027343522231, 0.40752638627505633, 0.40752638627505633, 1.6200015904650307, 3.987864847486901]",1,NA,0.542178617150421,0.4871139510117146,2,6,32.0,0.2,0.001,0.0001,4.0
2023-01-16,History + Forward GAT,42,2022-10-17,2023-01-02,2023-01-09,5977,688,809,0.5,0.9560140754958413,1.0482286916871273,0.5230048519324075,13,5977,"[2.0823155429145057, 5.38748536054877, 2.3526852936255644, 7.9307344821816965, 6.632018632836874e-05, 0.00011724705629273315, 0.4191065752049523, 0.8689978249958173, 0.5195280307920932, 0.48047196920790697, 1.7210975405721933, 4.309185209971558]","[27.94163681471991, 11.856967716804222, 32.59123316276841, 23.95826680810461, 0.0002624848014539498, 0.0005028846768291411, 0.4934128634571001, 0.3374027343522231, 0.40752638627505633, 0.40752638627505633, 1.6200015904650307, 3.987864847486901]",1,NA,0.542178617150421,0.5362578523991945,3,7,32.0,0.2,0.001,0.0001,4.0
2023-01-16,History + Forward GAT,43,2022-10-17,2023-01-02,2023-01-09,5977,688,809,0.5,0.9560140754958413,1.0482286916871273,0.5230048519324075,13,5977,"[2.0823155429145057, 5.38748536054877, 2.3526852936255644, 7.9307344821816965, 6.632018632836874e-05, 0.00011724705629273315, 0.4191065752049523, 0.8689978249958173, 0.5195280307920932, 0.48047196920790697, 1.7210975405721933, 4.309185209971558]","[27.94163681471991, 11.856967716804222, 32.59123316276841, 23.95826680810461, 0.0002624848014539498, 0.0005028846768291411, 0.4934128634571001, 0.3374027343522231, 0.40752638627505633, 0.40752638627505633, 1.6200015904650307, 3.987864847486901]",1,NA,0.542178617150421,0.540682148531251,4,8,32.0,0.2,0.001,0.0001,4.0
2023-01-16,History + Forward GAT,44,2022-10-17,2023-01-02,2023-01-09,5977,688,809,0.5,0.9560140754958413,1.0482286916871273,0.5230048519324075,13,5977,"[2.0823155429145057, 5.38748536054877, 2.3526852936255644, 7.9307344821816965, 6.632018632836874e-05, 0.00011724705629273315, 0.4191065752049523, 0.8689978249958173, 0.5195280307920932, 0.48047196920790697, 1.7210975405721933, 4.309185209971558]","[27.94163681471991, 11.856967716804222, 32.59123316276841, 23.95826680810461, 0.0002624848014539498, 0.0005028846768291411, 0.4934128634571001, 0.3374027343522231, 0.40752638627505633, 0.40752638627505633, 1.6200015904650307, 3.987864847486901]",1,NA,0.542178617150421,0.537399776717751,5,9,32.0,0.2,0.001,0.0001,4.0
2023-01-16,History + Forward GAT,45,2022-10-17,2023-01-02,2023-01-09,5977,688,809,0.5,0.9560140754958413,1.0482286916871273,0.5230048519324075,13,5977,"[2.0823155429145057, 5.38748536054877, 2.3526852936255644, 7.9307344821816965, 6.632018632836874e-05, 0.00011724705629273315, 0.4191065752049523, 0.8689978249958173, 0.5195280307920932, 0.48047196920790697, 1.7210975405721933, 4.309185209971558]","[27.94163681471991, 11.856967716804222, 32.59123316276841, 23.95826680810461, 0.0002624848014539498, 0.0005028846768291411, 0.4934128634571001, 0.3374027343522231, 0.40752638627505633, 0.40752638627505633, 1.6200015904650307, 3.987864847486901]",1,NA,0.542178617150421,0.5416389073950699,4,8,32.0,0.2,0.001,0.0001,4.0
2023-01-16,History + Forward GAT,46,2022-10-17,2023-01-02,2023-01-09,5977,688,809,0.5,0.9560140754958413,1.0482286916871273,0.5230048519324075,13,5977,"[2.0823155429145057, 5.38748536054877, 2.3526852936255644, 7.9307344821816965, 6.632018632836874e-05, 0.00011724705629273315, 0.4191065752049523, 0.8689978249958173, 0.5195280307920932, 0.48047196920790697, 1.7210975405721933, 4.309185209971558]","[27.94163681471991, 11.856967716804222, 32.59123316276841, 23.95826680810461, 0.0002624848014539498, 0.0005028846768291411, 0.4934128634571001, 0.3374027343522231, 0.40752638627505633, 0.40752638627505633, 1.6200015904650307, 3.987864847486901]",1,NA,0.542178617150421,0.5392432126386151,7,11,32.0,0.2,0.001,0.0001,4.0
2023-01-16,History + Forward GAT,47,2022-10-17,2023-01-02,2023-01-09,5977,688,809,0.5,0.9560140754958413,1.0482286916871273,0.5230048519324075,13,5977,"[2.0823155429145057, 5.38748536054877, 2.3526852936255644, 7.9307344821816965, 6.632018632836874e-05, 0.00011724705629273315, 0.4191065752049523, 0.8689978249958173, 0.5195280307920932, 0.48047196920790697, 1.7210975405721933, 4.309185209971558]","[27.94163681471991, 11.856967716804222, 32.59123316276841, 23.95826680810461, 0.0002624848014539498, 0.0005028846768291411, 0.4934128634571001, 0.3374027343522231, 0.40752638627505633, 0.40752638627505633, 1.6200015904650307, 3.987864847486901]",1,NA,0.542178617150421,0.5316541865214433,4,8,32.0,0.2,0.001,0.0001,4.0
2023-01-16,History + Forward GAT,48,2022-10-17,2023-01-02,2023-01-09,5977,688,809,0.5,0.9560140754958413,1.0482286916871273,0.5230048519324075,13,5977,"[2.0823155429145057, 5.38748536054877, 2.3526852936255644, 7.9307344821816965, 6.632018632836874e-05, 0.00011724705629273315, 0.4191065752049523, 0.8689978249958173, 0.5195280307920932, 0.48047196920790697, 1.7210975405721933, 4.309185209971558]","[27.94163681471991, 11.856967716804222, 32.59123316276841, 23.95826680810461, 0.0002624848014539498, 0.0005028846768291411, 0.4934128634571001, 0.3374027343522231, 0.40752638627505633, 0.40752638627505633, 1.6200015904650307, 3.987864847486901]",1,NA,0.542178617150421,0.5232256583366637,3,7,32.0,0.2,0.001,0.0001,4.0
2023-01-16,History + Forward GAT,49,2022-10-17,2023-01-02,2023-01-09,5977,688,809,0.5,0.9560140754958413,1.0482286916871273,0.5230048519324075,13,5977,"[2.0823155429145057, 5.38748536054877, 2.3526852936255644, 7.9307344821816965, 6.632018632836874e-05, 0.00011724705629273315, 0.4191065752049523, 0.8689978249958173, 0.5195280307920932, 0.48047196920790697, 1.7210975405721933, 4.309185209971558]","[27.94163681471991, 11.856967716804222, 32.59123316276841, 23.95826680810461, 0.0002624848014539498, 0.0005028846768291411, 0.4934128634571001, 0.3374027343522231, 0.40752638627505633, 0.40752638627505633, 1.6200015904650307, 3.987864847486901]",1,NA,0.542178617150421,0.5401380804115338,9,13,32.0,0.2,0.001,0.0001,4.0
2023-01-16,History + Forward GAT,50,2022-10-17,2023-01-02,2023-01-09,5977,688,809,0.5,0.9560140754958413,1.0482286916871273,0.5230048519324075,13,5977,"[2.0823155429145057, 5.38748536054877, 2.3526852936255644, 7.9307344821816965, 6.632018632836874e-05, 0.00011724705629273315, 0.4191065752049523, 0.8689978249958173, 0.5195280307920932, 0.48047196920790697, 1.7210975405721933, 4.309185209971558]","[27.94163681471991, 11.856967716804222, 32.59123316276841, 23.95826680810461, 0.0002624848014539498, 0.0005028846768291411, 0.4934128634571001, 0.3374027343522231, 0.40752638627505633, 0.40752638627505633, 1.6200015904650307, 3.987864847486901]",1,NA,0.542178617150421,0.5391653266788234,7,11,32.0,0.2,0.001,0.0001,4.0
2023-01-16,History + Forward GAT,51,2022-10-17,2023-01-02,2023-01-09,5977,688,809,0.5,0.9560140754958413,1.0482286916871273,0.5230048519324075,13,5977,"[2.0823155429145057, 5.38748536054877, 2.3526852936255644, 7.9307344821816965, 6.632018632836874e-05, 0.00011724705629273315, 0.4191065752049523, 0.8689978249958173, 0.5195280307920932, 0.48047196920790697, 1.7210975405721933, 4.309185209971558]","[27.94163681471991, 11.856967716804222, 32.59123316276841, 23.95826680810461, 0.0002624848014539498, 0.0005028846768291411, 0.4934128634571001, 0.3374027343522231, 0.40752638627505633, 0.40752638627505633, 1.6200015904650307, 3.987864847486901]",1,NA,0.542178617150421,0.5402275514951571,9,13,32.0,0.2,0.001,0.0001,4.0
2023-02-06,History Logistic,42,2022-10-17,2023-01-23,2023-01-30,8221,745,738,0.5,0.9590527298180122,1.044599745870394,0.5213477679114463,16,8221,"[0.42695535822892594, 0.8793334144264688, 0.5153597573517441, 0.48464024264825695, 1.9508575599075537, 5.035518793334144]","[0.4946357046438725, 0.3257394061202004, 0.4010231511931829, 0.40102315119318294, 1.942681457702663, 4.889580267950659]",-1,1.0,0.5368379045405138,0.5437795011028197,0,0,NA,NA,NA,NA,NA
2023-02-06,History Logistic,43,2022-10-17,2023-01-23,2023-01-30,8221,745,738,0.5,0.9590527298180122,1.044599745870394,0.5213477679114463,16,8221,"[0.42695535822892594, 0.8793334144264688, 0.5153597573517441, 0.48464024264825695, 1.9508575599075537, 5.035518793334144]","[0.4946357046438725, 0.3257394061202004, 0.4010231511931829, 0.40102315119318294, 1.942681457702663, 4.889580267950659]",-1,1.0,0.5368379045405138,0.5437795011028197,0,0,NA,NA,NA,NA,NA
2023-02-06,History Logistic,44,2022-10-17,2023-01-23,2023-01-30,8221,745,738,0.5,0.9590527298180122,1.044599745870394,0.5213477679114463,16,8221,"[0.42695535822892594, 0.8793334144264688, 0.5153597573517441, 0.48464024264825695, 1.9508575599075537, 5.035518793334144]","[0.4946357046438725, 0.3257394061202004, 0.4010231511931829, 0.40102315119318294, 1.942681457702663, 4.889580267950659]",-1,1.0,0.5368379045405138,0.5437795011028197,0,0,NA,NA,NA,NA,NA
2023-02-06,History Logistic,45,2022-10-17,2023-01-23,2023-01-30,8221,745,738,0.5,0.9590527298180122,1.044599745870394,0.5213477679114463,16,8221,"[0.42695535822892594, 0.8793334144264688, 0.5153597573517441, 0.48464024264825695, 1.9508575599075537, 5.035518793334144]","[0.4946357046438725, 0.3257394061202004, 0.4010231511931829, 0.40102315119318294, 1.942681457702663, 4.889580267950659]",-1,1.0,0.5368379045405138,0.5437795011028197,0,0,NA,NA,NA,NA,NA
2023-02-06,History Logistic,46,2022-10-17,2023-01-23,2023-01-30,8221,745,738,0.5,0.9590527298180122,1.044599745870394,0.5213477679114463,16,8221,"[0.42695535822892594, 0.8793334144264688, 0.5153597573517441, 0.48464024264825695, 1.9508575599075537, 5.035518793334144]","[0.4946357046438725, 0.3257394061202004, 0.4010231511931829, 0.40102315119318294, 1.942681457702663, 4.889580267950659]",-1,1.0,0.5368379045405138,0.5437795011028197,0,0,NA,NA,NA,NA,NA
2023-02-06,History Logistic,47,2022-10-17,2023-01-23,2023-01-30,8221,745,738,0.5,0.9590527298180122,1.044599745870394,0.5213477679114463,16,8221,"[0.42695535822892594, 0.8793334144264688, 0.5153597573517441, 0.48464024264825695, 1.9508575599075537, 5.035518793334144]","[0.4946357046438725, 0.3257394061202004, 0.4010231511931829, 0.40102315119318294, 1.942681457702663, 4.889580267950659]",-1,1.0,0.5368379045405138,0.5437795011028197,0,0,NA,NA,NA,NA,NA
2023-02-06,History Logistic,48,2022-10-17,2023-01-23,2023-01-30,8221,745,738,0.5,0.9590527298180122,1.044599745870394,0.5213477679114463,16,8221,"[0.42695535822892594, 0.8793334144264688, 0.5153597573517441, 0.48464024264825695, 1.9508575599075537, 5.035518793334144]","[0.4946357046438725, 0.3257394061202004, 0.4010231511931829, 0.40102315119318294, 1.942681457702663, 4.889580267950659]",-1,1.0,0.5368379045405138,0.5437795011028197,0,0,NA,NA,NA,NA,NA
2023-02-06,History Logistic,49,2022-10-17,2023-01-23,2023-01-30,8221,745,738,0.5,0.9590527298180122,1.044599745870394,0.5213477679114463,16,8221,"[0.42695535822892594, 0.8793334144264688, 0.5153597573517441, 0.48464024264825695, 1.9508575599075537, 5.035518793334144]","[0.4946357046438725, 0.3257394061202004, 0.4010231511931829, 0.40102315119318294, 1.942681457702663, 4.889580267950659]",-1,1.0,0.5368379045405138,0.5437795011028197,0,0,NA,NA,NA,NA,NA
2023-02-06,History Logistic,50,2022-10-17,2023-01-23,2023-01-30,8221,745,738,0.5,0.9590527298180122,1.044599745870394,0.5213477679114463,16,8221,"[0.42695535822892594, 0.8793334144264688, 0.5153597573517441, 0.48464024264825695, 1.9508575599075537, 5.035518793334144]","[0.4946357046438725, 0.3257394061202004, 0.4010231511931829, 0.40102315119318294, 1.942681457702663, 4.889580267950659]",-1,1.0,0.5368379045405138,0.5437795011028197,0,0,NA,NA,NA,NA,NA
2023-02-06,History Logistic,51,2022-10-17,2023-01-23,2023-01-30,8221,745,738,0.5,0.9590527298180122,1.044599745870394,0.5213477679114463,16,8221,"[0.42695535822892594, 0.8793334144264688, 0.5153597573517441, 0.48464024264825695, 1.9508575599075537, 5.035518793334144]","[0.4946357046438725, 0.3257394061202004, 0.4010231511931829, 0.40102315119318294, 1.942681457702663, 4.889580267950659]",-1,1.0,0.5368379045405138,0.5437795011028197,0,0,NA,NA,NA,NA,NA
2023-02-06,History + Structural MLP,42,2022-10-17,2023-01-23,2023-01-30,8221,745,738,0.5,0.9590527298180122,1.044599745870394,0.5213477679114463,16,8221,"[2.168470988930787, 5.725702469285975, 2.4544459311519278, 8.71256538134047, 5.754328549672281e-05, 0.00010092494573824225, 0.42695535822892594, 0.8793334144264688, 0.5153597573517441, 0.48464024264825695, 1.9508575599075537, 5.035518793334144]","[25.476840774460044, 12.54663825495975, 29.628207854083094, 26.533942229834093, 0.00024287137260688933, 0.0004437617227274794, 0.4946357046438725, 0.3257394061202004, 0.4010231511931829, 0.40102315119318294, 1.942681457702663, 4.889580267950659]",1,NA,0.5368379045405138,0.5394778339860258,3,7,32.0,0.2,0.001,0.0001,4.0
2023-02-06,History + Structural MLP,43,2022-10-17,2023-01-23,2023-01-30,8221,745,738,0.5,0.9590527298180122,1.044599745870394,0.5213477679114463,16,8221,"[2.168470988930787, 5.725702469285975, 2.4544459311519278, 8.71256538134047, 5.754328549672281e-05, 0.00010092494573824225, 0.42695535822892594, 0.8793334144264688, 0.5153597573517441, 0.48464024264825695, 1.9508575599075537, 5.035518793334144]","[25.476840774460044, 12.54663825495975, 29.628207854083094, 26.533942229834093, 0.00024287137260688933, 0.0004437617227274794, 0.4946357046438725, 0.3257394061202004, 0.4010231511931829, 0.40102315119318294, 1.942681457702663, 4.889580267950659]",1,NA,0.5368379045405138,0.5402429517994023,1,5,32.0,0.2,0.001,0.0001,4.0
2023-02-06,History + Structural MLP,44,2022-10-17,2023-01-23,2023-01-30,8221,745,738,0.5,0.9590527298180122,1.044599745870394,0.5213477679114463,16,8221,"[2.168470988930787, 5.725702469285975, 2.4544459311519278, 8.71256538134047, 5.754328549672281e-05, 0.00010092494573824225, 0.42695535822892594, 0.8793334144264688, 0.5153597573517441, 0.48464024264825695, 1.9508575599075537, 5.035518793334144]","[25.476840774460044, 12.54663825495975, 29.628207854083094, 26.533942229834093, 0.00024287137260688933, 0.0004437617227274794, 0.4946357046438725, 0.3257394061202004, 0.4010231511931829, 0.40102315119318294, 1.942681457702663, 4.889580267950659]",1,NA,0.5368379045405138,0.5423700641729781,2,6,32.0,0.2,0.001,0.0001,4.0
2023-02-06,History + Structural MLP,45,2022-10-17,2023-01-23,2023-01-30,8221,745,738,0.5,0.9590527298180122,1.044599745870394,0.5213477679114463,16,8221,"[2.168470988930787, 5.725702469285975, 2.4544459311519278, 8.71256538134047, 5.754328549672281e-05, 0.00010092494573824225, 0.42695535822892594, 0.8793334144264688, 0.5153597573517441, 0.48464024264825695, 1.9508575599075537, 5.035518793334144]","[25.476840774460044, 12.54663825495975, 29.628207854083094, 26.533942229834093, 0.00024287137260688933, 0.0004437617227274794, 0.4946357046438725, 0.3257394061202004, 0.4010231511931829, 0.40102315119318294, 1.942681457702663, 4.889580267950659]",1,NA,0.5368379045405138,0.5395840427812881,2,6,32.0,0.2,0.001,0.0001,4.0
2023-02-06,History + Structural MLP,46,2022-10-17,2023-01-23,2023-01-30,8221,745,738,0.5,0.9590527298180122,1.044599745870394,0.5213477679114463,16,8221,"[2.168470988930787, 5.725702469285975, 2.4544459311519278, 8.71256538134047, 5.754328549672281e-05, 0.00010092494573824225, 0.42695535822892594, 0.8793334144264688, 0.5153597573517441, 0.48464024264825695, 1.9508575599075537, 5.035518793334144]","[25.476840774460044, 12.54663825495975, 29.628207854083094, 26.533942229834093, 0.00024287137260688933, 0.0004437617227274794, 0.4946357046438725, 0.3257394061202004, 0.4010231511931829, 0.40102315119318294, 1.942681457702663, 4.889580267950659]",1,NA,0.5368379045405138,0.5422686839312516,5,9,32.0,0.2,0.001,0.0001,4.0
2023-02-06,History + Structural MLP,47,2022-10-17,2023-01-23,2023-01-30,8221,745,738,0.5,0.9590527298180122,1.044599745870394,0.5213477679114463,16,8221,"[2.168470988930787, 5.725702469285975, 2.4544459311519278, 8.71256538134047, 5.754328549672281e-05, 0.00010092494573824225, 0.42695535822892594, 0.8793334144264688, 0.5153597573517441, 0.48464024264825695, 1.9508575599075537, 5.035518793334144]","[25.476840774460044, 12.54663825495975, 29.628207854083094, 26.533942229834093, 0.00024287137260688933, 0.0004437617227274794, 0.4946357046438725, 0.3257394061202004, 0.4010231511931829, 0.40102315119318294, 1.942681457702663, 4.889580267950659]",1,NA,0.5368379045405138,0.5552769818529131,4,8,32.0,0.2,0.001,0.0001,4.0
2023-02-06,History + Structural MLP,48,2022-10-17,2023-01-23,2023-01-30,8221,745,738,0.5,0.9590527298180122,1.044599745870394,0.5213477679114463,16,8221,"[2.168470988930787, 5.725702469285975, 2.4544459311519278, 8.71256538134047, 5.754328549672281e-05, 0.00010092494573824225, 0.42695535822892594, 0.8793334144264688, 0.5153597573517441, 0.48464024264825695, 1.9508575599075537, 5.035518793334144]","[25.476840774460044, 12.54663825495975, 29.628207854083094, 26.533942229834093, 0.00024287137260688933, 0.0004437617227274794, 0.4946357046438725, 0.3257394061202004, 0.4010231511931829, 0.40102315119318294, 1.942681457702663, 4.889580267950659]",1,NA,0.5368379045405138,0.5543616131915017,8,12,32.0,0.2,0.001,0.0001,4.0
2023-02-06,History + Structural MLP,49,2022-10-17,2023-01-23,2023-01-30,8221,745,738,0.5,0.9590527298180122,1.044599745870394,0.5213477679114463,16,8221,"[2.168470988930787, 5.725702469285975, 2.4544459311519278, 8.71256538134047, 5.754328549672281e-05, 0.00010092494573824225, 0.42695535822892594, 0.8793334144264688, 0.5153597573517441, 0.48464024264825695, 1.9508575599075537, 5.035518793334144]","[25.476840774460044, 12.54663825495975, 29.628207854083094, 26.533942229834093, 0.00024287137260688933, 0.0004437617227274794, 0.4946357046438725, 0.3257394061202004, 0.4010231511931829, 0.40102315119318294, 1.942681457702663, 4.889580267950659]",1,NA,0.5368379045405138,0.5324518002831414,10,14,32.0,0.2,0.001,0.0001,4.0
2023-02-06,History + Structural MLP,50,2022-10-17,2023-01-23,2023-01-30,8221,745,738,0.5,0.9590527298180122,1.044599745870394,0.5213477679114463,16,8221,"[2.168470988930787, 5.725702469285975, 2.4544459311519278, 8.71256538134047, 5.754328549672281e-05, 0.00010092494573824225, 0.42695535822892594, 0.8793334144264688, 0.5153597573517441, 0.48464024264825695, 1.9508575599075537, 5.035518793334144]","[25.476840774460044, 12.54663825495975, 29.628207854083094, 26.533942229834093, 0.00024287137260688933, 0.0004437617227274794, 0.4946357046438725, 0.3257394061202004, 0.4010231511931829, 0.40102315119318294, 1.942681457702663, 4.889580267950659]",1,NA,0.5368379045405138,0.5364099447194003,5,9,32.0,0.2,0.001,0.0001,4.0
2023-02-06,History + Structural MLP,51,2022-10-17,2023-01-23,2023-01-30,8221,745,738,0.5,0.9590527298180122,1.044599745870394,0.5213477679114463,16,8221,"[2.168470988930787, 5.725702469285975, 2.4544459311519278, 8.71256538134047, 5.754328549672281e-05, 0.00010092494573824225, 0.42695535822892594, 0.8793334144264688, 0.5153597573517441, 0.48464024264825695, 1.9508575599075537, 5.035518793334144]","[25.476840774460044, 12.54663825495975, 29.628207854083094, 26.533942229834093, 0.00024287137260688933, 0.0004437617227274794, 0.4946357046438725, 0.3257394061202004, 0.4010231511931829, 0.40102315119318294, 1.942681457702663, 4.889580267950659]",1,NA,0.5368379045405138,0.5286044684936289,4,8,32.0,0.2,0.001,0.0001,4.0
2023-02-06,History + Reversed GAT,42,2022-10-17,2023-01-23,2023-01-30,8221,745,738,0.5,0.9590527298180122,1.044599745870394,0.5213477679114463,16,8221,"[2.168470988930787, 5.725702469285975, 2.4544459311519278, 8.71256538134047, 5.754328549672281e-05, 0.00010092494573824225, 0.42695535822892594, 0.8793334144264688, 0.5153597573517441, 0.48464024264825695, 1.9508575599075537, 5.035518793334144]","[25.476840774460044, 12.54663825495975, 29.628207854083094, 26.533942229834093, 0.00024287137260688933, 0.0004437617227274794, 0.4946357046438725, 0.3257394061202004, 0.4010231511931829, 0.40102315119318294, 1.942681457702663, 4.889580267950659]",1,NA,0.5368379045405138,0.5341979750950019,1,5,32.0,0.2,0.001,0.0001,4.0
2023-02-06,History + Reversed GAT,43,2022-10-17,2023-01-23,2023-01-30,8221,745,738,0.5,0.9590527298180122,1.044599745870394,0.5213477679114463,16,8221,"[2.168470988930787, 5.725702469285975, 2.4544459311519278, 8.71256538134047, 5.754328549672281e-05, 0.00010092494573824225, 0.42695535822892594, 0.8793334144264688, 0.5153597573517441, 0.48464024264825695, 1.9508575599075537, 5.035518793334144]","[25.476840774460044, 12.54663825495975, 29.628207854083094, 26.533942229834093, 0.00024287137260688933, 0.0004437617227274794, 0.4946357046438725, 0.3257394061202004, 0.4010231511931829, 0.40102315119318294, 1.942681457702663, 4.889580267950659]",1,NA,0.5368379045405138,0.49043054822281607,2,6,32.0,0.2,0.001,0.0001,4.0
2023-02-06,History + Reversed GAT,44,2022-10-17,2023-01-23,2023-01-30,8221,745,738,0.5,0.9590527298180122,1.044599745870394,0.5213477679114463,16,8221,"[2.168470988930787, 5.725702469285975, 2.4544459311519278, 8.71256538134047, 5.754328549672281e-05, 0.00010092494573824225, 0.42695535822892594, 0.8793334144264688, 0.5153597573517441, 0.48464024264825695, 1.9508575599075537, 5.035518793334144]","[25.476840774460044, 12.54663825495975, 29.628207854083094, 26.533942229834093, 0.00024287137260688933, 0.0004437617227274794, 0.4946357046438725, 0.3257394061202004, 0.4010231511931829, 0.40102315119318294, 1.942681457702663, 4.889580267950659]",1,NA,0.5368379045405138,0.517676927959378,2,6,32.0,0.2,0.001,0.0001,4.0
2023-02-06,History + Reversed GAT,45,2022-10-17,2023-01-23,2023-01-30,8221,745,738,0.5,0.9590527298180122,1.044599745870394,0.5213477679114463,16,8221,"[2.168470988930787, 5.725702469285975, 2.4544459311519278, 8.71256538134047, 5.754328549672281e-05, 0.00010092494573824225, 0.42695535822892594, 0.8793334144264688, 0.5153597573517441, 0.48464024264825695, 1.9508575599075537, 5.035518793334144]","[25.476840774460044, 12.54663825495975, 29.628207854083094, 26.533942229834093, 0.00024287137260688933, 0.0004437617227274794, 0.4946357046438725, 0.3257394061202004, 0.4010231511931829, 0.40102315119318294, 1.942681457702663, 4.889580267950659]",1,NA,0.5368379045405138,0.4856024959083469,2,6,32.0,0.2,0.001,0.0001,4.0
2023-02-06,History + Reversed GAT,46,2022-10-17,2023-01-23,2023-01-30,8221,745,738,0.5,0.9590527298180122,1.044599745870394,0.5213477679114463,16,8221,"[2.168470988930787, 5.725702469285975, 2.4544459311519278, 8.71256538134047, 5.754328549672281e-05, 0.00010092494573824225, 0.42695535822892594, 0.8793334144264688, 0.5153597573517441, 0.48464024264825695, 1.9508575599075537, 5.035518793334144]","[25.476840774460044, 12.54663825495975, 29.628207854083094, 26.533942229834093, 0.00024287137260688933, 0.0004437617227274794, 0.4946357046438725, 0.3257394061202004, 0.4010231511931829, 0.40102315119318294, 1.942681457702663, 4.889580267950659]",1,NA,0.5368379045405138,0.49995419370640226,2,6,32.0,0.2,0.001,0.0001,4.0
2023-02-06,History + Reversed GAT,47,2022-10-17,2023-01-23,2023-01-30,8221,745,738,0.5,0.9590527298180122,1.044599745870394,0.5213477679114463,16,8221,"[2.168470988930787, 5.725702469285975, 2.4544459311519278, 8.71256538134047, 5.754328549672281e-05, 0.00010092494573824225, 0.42695535822892594, 0.8793334144264688, 0.5153597573517441, 0.48464024264825695, 1.9508575599075537, 5.035518793334144]","[25.476840774460044, 12.54663825495975, 29.628207854083094, 26.533942229834093, 0.00024287137260688933, 0.0004437617227274794, 0.4946357046438725, 0.3257394061202004, 0.4010231511931829, 0.40102315119318294, 1.942681457702663, 4.889580267950659]",1,NA,0.5368379045405138,0.515058619887124,4,8,32.0,0.2,0.001,0.0001,4.0
2023-02-06,History + Reversed GAT,48,2022-10-17,2023-01-23,2023-01-30,8221,745,738,0.5,0.9590527298180122,1.044599745870394,0.5213477679114463,16,8221,"[2.168470988930787, 5.725702469285975, 2.4544459311519278, 8.71256538134047, 5.754328549672281e-05, 0.00010092494573824225, 0.42695535822892594, 0.8793334144264688, 0.5153597573517441, 0.48464024264825695, 1.9508575599075537, 5.035518793334144]","[25.476840774460044, 12.54663825495975, 29.628207854083094, 26.533942229834093, 0.00024287137260688933, 0.0004437617227274794, 0.4946357046438725, 0.3257394061202004, 0.4010231511931829, 0.40102315119318294, 1.942681457702663, 4.889580267950659]",1,NA,0.5368379045405138,0.5488103821196828,15,19,32.0,0.2,0.001,0.0001,4.0
2023-02-06,History + Reversed GAT,49,2022-10-17,2023-01-23,2023-01-30,8221,745,738,0.5,0.9590527298180122,1.044599745870394,0.5213477679114463,16,8221,"[2.168470988930787, 5.725702469285975, 2.4544459311519278, 8.71256538134047, 5.754328549672281e-05, 0.00010092494573824225, 0.42695535822892594, 0.8793334144264688, 0.5153597573517441, 0.48464024264825695, 1.9508575599075537, 5.035518793334144]","[25.476840774460044, 12.54663825495975, 29.628207854083094, 26.533942229834093, 0.00024287137260688933, 0.0004437617227274794, 0.4946357046438725, 0.3257394061202004, 0.4010231511931829, 0.40102315119318294, 1.942681457702663, 4.889580267950659]",1,NA,0.5368379045405138,0.4918529746115953,1,5,32.0,0.2,0.001,0.0001,4.0
2023-02-06,History + Reversed GAT,50,2022-10-17,2023-01-23,2023-01-30,8221,745,738,0.5,0.9590527298180122,1.044599745870394,0.5213477679114463,16,8221,"[2.168470988930787, 5.725702469285975, 2.4544459311519278, 8.71256538134047, 5.754328549672281e-05, 0.00010092494573824225, 0.42695535822892594, 0.8793334144264688, 0.5153597573517441, 0.48464024264825695, 1.9508575599075537, 5.035518793334144]","[25.476840774460044, 12.54663825495975, 29.628207854083094, 26.533942229834093, 0.00024287137260688933, 0.0004437617227274794, 0.4946357046438725, 0.3257394061202004, 0.4010231511931829, 0.40102315119318294, 1.942681457702663, 4.889580267950659]",1,NA,0.5368379045405138,0.5425631532903828,13,17,32.0,0.2,0.001,0.0001,4.0
2023-02-06,History + Reversed GAT,51,2022-10-17,2023-01-23,2023-01-30,8221,745,738,0.5,0.9590527298180122,1.044599745870394,0.5213477679114463,16,8221,"[2.168470988930787, 5.725702469285975, 2.4544459311519278, 8.71256538134047, 5.754328549672281e-05, 0.00010092494573824225, 0.42695535822892594, 0.8793334144264688, 0.5153597573517441, 0.48464024264825695, 1.9508575599075537, 5.035518793334144]","[25.476840774460044, 12.54663825495975, 29.628207854083094, 26.533942229834093, 0.00024287137260688933, 0.0004437617227274794, 0.4946357046438725, 0.3257394061202004, 0.4010231511931829, 0.40102315119318294, 1.942681457702663, 4.889580267950659]",1,NA,0.5368379045405138,0.4799373762490215,1,5,32.0,0.2,0.001,0.0001,4.0
2023-02-06,History + Forward GAT,42,2022-10-17,2023-01-23,2023-01-30,8221,745,738,0.5,0.9590527298180122,1.044599745870394,0.5213477679114463,16,8221,"[2.168470988930787, 5.725702469285975, 2.4544459311519278, 8.71256538134047, 5.754328549672281e-05, 0.00010092494573824225, 0.42695535822892594, 0.8793334144264688, 0.5153597573517441, 0.48464024264825695, 1.9508575599075537, 5.035518793334144]","[25.476840774460044, 12.54663825495975, 29.628207854083094, 26.533942229834093, 0.00024287137260688933, 0.0004437617227274794, 0.4946357046438725, 0.3257394061202004, 0.4010231511931829, 0.40102315119318294, 1.942681457702663, 4.889580267950659]",1,NA,0.5368379045405138,0.5388788754993838,5,9,32.0,0.2,0.001,0.0001,4.0
2023-02-06,History + Forward GAT,43,2022-10-17,2023-01-23,2023-01-30,8221,745,738,0.5,0.9590527298180122,1.044599745870394,0.5213477679114463,16,8221,"[2.168470988930787, 5.725702469285975, 2.4544459311519278, 8.71256538134047, 5.754328549672281e-05, 0.00010092494573824225, 0.42695535822892594, 0.8793334144264688, 0.5153597573517441, 0.48464024264825695, 1.9508575599075537, 5.035518793334144]","[25.476840774460044, 12.54663825495975, 29.628207854083094, 26.533942229834093, 0.00024287137260688933, 0.0004437617227274794, 0.4946357046438725, 0.3257394061202004, 0.4010231511931829, 0.40102315119318294, 1.942681457702663, 4.889580267950659]",1,NA,0.5368379045405138,0.539514348785872,1,5,32.0,0.2,0.001,0.0001,4.0
2023-02-06,History + Forward GAT,44,2022-10-17,2023-01-23,2023-01-30,8221,745,738,0.5,0.9590527298180122,1.044599745870394,0.5213477679114463,16,8221,"[2.168470988930787, 5.725702469285975, 2.4544459311519278, 8.71256538134047, 5.754328549672281e-05, 0.00010092494573824225, 0.42695535822892594, 0.8793334144264688, 0.5153597573517441, 0.48464024264825695, 1.9508575599075537, 5.035518793334144]","[25.476840774460044, 12.54663825495975, 29.628207854083094, 26.533942229834093, 0.00024287137260688933, 0.0004437617227274794, 0.4946357046438725, 0.3257394061202004, 0.4010231511931829, 0.40102315119318294, 1.942681457702663, 4.889580267950659]",1,NA,0.5368379045405138,0.539864410831919,2,6,32.0,0.2,0.001,0.0001,4.0
2023-02-06,History + Forward GAT,45,2022-10-17,2023-01-23,2023-01-30,8221,745,738,0.5,0.9590527298180122,1.044599745870394,0.5213477679114463,16,8221,"[2.168470988930787, 5.725702469285975, 2.4544459311519278, 8.71256538134047, 5.754328549672281e-05, 0.00010092494573824225, 0.42695535822892594, 0.8793334144264688, 0.5153597573517441, 0.48464024264825695, 1.9508575599075537, 5.035518793334144]","[25.476840774460044, 12.54663825495975, 29.628207854083094, 26.533942229834093, 0.00024287137260688933, 0.0004437617227274794, 0.4946357046438725, 0.3257394061202004, 0.4010231511931829, 0.40102315119318294, 1.942681457702663, 4.889580267950659]",1,NA,0.5368379045405138,0.5395674508864139,1,5,32.0,0.2,0.001,0.0001,4.0
2023-02-06,History + Forward GAT,46,2022-10-17,2023-01-23,2023-01-30,8221,745,738,0.5,0.9590527298180122,1.044599745870394,0.5213477679114463,16,8221,"[2.168470988930787, 5.725702469285975, 2.4544459311519278, 8.71256538134047, 5.754328549672281e-05, 0.00010092494573824225, 0.42695535822892594, 0.8793334144264688, 0.5153597573517441, 0.48464024264825695, 1.9508575599075537, 5.035518793334144]","[25.476840774460044, 12.54663825495975, 29.628207854083094, 26.533942229834093, 0.00024287137260688933, 0.0004437617227274794, 0.4946357046438725, 0.3257394061202004, 0.4010231511931829, 0.40102315119318294, 1.942681457702663, 4.889580267950659]",1,NA,0.5368379045405138,0.5387463199524911,2,6,32.0,0.2,0.001,0.0001,4.0
2023-02-06,History + Forward GAT,47,2022-10-17,2023-01-23,2023-01-30,8221,745,738,0.5,0.9590527298180122,1.044599745870394,0.5213477679114463,16,8221,"[2.168470988930787, 5.725702469285975, 2.4544459311519278, 8.71256538134047, 5.754328549672281e-05, 0.00010092494573824225, 0.42695535822892594, 0.8793334144264688, 0.5153597573517441, 0.48464024264825695, 1.9508575599075537, 5.035518793334144]","[25.476840774460044, 12.54663825495975, 29.628207854083094, 26.533942229834093, 0.00024287137260688933, 0.0004437617227274794, 0.4946357046438725, 0.3257394061202004, 0.4010231511931829, 0.40102315119318294, 1.942681457702663, 4.889580267950659]",1,NA,0.5368379045405138,0.554464832696403,3,7,32.0,0.2,0.001,0.0001,4.0
2023-02-06,History + Forward GAT,48,2022-10-17,2023-01-23,2023-01-30,8221,745,738,0.5,0.9590527298180122,1.044599745870394,0.5213477679114463,16,8221,"[2.168470988930787, 5.725702469285975, 2.4544459311519278, 8.71256538134047, 5.754328549672281e-05, 0.00010092494573824225, 0.42695535822892594, 0.8793334144264688, 0.5153597573517441, 0.48464024264825695, 1.9508575599075537, 5.035518793334144]","[25.476840774460044, 12.54663825495975, 29.628207854083094, 26.533942229834093, 0.00024287137260688933, 0.0004437617227274794, 0.4946357046438725, 0.3257394061202004, 0.4010231511931829, 0.40102315119318294, 1.942681457702663, 4.889580267950659]",1,NA,0.5368379045405138,0.5509002570100205,3,7,32.0,0.2,0.001,0.0001,4.0
2023-02-06,History + Forward GAT,49,2022-10-17,2023-01-23,2023-01-30,8221,745,738,0.5,0.9590527298180122,1.044599745870394,0.5213477679114463,16,8221,"[2.168470988930787, 5.725702469285975, 2.4544459311519278, 8.71256538134047, 5.754328549672281e-05, 0.00010092494573824225, 0.42695535822892594, 0.8793334144264688, 0.5153597573517441, 0.48464024264825695, 1.9508575599075537, 5.035518793334144]","[25.476840774460044, 12.54663825495975, 29.628207854083094, 26.533942229834093, 0.00024287137260688933, 0.0004437617227274794, 0.4946357046438725, 0.3257394061202004, 0.4010231511931829, 0.40102315119318294, 1.942681457702663, 4.889580267950659]",1,NA,0.5368379045405138,0.5248306501275622,3,7,32.0,0.2,0.001,0.0001,4.0
2023-02-06,History + Forward GAT,50,2022-10-17,2023-01-23,2023-01-30,8221,745,738,0.5,0.9590527298180122,1.044599745870394,0.5213477679114463,16,8221,"[2.168470988930787, 5.725702469285975, 2.4544459311519278, 8.71256538134047, 5.754328549672281e-05, 0.00010092494573824225, 0.42695535822892594, 0.8793334144264688, 0.5153597573517441, 0.48464024264825695, 1.9508575599075537, 5.035518793334144]","[25.476840774460044, 12.54663825495975, 29.628207854083094, 26.533942229834093, 0.00024287137260688933, 0.0004437617227274794, 0.4946357046438725, 0.3257394061202004, 0.4010231511931829, 0.40102315119318294, 1.942681457702663, 4.889580267950659]",1,NA,0.5368379045405138,0.5353285166277293,2,6,32.0,0.2,0.001,0.0001,4.0
2023-02-06,History + Forward GAT,51,2022-10-17,2023-01-23,2023-01-30,8221,745,738,0.5,0.9590527298180122,1.044599745870394,0.5213477679114463,16,8221,"[2.168470988930787, 5.725702469285975, 2.4544459311519278, 8.71256538134047, 5.754328549672281e-05, 0.00010092494573824225, 0.42695535822892594, 0.8793334144264688, 0.5153597573517441, 0.48464024264825695, 1.9508575599075537, 5.035518793334144]","[25.476840774460044, 12.54663825495975, 29.628207854083094, 26.533942229834093, 0.00024287137260688933, 0.0004437617227274794, 0.4946357046438725, 0.3257394061202004, 0.4010231511931829, 0.40102315119318294, 1.942681457702663, 4.889580267950659]",1,NA,0.5368379045405138,0.5374676717804032,4,8,32.0,0.2,0.001,0.0001,4.0
2023-01-30,History Logistic,42,2022-10-17,2023-01-16,2023-01-23,7474,747,745,0.5,0.9586967675731144,1.0450223713646531,0.5215413433235215,15,7474,"[0.4244046026224244, 0.8759700294353759, 0.5155422246527495, 0.4844577753472498, 1.877843189724378, 4.8002408348943]","[0.4942522998381958, 0.3296157413813209, 0.40286077699137446, 0.40286077699137446, 1.8386723270265035, 4.58165238853617]",-1,0.01,0.5748255720162344,0.5783818179203635,0,0,NA,NA,NA,NA,NA
2023-01-30,History Logistic,43,2022-10-17,2023-01-16,2023-01-23,7474,747,745,0.5,0.9586967675731144,1.0450223713646531,0.5215413433235215,15,7474,"[0.4244046026224244, 0.8759700294353759, 0.5155422246527495, 0.4844577753472498, 1.877843189724378, 4.8002408348943]","[0.4942522998381958, 0.3296157413813209, 0.40286077699137446, 0.40286077699137446, 1.8386723270265035, 4.58165238853617]",-1,0.01,0.5748255720162344,0.5783818179203635,0,0,NA,NA,NA,NA,NA
2023-01-30,History Logistic,44,2022-10-17,2023-01-16,2023-01-23,7474,747,745,0.5,0.9586967675731144,1.0450223713646531,0.5215413433235215,15,7474,"[0.4244046026224244, 0.8759700294353759, 0.5155422246527495, 0.4844577753472498, 1.877843189724378, 4.8002408348943]","[0.4942522998381958, 0.3296157413813209, 0.40286077699137446, 0.40286077699137446, 1.8386723270265035, 4.58165238853617]",-1,0.01,0.5748255720162344,0.5783818179203635,0,0,NA,NA,NA,NA,NA
2023-01-30,History Logistic,45,2022-10-17,2023-01-16,2023-01-23,7474,747,745,0.5,0.9586967675731144,1.0450223713646531,0.5215413433235215,15,7474,"[0.4244046026224244, 0.8759700294353759, 0.5155422246527495, 0.4844577753472498, 1.877843189724378, 4.8002408348943]","[0.4942522998381958, 0.3296157413813209, 0.40286077699137446, 0.40286077699137446, 1.8386723270265035, 4.58165238853617]",-1,0.01,0.5748255720162344,0.5783818179203635,0,0,NA,NA,NA,NA,NA
2023-01-30,History Logistic,46,2022-10-17,2023-01-16,2023-01-23,7474,747,745,0.5,0.9586967675731144,1.0450223713646531,0.5215413433235215,15,7474,"[0.4244046026224244, 0.8759700294353759, 0.5155422246527495, 0.4844577753472498, 1.877843189724378, 4.8002408348943]","[0.4942522998381958, 0.3296157413813209, 0.40286077699137446, 0.40286077699137446, 1.8386723270265035, 4.58165238853617]",-1,0.01,0.5748255720162344,0.5783818179203635,0,0,NA,NA,NA,NA,NA
2023-01-30,History Logistic,47,2022-10-17,2023-01-16,2023-01-23,7474,747,745,0.5,0.9586967675731144,1.0450223713646531,0.5215413433235215,15,7474,"[0.4244046026224244, 0.8759700294353759, 0.5155422246527495, 0.4844577753472498, 1.877843189724378, 4.8002408348943]","[0.4942522998381958, 0.3296157413813209, 0.40286077699137446, 0.40286077699137446, 1.8386723270265035, 4.58165238853617]",-1,0.01,0.5748255720162344,0.5783818179203635,0,0,NA,NA,NA,NA,NA
2023-01-30,History Logistic,48,2022-10-17,2023-01-16,2023-01-23,7474,747,745,0.5,0.9586967675731144,1.0450223713646531,0.5215413433235215,15,7474,"[0.4244046026224244, 0.8759700294353759, 0.5155422246527495, 0.4844577753472498, 1.877843189724378, 4.8002408348943]","[0.4942522998381958, 0.3296157413813209, 0.40286077699137446, 0.40286077699137446, 1.8386723270265035, 4.58165238853617]",-1,0.01,0.5748255720162344,0.5783818179203635,0,0,NA,NA,NA,NA,NA
2023-01-30,History Logistic,49,2022-10-17,2023-01-16,2023-01-23,7474,747,745,0.5,0.9586967675731144,1.0450223713646531,0.5215413433235215,15,7474,"[0.4244046026224244, 0.8759700294353759, 0.5155422246527495, 0.4844577753472498, 1.877843189724378, 4.8002408348943]","[0.4942522998381958, 0.3296157413813209, 0.40286077699137446, 0.40286077699137446, 1.8386723270265035, 4.58165238853617]",-1,0.01,0.5748255720162344,0.5783818179203635,0,0,NA,NA,NA,NA,NA
2023-01-30,History Logistic,50,2022-10-17,2023-01-16,2023-01-23,7474,747,745,0.5,0.9586967675731144,1.0450223713646531,0.5215413433235215,15,7474,"[0.4244046026224244, 0.8759700294353759, 0.5155422246527495, 0.4844577753472498, 1.877843189724378, 4.8002408348943]","[0.4942522998381958, 0.3296157413813209, 0.40286077699137446, 0.40286077699137446, 1.8386723270265035, 4.58165238853617]",-1,0.01,0.5748255720162344,0.5783818179203635,0,0,NA,NA,NA,NA,NA
2023-01-30,History Logistic,51,2022-10-17,2023-01-16,2023-01-23,7474,747,745,0.5,0.9586967675731144,1.0450223713646531,0.5215413433235215,15,7474,"[0.4244046026224244, 0.8759700294353759, 0.5155422246527495, 0.4844577753472498, 1.877843189724378, 4.8002408348943]","[0.4942522998381958, 0.3296157413813209, 0.40286077699137446, 0.40286077699137446, 1.8386723270265035, 4.58165238853617]",-1,0.01,0.5748255720162344,0.5783818179203635,0,0,NA,NA,NA,NA,NA
2023-01-30,History + Structural MLP,42,2022-10-17,2023-01-16,2023-01-23,7474,747,745,0.5,0.9586967675731144,1.0450223713646531,0.5215413433235215,15,7474,"[2.146641691196147, 5.647979662831148, 2.4327000267594325, 8.521139951833021, 5.936269572647133e-05, 0.00010670697227549969, 0.4244046026224244, 0.8759700294353759, 0.5155422246527495, 0.4844577753472498, 1.877843189724378, 4.8002408348943]","[26.144852052150114, 12.509235734384415, 30.436448457676192, 26.056470959662867, 0.00023904058363441195, 0.0004639502461054025, 0.4942522998381958, 0.3296157413813209, 0.40286077699137446, 0.40286077699137446, 1.8386723270265035, 4.58165238853617]",1,NA,0.5748255720162344,0.5968699406368052,6,10,32.0,0.2,0.001,0.0001,4.0
2023-01-30,History + Structural MLP,43,2022-10-17,2023-01-16,2023-01-23,7474,747,745,0.5,0.9586967675731144,1.0450223713646531,0.5215413433235215,15,7474,"[2.146641691196147, 5.647979662831148, 2.4327000267594325, 8.521139951833021, 5.936269572647133e-05, 0.00010670697227549969, 0.4244046026224244, 0.8759700294353759, 0.5155422246527495, 0.4844577753472498, 1.877843189724378, 4.8002408348943]","[26.144852052150114, 12.509235734384415, 30.436448457676192, 26.056470959662867, 0.00023904058363441195, 0.0004639502461054025, 0.4942522998381958, 0.3296157413813209, 0.40286077699137446, 0.40286077699137446, 1.8386723270265035, 4.58165238853617]",1,NA,0.5748255720162344,0.5877194401747432,10,14,32.0,0.2,0.001,0.0001,4.0
2023-01-30,History + Structural MLP,44,2022-10-17,2023-01-16,2023-01-23,7474,747,745,0.5,0.9586967675731144,1.0450223713646531,0.5215413433235215,15,7474,"[2.146641691196147, 5.647979662831148, 2.4327000267594325, 8.521139951833021, 5.936269572647133e-05, 0.00010670697227549969, 0.4244046026224244, 0.8759700294353759, 0.5155422246527495, 0.4844577753472498, 1.877843189724378, 4.8002408348943]","[26.144852052150114, 12.509235734384415, 30.436448457676192, 26.056470959662867, 0.00023904058363441195, 0.0004639502461054025, 0.4942522998381958, 0.3296157413813209, 0.40286077699137446, 0.40286077699137446, 1.8386723270265035, 4.58165238853617]",1,NA,0.5748255720162344,0.5914072405574515,5,9,32.0,0.2,0.001,0.0001,4.0
2023-01-30,History + Structural MLP,45,2022-10-17,2023-01-16,2023-01-23,7474,747,745,0.5,0.9586967675731144,1.0450223713646531,0.5215413433235215,15,7474,"[2.146641691196147, 5.647979662831148, 2.4327000267594325, 8.521139951833021, 5.936269572647133e-05, 0.00010670697227549969, 0.4244046026224244, 0.8759700294353759, 0.5155422246527495, 0.4844577753472498, 1.877843189724378, 4.8002408348943]","[26.144852052150114, 12.509235734384415, 30.436448457676192, 26.056470959662867, 0.00023904058363441195, 0.0004639502461054025, 0.4942522998381958, 0.3296157413813209, 0.40286077699137446, 0.40286077699137446, 1.8386723270265035, 4.58165238853617]",1,NA,0.5748255720162344,0.5796451612903226,1,5,32.0,0.2,0.001,0.0001,4.0
2023-01-30,History + Structural MLP,46,2022-10-17,2023-01-16,2023-01-23,7474,747,745,0.5,0.9586967675731144,1.0450223713646531,0.5215413433235215,15,7474,"[2.146641691196147, 5.647979662831148, 2.4327000267594325, 8.521139951833021, 5.936269572647133e-05, 0.00010670697227549969, 0.4244046026224244, 0.8759700294353759, 0.5155422246527495, 0.4844577753472498, 1.877843189724378, 4.8002408348943]","[26.144852052150114, 12.509235734384415, 30.436448457676192, 26.056470959662867, 0.00023904058363441195, 0.0004639502461054025, 0.4942522998381958, 0.3296157413813209, 0.40286077699137446, 0.40286077699137446, 1.8386723270265035, 4.58165238853617]",1,NA,0.5748255720162344,0.5930205884039685,4,8,32.0,0.2,0.001,0.0001,4.0
2023-01-30,History + Structural MLP,47,2022-10-17,2023-01-16,2023-01-23,7474,747,745,0.5,0.9586967675731144,1.0450223713646531,0.5215413433235215,15,7474,"[2.146641691196147, 5.647979662831148, 2.4327000267594325, 8.521139951833021, 5.936269572647133e-05, 0.00010670697227549969, 0.4244046026224244, 0.8759700294353759, 0.5155422246527495, 0.4844577753472498, 1.877843189724378, 4.8002408348943]","[26.144852052150114, 12.509235734384415, 30.436448457676192, 26.056470959662867, 0.00023904058363441195, 0.0004639502461054025, 0.4942522998381958, 0.3296157413813209, 0.40286077699137446, 0.40286077699137446, 1.8386723270265035, 4.58165238853617]",1,NA,0.5748255720162344,0.5866700201207243,5,9,32.0,0.2,0.001,0.0001,4.0
2023-01-30,History + Structural MLP,48,2022-10-17,2023-01-16,2023-01-23,7474,747,745,0.5,0.9586967675731144,1.0450223713646531,0.5215413433235215,15,7474,"[2.146641691196147, 5.647979662831148, 2.4327000267594325, 8.521139951833021, 5.936269572647133e-05, 0.00010670697227549969, 0.4244046026224244, 0.8759700294353759, 0.5155422246527495, 0.4844577753472498, 1.877843189724378, 4.8002408348943]","[26.144852052150114, 12.509235734384415, 30.436448457676192, 26.056470959662867, 0.00023904058363441195, 0.0004639502461054025, 0.4942522998381958, 0.3296157413813209, 0.40286077699137446, 0.40286077699137446, 1.8386723270265035, 4.58165238853617]",1,NA,0.5748255720162344,0.5876774193548387,4,8,32.0,0.2,0.001,0.0001,4.0
2023-01-30,History + Structural MLP,49,2022-10-17,2023-01-16,2023-01-23,7474,747,745,0.5,0.9586967675731144,1.0450223713646531,0.5215413433235215,15,7474,"[2.146641691196147, 5.647979662831148, 2.4327000267594325, 8.521139951833021, 5.936269572647133e-05, 0.00010670697227549969, 0.4244046026224244, 0.8759700294353759, 0.5155422246527495, 0.4844577753472498, 1.877843189724378, 4.8002408348943]","[26.144852052150114, 12.509235734384415, 30.436448457676192, 26.056470959662867, 0.00023904058363441195, 0.0004639502461054025, 0.4942522998381958, 0.3296157413813209, 0.40286077699137446, 0.40286077699137446, 1.8386723270265035, 4.58165238853617]",1,NA,0.5748255720162344,0.5849052192787638,4,8,32.0,0.2,0.001,0.0001,4.0
2023-01-30,History + Structural MLP,50,2022-10-17,2023-01-16,2023-01-23,7474,747,745,0.5,0.9586967675731144,1.0450223713646531,0.5215413433235215,15,7474,"[2.146641691196147, 5.647979662831148, 2.4327000267594325, 8.521139951833021, 5.936269572647133e-05, 0.00010670697227549969, 0.4244046026224244, 0.8759700294353759, 0.5155422246527495, 0.4844577753472498, 1.877843189724378, 4.8002408348943]","[26.144852052150114, 12.509235734384415, 30.436448457676192, 26.056470959662867, 0.00023904058363441195, 0.0004639502461054025, 0.4942522998381958, 0.3296157413813209, 0.40286077699137446, 0.40286077699137446, 1.8386723270265035, 4.58165238853617]",1,NA,0.5748255720162344,0.5875946426522887,4,8,32.0,0.2,0.001,0.0001,4.0
2023-01-30,History + Structural MLP,51,2022-10-17,2023-01-16,2023-01-23,7474,747,745,0.5,0.9586967675731144,1.0450223713646531,0.5215413433235215,15,7474,"[2.146641691196147, 5.647979662831148, 2.4327000267594325, 8.521139951833021, 5.936269572647133e-05, 0.00010670697227549969, 0.4244046026224244, 0.8759700294353759, 0.5155422246527495, 0.4844577753472498, 1.877843189724378, 4.8002408348943]","[26.144852052150114, 12.509235734384415, 30.436448457676192, 26.056470959662867, 0.00023904058363441195, 0.0004639502461054025, 0.4942522998381958, 0.3296157413813209, 0.40286077699137446, 0.40286077699137446, 1.8386723270265035, 4.58165238853617]",1,NA,0.5748255720162344,0.5723036038371792,3,7,32.0,0.2,0.001,0.0001,4.0
2023-01-30,History + Reversed GAT,42,2022-10-17,2023-01-16,2023-01-23,7474,747,745,0.5,0.9586967675731144,1.0450223713646531,0.5215413433235215,15,7474,"[2.146641691196147, 5.647979662831148, 2.4327000267594325, 8.521139951833021, 5.936269572647133e-05, 0.00010670697227549969, 0.4244046026224244, 0.8759700294353759, 0.5155422246527495, 0.4844577753472498, 1.877843189724378, 4.8002408348943]","[26.144852052150114, 12.509235734384415, 30.436448457676192, 26.056470959662867, 0.00023904058363441195, 0.0004639502461054025, 0.4942522998381958, 0.3296157413813209, 0.40286077699137446, 0.40286077699137446, 1.8386723270265035, 4.58165238853617]",1,NA,0.5748255720162344,0.5527812033956636,5,9,32.0,0.2,0.001,0.0001,4.0
2023-01-30,History + Reversed GAT,43,2022-10-17,2023-01-16,2023-01-23,7474,747,745,0.5,0.9586967675731144,1.0450223713646531,0.5215413433235215,15,7474,"[2.146641691196147, 5.647979662831148, 2.4327000267594325, 8.521139951833021, 5.936269572647133e-05, 0.00010670697227549969, 0.4244046026224244, 0.8759700294353759, 0.5155422246527495, 0.4844577753472498, 1.877843189724378, 4.8002408348943]","[26.144852052150114, 12.509235734384415, 30.436448457676192, 26.056470959662867, 0.00023904058363441195, 0.0004639502461054025, 0.4942522998381958, 0.3296157413813209, 0.40286077699137446, 0.40286077699137446, 1.8386723270265035, 4.58165238853617]",1,NA,0.5748255720162344,0.4915038723846954,5,9,32.0,0.2,0.001,0.0001,4.0
2023-01-30,History + Reversed GAT,44,2022-10-17,2023-01-16,2023-01-23,7474,747,745,0.5,0.9586967675731144,1.0450223713646531,0.5215413433235215,15,7474,"[2.146641691196147, 5.647979662831148, 2.4327000267594325, 8.521139951833021, 5.936269572647133e-05, 0.00010670697227549969, 0.4244046026224244, 0.8759700294353759, 0.5155422246527495, 0.4844577753472498, 1.877843189724378, 4.8002408348943]","[26.144852052150114, 12.509235734384415, 30.436448457676192, 26.056470959662867, 0.00023904058363441195, 0.0004639502461054025, 0.4942522998381958, 0.3296157413813209, 0.40286077699137446, 0.40286077699137446, 1.8386723270265035, 4.58165238853617]",1,NA,0.5748255720162344,0.5635466386214707,17,21,32.0,0.2,0.001,0.0001,4.0
2023-01-30,History + Reversed GAT,45,2022-10-17,2023-01-16,2023-01-23,7474,747,745,0.5,0.9586967675731144,1.0450223713646531,0.5215413433235215,15,7474,"[2.146641691196147, 5.647979662831148, 2.4327000267594325, 8.521139951833021, 5.936269572647133e-05, 0.00010670697227549969, 0.4244046026224244, 0.8759700294353759, 0.5155422246527495, 0.4844577753472498, 1.877843189724378, 4.8002408348943]","[26.144852052150114, 12.509235734384415, 30.436448457676192, 26.056470959662867, 0.00023904058363441195, 0.0004639502461054025, 0.4942522998381958, 0.3296157413813209, 0.40286077699137446, 0.40286077699137446, 1.8386723270265035, 4.58165238853617]",1,NA,0.5748255720162344,0.5098425196850394,4,8,32.0,0.2,0.001,0.0001,4.0
2023-01-30,History + Reversed GAT,46,2022-10-17,2023-01-16,2023-01-23,7474,747,745,0.5,0.9586967675731144,1.0450223713646531,0.5215413433235215,15,7474,"[2.146641691196147, 5.647979662831148, 2.4327000267594325, 8.521139951833021, 5.936269572647133e-05, 0.00010670697227549969, 0.4244046026224244, 0.8759700294353759, 0.5155422246527495, 0.4844577753472498, 1.877843189724378, 4.8002408348943]","[26.144852052150114, 12.509235734384415, 30.436448457676192, 26.056470959662867, 0.00023904058363441195, 0.0004639502461054025, 0.4942522998381958, 0.3296157413813209, 0.40286077699137446, 0.40286077699137446, 1.8386723270265035, 4.58165238853617]",1,NA,0.5748255720162344,0.5632702696382217,14,18,32.0,0.2,0.001,0.0001,4.0
2023-01-30,History + Reversed GAT,47,2022-10-17,2023-01-16,2023-01-23,7474,747,745,0.5,0.9586967675731144,1.0450223713646531,0.5215413433235215,15,7474,"[2.146641691196147, 5.647979662831148, 2.4327000267594325, 8.521139951833021, 5.936269572647133e-05, 0.00010670697227549969, 0.4244046026224244, 0.8759700294353759, 0.5155422246527495, 0.4844577753472498, 1.877843189724378, 4.8002408348943]","[26.144852052150114, 12.509235734384415, 30.436448457676192, 26.056470959662867, 0.00023904058363441195, 0.0004639502461054025, 0.4942522998381958, 0.3296157413813209, 0.40286077699137446, 0.40286077699137446, 1.8386723270265035, 4.58165238853617]",1,NA,0.5748255720162344,0.5862979325919222,19,23,32.0,0.2,0.001,0.0001,4.0
2023-01-30,History + Reversed GAT,48,2022-10-17,2023-01-16,2023-01-23,7474,747,745,0.5,0.9586967675731144,1.0450223713646531,0.5215413433235215,15,7474,"[2.146641691196147, 5.647979662831148, 2.4327000267594325, 8.521139951833021, 5.936269572647133e-05, 0.00010670697227549969, 0.4244046026224244, 0.8759700294353759, 0.5155422246527495, 0.4844577753472498, 1.877843189724378, 4.8002408348943]","[26.144852052150114, 12.509235734384415, 30.436448457676192, 26.056470959662867, 0.00023904058363441195, 0.0004639502461054025, 0.4942522998381958, 0.3296157413813209, 0.40286077699137446, 0.40286077699137446, 1.8386723270265035, 4.58165238853617]",1,NA,0.5748255720162344,0.5514237315479551,4,8,32.0,0.2,0.001,0.0001,4.0
2023-01-30,History + Reversed GAT,49,2022-10-17,2023-01-16,2023-01-23,7474,747,745,0.5,0.9586967675731144,1.0450223713646531,0.5215413433235215,15,7474,"[2.146641691196147, 5.647979662831148, 2.4327000267594325, 8.521139951833021, 5.936269572647133e-05, 0.00010670697227549969, 0.4244046026224244, 0.8759700294353759, 0.5155422246527495, 0.4844577753472498, 1.877843189724378, 4.8002408348943]","[26.144852052150114, 12.509235734384415, 30.436448457676192, 26.056470959662867, 0.00023904058363441195, 0.0004639502461054025, 0.4942522998381958, 0.3296157413813209, 0.40286077699137446, 0.40286077699137446, 1.8386723270265035, 4.58165238853617]",1,NA,0.5748255720162344,0.5461717261686079,8,12,32.0,0.2,0.001,0.0001,4.0
2023-01-30,History + Reversed GAT,50,2022-10-17,2023-01-16,2023-01-23,7474,747,745,0.5,0.9586967675731144,1.0450223713646531,0.5215413433235215,15,7474,"[2.146641691196147, 5.647979662831148, 2.4327000267594325, 8.521139951833021, 5.936269572647133e-05, 0.00010670697227549969, 0.4244046026224244, 0.8759700294353759, 0.5155422246527495, 0.4844577753472498, 1.877843189724378, 4.8002408348943]","[26.144852052150114, 12.509235734384415, 30.436448457676192, 26.056470959662867, 0.00023904058363441195, 0.0004639502461054025, 0.4942522998381958, 0.3296157413813209, 0.40286077699137446, 0.40286077699137446, 1.8386723270265035, 4.58165238853617]",1,NA,0.5748255720162344,0.5484130982367759,2,6,32.0,0.2,0.001,0.0001,4.0
2023-01-30,History + Reversed GAT,51,2022-10-17,2023-01-16,2023-01-23,7474,747,745,0.5,0.9586967675731144,1.0450223713646531,0.5215413433235215,15,7474,"[2.146641691196147, 5.647979662831148, 2.4327000267594325, 8.521139951833021, 5.936269572647133e-05, 0.00010670697227549969, 0.4244046026224244, 0.8759700294353759, 0.5155422246527495, 0.4844577753472498, 1.877843189724378, 4.8002408348943]","[26.144852052150114, 12.509235734384415, 30.436448457676192, 26.056470959662867, 0.00023904058363441195, 0.0004639502461054025, 0.4942522998381958, 0.3296157413813209, 0.40286077699137446, 0.40286077699137446, 1.8386723270265035, 4.58165238853617]",1,NA,0.5748255720162344,0.5134668142744104,9,13,32.0,0.2,0.001,0.0001,4.0
2023-01-30,History + Forward GAT,42,2022-10-17,2023-01-16,2023-01-23,7474,747,745,0.5,0.9586967675731144,1.0450223713646531,0.5215413433235215,15,7474,"[2.146641691196147, 5.647979662831148, 2.4327000267594325, 8.521139951833021, 5.936269572647133e-05, 0.00010670697227549969, 0.4244046026224244, 0.8759700294353759, 0.5155422246527495, 0.4844577753472498, 1.877843189724378, 4.8002408348943]","[26.144852052150114, 12.509235734384415, 30.436448457676192, 26.056470959662867, 0.00023904058363441195, 0.0004639502461054025, 0.4942522998381958, 0.3296157413813209, 0.40286077699137446, 0.40286077699137446, 1.8386723270265035, 4.58165238853617]",1,NA,0.5748255720162344,0.5778017809819265,3,7,32.0,0.2,0.001,0.0001,4.0
2023-01-30,History + Forward GAT,43,2022-10-17,2023-01-16,2023-01-23,7474,747,745,0.5,0.9586967675731144,1.0450223713646531,0.5215413433235215,15,7474,"[2.146641691196147, 5.647979662831148, 2.4327000267594325, 8.521139951833021, 5.936269572647133e-05, 0.00010670697227549969, 0.4244046026224244, 0.8759700294353759, 0.5155422246527495, 0.4844577753472498, 1.877843189724378, 4.8002408348943]","[26.144852052150114, 12.509235734384415, 30.436448457676192, 26.056470959662867, 0.00023904058363441195, 0.0004639502461054025, 0.4942522998381958, 0.3296157413813209, 0.40286077699137446, 0.40286077699137446, 1.8386723270265035, 4.58165238853617]",1,NA,0.5748255720162344,0.5915565915565915,5,9,32.0,0.2,0.001,0.0001,4.0
2023-01-30,History + Forward GAT,44,2022-10-17,2023-01-16,2023-01-23,7474,747,745,0.5,0.9586967675731144,1.0450223713646531,0.5215413433235215,15,7474,"[2.146641691196147, 5.647979662831148, 2.4327000267594325, 8.521139951833021, 5.936269572647133e-05, 0.00010670697227549969, 0.4244046026224244, 0.8759700294353759, 0.5155422246527495, 0.4844577753472498, 1.877843189724378, 4.8002408348943]","[26.144852052150114, 12.509235734384415, 30.436448457676192, 26.056470959662867, 0.00023904058363441195, 0.0004639502461054025, 0.4942522998381958, 0.3296157413813209, 0.40286077699137446, 0.40286077699137446, 1.8386723270265035, 4.58165238853617]",1,NA,0.5748255720162344,0.5737260782453569,5,9,32.0,0.2,0.001,0.0001,4.0
2023-01-30,History + Forward GAT,45,2022-10-17,2023-01-16,2023-01-23,7474,747,745,0.5,0.9586967675731144,1.0450223713646531,0.5215413433235215,15,7474,"[2.146641691196147, 5.647979662831148, 2.4327000267594325, 8.521139951833021, 5.936269572647133e-05, 0.00010670697227549969, 0.4244046026224244, 0.8759700294353759, 0.5155422246527495, 0.4844577753472498, 1.877843189724378, 4.8002408348943]","[26.144852052150114, 12.509235734384415, 30.436448457676192, 26.056470959662867, 0.00023904058363441195, 0.0004639502461054025, 0.4942522998381958, 0.3296157413813209, 0.40286077699137446, 0.40286077699137446, 1.8386723270265035, 4.58165238853617]",1,NA,0.5748255720162344,0.5742353852109949,2,6,32.0,0.2,0.001,0.0001,4.0
2023-01-30,History + Forward GAT,46,2022-10-17,2023-01-16,2023-01-23,7474,747,745,0.5,0.9586967675731144,1.0450223713646531,0.5215413433235215,15,7474,"[2.146641691196147, 5.647979662831148, 2.4327000267594325, 8.521139951833021, 5.936269572647133e-05, 0.00010670697227549969, 0.4244046026224244, 0.8759700294353759, 0.5155422246527495, 0.4844577753472498, 1.877843189724378, 4.8002408348943]","[26.144852052150114, 12.509235734384415, 30.436448457676192, 26.056470959662867, 0.00023904058363441195, 0.0004639502461054025, 0.4942522998381958, 0.3296157413813209, 0.40286077699137446, 0.40286077699137446, 1.8386723270265035, 4.58165238853617]",1,NA,0.5748255720162344,0.5744970798182998,7,11,32.0,0.2,0.001,0.0001,4.0
2023-01-30,History + Forward GAT,47,2022-10-17,2023-01-16,2023-01-23,7474,747,745,0.5,0.9586967675731144,1.0450223713646531,0.5215413433235215,15,7474,"[2.146641691196147, 5.647979662831148, 2.4327000267594325, 8.521139951833021, 5.936269572647133e-05, 0.00010670697227549969, 0.4244046026224244, 0.8759700294353759, 0.5155422246527495, 0.4844577753472498, 1.877843189724378, 4.8002408348943]","[26.144852052150114, 12.509235734384415, 30.436448457676192, 26.056470959662867, 0.00023904058363441195, 0.0004639502461054025, 0.4942522998381958, 0.3296157413813209, 0.40286077699137446, 0.40286077699137446, 1.8386723270265035, 4.58165238853617]",1,NA,0.5748255720162344,0.5796511877965907,8,12,32.0,0.2,0.001,0.0001,4.0
2023-01-30,History + Forward GAT,48,2022-10-17,2023-01-16,2023-01-23,7474,747,745,0.5,0.9586967675731144,1.0450223713646531,0.5215413433235215,15,7474,"[2.146641691196147, 5.647979662831148, 2.4327000267594325, 8.521139951833021, 5.936269572647133e-05, 0.00010670697227549969, 0.4244046026224244, 0.8759700294353759, 0.5155422246527495, 0.4844577753472498, 1.877843189724378, 4.8002408348943]","[26.144852052150114, 12.509235734384415, 30.436448457676192, 26.056470959662867, 0.00023904058363441195, 0.0004639502461054025, 0.4942522998381958, 0.3296157413813209, 0.40286077699137446, 0.40286077699137446, 1.8386723270265035, 4.58165238853617]",1,NA,0.5748255720162344,0.5742353852109949,6,10,32.0,0.2,0.001,0.0001,4.0
2023-01-30,History + Forward GAT,49,2022-10-17,2023-01-16,2023-01-23,7474,747,745,0.5,0.9586967675731144,1.0450223713646531,0.5215413433235215,15,7474,"[2.146641691196147, 5.647979662831148, 2.4327000267594325, 8.521139951833021, 5.936269572647133e-05, 0.00010670697227549969, 0.4244046026224244, 0.8759700294353759, 0.5155422246527495, 0.4844577753472498, 1.877843189724378, 4.8002408348943]","[26.144852052150114, 12.509235734384415, 30.436448457676192, 26.056470959662867, 0.00023904058363441195, 0.0004639502461054025, 0.4942522998381958, 0.3296157413813209, 0.40286077699137446, 0.40286077699137446, 1.8386723270265035, 4.58165238853617]",1,NA,0.5748255720162344,0.5800527582777162,4,8,32.0,0.2,0.001,0.0001,4.0
2023-01-30,History + Forward GAT,50,2022-10-17,2023-01-16,2023-01-23,7474,747,745,0.5,0.9586967675731144,1.0450223713646531,0.5215413433235215,15,7474,"[2.146641691196147, 5.647979662831148, 2.4327000267594325, 8.521139951833021, 5.936269572647133e-05, 0.00010670697227549969, 0.4244046026224244, 0.8759700294353759, 0.5155422246527495, 0.4844577753472498, 1.877843189724378, 4.8002408348943]","[26.144852052150114, 12.509235734384415, 30.436448457676192, 26.056470959662867, 0.00023904058363441195, 0.0004639502461054025, 0.4942522998381958, 0.3296157413813209, 0.40286077699137446, 0.40286077699137446, 1.8386723270265035, 4.58165238853617]",1,NA,0.5748255720162344,0.5729095161709488,3,7,32.0,0.2,0.001,0.0001,4.0
2023-01-30,History + Forward GAT,51,2022-10-17,2023-01-16,2023-01-23,7474,747,745,0.5,0.9586967675731144,1.0450223713646531,0.5215413433235215,15,7474,"[2.146641691196147, 5.647979662831148, 2.4327000267594325, 8.521139951833021, 5.936269572647133e-05, 0.00010670697227549969, 0.4244046026224244, 0.8759700294353759, 0.5155422246527495, 0.4844577753472498, 1.877843189724378, 4.8002408348943]","[26.144852052150114, 12.509235734384415, 30.436448457676192, 26.056470959662867, 0.00023904058363441195, 0.0004639502461054025, 0.4942522998381958, 0.3296157413813209, 0.40286077699137446, 0.40286077699137446, 1.8386723270265035, 4.58165238853617]",1,NA,0.5748255720162344,0.5685510071474984,3,7,32.0,0.2,0.001,0.0001,4.0
2023-02-13,History Logistic,42,2022-10-17,2023-01-30,2023-02-06,8966,738,879,0.5,0.9589304812834225,1.0447448147285014,0.5214142315413786,17,8966,"[0.42795003345973676, 0.8832255186259201, 0.5145723833087912, 0.48542761669121104, 2.036582645549855, 5.244925273254517]","[0.4947815703131727, 0.32115136909854247, 0.3993921860581306, 0.3993921860581303, 2.0617286583058254, 5.174343267619821]",-1,10.0,0.5723637891553388,0.5755994583700024,0,0,NA,NA,NA,NA,NA
2023-02-13,History Logistic,43,2022-10-17,2023-01-30,2023-02-06,8966,738,879,0.5,0.9589304812834225,1.0447448147285014,0.5214142315413786,17,8966,"[0.42795003345973676, 0.8832255186259201, 0.5145723833087912, 0.48542761669121104, 2.036582645549855, 5.244925273254517]","[0.4947815703131727, 0.32115136909854247, 0.3993921860581306, 0.3993921860581303, 2.0617286583058254, 5.174343267619821]",-1,10.0,0.5723637891553388,0.5755994583700024,0,0,NA,NA,NA,NA,NA
2023-02-13,History Logistic,44,2022-10-17,2023-01-30,2023-02-06,8966,738,879,0.5,0.9589304812834225,1.0447448147285014,0.5214142315413786,17,8966,"[0.42795003345973676, 0.8832255186259201, 0.5145723833087912, 0.48542761669121104, 2.036582645549855, 5.244925273254517]","[0.4947815703131727, 0.32115136909854247, 0.3993921860581306, 0.3993921860581303, 2.0617286583058254, 5.174343267619821]",-1,10.0,0.5723637891553388,0.5755994583700024,0,0,NA,NA,NA,NA,NA
2023-02-13,History Logistic,45,2022-10-17,2023-01-30,2023-02-06,8966,738,879,0.5,0.9589304812834225,1.0447448147285014,0.5214142315413786,17,8966,"[0.42795003345973676, 0.8832255186259201, 0.5145723833087912, 0.48542761669121104, 2.036582645549855, 5.244925273254517]","[0.4947815703131727, 0.32115136909854247, 0.3993921860581306, 0.3993921860581303, 2.0617286583058254, 5.174343267619821]",-1,10.0,0.5723637891553388,0.5755994583700024,0,0,NA,NA,NA,NA,NA
2023-02-13,History Logistic,46,2022-10-17,2023-01-30,2023-02-06,8966,738,879,0.5,0.9589304812834225,1.0447448147285014,0.5214142315413786,17,8966,"[0.42795003345973676, 0.8832255186259201, 0.5145723833087912, 0.48542761669121104, 2.036582645549855, 5.244925273254517]","[0.4947815703131727, 0.32115136909854247, 0.3993921860581306, 0.3993921860581303, 2.0617286583058254, 5.174343267619821]",-1,10.0,0.5723637891553388,0.5755994583700024,0,0,NA,NA,NA,NA,NA
2023-02-13,History Logistic,47,2022-10-17,2023-01-30,2023-02-06,8966,738,879,0.5,0.9589304812834225,1.0447448147285014,0.5214142315413786,17,8966,"[0.42795003345973676, 0.8832255186259201, 0.5145723833087912, 0.48542761669121104, 2.036582645549855, 5.244925273254517]","[0.4947815703131727, 0.32115136909854247, 0.3993921860581306, 0.3993921860581303, 2.0617286583058254, 5.174343267619821]",-1,10.0,0.5723637891553388,0.5755994583700024,0,0,NA,NA,NA,NA,NA
2023-02-13,History Logistic,48,2022-10-17,2023-01-30,2023-02-06,8966,738,879,0.5,0.9589304812834225,1.0447448147285014,0.5214142315413786,17,8966,"[0.42795003345973676, 0.8832255186259201, 0.5145723833087912, 0.48542761669121104, 2.036582645549855, 5.244925273254517]","[0.4947815703131727, 0.32115136909854247, 0.3993921860581306, 0.3993921860581303, 2.0617286583058254, 5.174343267619821]",-1,10.0,0.5723637891553388,0.5755994583700024,0,0,NA,NA,NA,NA,NA
2023-02-13,History Logistic,49,2022-10-17,2023-01-30,2023-02-06,8966,738,879,0.5,0.9589304812834225,1.0447448147285014,0.5214142315413786,17,8966,"[0.42795003345973676, 0.8832255186259201, 0.5145723833087912, 0.48542761669121104, 2.036582645549855, 5.244925273254517]","[0.4947815703131727, 0.32115136909854247, 0.3993921860581306, 0.3993921860581303, 2.0617286583058254, 5.174343267619821]",-1,10.0,0.5723637891553388,0.5755994583700024,0,0,NA,NA,NA,NA,NA
2023-02-13,History Logistic,50,2022-10-17,2023-01-30,2023-02-06,8966,738,879,0.5,0.9589304812834225,1.0447448147285014,0.5214142315413786,17,8966,"[0.42795003345973676, 0.8832255186259201, 0.5145723833087912, 0.48542761669121104, 2.036582645549855, 5.244925273254517]","[0.4947815703131727, 0.32115136909854247, 0.3993921860581306, 0.3993921860581303, 2.0617286583058254, 5.174343267619821]",-1,10.0,0.5723637891553388,0.5755994583700024,0,0,NA,NA,NA,NA,NA
2023-02-13,History Logistic,51,2022-10-17,2023-01-30,2023-02-06,8966,738,879,0.5,0.9589304812834225,1.0447448147285014,0.5214142315413786,17,8966,"[0.42795003345973676, 0.8832255186259201, 0.5145723833087912, 0.48542761669121104, 2.036582645549855, 5.244925273254517]","[0.4947815703131727, 0.32115136909854247, 0.3993921860581306, 0.3993921860581303, 2.0617286583058254, 5.174343267619821]",-1,10.0,0.5723637891553388,0.5755994583700024,0,0,NA,NA,NA,NA,NA
2023-02-13,History + Structural MLP,42,2022-10-17,2023-01-30,2023-02-06,8966,738,879,0.5,0.9589304812834225,1.0447448147285014,0.5214142315413786,17,8966,"[2.1026098594691054, 5.854450144992192, 2.3826678563461967, 9.035913450814187, 5.473414386950279e-05, 9.680531243493306e-05, 0.42795003345973676, 0.8832255186259201, 0.5145723833087912, 0.48542761669121104, 2.036582645549855, 5.244925273254517]","[24.497728499656546, 12.770076142461877, 28.4786532376123, 27.642390747063526, 0.00023320564328565223, 0.00042904277437608813, 0.4947815703131727, 0.32115136909854247, 0.3993921860581306, 0.3993921860581303, 2.0617286583058254, 5.174343267619821]",1,NA,0.5723637891553388,0.5661375661375662,8,12,32.0,0.2,0.001,0.0001,4.0
2023-02-13,History + Structural MLP,43,2022-10-17,2023-01-30,2023-02-06,8966,738,879,0.5,0.9589304812834225,1.0447448147285014,0.5214142315413786,17,8966,"[2.1026098594691054, 5.854450144992192, 2.3826678563461967, 9.035913450814187, 5.473414386950279e-05, 9.680531243493306e-05, 0.42795003345973676, 0.8832255186259201, 0.5145723833087912, 0.48542761669121104, 2.036582645549855, 5.244925273254517]","[24.497728499656546, 12.770076142461877, 28.4786532376123, 27.642390747063526, 0.00023320564328565223, 0.00042904277437608813, 0.4947815703131727, 0.32115136909854247, 0.3993921860581306, 0.3993921860581303, 2.0617286583058254, 5.174343267619821]",1,NA,0.5723637891553388,0.5731636784268364,6,10,32.0,0.2,0.001,0.0001,4.0
2023-02-13,History + Structural MLP,44,2022-10-17,2023-01-30,2023-02-06,8966,738,879,0.5,0.9589304812834225,1.0447448147285014,0.5214142315413786,17,8966,"[2.1026098594691054, 5.854450144992192, 2.3826678563461967, 9.035913450814187, 5.473414386950279e-05, 9.680531243493306e-05, 0.42795003345973676, 0.8832255186259201, 0.5145723833087912, 0.48542761669121104, 2.036582645549855, 5.244925273254517]","[24.497728499656546, 12.770076142461877, 28.4786532376123, 27.642390747063526, 0.00023320564328565223, 0.00042904277437608813, 0.4947815703131727, 0.32115136909854247, 0.3993921860581306, 0.3993921860581303, 2.0617286583058254, 5.174343267619821]",1,NA,0.5723637891553388,0.5731072437899747,6,10,32.0,0.2,0.001,0.0001,4.0
2023-02-13,History + Structural MLP,45,2022-10-17,2023-01-30,2023-02-06,8966,738,879,0.5,0.9589304812834225,1.0447448147285014,0.5214142315413786,17,8966,"[2.1026098594691054, 5.854450144992192, 2.3826678563461967, 9.035913450814187, 5.473414386950279e-05, 9.680531243493306e-05, 0.42795003345973676, 0.8832255186259201, 0.5145723833087912, 0.48542761669121104, 2.036582645549855, 5.244925273254517]","[24.497728499656546, 12.770076142461877, 28.4786532376123, 27.642390747063526, 0.00023320564328565223, 0.00042904277437608813, 0.4947815703131727, 0.32115136909854247, 0.3993921860581306, 0.3993921860581303, 2.0617286583058254, 5.174343267619821]",1,NA,0.5723637891553388,0.574497620306716,9,13,32.0,0.2,0.001,0.0001,4.0
2023-02-13,History + Structural MLP,46,2022-10-17,2023-01-30,2023-02-06,8966,738,879,0.5,0.9589304812834225,1.0447448147285014,0.5214142315413786,17,8966,"[2.1026098594691054, 5.854450144992192, 2.3826678563461967, 9.035913450814187, 5.473414386950279e-05, 9.680531243493306e-05, 0.42795003345973676, 0.8832255186259201, 0.5145723833087912, 0.48542761669121104, 2.036582645549855, 5.244925273254517]","[24.497728499656546, 12.770076142461877, 28.4786532376123, 27.642390747063526, 0.00023320564328565223, 0.00042904277437608813, 0.4947815703131727, 0.32115136909854247, 0.3993921860581306, 0.3993921860581303, 2.0617286583058254, 5.174343267619821]",1,NA,0.5723637891553388,0.5745226204465335,11,15,32.0,0.2,0.001,0.0001,4.0
2023-02-13,History + Structural MLP,47,2022-10-17,2023-01-30,2023-02-06,8966,738,879,0.5,0.9589304812834225,1.0447448147285014,0.5214142315413786,17,8966,"[2.1026098594691054, 5.854450144992192, 2.3826678563461967, 9.035913450814187, 5.473414386950279e-05, 9.680531243493306e-05, 0.42795003345973676, 0.8832255186259201, 0.5145723833087912, 0.48542761669121104, 2.036582645549855, 5.244925273254517]","[24.497728499656546, 12.770076142461877, 28.4786532376123, 27.642390747063526, 0.00023320564328565223, 0.00042904277437608813, 0.4947815703131727, 0.32115136909854247, 0.3993921860581306, 0.3993921860581303, 2.0617286583058254, 5.174343267619821]",1,NA,0.5723637891553388,0.5731636784268364,13,17,32.0,0.2,0.001,0.0001,4.0
2023-02-13,History + Structural MLP,48,2022-10-17,2023-01-30,2023-02-06,8966,738,879,0.5,0.9589304812834225,1.0447448147285014,0.5214142315413786,17,8966,"[2.1026098594691054, 5.854450144992192, 2.3826678563461967, 9.035913450814187, 5.473414386950279e-05, 9.680531243493306e-05, 0.42795003345973676, 0.8832255186259201, 0.5145723833087912, 0.48542761669121104, 2.036582645549855, 5.244925273254517]","[24.497728499656546, 12.770076142461877, 28.4786532376123, 27.642390747063526, 0.00023320564328565223, 0.00042904277437608813, 0.4947815703131727, 0.32115136909854247, 0.3993921860581306, 0.3993921860581303, 2.0617286583058254, 5.174343267619821]",1,NA,0.5723637891553388,0.563364961304121,4,8,32.0,0.2,0.001,0.0001,4.0
2023-02-13,History + Structural MLP,49,2022-10-17,2023-01-30,2023-02-06,8966,738,879,0.5,0.9589304812834225,1.0447448147285014,0.5214142315413786,17,8966,"[2.1026098594691054, 5.854450144992192, 2.3826678563461967, 9.035913450814187, 5.473414386950279e-05, 9.680531243493306e-05, 0.42795003345973676, 0.8832255186259201, 0.5145723833087912, 0.48542761669121104, 2.036582645549855, 5.244925273254517]","[24.497728499656546, 12.770076142461877, 28.4786532376123, 27.642390747063526, 0.00023320564328565223, 0.00042904277437608813, 0.4947815703131727, 0.32115136909854247, 0.3993921860581306, 0.3993921860581303, 2.0617286583058254, 5.174343267619821]",1,NA,0.5723637891553388,0.5696001324612965,9,13,32.0,0.2,0.001,0.0001,4.0
2023-02-13,History + Structural MLP,50,2022-10-17,2023-01-30,2023-02-06,8966,738,879,0.5,0.9589304812834225,1.0447448147285014,0.5214142315413786,17,8966,"[2.1026098594691054, 5.854450144992192, 2.3826678563461967, 9.035913450814187, 5.473414386950279e-05, 9.680531243493306e-05, 0.42795003345973676, 0.8832255186259201, 0.5145723833087912, 0.48542761669121104, 2.036582645549855, 5.244925273254517]","[24.497728499656546, 12.770076142461877, 28.4786532376123, 27.642390747063526, 0.00023320564328565223, 0.00042904277437608813, 0.4947815703131727, 0.32115136909854247, 0.3993921860581306, 0.3993921860581303, 2.0617286583058254, 5.174343267619821]",1,NA,0.5723637891553388,0.5717653971868228,19,23,32.0,0.2,0.001,0.0001,4.0
2023-02-13,History + Structural MLP,51,2022-10-17,2023-01-30,2023-02-06,8966,738,879,0.5,0.9589304812834225,1.0447448147285014,0.5214142315413786,17,8966,"[2.1026098594691054, 5.854450144992192, 2.3826678563461967, 9.035913450814187, 5.473414386950279e-05, 9.680531243493306e-05, 0.42795003345973676, 0.8832255186259201, 0.5145723833087912, 0.48542761669121104, 2.036582645549855, 5.244925273254517]","[24.497728499656546, 12.770076142461877, 28.4786532376123, 27.642390747063526, 0.00023320564328565223, 0.00042904277437608813, 0.4947815703131727, 0.32115136909854247, 0.3993921860581306, 0.3993921860581303, 2.0617286583058254, 5.174343267619821]",1,NA,0.5723637891553388,0.5716615728223815,9,13,32.0,0.2,0.001,0.0001,4.0
2023-02-13,History + Reversed GAT,42,2022-10-17,2023-01-30,2023-02-06,8966,738,879,0.5,0.9589304812834225,1.0447448147285014,0.5214142315413786,17,8966,"[2.1026098594691054, 5.854450144992192, 2.3826678563461967, 9.035913450814187, 5.473414386950279e-05, 9.680531243493306e-05, 0.42795003345973676, 0.8832255186259201, 0.5145723833087912, 0.48542761669121104, 2.036582645549855, 5.244925273254517]","[24.497728499656546, 12.770076142461877, 28.4786532376123, 27.642390747063526, 0.00023320564328565223, 0.00042904277437608813, 0.4947815703131727, 0.32115136909854247, 0.3993921860581306, 0.3993921860581303, 2.0617286583058254, 5.174343267619821]",1,NA,0.5723637891553388,0.5785900121731116,18,22,32.0,0.2,0.001,0.0001,4.0
2023-02-13,History + Reversed GAT,43,2022-10-17,2023-01-30,2023-02-06,8966,738,879,0.5,0.9589304812834225,1.0447448147285014,0.5214142315413786,17,8966,"[2.1026098594691054, 5.854450144992192, 2.3826678563461967, 9.035913450814187, 5.473414386950279e-05, 9.680531243493306e-05, 0.42795003345973676, 0.8832255186259201, 0.5145723833087912, 0.48542761669121104, 2.036582645549855, 5.244925273254517]","[24.497728499656546, 12.770076142461877, 28.4786532376123, 27.642390747063526, 0.00023320564328565223, 0.00042904277437608813, 0.4947815703131727, 0.32115136909854247, 0.3993921860581306, 0.3993921860581303, 2.0617286583058254, 5.174343267619821]",1,NA,0.5723637891553388,0.5675211948085348,15,19,32.0,0.2,0.001,0.0001,4.0
2023-02-13,History + Reversed GAT,44,2022-10-17,2023-01-30,2023-02-06,8966,738,879,0.5,0.9589304812834225,1.0447448147285014,0.5214142315413786,17,8966,"[2.1026098594691054, 5.854450144992192, 2.3826678563461967, 9.035913450814187, 5.473414386950279e-05, 9.680531243493306e-05, 0.42795003345973676, 0.8832255186259201, 0.5145723833087912, 0.48542761669121104, 2.036582645549855, 5.244925273254517]","[24.497728499656546, 12.770076142461877, 28.4786532376123, 27.642390747063526, 0.00023320564328565223, 0.00042904277437608813, 0.4947815703131727, 0.32115136909854247, 0.3993921860581306, 0.3993921860581303, 2.0617286583058254, 5.174343267619821]",1,NA,0.5723637891553388,0.5607142857142857,8,12,32.0,0.2,0.001,0.0001,4.0
2023-02-13,History + Reversed GAT,45,2022-10-17,2023-01-30,2023-02-06,8966,738,879,0.5,0.9589304812834225,1.0447448147285014,0.5214142315413786,17,8966,"[2.1026098594691054, 5.854450144992192, 2.3826678563461967, 9.035913450814187, 5.473414386950279e-05, 9.680531243493306e-05, 0.42795003345973676, 0.8832255186259201, 0.5145723833087912, 0.48542761669121104, 2.036582645549855, 5.244925273254517]","[24.497728499656546, 12.770076142461877, 28.4786532376123, 27.642390747063526, 0.00023320564328565223, 0.00042904277437608813, 0.4947815703131727, 0.32115136909854247, 0.3993921860581306, 0.3993921860581303, 2.0617286583058254, 5.174343267619821]",1,NA,0.5723637891553388,0.5100003730090641,2,6,32.0,0.2,0.001,0.0001,4.0
2023-02-13,History + Reversed GAT,46,2022-10-17,2023-01-30,2023-02-06,8966,738,879,0.5,0.9589304812834225,1.0447448147285014,0.5214142315413786,17,8966,"[2.1026098594691054, 5.854450144992192, 2.3826678563461967, 9.035913450814187, 5.473414386950279e-05, 9.680531243493306e-05, 0.42795003345973676, 0.8832255186259201, 0.5145723833087912, 0.48542761669121104, 2.036582645549855, 5.244925273254517]","[24.497728499656546, 12.770076142461877, 28.4786532376123, 27.642390747063526, 0.00023320564328565223, 0.00042904277437608813, 0.4947815703131727, 0.32115136909854247, 0.3993921860581306, 0.3993921860581303, 2.0617286583058254, 5.174343267619821]",1,NA,0.5723637891553388,0.5677498838688829,8,12,32.0,0.2,0.001,0.0001,4.0
2023-02-13,History + Reversed GAT,47,2022-10-17,2023-01-30,2023-02-06,8966,738,879,0.5,0.9589304812834225,1.0447448147285014,0.5214142315413786,17,8966,"[2.1026098594691054, 5.854450144992192, 2.3826678563461967, 9.035913450814187, 5.473414386950279e-05, 9.680531243493306e-05, 0.42795003345973676, 0.8832255186259201, 0.5145723833087912, 0.48542761669121104, 2.036582645549855, 5.244925273254517]","[24.497728499656546, 12.770076142461877, 28.4786532376123, 27.642390747063526, 0.00023320564328565223, 0.00042904277437608813, 0.4947815703131727, 0.32115136909854247, 0.3993921860581306, 0.3993921860581303, 2.0617286583058254, 5.174343267619821]",1,NA,0.5723637891553388,0.5021307656010381,1,5,32.0,0.2,0.001,0.0001,4.0
2023-02-13,History + Reversed GAT,48,2022-10-17,2023-01-30,2023-02-06,8966,738,879,0.5,0.9589304812834225,1.0447448147285014,0.5214142315413786,17,8966,"[2.1026098594691054, 5.854450144992192, 2.3826678563461967, 9.035913450814187, 5.473414386950279e-05, 9.680531243493306e-05, 0.42795003345973676, 0.8832255186259201, 0.5145723833087912, 0.48542761669121104, 2.036582645549855, 5.244925273254517]","[24.497728499656546, 12.770076142461877, 28.4786532376123, 27.642390747063526, 0.00023320564328565223, 0.00042904277437608813, 0.4947815703131727, 0.32115136909854247, 0.3993921860581306, 0.3993921860581303, 2.0617286583058254, 5.174343267619821]",1,NA,0.5723637891553388,0.5656779661016949,11,15,32.0,0.2,0.001,0.0001,4.0
2023-02-13,History + Reversed GAT,49,2022-10-17,2023-01-30,2023-02-06,8966,738,879,0.5,0.9589304812834225,1.0447448147285014,0.5214142315413786,17,8966,"[2.1026098594691054, 5.854450144992192, 2.3826678563461967, 9.035913450814187, 5.473414386950279e-05, 9.680531243493306e-05, 0.42795003345973676, 0.8832255186259201, 0.5145723833087912, 0.48542761669121104, 2.036582645549855, 5.244925273254517]","[24.497728499656546, 12.770076142461877, 28.4786532376123, 27.642390747063526, 0.00023320564328565223, 0.00042904277437608813, 0.4947815703131727, 0.32115136909854247, 0.3993921860581306, 0.3993921860581303, 2.0617286583058254, 5.174343267619821]",1,NA,0.5723637891553388,0.5575344279661016,15,19,32.0,0.2,0.001,0.0001,4.0
2023-02-13,History + Reversed GAT,50,2022-10-17,2023-01-30,2023-02-06,8966,738,879,0.5,0.9589304812834225,1.0447448147285014,0.5214142315413786,17,8966,"[2.1026098594691054, 5.854450144992192, 2.3826678563461967, 9.035913450814187, 5.473414386950279e-05, 9.680531243493306e-05, 0.42795003345973676, 0.8832255186259201, 0.5145723833087912, 0.48542761669121104, 2.036582645549855, 5.244925273254517]","[24.497728499656546, 12.770076142461877, 28.4786532376123, 27.642390747063526, 0.00023320564328565223, 0.00042904277437608813, 0.4947815703131727, 0.32115136909854247, 0.3993921860581306, 0.3993921860581303, 2.0617286583058254, 5.174343267619821]",1,NA,0.5723637891553388,0.5605482684561284,18,22,32.0,0.2,0.001,0.0001,4.0
2023-02-13,History + Reversed GAT,51,2022-10-17,2023-01-30,2023-02-06,8966,738,879,0.5,0.9589304812834225,1.0447448147285014,0.5214142315413786,17,8966,"[2.1026098594691054, 5.854450144992192, 2.3826678563461967, 9.035913450814187, 5.473414386950279e-05, 9.680531243493306e-05, 0.42795003345973676, 0.8832255186259201, 0.5145723833087912, 0.48542761669121104, 2.036582645549855, 5.244925273254517]","[24.497728499656546, 12.770076142461877, 28.4786532376123, 27.642390747063526, 0.00023320564328565223, 0.00042904277437608813, 0.4947815703131727, 0.32115136909854247, 0.3993921860581306, 0.3993921860581303, 2.0617286583058254, 5.174343267619821]",1,NA,0.5723637891553388,0.4982854837625227,1,5,32.0,0.2,0.001,0.0001,4.0
2023-02-13,History + Forward GAT,42,2022-10-17,2023-01-30,2023-02-06,8966,738,879,0.5,0.9589304812834225,1.0447448147285014,0.5214142315413786,17,8966,"[2.1026098594691054, 5.854450144992192, 2.3826678563461967, 9.035913450814187, 5.473414386950279e-05, 9.680531243493306e-05, 0.42795003345973676, 0.8832255186259201, 0.5145723833087912, 0.48542761669121104, 2.036582645549855, 5.244925273254517]","[24.497728499656546, 12.770076142461877, 28.4786532376123, 27.642390747063526, 0.00023320564328565223, 0.00042904277437608813, 0.4947815703131727, 0.32115136909854247, 0.3993921860581306, 0.3993921860581303, 2.0617286583058254, 5.174343267619821]",1,NA,0.5723637891553388,0.5464628473857749,8,12,32.0,0.2,0.001,0.0001,4.0
2023-02-13,History + Forward GAT,43,2022-10-17,2023-01-30,2023-02-06,8966,738,879,0.5,0.9589304812834225,1.0447448147285014,0.5214142315413786,17,8966,"[2.1026098594691054, 5.854450144992192, 2.3826678563461967, 9.035913450814187, 5.473414386950279e-05, 9.680531243493306e-05, 0.42795003345973676, 0.8832255186259201, 0.5145723833087912, 0.48542761669121104, 2.036582645549855, 5.244925273254517]","[24.497728499656546, 12.770076142461877, 28.4786532376123, 27.642390747063526, 0.00023320564328565223, 0.00042904277437608813, 0.4947815703131727, 0.32115136909854247, 0.3993921860581306, 0.3993921860581303, 2.0617286583058254, 5.174343267619821]",1,NA,0.5723637891553388,0.5524478094678036,9,13,32.0,0.2,0.001,0.0001,4.0
2023-02-13,History + Forward GAT,44,2022-10-17,2023-01-30,2023-02-06,8966,738,879,0.5,0.9589304812834225,1.0447448147285014,0.5214142315413786,17,8966,"[2.1026098594691054, 5.854450144992192, 2.3826678563461967, 9.035913450814187, 5.473414386950279e-05, 9.680531243493306e-05, 0.42795003345973676, 0.8832255186259201, 0.5145723833087912, 0.48542761669121104, 2.036582645549855, 5.244925273254517]","[24.497728499656546, 12.770076142461877, 28.4786532376123, 27.642390747063526, 0.00023320564328565223, 0.00042904277437608813, 0.4947815703131727, 0.32115136909854247, 0.3993921860581306, 0.3993921860581303, 2.0617286583058254, 5.174343267619821]",1,NA,0.5723637891553388,0.5454620666832134,2,6,32.0,0.2,0.001,0.0001,4.0
2023-02-13,History + Forward GAT,45,2022-10-17,2023-01-30,2023-02-06,8966,738,879,0.5,0.9589304812834225,1.0447448147285014,0.5214142315413786,17,8966,"[2.1026098594691054, 5.854450144992192, 2.3826678563461967, 9.035913450814187, 5.473414386950279e-05, 9.680531243493306e-05, 0.42795003345973676, 0.8832255186259201, 0.5145723833087912, 0.48542761669121104, 2.036582645549855, 5.244925273254517]","[24.497728499656546, 12.770076142461877, 28.4786532376123, 27.642390747063526, 0.00023320564328565223, 0.00042904277437608813, 0.4947815703131727, 0.32115136909854247, 0.3993921860581306, 0.3993921860581303, 2.0617286583058254, 5.174343267619821]",1,NA,0.5723637891553388,0.5473955579058699,8,12,32.0,0.2,0.001,0.0001,4.0
2023-02-13,History + Forward GAT,46,2022-10-17,2023-01-30,2023-02-06,8966,738,879,0.5,0.9589304812834225,1.0447448147285014,0.5214142315413786,17,8966,"[2.1026098594691054, 5.854450144992192, 2.3826678563461967, 9.035913450814187, 5.473414386950279e-05, 9.680531243493306e-05, 0.42795003345973676, 0.8832255186259201, 0.5145723833087912, 0.48542761669121104, 2.036582645549855, 5.244925273254517]","[24.497728499656546, 12.770076142461877, 28.4786532376123, 27.642390747063526, 0.00023320564328565223, 0.00042904277437608813, 0.4947815703131727, 0.32115136909854247, 0.3993921860581306, 0.3993921860581303, 2.0617286583058254, 5.174343267619821]",1,NA,0.5723637891553388,0.5581844625962273,10,14,32.0,0.2,0.001,0.0001,4.0
2023-02-13,History + Forward GAT,47,2022-10-17,2023-01-30,2023-02-06,8966,738,879,0.5,0.9589304812834225,1.0447448147285014,0.5214142315413786,17,8966,"[2.1026098594691054, 5.854450144992192, 2.3826678563461967, 9.035913450814187, 5.473414386950279e-05, 9.680531243493306e-05, 0.42795003345973676, 0.8832255186259201, 0.5145723833087912, 0.48542761669121104, 2.036582645549855, 5.244925273254517]","[24.497728499656546, 12.770076142461877, 28.4786532376123, 27.642390747063526, 0.00023320564328565223, 0.00042904277437608813, 0.4947815703131727, 0.32115136909854247, 0.3993921860581306, 0.3993921860581303, 2.0617286583058254, 5.174343267619821]",1,NA,0.5723637891553388,0.5544831672901003,5,9,32.0,0.2,0.001,0.0001,4.0
2023-02-13,History + Forward GAT,48,2022-10-17,2023-01-30,2023-02-06,8966,738,879,0.5,0.9589304812834225,1.0447448147285014,0.5214142315413786,17,8966,"[2.1026098594691054, 5.854450144992192, 2.3826678563461967, 9.035913450814187, 5.473414386950279e-05, 9.680531243493306e-05, 0.42795003345973676, 0.8832255186259201, 0.5145723833087912, 0.48542761669121104, 2.036582645549855, 5.244925273254517]","[24.497728499656546, 12.770076142461877, 28.4786532376123, 27.642390747063526, 0.00023320564328565223, 0.00042904277437608813, 0.4947815703131727, 0.32115136909854247, 0.3993921860581306, 0.3993921860581303, 2.0617286583058254, 5.174343267619821]",1,NA,0.5723637891553388,0.5489855414968825,4,8,32.0,0.2,0.001,0.0001,4.0
2023-02-13,History + Forward GAT,49,2022-10-17,2023-01-30,2023-02-06,8966,738,879,0.5,0.9589304812834225,1.0447448147285014,0.5214142315413786,17,8966,"[2.1026098594691054, 5.854450144992192, 2.3826678563461967, 9.035913450814187, 5.473414386950279e-05, 9.680531243493306e-05, 0.42795003345973676, 0.8832255186259201, 0.5145723833087912, 0.48542761669121104, 2.036582645549855, 5.244925273254517]","[24.497728499656546, 12.770076142461877, 28.4786532376123, 27.642390747063526, 0.00023320564328565223, 0.00042904277437608813, 0.4947815703131727, 0.32115136909854247, 0.3993921860581306, 0.3993921860581303, 2.0617286583058254, 5.174343267619821]",1,NA,0.5723637891553388,0.5373538488931093,2,6,32.0,0.2,0.001,0.0001,4.0
2023-02-13,History + Forward GAT,50,2022-10-17,2023-01-30,2023-02-06,8966,738,879,0.5,0.9589304812834225,1.0447448147285014,0.5214142315413786,17,8966,"[2.1026098594691054, 5.854450144992192, 2.3826678563461967, 9.035913450814187, 5.473414386950279e-05, 9.680531243493306e-05, 0.42795003345973676, 0.8832255186259201, 0.5145723833087912, 0.48542761669121104, 2.036582645549855, 5.244925273254517]","[24.497728499656546, 12.770076142461877, 28.4786532376123, 27.642390747063526, 0.00023320564328565223, 0.00042904277437608813, 0.4947815703131727, 0.32115136909854247, 0.3993921860581306, 0.3993921860581303, 2.0617286583058254, 5.174343267619821]",1,NA,0.5723637891553388,0.5402038172077595,12,16,32.0,0.2,0.001,0.0001,4.0
2023-02-13,History + Forward GAT,51,2022-10-17,2023-01-30,2023-02-06,8966,738,879,0.5,0.9589304812834225,1.0447448147285014,0.5214142315413786,17,8966,"[2.1026098594691054, 5.854450144992192, 2.3826678563461967, 9.035913450814187, 5.473414386950279e-05, 9.680531243493306e-05, 0.42795003345973676, 0.8832255186259201, 0.5145723833087912, 0.48542761669121104, 2.036582645549855, 5.244925273254517]","[24.497728499656546, 12.770076142461877, 28.4786532376123, 27.642390747063526, 0.00023320564328565223, 0.00042904277437608813, 0.4947815703131727, 0.32115136909854247, 0.3993921860581306, 0.3993921860581303, 2.0617286583058254, 5.174343267619821]",1,NA,0.5723637891553388,0.5458294679023799,12,16,32.0,0.2,0.001,0.0001,4.0
2023-02-27,History Logistic,42,2022-10-17,2023-02-13,2023-02-20,10583,885,960,0.5,0.9561799783158655,1.0480293127351952,0.5229141075309458,19,10583,"[0.42927336294056506, 0.885854672588113, 0.5149903980762904, 0.4850096019237082, 2.169895114806766, 5.713597278654446]","[0.494972466719384, 0.31798769102262214, 0.3951460373128917, 0.39514603731289155, 2.258762031200965, 5.780668724592961]",-1,0.01,0.5620530924622191,0.5483197979996957,0,0,NA,NA,NA,NA,NA
2023-02-27,History Logistic,43,2022-10-17,2023-02-13,2023-02-20,10583,885,960,0.5,0.9561799783158655,1.0480293127351952,0.5229141075309458,19,10583,"[0.42927336294056506, 0.885854672588113, 0.5149903980762904, 0.4850096019237082, 2.169895114806766, 5.713597278654446]","[0.494972466719384, 0.31798769102262214, 0.3951460373128917, 0.39514603731289155, 2.258762031200965, 5.780668724592961]",-1,0.01,0.5620530924622191,0.5483197979996957,0,0,NA,NA,NA,NA,NA
2023-02-27,History Logistic,44,2022-10-17,2023-02-13,2023-02-20,10583,885,960,0.5,0.9561799783158655,1.0480293127351952,0.5229141075309458,19,10583,"[0.42927336294056506, 0.885854672588113, 0.5149903980762904, 0.4850096019237082, 2.169895114806766, 5.713597278654446]","[0.494972466719384, 0.31798769102262214, 0.3951460373128917, 0.39514603731289155, 2.258762031200965, 5.780668724592961]",-1,0.01,0.5620530924622191,0.5483197979996957,0,0,NA,NA,NA,NA,NA
2023-02-27,History Logistic,45,2022-10-17,2023-02-13,2023-02-20,10583,885,960,0.5,0.9561799783158655,1.0480293127351952,0.5229141075309458,19,10583,"[0.42927336294056506, 0.885854672588113, 0.5149903980762904, 0.4850096019237082, 2.169895114806766, 5.713597278654446]","[0.494972466719384, 0.31798769102262214, 0.3951460373128917, 0.39514603731289155, 2.258762031200965, 5.780668724592961]",-1,0.01,0.5620530924622191,0.5483197979996957,0,0,NA,NA,NA,NA,NA
2023-02-27,History Logistic,46,2022-10-17,2023-02-13,2023-02-20,10583,885,960,0.5,0.9561799783158655,1.0480293127351952,0.5229141075309458,19,10583,"[0.42927336294056506, 0.885854672588113, 0.5149903980762904, 0.4850096019237082, 2.169895114806766, 5.713597278654446]","[0.494972466719384, 0.31798769102262214, 0.3951460373128917, 0.39514603731289155, 2.258762031200965, 5.780668724592961]",-1,0.01,0.5620530924622191,0.5483197979996957,0,0,NA,NA,NA,NA,NA
2023-02-27,History Logistic,47,2022-10-17,2023-02-13,2023-02-20,10583,885,960,0.5,0.9561799783158655,1.0480293127351952,0.5229141075309458,19,10583,"[0.42927336294056506, 0.885854672588113, 0.5149903980762904, 0.4850096019237082, 2.169895114806766, 5.713597278654446]","[0.494972466719384, 0.31798769102262214, 0.3951460373128917, 0.39514603731289155, 2.258762031200965, 5.780668724592961]",-1,0.01,0.5620530924622191,0.5483197979996957,0,0,NA,NA,NA,NA,NA
2023-02-27,History Logistic,48,2022-10-17,2023-02-13,2023-02-20,10583,885,960,0.5,0.9561799783158655,1.0480293127351952,0.5229141075309458,19,10583,"[0.42927336294056506, 0.885854672588113, 0.5149903980762904, 0.4850096019237082, 2.169895114806766, 5.713597278654446]","[0.494972466719384, 0.31798769102262214, 0.3951460373128917, 0.39514603731289155, 2.258762031200965, 5.780668724592961]",-1,0.01,0.5620530924622191,0.5483197979996957,0,0,NA,NA,NA,NA,NA
2023-02-27,History Logistic,49,2022-10-17,2023-02-13,2023-02-20,10583,885,960,0.5,0.9561799783158655,1.0480293127351952,0.5229141075309458,19,10583,"[0.42927336294056506, 0.885854672588113, 0.5149903980762904, 0.4850096019237082, 2.169895114806766, 5.713597278654446]","[0.494972466719384, 0.31798769102262214, 0.3951460373128917, 0.39514603731289155, 2.258762031200965, 5.780668724592961]",-1,0.01,0.5620530924622191,0.5483197979996957,0,0,NA,NA,NA,NA,NA
2023-02-27,History Logistic,50,2022-10-17,2023-02-13,2023-02-20,10583,885,960,0.5,0.9561799783158655,1.0480293127351952,0.5229141075309458,19,10583,"[0.42927336294056506, 0.885854672588113, 0.5149903980762904, 0.4850096019237082, 2.169895114806766, 5.713597278654446]","[0.494972466719384, 0.31798769102262214, 0.3951460373128917, 0.39514603731289155, 2.258762031200965, 5.780668724592961]",-1,0.01,0.5620530924622191,0.5483197979996957,0,0,NA,NA,NA,NA,NA
2023-02-27,History Logistic,51,2022-10-17,2023-02-13,2023-02-20,10583,885,960,0.5,0.9561799783158655,1.0480293127351952,0.5229141075309458,19,10583,"[0.42927336294056506, 0.885854672588113, 0.5149903980762904, 0.4850096019237082, 2.169895114806766, 5.713597278654446]","[0.494972466719384, 0.31798769102262214, 0.3951460373128917, 0.39514603731289155, 2.258762031200965, 5.780668724592961]",-1,0.01,0.5620530924622191,0.5483197979996957,0,0,NA,NA,NA,NA,NA
2023-02-27,History + Structural MLP,42,2022-10-17,2023-02-13,2023-02-20,10583,885,960,0.5,0.9561799783158655,1.0480293127351952,0.5229141075309458,19,10583,"[2.2449210998771614, 5.987810639705187, 2.5487101955967115, 9.448927525276387, 5.12917818681915e-05, 8.882651633453991e-05, 0.42927336294056506, 0.885854672588113, 0.5149903980762904, 0.4850096019237082, 2.169895114806766, 5.713597278654446]","[24.304870851238125, 13.07022234830036, 28.167924658727642, 29.29551128604354, 0.00022973361114006044, 0.00040008726262205565, 0.494972466719384, 0.31798769102262214, 0.3951460373128917, 0.39514603731289155, 2.258762031200965, 5.780668724592961]",1,NA,0.5620530924622191,0.5513824884792626,2,6,32.0,0.2,0.001,0.0001,4.0
2023-02-27,History + Structural MLP,43,2022-10-17,2023-02-13,2023-02-20,10583,885,960,0.5,0.9561799783158655,1.0480293127351952,0.5229141075309458,19,10583,"[2.2449210998771614, 5.987810639705187, 2.5487101955967115, 9.448927525276387, 5.12917818681915e-05, 8.882651633453991e-05, 0.42927336294056506, 0.885854672588113, 0.5149903980762904, 0.4850096019237082, 2.169895114806766, 5.713597278654446]","[24.304870851238125, 13.07022234830036, 28.167924658727642, 29.29551128604354, 0.00022973361114006044, 0.00040008726262205565, 0.494972466719384, 0.31798769102262214, 0.3951460373128917, 0.39514603731289155, 2.258762031200965, 5.780668724592961]",1,NA,0.5620530924622191,0.5614200905310268,3,7,32.0,0.2,0.001,0.0001,4.0
2023-02-27,History + Structural MLP,44,2022-10-17,2023-02-13,2023-02-20,10583,885,960,0.5,0.9561799783158655,1.0480293127351952,0.5229141075309458,19,10583,"[2.2449210998771614, 5.987810639705187, 2.5487101955967115, 9.448927525276387, 5.12917818681915e-05, 8.882651633453991e-05, 0.42927336294056506, 0.885854672588113, 0.5149903980762904, 0.4850096019237082, 2.169895114806766, 5.713597278654446]","[24.304870851238125, 13.07022234830036, 28.167924658727642, 29.29551128604354, 0.00022973361114006044, 0.00040008726262205565, 0.494972466719384, 0.31798769102262214, 0.3951460373128917, 0.39514603731289155, 2.258762031200965, 5.780668724592961]",1,NA,0.5620530924622191,0.5524960926726119,7,11,32.0,0.2,0.001,0.0001,4.0
2023-02-27,History + Structural MLP,45,2022-10-17,2023-02-13,2023-02-20,10583,885,960,0.5,0.9561799783158655,1.0480293127351952,0.5229141075309458,19,10583,"[2.2449210998771614, 5.987810639705187, 2.5487101955967115, 9.448927525276387, 5.12917818681915e-05, 8.882651633453991e-05, 0.42927336294056506, 0.885854672588113, 0.5149903980762904, 0.4850096019237082, 2.169895114806766, 5.713597278654446]","[24.304870851238125, 13.07022234830036, 28.167924658727642, 29.29551128604354, 0.00022973361114006044, 0.00040008726262205565, 0.494972466719384, 0.31798769102262214, 0.3951460373128917, 0.39514603731289155, 2.258762031200965, 5.780668724592961]",1,NA,0.5620530924622191,0.5523554879430825,2,6,32.0,0.2,0.001,0.0001,4.0
2023-02-27,History + Structural MLP,46,2022-10-17,2023-02-13,2023-02-20,10583,885,960,0.5,0.9561799783158655,1.0480293127351952,0.5229141075309458,19,10583,"[2.2449210998771614, 5.987810639705187, 2.5487101955967115, 9.448927525276387, 5.12917818681915e-05, 8.882651633453991e-05, 0.42927336294056506, 0.885854672588113, 0.5149903980762904, 0.4850096019237082, 2.169895114806766, 5.713597278654446]","[24.304870851238125, 13.07022234830036, 28.167924658727642, 29.29551128604354, 0.00022973361114006044, 0.00040008726262205565, 0.494972466719384, 0.31798769102262214, 0.3951460373128917, 0.39514603731289155, 2.258762031200965, 5.780668724592961]",1,NA,0.5620530924622191,0.5626024068074107,5,9,32.0,0.2,0.001,0.0001,4.0
2023-02-27,History + Structural MLP,47,2022-10-17,2023-02-13,2023-02-20,10583,885,960,0.5,0.9561799783158655,1.0480293127351952,0.5229141075309458,19,10583,"[2.2449210998771614, 5.987810639705187, 2.5487101955967115, 9.448927525276387, 5.12917818681915e-05, 8.882651633453991e-05, 0.42927336294056506, 0.885854672588113, 0.5149903980762904, 0.4850096019237082, 2.169895114806766, 5.713597278654446]","[24.304870851238125, 13.07022234830036, 28.167924658727642, 29.29551128604354, 0.00022973361114006044, 0.00040008726262205565, 0.494972466719384, 0.31798769102262214, 0.3951460373128917, 0.39514603731289155, 2.258762031200965, 5.780668724592961]",1,NA,0.5620530924622191,0.5592944625473713,7,11,32.0,0.2,0.001,0.0001,4.0
2023-02-27,History + Structural MLP,48,2022-10-17,2023-02-13,2023-02-20,10583,885,960,0.5,0.9561799783158655,1.0480293127351952,0.5229141075309458,19,10583,"[2.2449210998771614, 5.987810639705187, 2.5487101955967115, 9.448927525276387, 5.12917818681915e-05, 8.882651633453991e-05, 0.42927336294056506, 0.885854672588113, 0.5149903980762904, 0.4850096019237082, 2.169895114806766, 5.713597278654446]","[24.304870851238125, 13.07022234830036, 28.167924658727642, 29.29551128604354, 0.00022973361114006044, 0.00040008726262205565, 0.494972466719384, 0.31798769102262214, 0.3951460373128917, 0.39514603731289155, 2.258762031200965, 5.780668724592961]",1,NA,0.5620530924622191,0.5600722766242114,8,12,32.0,0.2,0.001,0.0001,4.0
2023-02-27,History + Structural MLP,49,2022-10-17,2023-02-13,2023-02-20,10583,885,960,0.5,0.9561799783158655,1.0480293127351952,0.5229141075309458,19,10583,"[2.2449210998771614, 5.987810639705187, 2.5487101955967115, 9.448927525276387, 5.12917818681915e-05, 8.882651633453991e-05, 0.42927336294056506, 0.885854672588113, 0.5149903980762904, 0.4850096019237082, 2.169895114806766, 5.713597278654446]","[24.304870851238125, 13.07022234830036, 28.167924658727642, 29.29551128604354, 0.00022973361114006044, 0.00040008726262205565, 0.494972466719384, 0.31798769102262214, 0.3951460373128917, 0.39514603731289155, 2.258762031200965, 5.780668724592961]",1,NA,0.5620530924622191,0.5523554879430825,3,7,32.0,0.2,0.001,0.0001,4.0
2023-02-27,History + Structural MLP,50,2022-10-17,2023-02-13,2023-02-20,10583,885,960,0.5,0.9561799783158655,1.0480293127351952,0.5229141075309458,19,10583,"[2.2449210998771614, 5.987810639705187, 2.5487101955967115, 9.448927525276387, 5.12917818681915e-05, 8.882651633453991e-05, 0.42927336294056506, 0.885854672588113, 0.5149903980762904, 0.4850096019237082, 2.169895114806766, 5.713597278654446]","[24.304870851238125, 13.07022234830036, 28.167924658727642, 29.29551128604354, 0.00022973361114006044, 0.00040008726262205565, 0.494972466719384, 0.31798769102262214, 0.3951460373128917, 0.39514603731289155, 2.258762031200965, 5.780668724592961]",1,NA,0.5620530924622191,0.5545969670338654,13,17,32.0,0.2,0.001,0.0001,4.0
2023-02-27,History + Structural MLP,51,2022-10-17,2023-02-13,2023-02-20,10583,885,960,0.5,0.9561799783158655,1.0480293127351952,0.5229141075309458,19,10583,"[2.2449210998771614, 5.987810639705187, 2.5487101955967115, 9.448927525276387, 5.12917818681915e-05, 8.882651633453991e-05, 0.42927336294056506, 0.885854672588113, 0.5149903980762904, 0.4850096019237082, 2.169895114806766, 5.713597278654446]","[24.304870851238125, 13.07022234830036, 28.167924658727642, 29.29551128604354, 0.00022973361114006044, 0.00040008726262205565, 0.494972466719384, 0.31798769102262214, 0.3951460373128917, 0.39514603731289155, 2.258762031200965, 5.780668724592961]",1,NA,0.5620530924622191,0.5558505441965773,9,13,32.0,0.2,0.001,0.0001,4.0
2023-02-27,History + Reversed GAT,42,2022-10-17,2023-02-13,2023-02-20,10583,885,960,0.5,0.9561799783158655,1.0480293127351952,0.5229141075309458,19,10583,"[2.2449210998771614, 5.987810639705187, 2.5487101955967115, 9.448927525276387, 5.12917818681915e-05, 8.882651633453991e-05, 0.42927336294056506, 0.885854672588113, 0.5149903980762904, 0.4850096019237082, 2.169895114806766, 5.713597278654446]","[24.304870851238125, 13.07022234830036, 28.167924658727642, 29.29551128604354, 0.00022973361114006044, 0.00040008726262205565, 0.494972466719384, 0.31798769102262214, 0.3951460373128917, 0.39514603731289155, 2.258762031200965, 5.780668724592961]",1,NA,0.5620530924622191,0.5727236964451756,23,27,32.0,0.2,0.001,0.0001,4.0
2023-02-27,History + Reversed GAT,43,2022-10-17,2023-02-13,2023-02-20,10583,885,960,0.5,0.9561799783158655,1.0480293127351952,0.5229141075309458,19,10583,"[2.2449210998771614, 5.987810639705187, 2.5487101955967115, 9.448927525276387, 5.12917818681915e-05, 8.882651633453991e-05, 0.42927336294056506, 0.885854672588113, 0.5149903980762904, 0.4850096019237082, 2.169895114806766, 5.713597278654446]","[24.304870851238125, 13.07022234830036, 28.167924658727642, 29.29551128604354, 0.00022973361114006044, 0.00040008726262205565, 0.494972466719384, 0.31798769102262214, 0.3951460373128917, 0.39514603731289155, 2.258762031200965, 5.780668724592961]",1,NA,0.5620530924622191,0.5217036278054545,14,18,32.0,0.2,0.001,0.0001,4.0
2023-02-27,History + Reversed GAT,44,2022-10-17,2023-02-13,2023-02-20,10583,885,960,0.5,0.9561799783158655,1.0480293127351952,0.5229141075309458,19,10583,"[2.2449210998771614, 5.987810639705187, 2.5487101955967115, 9.448927525276387, 5.12917818681915e-05, 8.882651633453991e-05, 0.42927336294056506, 0.885854672588113, 0.5149903980762904, 0.4850096019237082, 2.169895114806766, 5.713597278654446]","[24.304870851238125, 13.07022234830036, 28.167924658727642, 29.29551128604354, 0.00022973361114006044, 0.00040008726262205565, 0.494972466719384, 0.31798769102262214, 0.3951460373128917, 0.39514603731289155, 2.258762031200965, 5.780668724592961]",1,NA,0.5620530924622191,0.5410313924257597,8,12,32.0,0.2,0.001,0.0001,4.0
2023-02-27,History + Reversed GAT,45,2022-10-17,2023-02-13,2023-02-20,10583,885,960,0.5,0.9561799783158655,1.0480293127351952,0.5229141075309458,19,10583,"[2.2449210998771614, 5.987810639705187, 2.5487101955967115, 9.448927525276387, 5.12917818681915e-05, 8.882651633453991e-05, 0.42927336294056506, 0.885854672588113, 0.5149903980762904, 0.4850096019237082, 2.169895114806766, 5.713597278654446]","[24.304870851238125, 13.07022234830036, 28.167924658727642, 29.29551128604354, 0.00022973361114006044, 0.00040008726262205565, 0.494972466719384, 0.31798769102262214, 0.3951460373128917, 0.39514603731289155, 2.258762031200965, 5.780668724592961]",1,NA,0.5620530924622191,0.5246239963813186,3,7,32.0,0.2,0.001,0.0001,4.0
2023-02-27,History + Reversed GAT,46,2022-10-17,2023-02-13,2023-02-20,10583,885,960,0.5,0.9561799783158655,1.0480293127351952,0.5229141075309458,19,10583,"[2.2449210998771614, 5.987810639705187, 2.5487101955967115, 9.448927525276387, 5.12917818681915e-05, 8.882651633453991e-05, 0.42927336294056506, 0.885854672588113, 0.5149903980762904, 0.4850096019237082, 2.169895114806766, 5.713597278654446]","[24.304870851238125, 13.07022234830036, 28.167924658727642, 29.29551128604354, 0.00022973361114006044, 0.00040008726262205565, 0.494972466719384, 0.31798769102262214, 0.3951460373128917, 0.39514603731289155, 2.258762031200965, 5.780668724592961]",1,NA,0.5620530924622191,0.5568986481653673,11,15,32.0,0.2,0.001,0.0001,4.0
2023-02-27,History + Reversed GAT,47,2022-10-17,2023-02-13,2023-02-20,10583,885,960,0.5,0.9561799783158655,1.0480293127351952,0.5229141075309458,19,10583,"[2.2449210998771614, 5.987810639705187, 2.5487101955967115, 9.448927525276387, 5.12917818681915e-05, 8.882651633453991e-05, 0.42927336294056506, 0.885854672588113, 0.5149903980762904, 0.4850096019237082, 2.169895114806766, 5.713597278654446]","[24.304870851238125, 13.07022234830036, 28.167924658727642, 29.29551128604354, 0.00022973361114006044, 0.00040008726262205565, 0.494972466719384, 0.31798769102262214, 0.3951460373128917, 0.39514603731289155, 2.258762031200965, 5.780668724592961]",1,NA,0.5620530924622191,0.5196628449369097,8,12,32.0,0.2,0.001,0.0001,4.0
2023-02-27,History + Reversed GAT,48,2022-10-17,2023-02-13,2023-02-20,10583,885,960,0.5,0.9561799783158655,1.0480293127351952,0.5229141075309458,19,10583,"[2.2449210998771614, 5.987810639705187, 2.5487101955967115, 9.448927525276387, 5.12917818681915e-05, 8.882651633453991e-05, 0.42927336294056506, 0.885854672588113, 0.5149903980762904, 0.4850096019237082, 2.169895114806766, 5.713597278654446]","[24.304870851238125, 13.07022234830036, 28.167924658727642, 29.29551128604354, 0.00022973361114006044, 0.00040008726262205565, 0.494972466719384, 0.31798769102262214, 0.3951460373128917, 0.39514603731289155, 2.258762031200965, 5.780668724592961]",1,NA,0.5620530924622191,0.5608538930653969,15,19,32.0,0.2,0.001,0.0001,4.0
2023-02-27,History + Reversed GAT,49,2022-10-17,2023-02-13,2023-02-20,10583,885,960,0.5,0.9561799783158655,1.0480293127351952,0.5229141075309458,19,10583,"[2.2449210998771614, 5.987810639705187, 2.5487101955967115, 9.448927525276387, 5.12917818681915e-05, 8.882651633453991e-05, 0.42927336294056506, 0.885854672588113, 0.5149903980762904, 0.4850096019237082, 2.169895114806766, 5.713597278654446]","[24.304870851238125, 13.07022234830036, 28.167924658727642, 29.29551128604354, 0.00022973361114006044, 0.00040008726262205565, 0.494972466719384, 0.31798769102262214, 0.3951460373128917, 0.39514603731289155, 2.258762031200965, 5.780668724592961]",1,NA,0.5620530924622191,0.5479527623406342,10,14,32.0,0.2,0.001,0.0001,4.0
2023-02-27,History + Reversed GAT,50,2022-10-17,2023-02-13,2023-02-20,10583,885,960,0.5,0.9561799783158655,1.0480293127351952,0.5229141075309458,19,10583,"[2.2449210998771614, 5.987810639705187, 2.5487101955967115, 9.448927525276387, 5.12917818681915e-05, 8.882651633453991e-05, 0.42927336294056506, 0.885854672588113, 0.5149903980762904, 0.4850096019237082, 2.169895114806766, 5.713597278654446]","[24.304870851238125, 13.07022234830036, 28.167924658727642, 29.29551128604354, 0.00022973361114006044, 0.00040008726262205565, 0.494972466719384, 0.31798769102262214, 0.3951460373128917, 0.39514603731289155, 2.258762031200965, 5.780668724592961]",1,NA,0.5620530924622191,0.5408155441050178,2,6,32.0,0.2,0.001,0.0001,4.0
2023-02-27,History + Reversed GAT,51,2022-10-17,2023-02-13,2023-02-20,10583,885,960,0.5,0.9561799783158655,1.0480293127351952,0.5229141075309458,19,10583,"[2.2449210998771614, 5.987810639705187, 2.5487101955967115, 9.448927525276387, 5.12917818681915e-05, 8.882651633453991e-05, 0.42927336294056506, 0.885854672588113, 0.5149903980762904, 0.4850096019237082, 2.169895114806766, 5.713597278654446]","[24.304870851238125, 13.07022234830036, 28.167924658727642, 29.29551128604354, 0.00022973361114006044, 0.00040008726262205565, 0.494972466719384, 0.31798769102262214, 0.3951460373128917, 0.39514603731289155, 2.258762031200965, 5.780668724592961]",1,NA,0.5620530924622191,0.5141600156629698,11,15,32.0,0.2,0.001,0.0001,4.0
2023-02-27,History + Forward GAT,42,2022-10-17,2023-02-13,2023-02-20,10583,885,960,0.5,0.9561799783158655,1.0480293127351952,0.5229141075309458,19,10583,"[2.2449210998771614, 5.987810639705187, 2.5487101955967115, 9.448927525276387, 5.12917818681915e-05, 8.882651633453991e-05, 0.42927336294056506, 0.885854672588113, 0.5149903980762904, 0.4850096019237082, 2.169895114806766, 5.713597278654446]","[24.304870851238125, 13.07022234830036, 28.167924658727642, 29.29551128604354, 0.00022973361114006044, 0.00040008726262205565, 0.494972466719384, 0.31798769102262214, 0.3951460373128917, 0.39514603731289155, 2.258762031200965, 5.780668724592961]",1,NA,0.5620530924622191,0.5530880170186435,1,5,32.0,0.2,0.001,0.0001,4.0
2023-02-27,History + Forward GAT,43,2022-10-17,2023-02-13,2023-02-20,10583,885,960,0.5,0.9561799783158655,1.0480293127351952,0.5229141075309458,19,10583,"[2.2449210998771614, 5.987810639705187, 2.5487101955967115, 9.448927525276387, 5.12917818681915e-05, 8.882651633453991e-05, 0.42927336294056506, 0.885854672588113, 0.5149903980762904, 0.4850096019237082, 2.169895114806766, 5.713597278654446]","[24.304870851238125, 13.07022234830036, 28.167924658727642, 29.29551128604354, 0.00022973361114006044, 0.00040008726262205565, 0.494972466719384, 0.31798769102262214, 0.3951460373128917, 0.39514603731289155, 2.258762031200965, 5.780668724592961]",1,NA,0.5620530924622191,0.555911791406672,1,5,32.0,0.2,0.001,0.0001,4.0
2023-02-27,History + Forward GAT,44,2022-10-17,2023-02-13,2023-02-20,10583,885,960,0.5,0.9561799783158655,1.0480293127351952,0.5229141075309458,19,10583,"[2.2449210998771614, 5.987810639705187, 2.5487101955967115, 9.448927525276387, 5.12917818681915e-05, 8.882651633453991e-05, 0.42927336294056506, 0.885854672588113, 0.5149903980762904, 0.4850096019237082, 2.169895114806766, 5.713597278654446]","[24.304870851238125, 13.07022234830036, 28.167924658727642, 29.29551128604354, 0.00022973361114006044, 0.00040008726262205565, 0.494972466719384, 0.31798769102262214, 0.3951460373128917, 0.39514603731289155, 2.258762031200965, 5.780668724592961]",1,NA,0.5620530924622191,0.5541470268136072,3,7,32.0,0.2,0.001,0.0001,4.0
2023-02-27,History + Forward GAT,45,2022-10-17,2023-02-13,2023-02-20,10583,885,960,0.5,0.9561799783158655,1.0480293127351952,0.5229141075309458,19,10583,"[2.2449210998771614, 5.987810639705187, 2.5487101955967115, 9.448927525276387, 5.12917818681915e-05, 8.882651633453991e-05, 0.42927336294056506, 0.885854672588113, 0.5149903980762904, 0.4850096019237082, 2.169895114806766, 5.713597278654446]","[24.304870851238125, 13.07022234830036, 28.167924658727642, 29.29551128604354, 0.00022973361114006044, 0.00040008726262205565, 0.494972466719384, 0.31798769102262214, 0.3951460373128917, 0.39514603731289155, 2.258762031200965, 5.780668724592961]",1,NA,0.5620530924622191,0.5545514471425068,1,5,32.0,0.2,0.001,0.0001,4.0
2023-02-27,History + Forward GAT,46,2022-10-17,2023-02-13,2023-02-20,10583,885,960,0.5,0.9561799783158655,1.0480293127351952,0.5229141075309458,19,10583,"[2.2449210998771614, 5.987810639705187, 2.5487101955967115, 9.448927525276387, 5.12917818681915e-05, 8.882651633453991e-05, 0.42927336294056506, 0.885854672588113, 0.5149903980762904, 0.4850096019237082, 2.169895114806766, 5.713597278654446]","[24.304870851238125, 13.07022234830036, 28.167924658727642, 29.29551128604354, 0.00022973361114006044, 0.00040008726262205565, 0.494972466719384, 0.31798769102262214, 0.3951460373128917, 0.39514603731289155, 2.258762031200965, 5.780668724592961]",1,NA,0.5620530924622191,0.5592612554713875,2,6,32.0,0.2,0.001,0.0001,4.0
2023-02-27,History + Forward GAT,47,2022-10-17,2023-02-13,2023-02-20,10583,885,960,0.5,0.9561799783158655,1.0480293127351952,0.5229141075309458,19,10583,"[2.2449210998771614, 5.987810639705187, 2.5487101955967115, 9.448927525276387, 5.12917818681915e-05, 8.882651633453991e-05, 0.42927336294056506, 0.885854672588113, 0.5149903980762904, 0.4850096019237082, 2.169895114806766, 5.713597278654446]","[24.304870851238125, 13.07022234830036, 28.167924658727642, 29.29551128604354, 0.00022973361114006044, 0.00040008726262205565, 0.494972466719384, 0.31798769102262214, 0.3951460373128917, 0.39514603731289155, 2.258762031200965, 5.780668724592961]",1,NA,0.5620530924622191,0.5502819116880995,16,20,32.0,0.2,0.001,0.0001,4.0
2023-02-27,History + Forward GAT,48,2022-10-17,2023-02-13,2023-02-20,10583,885,960,0.5,0.9561799783158655,1.0480293127351952,0.5229141075309458,19,10583,"[2.2449210998771614, 5.987810639705187, 2.5487101955967115, 9.448927525276387, 5.12917818681915e-05, 8.882651633453991e-05, 0.42927336294056506, 0.885854672588113, 0.5149903980762904, 0.4850096019237082, 2.169895114806766, 5.713597278654446]","[24.304870851238125, 13.07022234830036, 28.167924658727642, 29.29551128604354, 0.00022973361114006044, 0.00040008726262205565, 0.494972466719384, 0.31798769102262214, 0.3951460373128917, 0.39514603731289155, 2.258762031200965, 5.780668724592961]",1,NA,0.5620530924622191,0.5629629629629629,4,8,32.0,0.2,0.001,0.0001,4.0
2023-02-27,History + Forward GAT,49,2022-10-17,2023-02-13,2023-02-20,10583,885,960,0.5,0.9561799783158655,1.0480293127351952,0.5229141075309458,19,10583,"[2.2449210998771614, 5.987810639705187, 2.5487101955967115, 9.448927525276387, 5.12917818681915e-05, 8.882651633453991e-05, 0.42927336294056506, 0.885854672588113, 0.5149903980762904, 0.4850096019237082, 2.169895114806766, 5.713597278654446]","[24.304870851238125, 13.07022234830036, 28.167924658727642, 29.29551128604354, 0.00022973361114006044, 0.00040008726262205565, 0.494972466719384, 0.31798769102262214, 0.3951460373128917, 0.39514603731289155, 2.258762031200965, 5.780668724592961]",1,NA,0.5620530924622191,0.5455712451861361,3,7,32.0,0.2,0.001,0.0001,4.0
2023-02-27,History + Forward GAT,50,2022-10-17,2023-02-13,2023-02-20,10583,885,960,0.5,0.9561799783158655,1.0480293127351952,0.5229141075309458,19,10583,"[2.2449210998771614, 5.987810639705187, 2.5487101955967115, 9.448927525276387, 5.12917818681915e-05, 8.882651633453991e-05, 0.42927336294056506, 0.885854672588113, 0.5149903980762904, 0.4850096019237082, 2.169895114806766, 5.713597278654446]","[24.304870851238125, 13.07022234830036, 28.167924658727642, 29.29551128604354, 0.00022973361114006044, 0.00040008726262205565, 0.494972466719384, 0.31798769102262214, 0.3951460373128917, 0.39514603731289155, 2.258762031200965, 5.780668724592961]",1,NA,0.5620530924622191,0.5471360312646214,1,5,32.0,0.2,0.001,0.0001,4.0
2023-02-27,History + Forward GAT,51,2022-10-17,2023-02-13,2023-02-20,10583,885,960,0.5,0.9561799783158655,1.0480293127351952,0.5229141075309458,19,10583,"[2.2449210998771614, 5.987810639705187, 2.5487101955967115, 9.448927525276387, 5.12917818681915e-05, 8.882651633453991e-05, 0.42927336294056506, 0.885854672588113, 0.5149903980762904, 0.4850096019237082, 2.169895114806766, 5.713597278654446]","[24.304870851238125, 13.07022234830036, 28.167924658727642, 29.29551128604354, 0.00022973361114006044, 0.00040008726262205565, 0.494972466719384, 0.31798769102262214, 0.3951460373128917, 0.39514603731289155, 2.258762031200965, 5.780668724592961]",1,NA,0.5620530924622191,0.5473145780051151,5,9,32.0,0.2,0.001,0.0001,4.0
2023-02-20,History Logistic,42,2022-10-17,2023-02-06,2023-02-13,9704,879,885,0.5,0.9573796369376479,1.0465918895599655,0.5222588623248146,18,9704,"[0.4282769991755977, 0.8837592745259687, 0.5143137615614296, 0.48568623843857034, 2.095012366034625, 5.487737015663644]","[0.494829072663202, 0.32051336823179594, 0.3971489814460099, 0.3971489814460099, 2.152722125907616, 5.488582737679251]",-1,0.1,0.5674081396279772,0.5593813308399564,0,0,NA,NA,NA,NA,NA
2023-02-20,History Logistic,43,2022-10-17,2023-02-06,2023-02-13,9704,879,885,0.5,0.9573796369376479,1.0465918895599655,0.5222588623248146,18,9704,"[0.4282769991755977, 0.8837592745259687, 0.5143137615614296, 0.48568623843857034, 2.095012366034625, 5.487737015663644]","[0.494829072663202, 0.32051336823179594, 0.3971489814460099, 0.3971489814460099, 2.152722125907616, 5.488582737679251]",-1,0.1,0.5674081396279772,0.5593813308399564,0,0,NA,NA,NA,NA,NA
2023-02-20,History Logistic,44,2022-10-17,2023-02-06,2023-02-13,9704,879,885,0.5,0.9573796369376479,1.0465918895599655,0.5222588623248146,18,9704,"[0.4282769991755977, 0.8837592745259687, 0.5143137615614296, 0.48568623843857034, 2.095012366034625, 5.487737015663644]","[0.494829072663202, 0.32051336823179594, 0.3971489814460099, 0.3971489814460099, 2.152722125907616, 5.488582737679251]",-1,0.1,0.5674081396279772,0.5593813308399564,0,0,NA,NA,NA,NA,NA
2023-02-20,History Logistic,45,2022-10-17,2023-02-06,2023-02-13,9704,879,885,0.5,0.9573796369376479,1.0465918895599655,0.5222588623248146,18,9704,"[0.4282769991755977, 0.8837592745259687, 0.5143137615614296, 0.48568623843857034, 2.095012366034625, 5.487737015663644]","[0.494829072663202, 0.32051336823179594, 0.3971489814460099, 0.3971489814460099, 2.152722125907616, 5.488582737679251]",-1,0.1,0.5674081396279772,0.5593813308399564,0,0,NA,NA,NA,NA,NA
2023-02-20,History Logistic,46,2022-10-17,2023-02-06,2023-02-13,9704,879,885,0.5,0.9573796369376479,1.0465918895599655,0.5222588623248146,18,9704,"[0.4282769991755977, 0.8837592745259687, 0.5143137615614296, 0.48568623843857034, 2.095012366034625, 5.487737015663644]","[0.494829072663202, 0.32051336823179594, 0.3971489814460099, 0.3971489814460099, 2.152722125907616, 5.488582737679251]",-1,0.1,0.5674081396279772,0.5593813308399564,0,0,NA,NA,NA,NA,NA
2023-02-20,History Logistic,47,2022-10-17,2023-02-06,2023-02-13,9704,879,885,0.5,0.9573796369376479,1.0465918895599655,0.5222588623248146,18,9704,"[0.4282769991755977, 0.8837592745259687, 0.5143137615614296, 0.48568623843857034, 2.095012366034625, 5.487737015663644]","[0.494829072663202, 0.32051336823179594, 0.3971489814460099, 0.3971489814460099, 2.152722125907616, 5.488582737679251]",-1,0.1,0.5674081396279772,0.5593813308399564,0,0,NA,NA,NA,NA,NA
2023-02-20,History Logistic,48,2022-10-17,2023-02-06,2023-02-13,9704,879,885,0.5,0.9573796369376479,1.0465918895599655,0.5222588623248146,18,9704,"[0.4282769991755977, 0.8837592745259687, 0.5143137615614296, 0.48568623843857034, 2.095012366034625, 5.487737015663644]","[0.494829072663202, 0.32051336823179594, 0.3971489814460099, 0.3971489814460099, 2.152722125907616, 5.488582737679251]",-1,0.1,0.5674081396279772,0.5593813308399564,0,0,NA,NA,NA,NA,NA
2023-02-20,History Logistic,49,2022-10-17,2023-02-06,2023-02-13,9704,879,885,0.5,0.9573796369376479,1.0465918895599655,0.5222588623248146,18,9704,"[0.4282769991755977, 0.8837592745259687, 0.5143137615614296, 0.48568623843857034, 2.095012366034625, 5.487737015663644]","[0.494829072663202, 0.32051336823179594, 0.3971489814460099, 0.3971489814460099, 2.152722125907616, 5.488582737679251]",-1,0.1,0.5674081396279772,0.5593813308399564,0,0,NA,NA,NA,NA,NA
2023-02-20,History Logistic,50,2022-10-17,2023-02-06,2023-02-13,9704,879,885,0.5,0.9573796369376479,1.0465918895599655,0.5222588623248146,18,9704,"[0.4282769991755977, 0.8837592745259687, 0.5143137615614296, 0.48568623843857034, 2.095012366034625, 5.487737015663644]","[0.494829072663202, 0.32051336823179594, 0.3971489814460099, 0.3971489814460099, 2.152722125907616, 5.488582737679251]",-1,0.1,0.5674081396279772,0.5593813308399564,0,0,NA,NA,NA,NA,NA
2023-02-20,History Logistic,51,2022-10-17,2023-02-06,2023-02-13,9704,879,885,0.5,0.9573796369376479,1.0465918895599655,0.5222588623248146,18,9704,"[0.4282769991755977, 0.8837592745259687, 0.5143137615614296, 0.48568623843857034, 2.095012366034625, 5.487737015663644]","[0.494829072663202, 0.32051336823179594, 0.3971489814460099, 0.3971489814460099, 2.152722125907616, 5.488582737679251]",-1,0.1,0.5674081396279772,0.5593813308399564,0,0,NA,NA,NA,NA,NA
2023-02-20,History + Structural MLP,42,2022-10-17,2023-02-06,2023-02-13,9704,879,885,0.5,0.9573796369376479,1.0465918895599655,0.5222588623248146,18,9704,"[2.1530296784830996, 5.919311624072547, 2.4515663643858203, 9.231863149216817, 5.252809168841136e-05, 9.294065052125455e-05, 0.4282769991755977, 0.8837592745259687, 0.5143137615614296, 0.48568623843857034, 2.095012366034625, 5.487737015663644]","[24.228503426545704, 12.949899579299135, 28.197186579822667, 28.338364321298666, 0.00022527948238868834, 0.0004157961226827605, 0.494829072663202, 0.32051336823179594, 0.3971489814460099, 0.3971489814460099, 2.152722125907616, 5.488582737679251]",1,NA,0.5674081396279772,0.5629357227948413,2,6,32.0,0.2,0.001,0.0001,4.0
2023-02-20,History + Structural MLP,43,2022-10-17,2023-02-06,2023-02-13,9704,879,885,0.5,0.9573796369376479,1.0465918895599655,0.5222588623248146,18,9704,"[2.1530296784830996, 5.919311624072547, 2.4515663643858203, 9.231863149216817, 5.252809168841136e-05, 9.294065052125455e-05, 0.4282769991755977, 0.8837592745259687, 0.5143137615614296, 0.48568623843857034, 2.095012366034625, 5.487737015663644]","[24.228503426545704, 12.949899579299135, 28.197186579822667, 28.338364321298666, 0.00022527948238868834, 0.0004157961226827605, 0.494829072663202, 0.32051336823179594, 0.3971489814460099, 0.3971489814460099, 2.152722125907616, 5.488582737679251]",1,NA,0.5674081396279772,0.569282980907837,5,9,32.0,0.2,0.001,0.0001,4.0
2023-02-20,History + Structural MLP,44,2022-10-17,2023-02-06,2023-02-13,9704,879,885,0.5,0.9573796369376479,1.0465918895599655,0.5222588623248146,18,9704,"[2.1530296784830996, 5.919311624072547, 2.4515663643858203, 9.231863149216817, 5.252809168841136e-05, 9.294065052125455e-05, 0.4282769991755977, 0.8837592745259687, 0.5143137615614296, 0.48568623843857034, 2.095012366034625, 5.487737015663644]","[24.228503426545704, 12.949899579299135, 28.197186579822667, 28.338364321298666, 0.00022527948238868834, 0.0004157961226827605, 0.494829072663202, 0.32051336823179594, 0.3971489814460099, 0.3971489814460099, 2.152722125907616, 5.488582737679251]",1,NA,0.5674081396279772,0.5708346877642759,14,18,32.0,0.2,0.001,0.0001,4.0
2023-02-20,History + Structural MLP,45,2022-10-17,2023-02-06,2023-02-13,9704,879,885,0.5,0.9573796369376479,1.0465918895599655,0.5222588623248146,18,9704,"[2.1530296784830996, 5.919311624072547, 2.4515663643858203, 9.231863149216817, 5.252809168841136e-05, 9.294065052125455e-05, 0.4282769991755977, 0.8837592745259687, 0.5143137615614296, 0.48568623843857034, 2.095012366034625, 5.487737015663644]","[24.228503426545704, 12.949899579299135, 28.197186579822667, 28.338364321298666, 0.00022527948238868834, 0.0004157961226827605, 0.494829072663202, 0.32051336823179594, 0.3971489814460099, 0.3971489814460099, 2.152722125907616, 5.488582737679251]",1,NA,0.5674081396279772,0.5687924957641763,8,12,32.0,0.2,0.001,0.0001,4.0
2023-02-20,History + Structural MLP,46,2022-10-17,2023-02-06,2023-02-13,9704,879,885,0.5,0.9573796369376479,1.0465918895599655,0.5222588623248146,18,9704,"[2.1530296784830996, 5.919311624072547, 2.4515663643858203, 9.231863149216817, 5.252809168841136e-05, 9.294065052125455e-05, 0.4282769991755977, 0.8837592745259687, 0.5143137615614296, 0.48568623843857034, 2.095012366034625, 5.487737015663644]","[24.228503426545704, 12.949899579299135, 28.197186579822667, 28.338364321298666, 0.00022527948238868834, 0.0004157961226827605, 0.494829072663202, 0.32051336823179594, 0.3971489814460099, 0.3971489814460099, 2.152722125907616, 5.488582737679251]",1,NA,0.5674081396279772,0.5692025640759679,6,10,32.0,0.2,0.001,0.0001,4.0
2023-02-20,History + Structural MLP,47,2022-10-17,2023-02-06,2023-02-13,9704,879,885,0.5,0.9573796369376479,1.0465918895599655,0.5222588623248146,18,9704,"[2.1530296784830996, 5.919311624072547, 2.4515663643858203, 9.231863149216817, 5.252809168841136e-05, 9.294065052125455e-05, 0.4282769991755977, 0.8837592745259687, 0.5143137615614296, 0.48568623843857034, 2.095012366034625, 5.487737015663644]","[24.228503426545704, 12.949899579299135, 28.197186579822667, 28.338364321298666, 0.00022527948238868834, 0.0004157961226827605, 0.494829072663202, 0.32051336823179594, 0.3971489814460099, 0.3971489814460099, 2.152722125907616, 5.488582737679251]",1,NA,0.5674081396279772,0.5682064272004816,4,8,32.0,0.2,0.001,0.0001,4.0
2023-02-20,History + Structural MLP,48,2022-10-17,2023-02-06,2023-02-13,9704,879,885,0.5,0.9573796369376479,1.0465918895599655,0.5222588623248146,18,9704,"[2.1530296784830996, 5.919311624072547, 2.4515663643858203, 9.231863149216817, 5.252809168841136e-05, 9.294065052125455e-05, 0.4282769991755977, 0.8837592745259687, 0.5143137615614296, 0.48568623843857034, 2.095012366034625, 5.487737015663644]","[24.228503426545704, 12.949899579299135, 28.197186579822667, 28.338364321298666, 0.00022527948238868834, 0.0004157961226827605, 0.494829072663202, 0.32051336823179594, 0.3971489814460099, 0.3971489814460099, 2.152722125907616, 5.488582737679251]",1,NA,0.5674081396279772,0.5650306453644909,3,7,32.0,0.2,0.001,0.0001,4.0
2023-02-20,History + Structural MLP,49,2022-10-17,2023-02-06,2023-02-13,9704,879,885,0.5,0.9573796369376479,1.0465918895599655,0.5222588623248146,18,9704,"[2.1530296784830996, 5.919311624072547, 2.4515663643858203, 9.231863149216817, 5.252809168841136e-05, 9.294065052125455e-05, 0.4282769991755977, 0.8837592745259687, 0.5143137615614296, 0.48568623843857034, 2.095012366034625, 5.487737015663644]","[24.228503426545704, 12.949899579299135, 28.197186579822667, 28.338364321298666, 0.00022527948238868834, 0.0004157961226827605, 0.494829072663202, 0.32051336823179594, 0.3971489814460099, 0.3971489814460099, 2.152722125907616, 5.488582737679251]",1,NA,0.5674081396279772,0.5627273575226192,3,7,32.0,0.2,0.001,0.0001,4.0
2023-02-20,History + Structural MLP,50,2022-10-17,2023-02-06,2023-02-13,9704,879,885,0.5,0.9573796369376479,1.0465918895599655,0.5222588623248146,18,9704,"[2.1530296784830996, 5.919311624072547, 2.4515663643858203, 9.231863149216817, 5.252809168841136e-05, 9.294065052125455e-05, 0.4282769991755977, 0.8837592745259687, 0.5143137615614296, 0.48568623843857034, 2.095012366034625, 5.487737015663644]","[24.228503426545704, 12.949899579299135, 28.197186579822667, 28.338364321298666, 0.00022527948238868834, 0.0004157961226827605, 0.494829072663202, 0.32051336823179594, 0.3971489814460099, 0.3971489814460099, 2.152722125907616, 5.488582737679251]",1,NA,0.5674081396279772,0.5589872236158917,5,9,32.0,0.2,0.001,0.0001,4.0
2023-02-20,History + Structural MLP,51,2022-10-17,2023-02-06,2023-02-13,9704,879,885,0.5,0.9573796369376479,1.0465918895599655,0.5222588623248146,18,9704,"[2.1530296784830996, 5.919311624072547, 2.4515663643858203, 9.231863149216817, 5.252809168841136e-05, 9.294065052125455e-05, 0.4282769991755977, 0.8837592745259687, 0.5143137615614296, 0.48568623843857034, 2.095012366034625, 5.487737015663644]","[24.228503426545704, 12.949899579299135, 28.197186579822667, 28.338364321298666, 0.00022527948238868834, 0.0004157961226827605, 0.494829072663202, 0.32051336823179594, 0.3971489814460099, 0.3971489814460099, 2.152722125907616, 5.488582737679251]",1,NA,0.5674081396279772,0.571996891996892,16,20,32.0,0.2,0.001,0.0001,4.0
2023-02-20,History + Reversed GAT,42,2022-10-17,2023-02-06,2023-02-13,9704,879,885,0.5,0.9573796369376479,1.0465918895599655,0.5222588623248146,18,9704,"[2.1530296784830996, 5.919311624072547, 2.4515663643858203, 9.231863149216817, 5.252809168841136e-05, 9.294065052125455e-05, 0.4282769991755977, 0.8837592745259687, 0.5143137615614296, 0.48568623843857034, 2.095012366034625, 5.487737015663644]","[24.228503426545704, 12.949899579299135, 28.197186579822667, 28.338364321298666, 0.00022527948238868834, 0.0004157961226827605, 0.494829072663202, 0.32051336823179594, 0.3971489814460099, 0.3971489814460099, 2.152722125907616, 5.488582737679251]",1,NA,0.5674081396279772,0.5718805564611131,11,15,32.0,0.2,0.001,0.0001,4.0
2023-02-20,History + Reversed GAT,43,2022-10-17,2023-02-06,2023-02-13,9704,879,885,0.5,0.9573796369376479,1.0465918895599655,0.5222588623248146,18,9704,"[2.1530296784830996, 5.919311624072547, 2.4515663643858203, 9.231863149216817, 5.252809168841136e-05, 9.294065052125455e-05, 0.4282769991755977, 0.8837592745259687, 0.5143137615614296, 0.48568623843857034, 2.095012366034625, 5.487737015663644]","[24.228503426545704, 12.949899579299135, 28.197186579822667, 28.338364321298666, 0.00022527948238868834, 0.0004157961226827605, 0.494829072663202, 0.32051336823179594, 0.3971489814460099, 0.3971489814460099, 2.152722125907616, 5.488582737679251]",1,NA,0.5674081396279772,0.545472689170923,11,15,32.0,0.2,0.001,0.0001,4.0
2023-02-20,History + Reversed GAT,44,2022-10-17,2023-02-06,2023-02-13,9704,879,885,0.5,0.9573796369376479,1.0465918895599655,0.5222588623248146,18,9704,"[2.1530296784830996, 5.919311624072547, 2.4515663643858203, 9.231863149216817, 5.252809168841136e-05, 9.294065052125455e-05, 0.4282769991755977, 0.8837592745259687, 0.5143137615614296, 0.48568623843857034, 2.095012366034625, 5.487737015663644]","[24.228503426545704, 12.949899579299135, 28.197186579822667, 28.338364321298666, 0.00022527948238868834, 0.0004157961226827605, 0.494829072663202, 0.32051336823179594, 0.3971489814460099, 0.3971489814460099, 2.152722125907616, 5.488582737679251]",1,NA,0.5674081396279772,0.5790622184947039,18,22,32.0,0.2,0.001,0.0001,4.0
2023-02-20,History + Reversed GAT,45,2022-10-17,2023-02-06,2023-02-13,9704,879,885,0.5,0.9573796369376479,1.0465918895599655,0.5222588623248146,18,9704,"[2.1530296784830996, 5.919311624072547, 2.4515663643858203, 9.231863149216817, 5.252809168841136e-05, 9.294065052125455e-05, 0.4282769991755977, 0.8837592745259687, 0.5143137615614296, 0.48568623843857034, 2.095012366034625, 5.487737015663644]","[24.228503426545704, 12.949899579299135, 28.197186579822667, 28.338364321298666, 0.00022527948238868834, 0.0004157961226827605, 0.494829072663202, 0.32051336823179594, 0.3971489814460099, 0.3971489814460099, 2.152722125907616, 5.488582737679251]",1,NA,0.5674081396279772,0.5468553098865849,9,13,32.0,0.2,0.001,0.0001,4.0
2023-02-20,History + Reversed GAT,46,2022-10-17,2023-02-06,2023-02-13,9704,879,885,0.5,0.9573796369376479,1.0465918895599655,0.5222588623248146,18,9704,"[2.1530296784830996, 5.919311624072547, 2.4515663643858203, 9.231863149216817, 5.252809168841136e-05, 9.294065052125455e-05, 0.4282769991755977, 0.8837592745259687, 0.5143137615614296, 0.48568623843857034, 2.095012366034625, 5.487737015663644]","[24.228503426545704, 12.949899579299135, 28.197186579822667, 28.338364321298666, 0.00022527948238868834, 0.0004157961226827605, 0.494829072663202, 0.32051336823179594, 0.3971489814460099, 0.3971489814460099, 2.152722125907616, 5.488582737679251]",1,NA,0.5674081396279772,0.5678848254694897,27,30,32.0,0.2,0.001,0.0001,4.0
2023-02-20,History + Reversed GAT,47,2022-10-17,2023-02-06,2023-02-13,9704,879,885,0.5,0.9573796369376479,1.0465918895599655,0.5222588623248146,18,9704,"[2.1530296784830996, 5.919311624072547, 2.4515663643858203, 9.231863149216817, 5.252809168841136e-05, 9.294065052125455e-05, 0.4282769991755977, 0.8837592745259687, 0.5143137615614296, 0.48568623843857034, 2.095012366034625, 5.487737015663644]","[24.228503426545704, 12.949899579299135, 28.197186579822667, 28.338364321298666, 0.00022527948238868834, 0.0004157961226827605, 0.494829072663202, 0.32051336823179594, 0.3971489814460099, 0.3971489814460099, 2.152722125907616, 5.488582737679251]",1,NA,0.5674081396279772,0.5255546456223943,4,8,32.0,0.2,0.001,0.0001,4.0
2023-02-20,History + Reversed GAT,48,2022-10-17,2023-02-06,2023-02-13,9704,879,885,0.5,0.9573796369376479,1.0465918895599655,0.5222588623248146,18,9704,"[2.1530296784830996, 5.919311624072547, 2.4515663643858203, 9.231863149216817, 5.252809168841136e-05, 9.294065052125455e-05, 0.4282769991755977, 0.8837592745259687, 0.5143137615614296, 0.48568623843857034, 2.095012366034625, 5.487737015663644]","[24.228503426545704, 12.949899579299135, 28.197186579822667, 28.338364321298666, 0.00022527948238868834, 0.0004157961226827605, 0.494829072663202, 0.32051336823179594, 0.3971489814460099, 0.3971489814460099, 2.152722125907616, 5.488582737679251]",1,NA,0.5674081396279772,0.5817914008068669,21,25,32.0,0.2,0.001,0.0001,4.0
2023-02-20,History + Reversed GAT,49,2022-10-17,2023-02-06,2023-02-13,9704,879,885,0.5,0.9573796369376479,1.0465918895599655,0.5222588623248146,18,9704,"[2.1530296784830996, 5.919311624072547, 2.4515663643858203, 9.231863149216817, 5.252809168841136e-05, 9.294065052125455e-05, 0.4282769991755977, 0.8837592745259687, 0.5143137615614296, 0.48568623843857034, 2.095012366034625, 5.487737015663644]","[24.228503426545704, 12.949899579299135, 28.197186579822667, 28.338364321298666, 0.00022527948238868834, 0.0004157961226827605, 0.494829072663202, 0.32051336823179594, 0.3971489814460099, 0.3971489814460099, 2.152722125907616, 5.488582737679251]",1,NA,0.5674081396279772,0.5621362277803995,11,15,32.0,0.2,0.001,0.0001,4.0
2023-02-20,History + Reversed GAT,50,2022-10-17,2023-02-06,2023-02-13,9704,879,885,0.5,0.9573796369376479,1.0465918895599655,0.5222588623248146,18,9704,"[2.1530296784830996, 5.919311624072547, 2.4515663643858203, 9.231863149216817, 5.252809168841136e-05, 9.294065052125455e-05, 0.4282769991755977, 0.8837592745259687, 0.5143137615614296, 0.48568623843857034, 2.095012366034625, 5.487737015663644]","[24.228503426545704, 12.949899579299135, 28.197186579822667, 28.338364321298666, 0.00022527948238868834, 0.0004157961226827605, 0.494829072663202, 0.32051336823179594, 0.3971489814460099, 0.3971489814460099, 2.152722125907616, 5.488582737679251]",1,NA,0.5674081396279772,0.569871788233101,14,18,32.0,0.2,0.001,0.0001,4.0
2023-02-20,History + Reversed GAT,51,2022-10-17,2023-02-06,2023-02-13,9704,879,885,0.5,0.9573796369376479,1.0465918895599655,0.5222588623248146,18,9704,"[2.1530296784830996, 5.919311624072547, 2.4515663643858203, 9.231863149216817, 5.252809168841136e-05, 9.294065052125455e-05, 0.4282769991755977, 0.8837592745259687, 0.5143137615614296, 0.48568623843857034, 2.095012366034625, 5.487737015663644]","[24.228503426545704, 12.949899579299135, 28.197186579822667, 28.338364321298666, 0.00022527948238868834, 0.0004157961226827605, 0.494829072663202, 0.32051336823179594, 0.3971489814460099, 0.3971489814460099, 2.152722125907616, 5.488582737679251]",1,NA,0.5674081396279772,0.5067410386240843,5,9,32.0,0.2,0.001,0.0001,4.0
2023-02-20,History + Forward GAT,42,2022-10-17,2023-02-06,2023-02-13,9704,879,885,0.5,0.9573796369376479,1.0465918895599655,0.5222588623248146,18,9704,"[2.1530296784830996, 5.919311624072547, 2.4515663643858203, 9.231863149216817, 5.252809168841136e-05, 9.294065052125455e-05, 0.4282769991755977, 0.8837592745259687, 0.5143137615614296, 0.48568623843857034, 2.095012366034625, 5.487737015663644]","[24.228503426545704, 12.949899579299135, 28.197186579822667, 28.338364321298666, 0.00022527948238868834, 0.0004157961226827605, 0.494829072663202, 0.32051336823179594, 0.3971489814460099, 0.3971489814460099, 2.152722125907616, 5.488582737679251]",1,NA,0.5674081396279772,0.5641963658111293,10,14,32.0,0.2,0.001,0.0001,4.0
2023-02-20,History + Forward GAT,43,2022-10-17,2023-02-06,2023-02-13,9704,879,885,0.5,0.9573796369376479,1.0465918895599655,0.5222588623248146,18,9704,"[2.1530296784830996, 5.919311624072547, 2.4515663643858203, 9.231863149216817, 5.252809168841136e-05, 9.294065052125455e-05, 0.4282769991755977, 0.8837592745259687, 0.5143137615614296, 0.48568623843857034, 2.095012366034625, 5.487737015663644]","[24.228503426545704, 12.949899579299135, 28.197186579822667, 28.338364321298666, 0.00022527948238868834, 0.0004157961226827605, 0.494829072663202, 0.32051336823179594, 0.3971489814460099, 0.3971489814460099, 2.152722125907616, 5.488582737679251]",1,NA,0.5674081396279772,0.5710679971057901,10,14,32.0,0.2,0.001,0.0001,4.0
2023-02-20,History + Forward GAT,44,2022-10-17,2023-02-06,2023-02-13,9704,879,885,0.5,0.9573796369376479,1.0465918895599655,0.5222588623248146,18,9704,"[2.1530296784830996, 5.919311624072547, 2.4515663643858203, 9.231863149216817, 5.252809168841136e-05, 9.294065052125455e-05, 0.4282769991755977, 0.8837592745259687, 0.5143137615614296, 0.48568623843857034, 2.095012366034625, 5.487737015663644]","[24.228503426545704, 12.949899579299135, 28.197186579822667, 28.338364321298666, 0.00022527948238868834, 0.0004157961226827605, 0.494829072663202, 0.32051336823179594, 0.3971489814460099, 0.3971489814460099, 2.152722125907616, 5.488582737679251]",1,NA,0.5674081396279772,0.5688259816705645,12,16,32.0,0.2,0.001,0.0001,4.0
2023-02-20,History + Forward GAT,45,2022-10-17,2023-02-06,2023-02-13,9704,879,885,0.5,0.9573796369376479,1.0465918895599655,0.5222588623248146,18,9704,"[2.1530296784830996, 5.919311624072547, 2.4515663643858203, 9.231863149216817, 5.252809168841136e-05, 9.294065052125455e-05, 0.4282769991755977, 0.8837592745259687, 0.5143137615614296, 0.48568623843857034, 2.095012366034625, 5.487737015663644]","[24.228503426545704, 12.949899579299135, 28.197186579822667, 28.338364321298666, 0.00022527948238868834, 0.0004157961226827605, 0.494829072663202, 0.32051336823179594, 0.3971489814460099, 0.3971489814460099, 2.152722125907616, 5.488582737679251]",1,NA,0.5674081396279772,0.566543924931241,12,16,32.0,0.2,0.001,0.0001,4.0
2023-02-20,History + Forward GAT,46,2022-10-17,2023-02-06,2023-02-13,9704,879,885,0.5,0.9573796369376479,1.0465918895599655,0.5222588623248146,18,9704,"[2.1530296784830996, 5.919311624072547, 2.4515663643858203, 9.231863149216817, 5.252809168841136e-05, 9.294065052125455e-05, 0.4282769991755977, 0.8837592745259687, 0.5143137615614296, 0.48568623843857034, 2.095012366034625, 5.487737015663644]","[24.228503426545704, 12.949899579299135, 28.197186579822667, 28.338364321298666, 0.00022527948238868834, 0.0004157961226827605, 0.494829072663202, 0.32051336823179594, 0.3971489814460099, 0.3971489814460099, 2.152722125907616, 5.488582737679251]",1,NA,0.5674081396279772,0.5752231307094449,11,15,32.0,0.2,0.001,0.0001,4.0
2023-02-20,History + Forward GAT,47,2022-10-17,2023-02-06,2023-02-13,9704,879,885,0.5,0.9573796369376479,1.0465918895599655,0.5222588623248146,18,9704,"[2.1530296784830996, 5.919311624072547, 2.4515663643858203, 9.231863149216817, 5.252809168841136e-05, 9.294065052125455e-05, 0.4282769991755977, 0.8837592745259687, 0.5143137615614296, 0.48568623843857034, 2.095012366034625, 5.487737015663644]","[24.228503426545704, 12.949899579299135, 28.197186579822667, 28.338364321298666, 0.00022527948238868834, 0.0004157961226827605, 0.494829072663202, 0.32051336823179594, 0.3971489814460099, 0.3971489814460099, 2.152722125907616, 5.488582737679251]",1,NA,0.5674081396279772,0.5605472529835501,2,6,32.0,0.2,0.001,0.0001,4.0
2023-02-20,History + Forward GAT,48,2022-10-17,2023-02-06,2023-02-13,9704,879,885,0.5,0.9573796369376479,1.0465918895599655,0.5222588623248146,18,9704,"[2.1530296784830996, 5.919311624072547, 2.4515663643858203, 9.231863149216817, 5.252809168841136e-05, 9.294065052125455e-05, 0.4282769991755977, 0.8837592745259687, 0.5143137615614296, 0.48568623843857034, 2.095012366034625, 5.487737015663644]","[24.228503426545704, 12.949899579299135, 28.197186579822667, 28.338364321298666, 0.00022527948238868834, 0.0004157961226827605, 0.494829072663202, 0.32051336823179594, 0.3971489814460099, 0.3971489814460099, 2.152722125907616, 5.488582737679251]",1,NA,0.5674081396279772,0.567194777355549,7,11,32.0,0.2,0.001,0.0001,4.0
2023-02-20,History + Forward GAT,49,2022-10-17,2023-02-06,2023-02-13,9704,879,885,0.5,0.9573796369376479,1.0465918895599655,0.5222588623248146,18,9704,"[2.1530296784830996, 5.919311624072547, 2.4515663643858203, 9.231863149216817, 5.252809168841136e-05, 9.294065052125455e-05, 0.4282769991755977, 0.8837592745259687, 0.5143137615614296, 0.48568623843857034, 2.095012366034625, 5.487737015663644]","[24.228503426545704, 12.949899579299135, 28.197186579822667, 28.338364321298666, 0.00022527948238868834, 0.0004157961226827605, 0.494829072663202, 0.32051336823179594, 0.3971489814460099, 0.3971489814460099, 2.152722125907616, 5.488582737679251]",1,NA,0.5674081396279772,0.5604498958430495,7,11,32.0,0.2,0.001,0.0001,4.0
2023-02-20,History + Forward GAT,50,2022-10-17,2023-02-06,2023-02-13,9704,879,885,0.5,0.9573796369376479,1.0465918895599655,0.5222588623248146,18,9704,"[2.1530296784830996, 5.919311624072547, 2.4515663643858203, 9.231863149216817, 5.252809168841136e-05, 9.294065052125455e-05, 0.4282769991755977, 0.8837592745259687, 0.5143137615614296, 0.48568623843857034, 2.095012366034625, 5.487737015663644]","[24.228503426545704, 12.949899579299135, 28.197186579822667, 28.338364321298666, 0.00022527948238868834, 0.0004157961226827605, 0.494829072663202, 0.32051336823179594, 0.3971489814460099, 0.3971489814460099, 2.152722125907616, 5.488582737679251]",1,NA,0.5674081396279772,0.5765501165501166,25,29,32.0,0.2,0.001,0.0001,4.0
2023-02-20,History + Forward GAT,51,2022-10-17,2023-02-06,2023-02-13,9704,879,885,0.5,0.9573796369376479,1.0465918895599655,0.5222588623248146,18,9704,"[2.1530296784830996, 5.919311624072547, 2.4515663643858203, 9.231863149216817, 5.252809168841136e-05, 9.294065052125455e-05, 0.4282769991755977, 0.8837592745259687, 0.5143137615614296, 0.48568623843857034, 2.095012366034625, 5.487737015663644]","[24.228503426545704, 12.949899579299135, 28.197186579822667, 28.338364321298666, 0.00022527948238868834, 0.0004157961226827605, 0.494829072663202, 0.32051336823179594, 0.3971489814460099, 0.3971489814460099, 2.152722125907616, 5.488582737679251]",1,NA,0.5674081396279772,0.5665529010238908,9,13,32.0,0.2,0.001,0.0001,4.0
2023-03-13,History Logistic,42,2022-10-17,2023-02-27,2023-03-06,12428,1038,996,0.5,0.9558529457006615,1.0484224734266914,0.52309301577084,21,12428,"[0.42919214676536854, 0.887833923398777, 0.5159569348103893, 0.48404306518960943, 2.288702928870293, 6.2130672674605725]","[0.4949608549372859, 0.3155706701535005, 0.3916430054309943, 0.3916430054309943, 2.430596559943119, 6.399716598089938]",-1,0.01,0.5505017586397842,0.5519528439813418,0,0,NA,NA,NA,NA,NA
2023-03-13,History Logistic,43,2022-10-17,2023-02-27,2023-03-06,12428,1038,996,0.5,0.9558529457006615,1.0484224734266914,0.52309301577084,21,12428,"[0.42919214676536854, 0.887833923398777, 0.5159569348103893, 0.48404306518960943, 2.288702928870293, 6.2130672674605725]","[0.4949608549372859, 0.3155706701535005, 0.3916430054309943, 0.3916430054309943, 2.430596559943119, 6.399716598089938]",-1,0.01,0.5505017586397842,0.5519528439813418,0,0,NA,NA,NA,NA,NA
2023-03-13,History Logistic,44,2022-10-17,2023-02-27,2023-03-06,12428,1038,996,0.5,0.9558529457006615,1.0484224734266914,0.52309301577084,21,12428,"[0.42919214676536854, 0.887833923398777, 0.5159569348103893, 0.48404306518960943, 2.288702928870293, 6.2130672674605725]","[0.4949608549372859, 0.3155706701535005, 0.3916430054309943, 0.3916430054309943, 2.430596559943119, 6.399716598089938]",-1,0.01,0.5505017586397842,0.5519528439813418,0,0,NA,NA,NA,NA,NA
2023-03-13,History Logistic,45,2022-10-17,2023-02-27,2023-03-06,12428,1038,996,0.5,0.9558529457006615,1.0484224734266914,0.52309301577084,21,12428,"[0.42919214676536854, 0.887833923398777, 0.5159569348103893, 0.48404306518960943, 2.288702928870293, 6.2130672674605725]","[0.4949608549372859, 0.3155706701535005, 0.3916430054309943, 0.3916430054309943, 2.430596559943119, 6.399716598089938]",-1,0.01,0.5505017586397842,0.5519528439813418,0,0,NA,NA,NA,NA,NA
2023-03-13,History Logistic,46,2022-10-17,2023-02-27,2023-03-06,12428,1038,996,0.5,0.9558529457006615,1.0484224734266914,0.52309301577084,21,12428,"[0.42919214676536854, 0.887833923398777, 0.5159569348103893, 0.48404306518960943, 2.288702928870293, 6.2130672674605725]","[0.4949608549372859, 0.3155706701535005, 0.3916430054309943, 0.3916430054309943, 2.430596559943119, 6.399716598089938]",-1,0.01,0.5505017586397842,0.5519528439813418,0,0,NA,NA,NA,NA,NA
2023-03-13,History Logistic,47,2022-10-17,2023-02-27,2023-03-06,12428,1038,996,0.5,0.9558529457006615,1.0484224734266914,0.52309301577084,21,12428,"[0.42919214676536854, 0.887833923398777, 0.5159569348103893, 0.48404306518960943, 2.288702928870293, 6.2130672674605725]","[0.4949608549372859, 0.3155706701535005, 0.3916430054309943, 0.3916430054309943, 2.430596559943119, 6.399716598089938]",-1,0.01,0.5505017586397842,0.5519528439813418,0,0,NA,NA,NA,NA,NA
2023-03-13,History Logistic,48,2022-10-17,2023-02-27,2023-03-06,12428,1038,996,0.5,0.9558529457006615,1.0484224734266914,0.52309301577084,21,12428,"[0.42919214676536854, 0.887833923398777, 0.5159569348103893, 0.48404306518960943, 2.288702928870293, 6.2130672674605725]","[0.4949608549372859, 0.3155706701535005, 0.3916430054309943, 0.3916430054309943, 2.430596559943119, 6.399716598089938]",-1,0.01,0.5505017586397842,0.5519528439813418,0,0,NA,NA,NA,NA,NA
2023-03-13,History Logistic,49,2022-10-17,2023-02-27,2023-03-06,12428,1038,996,0.5,0.9558529457006615,1.0484224734266914,0.52309301577084,21,12428,"[0.42919214676536854, 0.887833923398777, 0.5159569348103893, 0.48404306518960943, 2.288702928870293, 6.2130672674605725]","[0.4949608549372859, 0.3155706701535005, 0.3916430054309943, 0.3916430054309943, 2.430596559943119, 6.399716598089938]",-1,0.01,0.5505017586397842,0.5519528439813418,0,0,NA,NA,NA,NA,NA
2023-03-13,History Logistic,50,2022-10-17,2023-02-27,2023-03-06,12428,1038,996,0.5,0.9558529457006615,1.0484224734266914,0.52309301577084,21,12428,"[0.42919214676536854, 0.887833923398777, 0.5159569348103893, 0.48404306518960943, 2.288702928870293, 6.2130672674605725]","[0.4949608549372859, 0.3155706701535005, 0.3916430054309943, 0.3916430054309943, 2.430596559943119, 6.399716598089938]",-1,0.01,0.5505017586397842,0.5519528439813418,0,0,NA,NA,NA,NA,NA
2023-03-13,History Logistic,51,2022-10-17,2023-02-27,2023-03-06,12428,1038,996,0.5,0.9558529457006615,1.0484224734266914,0.52309301577084,21,12428,"[0.42919214676536854, 0.887833923398777, 0.5159569348103893, 0.48404306518960943, 2.288702928870293, 6.2130672674605725]","[0.4949608549372859, 0.3155706701535005, 0.3916430054309943, 0.3916430054309943, 2.430596559943119, 6.399716598089938]",-1,0.01,0.5505017586397842,0.5519528439813418,0,0,NA,NA,NA,NA,NA
2023-03-13,History + Structural MLP,42,2022-10-17,2023-02-27,2023-03-06,12428,1038,996,0.5,0.9558529457006615,1.0484224734266914,0.52309301577084,21,12428,"[2.5733826842613454, 6.050048278081751, 2.968458319922755, 9.64692629546186, 4.864523522702796e-05, 8.12714956990066e-05, 0.42919214676536854, 0.887833923398777, 0.5159569348103893, 0.48404306518960943, 2.288702928870293, 6.2130672674605725]","[30.538399212135865, 13.033284338238627, 36.73979875630607, 29.75438116699611, 0.0002276627895957566, 0.00037231528232270587, 0.4949608549372859, 0.3155706701535005, 0.3916430054309943, 0.3916430054309943, 2.430596559943119, 6.399716598089938]",1,NA,0.5505017586397842,0.5478168272041165,7,11,32.0,0.2,0.001,0.0001,4.0
2023-03-13,History + Structural MLP,43,2022-10-17,2023-02-27,2023-03-06,12428,1038,996,0.5,0.9558529457006615,1.0484224734266914,0.52309301577084,21,12428,"[2.5733826842613454, 6.050048278081751, 2.968458319922755, 9.64692629546186, 4.864523522702796e-05, 8.12714956990066e-05, 0.42919214676536854, 0.887833923398777, 0.5159569348103893, 0.48404306518960943, 2.288702928870293, 6.2130672674605725]","[30.538399212135865, 13.033284338238627, 36.73979875630607, 29.75438116699611, 0.0002276627895957566, 0.00037231528232270587, 0.4949608549372859, 0.3155706701535005, 0.3916430054309943, 0.3916430054309943, 2.430596559943119, 6.399716598089938]",1,NA,0.5505017586397842,0.5499121172364423,7,11,32.0,0.2,0.001,0.0001,4.0
2023-03-13,History + Structural MLP,44,2022-10-17,2023-02-27,2023-03-06,12428,1038,996,0.5,0.9558529457006615,1.0484224734266914,0.52309301577084,21,12428,"[2.5733826842613454, 6.050048278081751, 2.968458319922755, 9.64692629546186, 4.864523522702796e-05, 8.12714956990066e-05, 0.42919214676536854, 0.887833923398777, 0.5159569348103893, 0.48404306518960943, 2.288702928870293, 6.2130672674605725]","[30.538399212135865, 13.033284338238627, 36.73979875630607, 29.75438116699611, 0.0002276627895957566, 0.00037231528232270587, 0.4949608549372859, 0.3155706701535005, 0.3916430054309943, 0.3916430054309943, 2.430596559943119, 6.399716598089938]",1,NA,0.5505017586397842,0.5444608501284974,6,10,32.0,0.2,0.001,0.0001,4.0
2023-03-13,History + Structural MLP,45,2022-10-17,2023-02-27,2023-03-06,12428,1038,996,0.5,0.9558529457006615,1.0484224734266914,0.52309301577084,21,12428,"[2.5733826842613454, 6.050048278081751, 2.968458319922755, 9.64692629546186, 4.864523522702796e-05, 8.12714956990066e-05, 0.42919214676536854, 0.887833923398777, 0.5159569348103893, 0.48404306518960943, 2.288702928870293, 6.2130672674605725]","[30.538399212135865, 13.033284338238627, 36.73979875630607, 29.75438116699611, 0.0002276627895957566, 0.00037231528232270587, 0.4949608549372859, 0.3155706701535005, 0.3916430054309943, 0.3916430054309943, 2.430596559943119, 6.399716598089938]",1,NA,0.5505017586397842,0.549791727615943,1,5,32.0,0.2,0.001,0.0001,4.0
2023-03-13,History + Structural MLP,46,2022-10-17,2023-02-27,2023-03-06,12428,1038,996,0.5,0.9558529457006615,1.0484224734266914,0.52309301577084,21,12428,"[2.5733826842613454, 6.050048278081751, 2.968458319922755, 9.64692629546186, 4.864523522702796e-05, 8.12714956990066e-05, 0.42919214676536854, 0.887833923398777, 0.5159569348103893, 0.48404306518960943, 2.288702928870293, 6.2130672674605725]","[30.538399212135865, 13.033284338238627, 36.73979875630607, 29.75438116699611, 0.0002276627895957566, 0.00037231528232270587, 0.4949608549372859, 0.3155706701535005, 0.3916430054309943, 0.3916430054309943, 2.430596559943119, 6.399716598089938]",1,NA,0.5505017586397842,0.5445336903168229,1,5,32.0,0.2,0.001,0.0001,4.0
2023-03-13,History + Structural MLP,47,2022-10-17,2023-02-27,2023-03-06,12428,1038,996,0.5,0.9558529457006615,1.0484224734266914,0.52309301577084,21,12428,"[2.5733826842613454, 6.050048278081751, 2.968458319922755, 9.64692629546186, 4.864523522702796e-05, 8.12714956990066e-05, 0.42919214676536854, 0.887833923398777, 0.5159569348103893, 0.48404306518960943, 2.288702928870293, 6.2130672674605725]","[30.538399212135865, 13.033284338238627, 36.73979875630607, 29.75438116699611, 0.0002276627895957566, 0.00037231528232270587, 0.4949608549372859, 0.3155706701535005, 0.3916430054309943, 0.3916430054309943, 2.430596559943119, 6.399716598089938]",1,NA,0.5505017586397842,0.5471785265210809,1,5,32.0,0.2,0.001,0.0001,4.0
2023-03-13,History + Structural MLP,48,2022-10-17,2023-02-27,2023-03-06,12428,1038,996,0.5,0.9558529457006615,1.0484224734266914,0.52309301577084,21,12428,"[2.5733826842613454, 6.050048278081751, 2.968458319922755, 9.64692629546186, 4.864523522702796e-05, 8.12714956990066e-05, 0.42919214676536854, 0.887833923398777, 0.5159569348103893, 0.48404306518960943, 2.288702928870293, 6.2130672674605725]","[30.538399212135865, 13.033284338238627, 36.73979875630607, 29.75438116699611, 0.0002276627895957566, 0.00037231528232270587, 0.4949608549372859, 0.3155706701535005, 0.3916430054309943, 0.3916430054309943, 2.430596559943119, 6.399716598089938]",1,NA,0.5505017586397842,0.5394921980865544,3,7,32.0,0.2,0.001,0.0001,4.0
2023-03-13,History + Structural MLP,49,2022-10-17,2023-02-27,2023-03-06,12428,1038,996,0.5,0.9558529457006615,1.0484224734266914,0.52309301577084,21,12428,"[2.5733826842613454, 6.050048278081751, 2.968458319922755, 9.64692629546186, 4.864523522702796e-05, 8.12714956990066e-05, 0.42919214676536854, 0.887833923398777, 0.5159569348103893, 0.48404306518960943, 2.288702928870293, 6.2130672674605725]","[30.538399212135865, 13.033284338238627, 36.73979875630607, 29.75438116699611, 0.0002276627895957566, 0.00037231528232270587, 0.4949608549372859, 0.3155706701535005, 0.3916430054309943, 0.3916430054309943, 2.430596559943119, 6.399716598089938]",1,NA,0.5505017586397842,0.5483935742971888,7,11,32.0,0.2,0.001,0.0001,4.0
2023-03-13,History + Structural MLP,50,2022-10-17,2023-02-27,2023-03-06,12428,1038,996,0.5,0.9558529457006615,1.0484224734266914,0.52309301577084,21,12428,"[2.5733826842613454, 6.050048278081751, 2.968458319922755, 9.64692629546186, 4.864523522702796e-05, 8.12714956990066e-05, 0.42919214676536854, 0.887833923398777, 0.5159569348103893, 0.48404306518960943, 2.288702928870293, 6.2130672674605725]","[30.538399212135865, 13.033284338238627, 36.73979875630607, 29.75438116699611, 0.0002276627895957566, 0.00037231528232270587, 0.4949608549372859, 0.3155706701535005, 0.3916430054309943, 0.3916430054309943, 2.430596559943119, 6.399716598089938]",1,NA,0.5505017586397842,0.5438614168996817,1,5,32.0,0.2,0.001,0.0001,4.0
2023-03-13,History + Structural MLP,51,2022-10-17,2023-02-27,2023-03-06,12428,1038,996,0.5,0.9558529457006615,1.0484224734266914,0.52309301577084,21,12428,"[2.5733826842613454, 6.050048278081751, 2.968458319922755, 9.64692629546186, 4.864523522702796e-05, 8.12714956990066e-05, 0.42919214676536854, 0.887833923398777, 0.5159569348103893, 0.48404306518960943, 2.288702928870293, 6.2130672674605725]","[30.538399212135865, 13.033284338238627, 36.73979875630607, 29.75438116699611, 0.0002276627895957566, 0.00037231528232270587, 0.4949608549372859, 0.3155706701535005, 0.3916430054309943, 0.3916430054309943, 2.430596559943119, 6.399716598089938]",1,NA,0.5505017586397842,0.5474635212402732,9,13,32.0,0.2,0.001,0.0001,4.0
2023-03-13,History + Reversed GAT,42,2022-10-17,2023-02-27,2023-03-06,12428,1038,996,0.5,0.9558529457006615,1.0484224734266914,0.52309301577084,21,12428,"[2.5733826842613454, 6.050048278081751, 2.968458319922755, 9.64692629546186, 4.864523522702796e-05, 8.12714956990066e-05, 0.42919214676536854, 0.887833923398777, 0.5159569348103893, 0.48404306518960943, 2.288702928870293, 6.2130672674605725]","[30.538399212135865, 13.033284338238627, 36.73979875630607, 29.75438116699611, 0.0002276627895957566, 0.00037231528232270587, 0.4949608549372859, 0.3155706701535005, 0.3916430054309943, 0.3916430054309943, 2.430596559943119, 6.399716598089938]",1,NA,0.5505017586397842,0.5531866900754521,4,8,32.0,0.2,0.001,0.0001,4.0
2023-03-13,History + Reversed GAT,43,2022-10-17,2023-02-27,2023-03-06,12428,1038,996,0.5,0.9558529457006615,1.0484224734266914,0.52309301577084,21,12428,"[2.5733826842613454, 6.050048278081751, 2.968458319922755, 9.64692629546186, 4.864523522702796e-05, 8.12714956990066e-05, 0.42919214676536854, 0.887833923398777, 0.5159569348103893, 0.48404306518960943, 2.288702928870293, 6.2130672674605725]","[30.538399212135865, 13.033284338238627, 36.73979875630607, 29.75438116699611, 0.0002276627895957566, 0.00037231528232270587, 0.4949608549372859, 0.3155706701535005, 0.3916430054309943, 0.3916430054309943, 2.430596559943119, 6.399716598089938]",1,NA,0.5505017586397842,0.5066216966229774,1,5,32.0,0.2,0.001,0.0001,4.0
2023-03-13,History + Reversed GAT,44,2022-10-17,2023-02-27,2023-03-06,12428,1038,996,0.5,0.9558529457006615,1.0484224734266914,0.52309301577084,21,12428,"[2.5733826842613454, 6.050048278081751, 2.968458319922755, 9.64692629546186, 4.864523522702796e-05, 8.12714956990066e-05, 0.42919214676536854, 0.887833923398777, 0.5159569348103893, 0.48404306518960943, 2.288702928870293, 6.2130672674605725]","[30.538399212135865, 13.033284338238627, 36.73979875630607, 29.75438116699611, 0.0002276627895957566, 0.00037231528232270587, 0.4949608549372859, 0.3155706701535005, 0.3916430054309943, 0.3916430054309943, 2.430596559943119, 6.399716598089938]",1,NA,0.5505017586397842,0.5473027375201288,4,8,32.0,0.2,0.001,0.0001,4.0
2023-03-13,History + Reversed GAT,45,2022-10-17,2023-02-27,2023-03-06,12428,1038,996,0.5,0.9558529457006615,1.0484224734266914,0.52309301577084,21,12428,"[2.5733826842613454, 6.050048278081751, 2.968458319922755, 9.64692629546186, 4.864523522702796e-05, 8.12714956990066e-05, 0.42919214676536854, 0.887833923398777, 0.5159569348103893, 0.48404306518960943, 2.288702928870293, 6.2130672674605725]","[30.538399212135865, 13.033284338238627, 36.73979875630607, 29.75438116699611, 0.0002276627895957566, 0.00037231528232270587, 0.4949608549372859, 0.3155706701535005, 0.3916430054309943, 0.3916430054309943, 2.430596559943119, 6.399716598089938]",1,NA,0.5505017586397842,0.5325986948081067,4,8,32.0,0.2,0.001,0.0001,4.0
2023-03-13,History + Reversed GAT,46,2022-10-17,2023-02-27,2023-03-06,12428,1038,996,0.5,0.9558529457006615,1.0484224734266914,0.52309301577084,21,12428,"[2.5733826842613454, 6.050048278081751, 2.968458319922755, 9.64692629546186, 4.864523522702796e-05, 8.12714956990066e-05, 0.42919214676536854, 0.887833923398777, 0.5159569348103893, 0.48404306518960943, 2.288702928870293, 6.2130672674605725]","[30.538399212135865, 13.033284338238627, 36.73979875630607, 29.75438116699611, 0.0002276627895957566, 0.00037231528232270587, 0.4949608549372859, 0.3155706701535005, 0.3916430054309943, 0.3916430054309943, 2.430596559943119, 6.399716598089938]",1,NA,0.5505017586397842,0.5423740164071655,11,15,32.0,0.2,0.001,0.0001,4.0
2023-03-13,History + Reversed GAT,47,2022-10-17,2023-02-27,2023-03-06,12428,1038,996,0.5,0.9558529457006615,1.0484224734266914,0.52309301577084,21,12428,"[2.5733826842613454, 6.050048278081751, 2.968458319922755, 9.64692629546186, 4.864523522702796e-05, 8.12714956990066e-05, 0.42919214676536854, 0.887833923398777, 0.5159569348103893, 0.48404306518960943, 2.288702928870293, 6.2130672674605725]","[30.538399212135865, 13.033284338238627, 36.73979875630607, 29.75438116699611, 0.0002276627895957566, 0.00037231528232270587, 0.4949608549372859, 0.3155706701535005, 0.3916430054309943, 0.3916430054309943, 2.430596559943119, 6.399716598089938]",1,NA,0.5505017586397842,0.5534192241825826,8,12,32.0,0.2,0.001,0.0001,4.0
2023-03-13,History + Reversed GAT,48,2022-10-17,2023-02-27,2023-03-06,12428,1038,996,0.5,0.9558529457006615,1.0484224734266914,0.52309301577084,21,12428,"[2.5733826842613454, 6.050048278081751, 2.968458319922755, 9.64692629546186, 4.864523522702796e-05, 8.12714956990066e-05, 0.42919214676536854, 0.887833923398777, 0.5159569348103893, 0.48404306518960943, 2.288702928870293, 6.2130672674605725]","[30.538399212135865, 13.033284338238627, 36.73979875630607, 29.75438116699611, 0.0002276627895957566, 0.00037231528232270587, 0.4949608549372859, 0.3155706701535005, 0.3916430054309943, 0.3916430054309943, 2.430596559943119, 6.399716598089938]",1,NA,0.5505017586397842,0.5652480269254518,4,8,32.0,0.2,0.001,0.0001,4.0
2023-03-13,History + Reversed GAT,49,2022-10-17,2023-02-27,2023-03-06,12428,1038,996,0.5,0.9558529457006615,1.0484224734266914,0.52309301577084,21,12428,"[2.5733826842613454, 6.050048278081751, 2.968458319922755, 9.64692629546186, 4.864523522702796e-05, 8.12714956990066e-05, 0.42919214676536854, 0.887833923398777, 0.5159569348103893, 0.48404306518960943, 2.288702928870293, 6.2130672674605725]","[30.538399212135865, 13.033284338238627, 36.73979875630607, 29.75438116699611, 0.0002276627895957566, 0.00037231528232270587, 0.4949608549372859, 0.3155706701535005, 0.3916430054309943, 0.3916430054309943, 2.430596559943119, 6.399716598089938]",1,NA,0.5505017586397842,0.5596121263884957,7,11,32.0,0.2,0.001,0.0001,4.0
2023-03-13,History + Reversed GAT,50,2022-10-17,2023-02-27,2023-03-06,12428,1038,996,0.5,0.9558529457006615,1.0484224734266914,0.52309301577084,21,12428,"[2.5733826842613454, 6.050048278081751, 2.968458319922755, 9.64692629546186, 4.864523522702796e-05, 8.12714956990066e-05, 0.42919214676536854, 0.887833923398777, 0.5159569348103893, 0.48404306518960943, 2.288702928870293, 6.2130672674605725]","[30.538399212135865, 13.033284338238627, 36.73979875630607, 29.75438116699611, 0.0002276627895957566, 0.00037231528232270587, 0.4949608549372859, 0.3155706701535005, 0.3916430054309943, 0.3916430054309943, 2.430596559943119, 6.399716598089938]",1,NA,0.5505017586397842,0.5546338672768878,4,8,32.0,0.2,0.001,0.0001,4.0
2023-03-13,History + Reversed GAT,51,2022-10-17,2023-02-27,2023-03-06,12428,1038,996,0.5,0.9558529457006615,1.0484224734266914,0.52309301577084,21,12428,"[2.5733826842613454, 6.050048278081751, 2.968458319922755, 9.64692629546186, 4.864523522702796e-05, 8.12714956990066e-05, 0.42919214676536854, 0.887833923398777, 0.5159569348103893, 0.48404306518960943, 2.288702928870293, 6.2130672674605725]","[30.538399212135865, 13.033284338238627, 36.73979875630607, 29.75438116699611, 0.0002276627895957566, 0.00037231528232270587, 0.4949608549372859, 0.3155706701535005, 0.3916430054309943, 0.3916430054309943, 2.430596559943119, 6.399716598089938]",1,NA,0.5505017586397842,0.486858684864907,2,6,32.0,0.2,0.001,0.0001,4.0
2023-03-13,History + Forward GAT,42,2022-10-17,2023-02-27,2023-03-06,12428,1038,996,0.5,0.9558529457006615,1.0484224734266914,0.52309301577084,21,12428,"[2.5733826842613454, 6.050048278081751, 2.968458319922755, 9.64692629546186, 4.864523522702796e-05, 8.12714956990066e-05, 0.42919214676536854, 0.887833923398777, 0.5159569348103893, 0.48404306518960943, 2.288702928870293, 6.2130672674605725]","[30.538399212135865, 13.033284338238627, 36.73979875630607, 29.75438116699611, 0.0002276627895957566, 0.00037231528232270587, 0.4949608549372859, 0.3155706701535005, 0.3916430054309943, 0.3916430054309943, 2.430596559943119, 6.399716598089938]",1,NA,0.5505017586397842,0.5459773965871526,1,5,32.0,0.2,0.001,0.0001,4.0
2023-03-13,History + Forward GAT,43,2022-10-17,2023-02-27,2023-03-06,12428,1038,996,0.5,0.9558529457006615,1.0484224734266914,0.52309301577084,21,12428,"[2.5733826842613454, 6.050048278081751, 2.968458319922755, 9.64692629546186, 4.864523522702796e-05, 8.12714956990066e-05, 0.42919214676536854, 0.887833923398777, 0.5159569348103893, 0.48404306518960943, 2.288702928870293, 6.2130672674605725]","[30.538399212135865, 13.033284338238627, 36.73979875630607, 29.75438116699611, 0.0002276627895957566, 0.00037231528232270587, 0.4949608549372859, 0.3155706701535005, 0.3916430054309943, 0.3916430054309943, 2.430596559943119, 6.399716598089938]",1,NA,0.5505017586397842,0.5373952024345854,2,6,32.0,0.2,0.001,0.0001,4.0
2023-03-13,History + Forward GAT,44,2022-10-17,2023-02-27,2023-03-06,12428,1038,996,0.5,0.9558529457006615,1.0484224734266914,0.52309301577084,21,12428,"[2.5733826842613454, 6.050048278081751, 2.968458319922755, 9.64692629546186, 4.864523522702796e-05, 8.12714956990066e-05, 0.42919214676536854, 0.887833923398777, 0.5159569348103893, 0.48404306518960943, 2.288702928870293, 6.2130672674605725]","[30.538399212135865, 13.033284338238627, 36.73979875630607, 29.75438116699611, 0.0002276627895957566, 0.00037231528232270587, 0.4949608549372859, 0.3155706701535005, 0.3916430054309943, 0.3916430054309943, 2.430596559943119, 6.399716598089938]",1,NA,0.5505017586397842,0.5443443574054829,8,12,32.0,0.2,0.001,0.0001,4.0
2023-03-13,History + Forward GAT,45,2022-10-17,2023-02-27,2023-03-06,12428,1038,996,0.5,0.9558529457006615,1.0484224734266914,0.52309301577084,21,12428,"[2.5733826842613454, 6.050048278081751, 2.968458319922755, 9.64692629546186, 4.864523522702796e-05, 8.12714956990066e-05, 0.42919214676536854, 0.887833923398777, 0.5159569348103893, 0.48404306518960943, 2.288702928870293, 6.2130672674605725]","[30.538399212135865, 13.033284338238627, 36.73979875630607, 29.75438116699611, 0.0002276627895957566, 0.00037231528232270587, 0.4949608549372859, 0.3155706701535005, 0.3916430054309943, 0.3916430054309943, 2.430596559943119, 6.399716598089938]",1,NA,0.5505017586397842,0.5419806908237288,1,5,32.0,0.2,0.001,0.0001,4.0
2023-03-13,History + Forward GAT,46,2022-10-17,2023-02-27,2023-03-06,12428,1038,996,0.5,0.9558529457006615,1.0484224734266914,0.52309301577084,21,12428,"[2.5733826842613454, 6.050048278081751, 2.968458319922755, 9.64692629546186, 4.864523522702796e-05, 8.12714956990066e-05, 0.42919214676536854, 0.887833923398777, 0.5159569348103893, 0.48404306518960943, 2.288702928870293, 6.2130672674605725]","[30.538399212135865, 13.033284338238627, 36.73979875630607, 29.75438116699611, 0.0002276627895957566, 0.00037231528232270587, 0.4949608549372859, 0.3155706701535005, 0.3916430054309943, 0.3916430054309943, 2.430596559943119, 6.399716598089938]",1,NA,0.5505017586397842,0.5394444937438991,1,5,32.0,0.2,0.001,0.0001,4.0
2023-03-13,History + Forward GAT,47,2022-10-17,2023-02-27,2023-03-06,12428,1038,996,0.5,0.9558529457006615,1.0484224734266914,0.52309301577084,21,12428,"[2.5733826842613454, 6.050048278081751, 2.968458319922755, 9.64692629546186, 4.864523522702796e-05, 8.12714956990066e-05, 0.42919214676536854, 0.887833923398777, 0.5159569348103893, 0.48404306518960943, 2.288702928870293, 6.2130672674605725]","[30.538399212135865, 13.033284338238627, 36.73979875630607, 29.75438116699611, 0.0002276627895957566, 0.00037231528232270587, 0.4949608549372859, 0.3155706701535005, 0.3916430054309943, 0.3916430054309943, 2.430596559943119, 6.399716598089938]",1,NA,0.5505017586397842,0.5393503981511718,4,8,32.0,0.2,0.001,0.0001,4.0
2023-03-13,History + Forward GAT,48,2022-10-17,2023-02-27,2023-03-06,12428,1038,996,0.5,0.9558529457006615,1.0484224734266914,0.52309301577084,21,12428,"[2.5733826842613454, 6.050048278081751, 2.968458319922755, 9.64692629546186, 4.864523522702796e-05, 8.12714956990066e-05, 0.42919214676536854, 0.887833923398777, 0.5159569348103893, 0.48404306518960943, 2.288702928870293, 6.2130672674605725]","[30.538399212135865, 13.033284338238627, 36.73979875630607, 29.75438116699611, 0.0002276627895957566, 0.00037231528232270587, 0.4949608549372859, 0.3155706701535005, 0.3916430054309943, 0.3916430054309943, 2.430596559943119, 6.399716598089938]",1,NA,0.5505017586397842,0.536081410939595,3,7,32.0,0.2,0.001,0.0001,4.0
2023-03-13,History + Forward GAT,49,2022-10-17,2023-02-27,2023-03-06,12428,1038,996,0.5,0.9558529457006615,1.0484224734266914,0.52309301577084,21,12428,"[2.5733826842613454, 6.050048278081751, 2.968458319922755, 9.64692629546186, 4.864523522702796e-05, 8.12714956990066e-05, 0.42919214676536854, 0.887833923398777, 0.5159569348103893, 0.48404306518960943, 2.288702928870293, 6.2130672674605725]","[30.538399212135865, 13.033284338238627, 36.73979875630607, 29.75438116699611, 0.0002276627895957566, 0.00037231528232270587, 0.4949608549372859, 0.3155706701535005, 0.3916430054309943, 0.3916430054309943, 2.430596559943119, 6.399716598089938]",1,NA,0.5505017586397842,0.5452545627411868,3,7,32.0,0.2,0.001,0.0001,4.0
2023-03-13,History + Forward GAT,50,2022-10-17,2023-02-27,2023-03-06,12428,1038,996,0.5,0.9558529457006615,1.0484224734266914,0.52309301577084,21,12428,"[2.5733826842613454, 6.050048278081751, 2.968458319922755, 9.64692629546186, 4.864523522702796e-05, 8.12714956990066e-05, 0.42919214676536854, 0.887833923398777, 0.5159569348103893, 0.48404306518960943, 2.288702928870293, 6.2130672674605725]","[30.538399212135865, 13.033284338238627, 36.73979875630607, 29.75438116699611, 0.0002276627895957566, 0.00037231528232270587, 0.4949608549372859, 0.3155706701535005, 0.3916430054309943, 0.3916430054309943, 2.430596559943119, 6.399716598089938]",1,NA,0.5505017586397842,0.5393895958737007,2,6,32.0,0.2,0.001,0.0001,4.0
2023-03-13,History + Forward GAT,51,2022-10-17,2023-02-27,2023-03-06,12428,1038,996,0.5,0.9558529457006615,1.0484224734266914,0.52309301577084,21,12428,"[2.5733826842613454, 6.050048278081751, 2.968458319922755, 9.64692629546186, 4.864523522702796e-05, 8.12714956990066e-05, 0.42919214676536854, 0.887833923398777, 0.5159569348103893, 0.48404306518960943, 2.288702928870293, 6.2130672674605725]","[30.538399212135865, 13.033284338238627, 36.73979875630607, 29.75438116699611, 0.0002276627895957566, 0.00037231528232270587, 0.4949608549372859, 0.3155706701535005, 0.3916430054309943, 0.3916430054309943, 2.430596559943119, 6.399716598089938]",1,NA,0.5505017586397842,0.5450170667561972,10,14,32.0,0.2,0.001,0.0001,4.0
2023-03-06,History Logistic,42,2022-10-17,2023-02-20,2023-02-27,11468,960,1038,0.5,0.9559853284428143,1.0482632541133454,0.5230205790024416,20,11468,"[0.4289326822462504, 0.8864666899197767, 0.5159100357820292, 0.48408996421797, 2.230554586675968, 5.964335542378794]","[0.4949236671925354, 0.3172435934458685, 0.3932000731603973, 0.3932000731603979, 2.3440998532808583, 6.101816139930431]",-1,0.01,0.566005745418104,0.5444313047104317,0,0,NA,NA,NA,NA,NA
2023-03-06,History Logistic,43,2022-10-17,2023-02-20,2023-02-27,11468,960,1038,0.5,0.9559853284428143,1.0482632541133454,0.5230205790024416,20,11468,"[0.4289326822462504, 0.8864666899197767, 0.5159100357820292, 0.48408996421797, 2.230554586675968, 5.964335542378794]","[0.4949236671925354, 0.3172435934458685, 0.3932000731603973, 0.3932000731603979, 2.3440998532808583, 6.101816139930431]",-1,0.01,0.566005745418104,0.5444313047104317,0,0,NA,NA,NA,NA,NA
2023-03-06,History Logistic,44,2022-10-17,2023-02-20,2023-02-27,11468,960,1038,0.5,0.9559853284428143,1.0482632541133454,0.5230205790024416,20,11468,"[0.4289326822462504, 0.8864666899197767, 0.5159100357820292, 0.48408996421797, 2.230554586675968, 5.964335542378794]","[0.4949236671925354, 0.3172435934458685, 0.3932000731603973, 0.3932000731603979, 2.3440998532808583, 6.101816139930431]",-1,0.01,0.566005745418104,0.5444313047104317,0,0,NA,NA,NA,NA,NA
2023-03-06,History Logistic,45,2022-10-17,2023-02-20,2023-02-27,11468,960,1038,0.5,0.9559853284428143,1.0482632541133454,0.5230205790024416,20,11468,"[0.4289326822462504, 0.8864666899197767, 0.5159100357820292, 0.48408996421797, 2.230554586675968, 5.964335542378794]","[0.4949236671925354, 0.3172435934458685, 0.3932000731603973, 0.3932000731603979, 2.3440998532808583, 6.101816139930431]",-1,0.01,0.566005745418104,0.5444313047104317,0,0,NA,NA,NA,NA,NA
2023-03-06,History Logistic,46,2022-10-17,2023-02-20,2023-02-27,11468,960,1038,0.5,0.9559853284428143,1.0482632541133454,0.5230205790024416,20,11468,"[0.4289326822462504, 0.8864666899197767, 0.5159100357820292, 0.48408996421797, 2.230554586675968, 5.964335542378794]","[0.4949236671925354, 0.3172435934458685, 0.3932000731603973, 0.3932000731603979, 2.3440998532808583, 6.101816139930431]",-1,0.01,0.566005745418104,0.5444313047104317,0,0,NA,NA,NA,NA,NA
2023-03-06,History Logistic,47,2022-10-17,2023-02-20,2023-02-27,11468,960,1038,0.5,0.9559853284428143,1.0482632541133454,0.5230205790024416,20,11468,"[0.4289326822462504, 0.8864666899197767, 0.5159100357820292, 0.48408996421797, 2.230554586675968, 5.964335542378794]","[0.4949236671925354, 0.3172435934458685, 0.3932000731603973, 0.3932000731603979, 2.3440998532808583, 6.101816139930431]",-1,0.01,0.566005745418104,0.5444313047104317,0,0,NA,NA,NA,NA,NA
2023-03-06,History Logistic,48,2022-10-17,2023-02-20,2023-02-27,11468,960,1038,0.5,0.9559853284428143,1.0482632541133454,0.5230205790024416,20,11468,"[0.4289326822462504, 0.8864666899197767, 0.5159100357820292, 0.48408996421797, 2.230554586675968, 5.964335542378794]","[0.4949236671925354, 0.3172435934458685, 0.3932000731603973, 0.3932000731603979, 2.3440998532808583, 6.101816139930431]",-1,0.01,0.566005745418104,0.5444313047104317,0,0,NA,NA,NA,NA,NA
2023-03-06,History Logistic,49,2022-10-17,2023-02-20,2023-02-27,11468,960,1038,0.5,0.9559853284428143,1.0482632541133454,0.5230205790024416,20,11468,"[0.4289326822462504, 0.8864666899197767, 0.5159100357820292, 0.48408996421797, 2.230554586675968, 5.964335542378794]","[0.4949236671925354, 0.3172435934458685, 0.3932000731603973, 0.3932000731603979, 2.3440998532808583, 6.101816139930431]",-1,0.01,0.566005745418104,0.5444313047104317,0,0,NA,NA,NA,NA,NA
2023-03-06,History Logistic,50,2022-10-17,2023-02-20,2023-02-27,11468,960,1038,0.5,0.9559853284428143,1.0482632541133454,0.5230205790024416,20,11468,"[0.4289326822462504, 0.8864666899197767, 0.5159100357820292, 0.48408996421797, 2.230554586675968, 5.964335542378794]","[0.4949236671925354, 0.3172435934458685, 0.3932000731603973, 0.3932000731603979, 2.3440998532808583, 6.101816139930431]",-1,0.01,0.566005745418104,0.5444313047104317,0,0,NA,NA,NA,NA,NA
2023-03-06,History Logistic,51,2022-10-17,2023-02-20,2023-02-27,11468,960,1038,0.5,0.9559853284428143,1.0482632541133454,0.5230205790024416,20,11468,"[0.4289326822462504, 0.8864666899197767, 0.5159100357820292, 0.48408996421797, 2.230554586675968, 5.964335542378794]","[0.4949236671925354, 0.3172435934458685, 0.3932000731603973, 0.3932000731603979, 2.3440998532808583, 6.101816139930431]",-1,0.01,0.566005745418104,0.5444313047104317,0,0,NA,NA,NA,NA,NA
2023-03-06,History + Structural MLP,42,2022-10-17,2023-02-20,2023-02-27,11468,960,1038,0.5,0.9559853284428143,1.0482632541133454,0.5230205790024416,20,11468,"[2.5058423439134985, 6.008545517963028, 2.8824555284269273, 9.51595744680851, 5.0014517624355595e-05, 8.494098160159807e-05, 0.4289326822462504, 0.8864666899197767, 0.5159100357820292, 0.48408996421797, 2.230554586675968, 5.964335542378794]","[31.056241117714855, 13.050955789900417, 37.351904465272554, 29.317670744954224, 0.0002312081785343407, 0.0003856642640913399, 0.4949236671925354, 0.3172435934458685, 0.3932000731603973, 0.3932000731603979, 2.3440998532808583, 6.101816139930431]",2,NA,0.566005745418104,0.5614931853082816,13,17,64.0,0.5,0.0003,0.0001,4.0
2023-03-06,History + Structural MLP,43,2022-10-17,2023-02-20,2023-02-27,11468,960,1038,0.5,0.9559853284428143,1.0482632541133454,0.5230205790024416,20,11468,"[2.5058423439134985, 6.008545517963028, 2.8824555284269273, 9.51595744680851, 5.0014517624355595e-05, 8.494098160159807e-05, 0.4289326822462504, 0.8864666899197767, 0.5159100357820292, 0.48408996421797, 2.230554586675968, 5.964335542378794]","[31.056241117714855, 13.050955789900417, 37.351904465272554, 29.317670744954224, 0.0002312081785343407, 0.0003856642640913399, 0.4949236671925354, 0.3172435934458685, 0.3932000731603973, 0.3932000731603979, 2.3440998532808583, 6.101816139930431]",2,NA,0.566005745418104,0.561006201658421,6,10,64.0,0.5,0.0003,0.0001,4.0
2023-03-06,History + Structural MLP,44,2022-10-17,2023-02-20,2023-02-27,11468,960,1038,0.5,0.9559853284428143,1.0482632541133454,0.5230205790024416,20,11468,"[2.5058423439134985, 6.008545517963028, 2.8824555284269273, 9.51595744680851, 5.0014517624355595e-05, 8.494098160159807e-05, 0.4289326822462504, 0.8864666899197767, 0.5159100357820292, 0.48408996421797, 2.230554586675968, 5.964335542378794]","[31.056241117714855, 13.050955789900417, 37.351904465272554, 29.317670744954224, 0.0002312081785343407, 0.0003856642640913399, 0.4949236671925354, 0.3172435934458685, 0.3932000731603973, 0.3932000731603979, 2.3440998532808583, 6.101816139930431]",2,NA,0.566005745418104,0.5620723362658846,2,6,64.0,0.5,0.0003,0.0001,4.0
2023-03-06,History + Structural MLP,45,2022-10-17,2023-02-20,2023-02-27,11468,960,1038,0.5,0.9559853284428143,1.0482632541133454,0.5230205790024416,20,11468,"[2.5058423439134985, 6.008545517963028, 2.8824555284269273, 9.51595744680851, 5.0014517624355595e-05, 8.494098160159807e-05, 0.4289326822462504, 0.8864666899197767, 0.5159100357820292, 0.48408996421797, 2.230554586675968, 5.964335542378794]","[31.056241117714855, 13.050955789900417, 37.351904465272554, 29.317670744954224, 0.0002312081785343407, 0.0003856642640913399, 0.4949236671925354, 0.3172435934458685, 0.3932000731603973, 0.3932000731603979, 2.3440998532808583, 6.101816139930431]",2,NA,0.566005745418104,0.5650468559011272,5,9,64.0,0.5,0.0003,0.0001,4.0
2023-03-06,History + Structural MLP,46,2022-10-17,2023-02-20,2023-02-27,11468,960,1038,0.5,0.9559853284428143,1.0482632541133454,0.5230205790024416,20,11468,"[2.5058423439134985, 6.008545517963028, 2.8824555284269273, 9.51595744680851, 5.0014517624355595e-05, 8.494098160159807e-05, 0.4289326822462504, 0.8864666899197767, 0.5159100357820292, 0.48408996421797, 2.230554586675968, 5.964335542378794]","[31.056241117714855, 13.050955789900417, 37.351904465272554, 29.317670744954224, 0.0002312081785343407, 0.0003856642640913399, 0.4949236671925354, 0.3172435934458685, 0.3932000731603973, 0.3932000731603979, 2.3440998532808583, 6.101816139930431]",2,NA,0.566005745418104,0.5552527592315029,5,9,64.0,0.5,0.0003,0.0001,4.0
2023-03-06,History + Structural MLP,47,2022-10-17,2023-02-20,2023-02-27,11468,960,1038,0.5,0.9559853284428143,1.0482632541133454,0.5230205790024416,20,11468,"[2.5058423439134985, 6.008545517963028, 2.8824555284269273, 9.51595744680851, 5.0014517624355595e-05, 8.494098160159807e-05, 0.4289326822462504, 0.8864666899197767, 0.5159100357820292, 0.48408996421797, 2.230554586675968, 5.964335542378794]","[31.056241117714855, 13.050955789900417, 37.351904465272554, 29.317670744954224, 0.0002312081785343407, 0.0003856642640913399, 0.4949236671925354, 0.3172435934458685, 0.3932000731603973, 0.3932000731603979, 2.3440998532808583, 6.101816139930431]",2,NA,0.566005745418104,0.564608762771956,9,13,64.0,0.5,0.0003,0.0001,4.0
2023-03-06,History + Structural MLP,48,2022-10-17,2023-02-20,2023-02-27,11468,960,1038,0.5,0.9559853284428143,1.0482632541133454,0.5230205790024416,20,11468,"[2.5058423439134985, 6.008545517963028, 2.8824555284269273, 9.51595744680851, 5.0014517624355595e-05, 8.494098160159807e-05, 0.4289326822462504, 0.8864666899197767, 0.5159100357820292, 0.48408996421797, 2.230554586675968, 5.964335542378794]","[31.056241117714855, 13.050955789900417, 37.351904465272554, 29.317670744954224, 0.0002312081785343407, 0.0003856642640913399, 0.4949236671925354, 0.3172435934458685, 0.3932000731603973, 0.3932000731603979, 2.3440998532808583, 6.101816139930431]",2,NA,0.566005745418104,0.5602171493113703,4,8,64.0,0.5,0.0003,0.0001,4.0
2023-03-06,History + Structural MLP,49,2022-10-17,2023-02-20,2023-02-27,11468,960,1038,0.5,0.9559853284428143,1.0482632541133454,0.5230205790024416,20,11468,"[2.5058423439134985, 6.008545517963028, 2.8824555284269273, 9.51595744680851, 5.0014517624355595e-05, 8.494098160159807e-05, 0.4289326822462504, 0.8864666899197767, 0.5159100357820292, 0.48408996421797, 2.230554586675968, 5.964335542378794]","[31.056241117714855, 13.050955789900417, 37.351904465272554, 29.317670744954224, 0.0002312081785343407, 0.0003856642640913399, 0.4949236671925354, 0.3172435934458685, 0.3932000731603973, 0.3932000731603979, 2.3440998532808583, 6.101816139930431]",2,NA,0.566005745418104,0.5583026599069381,5,9,64.0,0.5,0.0003,0.0001,4.0
2023-03-06,History + Structural MLP,50,2022-10-17,2023-02-20,2023-02-27,11468,960,1038,0.5,0.9559853284428143,1.0482632541133454,0.5230205790024416,20,11468,"[2.5058423439134985, 6.008545517963028, 2.8824555284269273, 9.51595744680851, 5.0014517624355595e-05, 8.494098160159807e-05, 0.4289326822462504, 0.8864666899197767, 0.5159100357820292, 0.48408996421797, 2.230554586675968, 5.964335542378794]","[31.056241117714855, 13.050955789900417, 37.351904465272554, 29.317670744954224, 0.0002312081785343407, 0.0003856642640913399, 0.4949236671925354, 0.3172435934458685, 0.3932000731603973, 0.3932000731603979, 2.3440998532808583, 6.101816139930431]",2,NA,0.566005745418104,0.5672570899125499,7,11,64.0,0.5,0.0003,0.0001,4.0
2023-03-06,History + Structural MLP,51,2022-10-17,2023-02-20,2023-02-27,11468,960,1038,0.5,0.9559853284428143,1.0482632541133454,0.5230205790024416,20,11468,"[2.5058423439134985, 6.008545517963028, 2.8824555284269273, 9.51595744680851, 5.0014517624355595e-05, 8.494098160159807e-05, 0.4289326822462504, 0.8864666899197767, 0.5159100357820292, 0.48408996421797, 2.230554586675968, 5.964335542378794]","[31.056241117714855, 13.050955789900417, 37.351904465272554, 29.317670744954224, 0.0002312081785343407, 0.0003856642640913399, 0.4949236671925354, 0.3172435934458685, 0.3932000731603973, 0.3932000731603979, 2.3440998532808583, 6.101816139930431]",2,NA,0.566005745418104,0.5635374043366309,4,8,64.0,0.5,0.0003,0.0001,4.0
2023-03-06,History + Reversed GAT,42,2022-10-17,2023-02-20,2023-02-27,11468,960,1038,0.5,0.9559853284428143,1.0482632541133454,0.5230205790024416,20,11468,"[2.5058423439134985, 6.008545517963028, 2.8824555284269273, 9.51595744680851, 5.0014517624355595e-05, 8.494098160159807e-05, 0.4289326822462504, 0.8864666899197767, 0.5159100357820292, 0.48408996421797, 2.230554586675968, 5.964335542378794]","[31.056241117714855, 13.050955789900417, 37.351904465272554, 29.317670744954224, 0.0002312081785343407, 0.0003856642640913399, 0.4949236671925354, 0.3172435934458685, 0.3932000731603973, 0.3932000731603979, 2.3440998532808583, 6.101816139930431]",2,NA,0.566005745418104,0.5705183055279264,6,10,64.0,0.5,0.0003,0.0001,4.0
2023-03-06,History + Reversed GAT,43,2022-10-17,2023-02-20,2023-02-27,11468,960,1038,0.5,0.9559853284428143,1.0482632541133454,0.5230205790024416,20,11468,"[2.5058423439134985, 6.008545517963028, 2.8824555284269273, 9.51595744680851, 5.0014517624355595e-05, 8.494098160159807e-05, 0.4289326822462504, 0.8864666899197767, 0.5159100357820292, 0.48408996421797, 2.230554586675968, 5.964335542378794]","[31.056241117714855, 13.050955789900417, 37.351904465272554, 29.317670744954224, 0.0002312081785343407, 0.0003856642640913399, 0.4949236671925354, 0.3172435934458685, 0.3932000731603973, 0.3932000731603979, 2.3440998532808583, 6.101816139930431]",2,NA,0.566005745418104,0.49999782985169205,1,5,64.0,0.5,0.0003,0.0001,4.0
2023-03-06,History + Reversed GAT,44,2022-10-17,2023-02-20,2023-02-27,11468,960,1038,0.5,0.9559853284428143,1.0482632541133454,0.5230205790024416,20,11468,"[2.5058423439134985, 6.008545517963028, 2.8824555284269273, 9.51595744680851, 5.0014517624355595e-05, 8.494098160159807e-05, 0.4289326822462504, 0.8864666899197767, 0.5159100357820292, 0.48408996421797, 2.230554586675968, 5.964335542378794]","[31.056241117714855, 13.050955789900417, 37.351904465272554, 29.317670744954224, 0.0002312081785343407, 0.0003856642640913399, 0.4949236671925354, 0.3172435934458685, 0.3932000731603973, 0.3932000731603979, 2.3440998532808583, 6.101816139930431]",2,NA,0.566005745418104,0.5415938985298994,17,21,64.0,0.5,0.0003,0.0001,4.0
2023-03-06,History + Reversed GAT,45,2022-10-17,2023-02-20,2023-02-27,11468,960,1038,0.5,0.9559853284428143,1.0482632541133454,0.5230205790024416,20,11468,"[2.5058423439134985, 6.008545517963028, 2.8824555284269273, 9.51595744680851, 5.0014517624355595e-05, 8.494098160159807e-05, 0.4289326822462504, 0.8864666899197767, 0.5159100357820292, 0.48408996421797, 2.230554586675968, 5.964335542378794]","[31.056241117714855, 13.050955789900417, 37.351904465272554, 29.317670744954224, 0.0002312081785343407, 0.0003856642640913399, 0.4949236671925354, 0.3172435934458685, 0.3932000731603973, 0.3932000731603979, 2.3440998532808583, 6.101816139930431]",2,NA,0.566005745418104,0.5217443193451576,6,10,64.0,0.5,0.0003,0.0001,4.0
2023-03-06,History + Reversed GAT,46,2022-10-17,2023-02-20,2023-02-27,11468,960,1038,0.5,0.9559853284428143,1.0482632541133454,0.5230205790024416,20,11468,"[2.5058423439134985, 6.008545517963028, 2.8824555284269273, 9.51595744680851, 5.0014517624355595e-05, 8.494098160159807e-05, 0.4289326822462504, 0.8864666899197767, 0.5159100357820292, 0.48408996421797, 2.230554586675968, 5.964335542378794]","[31.056241117714855, 13.050955789900417, 37.351904465272554, 29.317670744954224, 0.0002312081785343407, 0.0003856642640913399, 0.4949236671925354, 0.3172435934458685, 0.3932000731603973, 0.3932000731603979, 2.3440998532808583, 6.101816139930431]",2,NA,0.566005745418104,0.5323610470875548,2,6,64.0,0.5,0.0003,0.0001,4.0
2023-03-06,History + Reversed GAT,47,2022-10-17,2023-02-20,2023-02-27,11468,960,1038,0.5,0.9559853284428143,1.0482632541133454,0.5230205790024416,20,11468,"[2.5058423439134985, 6.008545517963028, 2.8824555284269273, 9.51595744680851, 5.0014517624355595e-05, 8.494098160159807e-05, 0.4289326822462504, 0.8864666899197767, 0.5159100357820292, 0.48408996421797, 2.230554586675968, 5.964335542378794]","[31.056241117714855, 13.050955789900417, 37.351904465272554, 29.317670744954224, 0.0002312081785343407, 0.0003856642640913399, 0.4949236671925354, 0.3172435934458685, 0.3932000731603973, 0.3932000731603979, 2.3440998532808583, 6.101816139930431]",2,NA,0.566005745418104,0.514980306940106,1,5,64.0,0.5,0.0003,0.0001,4.0
2023-03-06,History + Reversed GAT,48,2022-10-17,2023-02-20,2023-02-27,11468,960,1038,0.5,0.9559853284428143,1.0482632541133454,0.5230205790024416,20,11468,"[2.5058423439134985, 6.008545517963028, 2.8824555284269273, 9.51595744680851, 5.0014517624355595e-05, 8.494098160159807e-05, 0.4289326822462504, 0.8864666899197767, 0.5159100357820292, 0.48408996421797, 2.230554586675968, 5.964335542378794]","[31.056241117714855, 13.050955789900417, 37.351904465272554, 29.317670744954224, 0.0002312081785343407, 0.0003856642640913399, 0.4949236671925354, 0.3172435934458685, 0.3932000731603973, 0.3932000731603979, 2.3440998532808583, 6.101816139930431]",2,NA,0.566005745418104,0.5332016734028849,6,10,64.0,0.5,0.0003,0.0001,4.0
2023-03-06,History + Reversed GAT,49,2022-10-17,2023-02-20,2023-02-27,11468,960,1038,0.5,0.9559853284428143,1.0482632541133454,0.5230205790024416,20,11468,"[2.5058423439134985, 6.008545517963028, 2.8824555284269273, 9.51595744680851, 5.0014517624355595e-05, 8.494098160159807e-05, 0.4289326822462504, 0.8864666899197767, 0.5159100357820292, 0.48408996421797, 2.230554586675968, 5.964335542378794]","[31.056241117714855, 13.050955789900417, 37.351904465272554, 29.317670744954224, 0.0002312081785343407, 0.0003856642640913399, 0.4949236671925354, 0.3172435934458685, 0.3932000731603973, 0.3932000731603979, 2.3440998532808583, 6.101816139930431]",2,NA,0.566005745418104,0.5379217273954117,4,8,64.0,0.5,0.0003,0.0001,4.0
2023-03-06,History + Reversed GAT,50,2022-10-17,2023-02-20,2023-02-27,11468,960,1038,0.5,0.9559853284428143,1.0482632541133454,0.5230205790024416,20,11468,"[2.5058423439134985, 6.008545517963028, 2.8824555284269273, 9.51595744680851, 5.0014517624355595e-05, 8.494098160159807e-05, 0.4289326822462504, 0.8864666899197767, 0.5159100357820292, 0.48408996421797, 2.230554586675968, 5.964335542378794]","[31.056241117714855, 13.050955789900417, 37.351904465272554, 29.317670744954224, 0.0002312081785343407, 0.0003856642640913399, 0.4949236671925354, 0.3172435934458685, 0.3932000731603973, 0.3932000731603979, 2.3440998532808583, 6.101816139930431]",2,NA,0.566005745418104,0.5026239086216018,6,10,64.0,0.5,0.0003,0.0001,4.0
2023-03-06,History + Reversed GAT,51,2022-10-17,2023-02-20,2023-02-27,11468,960,1038,0.5,0.9559853284428143,1.0482632541133454,0.5230205790024416,20,11468,"[2.5058423439134985, 6.008545517963028, 2.8824555284269273, 9.51595744680851, 5.0014517624355595e-05, 8.494098160159807e-05, 0.4289326822462504, 0.8864666899197767, 0.5159100357820292, 0.48408996421797, 2.230554586675968, 5.964335542378794]","[31.056241117714855, 13.050955789900417, 37.351904465272554, 29.317670744954224, 0.0002312081785343407, 0.0003856642640913399, 0.4949236671925354, 0.3172435934458685, 0.3932000731603973, 0.3932000731603979, 2.3440998532808583, 6.101816139930431]",2,NA,0.566005745418104,0.4987744616150892,9,13,64.0,0.5,0.0003,0.0001,4.0
2023-03-06,History + Forward GAT,42,2022-10-17,2023-02-20,2023-02-27,11468,960,1038,0.5,0.9559853284428143,1.0482632541133454,0.5230205790024416,20,11468,"[2.5058423439134985, 6.008545517963028, 2.8824555284269273, 9.51595744680851, 5.0014517624355595e-05, 8.494098160159807e-05, 0.4289326822462504, 0.8864666899197767, 0.5159100357820292, 0.48408996421797, 2.230554586675968, 5.964335542378794]","[31.056241117714855, 13.050955789900417, 37.351904465272554, 29.317670744954224, 0.0002312081785343407, 0.0003856642640913399, 0.4949236671925354, 0.3172435934458685, 0.3932000731603973, 0.3932000731603979, 2.3440998532808583, 6.101816139930431]",2,NA,0.566005745418104,0.5618134316355052,10,14,64.0,0.5,0.0003,0.0001,4.0
2023-03-06,History + Forward GAT,43,2022-10-17,2023-02-20,2023-02-27,11468,960,1038,0.5,0.9559853284428143,1.0482632541133454,0.5230205790024416,20,11468,"[2.5058423439134985, 6.008545517963028, 2.8824555284269273, 9.51595744680851, 5.0014517624355595e-05, 8.494098160159807e-05, 0.4289326822462504, 0.8864666899197767, 0.5159100357820292, 0.48408996421797, 2.230554586675968, 5.964335542378794]","[31.056241117714855, 13.050955789900417, 37.351904465272554, 29.317670744954224, 0.0002312081785343407, 0.0003856642640913399, 0.4949236671925354, 0.3172435934458685, 0.3932000731603973, 0.3932000731603979, 2.3440998532808583, 6.101816139930431]",2,NA,0.566005745418104,0.5664983164983165,2,6,64.0,0.5,0.0003,0.0001,4.0
2023-03-06,History + Forward GAT,44,2022-10-17,2023-02-20,2023-02-27,11468,960,1038,0.5,0.9559853284428143,1.0482632541133454,0.5230205790024416,20,11468,"[2.5058423439134985, 6.008545517963028, 2.8824555284269273, 9.51595744680851, 5.0014517624355595e-05, 8.494098160159807e-05, 0.4289326822462504, 0.8864666899197767, 0.5159100357820292, 0.48408996421797, 2.230554586675968, 5.964335542378794]","[31.056241117714855, 13.050955789900417, 37.351904465272554, 29.317670744954224, 0.0002312081785343407, 0.0003856642640913399, 0.4949236671925354, 0.3172435934458685, 0.3932000731603973, 0.3932000731603979, 2.3440998532808583, 6.101816139930431]",2,NA,0.566005745418104,0.5714281059133928,4,8,64.0,0.5,0.0003,0.0001,4.0
2023-03-06,History + Forward GAT,45,2022-10-17,2023-02-20,2023-02-27,11468,960,1038,0.5,0.9559853284428143,1.0482632541133454,0.5230205790024416,20,11468,"[2.5058423439134985, 6.008545517963028, 2.8824555284269273, 9.51595744680851, 5.0014517624355595e-05, 8.494098160159807e-05, 0.4289326822462504, 0.8864666899197767, 0.5159100357820292, 0.48408996421797, 2.230554586675968, 5.964335542378794]","[31.056241117714855, 13.050955789900417, 37.351904465272554, 29.317670744954224, 0.0002312081785343407, 0.0003856642640913399, 0.4949236671925354, 0.3172435934458685, 0.3932000731603973, 0.3932000731603979, 2.3440998532808583, 6.101816139930431]",2,NA,0.566005745418104,0.5684803828678956,2,6,64.0,0.5,0.0003,0.0001,4.0
2023-03-06,History + Forward GAT,46,2022-10-17,2023-02-20,2023-02-27,11468,960,1038,0.5,0.9559853284428143,1.0482632541133454,0.5230205790024416,20,11468,"[2.5058423439134985, 6.008545517963028, 2.8824555284269273, 9.51595744680851, 5.0014517624355595e-05, 8.494098160159807e-05, 0.4289326822462504, 0.8864666899197767, 0.5159100357820292, 0.48408996421797, 2.230554586675968, 5.964335542378794]","[31.056241117714855, 13.050955789900417, 37.351904465272554, 29.317670744954224, 0.0002312081785343407, 0.0003856642640913399, 0.4949236671925354, 0.3172435934458685, 0.3932000731603973, 0.3932000731603979, 2.3440998532808583, 6.101816139930431]",2,NA,0.566005745418104,0.5557671090515323,4,8,64.0,0.5,0.0003,0.0001,4.0
2023-03-06,History + Forward GAT,47,2022-10-17,2023-02-20,2023-02-27,11468,960,1038,0.5,0.9559853284428143,1.0482632541133454,0.5230205790024416,20,11468,"[2.5058423439134985, 6.008545517963028, 2.8824555284269273, 9.51595744680851, 5.0014517624355595e-05, 8.494098160159807e-05, 0.4289326822462504, 0.8864666899197767, 0.5159100357820292, 0.48408996421797, 2.230554586675968, 5.964335542378794]","[31.056241117714855, 13.050955789900417, 37.351904465272554, 29.317670744954224, 0.0002312081785343407, 0.0003856642640913399, 0.4949236671925354, 0.3172435934458685, 0.3932000731603973, 0.3932000731603979, 2.3440998532808583, 6.101816139930431]",2,NA,0.566005745418104,0.5614329349035116,3,7,64.0,0.5,0.0003,0.0001,4.0
2023-03-06,History + Forward GAT,48,2022-10-17,2023-02-20,2023-02-27,11468,960,1038,0.5,0.9559853284428143,1.0482632541133454,0.5230205790024416,20,11468,"[2.5058423439134985, 6.008545517963028, 2.8824555284269273, 9.51595744680851, 5.0014517624355595e-05, 8.494098160159807e-05, 0.4289326822462504, 0.8864666899197767, 0.5159100357820292, 0.48408996421797, 2.230554586675968, 5.964335542378794]","[31.056241117714855, 13.050955789900417, 37.351904465272554, 29.317670744954224, 0.0002312081785343407, 0.0003856642640913399, 0.4949236671925354, 0.3172435934458685, 0.3932000731603973, 0.3932000731603979, 2.3440998532808583, 6.101816139930431]",2,NA,0.566005745418104,0.5591245473153834,8,12,64.0,0.5,0.0003,0.0001,4.0
2023-03-06,History + Forward GAT,49,2022-10-17,2023-02-20,2023-02-27,11468,960,1038,0.5,0.9559853284428143,1.0482632541133454,0.5230205790024416,20,11468,"[2.5058423439134985, 6.008545517963028, 2.8824555284269273, 9.51595744680851, 5.0014517624355595e-05, 8.494098160159807e-05, 0.4289326822462504, 0.8864666899197767, 0.5159100357820292, 0.48408996421797, 2.230554586675968, 5.964335542378794]","[31.056241117714855, 13.050955789900417, 37.351904465272554, 29.317670744954224, 0.0002312081785343407, 0.0003856642640913399, 0.4949236671925354, 0.3172435934458685, 0.3932000731603973, 0.3932000731603979, 2.3440998532808583, 6.101816139930431]",2,NA,0.566005745418104,0.562875816993464,1,5,64.0,0.5,0.0003,0.0001,4.0
2023-03-06,History + Forward GAT,50,2022-10-17,2023-02-20,2023-02-27,11468,960,1038,0.5,0.9559853284428143,1.0482632541133454,0.5230205790024416,20,11468,"[2.5058423439134985, 6.008545517963028, 2.8824555284269273, 9.51595744680851, 5.0014517624355595e-05, 8.494098160159807e-05, 0.4289326822462504, 0.8864666899197767, 0.5159100357820292, 0.48408996421797, 2.230554586675968, 5.964335542378794]","[31.056241117714855, 13.050955789900417, 37.351904465272554, 29.317670744954224, 0.0002312081785343407, 0.0003856642640913399, 0.4949236671925354, 0.3172435934458685, 0.3932000731603973, 0.3932000731603979, 2.3440998532808583, 6.101816139930431]",2,NA,0.566005745418104,0.565670297851304,6,10,64.0,0.5,0.0003,0.0001,4.0
2023-03-06,History + Forward GAT,51,2022-10-17,2023-02-20,2023-02-27,11468,960,1038,0.5,0.9559853284428143,1.0482632541133454,0.5230205790024416,20,11468,"[2.5058423439134985, 6.008545517963028, 2.8824555284269273, 9.51595744680851, 5.0014517624355595e-05, 8.494098160159807e-05, 0.4289326822462504, 0.8864666899197767, 0.5159100357820292, 0.48408996421797, 2.230554586675968, 5.964335542378794]","[31.056241117714855, 13.050955789900417, 37.351904465272554, 29.317670744954224, 0.0002312081785343407, 0.0003856642640913399, 0.4949236671925354, 0.3172435934458685, 0.3932000731603973, 0.3932000731603979, 2.3440998532808583, 6.101816139930431]",2,NA,0.566005745418104,0.5716700374202499,5,9,64.0,0.5,0.0003,0.0001,4.0
2023-03-20,History Logistic,42,2022-10-17,2023-03-06,2023-03-13,13466,996,1248,0.5,0.9569357589539511,1.0471228615863142,0.5225011139165305,22,13466,"[0.429006386454775, 0.8892766968661815, 0.5167272636793641, 0.48327273632063583, 2.350438140502005, 6.452844200207931]","[0.494934244961721, 0.31378918604207595, 0.39019628311468857, 0.39019628311468857, 2.528660641712481, 6.705438892655829]",-1,0.1,0.5533371390334356,0.5566170391673321,0,0,NA,NA,NA,NA,NA
2023-03-20,History Logistic,43,2022-10-17,2023-03-06,2023-03-13,13466,996,1248,0.5,0.9569357589539511,1.0471228615863142,0.5225011139165305,22,13466,"[0.429006386454775, 0.8892766968661815, 0.5167272636793641, 0.48327273632063583, 2.350438140502005, 6.452844200207931]","[0.494934244961721, 0.31378918604207595, 0.39019628311468857, 0.39019628311468857, 2.528660641712481, 6.705438892655829]",-1,0.1,0.5533371390334356,0.5566170391673321,0,0,NA,NA,NA,NA,NA
2023-03-20,History Logistic,44,2022-10-17,2023-03-06,2023-03-13,13466,996,1248,0.5,0.9569357589539511,1.0471228615863142,0.5225011139165305,22,13466,"[0.429006386454775, 0.8892766968661815, 0.5167272636793641, 0.48327273632063583, 2.350438140502005, 6.452844200207931]","[0.494934244961721, 0.31378918604207595, 0.39019628311468857, 0.39019628311468857, 2.528660641712481, 6.705438892655829]",-1,0.1,0.5533371390334356,0.5566170391673321,0,0,NA,NA,NA,NA,NA
2023-03-20,History Logistic,45,2022-10-17,2023-03-06,2023-03-13,13466,996,1248,0.5,0.9569357589539511,1.0471228615863142,0.5225011139165305,22,13466,"[0.429006386454775, 0.8892766968661815, 0.5167272636793641, 0.48327273632063583, 2.350438140502005, 6.452844200207931]","[0.494934244961721, 0.31378918604207595, 0.39019628311468857, 0.39019628311468857, 2.528660641712481, 6.705438892655829]",-1,0.1,0.5533371390334356,0.5566170391673321,0,0,NA,NA,NA,NA,NA
2023-03-20,History Logistic,46,2022-10-17,2023-03-06,2023-03-13,13466,996,1248,0.5,0.9569357589539511,1.0471228615863142,0.5225011139165305,22,13466,"[0.429006386454775, 0.8892766968661815, 0.5167272636793641, 0.48327273632063583, 2.350438140502005, 6.452844200207931]","[0.494934244961721, 0.31378918604207595, 0.39019628311468857, 0.39019628311468857, 2.528660641712481, 6.705438892655829]",-1,0.1,0.5533371390334356,0.5566170391673321,0,0,NA,NA,NA,NA,NA
2023-03-20,History Logistic,47,2022-10-17,2023-03-06,2023-03-13,13466,996,1248,0.5,0.9569357589539511,1.0471228615863142,0.5225011139165305,22,13466,"[0.429006386454775, 0.8892766968661815, 0.5167272636793641, 0.48327273632063583, 2.350438140502005, 6.452844200207931]","[0.494934244961721, 0.31378918604207595, 0.39019628311468857, 0.39019628311468857, 2.528660641712481, 6.705438892655829]",-1,0.1,0.5533371390334356,0.5566170391673321,0,0,NA,NA,NA,NA,NA
2023-03-20,History Logistic,48,2022-10-17,2023-03-06,2023-03-13,13466,996,1248,0.5,0.9569357589539511,1.0471228615863142,0.5225011139165305,22,13466,"[0.429006386454775, 0.8892766968661815, 0.5167272636793641, 0.48327273632063583, 2.350438140502005, 6.452844200207931]","[0.494934244961721, 0.31378918604207595, 0.39019628311468857, 0.39019628311468857, 2.528660641712481, 6.705438892655829]",-1,0.1,0.5533371390334356,0.5566170391673321,0,0,NA,NA,NA,NA,NA
2023-03-20,History Logistic,49,2022-10-17,2023-03-06,2023-03-13,13466,996,1248,0.5,0.9569357589539511,1.0471228615863142,0.5225011139165305,22,13466,"[0.429006386454775, 0.8892766968661815, 0.5167272636793641, 0.48327273632063583, 2.350438140502005, 6.452844200207931]","[0.494934244961721, 0.31378918604207595, 0.39019628311468857, 0.39019628311468857, 2.528660641712481, 6.705438892655829]",-1,0.1,0.5533371390334356,0.5566170391673321,0,0,NA,NA,NA,NA,NA
2023-03-20,History Logistic,50,2022-10-17,2023-03-06,2023-03-13,13466,996,1248,0.5,0.9569357589539511,1.0471228615863142,0.5225011139165305,22,13466,"[0.429006386454775, 0.8892766968661815, 0.5167272636793641, 0.48327273632063583, 2.350438140502005, 6.452844200207931]","[0.494934244961721, 0.31378918604207595, 0.39019628311468857, 0.39019628311468857, 2.528660641712481, 6.705438892655829]",-1,0.1,0.5533371390334356,0.5566170391673321,0,0,NA,NA,NA,NA,NA
2023-03-20,History Logistic,51,2022-10-17,2023-03-06,2023-03-13,13466,996,1248,0.5,0.9569357589539511,1.0471228615863142,0.5225011139165305,22,13466,"[0.429006386454775, 0.8892766968661815, 0.5167272636793641, 0.48327273632063583, 2.350438140502005, 6.452844200207931]","[0.494934244961721, 0.31378918604207595, 0.39019628311468857, 0.39019628311468857, 2.528660641712481, 6.705438892655829]",-1,0.1,0.5533371390334356,0.5566170391673321,0,0,NA,NA,NA,NA,NA
2023-03-20,History + Structural MLP,42,2022-10-17,2023-03-06,2023-03-13,13466,996,1248,0.5,0.9569357589539511,1.0471228615863142,0.5225011139165305,22,13466,"[2.4747512253081836, 6.1143620971335215, 2.855859200950542, 9.774617555324522, 4.627270702328096e-05, 7.785548588268366e-05, 0.429006386454775, 0.8892766968661815, 0.5167272636793641, 0.48327273632063583, 2.350438140502005, 6.452844200207931]","[29.391620632255783, 13.07667945994287, 35.36470278095723, 29.87338119838547, 0.00021901528317026578, 0.00035865513571715674, 0.494934244961721, 0.31378918604207595, 0.39019628311468857, 0.39019628311468857, 2.528660641712481, 6.705438892655829]",1,NA,0.5533371390334356,0.5584887941959034,3,7,32.0,0.2,0.001,0.0001,4.0
2023-03-20,History + Structural MLP,43,2022-10-17,2023-03-06,2023-03-13,13466,996,1248,0.5,0.9569357589539511,1.0471228615863142,0.5225011139165305,22,13466,"[2.4747512253081836, 6.1143620971335215, 2.855859200950542, 9.774617555324522, 4.627270702328096e-05, 7.785548588268366e-05, 0.429006386454775, 0.8892766968661815, 0.5167272636793641, 0.48327273632063583, 2.350438140502005, 6.452844200207931]","[29.391620632255783, 13.07667945994287, 35.36470278095723, 29.87338119838547, 0.00021901528317026578, 0.00035865513571715674, 0.494934244961721, 0.31378918604207595, 0.39019628311468857, 0.39019628311468857, 2.528660641712481, 6.705438892655829]",1,NA,0.5533371390334356,0.5638613441817103,1,5,32.0,0.2,0.001,0.0001,4.0
2023-03-20,History + Structural MLP,44,2022-10-17,2023-03-06,2023-03-13,13466,996,1248,0.5,0.9569357589539511,1.0471228615863142,0.5225011139165305,22,13466,"[2.4747512253081836, 6.1143620971335215, 2.855859200950542, 9.774617555324522, 4.627270702328096e-05, 7.785548588268366e-05, 0.429006386454775, 0.8892766968661815, 0.5167272636793641, 0.48327273632063583, 2.350438140502005, 6.452844200207931]","[29.391620632255783, 13.07667945994287, 35.36470278095723, 29.87338119838547, 0.00021901528317026578, 0.00035865513571715674, 0.494934244961721, 0.31378918604207595, 0.39019628311468857, 0.39019628311468857, 2.528660641712481, 6.705438892655829]",1,NA,0.5533371390334356,0.5553571428571429,2,6,32.0,0.2,0.001,0.0001,4.0
2023-03-20,History + Structural MLP,45,2022-10-17,2023-03-06,2023-03-13,13466,996,1248,0.5,0.9569357589539511,1.0471228615863142,0.5225011139165305,22,13466,"[2.4747512253081836, 6.1143620971335215, 2.855859200950542, 9.774617555324522, 4.627270702328096e-05, 7.785548588268366e-05, 0.429006386454775, 0.8892766968661815, 0.5167272636793641, 0.48327273632063583, 2.350438140502005, 6.452844200207931]","[29.391620632255783, 13.07667945994287, 35.36470278095723, 29.87338119838547, 0.00021901528317026578, 0.00035865513571715674, 0.494934244961721, 0.31378918604207595, 0.39019628311468857, 0.39019628311468857, 2.528660641712481, 6.705438892655829]",1,NA,0.5533371390334356,0.5626699689199689,3,7,32.0,0.2,0.001,0.0001,4.0
2023-03-20,History + Structural MLP,46,2022-10-17,2023-03-06,2023-03-13,13466,996,1248,0.5,0.9569357589539511,1.0471228615863142,0.5225011139165305,22,13466,"[2.4747512253081836, 6.1143620971335215, 2.855859200950542, 9.774617555324522, 4.627270702328096e-05, 7.785548588268366e-05, 0.429006386454775, 0.8892766968661815, 0.5167272636793641, 0.48327273632063583, 2.350438140502005, 6.452844200207931]","[29.391620632255783, 13.07667945994287, 35.36470278095723, 29.87338119838547, 0.00021901528317026578, 0.00035865513571715674, 0.494934244961721, 0.31378918604207595, 0.39019628311468857, 0.39019628311468857, 2.528660641712481, 6.705438892655829]",1,NA,0.5533371390334356,0.5589590787086023,2,6,32.0,0.2,0.001,0.0001,4.0
2023-03-20,History + Structural MLP,47,2022-10-17,2023-03-06,2023-03-13,13466,996,1248,0.5,0.9569357589539511,1.0471228615863142,0.5225011139165305,22,13466,"[2.4747512253081836, 6.1143620971335215, 2.855859200950542, 9.774617555324522, 4.627270702328096e-05, 7.785548588268366e-05, 0.429006386454775, 0.8892766968661815, 0.5167272636793641, 0.48327273632063583, 2.350438140502005, 6.452844200207931]","[29.391620632255783, 13.07667945994287, 35.36470278095723, 29.87338119838547, 0.00021901528317026578, 0.00035865513571715674, 0.494934244961721, 0.31378918604207595, 0.39019628311468857, 0.39019628311468857, 2.528660641712481, 6.705438892655829]",1,NA,0.5533371390334356,0.5561962675613337,6,10,32.0,0.2,0.001,0.0001,4.0
2023-03-20,History + Structural MLP,48,2022-10-17,2023-03-06,2023-03-13,13466,996,1248,0.5,0.9569357589539511,1.0471228615863142,0.5225011139165305,22,13466,"[2.4747512253081836, 6.1143620971335215, 2.855859200950542, 9.774617555324522, 4.627270702328096e-05, 7.785548588268366e-05, 0.429006386454775, 0.8892766968661815, 0.5167272636793641, 0.48327273632063583, 2.350438140502005, 6.452844200207931]","[29.391620632255783, 13.07667945994287, 35.36470278095723, 29.87338119838547, 0.00021901528317026578, 0.00035865513571715674, 0.494934244961721, 0.31378918604207595, 0.39019628311468857, 0.39019628311468857, 2.528660641712481, 6.705438892655829]",1,NA,0.5533371390334356,0.5522507745580463,3,7,32.0,0.2,0.001,0.0001,4.0
2023-03-20,History + Structural MLP,49,2022-10-17,2023-03-06,2023-03-13,13466,996,1248,0.5,0.9569357589539511,1.0471228615863142,0.5225011139165305,22,13466,"[2.4747512253081836, 6.1143620971335215, 2.855859200950542, 9.774617555324522, 4.627270702328096e-05, 7.785548588268366e-05, 0.429006386454775, 0.8892766968661815, 0.5167272636793641, 0.48327273632063583, 2.350438140502005, 6.452844200207931]","[29.391620632255783, 13.07667945994287, 35.36470278095723, 29.87338119838547, 0.00021901528317026578, 0.00035865513571715674, 0.494934244961721, 0.31378918604207595, 0.39019628311468857, 0.39019628311468857, 2.528660641712481, 6.705438892655829]",1,NA,0.5533371390334356,0.5579308332117321,2,6,32.0,0.2,0.001,0.0001,4.0
2023-03-20,History + Structural MLP,50,2022-10-17,2023-03-06,2023-03-13,13466,996,1248,0.5,0.9569357589539511,1.0471228615863142,0.5225011139165305,22,13466,"[2.4747512253081836, 6.1143620971335215, 2.855859200950542, 9.774617555324522, 4.627270702328096e-05, 7.785548588268366e-05, 0.429006386454775, 0.8892766968661815, 0.5167272636793641, 0.48327273632063583, 2.350438140502005, 6.452844200207931]","[29.391620632255783, 13.07667945994287, 35.36470278095723, 29.87338119838547, 0.00021901528317026578, 0.00035865513571715674, 0.494934244961721, 0.31378918604207595, 0.39019628311468857, 0.39019628311468857, 2.528660641712481, 6.705438892655829]",1,NA,0.5533371390334356,0.5610525294345969,3,7,32.0,0.2,0.001,0.0001,4.0
2023-03-20,History + Structural MLP,51,2022-10-17,2023-03-06,2023-03-13,13466,996,1248,0.5,0.9569357589539511,1.0471228615863142,0.5225011139165305,22,13466,"[2.4747512253081836, 6.1143620971335215, 2.855859200950542, 9.774617555324522, 4.627270702328096e-05, 7.785548588268366e-05, 0.429006386454775, 0.8892766968661815, 0.5167272636793641, 0.48327273632063583, 2.350438140502005, 6.452844200207931]","[29.391620632255783, 13.07667945994287, 35.36470278095723, 29.87338119838547, 0.00021901528317026578, 0.00035865513571715674, 0.494934244961721, 0.31378918604207595, 0.39019628311468857, 0.39019628311468857, 2.528660641712481, 6.705438892655829]",1,NA,0.5533371390334356,0.5464978717695413,2,6,32.0,0.2,0.001,0.0001,4.0
2023-03-20,History + Reversed GAT,42,2022-10-17,2023-03-06,2023-03-13,13466,996,1248,0.5,0.9569357589539511,1.0471228615863142,0.5225011139165305,22,13466,"[2.4747512253081836, 6.1143620971335215, 2.855859200950542, 9.774617555324522, 4.627270702328096e-05, 7.785548588268366e-05, 0.429006386454775, 0.8892766968661815, 0.5167272636793641, 0.48327273632063583, 2.350438140502005, 6.452844200207931]","[29.391620632255783, 13.07667945994287, 35.36470278095723, 29.87338119838547, 0.00021901528317026578, 0.00035865513571715674, 0.494934244961721, 0.31378918604207595, 0.39019628311468857, 0.39019628311468857, 2.528660641712481, 6.705438892655829]",1,NA,0.5533371390334356,0.5481854838709678,15,19,32.0,0.2,0.001,0.0001,4.0
2023-03-20,History + Reversed GAT,43,2022-10-17,2023-03-06,2023-03-13,13466,996,1248,0.5,0.9569357589539511,1.0471228615863142,0.5225011139165305,22,13466,"[2.4747512253081836, 6.1143620971335215, 2.855859200950542, 9.774617555324522, 4.627270702328096e-05, 7.785548588268366e-05, 0.429006386454775, 0.8892766968661815, 0.5167272636793641, 0.48327273632063583, 2.350438140502005, 6.452844200207931]","[29.391620632255783, 13.07667945994287, 35.36470278095723, 29.87338119838547, 0.00021901528317026578, 0.00035865513571715674, 0.494934244961721, 0.31378918604207595, 0.39019628311468857, 0.39019628311468857, 2.528660641712481, 6.705438892655829]",1,NA,0.5533371390334356,0.5060130024798544,1,5,32.0,0.2,0.001,0.0001,4.0
2023-03-20,History + Reversed GAT,44,2022-10-17,2023-03-06,2023-03-13,13466,996,1248,0.5,0.9569357589539511,1.0471228615863142,0.5225011139165305,22,13466,"[2.4747512253081836, 6.1143620971335215, 2.855859200950542, 9.774617555324522, 4.627270702328096e-05, 7.785548588268366e-05, 0.429006386454775, 0.8892766968661815, 0.5167272636793641, 0.48327273632063583, 2.350438140502005, 6.452844200207931]","[29.391620632255783, 13.07667945994287, 35.36470278095723, 29.87338119838547, 0.00021901528317026578, 0.00035865513571715674, 0.494934244961721, 0.31378918604207595, 0.39019628311468857, 0.39019628311468857, 2.528660641712481, 6.705438892655829]",1,NA,0.5533371390334356,0.5541017988222957,12,16,32.0,0.2,0.001,0.0001,4.0
2023-03-20,History + Reversed GAT,45,2022-10-17,2023-03-06,2023-03-13,13466,996,1248,0.5,0.9569357589539511,1.0471228615863142,0.5225011139165305,22,13466,"[2.4747512253081836, 6.1143620971335215, 2.855859200950542, 9.774617555324522, 4.627270702328096e-05, 7.785548588268366e-05, 0.429006386454775, 0.8892766968661815, 0.5167272636793641, 0.48327273632063583, 2.350438140502005, 6.452844200207931]","[29.391620632255783, 13.07667945994287, 35.36470278095723, 29.87338119838547, 0.00021901528317026578, 0.00035865513571715674, 0.494934244961721, 0.31378918604207595, 0.39019628311468857, 0.39019628311468857, 2.528660641712481, 6.705438892655829]",1,NA,0.5533371390334356,0.5039901379301899,3,7,32.0,0.2,0.001,0.0001,4.0
2023-03-20,History + Reversed GAT,46,2022-10-17,2023-03-06,2023-03-13,13466,996,1248,0.5,0.9569357589539511,1.0471228615863142,0.5225011139165305,22,13466,"[2.4747512253081836, 6.1143620971335215, 2.855859200950542, 9.774617555324522, 4.627270702328096e-05, 7.785548588268366e-05, 0.429006386454775, 0.8892766968661815, 0.5167272636793641, 0.48327273632063583, 2.350438140502005, 6.452844200207931]","[29.391620632255783, 13.07667945994287, 35.36470278095723, 29.87338119838547, 0.00021901528317026578, 0.00035865513571715674, 0.494934244961721, 0.31378918604207595, 0.39019628311468857, 0.39019628311468857, 2.528660641712481, 6.705438892655829]",1,NA,0.5533371390334356,0.539250056420903,7,11,32.0,0.2,0.001,0.0001,4.0
2023-03-20,History + Reversed GAT,47,2022-10-17,2023-03-06,2023-03-13,13466,996,1248,0.5,0.9569357589539511,1.0471228615863142,0.5225011139165305,22,13466,"[2.4747512253081836, 6.1143620971335215, 2.855859200950542, 9.774617555324522, 4.627270702328096e-05, 7.785548588268366e-05, 0.429006386454775, 0.8892766968661815, 0.5167272636793641, 0.48327273632063583, 2.350438140502005, 6.452844200207931]","[29.391620632255783, 13.07667945994287, 35.36470278095723, 29.87338119838547, 0.00021901528317026578, 0.00035865513571715674, 0.494934244961721, 0.31378918604207595, 0.39019628311468857, 0.39019628311468857, 2.528660641712481, 6.705438892655829]",1,NA,0.5533371390334356,0.5611045828437133,9,13,32.0,0.2,0.001,0.0001,4.0
2023-03-20,History + Reversed GAT,48,2022-10-17,2023-03-06,2023-03-13,13466,996,1248,0.5,0.9569357589539511,1.0471228615863142,0.5225011139165305,22,13466,"[2.4747512253081836, 6.1143620971335215, 2.855859200950542, 9.774617555324522, 4.627270702328096e-05, 7.785548588268366e-05, 0.429006386454775, 0.8892766968661815, 0.5167272636793641, 0.48327273632063583, 2.350438140502005, 6.452844200207931]","[29.391620632255783, 13.07667945994287, 35.36470278095723, 29.87338119838547, 0.00021901528317026578, 0.00035865513571715674, 0.494934244961721, 0.31378918604207595, 0.39019628311468857, 0.39019628311468857, 2.528660641712481, 6.705438892655829]",1,NA,0.5533371390334356,0.560968376755488,13,17,32.0,0.2,0.001,0.0001,4.0
2023-03-20,History + Reversed GAT,49,2022-10-17,2023-03-06,2023-03-13,13466,996,1248,0.5,0.9569357589539511,1.0471228615863142,0.5225011139165305,22,13466,"[2.4747512253081836, 6.1143620971335215, 2.855859200950542, 9.774617555324522, 4.627270702328096e-05, 7.785548588268366e-05, 0.429006386454775, 0.8892766968661815, 0.5167272636793641, 0.48327273632063583, 2.350438140502005, 6.452844200207931]","[29.391620632255783, 13.07667945994287, 35.36470278095723, 29.87338119838547, 0.00021901528317026578, 0.00035865513571715674, 0.494934244961721, 0.31378918604207595, 0.39019628311468857, 0.39019628311468857, 2.528660641712481, 6.705438892655829]",1,NA,0.5533371390334356,0.555058967080285,12,16,32.0,0.2,0.001,0.0001,4.0
2023-03-20,History + Reversed GAT,50,2022-10-17,2023-03-06,2023-03-13,13466,996,1248,0.5,0.9569357589539511,1.0471228615863142,0.5225011139165305,22,13466,"[2.4747512253081836, 6.1143620971335215, 2.855859200950542, 9.774617555324522, 4.627270702328096e-05, 7.785548588268366e-05, 0.429006386454775, 0.8892766968661815, 0.5167272636793641, 0.48327273632063583, 2.350438140502005, 6.452844200207931]","[29.391620632255783, 13.07667945994287, 35.36470278095723, 29.87338119838547, 0.00021901528317026578, 0.00035865513571715674, 0.494934244961721, 0.31378918604207595, 0.39019628311468857, 0.39019628311468857, 2.528660641712481, 6.705438892655829]",1,NA,0.5533371390334356,0.5410864780555873,8,12,32.0,0.2,0.001,0.0001,4.0
2023-03-20,History + Reversed GAT,51,2022-10-17,2023-03-06,2023-03-13,13466,996,1248,0.5,0.9569357589539511,1.0471228615863142,0.5225011139165305,22,13466,"[2.4747512253081836, 6.1143620971335215, 2.855859200950542, 9.774617555324522, 4.627270702328096e-05, 7.785548588268366e-05, 0.429006386454775, 0.8892766968661815, 0.5167272636793641, 0.48327273632063583, 2.350438140502005, 6.452844200207931]","[29.391620632255783, 13.07667945994287, 35.36470278095723, 29.87338119838547, 0.00021901528317026578, 0.00035865513571715674, 0.494934244961721, 0.31378918604207595, 0.39019628311468857, 0.39019628311468857, 2.528660641712481, 6.705438892655829]",1,NA,0.5533371390334356,0.5093400082548897,3,7,32.0,0.2,0.001,0.0001,4.0
2023-03-20,History + Forward GAT,42,2022-10-17,2023-03-06,2023-03-13,13466,996,1248,0.5,0.9569357589539511,1.0471228615863142,0.5225011139165305,22,13466,"[2.4747512253081836, 6.1143620971335215, 2.855859200950542, 9.774617555324522, 4.627270702328096e-05, 7.785548588268366e-05, 0.429006386454775, 0.8892766968661815, 0.5167272636793641, 0.48327273632063583, 2.350438140502005, 6.452844200207931]","[29.391620632255783, 13.07667945994287, 35.36470278095723, 29.87338119838547, 0.00021901528317026578, 0.00035865513571715674, 0.494934244961721, 0.31378918604207595, 0.39019628311468857, 0.39019628311468857, 2.528660641712481, 6.705438892655829]",1,NA,0.5533371390334356,0.5582532756385841,4,8,32.0,0.2,0.001,0.0001,4.0
2023-03-20,History + Forward GAT,43,2022-10-17,2023-03-06,2023-03-13,13466,996,1248,0.5,0.9569357589539511,1.0471228615863142,0.5225011139165305,22,13466,"[2.4747512253081836, 6.1143620971335215, 2.855859200950542, 9.774617555324522, 4.627270702328096e-05, 7.785548588268366e-05, 0.429006386454775, 0.8892766968661815, 0.5167272636793641, 0.48327273632063583, 2.350438140502005, 6.452844200207931]","[29.391620632255783, 13.07667945994287, 35.36470278095723, 29.87338119838547, 0.00021901528317026578, 0.00035865513571715674, 0.494934244961721, 0.31378918604207595, 0.39019628311468857, 0.39019628311468857, 2.528660641712481, 6.705438892655829]",1,NA,0.5533371390334356,0.5602250045363818,1,5,32.0,0.2,0.001,0.0001,4.0
2023-03-20,History + Forward GAT,44,2022-10-17,2023-03-06,2023-03-13,13466,996,1248,0.5,0.9569357589539511,1.0471228615863142,0.5225011139165305,22,13466,"[2.4747512253081836, 6.1143620971335215, 2.855859200950542, 9.774617555324522, 4.627270702328096e-05, 7.785548588268366e-05, 0.429006386454775, 0.8892766968661815, 0.5167272636793641, 0.48327273632063583, 2.350438140502005, 6.452844200207931]","[29.391620632255783, 13.07667945994287, 35.36470278095723, 29.87338119838547, 0.00021901528317026578, 0.00035865513571715674, 0.494934244961721, 0.31378918604207595, 0.39019628311468857, 0.39019628311468857, 2.528660641712481, 6.705438892655829]",1,NA,0.5533371390334356,0.5514854364226749,3,7,32.0,0.2,0.001,0.0001,4.0
2023-03-20,History + Forward GAT,45,2022-10-17,2023-03-06,2023-03-13,13466,996,1248,0.5,0.9569357589539511,1.0471228615863142,0.5225011139165305,22,13466,"[2.4747512253081836, 6.1143620971335215, 2.855859200950542, 9.774617555324522, 4.627270702328096e-05, 7.785548588268366e-05, 0.429006386454775, 0.8892766968661815, 0.5167272636793641, 0.48327273632063583, 2.350438140502005, 6.452844200207931]","[29.391620632255783, 13.07667945994287, 35.36470278095723, 29.87338119838547, 0.00021901528317026578, 0.00035865513571715674, 0.494934244961721, 0.31378918604207595, 0.39019628311468857, 0.39019628311468857, 2.528660641712481, 6.705438892655829]",1,NA,0.5533371390334356,0.5617050616482804,2,6,32.0,0.2,0.001,0.0001,4.0
2023-03-20,History + Forward GAT,46,2022-10-17,2023-03-06,2023-03-13,13466,996,1248,0.5,0.9569357589539511,1.0471228615863142,0.5225011139165305,22,13466,"[2.4747512253081836, 6.1143620971335215, 2.855859200950542, 9.774617555324522, 4.627270702328096e-05, 7.785548588268366e-05, 0.429006386454775, 0.8892766968661815, 0.5167272636793641, 0.48327273632063583, 2.350438140502005, 6.452844200207931]","[29.391620632255783, 13.07667945994287, 35.36470278095723, 29.87338119838547, 0.00021901528317026578, 0.00035865513571715674, 0.494934244961721, 0.31378918604207595, 0.39019628311468857, 0.39019628311468857, 2.528660641712481, 6.705438892655829]",1,NA,0.5533371390334356,0.5513332255979315,4,8,32.0,0.2,0.001,0.0001,4.0
2023-03-20,History + Forward GAT,47,2022-10-17,2023-03-06,2023-03-13,13466,996,1248,0.5,0.9569357589539511,1.0471228615863142,0.5225011139165305,22,13466,"[2.4747512253081836, 6.1143620971335215, 2.855859200950542, 9.774617555324522, 4.627270702328096e-05, 7.785548588268366e-05, 0.429006386454775, 0.8892766968661815, 0.5167272636793641, 0.48327273632063583, 2.350438140502005, 6.452844200207931]","[29.391620632255783, 13.07667945994287, 35.36470278095723, 29.87338119838547, 0.00021901528317026578, 0.00035865513571715674, 0.494934244961721, 0.31378918604207595, 0.39019628311468857, 0.39019628311468857, 2.528660641712481, 6.705438892655829]",1,NA,0.5533371390334356,0.5501844795257969,5,9,32.0,0.2,0.001,0.0001,4.0
2023-03-20,History + Forward GAT,48,2022-10-17,2023-03-06,2023-03-13,13466,996,1248,0.5,0.9569357589539511,1.0471228615863142,0.5225011139165305,22,13466,"[2.4747512253081836, 6.1143620971335215, 2.855859200950542, 9.774617555324522, 4.627270702328096e-05, 7.785548588268366e-05, 0.429006386454775, 0.8892766968661815, 0.5167272636793641, 0.48327273632063583, 2.350438140502005, 6.452844200207931]","[29.391620632255783, 13.07667945994287, 35.36470278095723, 29.87338119838547, 0.00021901528317026578, 0.00035865513571715674, 0.494934244961721, 0.31378918604207595, 0.39019628311468857, 0.39019628311468857, 2.528660641712481, 6.705438892655829]",1,NA,0.5533371390334356,0.5411028662883748,7,11,32.0,0.2,0.001,0.0001,4.0
2023-03-20,History + Forward GAT,49,2022-10-17,2023-03-06,2023-03-13,13466,996,1248,0.5,0.9569357589539511,1.0471228615863142,0.5225011139165305,22,13466,"[2.4747512253081836, 6.1143620971335215, 2.855859200950542, 9.774617555324522, 4.627270702328096e-05, 7.785548588268366e-05, 0.429006386454775, 0.8892766968661815, 0.5167272636793641, 0.48327273632063583, 2.350438140502005, 6.452844200207931]","[29.391620632255783, 13.07667945994287, 35.36470278095723, 29.87338119838547, 0.00021901528317026578, 0.00035865513571715674, 0.494934244961721, 0.31378918604207595, 0.39019628311468857, 0.39019628311468857, 2.528660641712481, 6.705438892655829]",1,NA,0.5533371390334356,0.5550936688089703,2,6,32.0,0.2,0.001,0.0001,4.0
2023-03-20,History + Forward GAT,50,2022-10-17,2023-03-06,2023-03-13,13466,996,1248,0.5,0.9569357589539511,1.0471228615863142,0.5225011139165305,22,13466,"[2.4747512253081836, 6.1143620971335215, 2.855859200950542, 9.774617555324522, 4.627270702328096e-05, 7.785548588268366e-05, 0.429006386454775, 0.8892766968661815, 0.5167272636793641, 0.48327273632063583, 2.350438140502005, 6.452844200207931]","[29.391620632255783, 13.07667945994287, 35.36470278095723, 29.87338119838547, 0.00021901528317026578, 0.00035865513571715674, 0.494934244961721, 0.31378918604207595, 0.39019628311468857, 0.39019628311468857, 2.528660641712481, 6.705438892655829]",1,NA,0.5533371390334356,0.5572886150116174,3,7,32.0,0.2,0.001,0.0001,4.0
2023-03-20,History + Forward GAT,51,2022-10-17,2023-03-06,2023-03-13,13466,996,1248,0.5,0.9569357589539511,1.0471228615863142,0.5225011139165305,22,13466,"[2.4747512253081836, 6.1143620971335215, 2.855859200950542, 9.774617555324522, 4.627270702328096e-05, 7.785548588268366e-05, 0.429006386454775, 0.8892766968661815, 0.5167272636793641, 0.48327273632063583, 2.350438140502005, 6.452844200207931]","[29.391620632255783, 13.07667945994287, 35.36470278095723, 29.87338119838547, 0.00021901528317026578, 0.00035865513571715674, 0.494934244961721, 0.31378918604207595, 0.39019628311468857, 0.39019628311468857, 2.528660641712481, 6.705438892655829]",1,NA,0.5533371390334356,0.5469612920833218,3,7,32.0,0.2,0.001,0.0001,4.0
2023-03-27,History Logistic,42,2022-10-17,2023-03-13,2023-03-20,14462,1248,582,0.5,0.9555966697502313,1.048730964467005,0.5232333010648597,23,14462,"[0.4310607108283778, 0.8922693956575855, 0.5164671734343426, 0.4835328265656564, 2.4049923938597706, 6.6556492877886875]","[0.4952245696736788, 0.3100398703883785, 0.38921955028514205, 0.3892195502851431, 2.598029097105042, 6.981073319668959]",-1,0.1,0.5787534452626749,0.5771954728958575,0,0,NA,NA,NA,NA,NA
2023-03-27,History Logistic,43,2022-10-17,2023-03-13,2023-03-20,14462,1248,582,0.5,0.9555966697502313,1.048730964467005,0.5232333010648597,23,14462,"[0.4310607108283778, 0.8922693956575855, 0.5164671734343426, 0.4835328265656564, 2.4049923938597706, 6.6556492877886875]","[0.4952245696736788, 0.3100398703883785, 0.38921955028514205, 0.3892195502851431, 2.598029097105042, 6.981073319668959]",-1,0.1,0.5787534452626749,0.5771954728958575,0,0,NA,NA,NA,NA,NA
2023-03-27,History Logistic,44,2022-10-17,2023-03-13,2023-03-20,14462,1248,582,0.5,0.9555966697502313,1.048730964467005,0.5232333010648597,23,14462,"[0.4310607108283778, 0.8922693956575855, 0.5164671734343426, 0.4835328265656564, 2.4049923938597706, 6.6556492877886875]","[0.4952245696736788, 0.3100398703883785, 0.38921955028514205, 0.3892195502851431, 2.598029097105042, 6.981073319668959]",-1,0.1,0.5787534452626749,0.5771954728958575,0,0,NA,NA,NA,NA,NA
2023-03-27,History Logistic,45,2022-10-17,2023-03-13,2023-03-20,14462,1248,582,0.5,0.9555966697502313,1.048730964467005,0.5232333010648597,23,14462,"[0.4310607108283778, 0.8922693956575855, 0.5164671734343426, 0.4835328265656564, 2.4049923938597706, 6.6556492877886875]","[0.4952245696736788, 0.3100398703883785, 0.38921955028514205, 0.3892195502851431, 2.598029097105042, 6.981073319668959]",-1,0.1,0.5787534452626749,0.5771954728958575,0,0,NA,NA,NA,NA,NA
2023-03-27,History Logistic,46,2022-10-17,2023-03-13,2023-03-20,14462,1248,582,0.5,0.9555966697502313,1.048730964467005,0.5232333010648597,23,14462,"[0.4310607108283778, 0.8922693956575855, 0.5164671734343426, 0.4835328265656564, 2.4049923938597706, 6.6556492877886875]","[0.4952245696736788, 0.3100398703883785, 0.38921955028514205, 0.3892195502851431, 2.598029097105042, 6.981073319668959]",-1,0.1,0.5787534452626749,0.5771954728958575,0,0,NA,NA,NA,NA,NA
2023-03-27,History Logistic,47,2022-10-17,2023-03-13,2023-03-20,14462,1248,582,0.5,0.9555966697502313,1.048730964467005,0.5232333010648597,23,14462,"[0.4310607108283778, 0.8922693956575855, 0.5164671734343426, 0.4835328265656564, 2.4049923938597706, 6.6556492877886875]","[0.4952245696736788, 0.3100398703883785, 0.38921955028514205, 0.3892195502851431, 2.598029097105042, 6.981073319668959]",-1,0.1,0.5787534452626749,0.5771954728958575,0,0,NA,NA,NA,NA,NA
2023-03-27,History Logistic,48,2022-10-17,2023-03-13,2023-03-20,14462,1248,582,0.5,0.9555966697502313,1.048730964467005,0.5232333010648597,23,14462,"[0.4310607108283778, 0.8922693956575855, 0.5164671734343426, 0.4835328265656564, 2.4049923938597706, 6.6556492877886875]","[0.4952245696736788, 0.3100398703883785, 0.38921955028514205, 0.3892195502851431, 2.598029097105042, 6.981073319668959]",-1,0.1,0.5787534452626749,0.5771954728958575,0,0,NA,NA,NA,NA,NA
2023-03-27,History Logistic,49,2022-10-17,2023-03-13,2023-03-20,14462,1248,582,0.5,0.9555966697502313,1.048730964467005,0.5232333010648597,23,14462,"[0.4310607108283778, 0.8922693956575855, 0.5164671734343426, 0.4835328265656564, 2.4049923938597706, 6.6556492877886875]","[0.4952245696736788, 0.3100398703883785, 0.38921955028514205, 0.3892195502851431, 2.598029097105042, 6.981073319668959]",-1,0.1,0.5787534452626749,0.5771954728958575,0,0,NA,NA,NA,NA,NA
2023-03-27,History Logistic,50,2022-10-17,2023-03-13,2023-03-20,14462,1248,582,0.5,0.9555966697502313,1.048730964467005,0.5232333010648597,23,14462,"[0.4310607108283778, 0.8922693956575855, 0.5164671734343426, 0.4835328265656564, 2.4049923938597706, 6.6556492877886875]","[0.4952245696736788, 0.3100398703883785, 0.38921955028514205, 0.3892195502851431, 2.598029097105042, 6.981073319668959]",-1,0.1,0.5787534452626749,0.5771954728958575,0,0,NA,NA,NA,NA,NA
2023-03-27,History Logistic,51,2022-10-17,2023-03-13,2023-03-20,14462,1248,582,0.5,0.9555966697502313,1.048730964467005,0.5232333010648597,23,14462,"[0.4310607108283778, 0.8922693956575855, 0.5164671734343426, 0.4835328265656564, 2.4049923938597706, 6.6556492877886875]","[0.4952245696736788, 0.3100398703883785, 0.38921955028514205, 0.3892195502851431, 2.598029097105042, 6.981073319668959]",-1,0.1,0.5787534452626749,0.5771954728958575,0,0,NA,NA,NA,NA,NA
2023-03-27,History + Structural MLP,42,2022-10-17,2023-03-13,2023-03-20,14462,1248,582,0.5,0.9555966697502313,1.048730964467005,0.5232333010648597,23,14462,"[2.4128059742774166, 6.181648458027936, 2.785921725902365, 9.943576268842484, 4.431885554667427e-05, 7.491194980054075e-05, 0.4310607108283778, 0.8922693956575855, 0.5164671734343426, 0.4835328265656564, 2.4049923938597706, 6.6556492877886875]","[28.533854569841345, 13.17024103400192, 34.31522183879006, 30.467368478229687, 0.00021187041730465168, 0.00034724922658600294, 0.4952245696736788, 0.3100398703883785, 0.38921955028514205, 0.3892195502851431, 2.598029097105042, 6.981073319668959]",1,NA,0.5787534452626749,0.5764880095430052,13,17,32.0,0.2,0.001,0.0001,4.0
2023-03-27,History + Structural MLP,43,2022-10-17,2023-03-13,2023-03-20,14462,1248,582,0.5,0.9555966697502313,1.048730964467005,0.5232333010648597,23,14462,"[2.4128059742774166, 6.181648458027936, 2.785921725902365, 9.943576268842484, 4.431885554667427e-05, 7.491194980054075e-05, 0.4310607108283778, 0.8922693956575855, 0.5164671734343426, 0.4835328265656564, 2.4049923938597706, 6.6556492877886875]","[28.533854569841345, 13.17024103400192, 34.31522183879006, 30.467368478229687, 0.00021187041730465168, 0.00034724922658600294, 0.4952245696736788, 0.3100398703883785, 0.38921955028514205, 0.3892195502851431, 2.598029097105042, 6.981073319668959]",1,NA,0.5787534452626749,0.5741843204206958,1,5,32.0,0.2,0.001,0.0001,4.0
2023-03-27,History + Structural MLP,44,2022-10-17,2023-03-13,2023-03-20,14462,1248,582,0.5,0.9555966697502313,1.048730964467005,0.5232333010648597,23,14462,"[2.4128059742774166, 6.181648458027936, 2.785921725902365, 9.943576268842484, 4.431885554667427e-05, 7.491194980054075e-05, 0.4310607108283778, 0.8922693956575855, 0.5164671734343426, 0.4835328265656564, 2.4049923938597706, 6.6556492877886875]","[28.533854569841345, 13.17024103400192, 34.31522183879006, 30.467368478229687, 0.00021187041730465168, 0.00034724922658600294, 0.4952245696736788, 0.3100398703883785, 0.38921955028514205, 0.3892195502851431, 2.598029097105042, 6.981073319668959]",1,NA,0.5787534452626749,0.5812565081568899,11,15,32.0,0.2,0.001,0.0001,4.0
2023-03-27,History + Structural MLP,45,2022-10-17,2023-03-13,2023-03-20,14462,1248,582,0.5,0.9555966697502313,1.048730964467005,0.5232333010648597,23,14462,"[2.4128059742774166, 6.181648458027936, 2.785921725902365, 9.943576268842484, 4.431885554667427e-05, 7.491194980054075e-05, 0.4310607108283778, 0.8922693956575855, 0.5164671734343426, 0.4835328265656564, 2.4049923938597706, 6.6556492877886875]","[28.533854569841345, 13.17024103400192, 34.31522183879006, 30.467368478229687, 0.00021187041730465168, 0.00034724922658600294, 0.4952245696736788, 0.3100398703883785, 0.38921955028514205, 0.3892195502851431, 2.598029097105042, 6.981073319668959]",1,NA,0.5787534452626749,0.5752114181197916,13,17,32.0,0.2,0.001,0.0001,4.0
2023-03-27,History + Structural MLP,46,2022-10-17,2023-03-13,2023-03-20,14462,1248,582,0.5,0.9555966697502313,1.048730964467005,0.5232333010648597,23,14462,"[2.4128059742774166, 6.181648458027936, 2.785921725902365, 9.943576268842484, 4.431885554667427e-05, 7.491194980054075e-05, 0.4310607108283778, 0.8922693956575855, 0.5164671734343426, 0.4835328265656564, 2.4049923938597706, 6.6556492877886875]","[28.533854569841345, 13.17024103400192, 34.31522183879006, 30.467368478229687, 0.00021187041730465168, 0.00034724922658600294, 0.4952245696736788, 0.3100398703883785, 0.38921955028514205, 0.3892195502851431, 2.598029097105042, 6.981073319668959]",1,NA,0.5787534452626749,0.5793979933110367,4,8,32.0,0.2,0.001,0.0001,4.0
2023-03-27,History + Structural MLP,47,2022-10-17,2023-03-13,2023-03-20,14462,1248,582,0.5,0.9555966697502313,1.048730964467005,0.5232333010648597,23,14462,"[2.4128059742774166, 6.181648458027936, 2.785921725902365, 9.943576268842484, 4.431885554667427e-05, 7.491194980054075e-05, 0.4310607108283778, 0.8922693956575855, 0.5164671734343426, 0.4835328265656564, 2.4049923938597706, 6.6556492877886875]","[28.533854569841345, 13.17024103400192, 34.31522183879006, 30.467368478229687, 0.00021187041730465168, 0.00034724922658600294, 0.4952245696736788, 0.3100398703883785, 0.38921955028514205, 0.3892195502851431, 2.598029097105042, 6.981073319668959]",1,NA,0.5787534452626749,0.5786914040774302,5,9,32.0,0.2,0.001,0.0001,4.0
2023-03-27,History + Structural MLP,48,2022-10-17,2023-03-13,2023-03-20,14462,1248,582,0.5,0.9555966697502313,1.048730964467005,0.5232333010648597,23,14462,"[2.4128059742774166, 6.181648458027936, 2.785921725902365, 9.943576268842484, 4.431885554667427e-05, 7.491194980054075e-05, 0.4310607108283778, 0.8922693956575855, 0.5164671734343426, 0.4835328265656564, 2.4049923938597706, 6.6556492877886875]","[28.533854569841345, 13.17024103400192, 34.31522183879006, 30.467368478229687, 0.00021187041730465168, 0.00034724922658600294, 0.4952245696736788, 0.3100398703883785, 0.38921955028514205, 0.3892195502851431, 2.598029097105042, 6.981073319668959]",1,NA,0.5787534452626749,0.5773046344774093,4,8,32.0,0.2,0.001,0.0001,4.0
2023-03-27,History + Structural MLP,49,2022-10-17,2023-03-13,2023-03-20,14462,1248,582,0.5,0.9555966697502313,1.048730964467005,0.5232333010648597,23,14462,"[2.4128059742774166, 6.181648458027936, 2.785921725902365, 9.943576268842484, 4.431885554667427e-05, 7.491194980054075e-05, 0.4310607108283778, 0.8922693956575855, 0.5164671734343426, 0.4835328265656564, 2.4049923938597706, 6.6556492877886875]","[28.533854569841345, 13.17024103400192, 34.31522183879006, 30.467368478229687, 0.00021187041730465168, 0.00034724922658600294, 0.4952245696736788, 0.3100398703883785, 0.38921955028514205, 0.3892195502851431, 2.598029097105042, 6.981073319668959]",1,NA,0.5787534452626749,0.5776047597303384,15,19,32.0,0.2,0.001,0.0001,4.0
2023-03-27,History + Structural MLP,50,2022-10-17,2023-03-13,2023-03-20,14462,1248,582,0.5,0.9555966697502313,1.048730964467005,0.5232333010648597,23,14462,"[2.4128059742774166, 6.181648458027936, 2.785921725902365, 9.943576268842484, 4.431885554667427e-05, 7.491194980054075e-05, 0.4310607108283778, 0.8922693956575855, 0.5164671734343426, 0.4835328265656564, 2.4049923938597706, 6.6556492877886875]","[28.533854569841345, 13.17024103400192, 34.31522183879006, 30.467368478229687, 0.00021187041730465168, 0.00034724922658600294, 0.4952245696736788, 0.3100398703883785, 0.38921955028514205, 0.3892195502851431, 2.598029097105042, 6.981073319668959]",1,NA,0.5787534452626749,0.5720758206195099,7,11,32.0,0.2,0.001,0.0001,4.0
2023-03-27,History + Structural MLP,51,2022-10-17,2023-03-13,2023-03-20,14462,1248,582,0.5,0.9555966697502313,1.048730964467005,0.5232333010648597,23,14462,"[2.4128059742774166, 6.181648458027936, 2.785921725902365, 9.943576268842484, 4.431885554667427e-05, 7.491194980054075e-05, 0.4310607108283778, 0.8922693956575855, 0.5164671734343426, 0.4835328265656564, 2.4049923938597706, 6.6556492877886875]","[28.533854569841345, 13.17024103400192, 34.31522183879006, 30.467368478229687, 0.00021187041730465168, 0.00034724922658600294, 0.4952245696736788, 0.3100398703883785, 0.38921955028514205, 0.3892195502851431, 2.598029097105042, 6.981073319668959]",1,NA,0.5787534452626749,0.5767665556788752,7,11,32.0,0.2,0.001,0.0001,4.0
2023-03-27,History + Reversed GAT,42,2022-10-17,2023-03-13,2023-03-20,14462,1248,582,0.5,0.9555966697502313,1.048730964467005,0.5232333010648597,23,14462,"[2.4128059742774166, 6.181648458027936, 2.785921725902365, 9.943576268842484, 4.431885554667427e-05, 7.491194980054075e-05, 0.4310607108283778, 0.8922693956575855, 0.5164671734343426, 0.4835328265656564, 2.4049923938597706, 6.6556492877886875]","[28.533854569841345, 13.17024103400192, 34.31522183879006, 30.467368478229687, 0.00021187041730465168, 0.00034724922658600294, 0.4952245696736788, 0.3100398703883785, 0.38921955028514205, 0.3892195502851431, 2.598029097105042, 6.981073319668959]",1,NA,0.5787534452626749,0.5810188809823447,11,15,32.0,0.2,0.001,0.0001,4.0
2023-03-27,History + Reversed GAT,43,2022-10-17,2023-03-13,2023-03-20,14462,1248,582,0.5,0.9555966697502313,1.048730964467005,0.5232333010648597,23,14462,"[2.4128059742774166, 6.181648458027936, 2.785921725902365, 9.943576268842484, 4.431885554667427e-05, 7.491194980054075e-05, 0.4310607108283778, 0.8922693956575855, 0.5164671734343426, 0.4835328265656564, 2.4049923938597706, 6.6556492877886875]","[28.533854569841345, 13.17024103400192, 34.31522183879006, 30.467368478229687, 0.00021187041730465168, 0.00034724922658600294, 0.4952245696736788, 0.3100398703883785, 0.38921955028514205, 0.3892195502851431, 2.598029097105042, 6.981073319668959]",1,NA,0.5787534452626749,0.5209206775113198,3,7,32.0,0.2,0.001,0.0001,4.0
2023-03-27,History + Reversed GAT,44,2022-10-17,2023-03-13,2023-03-20,14462,1248,582,0.5,0.9555966697502313,1.048730964467005,0.5232333010648597,23,14462,"[2.4128059742774166, 6.181648458027936, 2.785921725902365, 9.943576268842484, 4.431885554667427e-05, 7.491194980054075e-05, 0.4310607108283778, 0.8922693956575855, 0.5164671734343426, 0.4835328265656564, 2.4049923938597706, 6.6556492877886875]","[28.533854569841345, 13.17024103400192, 34.31522183879006, 30.467368478229687, 0.00021187041730465168, 0.00034724922658600294, 0.4952245696736788, 0.3100398703883785, 0.38921955028514205, 0.3892195502851431, 2.598029097105042, 6.981073319668959]",1,NA,0.5787534452626749,0.5839099406872265,11,15,32.0,0.2,0.001,0.0001,4.0
2023-03-27,History + Reversed GAT,45,2022-10-17,2023-03-13,2023-03-20,14462,1248,582,0.5,0.9555966697502313,1.048730964467005,0.5232333010648597,23,14462,"[2.4128059742774166, 6.181648458027936, 2.785921725902365, 9.943576268842484, 4.431885554667427e-05, 7.491194980054075e-05, 0.4310607108283778, 0.8922693956575855, 0.5164671734343426, 0.4835328265656564, 2.4049923938597706, 6.6556492877886875]","[28.533854569841345, 13.17024103400192, 34.31522183879006, 30.467368478229687, 0.00021187041730465168, 0.00034724922658600294, 0.4952245696736788, 0.3100398703883785, 0.38921955028514205, 0.3892195502851431, 2.598029097105042, 6.981073319668959]",1,NA,0.5787534452626749,0.5359687052664631,3,7,32.0,0.2,0.001,0.0001,4.0
2023-03-27,History + Reversed GAT,46,2022-10-17,2023-03-13,2023-03-20,14462,1248,582,0.5,0.9555966697502313,1.048730964467005,0.5232333010648597,23,14462,"[2.4128059742774166, 6.181648458027936, 2.785921725902365, 9.943576268842484, 4.431885554667427e-05, 7.491194980054075e-05, 0.4310607108283778, 0.8922693956575855, 0.5164671734343426, 0.4835328265656564, 2.4049923938597706, 6.6556492877886875]","[28.533854569841345, 13.17024103400192, 34.31522183879006, 30.467368478229687, 0.00021187041730465168, 0.00034724922658600294, 0.4952245696736788, 0.3100398703883785, 0.38921955028514205, 0.3892195502851431, 2.598029097105042, 6.981073319668959]",1,NA,0.5787534452626749,0.5729032299488588,9,13,32.0,0.2,0.001,0.0001,4.0
2023-03-27,History + Reversed GAT,47,2022-10-17,2023-03-13,2023-03-20,14462,1248,582,0.5,0.9555966697502313,1.048730964467005,0.5232333010648597,23,14462,"[2.4128059742774166, 6.181648458027936, 2.785921725902365, 9.943576268842484, 4.431885554667427e-05, 7.491194980054075e-05, 0.4310607108283778, 0.8922693956575855, 0.5164671734343426, 0.4835328265656564, 2.4049923938597706, 6.6556492877886875]","[28.533854569841345, 13.17024103400192, 34.31522183879006, 30.467368478229687, 0.00021187041730465168, 0.00034724922658600294, 0.4952245696736788, 0.3100398703883785, 0.38921955028514205, 0.3892195502851431, 2.598029097105042, 6.981073319668959]",1,NA,0.5787534452626749,0.5565979686675334,14,18,32.0,0.2,0.001,0.0001,4.0
2023-03-27,History + Reversed GAT,48,2022-10-17,2023-03-13,2023-03-20,14462,1248,582,0.5,0.9555966697502313,1.048730964467005,0.5232333010648597,23,14462,"[2.4128059742774166, 6.181648458027936, 2.785921725902365, 9.943576268842484, 4.431885554667427e-05, 7.491194980054075e-05, 0.4310607108283778, 0.8922693956575855, 0.5164671734343426, 0.4835328265656564, 2.4049923938597706, 6.6556492877886875]","[28.533854569841345, 13.17024103400192, 34.31522183879006, 30.467368478229687, 0.00021187041730465168, 0.00034724922658600294, 0.4952245696736788, 0.3100398703883785, 0.38921955028514205, 0.3892195502851431, 2.598029097105042, 6.981073319668959]",1,NA,0.5787534452626749,0.5664506530773543,6,10,32.0,0.2,0.001,0.0001,4.0
2023-03-27,History + Reversed GAT,49,2022-10-17,2023-03-13,2023-03-20,14462,1248,582,0.5,0.9555966697502313,1.048730964467005,0.5232333010648597,23,14462,"[2.4128059742774166, 6.181648458027936, 2.785921725902365, 9.943576268842484, 4.431885554667427e-05, 7.491194980054075e-05, 0.4310607108283778, 0.8922693956575855, 0.5164671734343426, 0.4835328265656564, 2.4049923938597706, 6.6556492877886875]","[28.533854569841345, 13.17024103400192, 34.31522183879006, 30.467368478229687, 0.00021187041730465168, 0.00034724922658600294, 0.4952245696736788, 0.3100398703883785, 0.38921955028514205, 0.3892195502851431, 2.598029097105042, 6.981073319668959]",1,NA,0.5787534452626749,0.5653434502328738,11,15,32.0,0.2,0.001,0.0001,4.0
2023-03-27,History + Reversed GAT,50,2022-10-17,2023-03-13,2023-03-20,14462,1248,582,0.5,0.9555966697502313,1.048730964467005,0.5232333010648597,23,14462,"[2.4128059742774166, 6.181648458027936, 2.785921725902365, 9.943576268842484, 4.431885554667427e-05, 7.491194980054075e-05, 0.4310607108283778, 0.8922693956575855, 0.5164671734343426, 0.4835328265656564, 2.4049923938597706, 6.6556492877886875]","[28.533854569841345, 13.17024103400192, 34.31522183879006, 30.467368478229687, 0.00021187041730465168, 0.00034724922658600294, 0.4952245696736788, 0.3100398703883785, 0.38921955028514205, 0.3892195502851431, 2.598029097105042, 6.981073319668959]",1,NA,0.5787534452626749,0.5651142994545413,7,11,32.0,0.2,0.001,0.0001,4.0
2023-03-27,History + Reversed GAT,51,2022-10-17,2023-03-13,2023-03-20,14462,1248,582,0.5,0.9555966697502313,1.048730964467005,0.5232333010648597,23,14462,"[2.4128059742774166, 6.181648458027936, 2.785921725902365, 9.943576268842484, 4.431885554667427e-05, 7.491194980054075e-05, 0.4310607108283778, 0.8922693956575855, 0.5164671734343426, 0.4835328265656564, 2.4049923938597706, 6.6556492877886875]","[28.533854569841345, 13.17024103400192, 34.31522183879006, 30.467368478229687, 0.00021187041730465168, 0.00034724922658600294, 0.4952245696736788, 0.3100398703883785, 0.38921955028514205, 0.3892195502851431, 2.598029097105042, 6.981073319668959]",1,NA,0.5787534452626749,0.4869783277105825,2,6,32.0,0.2,0.001,0.0001,4.0
2023-03-27,History + Forward GAT,42,2022-10-17,2023-03-13,2023-03-20,14462,1248,582,0.5,0.9555966697502313,1.048730964467005,0.5232333010648597,23,14462,"[2.4128059742774166, 6.181648458027936, 2.785921725902365, 9.943576268842484, 4.431885554667427e-05, 7.491194980054075e-05, 0.4310607108283778, 0.8922693956575855, 0.5164671734343426, 0.4835328265656564, 2.4049923938597706, 6.6556492877886875]","[28.533854569841345, 13.17024103400192, 34.31522183879006, 30.467368478229687, 0.00021187041730465168, 0.00034724922658600294, 0.4952245696736788, 0.3100398703883785, 0.38921955028514205, 0.3892195502851431, 2.598029097105042, 6.981073319668959]",1,NA,0.5787534452626749,0.5632202361266749,9,13,32.0,0.2,0.001,0.0001,4.0
2023-03-27,History + Forward GAT,43,2022-10-17,2023-03-13,2023-03-20,14462,1248,582,0.5,0.9555966697502313,1.048730964467005,0.5232333010648597,23,14462,"[2.4128059742774166, 6.181648458027936, 2.785921725902365, 9.943576268842484, 4.431885554667427e-05, 7.491194980054075e-05, 0.4310607108283778, 0.8922693956575855, 0.5164671734343426, 0.4835328265656564, 2.4049923938597706, 6.6556492877886875]","[28.533854569841345, 13.17024103400192, 34.31522183879006, 30.467368478229687, 0.00021187041730465168, 0.00034724922658600294, 0.4952245696736788, 0.3100398703883785, 0.38921955028514205, 0.3892195502851431, 2.598029097105042, 6.981073319668959]",1,NA,0.5787534452626749,0.566483864691866,1,5,32.0,0.2,0.001,0.0001,4.0
2023-03-27,History + Forward GAT,44,2022-10-17,2023-03-13,2023-03-20,14462,1248,582,0.5,0.9555966697502313,1.048730964467005,0.5232333010648597,23,14462,"[2.4128059742774166, 6.181648458027936, 2.785921725902365, 9.943576268842484, 4.431885554667427e-05, 7.491194980054075e-05, 0.4310607108283778, 0.8922693956575855, 0.5164671734343426, 0.4835328265656564, 2.4049923938597706, 6.6556492877886875]","[28.533854569841345, 13.17024103400192, 34.31522183879006, 30.467368478229687, 0.00021187041730465168, 0.00034724922658600294, 0.4952245696736788, 0.3100398703883785, 0.38921955028514205, 0.3892195502851431, 2.598029097105042, 6.981073319668959]",1,NA,0.5787534452626749,0.5648409822517353,3,7,32.0,0.2,0.001,0.0001,4.0
2023-03-27,History + Forward GAT,45,2022-10-17,2023-03-13,2023-03-20,14462,1248,582,0.5,0.9555966697502313,1.048730964467005,0.5232333010648597,23,14462,"[2.4128059742774166, 6.181648458027936, 2.785921725902365, 9.943576268842484, 4.431885554667427e-05, 7.491194980054075e-05, 0.4310607108283778, 0.8922693956575855, 0.5164671734343426, 0.4835328265656564, 2.4049923938597706, 6.6556492877886875]","[28.533854569841345, 13.17024103400192, 34.31522183879006, 30.467368478229687, 0.00021187041730465168, 0.00034724922658600294, 0.4952245696736788, 0.3100398703883785, 0.38921955028514205, 0.3892195502851431, 2.598029097105042, 6.981073319668959]",1,NA,0.5787534452626749,0.5694458810325189,6,10,32.0,0.2,0.001,0.0001,4.0
2023-03-27,History + Forward GAT,46,2022-10-17,2023-03-13,2023-03-20,14462,1248,582,0.5,0.9555966697502313,1.048730964467005,0.5232333010648597,23,14462,"[2.4128059742774166, 6.181648458027936, 2.785921725902365, 9.943576268842484, 4.431885554667427e-05, 7.491194980054075e-05, 0.4310607108283778, 0.8922693956575855, 0.5164671734343426, 0.4835328265656564, 2.4049923938597706, 6.6556492877886875]","[28.533854569841345, 13.17024103400192, 34.31522183879006, 30.467368478229687, 0.00021187041730465168, 0.00034724922658600294, 0.4952245696736788, 0.3100398703883785, 0.38921955028514205, 0.3892195502851431, 2.598029097105042, 6.981073319668959]",1,NA,0.5787534452626749,0.5726529880639339,3,7,32.0,0.2,0.001,0.0001,4.0
2023-03-27,History + Forward GAT,47,2022-10-17,2023-03-13,2023-03-20,14462,1248,582,0.5,0.9555966697502313,1.048730964467005,0.5232333010648597,23,14462,"[2.4128059742774166, 6.181648458027936, 2.785921725902365, 9.943576268842484, 4.431885554667427e-05, 7.491194980054075e-05, 0.4310607108283778, 0.8922693956575855, 0.5164671734343426, 0.4835328265656564, 2.4049923938597706, 6.6556492877886875]","[28.533854569841345, 13.17024103400192, 34.31522183879006, 30.467368478229687, 0.00021187041730465168, 0.00034724922658600294, 0.4952245696736788, 0.3100398703883785, 0.38921955028514205, 0.3892195502851431, 2.598029097105042, 6.981073319668959]",1,NA,0.5787534452626749,0.5719332469906563,17,21,32.0,0.2,0.001,0.0001,4.0
2023-03-27,History + Forward GAT,48,2022-10-17,2023-03-13,2023-03-20,14462,1248,582,0.5,0.9555966697502313,1.048730964467005,0.5232333010648597,23,14462,"[2.4128059742774166, 6.181648458027936, 2.785921725902365, 9.943576268842484, 4.431885554667427e-05, 7.491194980054075e-05, 0.4310607108283778, 0.8922693956575855, 0.5164671734343426, 0.4835328265656564, 2.4049923938597706, 6.6556492877886875]","[28.533854569841345, 13.17024103400192, 34.31522183879006, 30.467368478229687, 0.00021187041730465168, 0.00034724922658600294, 0.4952245696736788, 0.3100398703883785, 0.38921955028514205, 0.3892195502851431, 2.598029097105042, 6.981073319668959]",1,NA,0.5787534452626749,0.5657360113928256,3,7,32.0,0.2,0.001,0.0001,4.0
2023-03-27,History + Forward GAT,49,2022-10-17,2023-03-13,2023-03-20,14462,1248,582,0.5,0.9555966697502313,1.048730964467005,0.5232333010648597,23,14462,"[2.4128059742774166, 6.181648458027936, 2.785921725902365, 9.943576268842484, 4.431885554667427e-05, 7.491194980054075e-05, 0.4310607108283778, 0.8922693956575855, 0.5164671734343426, 0.4835328265656564, 2.4049923938597706, 6.6556492877886875]","[28.533854569841345, 13.17024103400192, 34.31522183879006, 30.467368478229687, 0.00021187041730465168, 0.00034724922658600294, 0.4952245696736788, 0.3100398703883785, 0.38921955028514205, 0.3892195502851431, 2.598029097105042, 6.981073319668959]",1,NA,0.5787534452626749,0.5627822364213145,4,8,32.0,0.2,0.001,0.0001,4.0
2023-03-27,History + Forward GAT,50,2022-10-17,2023-03-13,2023-03-20,14462,1248,582,0.5,0.9555966697502313,1.048730964467005,0.5232333010648597,23,14462,"[2.4128059742774166, 6.181648458027936, 2.785921725902365, 9.943576268842484, 4.431885554667427e-05, 7.491194980054075e-05, 0.4310607108283778, 0.8922693956575855, 0.5164671734343426, 0.4835328265656564, 2.4049923938597706, 6.6556492877886875]","[28.533854569841345, 13.17024103400192, 34.31522183879006, 30.467368478229687, 0.00021187041730465168, 0.00034724922658600294, 0.4952245696736788, 0.3100398703883785, 0.38921955028514205, 0.3892195502851431, 2.598029097105042, 6.981073319668959]",1,NA,0.5787534452626749,0.5659911741356535,13,17,32.0,0.2,0.001,0.0001,4.0
2023-03-27,History + Forward GAT,51,2022-10-17,2023-03-13,2023-03-20,14462,1248,582,0.5,0.9555966697502313,1.048730964467005,0.5232333010648597,23,14462,"[2.4128059742774166, 6.181648458027936, 2.785921725902365, 9.943576268842484, 4.431885554667427e-05, 7.491194980054075e-05, 0.4310607108283778, 0.8922693956575855, 0.5164671734343426, 0.4835328265656564, 2.4049923938597706, 6.6556492877886875]","[28.533854569841345, 13.17024103400192, 34.31522183879006, 30.467368478229687, 0.00021187041730465168, 0.00034724922658600294, 0.4952245696736788, 0.3100398703883785, 0.38921955028514205, 0.3892195502851431, 2.598029097105042, 6.981073319668959]",1,NA,0.5787534452626749,0.564823097645476,5,9,32.0,0.2,0.001,0.0001,4.0
