file_path,producing_script,protected_inputs,SHA256,purpose
reviewer_protected_hashes_20261009.json,src/reviewer_correction_analysis.py,see reproducibility_package/input_file_hashes.txt (conservative all-input protection),805383dc353c48e20f83c6add7cb01486dfe0c0a5da66fce8e32fc2db24ca3e8,reviewer protected hashes 20261009
reproducibility_package/assumptions_and_limitations.md,src/reviewer_correction_analysis.py,see reproducibility_package/input_file_hashes.txt (conservative all-input protection),bfc0fbb3c46a140ece19190909314f0f101fea239bcc21e051beb10b636c44fd,assumptions and limitations
reproducibility_package/DATA_NOT_INCLUDED.md,src/reviewer_correction_analysis.py,see reproducibility_package/input_file_hashes.txt (conservative all-input protection),017a30d9319a0ae05cdb54a39789071358bbd063dad925b5a4652ce18a2467b4,DATA NOT INCLUDED
reproducibility_package/ethics_and_data_governance.md,src/reviewer_correction_analysis.py,see reproducibility_package/input_file_hashes.txt (conservative all-input protection),29566392c90b84bc6ef686443bb02fe7c972e49b8146240220b9d108a84064d7,ethics and data governance
reproducibility_package/figure_manifest.csv,src/reviewer_correction_analysis.py,see reproducibility_package/input_file_hashes.txt (conservative all-input protection),ed952eaa3dd6c8c2475a493fcbf6d3c962756419561348349406b2e62bcdba09,figure manifest
reproducibility_package/hardware_runtime_notes.txt,src/reviewer_correction_analysis.py,see reproducibility_package/input_file_hashes.txt (conservative all-input protection),1f3a7ac156bc5f837360ebf43ea5d2c4515312a728bc8596a29a09819d49e240,hardware runtime notes
reproducibility_package/input_file_hashes.txt,src/reviewer_correction_analysis.py,see reproducibility_package/input_file_hashes.txt (conservative all-input protection),371fdde9042c696e1397b55728d48659edffa8b3724c43fc8403653f2fdf2124,input file hashes
reproducibility_package/LICENSE_PLACEHOLDER.md,src/reviewer_correction_analysis.py,see reproducibility_package/input_file_hashes.txt (conservative all-input protection),274165403d9a52efa2e6157649f51498f3cb0e9fae0381c20748dede69f58cc0,LICENSE PLACEHOLDER
reproducibility_package/model_hyperparameter_summary.csv,src/reviewer_correction_analysis.py,see reproducibility_package/input_file_hashes.txt (conservative all-input protection),042810c923e252a56528ce65f2811a90eb2c4c8650f3ca096d703ff3e233710b,model hyperparameter summary
reproducibility_package/model_information_boundary.txt,src/reviewer_correction_analysis.py,see reproducibility_package/input_file_hashes.txt (conservative all-input protection),08077ba425be24c2f0f4a782f2d2865a7a0210ecf50728501dcb995e2d397f06,model information boundary
reproducibility_package/orientation_assumptions.txt,src/reviewer_correction_analysis.py,see reproducibility_package/input_file_hashes.txt (conservative all-input protection),0dcf4b8e7454cc70598c917aa4df46c480163389b70454dd42e089ffe4f0855d,orientation assumptions
reproducibility_package/random_seeds.txt,src/reviewer_correction_analysis.py,see reproducibility_package/input_file_hashes.txt (conservative all-input protection),81178cc112a093b4c70a0096e95d6c55bf605ac98f039ce45f563aba14749ced,random seeds
reproducibility_package/README.md,src/reviewer_correction_analysis.py,see reproducibility_package/input_file_hashes.txt (conservative all-input protection),d8715b0c59fcb3702e97d7d98e4d35301d66c2165935a406232c5b9f2381ab2b,README
reproducibility_package/reconstruction_assumptions.txt,src/reviewer_correction_analysis.py,see reproducibility_package/input_file_hashes.txt (conservative all-input protection),4e889f2bfc56a813832c510ef5b3d6da86a7d01341d78021141480d8b0332e21,reconstruction assumptions
reproducibility_package/REPRODUCTION_BOOTSTRAP.md,src/reviewer_correction_analysis.py,see reproducibility_package/input_file_hashes.txt (conservative all-input protection),481e912be1f13f7a228359779db783c8e0682bfc4ef1cb4d66a7ae62a4b05ec2,REPRODUCTION BOOTSTRAP
reproducibility_package/requirements.txt,src/reviewer_correction_analysis.py,see reproducibility_package/input_file_hashes.txt (conservative all-input protection),862369dc04a977dc19aaf137804670a88719607d103712ae02841873e7765ed0,requirements
reproducibility_package/reviewer_configuration.json,src/reviewer_correction_analysis.py,see reproducibility_package/input_file_hashes.txt (conservative all-input protection),24e81547c23def4c0083d8a928a5dd359664df743763aef6260b7ec95c30b5da,reviewer configuration
reproducibility_package/saved_model_configuration_summary.json,src/reviewer_correction_analysis.py,see reproducibility_package/input_file_hashes.txt (conservative all-input protection),e2fe41218367e7a924f93938fe7b476a92cc48a5adf56b4ec1b9e95cabc5f7f8,saved model configuration summary
reproducibility_package/simulator_settings.txt,src/reviewer_correction_analysis.py,see reproducibility_package/input_file_hashes.txt (conservative all-input protection),48d9bacddaaddd3d728bd5fa5430a686d7b37eba43d63bf5eb33b47a93714656,simulator settings
reproducibility_package/software_versions.txt,src/reviewer_correction_analysis.py,see reproducibility_package/input_file_hashes.txt (conservative all-input protection),b96549305d5c370d8274f39dff2ab2b7382161aa865830dd7f3b1fd8fdb42b1f,software versions
reproducibility_package/table_manifest.csv,src/reviewer_correction_analysis.py,see reproducibility_package/input_file_hashes.txt (conservative all-input protection),5dc997678b655f7c4bbe69eab7c8196593d094f6e785a0b902c468c8de691cb5,table manifest
reproducibility_package/username_normalization_rule.txt,src/reviewer_correction_analysis.py,see reproducibility_package/input_file_hashes.txt (conservative all-input protection),30275ef6050e43a5f14966582a40f42b38d6f21754c251f248d8faa8b9ecd644,username normalization rule
reproducibility_package/validation_notes.txt,src/reviewer_correction_analysis.py,see reproducibility_package/input_file_hashes.txt (conservative all-input protection),24b60247a2012a1aa5713b67f95aefedefec0d79b87ecb7b49296a2c31ff6d34,validation notes
reproducibility_package/scripts/reviewer_correction_analysis.py,src/reviewer_correction_analysis.py,see reproducibility_package/input_file_hashes.txt (conservative all-input protection),d282ea6467592e0cb8d9f80b8fcdf9e4f7a04b6f20287dca2ff2c54c65b17745,reviewer correction analysis
reproducibility_package/scripts/reviewer_reference_02_target_validation.txt,notebook code extraction (read-only reference),see reproducibility_package/input_file_hashes.txt (conservative all-input protection),9b1ac61769c22dbcc9d2a215f25221fb101cdd9613dd22f250b471feb0c8e2c0,reviewer reference 02 target validation
reproducibility_package/scripts/reviewer_reference_05_connected_diffusion_population.txt,notebook code extraction (read-only reference),see reproducibility_package/input_file_hashes.txt (conservative all-input protection),5f358a5201c85750ac15526a2499f547166c8c04d3602f57ed4a339a636b189f,reviewer reference 05 connected diffusion population
reproducibility_package/scripts/reviewer_reference_07_competitive_diffusion_model.txt,notebook code extraction (read-only reference),see reproducibility_package/input_file_hashes.txt (conservative all-input protection),b7e65492e43818824eec1b3ef99c1658dbe352a80776eef78396506e140f5e37,reviewer reference 07 competitive diffusion model
reproducibility_package/scripts/reviewer_validate_evidence.py,src/reviewer_correction_analysis.py,see reproducibility_package/input_file_hashes.txt (conservative all-input protection),b5341873a34c42d05d478b195e4d15248d5ad9ae2074540a5b3158cb81f6a3ed,reviewer validate evidence
reproducibility_package/vendor/bin/nltk.exe,pip install --target reproducibility_package/vendor textblob,none,e76c88b7ca088685ab9ff96c6885731b117a306bd49817c85839f255bd781a61,third-party dependency support
reproducibility_package/vendor/bin/tqdm.exe,pip install --target reproducibility_package/vendor textblob,none,a92c2c0ce678144b0a6d4ee4a07b2f910b269c0a29fb7a28366f21728fb8ca59,third-party dependency support
reproducibility_package/vendor/click/core.py,pip install --target reproducibility_package/vendor textblob,none,4c65a613c1c407dce907a4e123b12cec5fe0f62088a8b9f86fabd4b60c4b6d78,third-party dependency support
reproducibility_package/vendor/click/decorators.py,pip install --target reproducibility_package/vendor textblob,none,16069357615691fcdfc9c794bb515f6009eb35aad6f7a76c017bdce06dae8d55,third-party dependency support
reproducibility_package/vendor/click/exceptions.py,pip install --target reproducibility_package/vendor textblob,none,1ef498df81b86ae8ff6d8451f3e4fc094f09c2aff5f8e72c454e1ecdfa337849,third-party dependency support
reproducibility_package/vendor/click/formatting.py,pip install --target reproducibility_package/vendor textblob,none,f125b628692f8dfcfd43535b7a88cc1ee64137471f9d0243b389aa0cfea85e6b,third-party dependency support
reproducibility_package/vendor/click/globals.py,pip install --target reproducibility_package/vendor textblob,none,80cf8d87a0383341c1fd2824685e4ce2770618c0c773f7e51d7bbdfe88781845,third-party dependency support
reproducibility_package/vendor/click/parser.py,pip install --target reproducibility_package/vendor textblob,none,a09f9f53fde6bf1ba022e36d1da0804d9e7a9601261d18208c9892a84818ae30,third-party dependency support
reproducibility_package/vendor/click/py.typed,pip install --target reproducibility_package/vendor textblob,none,e3b0c44298fc1c149afbf4c8996fb92427ae41e4649b934ca495991b7852b855,third-party dependency support
reproducibility_package/vendor/click/shell_completion.py,pip install --target reproducibility_package/vendor textblob,none,18522f75ddffe655e943978d1953255c447842867d3fd67fbdc1543d3df7da09,third-party dependency support
reproducibility_package/vendor/click/termui.py,pip install --target reproducibility_package/vendor textblob,none,8ec8022b8e4528f873ec413194a5d1614e96da50b6c4a71f6260b326762a7e9c,third-party dependency support
reproducibility_package/vendor/click/testing.py,pip install --target reproducibility_package/vendor textblob,none,76f4e649bc53000d667c8c0deff1591970fa034b0f085a207165839b2301019a,third-party dependency support
reproducibility_package/vendor/click/types.py,pip install --target reproducibility_package/vendor textblob,none,1e988904a7a7f68abad630c7fb9c038a4345fa2e6701c976a6e51f10bdfb52dd,third-party dependency support
reproducibility_package/vendor/click/utils.py,pip install --target reproducibility_package/vendor textblob,none,f43d5743dc07240e612feefa0a69d2b1697b6900149f8f809ffcd97ecb482dbf,third-party dependency support
reproducibility_package/vendor/click/_compat.py,pip install --target reproducibility_package/vendor textblob,none,8db1da2965cf3e5dc66c6c53833cbc613ea1cd2440b9d0eb6aa8360eb46d4913,third-party dependency support
reproducibility_package/vendor/click/_termui_impl.py,pip install --target reproducibility_package/vendor textblob,none,88b97d9b7a5b947b10a16d8ab269837bc84c7e55c28ba72ea5f2fb339112336a,third-party dependency support
reproducibility_package/vendor/click/_textwrap.py,pip install --target reproducibility_package/vendor textblob,none,ed9d0ded59a7fbae933524d4c29e8e5c96dc5174666044fd87d736b9c0fca104,third-party dependency support
reproducibility_package/vendor/click/_utils.py,pip install --target reproducibility_package/vendor textblob,none,782642b7026db180f941892435627c318ffc001223cbc31cce030cc95637dab4,third-party dependency support
reproducibility_package/vendor/click/_winconsole.py,pip install --target reproducibility_package/vendor textblob,none,292c5f35b3256116ba18e26e08b82c8363dbddd56480934fa8b24f69ef8f6b5d,third-party dependency support
reproducibility_package/vendor/click/__init__.py,pip install --target reproducibility_package/vendor textblob,none,5abfc54d37d47cc788b7e7a05e9514787f8c5a0b7db429d0f24d748ac89964ca,third-party dependency support
reproducibility_package/vendor/click-8.5.0.dist-info/INSTALLER,pip install --target reproducibility_package/vendor textblob,none,ceebae7b8927a3227e5303cf5e0f1f7b34bb542ad7250ac03fbcde36ec2f1508,third-party dependency support
reproducibility_package/vendor/click-8.5.0.dist-info/METADATA,pip install --target reproducibility_package/vendor textblob,none,e87bce0bd194de70dfb8e708e0a6b0483009f25611804eaf87bfeb63e6c20501,third-party dependency support
reproducibility_package/vendor/click-8.5.0.dist-info/RECORD,pip install --target reproducibility_package/vendor textblob,none,a1b9c48c5e3a6f8574e990cef8f3f21cd9d81a9d74d7c31a63c29def36e47c7b,third-party dependency support
reproducibility_package/vendor/click-8.5.0.dist-info/WHEEL,pip install --target reproducibility_package/vendor textblob,none,1b68144734c4b66791f27add5d425f3620775585718a03d0f9b110ba3a4d88db,third-party dependency support
reproducibility_package/vendor/click-8.5.0.dist-info/licenses/LICENSE.txt,pip install --target reproducibility_package/vendor textblob,none,9a8ad106a394e853bfe21f42f4e72d592819a22805d991b5f3275029292b658d,third-party dependency support
reproducibility_package/vendor/cloudpickle/cloudpickle.py,pip install --target reproducibility_package/vendor textblob,none,29c2c0fee031a762ae3096fdbda4d5bdeec52c5510bbb998903ddd0ac7317917,third-party dependency support
reproducibility_package/vendor/cloudpickle/cloudpickle_fast.py,pip install --target reproducibility_package/vendor textblob,none,008e5929fd806cb3710fc957c8b0e9299cb3799da87c5b5d2b565616afde7357,third-party dependency support
reproducibility_package/vendor/cloudpickle/__init__.py,pip install --target reproducibility_package/vendor textblob,none,12b2b2beaa8012b3a46c2a30ae2ce11a937d0cdf93683db642da88f4243db03c,third-party dependency support
reproducibility_package/vendor/cloudpickle-3.1.2.dist-info/INSTALLER,pip install --target reproducibility_package/vendor textblob,none,ceebae7b8927a3227e5303cf5e0f1f7b34bb542ad7250ac03fbcde36ec2f1508,third-party dependency support
reproducibility_package/vendor/cloudpickle-3.1.2.dist-info/METADATA,pip install --target reproducibility_package/vendor textblob,none,3d0263bfe9ee4f23b244bdcaff73acbe7a1957ebf82743b6ae42693adc48d721,third-party dependency support
reproducibility_package/vendor/cloudpickle-3.1.2.dist-info/RECORD,pip install --target reproducibility_package/vendor textblob,none,8a5387cf1f0d82c488e4a5e111bc0f8d642a186a5005fa11af6f5d4411105c58,third-party dependency support
reproducibility_package/vendor/cloudpickle-3.1.2.dist-info/WHEEL,pip install --target reproducibility_package/vendor textblob,none,1b68144734c4b66791f27add5d425f3620775585718a03d0f9b110ba3a4d88db,third-party dependency support
reproducibility_package/vendor/cloudpickle-3.1.2.dist-info/licenses/LICENSE,pip install --target reproducibility_package/vendor textblob,none,3029ea34173e9fdc233ad315dc6b100bd1ea71f529b1c1af97664a272fdc55f5,third-party dependency support
reproducibility_package/vendor/colorama/ansi.py,pip install --target reproducibility_package/vendor textblob,none,4e8a7811e12e69074159db5e28c11c18e4de29e175f50f96a3febf0a3e643b34,third-party dependency support
reproducibility_package/vendor/colorama/ansitowin32.py,pip install --target reproducibility_package/vendor textblob,none,bcf3586b73996f18dbb85c9a568d139a19b2d4567594a3160a74fba1d5e922d9,third-party dependency support
reproducibility_package/vendor/colorama/initialise.py,pip install --target reproducibility_package/vendor textblob,none,fa1227cbce82957a37f62c61e624827d421ad9ffe1fdb80a4435bb82ab3e28b5,third-party dependency support
reproducibility_package/vendor/colorama/win32.py,pip install --target reproducibility_package/vendor textblob,none,61038ac0c4f0b4605bb18e1d2f91d84efc1378ff70210adae4cbcf35d769c59b,third-party dependency support
reproducibility_package/vendor/colorama/winterm.py,pip install --target reproducibility_package/vendor textblob,none,5c24050c78cf8ba00760d759c32d2d034d87f89878f09a7e1ef0a378b78ba775,third-party dependency support
reproducibility_package/vendor/colorama/__init__.py,pip install --target reproducibility_package/vendor textblob,none,c1e3d0038536d2d2a060047248b102d38eee70d5fe83ca512e9601ba21e52dbf,third-party dependency support
reproducibility_package/vendor/colorama/tests/ansitowin32_test.py,pip install --target reproducibility_package/vendor textblob,none,44dec0221309e44a83b186828d5a3ea38bbc2730c3e2e9096e67af58a4bbd2b6,third-party dependency support
reproducibility_package/vendor/colorama/tests/ansi_test.py,pip install --target reproducibility_package/vendor textblob,none,15e5620eb50834865caf9d393c0c6f5380235f3d5ab048802ecf465cc87045a1,third-party dependency support
reproducibility_package/vendor/colorama/tests/initialise_test.py,pip install --target reproducibility_package/vendor textblob,none,05b3f2f977f21f027accaa33b903af36f419cecc7dbdd6ffd1b6179fb86c0537,third-party dependency support
reproducibility_package/vendor/colorama/tests/isatty_test.py,pip install --target reproducibility_package/vendor textblob,none,3e0dba2d1a6fd3240307901cfacc605571bb86c035358bdaa45800a597d8cd98,third-party dependency support
reproducibility_package/vendor/colorama/tests/utils.py,pip install --target reproducibility_package/vendor textblob,none,d48211ca51b7f73e7e773ab4f51fe782e7f1c8f67182574d6ebc4ac541b018a1,third-party dependency support
reproducibility_package/vendor/colorama/tests/winterm_test.py,pip install --target reproducibility_package/vendor textblob,none,aa85853c48f29b9826d91b8cc297f7a4e8acddae6bfcf259142ccadb9e092fc0,third-party dependency support
reproducibility_package/vendor/colorama/tests/__init__.py,pip install --target reproducibility_package/vendor textblob,none,32480f004cc641df91ab4c343d95d25f62da7515a150409c8ac258f254ab9b84,third-party dependency support
reproducibility_package/vendor/colorama-0.4.6.dist-info/INSTALLER,pip install --target reproducibility_package/vendor textblob,none,ceebae7b8927a3227e5303cf5e0f1f7b34bb542ad7250ac03fbcde36ec2f1508,third-party dependency support
reproducibility_package/vendor/colorama-0.4.6.dist-info/METADATA,pip install --target reproducibility_package/vendor textblob,none,7baed29eb50c3b29bdb33ff84e3177bf1bc05784f7685ecdcaa4471c7dd810cc,third-party dependency support
reproducibility_package/vendor/colorama-0.4.6.dist-info/RECORD,pip install --target reproducibility_package/vendor textblob,none,a00810cb8417223350a348197c44128a10dc97be38eb84561d16f50b8ff23d44,third-party dependency support
reproducibility_package/vendor/colorama-0.4.6.dist-info/WHEEL,pip install --target reproducibility_package/vendor textblob,none,71d705e056ddd053edc3610c20ec07fb7ad239351d4c278e49744c0f588b51bf,third-party dependency support
reproducibility_package/vendor/colorama-0.4.6.dist-info/licenses/LICENSE.txt,pip install --target reproducibility_package/vendor textblob,none,cac35c02686e5d04a5a7140bfb3b36e73aed496656e891102e428886d7930318,third-party dependency support
reproducibility_package/vendor/defusedxml/cElementTree.py,pip install --target reproducibility_package/vendor textblob,none,3e968a321deb536f6c63c6a600ae1fcc740a97c81c0180f48752c2a16eb646d9,third-party dependency support
reproducibility_package/vendor/defusedxml/common.py,pip install --target reproducibility_package/vendor textblob,none,ddddba8cd5b87cd5f38235a1bd47ecf3701f8b3e44571143ba941bba09123197,third-party dependency support
reproducibility_package/vendor/defusedxml/ElementTree.py,pip install --target reproducibility_package/vendor textblob,none,18b4aaa42cf9f285c63c6cb37ff1f296c3d2f7f75c1953f948de1d2bbcafc8fc,third-party dependency support
reproducibility_package/vendor/defusedxml/expatbuilder.py,pip install --target reproducibility_package/vendor textblob,none,6f8434e6fb01309e52b6489315fe26cb6ac61a8d60672125fe10b931e1533800,third-party dependency support
reproducibility_package/vendor/defusedxml/expatreader.py,pip install --target reproducibility_package/vendor textblob,none,28ea52af0912be3e5218e63da535ce336e839f3d34aec26ddf75ae795bf3a6f7,third-party dependency support
reproducibility_package/vendor/defusedxml/lxml.py,pip install --target reproducibility_package/vendor textblob,none,1d6f8b14a76b7cc4731dd8b455cb9cab8fa7f32cfbbff390c04416160d494180,third-party dependency support
reproducibility_package/vendor/defusedxml/minidom.py,pip install --target reproducibility_package/vendor textblob,none,dd0720ca057026a7160d0dc86768a897ccec1f8731dc1457ef448f71dd1b1b68,third-party dependency support
reproducibility_package/vendor/defusedxml/pulldom.py,pip install --target reproducibility_package/vendor textblob,none,0d88f60f695cef1a31677f207f3ba35e67739ddf28bf30ea1855eac976edc639,third-party dependency support
reproducibility_package/vendor/defusedxml/sax.py,pip install --target reproducibility_package/vendor textblob,none,f92174f0cb1cda6584600330eb6a49e4533059c70e72d1529d0c032d82cb9551,third-party dependency support
reproducibility_package/vendor/defusedxml/xmlrpc.py,pip install --target reproducibility_package/vendor textblob,none,eeb6507b2deda9771cd61aeb337469ace20253a7e2167cbd07d9789e64e2a310,third-party dependency support
reproducibility_package/vendor/defusedxml/__init__.py,pip install --target reproducibility_package/vendor textblob,none,45ccde695246eb8a76160cb58e50b36ee45d72110f9c468206bc6093c249fe93,third-party dependency support
reproducibility_package/vendor/defusedxml-0.7.1.dist-info/INSTALLER,pip install --target reproducibility_package/vendor textblob,none,ceebae7b8927a3227e5303cf5e0f1f7b34bb542ad7250ac03fbcde36ec2f1508,third-party dependency support
reproducibility_package/vendor/defusedxml-0.7.1.dist-info/LICENSE,pip install --target reproducibility_package/vendor textblob,none,b80ce9da8c42a1f91079627fbbe2bf27210ae108a0ffe5f077d5b08e076c24c8,third-party dependency support
reproducibility_package/vendor/defusedxml-0.7.1.dist-info/METADATA,pip install --target reproducibility_package/vendor textblob,none,369d3cef64870daf849fba711cb8d05a7efe3c8d9ab0f763adc34079fe378bb1,third-party dependency support
reproducibility_package/vendor/defusedxml-0.7.1.dist-info/RECORD,pip install --target reproducibility_package/vendor textblob,none,f494c4996d3db354933ac0f6bb4ac38d3323ec685a6a3369cf1fabff330ac97b,third-party dependency support
reproducibility_package/vendor/defusedxml-0.7.1.dist-info/top_level.txt,pip install --target reproducibility_package/vendor textblob,none,4061daf74179d2954a856485944448d23b522ada83886c9f7995fb750359000c,third-party dependency support
reproducibility_package/vendor/defusedxml-0.7.1.dist-info/WHEEL,pip install --target reproducibility_package/vendor textblob,none,9064fbe0b5b245466b2f85602e1ebf835d8879597ff6ef5956169dae05d95046,third-party dependency support
reproducibility_package/vendor/joblib/backports.py,pip install --target reproducibility_package/vendor textblob,none,9884e91becae1000e29a0f3dfcb09d518f501fd6b9c501ec44d26777b06600ca,third-party dependency support
reproducibility_package/vendor/joblib/compressor.py,pip install --target reproducibility_package/vendor textblob,none,1830d526678e06a7ed73ab4c903ba9af2a231e193f8c857c5ab3683224f14dd4,third-party dependency support
reproducibility_package/vendor/joblib/disk.py,pip install --target reproducibility_package/vendor textblob,none,d49e6184cb023f92c35bae65b93b40ad4c6c300251acf07ac314967fa19e067b,third-party dependency support
reproducibility_package/vendor/joblib/executor.py,pip install --target reproducibility_package/vendor textblob,none,7db56613f28acb08c97082a61cef64f0cdd591a32a65710fe185c1473fe9eb15,third-party dependency support
reproducibility_package/vendor/joblib/func_inspect.py,pip install --target reproducibility_package/vendor textblob,none,68f101a1bc42617c407f607bf0a6a0850e9de3cb627288d92eca23cb174c6d74,third-party dependency support
reproducibility_package/vendor/joblib/hashing.py,pip install --target reproducibility_package/vendor textblob,none,8d09189202936cf99ed9b26720e061ffad73d37b09dc97cc3b6965e0a8be68ce,third-party dependency support
reproducibility_package/vendor/joblib/logger.py,pip install --target reproducibility_package/vendor textblob,none,524192a1075113272f713deda76ab1475e43f9eceed92857be33c84342413ceb,third-party dependency support
reproducibility_package/vendor/joblib/memory.py,pip install --target reproducibility_package/vendor textblob,none,b64e08d0afbd4c0dfbd9942f0f3eea2216eed9aebe7e35c693acab62fb0bc519,third-party dependency support
reproducibility_package/vendor/joblib/numpy_pickle.py,pip install --target reproducibility_package/vendor textblob,none,b983fc4f6ac8543d168d61770d7a7b97fc9fa14cab6ab62d8f1d72f52b2b2e81,third-party dependency support
reproducibility_package/vendor/joblib/numpy_pickle_compat.py,pip install --target reproducibility_package/vendor textblob,none,24e9527cc4f5b83233b4ec90dddcd8829e5f1959f33d55810aa5e374866c8cb4,third-party dependency support
reproducibility_package/vendor/joblib/numpy_pickle_utils.py,pip install --target reproducibility_package/vendor textblob,none,8f71a5236e5016fa3e0d33e7eee469b6ef8db56d7aced1ccd03ba09724321032,third-party dependency support
reproducibility_package/vendor/joblib/parallel.py,pip install --target reproducibility_package/vendor textblob,none,431586528ca1a069cd96a960f10c424a82bedb1a7eacd3c239e9165611a2e44f,third-party dependency support
reproducibility_package/vendor/joblib/pool.py,pip install --target reproducibility_package/vendor textblob,none,253734d0f100c8f6b2a3c987764b666eeae9e4e06c9cdc70490238cf3bed298b,third-party dependency support
reproducibility_package/vendor/joblib/testing.py,pip install --target reproducibility_package/vendor textblob,none,94af07381beba57713614092be913e33679d7bf753549cdc9b2c3ef41ac1b0e7,third-party dependency support
reproducibility_package/vendor/joblib/_cloudpickle_wrapper.py,pip install --target reproducibility_package/vendor textblob,none,1d2171222a378e21a7c150acb406baa1b6f1b38fb96910083030d4000f9c0cf7,third-party dependency support
reproducibility_package/vendor/joblib/_dask.py,pip install --target reproducibility_package/vendor textblob,none,03cd24be63d1f8c8b94ed2dbaf13683d4ab4bbaa2673ee727b300a4eab0ecf82,third-party dependency support
reproducibility_package/vendor/joblib/_memmapping_reducer.py,pip install --target reproducibility_package/vendor textblob,none,019e9da80e9f5e59b8f9e84109ff66d67ab8de350f2a66a7e3fdb086b381bad7,third-party dependency support
reproducibility_package/vendor/joblib/_multiprocessing_helpers.py,pip install --target reproducibility_package/vendor textblob,none,7fcf957fff2295d99d83df7578bcfcc64e032491534bf6dcae18fa0a04389715,third-party dependency support
reproducibility_package/vendor/joblib/_parallel_backends.py,pip install --target reproducibility_package/vendor textblob,none,7e0cbf16066229e36f4d6af8c0a6d25f8914371d980fa9bba793b527deb185be,third-party dependency support
reproducibility_package/vendor/joblib/_store_backends.py,pip install --target reproducibility_package/vendor textblob,none,69c5e99b4b3b137d2ad6b5578889fd461d535447ad476fa3e1baaa43565901f5,third-party dependency support
reproducibility_package/vendor/joblib/_utils.py,pip install --target reproducibility_package/vendor textblob,none,e9537a3887966726adfd21120cc7086db244d47fe02fc68146a9c16322d168fb,third-party dependency support
reproducibility_package/vendor/joblib/__init__.py,pip install --target reproducibility_package/vendor textblob,none,eafd927d03aad93ac1e7eb14d38307a0db0dca9754c4a19726be439209138ddf,third-party dependency support
reproducibility_package/vendor/joblib/externals/__init__.py,pip install --target reproducibility_package/vendor textblob,none,e3b0c44298fc1c149afbf4c8996fb92427ae41e4649b934ca495991b7852b855,third-party dependency support
reproducibility_package/vendor/joblib/externals/loky/cloudpickle_wrapper.py,pip install --target reproducibility_package/vendor textblob,none,ad75b52d5cc8c1b06a5f6717439456b734ad2efc3acfc8345c65b89a330d5faf,third-party dependency support
reproducibility_package/vendor/joblib/externals/loky/initializers.py,pip install --target reproducibility_package/vendor textblob,none,76d2ad46c254995c2226ed3267e221d26f0fbd6fccc66a2e1bb99284472c4ad7,third-party dependency support
reproducibility_package/vendor/joblib/externals/loky/process_executor.py,pip install --target reproducibility_package/vendor textblob,none,45971fd7b903aa0c3c3ed28c9c3e607a01b4704bb643e208fbf416e4ff946984,third-party dependency support
reproducibility_package/vendor/joblib/externals/loky/reusable_executor.py,pip install --target reproducibility_package/vendor textblob,none,a2634e4d80bd6da5a6f4b1930468de657163df7b42444e4d2d657baec0fa55c0,third-party dependency support
reproducibility_package/vendor/joblib/externals/loky/_base.py,pip install --target reproducibility_package/vendor textblob,none,2ec42712829628685d7aa1a131cebc02ac33e0cad39c4b36d0a0186c58941f3a,third-party dependency support
reproducibility_package/vendor/joblib/externals/loky/__init__.py,pip install --target reproducibility_package/vendor textblob,none,bca196d53a56c5dc883caf62a168b428c1a2bfa6398fdfe22b4f33bbda89e79a,third-party dependency support
reproducibility_package/vendor/joblib/externals/loky/backend/context.py,pip install --target reproducibility_package/vendor textblob,none,b3d7829f5806038b7d783e6ac5a66198cc332ddf412d0368a4d7868b31f86e1f,third-party dependency support
reproducibility_package/vendor/joblib/externals/loky/backend/fork_exec.py,pip install --target reproducibility_package/vendor textblob,none,e0367588b041fb6d6b960dd9e0a87d0d35598f7e493da585139af35996920f19,third-party dependency support
reproducibility_package/vendor/joblib/externals/loky/backend/popen_loky_posix.py,pip install --target reproducibility_package/vendor textblob,none,dc6fb6ffea2f66d8d670723ec52c96e73423019fbf67d2068f363546b647e277,third-party dependency support
reproducibility_package/vendor/joblib/externals/loky/backend/popen_loky_win32.py,pip install --target reproducibility_package/vendor textblob,none,6d8921440d30f2a51c605c287b3786c1c9e50a87047617965dce9267efeb571a,third-party dependency support
reproducibility_package/vendor/joblib/externals/loky/backend/process.py,pip install --target reproducibility_package/vendor textblob,none,e3e63de04a08ae0e1bb6c8d33715011c01e147de8daee827ffbfcf18be9a539d,third-party dependency support
reproducibility_package/vendor/joblib/externals/loky/backend/queues.py,pip install --target reproducibility_package/vendor textblob,none,7844c5bdb3c7c0a7dda18c8e80d402c8aabf6659be9731f77f0c2950887eff85,third-party dependency support
reproducibility_package/vendor/joblib/externals/loky/backend/reduction.py,pip install --target reproducibility_package/vendor textblob,none,18ff394a7f5d408246d182c24c6f326ecd43a0d77e98b7d33ce4daa13a7146d8,third-party dependency support
reproducibility_package/vendor/joblib/externals/loky/backend/resource_tracker.py,pip install --target reproducibility_package/vendor textblob,none,bf8009c146042140e843b4bb5fef5b8d9650d5941a96ffa64b82f2afcbd0f0fa,third-party dependency support
reproducibility_package/vendor/joblib/externals/loky/backend/spawn.py,pip install --target reproducibility_package/vendor textblob,none,b783f3109ded8f0a05f6df2a9d0505f51ed0f8b981a4304870751158dce7cfc3,third-party dependency support
reproducibility_package/vendor/joblib/externals/loky/backend/stdlib_py314_resource_tracker.py,pip install --target reproducibility_package/vendor textblob,none,757c98e5a6a31ef5f8e97d0be5078f51738b86cbc198b15283642263fab73e2f,third-party dependency support
reproducibility_package/vendor/joblib/externals/loky/backend/synchronize.py,pip install --target reproducibility_package/vendor textblob,none,9e50f00682d907dde6fe5e79a9f64cfd097ee0bf383d26229a842ab794f3a439,third-party dependency support
reproducibility_package/vendor/joblib/externals/loky/backend/utils.py,pip install --target reproducibility_package/vendor textblob,none,7eac175ebf71fb3e393648bcd164cd8e80530614ab08d852e15275bd790bec57,third-party dependency support
reproducibility_package/vendor/joblib/externals/loky/backend/_posix_reduction.py,pip install --target reproducibility_package/vendor textblob,none,c60092ac868b23493f308d1734e052a797b5a31d5637d89d82b59b916a4c52be,third-party dependency support
reproducibility_package/vendor/joblib/externals/loky/backend/_win_reduction.py,pip install --target reproducibility_package/vendor textblob,none,5a6341d0d5edc89fe8fd6cdf3d410687974f85721e23a16412714d5d4c4edb0b,third-party dependency support
reproducibility_package/vendor/joblib/externals/loky/backend/__init__.py,pip install --target reproducibility_package/vendor textblob,none,231f4a4e157509893bf8ce4e42727f03f26baeb589f89a306be1cc31e19ba75f,third-party dependency support
reproducibility_package/vendor/joblib/test/common.py,pip install --target reproducibility_package/vendor textblob,none,be98e970980c6e6afc1f7b24737aacaff282faef999e1545464daf031989aaf0,third-party dependency support
reproducibility_package/vendor/joblib/test/testutils.py,pip install --target reproducibility_package/vendor textblob,none,0356e6f80e58762b36899255236fabdda14a52e7d6478d8d67c62db6ba7c9b38,third-party dependency support
reproducibility_package/vendor/joblib/test/test_backports.py,pip install --target reproducibility_package/vendor textblob,none,38db742543d5d5eb5908ef434cbbabd61f385e68076582bf93bdea9a9e244608,third-party dependency support
reproducibility_package/vendor/joblib/test/test_cloudpickle_wrapper.py,pip install --target reproducibility_package/vendor textblob,none,f63c7786a3553bd1977551c2c6bf6637e1a22d1d172be3b977a60f69a1bc635e,third-party dependency support
reproducibility_package/vendor/joblib/test/test_config.py,pip install --target reproducibility_package/vendor textblob,none,a78a58832f3347a76f1a3c06dfe94e156a675d1116b8d54c3efb3a8c7082b847,third-party dependency support
reproducibility_package/vendor/joblib/test/test_dask.py,pip install --target reproducibility_package/vendor textblob,none,d114498a97df246d026ddf6857bbbcd1d595957f64fa7246620a7df54473938b,third-party dependency support
reproducibility_package/vendor/joblib/test/test_disk.py,pip install --target reproducibility_package/vendor textblob,none,d04696184365a2caeac2b499beab8f430de386a6b2d4a0f5351950e982c738e3,third-party dependency support
reproducibility_package/vendor/joblib/test/test_func_inspect.py,pip install --target reproducibility_package/vendor textblob,none,1f8cb48fbe00d33aa763d8d03359d194e9ba9e990440c0136f3d7b31c23c1c3d,third-party dependency support
reproducibility_package/vendor/joblib/test/test_func_inspect_special_encoding.py,pip install --target reproducibility_package/vendor textblob,none,e7120b0e348efb1b6340030bbcc7950fe2fb206e195116f682f0624a168313bf,third-party dependency support
reproducibility_package/vendor/joblib/test/test_hashing.py,pip install --target reproducibility_package/vendor textblob,none,fc8b228c71b01514f107886446ab44d7bdd8ded8c673bcfa08813ec0c9d9fc1d,third-party dependency support
reproducibility_package/vendor/joblib/test/test_init.py,pip install --target reproducibility_package/vendor textblob,none,63acba1dca9afdcab043c4bca33510d7cd32fd17e445a8df67f7c3a7651781bc,third-party dependency support
reproducibility_package/vendor/joblib/test/test_logger.py,pip install --target reproducibility_package/vendor textblob,none,140f6885335ca881558902bad3faf06793c418bdb3a18379a813ab0f016a5732,third-party dependency support
reproducibility_package/vendor/joblib/test/test_memmapping.py,pip install --target reproducibility_package/vendor textblob,none,db5e978446b4313520154d15f5b7701c0e7374356e08778cb9b9bcf1c4512893,third-party dependency support
reproducibility_package/vendor/joblib/test/test_memory.py,pip install --target reproducibility_package/vendor textblob,none,7123f888b07070313f22cde96ad62db5426d36692d52be6ccbb968678ef95a7f,third-party dependency support
reproducibility_package/vendor/joblib/test/test_memory_async.py,pip install --target reproducibility_package/vendor textblob,none,06e8c927dcc3456bbc05078fd1211750516a98764c24a82a3cfbdcc356cb7f9e,third-party dependency support
reproducibility_package/vendor/joblib/test/test_missing_multiprocessing.py,pip install --target reproducibility_package/vendor textblob,none,155a12f7592b159a202280c549cc99b893e969e8aae8ef9a2c0c6e834a824326,third-party dependency support
reproducibility_package/vendor/joblib/test/test_module.py,pip install --target reproducibility_package/vendor textblob,none,200073cf926675e63f01d93fbd9d3befa24df7845aeed5b10c0ec33c335d24a2,third-party dependency support
reproducibility_package/vendor/joblib/test/test_numpy_pickle.py,pip install --target reproducibility_package/vendor textblob,none,93391de35a0f1fcd3795e9a2483c179f0e95352660793542c76ec2a167975099,third-party dependency support
reproducibility_package/vendor/joblib/test/test_numpy_pickle_compat.py,pip install --target reproducibility_package/vendor textblob,none,a5a333d46dc5afd48776316629c1b579ce81e61fd2f9713a591b5f1e65fdaf9d,third-party dependency support
reproducibility_package/vendor/joblib/test/test_numpy_pickle_utils.py,pip install --target reproducibility_package/vendor textblob,none,881d957b54d861410ddc3422341e6a53193f4317885e5ec9a60bf84f09055936,third-party dependency support
reproducibility_package/vendor/joblib/test/test_parallel.py,pip install --target reproducibility_package/vendor textblob,none,3d38f464942096d85d52e7e166421ce53da21e480ee0b47498a998baec71098f,third-party dependency support
reproducibility_package/vendor/joblib/test/test_store_backends.py,pip install --target reproducibility_package/vendor textblob,none,6da2848f53dc13b1589c6972b57e877bae9d6fdf028942f43375bb1cbada235d,third-party dependency support
reproducibility_package/vendor/joblib/test/test_testing.py,pip install --target reproducibility_package/vendor textblob,none,8cbf8f879a735094973a0636aea6e3311a76cb78b70825a6122f8b6f0e16cebf,third-party dependency support
reproducibility_package/vendor/joblib/test/test_utils.py,pip install --target reproducibility_package/vendor textblob,none,99c79f52f40f8d551e0f0f968f47464d3d84ad2919ee3b3dedef17b1695d5be7,third-party dependency support
reproducibility_package/vendor/joblib/test/__init__.py,pip install --target reproducibility_package/vendor textblob,none,e3b0c44298fc1c149afbf4c8996fb92427ae41e4649b934ca495991b7852b855,third-party dependency support
reproducibility_package/vendor/joblib/test/data/create_numpy_pickle.py,pip install --target reproducibility_package/vendor textblob,none,bd913b24dc9ef68d2061ac6b9f5e79e5abfa22079ed0a79769c01628d461b2ef,third-party dependency support
reproducibility_package/vendor/joblib/test/data/joblib_0.10.0_compressed_pickle_py27_np16.gz,pip install --target reproducibility_package/vendor textblob,none,418447e90d83486568ae3092a960b18d358230e24ac9ec38365daa99f415bd0f,third-party dependency support
reproducibility_package/vendor/joblib/test/data/joblib_0.10.0_compressed_pickle_py27_np17.gz,pip install --target reproducibility_package/vendor textblob,none,a1f4e8cccfca94f25ae744d1f050b0734f663263ba38ed0642181404b348b17b,third-party dependency support
reproducibility_package/vendor/joblib/test/data/joblib_0.10.0_compressed_pickle_py33_np18.gz,pip install --target reproducibility_package/vendor textblob,none,d9e215780f978ce693e48110ead23652e1c6de1c2189172232690198f7088788,third-party dependency support
reproducibility_package/vendor/joblib/test/data/joblib_0.10.0_compressed_pickle_py34_np19.gz,pip install --target reproducibility_package/vendor textblob,none,1abdb3ff5b555831f51f7ff00951e66a49277fc2aa787293f18cf8775be65023,third-party dependency support
reproducibility_package/vendor/joblib/test/data/joblib_0.10.0_compressed_pickle_py35_np19.gz,pip install --target reproducibility_package/vendor textblob,none,a56c3fc6e0db3a4102aaed4a19fd4e154eecd956f30b6bf9179897844ed3c01e,third-party dependency support
reproducibility_package/vendor/joblib/test/data/joblib_0.10.0_pickle_py27_np17.pkl,pip install --target reproducibility_package/vendor textblob,none,89c4508e3dfbe01f801e4e739f1aded13f685941e89281c8050f0ca8aa3c97e5,third-party dependency support
reproducibility_package/vendor/joblib/test/data/joblib_0.10.0_pickle_py27_np17.pkl.bz2,pip install --target reproducibility_package/vendor textblob,none,a18415232322531c918164ae04148ebc258acd3a00fa4529728416755e14a15e,third-party dependency support
reproducibility_package/vendor/joblib/test/data/joblib_0.10.0_pickle_py27_np17.pkl.gzip,pip install --target reproducibility_package/vendor textblob,none,269bf788670380a4eff8ee2766c52b7886d42bbaa7b7672e819f9532035e1034,third-party dependency support
reproducibility_package/vendor/joblib/test/data/joblib_0.10.0_pickle_py27_np17.pkl.lzma,pip install --target reproducibility_package/vendor textblob,none,734c2ed31f293efe01712b63ee913ad6b6697faf052c6fe9373419e1ef36cc7f,third-party dependency support
reproducibility_package/vendor/joblib/test/data/joblib_0.10.0_pickle_py27_np17.pkl.xz,pip install --target reproducibility_package/vendor textblob,none,efb146d450c6d061d06affb56f17384e7f64cbab9b516fcc6c4d3f8869b3e707,third-party dependency support
reproducibility_package/vendor/joblib/test/data/joblib_0.10.0_pickle_py33_np18.pkl,pip install --target reproducibility_package/vendor textblob,none,e064c2eecfdc58d552844467da7bd56eca596098322bfd266a7e1312abdd5735,third-party dependency support
reproducibility_package/vendor/joblib/test/data/joblib_0.10.0_pickle_py33_np18.pkl.bz2,pip install --target reproducibility_package/vendor textblob,none,e86d6f6ecfe2626cf691827ac38a81d64ec3ebb527c5432eb344b8496781b45a,third-party dependency support
reproducibility_package/vendor/joblib/test/data/joblib_0.10.0_pickle_py33_np18.pkl.gzip,pip install --target reproducibility_package/vendor textblob,none,b6545459e252d415e6730b4b35234af4bd210c77a4165d3b0aa5b14d28629e66,third-party dependency support
reproducibility_package/vendor/joblib/test/data/joblib_0.10.0_pickle_py33_np18.pkl.lzma,pip install --target reproducibility_package/vendor textblob,none,0a8acfc277efdeb47986336d248d35fac10130e9e44b13654556964ecccca290,third-party dependency support
reproducibility_package/vendor/joblib/test/data/joblib_0.10.0_pickle_py33_np18.pkl.xz,pip install --target reproducibility_package/vendor textblob,none,0e9a63dcc7df38ab0a1137a9b44b436b13cebfa300eb19dba4ae4bce50d0fa81,third-party dependency support
reproducibility_package/vendor/joblib/test/data/joblib_0.10.0_pickle_py34_np19.pkl,pip install --target reproducibility_package/vendor textblob,none,1cbe456f5b91f5a3cb8e386838f276c30335432a351426686187761d5c34168b,third-party dependency support
reproducibility_package/vendor/joblib/test/data/joblib_0.10.0_pickle_py34_np19.pkl.bz2,pip install --target reproducibility_package/vendor textblob,none,3f2af67ea667c1f5315ddcab06bfa447005863c1c0fd88bb7e04a0b8acb9a54b,third-party dependency support
reproducibility_package/vendor/joblib/test/data/joblib_0.10.0_pickle_py34_np19.pkl.gzip,pip install --target reproducibility_package/vendor textblob,none,a2cf0d263408f4586795933e032f5d5ff528df98199e824281048856f7013df1,third-party dependency support
reproducibility_package/vendor/joblib/test/data/joblib_0.10.0_pickle_py34_np19.pkl.lzma,pip install --target reproducibility_package/vendor textblob,none,43fd32e37a94eff1aa01a6c9f32dcf59584e8acbab9c202adc6cee0aed38579f,third-party dependency support
reproducibility_package/vendor/joblib/test/data/joblib_0.10.0_pickle_py34_np19.pkl.xz,pip install --target reproducibility_package/vendor textblob,none,04d7e68907e978b56975f9309492b8849e42a60974beb795c9e93273977f3cd3,third-party dependency support
reproducibility_package/vendor/joblib/test/data/joblib_0.10.0_pickle_py35_np19.pkl,pip install --target reproducibility_package/vendor textblob,none,97b9ef2e896104321d3c5ce73b3de504788c38f04f08c8b56d7a29d6d1520a96,third-party dependency support
reproducibility_package/vendor/joblib/test/data/joblib_0.10.0_pickle_py35_np19.pkl.bz2,pip install --target reproducibility_package/vendor textblob,none,a6a1a9b884be654e2e3fc9a48251ecf0c6920e255c3f2ee5dd71d8252a694606,third-party dependency support
reproducibility_package/vendor/joblib/test/data/joblib_0.10.0_pickle_py35_np19.pkl.gzip,pip install --target reproducibility_package/vendor textblob,none,61115713a2c46faa8aef6c8faa75dda90558f13b3cc4a512f4f5902a12f15af9,third-party dependency support
reproducibility_package/vendor/joblib/test/data/joblib_0.10.0_pickle_py35_np19.pkl.lzma,pip install --target reproducibility_package/vendor textblob,none,05fee0094793b938c291b708772658cfaf62adb957e12015404cf10a731084d5,third-party dependency support
reproducibility_package/vendor/joblib/test/data/joblib_0.10.0_pickle_py35_np19.pkl.xz,pip install --target reproducibility_package/vendor textblob,none,02cf30d8b196c303662b2dd035d2a58caeb762ae3a82345ffd1274961e7f5aa0,third-party dependency support
reproducibility_package/vendor/joblib/test/data/joblib_0.11.0_compressed_pickle_py36_np111.gz,pip install --target reproducibility_package/vendor textblob,none,d56ae75c3a83a0d10f60e657d50e56af6e3addbf2f555e9fc385a6e52e1b32de,third-party dependency support
reproducibility_package/vendor/joblib/test/data/joblib_0.11.0_pickle_py36_np111.pkl,pip install --target reproducibility_package/vendor textblob,none,5e6b0e171782d5fd5a61d1844dc946eb27c5f6b2e8075d436b23808433142ebc,third-party dependency support
reproducibility_package/vendor/joblib/test/data/joblib_0.11.0_pickle_py36_np111.pkl.bz2,pip install --target reproducibility_package/vendor textblob,none,bc8db259be742ca2ff36067277f5e4a03e6d78883ddee238da65a7c7d79ef804,third-party dependency support
reproducibility_package/vendor/joblib/test/data/joblib_0.11.0_pickle_py36_np111.pkl.gzip,pip install --target reproducibility_package/vendor textblob,none,d56ae75c3a83a0d10f60e657d50e56af6e3addbf2f555e9fc385a6e52e1b32de,third-party dependency support
reproducibility_package/vendor/joblib/test/data/joblib_0.11.0_pickle_py36_np111.pkl.lzma,pip install --target reproducibility_package/vendor textblob,none,216034265646daeaf9dc78135039759bbabbf5d715aba6f454eab7de02a8254d,third-party dependency support
reproducibility_package/vendor/joblib/test/data/joblib_0.11.0_pickle_py36_np111.pkl.xz,pip install --target reproducibility_package/vendor textblob,none,dd787f35b3197418d8c7bca77c9dc5ca47b6f22cd24524b3ccd074cf90f893d6,third-party dependency support
reproducibility_package/vendor/joblib/test/data/joblib_0.8.4_compressed_pickle_py27_np17.gz,pip install --target reproducibility_package/vendor textblob,none,4a9f994fb8baa63e689f681ba6db33bbb45aaf32693a61c9ebb50a3a608f40c8,third-party dependency support
reproducibility_package/vendor/joblib/test/data/joblib_0.9.2_compressed_pickle_py27_np16.gz,pip install --target reproducibility_package/vendor textblob,none,34bb43aefa365c81f42af51402f84ea8c7a85c48c65b422e4e4fe8b2ee57883c,third-party dependency support
reproducibility_package/vendor/joblib/test/data/joblib_0.9.2_compressed_pickle_py27_np17.gz,pip install --target reproducibility_package/vendor textblob,none,34bb43aefa365c81f42af51402f84ea8c7a85c48c65b422e4e4fe8b2ee57883c,third-party dependency support
reproducibility_package/vendor/joblib/test/data/joblib_0.9.2_compressed_pickle_py34_np19.gz,pip install --target reproducibility_package/vendor textblob,none,9f33bd8a21a41b729b05dac5deeb0e868f218a092b0e3fe5988094cf167217f6,third-party dependency support
reproducibility_package/vendor/joblib/test/data/joblib_0.9.2_compressed_pickle_py35_np19.gz,pip install --target reproducibility_package/vendor textblob,none,9f33bd8a21a41b729b05dac5deeb0e868f218a092b0e3fe5988094cf167217f6,third-party dependency support
reproducibility_package/vendor/joblib/test/data/joblib_0.9.2_pickle_py27_np16.pkl,pip install --target reproducibility_package/vendor textblob,none,9da8a3764db121e29d21ade67c9c3426598e76d88deae44cd7238983af8cef73,third-party dependency support
reproducibility_package/vendor/joblib/test/data/joblib_0.9.2_pickle_py27_np16.pkl_01.npy,pip install --target reproducibility_package/vendor textblob,none,0efbd7d9ce7eec3a6e0a0db41e795e0396cca3d6b037dad6c61b464843d28809,third-party dependency support
reproducibility_package/vendor/joblib/test/data/joblib_0.9.2_pickle_py27_np16.pkl_02.npy,pip install --target reproducibility_package/vendor textblob,none,1c1cf36cb781fbcc21b953bb0a0b45df092da0eae0e765882e5963ccd70105b1,third-party dependency support
reproducibility_package/vendor/joblib/test/data/joblib_0.9.2_pickle_py27_np16.pkl_03.npy,pip install --target reproducibility_package/vendor textblob,none,a0c45ae2a289841cbeba2443b7ebaa3b31c0a9e9dcc73294aca5729da0092405,third-party dependency support
reproducibility_package/vendor/joblib/test/data/joblib_0.9.2_pickle_py27_np16.pkl_04.npy,pip install --target reproducibility_package/vendor textblob,none,3ecbe244294ba93e08479b16c1b9a9411e3569ff660ed0459dca1d241381df05,third-party dependency support
reproducibility_package/vendor/joblib/test/data/joblib_0.9.2_pickle_py27_np17.pkl,pip install --target reproducibility_package/vendor textblob,none,2f29d7f1d2ceca07f10df172c0e826ef08163a14b12c6ef3fa80ec53a5fcdc3c,third-party dependency support
reproducibility_package/vendor/joblib/test/data/joblib_0.9.2_pickle_py27_np17.pkl_01.npy,pip install --target reproducibility_package/vendor textblob,none,0efbd7d9ce7eec3a6e0a0db41e795e0396cca3d6b037dad6c61b464843d28809,third-party dependency support
reproducibility_package/vendor/joblib/test/data/joblib_0.9.2_pickle_py27_np17.pkl_02.npy,pip install --target reproducibility_package/vendor textblob,none,1c1cf36cb781fbcc21b953bb0a0b45df092da0eae0e765882e5963ccd70105b1,third-party dependency support
reproducibility_package/vendor/joblib/test/data/joblib_0.9.2_pickle_py27_np17.pkl_03.npy,pip install --target reproducibility_package/vendor textblob,none,a0c45ae2a289841cbeba2443b7ebaa3b31c0a9e9dcc73294aca5729da0092405,third-party dependency support
reproducibility_package/vendor/joblib/test/data/joblib_0.9.2_pickle_py27_np17.pkl_04.npy,pip install --target reproducibility_package/vendor textblob,none,3ecbe244294ba93e08479b16c1b9a9411e3569ff660ed0459dca1d241381df05,third-party dependency support
reproducibility_package/vendor/joblib/test/data/joblib_0.9.2_pickle_py33_np18.pkl,pip install --target reproducibility_package/vendor textblob,none,c3d4cbc690d3ce9e5323a714ea546f32c01ab1710285c420184f6cdf4b26fc25,third-party dependency support
reproducibility_package/vendor/joblib/test/data/joblib_0.9.2_pickle_py33_np18.pkl_01.npy,pip install --target reproducibility_package/vendor textblob,none,0efbd7d9ce7eec3a6e0a0db41e795e0396cca3d6b037dad6c61b464843d28809,third-party dependency support
reproducibility_package/vendor/joblib/test/data/joblib_0.9.2_pickle_py33_np18.pkl_02.npy,pip install --target reproducibility_package/vendor textblob,none,1c1cf36cb781fbcc21b953bb0a0b45df092da0eae0e765882e5963ccd70105b1,third-party dependency support
reproducibility_package/vendor/joblib/test/data/joblib_0.9.2_pickle_py33_np18.pkl_03.npy,pip install --target reproducibility_package/vendor textblob,none,8ede9a64a52b25d7db30950956c978ec0b3932b7d14acd5abc63216e64babde7,third-party dependency support
reproducibility_package/vendor/joblib/test/data/joblib_0.9.2_pickle_py33_np18.pkl_04.npy,pip install --target reproducibility_package/vendor textblob,none,3ecbe244294ba93e08479b16c1b9a9411e3569ff660ed0459dca1d241381df05,third-party dependency support
reproducibility_package/vendor/joblib/test/data/joblib_0.9.2_pickle_py34_np19.pkl,pip install --target reproducibility_package/vendor textblob,none,8a538100e6ae94b16f2ab0f7d92d4d7e7a622be2dfcc0f6b0b73b623bc513ae2,third-party dependency support
reproducibility_package/vendor/joblib/test/data/joblib_0.9.2_pickle_py34_np19.pkl_01.npy,pip install --target reproducibility_package/vendor textblob,none,0efbd7d9ce7eec3a6e0a0db41e795e0396cca3d6b037dad6c61b464843d28809,third-party dependency support
reproducibility_package/vendor/joblib/test/data/joblib_0.9.2_pickle_py34_np19.pkl_02.npy,pip install --target reproducibility_package/vendor textblob,none,1c1cf36cb781fbcc21b953bb0a0b45df092da0eae0e765882e5963ccd70105b1,third-party dependency support
reproducibility_package/vendor/joblib/test/data/joblib_0.9.2_pickle_py34_np19.pkl_03.npy,pip install --target reproducibility_package/vendor textblob,none,8ede9a64a52b25d7db30950956c978ec0b3932b7d14acd5abc63216e64babde7,third-party dependency support
reproducibility_package/vendor/joblib/test/data/joblib_0.9.2_pickle_py34_np19.pkl_04.npy,pip install --target reproducibility_package/vendor textblob,none,3ecbe244294ba93e08479b16c1b9a9411e3569ff660ed0459dca1d241381df05,third-party dependency support
reproducibility_package/vendor/joblib/test/data/joblib_0.9.2_pickle_py35_np19.pkl,pip install --target reproducibility_package/vendor textblob,none,59f0d522a29c333ce1d60480b2121fcc1a08a5d2dd650b86efdc987f991fa4ea,third-party dependency support
reproducibility_package/vendor/joblib/test/data/joblib_0.9.2_pickle_py35_np19.pkl_01.npy,pip install --target reproducibility_package/vendor textblob,none,0efbd7d9ce7eec3a6e0a0db41e795e0396cca3d6b037dad6c61b464843d28809,third-party dependency support
reproducibility_package/vendor/joblib/test/data/joblib_0.9.2_pickle_py35_np19.pkl_02.npy,pip install --target reproducibility_package/vendor textblob,none,1c1cf36cb781fbcc21b953bb0a0b45df092da0eae0e765882e5963ccd70105b1,third-party dependency support
reproducibility_package/vendor/joblib/test/data/joblib_0.9.2_pickle_py35_np19.pkl_03.npy,pip install --target reproducibility_package/vendor textblob,none,8ede9a64a52b25d7db30950956c978ec0b3932b7d14acd5abc63216e64babde7,third-party dependency support
reproducibility_package/vendor/joblib/test/data/joblib_0.9.2_pickle_py35_np19.pkl_04.npy,pip install --target reproducibility_package/vendor textblob,none,3ecbe244294ba93e08479b16c1b9a9411e3569ff660ed0459dca1d241381df05,third-party dependency support
reproducibility_package/vendor/joblib/test/data/joblib_0.9.4.dev0_compressed_cache_size_pickle_py35_np19.gz,pip install --target reproducibility_package/vendor textblob,none,f2361f589b31d2863627edcb96612280ae5c0a59c9496d89dab7de493670f93b,third-party dependency support
reproducibility_package/vendor/joblib/test/data/joblib_0.9.4.dev0_compressed_cache_size_pickle_py35_np19.gz_01.npy.z,pip install --target reproducibility_package/vendor textblob,none,613f55bd3dec125dae5a53b2bc7d8293213d4a8938a1df4ede45ad81eb9452a1,third-party dependency support
reproducibility_package/vendor/joblib/test/data/joblib_0.9.4.dev0_compressed_cache_size_pickle_py35_np19.gz_02.npy.z,pip install --target reproducibility_package/vendor textblob,none,b710394432343d1ba253f50d298f291a9fb3420410f6f695bcc8bad2138f695b,third-party dependency support
reproducibility_package/vendor/joblib/test/data/joblib_0.9.4.dev0_compressed_cache_size_pickle_py35_np19.gz_03.npy.z,pip install --target reproducibility_package/vendor textblob,none,777030202bd4d8ca5236387668f22c74978664b9438c03401754a86bab8cd0fa,third-party dependency support
reproducibility_package/vendor/joblib/test/data/__init__.py,pip install --target reproducibility_package/vendor textblob,none,e3b0c44298fc1c149afbf4c8996fb92427ae41e4649b934ca495991b7852b855,third-party dependency support
reproducibility_package/vendor/joblib-1.6.0.dist-info/INSTALLER,pip install --target reproducibility_package/vendor textblob,none,ceebae7b8927a3227e5303cf5e0f1f7b34bb542ad7250ac03fbcde36ec2f1508,third-party dependency support
reproducibility_package/vendor/joblib-1.6.0.dist-info/METADATA,pip install --target reproducibility_package/vendor textblob,none,c5fd6509906c5795fd6724d97bc1709d1f266b78aff92c0156d6cf5ad7c045e3,third-party dependency support
reproducibility_package/vendor/joblib-1.6.0.dist-info/RECORD,pip install --target reproducibility_package/vendor textblob,none,8371d5ea45a6a792e20fcccd52a19b9862bd8c30224422487a2cab08c35f2941,third-party dependency support
reproducibility_package/vendor/joblib-1.6.0.dist-info/top_level.txt,pip install --target reproducibility_package/vendor textblob,none,3f42eca19e398012fb7242f896a42deed75bac70f8c6555885f7e684779e4ff5,third-party dependency support
reproducibility_package/vendor/joblib-1.6.0.dist-info/WHEEL,pip install --target reproducibility_package/vendor textblob,none,61532836a2b3111b7ec23519c09df7c41180c27165fb872a6d8913b566b88ad1,third-party dependency support
reproducibility_package/vendor/joblib-1.6.0.dist-info/licenses/LICENSE.txt,pip install --target reproducibility_package/vendor textblob,none,42612911c1872c5e4b43f6ae0e8ee59467cd350332241cf72ce90640264fae6a,third-party dependency support
reproducibility_package/vendor/nltk/book.py,pip install --target reproducibility_package/vendor textblob,none,50e21234589de0f170461f446ec8127fe530decb1ad7028173f344ca535481cd,third-party dependency support
reproducibility_package/vendor/nltk/cli.py,pip install --target reproducibility_package/vendor textblob,none,26014559de5ea9385c2fd26bf70c8e6e474ed7da0f1d032420de09214f342595,third-party dependency support
reproducibility_package/vendor/nltk/collections.py,pip install --target reproducibility_package/vendor textblob,none,d6ef0325799c2db04a1a14afe230a5230eb0febeec56abcccf56870108973ff1,third-party dependency support
reproducibility_package/vendor/nltk/collocations.py,pip install --target reproducibility_package/vendor textblob,none,420eb0cc63659ba25fb424c0bc99b845ddc741fc3d6941a48d53e6b60ec06ea5,third-party dependency support
reproducibility_package/vendor/nltk/compat.py,pip install --target reproducibility_package/vendor textblob,none,7e2f4d8d261999d53c01a32c19fdf89991612cf8f3c65e5a58c8e4923cfd8752,third-party dependency support
reproducibility_package/vendor/nltk/data.py,pip install --target reproducibility_package/vendor textblob,none,cda75896c3639541f3c3b811d647354dc5829774c2f201a7c942896f5cb99dc8,third-party dependency support
reproducibility_package/vendor/nltk/decorators.py,pip install --target reproducibility_package/vendor textblob,none,1e1da1a0a461a84398399868a358587a05b1168d298d2e32aa861bc8f9d740fe,third-party dependency support
reproducibility_package/vendor/nltk/downloader.py,pip install --target reproducibility_package/vendor textblob,none,0c457eabf6e39c7dcc6fa8e18d993eb826a74a86e10f2534d215c24d860774ab,third-party dependency support
reproducibility_package/vendor/nltk/featstruct.py,pip install --target reproducibility_package/vendor textblob,none,4098c8db304e9e1046f4fcecf6d3d4def7aa0f3dbcbc9783d3eff13d4dbfd38f,third-party dependency support
reproducibility_package/vendor/nltk/grammar.py,pip install --target reproducibility_package/vendor textblob,none,d0a75f49bbb21919bb7b80c860594bd9c03550b9d9abb746f80bcd2b15024de8,third-party dependency support
reproducibility_package/vendor/nltk/help.py,pip install --target reproducibility_package/vendor textblob,none,1c96de519847a986a04e2085d6dc67f6fb595d94fa302169741f9b1e657d02b2,third-party dependency support
reproducibility_package/vendor/nltk/internals.py,pip install --target reproducibility_package/vendor textblob,none,b8a51c0693aa5cadce6c2320e75f634d87abd18ae983099e6dba3cc6781b8996,third-party dependency support
reproducibility_package/vendor/nltk/jsontags.py,pip install --target reproducibility_package/vendor textblob,none,27a2682ab5b1c68bfa48ddd0c686242c83d2445195bbf84d2e41125fa7bb3461,third-party dependency support
reproducibility_package/vendor/nltk/langnames.py,pip install --target reproducibility_package/vendor textblob,none,eef11cc7130c286ac0e4d2f0eed783189665985ff2ef536756fa8e223daa7956,third-party dependency support
reproducibility_package/vendor/nltk/lazyimport.py,pip install --target reproducibility_package/vendor textblob,none,4f2aa1363510240a722f0011af571b474c548f32614dba63a08d7d665ebb2dde,third-party dependency support
reproducibility_package/vendor/nltk/pathsec.py,pip install --target reproducibility_package/vendor textblob,none,281e42ae4298cae5bad1b898545f849d616645451281deb8262f2a5efc782a5f,third-party dependency support
reproducibility_package/vendor/nltk/picklesec.py,pip install --target reproducibility_package/vendor textblob,none,9212ed006a7f209f0b39259f6b26793aaa18f67e77571d4dad280e5fcfddd453,third-party dependency support
reproducibility_package/vendor/nltk/probability.py,pip install --target reproducibility_package/vendor textblob,none,eb7d3d3c9af9a88fac5d65ca8de4eaac58a27c56df8d50b911a9f560ca63ae13,third-party dependency support
reproducibility_package/vendor/nltk/redos.py,pip install --target reproducibility_package/vendor textblob,none,78327501344f2fcf5f47870335536e9c3fd498ebbc2587e01a0995bf98f855f9,third-party dependency support
reproducibility_package/vendor/nltk/tabdata.py,pip install --target reproducibility_package/vendor textblob,none,65bf48fda65e11ecdcc654f38ec1775858cc7a6b5fe0fd70ac23d75b690e59e2,third-party dependency support
reproducibility_package/vendor/nltk/text.py,pip install --target reproducibility_package/vendor textblob,none,e23fbbc1b14d8247d78da3da05d6c41a33318fa8064d80e52254a25e671d4e56,third-party dependency support
reproducibility_package/vendor/nltk/tgrep.py,pip install --target reproducibility_package/vendor textblob,none,721660d80e50c6f7c7a32836e13ced84ff76b6389c8d0705cab8c77ddbc57b4f,third-party dependency support
reproducibility_package/vendor/nltk/toolbox.py,pip install --target reproducibility_package/vendor textblob,none,deb68ae0adac6e751a8143f26c62466beae04fa65b7c9dbd43680f684d23c09c,third-party dependency support
reproducibility_package/vendor/nltk/treeprettyprinter.py,pip install --target reproducibility_package/vendor textblob,none,f7d8583902f55b2eb388affc2ace65ad14e6752d4dbac27fc16042f0149021c9,third-party dependency support
reproducibility_package/vendor/nltk/treetransforms.py,pip install --target reproducibility_package/vendor textblob,none,e0fe3b239dda281821f3b52e2f9657caa547b87085670a9270f0b82153839c0d,third-party dependency support
reproducibility_package/vendor/nltk/util.py,pip install --target reproducibility_package/vendor textblob,none,6ec00f1b74527c581714f7a2e01982f649da5bef2c0c455711590d036cba8da2,third-party dependency support
reproducibility_package/vendor/nltk/VERSION,pip install --target reproducibility_package/vendor textblob,none,f87966285da0832df96612532e25b6dc834ae86a4b3aa7b82941f65b0a1a6f58,third-party dependency support
reproducibility_package/vendor/nltk/wsd.py,pip install --target reproducibility_package/vendor textblob,none,6910f8b211fcbabd717ade557d7371c901fe76fa28535e80d133975d8ddd31b9,third-party dependency support
reproducibility_package/vendor/nltk/xmlsec.py,pip install --target reproducibility_package/vendor textblob,none,a9706ced88f87c27487f460d399d9f39a4902a7fa5b5c66a7047f949a1e9a2d3,third-party dependency support
reproducibility_package/vendor/nltk/__init__.py,pip install --target reproducibility_package/vendor textblob,none,5f53940d5b9fd8c14e6a2cbd5197323e8497c702860044e0928aac4e6231a4ca,third-party dependency support
reproducibility_package/vendor/nltk/app/chartparser_app.py,pip install --target reproducibility_package/vendor textblob,none,1138dd7fec5f1d93b132d15ca943c2fa3ffe1c94fce83ec24f1bf57f638a943d,third-party dependency support
reproducibility_package/vendor/nltk/app/chunkparser_app.py,pip install --target reproducibility_package/vendor textblob,none,196fb42ccabe39f0fe42fc4d4af81c017ff53deb61e4152dd1ef0eb17ba4ebf1,third-party dependency support
reproducibility_package/vendor/nltk/app/collocations_app.py,pip install --target reproducibility_package/vendor textblob,none,ce7eaf77d2c0de8bf43aee98d12133694f1fbce0dd16d1faa91ed6ab16b0e5c6,third-party dependency support
reproducibility_package/vendor/nltk/app/concordance_app.py,pip install --target reproducibility_package/vendor textblob,none,72a24d2ec43e471a911437ad845e4164cb17850c0fa66a5694fb82c76c033c88,third-party dependency support
reproducibility_package/vendor/nltk/app/nemo_app.py,pip install --target reproducibility_package/vendor textblob,none,4f201031459b4f8cbedc89847eab2d285d181e2fba76669cb103f48db790c4d3,third-party dependency support
reproducibility_package/vendor/nltk/app/rdparser_app.py,pip install --target reproducibility_package/vendor textblob,none,dd7c5acf7f332bfaddc895ec757611bf5e0b4626bfb39ec0f0526d5cb59805aa,third-party dependency support
reproducibility_package/vendor/nltk/app/srparser_app.py,pip install --target reproducibility_package/vendor textblob,none,df36c2799d7afb5d2b89d637e85911784892560498e079a52d0eb55a362c3f51,third-party dependency support
reproducibility_package/vendor/nltk/app/wordfreq_app.py,pip install --target reproducibility_package/vendor textblob,none,b63a96b2f1090a8ab5dabfe27f3deb75450abf5b64d4c1d3d0d052ef4593ada6,third-party dependency support
reproducibility_package/vendor/nltk/app/wordnet_app.py,pip install --target reproducibility_package/vendor textblob,none,b748742e7db5fcebedab5beff82489c51e682c5db3e5a14a0a3a9130f5bd10b1,third-party dependency support
reproducibility_package/vendor/nltk/app/__init__.py,pip install --target reproducibility_package/vendor textblob,none,95ef092a6001878d9712b98d1f56bbbb76a8e3a9608da64771f5996b631a9e65,third-party dependency support
reproducibility_package/vendor/nltk/ccg/api.py,pip install --target reproducibility_package/vendor textblob,none,5ceefa00d95bb29dca9f1417b13063397cb37d1b23512e7e1283b4324898da04,third-party dependency support
reproducibility_package/vendor/nltk/ccg/chart.py,pip install --target reproducibility_package/vendor textblob,none,bf065e4f54666796059a0e49808458c0bd0a067821c612669903c94e6b58dfad,third-party dependency support
reproducibility_package/vendor/nltk/ccg/combinator.py,pip install --target reproducibility_package/vendor textblob,none,41d676b11d4c078ce3ad1a1d512732b12b372ebe1f61021cc32c982850936c58,third-party dependency support
reproducibility_package/vendor/nltk/ccg/lexicon.py,pip install --target reproducibility_package/vendor textblob,none,a8526080fccc51452882ad919d4cfaca9fdb75dfab09bd0503a4626fd1c85e74,third-party dependency support
reproducibility_package/vendor/nltk/ccg/logic.py,pip install --target reproducibility_package/vendor textblob,none,d2fb67aa1473891235bf8b5eb1a49e8f0b68028e70b0695b8ed1535e8379c371,third-party dependency support
reproducibility_package/vendor/nltk/ccg/__init__.py,pip install --target reproducibility_package/vendor textblob,none,b8b0ba807625e937838159e53e2da7536871c802407eb6854e5e9eaffaf5149e,third-party dependency support
reproducibility_package/vendor/nltk/chat/eliza.py,pip install --target reproducibility_package/vendor textblob,none,3df0a9824bc9d16f64710e47b8b1638f8a5a5e032d0966046a4a7e9dc3395603,third-party dependency support
reproducibility_package/vendor/nltk/chat/iesha.py,pip install --target reproducibility_package/vendor textblob,none,dd7f4d71d21e0cea4b97b145ad47d00459fcc66a1e90013de733f37d1018f98e,third-party dependency support
reproducibility_package/vendor/nltk/chat/rude.py,pip install --target reproducibility_package/vendor textblob,none,7c59ff1a243fcb7215134773fdedb45eb742f6c1d744bee944c16bf61d076898,third-party dependency support
reproducibility_package/vendor/nltk/chat/suntsu.py,pip install --target reproducibility_package/vendor textblob,none,9b02070eff60f33c8cbd24f5bcdfefce3110c4bb81e77b85506e2d9d97c634b4,third-party dependency support
reproducibility_package/vendor/nltk/chat/util.py,pip install --target reproducibility_package/vendor textblob,none,90a91cc171ba8b3921359e7baa2b74998b53fdeb606498f44d5fa572b2a14d5c,third-party dependency support
reproducibility_package/vendor/nltk/chat/zen.py,pip install --target reproducibility_package/vendor textblob,none,b97d1989a890a2a89871e03ea308cc710e3c1e97d5c450878c12baee89268357,third-party dependency support
reproducibility_package/vendor/nltk/chat/__init__.py,pip install --target reproducibility_package/vendor textblob,none,854cc488c65ab0a0232022f106a805fa2bb903288d7d791a4d559eb639e40f5b,third-party dependency support
reproducibility_package/vendor/nltk/chunk/api.py,pip install --target reproducibility_package/vendor textblob,none,bc7a89f22849a2e66191b47b9a1506cca36505eacfaef6b204d48b733ae18b4a,third-party dependency support
reproducibility_package/vendor/nltk/chunk/named_entity.py,pip install --target reproducibility_package/vendor textblob,none,ceef99da5f26866292fc0e4cb7a9c690c4aa9a9b9bba53046b373c223c0a3389,third-party dependency support
reproducibility_package/vendor/nltk/chunk/regexp.py,pip install --target reproducibility_package/vendor textblob,none,4015364e7e260de7d594ca7f7e7e23e5f4043fa3123634eb272b686bf0b8b594,third-party dependency support
reproducibility_package/vendor/nltk/chunk/util.py,pip install --target reproducibility_package/vendor textblob,none,6d96d41ae09c2b74236118aef652b6181fa174e820ed25e9c2a532423b1e7a62,third-party dependency support
reproducibility_package/vendor/nltk/chunk/__init__.py,pip install --target reproducibility_package/vendor textblob,none,651b0149020ac6b0a3b022942330ca82b721b9349bd64c32f4781cbc34341027,third-party dependency support
reproducibility_package/vendor/nltk/classify/api.py,pip install --target reproducibility_package/vendor textblob,none,03efdf16386e9a42d95c6d4b3972ac58b3f8414652335c065ac39f733abe6f60,third-party dependency support
reproducibility_package/vendor/nltk/classify/decisiontree.py,pip install --target reproducibility_package/vendor textblob,none,b21fcc592d93bd4b1edf6c16c8a07746489621e4d28dd870ff2dc8e9cb119a6b,third-party dependency support
reproducibility_package/vendor/nltk/classify/maxent.py,pip install --target reproducibility_package/vendor textblob,none,11f704cf6cd2a43b51cb13634e9cdbc46b0e8394e1e291e9b66036d6a59c2583,third-party dependency support
reproducibility_package/vendor/nltk/classify/megam.py,pip install --target reproducibility_package/vendor textblob,none,9f6c8fec23523e0df881e0f82b850215a79ae041b4c411407a4eb6ac33a4a19a,third-party dependency support
reproducibility_package/vendor/nltk/classify/naivebayes.py,pip install --target reproducibility_package/vendor textblob,none,d4f87c57a847c5c38d6db51ed59e929adda5f450d37a7b2a68cbb87d0f1eb208,third-party dependency support
reproducibility_package/vendor/nltk/classify/positivenaivebayes.py,pip install --target reproducibility_package/vendor textblob,none,ef67b04c821f146861653ac584c6f6f2f73a546ed2f47d79dd2075d6264f5ec5,third-party dependency support
reproducibility_package/vendor/nltk/classify/rte_classify.py,pip install --target reproducibility_package/vendor textblob,none,461dc316a528a95d10aac53e10463e3783c4af08028eea6e584aad7367e38735,third-party dependency support
reproducibility_package/vendor/nltk/classify/scikitlearn.py,pip install --target reproducibility_package/vendor textblob,none,9d6640ab10fea4c2dbd0e0d1e1669d401e30cf6ecdf676d4af8e03dcd53efe68,third-party dependency support
reproducibility_package/vendor/nltk/classify/senna.py,pip install --target reproducibility_package/vendor textblob,none,c759f7a23525988425269cc411ac3be50d19ee1f72f36bff9b2c680a06100a30,third-party dependency support
reproducibility_package/vendor/nltk/classify/svm.py,pip install --target reproducibility_package/vendor textblob,none,7c4e50d4265971d3d2dc9dd74744b430df0ec4b33fc150290240de7db51c8060,third-party dependency support
reproducibility_package/vendor/nltk/classify/tadm.py,pip install --target reproducibility_package/vendor textblob,none,57dfd52aec30d5726d2615279e43df9b193ba9a8280b262a21a1a1e650b1b88c,third-party dependency support
reproducibility_package/vendor/nltk/classify/textcat.py,pip install --target reproducibility_package/vendor textblob,none,965b191eb39ccade50413f91a5190e9e9bbb21cb4e8d47b5ef63575710290c2d,third-party dependency support
reproducibility_package/vendor/nltk/classify/util.py,pip install --target reproducibility_package/vendor textblob,none,e911c06f32b542cd89ba57ae08937e6cf112acb375f6e320703d91fceecb4bfd,third-party dependency support
reproducibility_package/vendor/nltk/classify/weka.py,pip install --target reproducibility_package/vendor textblob,none,ea9a405418b239cad05ff07391d9c2e947c80f205b1d968d71e75afb58b935b7,third-party dependency support
reproducibility_package/vendor/nltk/classify/__init__.py,pip install --target reproducibility_package/vendor textblob,none,e4486ad62f1f8933084fac40b971c0a078c5d64e96afe13903b14eaed10d8656,third-party dependency support
reproducibility_package/vendor/nltk/cluster/api.py,pip install --target reproducibility_package/vendor textblob,none,b829beafeb289775e52eb31abf9254cc936c11491476f72ae609524354c75317,third-party dependency support
reproducibility_package/vendor/nltk/cluster/em.py,pip install --target reproducibility_package/vendor textblob,none,461ef03fb4f933be77acf8d5981f228a6eb9af28f783fb0e5e4a68480d81b049,third-party dependency support
reproducibility_package/vendor/nltk/cluster/gaac.py,pip install --target reproducibility_package/vendor textblob,none,59f0a593bdcd0c371727982c73238623440032d6407ac9a7c7897278b5aa0eb3,third-party dependency support
reproducibility_package/vendor/nltk/cluster/kmeans.py,pip install --target reproducibility_package/vendor textblob,none,f0a93e40ebba1791f214462627e6d69e1bea3e1b5953192f5958c81de8071a75,third-party dependency support
reproducibility_package/vendor/nltk/cluster/util.py,pip install --target reproducibility_package/vendor textblob,none,830d3ff48943ae2d444d46eaf85bf01fa7f232c143bf1360716f713a86118e5a,third-party dependency support
reproducibility_package/vendor/nltk/cluster/__init__.py,pip install --target reproducibility_package/vendor textblob,none,f0b5ca71401b3532fedd421f06b12bb499f1c6687fc36b0580ba733c88c8dfb7,third-party dependency support
reproducibility_package/vendor/nltk/corpus/europarl_raw.py,pip install --target reproducibility_package/vendor textblob,none,2424ed09eee78787a646ec2b047feb9b3e7d0fd8483f95ac179aa4aaa1827293,third-party dependency support
reproducibility_package/vendor/nltk/corpus/util.py,pip install --target reproducibility_package/vendor textblob,none,e1b541dc49adefe7225bc70621e3c2f60bda3d6783342c0777296799e788813f,third-party dependency support
reproducibility_package/vendor/nltk/corpus/__init__.py,pip install --target reproducibility_package/vendor textblob,none,79dde033396054edf84ed70c33cd8bee65fadf3debc09da77256efba594a182f,third-party dependency support
reproducibility_package/vendor/nltk/corpus/reader/aligned.py,pip install --target reproducibility_package/vendor textblob,none,cdf332cd7c614c285011ba62c3899b7ef52bd837b8f3d572f9c17b9cd0b41dbd,third-party dependency support
reproducibility_package/vendor/nltk/corpus/reader/api.py,pip install --target reproducibility_package/vendor textblob,none,2a8eba060c14754ec04c7f60e33b13430a12342796c3486a216ab850f9044314,third-party dependency support
reproducibility_package/vendor/nltk/corpus/reader/bcp47.py,pip install --target reproducibility_package/vendor textblob,none,4ce4c98101655a23e7892a36a95469e4058e6a90dbb8f65044548348c4d37594,third-party dependency support
reproducibility_package/vendor/nltk/corpus/reader/bnc.py,pip install --target reproducibility_package/vendor textblob,none,7e943e6cb854270cbac612a869c39317869c1ab70214d46496d392fa1ea00c57,third-party dependency support
reproducibility_package/vendor/nltk/corpus/reader/bracket_parse.py,pip install --target reproducibility_package/vendor textblob,none,030d0091691bcdbcd44813486d6dce0a8ec09d969d6950e2173680b28ecd15c7,third-party dependency support
reproducibility_package/vendor/nltk/corpus/reader/categorized_sents.py,pip install --target reproducibility_package/vendor textblob,none,b72091d9a38e7a04b7b409006b215c1703aca952149658cf26ecbf37f5d6f58d,third-party dependency support
reproducibility_package/vendor/nltk/corpus/reader/chasen.py,pip install --target reproducibility_package/vendor textblob,none,9260ed0f39614f280513899cd15d8dac2d2f260a963da9717d92786039cf2d08,third-party dependency support
reproducibility_package/vendor/nltk/corpus/reader/childes.py,pip install --target reproducibility_package/vendor textblob,none,feb01110248739072db6f5685eadb6cfdc4b755bced314444f32fdd2a346b637,third-party dependency support
reproducibility_package/vendor/nltk/corpus/reader/chunked.py,pip install --target reproducibility_package/vendor textblob,none,692f79ca6ae247b0ad521e51ab1f1596b1964f2d9a3aa9226dd54117a349bfad,third-party dependency support
reproducibility_package/vendor/nltk/corpus/reader/cmudict.py,pip install --target reproducibility_package/vendor textblob,none,dd52b5fd3505bb14a4fb2e11c67128cab47cbf2839e1838f87c646b04acac7ed,third-party dependency support
reproducibility_package/vendor/nltk/corpus/reader/comparative_sents.py,pip install --target reproducibility_package/vendor textblob,none,34a8c1a388dcac35446389c5488f72575ef878fc99639dd2a020b0fa512934bf,third-party dependency support
reproducibility_package/vendor/nltk/corpus/reader/conll.py,pip install --target reproducibility_package/vendor textblob,none,3349192828d4dd9820da395bbfa765323e8cde6ea09ecfe8376445b8785540a6,third-party dependency support
reproducibility_package/vendor/nltk/corpus/reader/crubadan.py,pip install --target reproducibility_package/vendor textblob,none,bce136837d352ff65873eae86f10b6d9a0ac20294d770d681f6129af72e5cf46,third-party dependency support
reproducibility_package/vendor/nltk/corpus/reader/dependency.py,pip install --target reproducibility_package/vendor textblob,none,04e399687c2e5647e73011495c62a82408171d21012061848d600f97f4ddda3d,third-party dependency support
reproducibility_package/vendor/nltk/corpus/reader/framenet.py,pip install --target reproducibility_package/vendor textblob,none,7408b2cf898e4b7257b4e9c30c5b292661627ddffad445a2a13c0f46fb56da21,third-party dependency support
reproducibility_package/vendor/nltk/corpus/reader/ieer.py,pip install --target reproducibility_package/vendor textblob,none,db2faa607d53dde1c2d9f90bb8475c3e0c54a4c3768f19de28a1797bc6993470,third-party dependency support
reproducibility_package/vendor/nltk/corpus/reader/indian.py,pip install --target reproducibility_package/vendor textblob,none,eb141cbf5820bcb3682d0e8fe793afbddbaff178102486d2df411bb16aa4da42,third-party dependency support
reproducibility_package/vendor/nltk/corpus/reader/ipipan.py,pip install --target reproducibility_package/vendor textblob,none,47466f980ef617807799d20036a8e3188ad483d83071c9266790160579aae679,third-party dependency support
reproducibility_package/vendor/nltk/corpus/reader/knbc.py,pip install --target reproducibility_package/vendor textblob,none,a07c3ff167cdf2151f991d00792fb9fedd4e53343ac2091212d16313f39f71bf,third-party dependency support
reproducibility_package/vendor/nltk/corpus/reader/lin.py,pip install --target reproducibility_package/vendor textblob,none,f5a5085bfa2a3d51504aab53c428a231e32b89f23ea8c3919bde087eae415431,third-party dependency support
reproducibility_package/vendor/nltk/corpus/reader/markdown.py,pip install --target reproducibility_package/vendor textblob,none,38649bb572070b98976c5a337e08439147e65db9f761cc377697116cea2b18df,third-party dependency support
reproducibility_package/vendor/nltk/corpus/reader/mte.py,pip install --target reproducibility_package/vendor textblob,none,95c95ebb6865b2e91438ba2fc8ac71c8eb827690154c89c64d0b8c93e49e29d9,third-party dependency support
reproducibility_package/vendor/nltk/corpus/reader/nkjp.py,pip install --target reproducibility_package/vendor textblob,none,c08d5052ba03dc73e0a8cfac62848420ef8cd88cde26b40218a7e54ac1f4c740,third-party dependency support
reproducibility_package/vendor/nltk/corpus/reader/nombank.py,pip install --target reproducibility_package/vendor textblob,none,a4fc3e59965b2628c7de1b2e3eeed4de2799248093670488a05d089b25438881,third-party dependency support
reproducibility_package/vendor/nltk/corpus/reader/nps_chat.py,pip install --target reproducibility_package/vendor textblob,none,a67ae419a502d0ccfb22e9122b234dec17e5920c290eb98e215c77628d050a88,third-party dependency support
reproducibility_package/vendor/nltk/corpus/reader/opinion_lexicon.py,pip install --target reproducibility_package/vendor textblob,none,99f89641f6162fbb6a03d266e0526282e5d0d1fb8ac37b12fc500efd0bb47e03,third-party dependency support
reproducibility_package/vendor/nltk/corpus/reader/panlex_lite.py,pip install --target reproducibility_package/vendor textblob,none,f3caf6aa6ee0d0dd2125710a8834b0ab74808aaad19955dc8468db841f3ae5a1,third-party dependency support
reproducibility_package/vendor/nltk/corpus/reader/panlex_swadesh.py,pip install --target reproducibility_package/vendor textblob,none,abd37652bc343be003016dec58432ecb673753df27bc8e8a4a414c14beab5fa8,third-party dependency support
reproducibility_package/vendor/nltk/corpus/reader/pl196x.py,pip install --target reproducibility_package/vendor textblob,none,78b33d8ad64c5573d12054f1a049f82442599c145b2c9e4afea20002d75da27d,third-party dependency support
reproducibility_package/vendor/nltk/corpus/reader/plaintext.py,pip install --target reproducibility_package/vendor textblob,none,750ce7fd9ba93bfea50d5aacc644858a01bb3ffb8e019e6b7709d3ba34ca7b77,third-party dependency support
reproducibility_package/vendor/nltk/corpus/reader/ppattach.py,pip install --target reproducibility_package/vendor textblob,none,8dd2df6506cf7c4366449152148276eee86122283b0c10decb9b7275a8294194,third-party dependency support
reproducibility_package/vendor/nltk/corpus/reader/propbank.py,pip install --target reproducibility_package/vendor textblob,none,5a8f55e4f6e533dcd5f5088e98f466099ca3431ea4d5da1337e88576d6f33b07,third-party dependency support
reproducibility_package/vendor/nltk/corpus/reader/pros_cons.py,pip install --target reproducibility_package/vendor textblob,none,375dfd2ef6eba365342a121f05a3802c00ac316914f0b6fa8cdc1f076a7c83f0,third-party dependency support
reproducibility_package/vendor/nltk/corpus/reader/reviews.py,pip install --target reproducibility_package/vendor textblob,none,932b351b18a6968f78a5c6cb656c3b1c9f8fb45bfef1cb4a306f026675002ffd,third-party dependency support
reproducibility_package/vendor/nltk/corpus/reader/rte.py,pip install --target reproducibility_package/vendor textblob,none,98018e6bfb061b645ca6ca4b9a23078024d083a7d656cb9ce384b02364ea7b4d,third-party dependency support
reproducibility_package/vendor/nltk/corpus/reader/semcor.py,pip install --target reproducibility_package/vendor textblob,none,e5d03231f515943335dc6fe11fb5d2225e27173b576b9c2a9bbf192d6481efbe,third-party dependency support
reproducibility_package/vendor/nltk/corpus/reader/senseval.py,pip install --target reproducibility_package/vendor textblob,none,e6fe21efd1a70bd77dbdda81734dbecc94ab364972781f25acf58d9b337f54aa,third-party dependency support
reproducibility_package/vendor/nltk/corpus/reader/sentiwordnet.py,pip install --target reproducibility_package/vendor textblob,none,4ed89927ac2b525c6c28d433b90cd45c737f9d34b12cacc8b7cbd3091c953dcf,third-party dependency support
reproducibility_package/vendor/nltk/corpus/reader/sinica_treebank.py,pip install --target reproducibility_package/vendor textblob,none,9ff94ad048e1618ba1d9bac7023fcd12da32934eba4db928c760280265e0116b,third-party dependency support
reproducibility_package/vendor/nltk/corpus/reader/string_category.py,pip install --target reproducibility_package/vendor textblob,none,f1ee0b03de90148a95b480affc2445469fc11093a03fe4dfcfeb2b8ef8e0aea3,third-party dependency support
reproducibility_package/vendor/nltk/corpus/reader/switchboard.py,pip install --target reproducibility_package/vendor textblob,none,b2198d0f09e4ba1369713590912725f9ba7bf34cea0b22460ac3e687456e76a0,third-party dependency support
reproducibility_package/vendor/nltk/corpus/reader/tagged.py,pip install --target reproducibility_package/vendor textblob,none,df7198d6789cdfd1c8444dea8beb753b41fff5e6ba4463dd0f75766ec302b63c,third-party dependency support
reproducibility_package/vendor/nltk/corpus/reader/timit.py,pip install --target reproducibility_package/vendor textblob,none,7c638a61e37fbfa3d26d8dfbe8633fd28ff5ddc640d07d08f66120d152e26ea9,third-party dependency support
reproducibility_package/vendor/nltk/corpus/reader/toolbox.py,pip install --target reproducibility_package/vendor textblob,none,fda405b58f9e3d5a75a4228b4b33a81cf370ddfd970043c793a1803f3e361a63,third-party dependency support
reproducibility_package/vendor/nltk/corpus/reader/twitter.py,pip install --target reproducibility_package/vendor textblob,none,07f26b9952f8656b816de6ac26e13e21257099c057a661caba59fafe692a9e43,third-party dependency support
reproducibility_package/vendor/nltk/corpus/reader/udhr.py,pip install --target reproducibility_package/vendor textblob,none,24daafd442339ad85c0ead2258d295a7365934c7016a1e63234b5de620a7dd13,third-party dependency support
reproducibility_package/vendor/nltk/corpus/reader/util.py,pip install --target reproducibility_package/vendor textblob,none,a2b9a62fcf8c9a385d2997eeff625baf109b8ff9769cc28f7304f215dc310008,third-party dependency support
reproducibility_package/vendor/nltk/corpus/reader/verbnet.py,pip install --target reproducibility_package/vendor textblob,none,d5d0cd318548d247a8591122fd316d2387128205b8786a9d333786a26b95c3f0,third-party dependency support
reproducibility_package/vendor/nltk/corpus/reader/wordlist.py,pip install --target reproducibility_package/vendor textblob,none,7597f9e1f21a257ba4368eb9ca7e9a00d993c4a383181408435357287bba12ba,third-party dependency support
reproducibility_package/vendor/nltk/corpus/reader/wordnet.py,pip install --target reproducibility_package/vendor textblob,none,52b0c1c8d566e002f8f52ce8f5c7e9ef613f622258c1e7175192c530aba281c3,third-party dependency support
reproducibility_package/vendor/nltk/corpus/reader/xmldocs.py,pip install --target reproducibility_package/vendor textblob,none,7fc1b29a96cd16cdf2fb557d5afd181ee61d92514bbd6e67eea3b3066d0e8c71,third-party dependency support
reproducibility_package/vendor/nltk/corpus/reader/ycoe.py,pip install --target reproducibility_package/vendor textblob,none,bb0dcec6c0708c957103b8590af96c97b8da03d2e36ec4c678e9816e7cc56923,third-party dependency support
reproducibility_package/vendor/nltk/corpus/reader/__init__.py,pip install --target reproducibility_package/vendor textblob,none,e0d85e489eb0e8b8a2d25f9aef7a8f7aedfdd539a8ed69af8a6ce08091615ab6,third-party dependency support
reproducibility_package/vendor/nltk/draw/cfg.py,pip install --target reproducibility_package/vendor textblob,none,07aec7ac63fcdd68ec01f3599c08af1b37863faf3a53b136a4a645667e8a6469,third-party dependency support
reproducibility_package/vendor/nltk/draw/dispersion.py,pip install --target reproducibility_package/vendor textblob,none,a09d66fb245439c2e7325bb2033bab87bd2390d6031c9f26f1b15581f6024267,third-party dependency support
reproducibility_package/vendor/nltk/draw/table.py,pip install --target reproducibility_package/vendor textblob,none,c4c1c933895106a8268c8330ad10537ef7054fd71a1be1071cd3e30afc70f06b,third-party dependency support
reproducibility_package/vendor/nltk/draw/tree.py,pip install --target reproducibility_package/vendor textblob,none,669f7a01d82702d3486c7589711da0d3a3ea239b32fb754ca084c52414aa2c19,third-party dependency support
reproducibility_package/vendor/nltk/draw/util.py,pip install --target reproducibility_package/vendor textblob,none,9c68f13f09dfd46da08fd6e482bf0cb403fb5d00cac7d33dfc60b92086adc11f,third-party dependency support
reproducibility_package/vendor/nltk/draw/__init__.py,pip install --target reproducibility_package/vendor textblob,none,7c02d5c2a40b457ad8b48ce6c6c685a7aeba9c10b67e0ae8703a58f8bf90f445,third-party dependency support
reproducibility_package/vendor/nltk/huggingface/dataset.py,pip install --target reproducibility_package/vendor textblob,none,f8213b2742bfa627382ef841bdf235bde90ddd930fac722cb3812faa1ea95e01,third-party dependency support
reproducibility_package/vendor/nltk/huggingface/__init__.py,pip install --target reproducibility_package/vendor textblob,none,8adb9676948e41b2366c9343c7b4dd4a17cd9cfd59d0d1497ec15213e29b5a23,third-party dependency support
reproducibility_package/vendor/nltk/inference/api.py,pip install --target reproducibility_package/vendor textblob,none,425a2c8081db73b07625b58ac5bd8c613fa22b87620b4bcff1994a683db7133a,third-party dependency support
reproducibility_package/vendor/nltk/inference/discourse.py,pip install --target reproducibility_package/vendor textblob,none,7ea8d503efa05cb8eaf5954ad8cbf2e6ef6f7e5b6255135232b632bd2724370a,third-party dependency support
reproducibility_package/vendor/nltk/inference/mace.py,pip install --target reproducibility_package/vendor textblob,none,e6aa09a4895575939fd4aed0e23e131b321c31495421e6a4f3cacf7782fec90f,third-party dependency support
reproducibility_package/vendor/nltk/inference/nonmonotonic.py,pip install --target reproducibility_package/vendor textblob,none,88abc8aa1f23da33a549f58360cfb580542ef8b81e7da323308b52aef61628d9,third-party dependency support
reproducibility_package/vendor/nltk/inference/prover9.py,pip install --target reproducibility_package/vendor textblob,none,5a844f62408403868f70c4f2c7e69503b6b31d3556afd58c0495a57847ac090d,third-party dependency support
reproducibility_package/vendor/nltk/inference/resolution.py,pip install --target reproducibility_package/vendor textblob,none,30613d5a1eb37ca4faafba9fe0a1e7af512fa2203eca06a18ff04bca011f05dc,third-party dependency support
reproducibility_package/vendor/nltk/inference/tableau.py,pip install --target reproducibility_package/vendor textblob,none,19ed2b6d0911b08d4387c147002380982c48bd2f46b16195bdfb7489e357ed1e,third-party dependency support
reproducibility_package/vendor/nltk/inference/__init__.py,pip install --target reproducibility_package/vendor textblob,none,2ee3cad95f0ce080711b10ee60ec80a382b4b705e2e6be8dc38018fbe277d02e,third-party dependency support
reproducibility_package/vendor/nltk/lm/api.py,pip install --target reproducibility_package/vendor textblob,none,46f2019a50f8db92d850e596b96707a9e5485d7b72bffb2b7852dcbe5657b31b,third-party dependency support
reproducibility_package/vendor/nltk/lm/counter.py,pip install --target reproducibility_package/vendor textblob,none,dbaccfff0ddd87c7434d674c059d3d3fbab75e546fdee27c88a4556ecf50273a,third-party dependency support
reproducibility_package/vendor/nltk/lm/models.py,pip install --target reproducibility_package/vendor textblob,none,f49a70af478b2eab90d22d5a609cce8797b437351927f04c7c00018eb57a345d,third-party dependency support
reproducibility_package/vendor/nltk/lm/preprocessing.py,pip install --target reproducibility_package/vendor textblob,none,cb655fa6ba0ef1d33f4aef2602c7807dec30577791a1a4214c1e9649bb7ea4f3,third-party dependency support
reproducibility_package/vendor/nltk/lm/smoothing.py,pip install --target reproducibility_package/vendor textblob,none,b134cd7b96c423e175eaf45d499ece0bc371337851522c8e4c704538576707a5,third-party dependency support
reproducibility_package/vendor/nltk/lm/util.py,pip install --target reproducibility_package/vendor textblob,none,d231755e0b9adc78317fac07338433ef02eb84d959891ef534c33d6bede5a7f1,third-party dependency support
reproducibility_package/vendor/nltk/lm/vocabulary.py,pip install --target reproducibility_package/vendor textblob,none,e558af66583be791986e948f6c7c234ccf9df77377022f24132012808c4f6aee,third-party dependency support
reproducibility_package/vendor/nltk/lm/__init__.py,pip install --target reproducibility_package/vendor textblob,none,4c74fc65059cf48d4589975e87c02d5cb4e8a4c8ff2f080ca7dc200bb9f48bbf,third-party dependency support
reproducibility_package/vendor/nltk/metrics/agreement.py,pip install --target reproducibility_package/vendor textblob,none,6da64f079a7007a77a2e848a9dc426606fb50e8b2b27b9e0330080b88f2aff98,third-party dependency support
reproducibility_package/vendor/nltk/metrics/aline.py,pip install --target reproducibility_package/vendor textblob,none,81e8f882a1b4b30913312a952e257b43107281d1c9294dec32c62a41299ce967,third-party dependency support
reproducibility_package/vendor/nltk/metrics/association.py,pip install --target reproducibility_package/vendor textblob,none,4221cb9ef9a89ac60d0152f22030075e4f3e05fc3314f6de765261032ee60afe,third-party dependency support
reproducibility_package/vendor/nltk/metrics/confusionmatrix.py,pip install --target reproducibility_package/vendor textblob,none,fcd108ce9f1a1926f94bd90b1f126c28baf3add1b433ad98579eafca18688094,third-party dependency support
reproducibility_package/vendor/nltk/metrics/distance.py,pip install --target reproducibility_package/vendor textblob,none,caa1d4f040d2468d4b6e9ba75a7c0e5bf88cd740656f96e7df5dc40184df288b,third-party dependency support
reproducibility_package/vendor/nltk/metrics/paice.py,pip install --target reproducibility_package/vendor textblob,none,c696c3ec77960236378c9261256fe3c56144be980e7cde628557d91d2af67b34,third-party dependency support
reproducibility_package/vendor/nltk/metrics/scores.py,pip install --target reproducibility_package/vendor textblob,none,9b155dbefe688c7e6187d4bd345619f436458e6b49cdba8f540c19088701c863,third-party dependency support
reproducibility_package/vendor/nltk/metrics/segmentation.py,pip install --target reproducibility_package/vendor textblob,none,6455fea9e1880aee0951c3c76927d0307d2ea48f110ccaaee2a7e81382d5d18e,third-party dependency support
reproducibility_package/vendor/nltk/metrics/spearman.py,pip install --target reproducibility_package/vendor textblob,none,49ed84458152ec3c55e7fdc7c6385326ae092a40633a5144b7dbbe0cb12e01ea,third-party dependency support
reproducibility_package/vendor/nltk/metrics/__init__.py,pip install --target reproducibility_package/vendor textblob,none,45f6718d469734ee25d3b0dc6199f49e2864f7e12a902b6f2ecfad352b2a8d5c,third-party dependency support
reproducibility_package/vendor/nltk/misc/babelfish.py,pip install --target reproducibility_package/vendor textblob,none,0ec2ef4dd55b1380aa48bfeb27da01fb4cea9a2b59ee01fcc4a2254376dc4a03,third-party dependency support
reproducibility_package/vendor/nltk/misc/chomsky.py,pip install --target reproducibility_package/vendor textblob,none,3e6c012d04a72de6ef2df6c971e6df062637375d3d0037ad026cfe810c62f4e7,third-party dependency support
reproducibility_package/vendor/nltk/misc/minimalset.py,pip install --target reproducibility_package/vendor textblob,none,6afc9906c9e06e3dab28353b191696b68ff06281a77a879aa356c4057786b7df,third-party dependency support
reproducibility_package/vendor/nltk/misc/sort.py,pip install --target reproducibility_package/vendor textblob,none,b6167d9f8ca6156816b8bf986b46eb3c27afca84aea744db1fbcaadf3fe36cba,third-party dependency support
reproducibility_package/vendor/nltk/misc/wordfinder.py,pip install --target reproducibility_package/vendor textblob,none,ceb1a47cb158b3dd9c7bb9edd049665e0a66a3a625babe99302a91f3548f4cae,third-party dependency support
reproducibility_package/vendor/nltk/misc/__init__.py,pip install --target reproducibility_package/vendor textblob,none,a32120f911444fd3b0c6ae2feb610fa1222f8fc3575aa79fedf65b36bfd7739b,third-party dependency support
reproducibility_package/vendor/nltk/parse/api.py,pip install --target reproducibility_package/vendor textblob,none,989c7f1f8eab3c518722612c6a350435cb2f6bf7eaedc4af1dcc529b8757506f,third-party dependency support
reproducibility_package/vendor/nltk/parse/bllip.py,pip install --target reproducibility_package/vendor textblob,none,46934f86e8721aeb2d435dadf3a4fb409fb7af21504f035218dcc6f38fa3aeb4,third-party dependency support
reproducibility_package/vendor/nltk/parse/chart.py,pip install --target reproducibility_package/vendor textblob,none,f17f972cfa713a75851fa49afef1cc4a179455bd25c37bdb9e0e85e68206dcbd,third-party dependency support
reproducibility_package/vendor/nltk/parse/corenlp.py,pip install --target reproducibility_package/vendor textblob,none,fbd601b7a9ec655d9ab2fe00109474a2b003d360bf9f39d6be6bf6e715dd6b03,third-party dependency support
reproducibility_package/vendor/nltk/parse/dependencygraph.py,pip install --target reproducibility_package/vendor textblob,none,333f8a48ec0af3d966bcb3a40c732d6d4cde6646c1cdf627cc1867fbe27a7953,third-party dependency support
reproducibility_package/vendor/nltk/parse/earleychart.py,pip install --target reproducibility_package/vendor textblob,none,a66fe6290b3f07bc5e28576a3e5d7149b6b7c5ed09a6da22eb0104f37950ab9b,third-party dependency support
reproducibility_package/vendor/nltk/parse/evaluate.py,pip install --target reproducibility_package/vendor textblob,none,ffcb2d7a86e09071b163022a9dc6e070a6b8ef8b456ae2e2a87af917b024884e,third-party dependency support
reproducibility_package/vendor/nltk/parse/featurechart.py,pip install --target reproducibility_package/vendor textblob,none,b767f8ea0a0ab09785020c8c9fa798903663919dc621ef96d7fae48f49c1fb13,third-party dependency support
reproducibility_package/vendor/nltk/parse/generate.py,pip install --target reproducibility_package/vendor textblob,none,ea5bae3b750573e1e0cfabbe465cecc978b6e40240435acbd555acb8f4f9ff8f,third-party dependency support
reproducibility_package/vendor/nltk/parse/malt.py,pip install --target reproducibility_package/vendor textblob,none,1755cc5a27d00be66619eae9ac2311fb5f7c486329672745738e27289d1676a3,third-party dependency support
reproducibility_package/vendor/nltk/parse/nonprojectivedependencyparser.py,pip install --target reproducibility_package/vendor textblob,none,394ed78639b1fed687e00d49b68eb7346e26ce60031a44336d9d6bfd901db83f,third-party dependency support
reproducibility_package/vendor/nltk/parse/pchart.py,pip install --target reproducibility_package/vendor textblob,none,69d031aaa0d4c704729788770428a9c5f50c6b71bc781f2588a717f9e32b2559,third-party dependency support
reproducibility_package/vendor/nltk/parse/projectivedependencyparser.py,pip install --target reproducibility_package/vendor textblob,none,bff7d80a6df20ff46a48af6cca6c9a37291203d9c1f2735d2b6e32baf129f817,third-party dependency support
reproducibility_package/vendor/nltk/parse/recursivedescent.py,pip install --target reproducibility_package/vendor textblob,none,c11c7e78cf22d417410b187da7271638a5d70410fa1270a6dbe8c3c467c96135,third-party dependency support
reproducibility_package/vendor/nltk/parse/shiftreduce.py,pip install --target reproducibility_package/vendor textblob,none,5805172c55c33875b1542f8a8eba92cf8ea54d06f3ef8295a87de774ea745a22,third-party dependency support
reproducibility_package/vendor/nltk/parse/stanford.py,pip install --target reproducibility_package/vendor textblob,none,2bddb400d774bc8bccb76e40c0d587fab2acc28e9343ee65897a9fca18396949,third-party dependency support
reproducibility_package/vendor/nltk/parse/transitionparser.py,pip install --target reproducibility_package/vendor textblob,none,ed55985d08ed38333d007c5e5c19170a4dc19009e871ab616d198a3da92eea70,third-party dependency support
reproducibility_package/vendor/nltk/parse/util.py,pip install --target reproducibility_package/vendor textblob,none,4c356a99ae2269b702846c20d41ce4ab37c64535a409a086f1c0db4c5057c830,third-party dependency support
reproducibility_package/vendor/nltk/parse/viterbi.py,pip install --target reproducibility_package/vendor textblob,none,db1731820fb3a2c85264ed4e34c955223397243552987aea6cf2e6ed714f6ce7,third-party dependency support
reproducibility_package/vendor/nltk/parse/__init__.py,pip install --target reproducibility_package/vendor textblob,none,83fd3ea3ec5a6f3a7594cdb69c63d173aba07daa78921238b305c8c9a4ae0432,third-party dependency support
reproducibility_package/vendor/nltk/sem/boxer.py,pip install --target reproducibility_package/vendor textblob,none,8dc7d8434da58cd8a08b1bbfed72470c9d0d8c4f6a6983cc013af7ef584f6823,third-party dependency support
reproducibility_package/vendor/nltk/sem/chat80.py,pip install --target reproducibility_package/vendor textblob,none,c42c99543ed2bc4e112ed73bf5d964f0e7e7f651cb5f229685cd9960e180b902,third-party dependency support
reproducibility_package/vendor/nltk/sem/cooper_storage.py,pip install --target reproducibility_package/vendor textblob,none,15ce15781f2227e9c1bf933662c184b1ffbdff32269d90e2eefdae1ecbcc85d6,third-party dependency support
reproducibility_package/vendor/nltk/sem/drt.py,pip install --target reproducibility_package/vendor textblob,none,89e8cd9b1754f83a720dd035d9c0e3079770c0f575ed824aa47bc79b7b277447,third-party dependency support
reproducibility_package/vendor/nltk/sem/drt_glue_demo.py,pip install --target reproducibility_package/vendor textblob,none,ae1aba1664d61f4db4c2fe858d0598a39b4ea954a738cf0b92911a98049422f2,third-party dependency support
reproducibility_package/vendor/nltk/sem/evaluate.py,pip install --target reproducibility_package/vendor textblob,none,5705cf00e6587a0321a951afe9134a0df6f63bb916b4fe85b67489cde7f0ca4d,third-party dependency support
reproducibility_package/vendor/nltk/sem/glue.py,pip install --target reproducibility_package/vendor textblob,none,b033c74aef642e4e2e7ac056184edfa04a44fbc85cae94092ba2f2f61e7e1f82,third-party dependency support
reproducibility_package/vendor/nltk/sem/hole.py,pip install --target reproducibility_package/vendor textblob,none,3c07480be9e8c55f33d0fe7c8c24e2379a25925c63e55f5f018ef5768d040692,third-party dependency support
reproducibility_package/vendor/nltk/sem/lfg.py,pip install --target reproducibility_package/vendor textblob,none,ed31e2f449629e7ad5a9b11d6228d8bdd87de32ac3838c7176292f7910801d2e,third-party dependency support
reproducibility_package/vendor/nltk/sem/linearlogic.py,pip install --target reproducibility_package/vendor textblob,none,c6ecaf6336bd7c2a9cb88664ea82a1be5a16e10c387f8488fefd0b279a3364b4,third-party dependency support
reproducibility_package/vendor/nltk/sem/logic.py,pip install --target reproducibility_package/vendor textblob,none,4c04ac679edad7edf2e25f0bd0fbf7d0a9ef825bd3504eb680f2573140039ceb,third-party dependency support
reproducibility_package/vendor/nltk/sem/relextract.py,pip install --target reproducibility_package/vendor textblob,none,a49ba4956ad3ab9d7caeca853e31f93faa5651862ac2282d7cadc324fd0422ef,third-party dependency support
reproducibility_package/vendor/nltk/sem/skolemize.py,pip install --target reproducibility_package/vendor textblob,none,3f402f84eb13052ad7efa07cb564a183d281d9a49b4fba9b96dbe4d13631f921,third-party dependency support
reproducibility_package/vendor/nltk/sem/util.py,pip install --target reproducibility_package/vendor textblob,none,f72d4afbb5560602410fd3e7c377ead3dbdccbb44de4dcfab9873bba29ae9878,third-party dependency support
reproducibility_package/vendor/nltk/sem/__init__.py,pip install --target reproducibility_package/vendor textblob,none,7f42426138aea4d5d3a10e6d431cccda365d6a8d430762245e37b973cc9636ae,third-party dependency support
reproducibility_package/vendor/nltk/sentiment/sentiment_analyzer.py,pip install --target reproducibility_package/vendor textblob,none,222b902a67b94f4826347aef06690ab0db4c25b7dbc1e89e4f232aaab0836e4e,third-party dependency support
reproducibility_package/vendor/nltk/sentiment/util.py,pip install --target reproducibility_package/vendor textblob,none,11125a3a2ff3634a0c32d5038a167d1b135370088fa8aa70e1efe69be7ffdc95,third-party dependency support
reproducibility_package/vendor/nltk/sentiment/vader.py,pip install --target reproducibility_package/vendor textblob,none,bee363442f6912012f47af9c7d087935f2fa1008b02a07c80dbca1de9918b759,third-party dependency support
reproducibility_package/vendor/nltk/sentiment/__init__.py,pip install --target reproducibility_package/vendor textblob,none,7070de5a6ee624a8be13297a017d687da07f4c46d811c8c8ae4beb28baaa13b9,third-party dependency support
reproducibility_package/vendor/nltk/stem/api.py,pip install --target reproducibility_package/vendor textblob,none,00590a4066db63fbdceb93306f19504857ec370bf16a0ef0989610e5cddf8578,third-party dependency support
reproducibility_package/vendor/nltk/stem/arlstem.py,pip install --target reproducibility_package/vendor textblob,none,b82e763e1e3b0cbf5737b81384206bc86e250e5419082c1ae17cabd43112f5f2,third-party dependency support
reproducibility_package/vendor/nltk/stem/arlstem2.py,pip install --target reproducibility_package/vendor textblob,none,3157872d1245ee8a42b3492f794fcede95d6deec22b9f149226ef56b297af4f1,third-party dependency support
reproducibility_package/vendor/nltk/stem/cistem.py,pip install --target reproducibility_package/vendor textblob,none,dd0ea71f09b4e91f4eb6e204b7cc24f3d5954820cd86142633e86c045065ee7e,third-party dependency support
reproducibility_package/vendor/nltk/stem/isri.py,pip install --target reproducibility_package/vendor textblob,none,9bd503203bd9eff65747f8302629aa74193b9212ce8ad8fbb24a9e63bb23765e,third-party dependency support
reproducibility_package/vendor/nltk/stem/lancaster.py,pip install --target reproducibility_package/vendor textblob,none,71a1d2a37f07e517e2db406ab4f316c5433b031212bcab1471a90ce0d4ebcfef,third-party dependency support
reproducibility_package/vendor/nltk/stem/porter.py,pip install --target reproducibility_package/vendor textblob,none,ab16069c9db8f596b7fad2563118812d8b5cf84ccaebc4446a422bb0f3fd2d69,third-party dependency support
reproducibility_package/vendor/nltk/stem/regexp.py,pip install --target reproducibility_package/vendor textblob,none,a66e1c3b78b5578641884b8b9fc05e3d0d58493573bed960ed2ed0da36b29554,third-party dependency support
reproducibility_package/vendor/nltk/stem/rslp.py,pip install --target reproducibility_package/vendor textblob,none,25f797725b8e9e8c8de4d3617c7e078cdeaa9ef431a88cd639f20fd73a2f84d1,third-party dependency support
reproducibility_package/vendor/nltk/stem/snowball.py,pip install --target reproducibility_package/vendor textblob,none,cd3fa2622724bb686f48f831d8f64ca871eb40f69ac7f33c99487299974dd1e3,third-party dependency support
reproducibility_package/vendor/nltk/stem/util.py,pip install --target reproducibility_package/vendor textblob,none,32d676b6cede35ff7026a9844e2f517eb349817769645cb9c60eceaf17712597,third-party dependency support
reproducibility_package/vendor/nltk/stem/wordnet.py,pip install --target reproducibility_package/vendor textblob,none,e1eeec1ef6d3f1a50b45f6f6d84aee3d55d0be1335be2540567d6b9c0cfa927f,third-party dependency support
reproducibility_package/vendor/nltk/stem/__init__.py,pip install --target reproducibility_package/vendor textblob,none,31767bf070980dfe4ae426105611dc7cf7a8610c11bb7c91f8b9e8cb91e92a3b,third-party dependency support
reproducibility_package/vendor/nltk/tag/api.py,pip install --target reproducibility_package/vendor textblob,none,db1e7b232d38073f611da1ec469ca2c0155735e4687159c825fd67ff22c31f00,third-party dependency support
reproducibility_package/vendor/nltk/tag/brill.py,pip install --target reproducibility_package/vendor textblob,none,096c8922bafa2a7dd5deedc019d50c2c15f6d58df00b1736f4189f45f7f6e390,third-party dependency support
reproducibility_package/vendor/nltk/tag/brill_trainer.py,pip install --target reproducibility_package/vendor textblob,none,fff5622b1cd44035c97dc9c595bfe29d3217a28e71596c6d888864e0a8f31d81,third-party dependency support
reproducibility_package/vendor/nltk/tag/crf.py,pip install --target reproducibility_package/vendor textblob,none,e8f8e0b67943f6190c81bd22cf140a3a1730369d90117153c61e98c2810bcb54,third-party dependency support
reproducibility_package/vendor/nltk/tag/hmm.py,pip install --target reproducibility_package/vendor textblob,none,a0ce8be5836218f4c4be7decd2055de3c508c61c4ca7423b0d8ae8d384d055b0,third-party dependency support
reproducibility_package/vendor/nltk/tag/hunpos.py,pip install --target reproducibility_package/vendor textblob,none,6f0b8d9ed2da73bb8c2888292028b79b5badd96258713886fd6cceaf258ff6cf,third-party dependency support
reproducibility_package/vendor/nltk/tag/mapping.py,pip install --target reproducibility_package/vendor textblob,none,71dfc2a21d4d83f92ae308aa356f3af2d984422a3ab8f2d904e9c3c4acf32535,third-party dependency support
reproducibility_package/vendor/nltk/tag/perceptron.py,pip install --target reproducibility_package/vendor textblob,none,9d619a5ce7533c7eb388a70fedca8dcf0fb78279e1744e2abfdfcca9abd459ea,third-party dependency support
reproducibility_package/vendor/nltk/tag/senna.py,pip install --target reproducibility_package/vendor textblob,none,aaaad3fe58c89a163e444bcc9ecdd7706e83ab97e02cd5f21280a285bdbeeb0e,third-party dependency support
reproducibility_package/vendor/nltk/tag/sequential.py,pip install --target reproducibility_package/vendor textblob,none,5ee110c85573150a9631377e384d50757e4fc881dbc6035071a15e14e7adbaff,third-party dependency support
reproducibility_package/vendor/nltk/tag/stanford.py,pip install --target reproducibility_package/vendor textblob,none,464e3ce29bddeb3846f576f0628d3f6e5e1f2cba18d1084440e69a91c4fb99a4,third-party dependency support
reproducibility_package/vendor/nltk/tag/tnt.py,pip install --target reproducibility_package/vendor textblob,none,b3dbf59d2d2bc1c8320b427c85892204c6d2ff6aa05046e6d6efcd230a7fc787,third-party dependency support
reproducibility_package/vendor/nltk/tag/util.py,pip install --target reproducibility_package/vendor textblob,none,7289a43288da3e430004fd9309e4c67fef21fa99604ff59203dd9654aff69384,third-party dependency support
reproducibility_package/vendor/nltk/tag/__init__.py,pip install --target reproducibility_package/vendor textblob,none,8abc030e334bdec6023f10feef06752d2d1268bcd79fe17e3c3603858f94e2f1,third-party dependency support
reproducibility_package/vendor/nltk/tbl/api.py,pip install --target reproducibility_package/vendor textblob,none,e3b0c44298fc1c149afbf4c8996fb92427ae41e4649b934ca495991b7852b855,third-party dependency support
reproducibility_package/vendor/nltk/tbl/demo.py,pip install --target reproducibility_package/vendor textblob,none,c1accdcc5849beb76faeb9063ccd4940381e2db6050b7cfc35d732d6351d4cf0,third-party dependency support
reproducibility_package/vendor/nltk/tbl/erroranalysis.py,pip install --target reproducibility_package/vendor textblob,none,1c1f46f64072e802c803b2bee7427c4775fb7307b8d032267f45e418392f488d,third-party dependency support
reproducibility_package/vendor/nltk/tbl/feature.py,pip install --target reproducibility_package/vendor textblob,none,8aef650d52cc15ff9fec1aef89e124276b3a94cfda5e63a7e0ad3887c64623bc,third-party dependency support
reproducibility_package/vendor/nltk/tbl/rule.py,pip install --target reproducibility_package/vendor textblob,none,f3b498a22eb89112cc2f44bfb63d6f6bb3124a38f9daa0c3dfaa32bb716919e1,third-party dependency support
reproducibility_package/vendor/nltk/tbl/template.py,pip install --target reproducibility_package/vendor textblob,none,42bb1aacde377839c18039d70f8da37d5ab43bb440054a6d16fa3abc597633a1,third-party dependency support
reproducibility_package/vendor/nltk/tbl/__init__.py,pip install --target reproducibility_package/vendor textblob,none,e7b31cc62dd25a7cb616ae9fbaae68790d5fa89bff8cc723a99016cb2a74437b,third-party dependency support
reproducibility_package/vendor/nltk/test/all.py,pip install --target reproducibility_package/vendor textblob,none,faa13867c6eefb69b88fb04c14d12f98fd1d8b8b279dd446333a5e79a4ea64bf,third-party dependency support
reproducibility_package/vendor/nltk/test/bleu.doctest,pip install --target reproducibility_package/vendor textblob,none,64dab86e60a1f180e1e27d8d0b0fec6c8967a49f00804c6c5eabafc9ba235bb7,third-party dependency support
reproducibility_package/vendor/nltk/test/bnc.doctest,pip install --target reproducibility_package/vendor textblob,none,934e581192282616c1dfd730906b26184947c22c9057a2e86a35694ed19f9c25,third-party dependency support
reproducibility_package/vendor/nltk/test/ccg.doctest,pip install --target reproducibility_package/vendor textblob,none,ba0e29af48bd601d1ccd911d91ca756a02752a9e3b0534ad22aa32b2ebc55a1e,third-party dependency support
reproducibility_package/vendor/nltk/test/ccg_semantics.doctest,pip install --target reproducibility_package/vendor textblob,none,19247390c138d349965b662f9f50aa7738eb993d692d39c5738a84693fc3bd25,third-party dependency support
reproducibility_package/vendor/nltk/test/chat80.doctest,pip install --target reproducibility_package/vendor textblob,none,9620ccc38d2027ad4d1aea5ebe7a6c5d558823389a9958870244b6ac3fcda498,third-party dependency support
reproducibility_package/vendor/nltk/test/childes.doctest,pip install --target reproducibility_package/vendor textblob,none,70a0960905dfd63b838992c762433c5c759dffb8f673494cbdf14c5fc6a479d8,third-party dependency support
reproducibility_package/vendor/nltk/test/childes_fixt.py,pip install --target reproducibility_package/vendor textblob,none,cd37ebbff420c766e0e9748732a9144a7d9dd95bf174f586f3496d63edda2947,third-party dependency support
reproducibility_package/vendor/nltk/test/chunk.doctest,pip install --target reproducibility_package/vendor textblob,none,ac7c30e92bd463d53cff94e05c78b991b6d05ac00662e6526e1043de2cadc1d7,third-party dependency support
reproducibility_package/vendor/nltk/test/classify.doctest,pip install --target reproducibility_package/vendor textblob,none,1eb03cc228866abb7c792c20e1b2e4dfb3fc899a475e7e7b61e372a3ffed36a2,third-party dependency support
reproducibility_package/vendor/nltk/test/classify_fixt.py,pip install --target reproducibility_package/vendor textblob,none,89e9f791d32a5999768ddfc40d7ee4c2fff769cbf936788a592879d426b5a5b2,third-party dependency support
reproducibility_package/vendor/nltk/test/collections.doctest,pip install --target reproducibility_package/vendor textblob,none,cbcdd9d571d5275626cbbc83b1e1c1f5408850950cd4ed97a58dd73372760cdd,third-party dependency support
reproducibility_package/vendor/nltk/test/collocations.doctest,pip install --target reproducibility_package/vendor textblob,none,8a5a9eea9659cf470f8296723e51fa659cef2b95dc9edfd54d488b5a49a60f05,third-party dependency support
reproducibility_package/vendor/nltk/test/concordance.doctest,pip install --target reproducibility_package/vendor textblob,none,8efc80ee430dc8c09d9100cd47c92ab33e1dc07ddcead7c29e983631979b6794,third-party dependency support
reproducibility_package/vendor/nltk/test/conftest.py,pip install --target reproducibility_package/vendor textblob,none,d7e7dc2b20177223c14693f5685fed69144205130d6746f772e95289d2308465,third-party dependency support
reproducibility_package/vendor/nltk/test/corpus.doctest,pip install --target reproducibility_package/vendor textblob,none,8a3201238ccae043628c52c60d09cb3c0aaaa403d5cefc3e9e9955e5852e6d08,third-party dependency support
reproducibility_package/vendor/nltk/test/crubadan.doctest,pip install --target reproducibility_package/vendor textblob,none,d33066e48081197fbdbb8b20f7565f89da854b1569c1cd62271a7d34afcba9ee,third-party dependency support
reproducibility_package/vendor/nltk/test/data.doctest,pip install --target reproducibility_package/vendor textblob,none,29cd342e0c98a9d95e6c24f63714cb8ac5d0ceb4a4f8cd360f6d1ea995570685,third-party dependency support
reproducibility_package/vendor/nltk/test/dependency.doctest,pip install --target reproducibility_package/vendor textblob,none,4582b05fde9b5e6fdf886bd5c1124e7f7866b7a438532b099c4422167da0e850,third-party dependency support
reproducibility_package/vendor/nltk/test/discourse.doctest,pip install --target reproducibility_package/vendor textblob,none,3a6b003aa04948df1f14224bf2bd6c32d3919905618487e10615da0e7eda97eb,third-party dependency support
reproducibility_package/vendor/nltk/test/drt.doctest,pip install --target reproducibility_package/vendor textblob,none,a510d219ef1fc67f687ac53fee0ab2f0c0466df999dfeb85158675bb734df064,third-party dependency support
reproducibility_package/vendor/nltk/test/featgram.doctest,pip install --target reproducibility_package/vendor textblob,none,0d430cdd3a4d25bac079db5a1449af4931fdfc71c31a19d1727cd85df456c2b5,third-party dependency support
reproducibility_package/vendor/nltk/test/featstruct.doctest,pip install --target reproducibility_package/vendor textblob,none,dd492413ff1ccb940ae70627b7cad6212b9c05a41ec5eb304f86bfde96b18772,third-party dependency support
reproducibility_package/vendor/nltk/test/framenet.doctest,pip install --target reproducibility_package/vendor textblob,none,2d128e24a45117029f9d8633c5757276e73612f3d65eca3fb31e4afd35c98422,third-party dependency support
reproducibility_package/vendor/nltk/test/generate.doctest,pip install --target reproducibility_package/vendor textblob,none,2c8f28fac678f2cf28aff32d40315e8b4721b5c132bed3316f3778456e0bb2ce,third-party dependency support
reproducibility_package/vendor/nltk/test/gensim.doctest,pip install --target reproducibility_package/vendor textblob,none,fcdb60574c6720b4ea2414a8222691227e38e60c0b2338635e79f5f3eaca6aa2,third-party dependency support
reproducibility_package/vendor/nltk/test/gensim_fixt.py,pip install --target reproducibility_package/vendor textblob,none,4a72d171b1154219db1b7c73211826c805b669ac73bc00aed9cb9cd9b1b1880d,third-party dependency support
reproducibility_package/vendor/nltk/test/gluesemantics.doctest,pip install --target reproducibility_package/vendor textblob,none,8da492f86b40a917f1b9383caf3dad160b34d5d7448816c9f0f709724b338fd0,third-party dependency support
reproducibility_package/vendor/nltk/test/gluesemantics_malt.doctest,pip install --target reproducibility_package/vendor textblob,none,295d8b3f3266007d23e6457a34b2b7ee0e3bf56326e597e0a96d53ab1198aa4f,third-party dependency support
reproducibility_package/vendor/nltk/test/gluesemantics_malt_fixt.py,pip install --target reproducibility_package/vendor textblob,none,9b37aa8a38d4979eb60178f5cef581340c249be9b4ea72f416070f4e5067ca5f,third-party dependency support
reproducibility_package/vendor/nltk/test/grammar.doctest,pip install --target reproducibility_package/vendor textblob,none,0be247bc65687251b6b55b1dc95ed2786a2dd2c62b0f71e9475a82545b4043cb,third-party dependency support
reproducibility_package/vendor/nltk/test/grammartestsuites.doctest,pip install --target reproducibility_package/vendor textblob,none,6e616ff2fc4c379f35726cae21ada6d35036b9baa86174399b3d08c1c31f6593,third-party dependency support
reproducibility_package/vendor/nltk/test/index.doctest,pip install --target reproducibility_package/vendor textblob,none,fbd9a25814b229928fc04926e18065500d989bf561cbb2db4ceadd8021ae2199,third-party dependency support
reproducibility_package/vendor/nltk/test/inference.doctest,pip install --target reproducibility_package/vendor textblob,none,2b5a2067238c60d426e9a912346ffbe173e6bd469ececd3d1484230a2bfb2234,third-party dependency support
reproducibility_package/vendor/nltk/test/internals.doctest,pip install --target reproducibility_package/vendor textblob,none,3895047cec83415752b2be61d7e27f30643cf3f1a1f8b958a4c01d0630d9bab1,third-party dependency support
reproducibility_package/vendor/nltk/test/japanese.doctest,pip install --target reproducibility_package/vendor textblob,none,a97a76703152412aa488b9494f390b4790b541c1a2694330ea84e8a67959c14d,third-party dependency support
reproducibility_package/vendor/nltk/test/lm.doctest,pip install --target reproducibility_package/vendor textblob,none,565bf853c7615f770b7fff44323621be3c746482de96491e2eed5cfdd85802c5,third-party dependency support
reproducibility_package/vendor/nltk/test/logic.doctest,pip install --target reproducibility_package/vendor textblob,none,bca5edc64394679f27a97939b6fd8fc786833ad1bc2606f5ef7650b50645e179,third-party dependency support
reproducibility_package/vendor/nltk/test/meteor.doctest,pip install --target reproducibility_package/vendor textblob,none,f259e176c839d0079eba916bf8ad964a8ab3a1f86bc5df6fcca96d03f566641c,third-party dependency support
reproducibility_package/vendor/nltk/test/metrics.doctest,pip install --target reproducibility_package/vendor textblob,none,891d7a2674e4cedca933545c1e69d41571d8ceae0872388df708488ffc43a9ad,third-party dependency support
reproducibility_package/vendor/nltk/test/misc.doctest,pip install --target reproducibility_package/vendor textblob,none,2d210a249f51e1f35986e620ba16bbef87c6429e579088f0b0926a7271b5c995,third-party dependency support
reproducibility_package/vendor/nltk/test/nonmonotonic.doctest,pip install --target reproducibility_package/vendor textblob,none,25da09ff019083cf85bba133c643779b8ed731668af79ef5aacf1d0daf23f782,third-party dependency support
reproducibility_package/vendor/nltk/test/paice.doctest,pip install --target reproducibility_package/vendor textblob,none,38cea5edf3a189f746dc115d83eba585d9409d96ac0cfe68939b1e9a58778cc1,third-party dependency support
reproducibility_package/vendor/nltk/test/parse.doctest,pip install --target reproducibility_package/vendor textblob,none,442569b44c746c198766d80f5b9711da6103729372994f9dfe3e59163fea7a08,third-party dependency support
reproducibility_package/vendor/nltk/test/portuguese_en.doctest,pip install --target reproducibility_package/vendor textblob,none,3f24973b3fbd627ea12db4b031c4ba94c3200f82315da64e1b13f8d32e219677,third-party dependency support
reproducibility_package/vendor/nltk/test/portuguese_en_fixt.py,pip install --target reproducibility_package/vendor textblob,none,78ca625583414f30990e5bca62946ce40d71188bbb19ecc8939dc84b8b27ebc4,third-party dependency support
reproducibility_package/vendor/nltk/test/probability.doctest,pip install --target reproducibility_package/vendor textblob,none,649db6359c9e39991f699e6e85ede1440212b8b82e1aa6459b11303aec71bdb3,third-party dependency support
reproducibility_package/vendor/nltk/test/probability_fixt.py,pip install --target reproducibility_package/vendor textblob,none,4bcc8f70d3185c161f4a02f0a99fb82cb2318a27b2ae357910346f9f9c9d99ab,third-party dependency support
reproducibility_package/vendor/nltk/test/propbank.doctest,pip install --target reproducibility_package/vendor textblob,none,247ce13607352ef39b4e82fc38ea7c7962e17df6798bf7ed978f5fe7ea1bf994,third-party dependency support
reproducibility_package/vendor/nltk/test/relextract.doctest,pip install --target reproducibility_package/vendor textblob,none,855d617ee2ad80f060ae3d1453e2745d131e6368d7baa2528209fef45e039a9d,third-party dependency support
reproducibility_package/vendor/nltk/test/resolution.doctest,pip install --target reproducibility_package/vendor textblob,none,a14112f535127871c85de10c6858dc94281bbbae61bf8730c6f59efc3592638e,third-party dependency support
reproducibility_package/vendor/nltk/test/semantics.doctest,pip install --target reproducibility_package/vendor textblob,none,d252cd6292c34b293033bab6145fe0ac8bfd254e933bfcab1a4574ed799c2acb,third-party dependency support
reproducibility_package/vendor/nltk/test/sentiment.doctest,pip install --target reproducibility_package/vendor textblob,none,2aa68d354225471164ec67fa98a6166d079f55b76f93f9a12d8fcc833e929710,third-party dependency support
reproducibility_package/vendor/nltk/test/sentiwordnet.doctest,pip install --target reproducibility_package/vendor textblob,none,60be90a92b6c09b595866b3c8e0200b6d7ad7b82822ad7ec49a46710d8d4736c,third-party dependency support
reproducibility_package/vendor/nltk/test/setup_fixt.py,pip install --target reproducibility_package/vendor textblob,none,5e747912c97f4745e228812e7fd0b3601a88677128dea1b46a2e983737a3d15b,third-party dependency support
reproducibility_package/vendor/nltk/test/simple.doctest,pip install --target reproducibility_package/vendor textblob,none,36c60aba4fe622972247a5e4b2b7b8aadcb437943220d61dd9e2ba4efed921f5,third-party dependency support
reproducibility_package/vendor/nltk/test/stem.doctest,pip install --target reproducibility_package/vendor textblob,none,117b73705b236a51b012a169d4d091d246a1f39ac03d347ea3ed2dcb58369a7a,third-party dependency support
reproducibility_package/vendor/nltk/test/tag.doctest,pip install --target reproducibility_package/vendor textblob,none,ee526dd56d781a2de2ea2ae4eca3e16c2a36c20d7eb3460fb63ae0b6fbdf5fde,third-party dependency support
reproducibility_package/vendor/nltk/test/test_filestring_sandbox.py,pip install --target reproducibility_package/vendor textblob,none,6a52aa844fb74863fc9a409932c80567ad12cde8665fb8d52bbf917e0b49abe4,third-party dependency support
reproducibility_package/vendor/nltk/test/tokenize.doctest,pip install --target reproducibility_package/vendor textblob,none,bf607228dcc91dd49da846469ccc6259778fcfa226092125caa14dbf86d7f1a7,third-party dependency support
reproducibility_package/vendor/nltk/test/toolbox.doctest,pip install --target reproducibility_package/vendor textblob,none,f084f378d96e8370c027a7e19394db83f0e1726b955b4650ca41e102318ce20a,third-party dependency support
reproducibility_package/vendor/nltk/test/translate.doctest,pip install --target reproducibility_package/vendor textblob,none,563ddc0698033baa510cddea71dbeefae69fe64945cf4d59f6230364c6236a18,third-party dependency support
reproducibility_package/vendor/nltk/test/tree.doctest,pip install --target reproducibility_package/vendor textblob,none,c0b88857a5f6aecd8978c5a24e47c6ce2f116c04a413c4c87a437d048b55bbe0,third-party dependency support
reproducibility_package/vendor/nltk/test/treeprettyprinter.doctest,pip install --target reproducibility_package/vendor textblob,none,d6c546800d6ada01d5867b42e3fd2907082ee1150c203600df1254ad94fee031,third-party dependency support
reproducibility_package/vendor/nltk/test/treetransforms.doctest,pip install --target reproducibility_package/vendor textblob,none,77169e1ced8748a836a3635fbc5e91fe84159dee215484d0dddea439da53b883,third-party dependency support
reproducibility_package/vendor/nltk/test/util.doctest,pip install --target reproducibility_package/vendor textblob,none,75b6bff45e494c146b6dbd60686e763890688d972e94ef15c7223a1529d2f499,third-party dependency support
reproducibility_package/vendor/nltk/test/wordnet.doctest,pip install --target reproducibility_package/vendor textblob,none,d86e2a1f016b9c9dddcbe7402f5b7499087583a110ea4cf834fb8f467a70c6b5,third-party dependency support
reproducibility_package/vendor/nltk/test/wordnet_lch.doctest,pip install --target reproducibility_package/vendor textblob,none,53c25f7a82510f2fd71a2c6229b2527e668e0043c87537cabef182a649c189b8,third-party dependency support
reproducibility_package/vendor/nltk/test/wsd.doctest,pip install --target reproducibility_package/vendor textblob,none,63a4ca28adc19e337c1a6bfc25c544b02e0e1f72295a35d1370635c5dcb5605c,third-party dependency support
reproducibility_package/vendor/nltk/test/__init__.py,pip install --target reproducibility_package/vendor textblob,none,b49700da0bf4608bbb4568551734e087b172ccf1ee8959675c6f5aa37f450d9e,third-party dependency support
reproducibility_package/vendor/nltk/test/unit/test_aline.py,pip install --target reproducibility_package/vendor textblob,none,27f10e4a475479d200ee0a980677272606ba6db66b1074a30dea9576643082ff,third-party dependency support
reproducibility_package/vendor/nltk/test/unit/test_alpino.py,pip install --target reproducibility_package/vendor textblob,none,c3be045947f0d5f13ddcae3ec26e936857f61e9e07fd2315c78bf2f18e591e77,third-party dependency support
reproducibility_package/vendor/nltk/test/unit/test_bllip.py,pip install --target reproducibility_package/vendor textblob,none,70c85b0d525c92e08ddb68daea47a1efdebc41ecb48799e4a78e10fc8a162c0c,third-party dependency support
reproducibility_package/vendor/nltk/test/unit/test_bllip_importerror.py,pip install --target reproducibility_package/vendor textblob,none,4e05cad106a7d8eb27b6c549e7f7abfa5a82c6379b3eb8a6243a6a834a1dedf3,third-party dependency support
reproducibility_package/vendor/nltk/test/unit/test_boxer_security.py,pip install --target reproducibility_package/vendor textblob,none,11f8a2285a9c5a9bb6cfcba7edbb1e192b9c183ea3a2b649b752822c891a6a67,third-party dependency support
reproducibility_package/vendor/nltk/test/unit/test_brill.py,pip install --target reproducibility_package/vendor textblob,none,1b557239ae19d2772884906c50513402a927a5a058267b0a20832c2128511769,third-party dependency support
reproducibility_package/vendor/nltk/test/unit/test_ccg_dir.py,pip install --target reproducibility_package/vendor textblob,none,1f005599038da7b6b8efdbd995c4b0ff507d076ecf4cb9f33eb294f261cb25c9,third-party dependency support
reproducibility_package/vendor/nltk/test/unit/test_ccg_lexicon_security.py,pip install --target reproducibility_package/vendor textblob,none,a2983f53652c4e7ad6ab57a566a4a95fbd87f4170db24dfa198a030fc944ff90,third-party dependency support
reproducibility_package/vendor/nltk/test/unit/test_cfd_mutation.py,pip install --target reproducibility_package/vendor textblob,none,e40c17b4776d4cc7472326572093ea8831d292846fa5987d9a340955aefd268a,third-party dependency support
reproducibility_package/vendor/nltk/test/unit/test_cfg2chomsky.py,pip install --target reproducibility_package/vendor textblob,none,311ba8e2b1d9c91a386d73af40340b109de508175be949991c20688d9aca0dc6,third-party dependency support
reproducibility_package/vendor/nltk/test/unit/test_chart_parser.py,pip install --target reproducibility_package/vendor textblob,none,96391a5ec73e6870098bb19156c95471d9e6ef678f554af7f7d21aad19dba14e,third-party dependency support
reproducibility_package/vendor/nltk/test/unit/test_childes_security.py,pip install --target reproducibility_package/vendor textblob,none,2e7a3aa2727fe73eaa49d0f9a5d346a74e0261304bd73e241a2dbefcc88db902,third-party dependency support
reproducibility_package/vendor/nltk/test/unit/test_chunk.py,pip install --target reproducibility_package/vendor textblob,none,d31c454400f416f64cceb0938d6086119617248cdc5f51aab3122b850b72139a,third-party dependency support
reproducibility_package/vendor/nltk/test/unit/test_chunk_redos_security.py,pip install --target reproducibility_package/vendor textblob,none,f2e68dfdf747132765ffdfc8d45a4691e3e1d0fd682cdab2e4ac69128963a79c,third-party dependency support
reproducibility_package/vendor/nltk/test/unit/test_cistem.py,pip install --target reproducibility_package/vendor textblob,none,63e45c7ea73a9a2769fae26b94078c8cebb1ce797d1a62512953de009f9c56d4,third-party dependency support
reproducibility_package/vendor/nltk/test/unit/test_classify.py,pip install --target reproducibility_package/vendor textblob,none,cc86d589674755d80f9c6d1906ed97cae94bf4e139985631d18f5b032eaf8edb,third-party dependency support
reproducibility_package/vendor/nltk/test/unit/test_cli.py,pip install --target reproducibility_package/vendor textblob,none,1519476780e2d24ea21de30f25436c9b74cd08ff5da56ca27fc0f99cc8fa9a29,third-party dependency support
reproducibility_package/vendor/nltk/test/unit/test_collocations.py,pip install --target reproducibility_package/vendor textblob,none,b48e8054a5f6bdfc1ddb6499cf43f6096f6f171d4a72cbb81df8f163e891fcba,third-party dependency support
reproducibility_package/vendor/nltk/test/unit/test_concordance.py,pip install --target reproducibility_package/vendor textblob,none,3f1ea81ac6b4d7d2d8f8eb42138c703dc88538a80fafade378a38dbca689f86a,third-party dependency support
reproducibility_package/vendor/nltk/test/unit/test_confusionmatrix.py,pip install --target reproducibility_package/vendor textblob,none,3d3700b0a525b2643117222df982acbc56f08e9d0c20894f9c6b5de20b2ddf4e,third-party dependency support
reproducibility_package/vendor/nltk/test/unit/test_conll_cmudict_security.py,pip install --target reproducibility_package/vendor textblob,none,a6bac713f8cc7b3d6e504406b65107a8a7f52ce223a54e6f9dc5199c7664ded7,third-party dependency support
reproducibility_package/vendor/nltk/test/unit/test_corenlp.py,pip install --target reproducibility_package/vendor textblob,none,9fd95c834b2f651fbac84307edb12799fdceefd2e9db9e7b97e6f4ce7efd7942,third-party dependency support
reproducibility_package/vendor/nltk/test/unit/test_corpora.py,pip install --target reproducibility_package/vendor textblob,none,ef1b200cfe0470281cf69fd3a40be8dd20e861939241b4b867bb1f702e24636e,third-party dependency support
reproducibility_package/vendor/nltk/test/unit/test_corpus_reader.py,pip install --target reproducibility_package/vendor textblob,none,7d59a343267f215e28e9fe423a4321186b90faf8de8d6839ab645dbe28c82897,third-party dependency support
reproducibility_package/vendor/nltk/test/unit/test_corpus_reader_pathsec.py,pip install --target reproducibility_package/vendor textblob,none,2de741a9f12a3001a81a42dacc43f93d1e5918e2f863530aef3866628c0198b0,third-party dependency support
reproducibility_package/vendor/nltk/test/unit/test_corpus_util.py,pip install --target reproducibility_package/vendor textblob,none,2fa0d36ee5776002e3081eb7d50d3fde4fa084012ac25c8635de9641e830356a,third-party dependency support
reproducibility_package/vendor/nltk/test/unit/test_corpus_views.py,pip install --target reproducibility_package/vendor textblob,none,633b03f6b992d5f76733581a4280757d6558b660b2a9842c6901ab60812dfeda,third-party dependency support
reproducibility_package/vendor/nltk/test/unit/test_crf.py,pip install --target reproducibility_package/vendor textblob,none,fca1892a3c6a3bc616a0a86beb20412b29a5f1539b2564cc49d03b32c26fb99c,third-party dependency support
reproducibility_package/vendor/nltk/test/unit/test_data.py,pip install --target reproducibility_package/vendor textblob,none,79509165cff499c204a6ee2708765c6496152ca39d68deb2145b76ede6b900fe,third-party dependency support
reproducibility_package/vendor/nltk/test/unit/test_data_security.py,pip install --target reproducibility_package/vendor textblob,none,e8d6982d4a44b50c9a4d4c7caf10f050e777cbfd23d5a739c72ac6cced788af4,third-party dependency support
reproducibility_package/vendor/nltk/test/unit/test_dependencygraph_security.py,pip install --target reproducibility_package/vendor textblob,none,0f8e801c75bbb9142c5e36058d2d2ce26abbc0037be05bf820a19aa8531023aa,third-party dependency support
reproducibility_package/vendor/nltk/test/unit/test_disagreement.py,pip install --target reproducibility_package/vendor textblob,none,57a33d69ab23370ebaef7096740ce07918164ef1bbdacab85a6a8dc59ae4006a,third-party dependency support
reproducibility_package/vendor/nltk/test/unit/test_distance.py,pip install --target reproducibility_package/vendor textblob,none,a1435c3737211306ece693ce33f0b88d6b09a3679b979ab860401fef03d81a78,third-party dependency support
reproducibility_package/vendor/nltk/test/unit/test_downloader.py,pip install --target reproducibility_package/vendor textblob,none,6d7428631d6536a221753f070df61ac9e9690f45217b459e2fc07e1437bedaa5,third-party dependency support
reproducibility_package/vendor/nltk/test/unit/test_downloader_atomic.py,pip install --target reproducibility_package/vendor textblob,none,7f6507f2f53d5d0c06e510c8ab1856d412c55941c3e0113244e0eead6e2e861f,third-party dependency support
reproducibility_package/vendor/nltk/test/unit/test_downloader_symlink_security.py,pip install --target reproducibility_package/vendor textblob,none,0e5434edde3a643927bd02286010a5cbb263c01a687cb69eee2b5f7548da50c5,third-party dependency support
reproducibility_package/vendor/nltk/test/unit/test_downloader_unzip.py,pip install --target reproducibility_package/vendor textblob,none,ed3f02fd289a72e972ceede5adf0b12a667ab3bf8c685b90581bb181550614e1,third-party dependency support
reproducibility_package/vendor/nltk/test/unit/test_downloader_xxe.py,pip install --target reproducibility_package/vendor textblob,none,162b976b7804327c87b2f6657da3c70abe7d7c9ef7033e02ffd6ec5f19f56f64,third-party dependency support
reproducibility_package/vendor/nltk/test/unit/test_drt_anaphora.py,pip install --target reproducibility_package/vendor textblob,none,e76ce6b536ddad4d51a7532eb6eb71e1e478294b73f7b8746d139e993a14797c,third-party dependency support
reproducibility_package/vendor/nltk/test/unit/test_everygrams_alloc.py,pip install --target reproducibility_package/vendor textblob,none,0dc64b8871fce05b973ad12125a894988d5483d5f132bb1af7be360c12e1bb38,third-party dependency support
reproducibility_package/vendor/nltk/test/unit/test_featstruct_redos.py,pip install --target reproducibility_package/vendor textblob,none,e2dbb67bef19ae51b148ec01e3a14f2ca662ecc47f7effe7f640ff0c735bb500,third-party dependency support
reproducibility_package/vendor/nltk/test/unit/test_framenet_security.py,pip install --target reproducibility_package/vendor textblob,none,032084b015e2f32a0127fc423ce2dc0472da08b37237c6e632740fecb05a9077,third-party dependency support
reproducibility_package/vendor/nltk/test/unit/test_freqdist.py,pip install --target reproducibility_package/vendor textblob,none,849524bad6598f2011b2039fe79961456071be6727193ad75cebb5f345b3c161,third-party dependency support
reproducibility_package/vendor/nltk/test/unit/test_generate.py,pip install --target reproducibility_package/vendor textblob,none,df6bd9d35593b1e20c8652768b552e90ae70be243f5e75a644898d9abd6fc4c9,third-party dependency support
reproducibility_package/vendor/nltk/test/unit/test_hmm.py,pip install --target reproducibility_package/vendor textblob,none,217daf1ac9749c935052b1f188bef333c2fcd5571ceb536cc951f9527d0d0c40,third-party dependency support
reproducibility_package/vendor/nltk/test/unit/test_ieer.py,pip install --target reproducibility_package/vendor textblob,none,58201b99221a3cddb4d02b10ca4775dc6d3d3ae38aea52379debfab255d76158,third-party dependency support
reproducibility_package/vendor/nltk/test/unit/test_inference_security.py,pip install --target reproducibility_package/vendor textblob,none,3d1323e5fb2e74be7a0704d86dce2053e3aeba19a611e71875ee54c359b97c46,third-party dependency support
reproducibility_package/vendor/nltk/test/unit/test_internals.py,pip install --target reproducibility_package/vendor textblob,none,91bb16e82e253a2e512a1fd1ccdf38b39c43c902229de7aa69a0f77a7f0c2e10,third-party dependency support
reproducibility_package/vendor/nltk/test/unit/test_ipipan_security.py,pip install --target reproducibility_package/vendor textblob,none,32c7f93eb3b0db367732922871fc38b985b9e4f8b2ffcc1b0bd34a4a17457456,third-party dependency support
reproducibility_package/vendor/nltk/test/unit/test_java_injection_exploit.py,pip install --target reproducibility_package/vendor textblob,none,199fcec0ceaf48494201aacd3d65371fb814ba55285d6f9929d10ff629963f19,third-party dependency support
reproducibility_package/vendor/nltk/test/unit/test_java_per_call_options_security.py,pip install --target reproducibility_package/vendor textblob,none,8220eaa0338eba7a26b59d345814ce91dacdb220383fc71c08c7b2c8b92abaa2,third-party dependency support
reproducibility_package/vendor/nltk/test/unit/test_json2csv_corpus.py,pip install --target reproducibility_package/vendor textblob,none,22dd3916dea67c56f56d2bc1331599343b6ffd544effb6c42afee641f7b42620,third-party dependency support
reproducibility_package/vendor/nltk/test/unit/test_json_serialization.py,pip install --target reproducibility_package/vendor textblob,none,622379937257371734fb17c62e006a8edcb05f1aaf55f58561fd91707ee5e279,third-party dependency support
reproducibility_package/vendor/nltk/test/unit/test_langnames.py,pip install --target reproducibility_package/vendor textblob,none,89603098cf594d3b4d08fbfd7ff6730d18a51b9b77c5c670a98631cae586566d,third-party dependency support
reproducibility_package/vendor/nltk/test/unit/test_logic.py,pip install --target reproducibility_package/vendor textblob,none,3611650f3aac744c160a611594cf68c2cfcb4d0fb5f2f70e6e70b7548418f598,third-party dependency support
reproducibility_package/vendor/nltk/test/unit/test_logic_security.py,pip install --target reproducibility_package/vendor textblob,none,df3c0fef471b018992bd3caf4ec3d4eddb7d7cee0a5aa3f30825ffd36f31dd3e,third-party dependency support
reproducibility_package/vendor/nltk/test/unit/test_malt.py,pip install --target reproducibility_package/vendor textblob,none,e2c24418bde276f0d846e313e5a5bef164aaff23dc1b7c0f89c10ca99f847f9a,third-party dependency support
reproducibility_package/vendor/nltk/test/unit/test_malt_security.py,pip install --target reproducibility_package/vendor textblob,none,4f5acc41e3acbbf32eba6fb87319a3b95f5b0c946b15c3866aafb86802ac3bbe,third-party dependency support
reproducibility_package/vendor/nltk/test/unit/test_markdown.py,pip install --target reproducibility_package/vendor textblob,none,d45c985378760a6ae20b06e38a48dcd0ed1e0a768517e009304a1ab6cabd9dd5,third-party dependency support
reproducibility_package/vendor/nltk/test/unit/test_metrics.py,pip install --target reproducibility_package/vendor textblob,none,99beec4f3cb5aa4411511d326566c30fc44edd93535e3e31e722cf2db07e630b,third-party dependency support
reproducibility_package/vendor/nltk/test/unit/test_naivebayes.py,pip install --target reproducibility_package/vendor textblob,none,5e9cd9429af70529e6db0db617d6f29af0e1d124b1d452539d52cf2d86b9ee13,third-party dependency support
reproducibility_package/vendor/nltk/test/unit/test_nkjp_security.py,pip install --target reproducibility_package/vendor textblob,none,277ffa54243573600932275130f6a18c90db35eb4e99534bb799aec13a2d9e1e,third-party dependency support
reproducibility_package/vendor/nltk/test/unit/test_nombank.py,pip install --target reproducibility_package/vendor textblob,none,9e218e9f23cb0e568e77544f1dad9d9bd30e903ec8e6245467ca0c0e0fed4548,third-party dependency support
reproducibility_package/vendor/nltk/test/unit/test_nombank_security.py,pip install --target reproducibility_package/vendor textblob,none,2bcc6b4afb4b91dbcedc3f1aba6adedace21f2e1fa87377f7febc0672a9b29bc,third-party dependency support
reproducibility_package/vendor/nltk/test/unit/test_open_datafile.py,pip install --target reproducibility_package/vendor textblob,none,2d66095297650a42131e24164d91e8005b7f0b61a1f3f05832110b96cc1fa893,third-party dependency support
reproducibility_package/vendor/nltk/test/unit/test_parser_dos.py,pip install --target reproducibility_package/vendor textblob,none,f592d6da6fbcd447fe3aad11ec3439c123014c1ce7d119af125ec5518a90bae5,third-party dependency support
reproducibility_package/vendor/nltk/test/unit/test_pathsec.py,pip install --target reproducibility_package/vendor textblob,none,f679310629d04d27c866f16e3cb82aba97cb45c360f4e124649f6c2132caa0f9,third-party dependency support
reproducibility_package/vendor/nltk/test/unit/test_path_traversal_security.py,pip install --target reproducibility_package/vendor textblob,none,154be7f3d249492ded7ca8cf3cdd7853820fb91f19b825037475192b0b3c385b,third-party dependency support
reproducibility_package/vendor/nltk/test/unit/test_pickle_allowlist_security.py,pip install --target reproducibility_package/vendor textblob,none,a3ff84604782ccdb4371ea1af2984dd2030983197ccf64299da32ab549881e7f,third-party dependency support
reproducibility_package/vendor/nltk/test/unit/test_pickle_load_warnings.py,pip install --target reproducibility_package/vendor textblob,none,3ea34c6af9f2e98ca2059dc7763cb633dc8d98c8aa8813f90d10ca9edde945d2,third-party dependency support
reproducibility_package/vendor/nltk/test/unit/test_pl196x.py,pip install --target reproducibility_package/vendor textblob,none,45a44e56a5e6ad5de37decc38e0ebe03eae277816605c5dd3c2ec9fab5803735,third-party dependency support
reproducibility_package/vendor/nltk/test/unit/test_platform_detection.py,pip install --target reproducibility_package/vendor textblob,none,e1530da7faeaeae385881908d89d241c00e0b8bd9f9abaef84e23ebfef8690c8,third-party dependency support
reproducibility_package/vendor/nltk/test/unit/test_pos_tag.py,pip install --target reproducibility_package/vendor textblob,none,62faa95048ebdc847fb081fab491aa7e24aaecb16b2d125351edc23269211392,third-party dependency support
reproducibility_package/vendor/nltk/test/unit/test_projectivedependencyparser.py,pip install --target reproducibility_package/vendor textblob,none,0ae01d12dca5824e0d8a948b07c5e5a160acb8f26331b8910606cfe6df430848,third-party dependency support
reproducibility_package/vendor/nltk/test/unit/test_propbank.py,pip install --target reproducibility_package/vendor textblob,none,60e844bff35da587b42f2fe4e84c8478e7f7563b0a35dee46a3641dd6ba1a2b9,third-party dependency support
reproducibility_package/vendor/nltk/test/unit/test_quadratic_dos.py,pip install --target reproducibility_package/vendor textblob,none,bc6401472f23bad9ddf52baa7f7b5d7903fa395f9524147331ea0bcce26c5520,third-party dependency support
reproducibility_package/vendor/nltk/test/unit/test_recursion_dos.py,pip install --target reproducibility_package/vendor textblob,none,e6dc7b0acc702d9145d0fead153e790910fa9dc2c67f8ef7caed93b64b71bb51,third-party dependency support
reproducibility_package/vendor/nltk/test/unit/test_recursivedescent_dos.py,pip install --target reproducibility_package/vendor textblob,none,a957af55de77c3b62646a13941b703990687b2dfd204563d7823f073963296aa,third-party dependency support
reproducibility_package/vendor/nltk/test/unit/test_redos.py,pip install --target reproducibility_package/vendor textblob,none,2321be9a80682fb98d79ff8d02232cc4c011bfdda9a5d42d96ae5659b69eb61d,third-party dependency support
reproducibility_package/vendor/nltk/test/unit/test_repp_security.py,pip install --target reproducibility_package/vendor textblob,none,aaadd43042c078436f7bccc38fa949d4c72a6f7d886553eeabb046fd3a908627,third-party dependency support
reproducibility_package/vendor/nltk/test/unit/test_reviews_security.py,pip install --target reproducibility_package/vendor textblob,none,8d5078c409e429990a3817e25d04e079d4d1b99edf903a751b41bb632a131da3,third-party dependency support
reproducibility_package/vendor/nltk/test/unit/test_ribes.py,pip install --target reproducibility_package/vendor textblob,none,be5c54fceec95bbab21a4488140eb737b3338627f3fab3c2571ab5cc68854682,third-party dependency support
reproducibility_package/vendor/nltk/test/unit/test_rte_classify.py,pip install --target reproducibility_package/vendor textblob,none,5c194824f8fa5e1992c126be611cff8c351ba7b60c50eec03d411c9b93852b69,third-party dependency support
reproducibility_package/vendor/nltk/test/unit/test_security.py,pip install --target reproducibility_package/vendor textblob,none,ea857e9811db26fe5ead64f190e9d26585cd82b0b42f8bc43b3adfd23d9747ce,third-party dependency support
reproducibility_package/vendor/nltk/test/unit/test_seekable_unicode_stream_reader.py,pip install --target reproducibility_package/vendor textblob,none,c79f37f9696a79bf7876739fcf2f127acac3c382907c0736129a75eccf0ca6fc,third-party dependency support
reproducibility_package/vendor/nltk/test/unit/test_segmentation.py,pip install --target reproducibility_package/vendor textblob,none,d56df30f0a10c01c45b4a6be7313affc0d3fbc6914fa6d644b91efc3abb993c6,third-party dependency support
reproducibility_package/vendor/nltk/test/unit/test_sem_evaluate.py,pip install --target reproducibility_package/vendor textblob,none,de74ab798cff91bce18eede64599a21b8603062e9bf152cec93048a42c6afd27,third-party dependency support
reproducibility_package/vendor/nltk/test/unit/test_sem_util.py,pip install --target reproducibility_package/vendor textblob,none,9aa486460463d372f9439585b9d425a28fceb2e4f58d274e9ecf4c5228d57480,third-party dependency support
reproducibility_package/vendor/nltk/test/unit/test_senna.py,pip install --target reproducibility_package/vendor textblob,none,9c474f0daa5813f4ad1cb079cae5a26e720803a0a99f157f6d43000249c91c2c,third-party dependency support
reproducibility_package/vendor/nltk/test/unit/test_senna_security.py,pip install --target reproducibility_package/vendor textblob,none,114544144621fdf163913a53c6ea8b4ea5feaf65366af8d526f50bb8ee246e29,third-party dependency support
reproducibility_package/vendor/nltk/test/unit/test_senseval_security.py,pip install --target reproducibility_package/vendor textblob,none,88676d3b3f5407148de60e1335fc4502ae2c53fe304810f06fb7bcd87bd613ef,third-party dependency support
reproducibility_package/vendor/nltk/test/unit/test_stanford_java_wrappers.py,pip install --target reproducibility_package/vendor textblob,none,87dc7ffb693490ea17b7bf4ce22b5b13c6f41cf3eb30e6856cca05fe2bec8fa3,third-party dependency support
reproducibility_package/vendor/nltk/test/unit/test_stem.py,pip install --target reproducibility_package/vendor textblob,none,5e2e847156e1a2eb207e92abda4c1723671d0da3a4ce8b01f056710df7f1e287,third-party dependency support
reproducibility_package/vendor/nltk/test/unit/test_tag.py,pip install --target reproducibility_package/vendor textblob,none,a6ffa1a0b9dd3e08c61bd674729a7fb96032ac6e634c583f08f2d23085b8967e,third-party dependency support
reproducibility_package/vendor/nltk/test/unit/test_text.py,pip install --target reproducibility_package/vendor textblob,none,00a0e301b5647333ccb3725c593b6de9073cb02a35a9819d9f029c436678e673,third-party dependency support
reproducibility_package/vendor/nltk/test/unit/test_texttiling.py,pip install --target reproducibility_package/vendor textblob,none,52f07b5b11b993187304df34a81c832eb8e6a5855b08790db9524a44e6588a8e,third-party dependency support
reproducibility_package/vendor/nltk/test/unit/test_texttiling_security.py,pip install --target reproducibility_package/vendor textblob,none,8b640c3e767a0da4d165b6b0c2fbfcb0df3ef8afdfd1b50ac276635f63b2c1d8,third-party dependency support
reproducibility_package/vendor/nltk/test/unit/test_tgrep.py,pip install --target reproducibility_package/vendor textblob,none,f00de76077cbd354e12580ee916775a2d963158a933c05e774a0b14badb3491e,third-party dependency support
reproducibility_package/vendor/nltk/test/unit/test_tnt.py,pip install --target reproducibility_package/vendor textblob,none,e94535e683f6e0ecba56729f3861ecbc713b5a9158dcf0f9c1173f0af383d85d,third-party dependency support
reproducibility_package/vendor/nltk/test/unit/test_tokenize.py,pip install --target reproducibility_package/vendor textblob,none,94c50de00af49001761d027413f1d14aed77fb8a3fb22c623f9da87244d0c4ea,third-party dependency support
reproducibility_package/vendor/nltk/test/unit/test_tree.py,pip install --target reproducibility_package/vendor textblob,none,86fca603859468ca76d02ec9fada449b04cfafbb0d67d636836798976f5b2aa9,third-party dependency support
reproducibility_package/vendor/nltk/test/unit/test_treetransforms.py,pip install --target reproducibility_package/vendor textblob,none,7941bbd81b51f6387fb82d1bd32047769fa998e8c432fc240f2dc88be932416f,third-party dependency support
reproducibility_package/vendor/nltk/test/unit/test_twitter_auth.py,pip install --target reproducibility_package/vendor textblob,none,9af95a29d601064a2ebb0b3e80602b0ea7fa764d964260fd4b84f78ebcba7279,third-party dependency support
reproducibility_package/vendor/nltk/test/unit/test_util.py,pip install --target reproducibility_package/vendor textblob,none,2c994514518e977e8de4bac25b3e21711831966aae3977c1bb98e25fbda26865,third-party dependency support
reproducibility_package/vendor/nltk/test/unit/test_valuation_redos.py,pip install --target reproducibility_package/vendor textblob,none,ee256d99cf656149e32d9f1effa1f32c790eef699ec48249374ecab71a61f8c9,third-party dependency support
reproducibility_package/vendor/nltk/test/unit/test_verbnet.py,pip install --target reproducibility_package/vendor textblob,none,a3c7de3084d446e947fa3fd1095079c938556521c6d662d1046ec4c56bada76d,third-party dependency support
reproducibility_package/vendor/nltk/test/unit/test_weka_security.py,pip install --target reproducibility_package/vendor textblob,none,abd2db9f142fdc2df695c489fa283efc43289dc72e9371b02b2e02ed67792a1d,third-party dependency support
reproducibility_package/vendor/nltk/test/unit/test_wordnet.py,pip install --target reproducibility_package/vendor textblob,none,9c151acaf50262ee5fbc88a69eafe7be07c3fe0694a07d1aeba79173b34773f9,third-party dependency support
reproducibility_package/vendor/nltk/test/unit/test_xmldocs_security.py,pip install --target reproducibility_package/vendor textblob,none,dad9bb8d8721944ea301ecf04e9d23874eef48d0eb5bc8de1fdfa899c87271c5,third-party dependency support
reproducibility_package/vendor/nltk/test/unit/test_xmlsec.py,pip install --target reproducibility_package/vendor textblob,none,06fbc38bd2107510545d842e9b465831e88452806ea21e58d8789109c79bce23,third-party dependency support
reproducibility_package/vendor/nltk/test/unit/test_xml_entity_expansion_security.py,pip install --target reproducibility_package/vendor textblob,none,fd278b508d72a39ecc63726fd38511be37e2fad1f8499f7fdd0baafef1a5d2cf,third-party dependency support
reproducibility_package/vendor/nltk/test/unit/test_zipbomb_security.py,pip install --target reproducibility_package/vendor textblob,none,69b5b60bdc8c81d01d2e4e49e2c720934793a1a90519c49e504ea4ed26b09214,third-party dependency support
reproducibility_package/vendor/nltk/test/unit/__init__.py,pip install --target reproducibility_package/vendor textblob,none,e3b0c44298fc1c149afbf4c8996fb92427ae41e4649b934ca495991b7852b855,third-party dependency support
reproducibility_package/vendor/nltk/test/unit/lm/test_counter.py,pip install --target reproducibility_package/vendor textblob,none,1e1c4ed1db31f47e9a6d741e1b0d3dff45c458069d233fc8d7c8388deac9cbc9,third-party dependency support
reproducibility_package/vendor/nltk/test/unit/lm/test_models.py,pip install --target reproducibility_package/vendor textblob,none,0b72e0a4e3fb860f82dcccfb55739b9d5a155b26b6290d0d87a3472e95f9ef87,third-party dependency support
reproducibility_package/vendor/nltk/test/unit/lm/test_preprocessing.py,pip install --target reproducibility_package/vendor textblob,none,829494e80a3279e2a30b7f8f37c07ef15edc8329270516c61a12e049768fc193,third-party dependency support
reproducibility_package/vendor/nltk/test/unit/lm/test_vocabulary.py,pip install --target reproducibility_package/vendor textblob,none,8a1b82d7ff10115c966b1845ff42008c1932976bfa6240535f1d3b60a4d3b6d6,third-party dependency support
reproducibility_package/vendor/nltk/test/unit/lm/__init__.py,pip install --target reproducibility_package/vendor textblob,none,e3b0c44298fc1c149afbf4c8996fb92427ae41e4649b934ca495991b7852b855,third-party dependency support
reproducibility_package/vendor/nltk/test/unit/translate/test_alignment.py,pip install --target reproducibility_package/vendor textblob,none,f961fb19d9ccf5458b5c8e8fd9ff16c7076c2b8fd4356a0e572048bda6a7e34d,third-party dependency support
reproducibility_package/vendor/nltk/test/unit/translate/test_bleu.py,pip install --target reproducibility_package/vendor textblob,none,c81d9fb71dcc077c508889a9b3673990b896bfb69db69f0b68ada69b3de58b2b,third-party dependency support
reproducibility_package/vendor/nltk/test/unit/translate/test_gdfa.py,pip install --target reproducibility_package/vendor textblob,none,936739038b0dc156e80c91348898fa621a8553e1d68ca6b93e5cbd4ec2359181,third-party dependency support
reproducibility_package/vendor/nltk/test/unit/translate/test_ibm1.py,pip install --target reproducibility_package/vendor textblob,none,2518c3f4b2235586ef4595239853ead07d959c38cc42c25ce412ff3e77bb805f,third-party dependency support
reproducibility_package/vendor/nltk/test/unit/translate/test_ibm2.py,pip install --target reproducibility_package/vendor textblob,none,ed149829e13b2ac8274057db27776ff67089a6574918b46f06836b1dd9aa80e1,third-party dependency support
reproducibility_package/vendor/nltk/test/unit/translate/test_ibm3.py,pip install --target reproducibility_package/vendor textblob,none,506d07f56f64c9d45357df6744bb3c1ee533b0f71b17b0b045e4813341b3aa22,third-party dependency support
reproducibility_package/vendor/nltk/test/unit/translate/test_ibm4.py,pip install --target reproducibility_package/vendor textblob,none,bcdffe77075e3735efc8463aa247c432e3ad878d706c17dc617ec08e59c0c9d0,third-party dependency support
reproducibility_package/vendor/nltk/test/unit/translate/test_ibm5.py,pip install --target reproducibility_package/vendor textblob,none,ac01062592934726a8a04bbb028f87584e9a982acc77fb5f2aa752bc5f085113,third-party dependency support
reproducibility_package/vendor/nltk/test/unit/translate/test_ibm_model.py,pip install --target reproducibility_package/vendor textblob,none,175f30853662fcfcb51ef5e08a4aaa882639823dadf37a62c22a90b6d5b3fa00,third-party dependency support
reproducibility_package/vendor/nltk/test/unit/translate/test_lepor.py,pip install --target reproducibility_package/vendor textblob,none,012e6e56984ca621d59a1b38b41405e8ecb4f24e24b8680b8894f87af18c2d70,third-party dependency support
reproducibility_package/vendor/nltk/test/unit/translate/test_meteor.py,pip install --target reproducibility_package/vendor textblob,none,632783d54c3b5d1a34cf75587263e0c0c18c69ed200d3dbbcff87c9625fd058f,third-party dependency support
reproducibility_package/vendor/nltk/test/unit/translate/test_nist.py,pip install --target reproducibility_package/vendor textblob,none,bd46c39df457f50957ba03c2a10ceb564be3ec789a9ab1f61ee28453482f1ff7,third-party dependency support
reproducibility_package/vendor/nltk/test/unit/translate/test_phrase_based_security.py,pip install --target reproducibility_package/vendor textblob,none,53aa2c736c3f81daa78b98f28dfea927b852b3a0cccd191f784f64228682a5a4,third-party dependency support
reproducibility_package/vendor/nltk/test/unit/translate/test_stack_decoder.py,pip install --target reproducibility_package/vendor textblob,none,103374dd46f660cb8f926eafc1173ed666c2289d97de07fc73bfeb1db8dabbcf,third-party dependency support
reproducibility_package/vendor/nltk/test/unit/translate/__init__.py,pip install --target reproducibility_package/vendor textblob,none,e3b0c44298fc1c149afbf4c8996fb92427ae41e4649b934ca495991b7852b855,third-party dependency support
reproducibility_package/vendor/nltk/tokenize/api.py,pip install --target reproducibility_package/vendor textblob,none,c54d6071e7617300b5e59b1571a771ba2ef16692b0a590f7ff97bae70186868c,third-party dependency support
reproducibility_package/vendor/nltk/tokenize/casual.py,pip install --target reproducibility_package/vendor textblob,none,0844e0c915cfd9a8902611143ed613267c7bc0d9cdd05e0ce5e7c1c4ed33e152,third-party dependency support
reproducibility_package/vendor/nltk/tokenize/destructive.py,pip install --target reproducibility_package/vendor textblob,none,7dfe473eccf8430cd03266039297f59bf7a543e2038b36c0a3929b52b89c42f7,third-party dependency support
reproducibility_package/vendor/nltk/tokenize/legality_principle.py,pip install --target reproducibility_package/vendor textblob,none,c9a91db8e4548013b131b2f195354f2d5c02100ce4f7c789c9f778fbbb8b9654,third-party dependency support
reproducibility_package/vendor/nltk/tokenize/mwe.py,pip install --target reproducibility_package/vendor textblob,none,760cec5bfcf67cdbca75e75713b60576f91de93c30c5d4861565d24aa23948f8,third-party dependency support
reproducibility_package/vendor/nltk/tokenize/nist.py,pip install --target reproducibility_package/vendor textblob,none,7552925e2bc7dc032a5fe688c732566d7ebf34d1b9d58e8e1dc8dd4431697325,third-party dependency support
reproducibility_package/vendor/nltk/tokenize/punkt.py,pip install --target reproducibility_package/vendor textblob,none,b85d1b51d1357d8c56d9739cb3d7975837ad12721c3702fae6facb47eb583b48,third-party dependency support
reproducibility_package/vendor/nltk/tokenize/regexp.py,pip install --target reproducibility_package/vendor textblob,none,168ace7ffa3bf5dd88582c8c7e14f9c0e881b317e68914f5fb367cfd8e7a0352,third-party dependency support
reproducibility_package/vendor/nltk/tokenize/repp.py,pip install --target reproducibility_package/vendor textblob,none,ff167358c4e01c5d82be5e6b33a95cb7188d55c2055006d43ee6f32717b3230d,third-party dependency support
reproducibility_package/vendor/nltk/tokenize/sexpr.py,pip install --target reproducibility_package/vendor textblob,none,c57de3a0b3937a7fb9134a4a29b68c368e5ab807e39747dd4316c8990d72dab9,third-party dependency support
reproducibility_package/vendor/nltk/tokenize/simple.py,pip install --target reproducibility_package/vendor textblob,none,e9a5bba837c34621ea9e3be40a0f500bcb209ee41e6da2007ef6cb56f197169b,third-party dependency support
reproducibility_package/vendor/nltk/tokenize/sonority_sequencing.py,pip install --target reproducibility_package/vendor textblob,none,9cbb6b81439a180cebb9a62ceac7e9e99d1bac36bd0d6c85b22db62a0cb939ba,third-party dependency support
reproducibility_package/vendor/nltk/tokenize/stanford.py,pip install --target reproducibility_package/vendor textblob,none,0d038704b9e8c77cfd6ee4d8b6a4fbac84b3a20cea5bbd047e04e7d7c8544d0d,third-party dependency support
reproducibility_package/vendor/nltk/tokenize/stanford_segmenter.py,pip install --target reproducibility_package/vendor textblob,none,04f6e33c5ee3a305a320c7e685ab11e07d3bd99c3e0f37d8d5e12e320d0250a6,third-party dependency support
reproducibility_package/vendor/nltk/tokenize/texttiling.py,pip install --target reproducibility_package/vendor textblob,none,27ac09d4b525379a604f8a584de9e326bc99becf108a8a9389cb61bb85e95530,third-party dependency support
reproducibility_package/vendor/nltk/tokenize/toktok.py,pip install --target reproducibility_package/vendor textblob,none,281405a0a140d1abd39f40146e95d615ab273fed9ac777f2dfbf733c26d4ccb7,third-party dependency support
reproducibility_package/vendor/nltk/tokenize/treebank.py,pip install --target reproducibility_package/vendor textblob,none,0804dfa9d849747c75ed2fa05be0018da409bd7e0bcf5ba42d48645d5c6f4ec2,third-party dependency support
reproducibility_package/vendor/nltk/tokenize/util.py,pip install --target reproducibility_package/vendor textblob,none,251cf20b564405e7bc00844ba12cb7d3e05fc702b5aae392973a0bdeafd097ac,third-party dependency support
reproducibility_package/vendor/nltk/tokenize/__init__.py,pip install --target reproducibility_package/vendor textblob,none,2820a93987df61fd4f6b224f8a328e938ed0361c49c3b7c1beed02cae3ca342f,third-party dependency support
reproducibility_package/vendor/nltk/translate/api.py,pip install --target reproducibility_package/vendor textblob,none,98fa268f7169103bfa5fc911aed41151dc40ab8f5c3ccacbc3a0730daed052dc,third-party dependency support
reproducibility_package/vendor/nltk/translate/bleu_score.py,pip install --target reproducibility_package/vendor textblob,none,8f9c3258a9afa6db379c29a93e260c84493b0ef855db42bfb2bd4b09255f782c,third-party dependency support
reproducibility_package/vendor/nltk/translate/chrf_score.py,pip install --target reproducibility_package/vendor textblob,none,0acbfee5555ddc7dc87d346cb217544b931b0de168a170c5b4e66c414426e0dd,third-party dependency support
reproducibility_package/vendor/nltk/translate/gale_church.py,pip install --target reproducibility_package/vendor textblob,none,775c476317183723f8359c893b2455e7f2e2dd7653c1dd06fdd65f154550a78e,third-party dependency support
reproducibility_package/vendor/nltk/translate/gdfa.py,pip install --target reproducibility_package/vendor textblob,none,e4aeaa0c790e045fe2c46652a586f1b74aac6330a391182125de385579acf625,third-party dependency support
reproducibility_package/vendor/nltk/translate/gleu_score.py,pip install --target reproducibility_package/vendor textblob,none,ccafb279212113ffae5d7d451d151ed8a8baaecb54f9a258ead63f58ac8c9510,third-party dependency support
reproducibility_package/vendor/nltk/translate/ibm1.py,pip install --target reproducibility_package/vendor textblob,none,f7f6f949110e97fc7f3131604603349a63a717057d8918e8280f1550ada48793,third-party dependency support
reproducibility_package/vendor/nltk/translate/ibm2.py,pip install --target reproducibility_package/vendor textblob,none,e0121a002805852d2748beb387146c4f10990665f02412be6f2fafe598e4f017,third-party dependency support
reproducibility_package/vendor/nltk/translate/ibm3.py,pip install --target reproducibility_package/vendor textblob,none,68d3f88b6655427d94e571518a6fda10c8af12a9da5911f5e1d8ff1cc56da520,third-party dependency support
reproducibility_package/vendor/nltk/translate/ibm4.py,pip install --target reproducibility_package/vendor textblob,none,df47ff67e214e92f6f0155d5feecfeadf6f90630e7862cc64aa8a946ba74db09,third-party dependency support
reproducibility_package/vendor/nltk/translate/ibm5.py,pip install --target reproducibility_package/vendor textblob,none,4f9d8439a535a19946cc7f7ef371e86ac4f8f47ae51a5a04d59caddc3fc8ea36,third-party dependency support
reproducibility_package/vendor/nltk/translate/ibm_model.py,pip install --target reproducibility_package/vendor textblob,none,21961c4ec2d7e1615655d0521e203d43e131380d2dbddc53becfebbe38cd402f,third-party dependency support
reproducibility_package/vendor/nltk/translate/lepor.py,pip install --target reproducibility_package/vendor textblob,none,59cf67477b45136c993520a98b82c5717106bc3ee0121dbc5487a2be35dc53b1,third-party dependency support
reproducibility_package/vendor/nltk/translate/meteor_score.py,pip install --target reproducibility_package/vendor textblob,none,63309e4c94f116ba0e1e7e1f9b81b2d68253c4e44b606d3c6b7c8435f3965115,third-party dependency support
reproducibility_package/vendor/nltk/translate/metrics.py,pip install --target reproducibility_package/vendor textblob,none,cccc0df4d4aeaa6de2102762218ce5e596db89234d6026134d843dd77e98ffe4,third-party dependency support
reproducibility_package/vendor/nltk/translate/nist_score.py,pip install --target reproducibility_package/vendor textblob,none,0c49cc245a5c81b0e88c7d6303b6440f8f9d4807b707e13f2ac09b4fa6c979f8,third-party dependency support
reproducibility_package/vendor/nltk/translate/phrase_based.py,pip install --target reproducibility_package/vendor textblob,none,0a972a9576ac81d04800116ec4d13c279123e1bf8f787c0d99ff96077ac8ccbe,third-party dependency support
reproducibility_package/vendor/nltk/translate/ribes_score.py,pip install --target reproducibility_package/vendor textblob,none,fd2c9dd86f26004032f274dd3eae4f84fa63ddece6045aafa4a27141a96e28a0,third-party dependency support
reproducibility_package/vendor/nltk/translate/stack_decoder.py,pip install --target reproducibility_package/vendor textblob,none,e00d002c555c14aa4e54ddb198886091ebfc5b779785f2c5af4f6cc5d7adc7bb,third-party dependency support
reproducibility_package/vendor/nltk/translate/__init__.py,pip install --target reproducibility_package/vendor textblob,none,2cb21218fe0ee91abc70b8407503dac7d24272edf7cfc3150a59b9d6ab6a6b84,third-party dependency support
reproducibility_package/vendor/nltk/tree/immutable.py,pip install --target reproducibility_package/vendor textblob,none,c5d697e8245bee3c9a3a6d8d066263a841c84f3718360bc7ba34d5da25c18741,third-party dependency support
reproducibility_package/vendor/nltk/tree/parented.py,pip install --target reproducibility_package/vendor textblob,none,40c7705affe837d6fda62e1f82cca3adb22b7c40a13006a4f0631ba0f6fc3068,third-party dependency support
reproducibility_package/vendor/nltk/tree/parsing.py,pip install --target reproducibility_package/vendor textblob,none,0e3e288e8f58a666386601e93f0570ddb61c9cdcff77283ec22420031ddb6a50,third-party dependency support
reproducibility_package/vendor/nltk/tree/prettyprinter.py,pip install --target reproducibility_package/vendor textblob,none,c0a2b1d10526a7b25a2645cb34f17d86d8db8defdd355f98c4fe59be65dba4b9,third-party dependency support
reproducibility_package/vendor/nltk/tree/probabilistic.py,pip install --target reproducibility_package/vendor textblob,none,af717738648d2fad6e242b3dab8c2858e183fc03cb1f8c3f092dfaab532be5a3,third-party dependency support
reproducibility_package/vendor/nltk/tree/transforms.py,pip install --target reproducibility_package/vendor textblob,none,67162738298b8bdc55af77a833b809471d050194928370f98b0498ca8221b154,third-party dependency support
reproducibility_package/vendor/nltk/tree/tree.py,pip install --target reproducibility_package/vendor textblob,none,39bd4b8f03af23f8309bc97e8efd1fc8156221ebd5f8ed5fb8efd7df657541f2,third-party dependency support
reproducibility_package/vendor/nltk/tree/__init__.py,pip install --target reproducibility_package/vendor textblob,none,c7e265ddacddfbdead8efb221c1f1cab19e82964d290e512c9800c7342801597,third-party dependency support
reproducibility_package/vendor/nltk/twitter/api.py,pip install --target reproducibility_package/vendor textblob,none,0eb92e5b5482f4c6a1e5e376fdef334a167020f07729a368d30002fe85b7b40e,third-party dependency support
reproducibility_package/vendor/nltk/twitter/common.py,pip install --target reproducibility_package/vendor textblob,none,ea4012a1ea9efd609185ea88fab0bb33a3980e39c92a3bbdcbcdb907a1c73476,third-party dependency support
reproducibility_package/vendor/nltk/twitter/twitterclient.py,pip install --target reproducibility_package/vendor textblob,none,c01ba5ee893cbb3bebb0142f2ada1d4869c0428d92a0a258b9cd19978db58cb8,third-party dependency support
reproducibility_package/vendor/nltk/twitter/twitter_demo.py,pip install --target reproducibility_package/vendor textblob,none,cf0c63266776e46d5cbcec5615b09ccb8f169e428b4cc794bdc3cd8c263dfc16,third-party dependency support
reproducibility_package/vendor/nltk/twitter/util.py,pip install --target reproducibility_package/vendor textblob,none,a68e748c2d089fd8b03d60a7b4ea5c88b82503e78e5db18d67bbe28f34cf9a59,third-party dependency support
reproducibility_package/vendor/nltk/twitter/__init__.py,pip install --target reproducibility_package/vendor textblob,none,001abb28d2daa97dc9f21373446e127b9667747a23e250e0f925ee37b6cbd09d,third-party dependency support
reproducibility_package/vendor/nltk-3.10.3.dist-info/entry_points.txt,pip install --target reproducibility_package/vendor textblob,none,870f692150a8c302370deb2edaaab8c34ec06daedc1899f1c18e03661a35bcee,third-party dependency support
reproducibility_package/vendor/nltk-3.10.3.dist-info/INSTALLER,pip install --target reproducibility_package/vendor textblob,none,ceebae7b8927a3227e5303cf5e0f1f7b34bb542ad7250ac03fbcde36ec2f1508,third-party dependency support
reproducibility_package/vendor/nltk-3.10.3.dist-info/METADATA,pip install --target reproducibility_package/vendor textblob,none,78584b6194873a677ecc029634f2178e6b962fababd4188a0049d76e6b64ba1e,third-party dependency support
reproducibility_package/vendor/nltk-3.10.3.dist-info/RECORD,pip install --target reproducibility_package/vendor textblob,none,7ed2416a179ba350607ae7f9bfd5acb3c739a8748ae6c9bf0595e85a537ac28c,third-party dependency support
reproducibility_package/vendor/nltk-3.10.3.dist-info/top_level.txt,pip install --target reproducibility_package/vendor textblob,none,62843e9b0a9c9264efd5092d9a59396256fa9431bbee3839ab0a0407b73ea57a,third-party dependency support
reproducibility_package/vendor/nltk-3.10.3.dist-info/WHEEL,pip install --target reproducibility_package/vendor textblob,none,61532836a2b3111b7ec23519c09df7c41180c27165fb872a6d8913b566b88ad1,third-party dependency support
reproducibility_package/vendor/nltk-3.10.3.dist-info/licenses/AUTHORS.md,pip install --target reproducibility_package/vendor textblob,none,273b74d5bd1029eba591acc85ef4e366ea96ac410a3e33a229a4de869642f3a2,third-party dependency support
reproducibility_package/vendor/nltk-3.10.3.dist-info/licenses/LICENSE.txt,pip install --target reproducibility_package/vendor textblob,none,cfc7749b96f63bd31c3c42b5c471bf756814053e847c10f3eb003417bc523d30,third-party dependency support
reproducibility_package/vendor/nltk-3.10.3.dist-info/licenses/README.md,pip install --target reproducibility_package/vendor textblob,none,c19f3d858f587a750af4e50f1a683d0a8df20be1eae0b80b941158e9889642ff,third-party dependency support
reproducibility_package/vendor/regex/_main.py,pip install --target reproducibility_package/vendor textblob,none,4c1d431b261f9d9e360023f8b597a098f6ebe0cd48e59454c1133e16fa62cbac,third-party dependency support
reproducibility_package/vendor/regex/_regex.cp313-win_amd64.pyd,pip install --target reproducibility_package/vendor textblob,none,0dcb5145dd3623cb3ec05aece3984c81179a9b5934931452a0a8d5d8dda8e057,third-party dependency support
reproducibility_package/vendor/regex/_regex_core.py,pip install --target reproducibility_package/vendor textblob,none,baf7b83f394d41b4b5e93ef645b49bcf211140757928cfe283e8dff1bb8e7866,third-party dependency support
reproducibility_package/vendor/regex/__init__.py,pip install --target reproducibility_package/vendor textblob,none,2b40f3a1696a161e74dfd3ee8eb926d4d67fadcdb18517a76df06d841d3a5b8f,third-party dependency support
reproducibility_package/vendor/regex/tests/test_regex.py,pip install --target reproducibility_package/vendor textblob,none,e9e4d35c1601d7608d5489250cbb383e9621833955ffb1f2b01802070aac6ada,third-party dependency support
reproducibility_package/vendor/regex-2026.9.29.dist-info/INSTALLER,pip install --target reproducibility_package/vendor textblob,none,ceebae7b8927a3227e5303cf5e0f1f7b34bb542ad7250ac03fbcde36ec2f1508,third-party dependency support
reproducibility_package/vendor/regex-2026.9.29.dist-info/METADATA,pip install --target reproducibility_package/vendor textblob,none,726c658b5d0ee420e773f9e6c843918e8a2ad7c27577d20c8f502c08eccb211e,third-party dependency support
reproducibility_package/vendor/regex-2026.9.29.dist-info/RECORD,pip install --target reproducibility_package/vendor textblob,none,a378fa6557f68f25de60985c124a336fd2a250d40bdff6595b5a97a6ece32eee,third-party dependency support
reproducibility_package/vendor/regex-2026.9.29.dist-info/top_level.txt,pip install --target reproducibility_package/vendor textblob,none,6909a20cc84d4c5dba7022b8ffb0fea9a56f85bc42946d30c824e7121933601b,third-party dependency support
reproducibility_package/vendor/regex-2026.9.29.dist-info/WHEEL,pip install --target reproducibility_package/vendor textblob,none,d0b50da07c4bbdca70f5d6ffc745e8cc4e635bbdfefc63803bb7c30c9e17b784,third-party dependency support
reproducibility_package/vendor/regex-2026.9.29.dist-info/licenses/LICENSE.txt,pip install --target reproducibility_package/vendor textblob,none,3d220c06594b826bbabf110312f60f385f99e57e529fa4b9e536f79091f8b4c7,third-party dependency support
reproducibility_package/vendor/textblob/base.py,pip install --target reproducibility_package/vendor textblob,none,a290b452ac3fe45b5a63ad98971d4a620c6f24750d21a5d0619dfc6ce5d3c0f0,third-party dependency support
reproducibility_package/vendor/textblob/blob.py,pip install --target reproducibility_package/vendor textblob,none,619ad12154a949f6c2c4c973ec49c17fb6052325ff3c29419b542cc8159a66d4,third-party dependency support
reproducibility_package/vendor/textblob/classifiers.py,pip install --target reproducibility_package/vendor textblob,none,aae04c6ec4da90f1f194a73483dc06296c36cd22ab96cbde48e70290e6cacb70,third-party dependency support
reproducibility_package/vendor/textblob/decorators.py,pip install --target reproducibility_package/vendor textblob,none,d5de1e1a3957937dc830956a7e88da46ca6badfe829190066b98d11e535aba54,third-party dependency support
reproducibility_package/vendor/textblob/download_corpora.py,pip install --target reproducibility_package/vendor textblob,none,c8472dbc4c19258c42e21ecd477b18890a96963cc5de7932765fd13fa7c2edd2,third-party dependency support
reproducibility_package/vendor/textblob/exceptions.py,pip install --target reproducibility_package/vendor textblob,none,9efa1e89cce8a61a09383b0a9aa2ebc5587c9200bf160feb8dc9a8478df33779,third-party dependency support
reproducibility_package/vendor/textblob/formats.py,pip install --target reproducibility_package/vendor textblob,none,51a9c3ecf62a65e1a7f3f904357336ffcd317155bdf40d496867254290fa2a4f,third-party dependency support
reproducibility_package/vendor/textblob/inflect.py,pip install --target reproducibility_package/vendor textblob,none,a8152f951e24ba8e9d8661b38a67171604af042a16b4bd150a142793a52597b9,third-party dependency support
reproducibility_package/vendor/textblob/mixins.py,pip install --target reproducibility_package/vendor textblob,none,ac055e900caeaa022455ec8984d0d70e1c74718bf17506a00bc19af476e5740c,third-party dependency support
reproducibility_package/vendor/textblob/np_extractors.py,pip install --target reproducibility_package/vendor textblob,none,bd81cadbd9a45f30671588bb7aed3f792f3ff5c46a8f01acdaae9ae6878cdf7d,third-party dependency support
reproducibility_package/vendor/textblob/parsers.py,pip install --target reproducibility_package/vendor textblob,none,de069a2fb761296df9a89ed4c274631f96594ad3a4892d43fcfb6780ae6988cb,third-party dependency support
reproducibility_package/vendor/textblob/sentiments.py,pip install --target reproducibility_package/vendor textblob,none,197d944c79b54323b23d93108fb4e13e4fcb81d6359b87383970b7be76f0945e,third-party dependency support
reproducibility_package/vendor/textblob/taggers.py,pip install --target reproducibility_package/vendor textblob,none,e0f55297fb2458867a537070b9a4a029a0b8be998ce195a88a63c3e73cd6aebd,third-party dependency support
reproducibility_package/vendor/textblob/tokenizers.py,pip install --target reproducibility_package/vendor textblob,none,c8018d3832649caeba5ac6e5fc7895c0c8b8e5912ab456161e20c9b1a01a7a53,third-party dependency support
reproducibility_package/vendor/textblob/utils.py,pip install --target reproducibility_package/vendor textblob,none,c6924c061cdfdb1d76e3b6f0285efdf7cf1cdefc3389288746cf0b8197e99e4d,third-party dependency support
reproducibility_package/vendor/textblob/wordnet.py,pip install --target reproducibility_package/vendor textblob,none,be25fa9ad16b4436018759aa15d64e0dce112cba78c0c8fa01d63fc7ade9d9d1,third-party dependency support
reproducibility_package/vendor/textblob/_text.py,pip install --target reproducibility_package/vendor textblob,none,d198f26dffcf573d49a7ff680a7bcf712fb15f8f195d1472b50aed6cbe2a6fb2,third-party dependency support
reproducibility_package/vendor/textblob/__init__.py,pip install --target reproducibility_package/vendor textblob,none,80edc5a7417a540c0edbeeecea0121ae5761c365a3fb7cabaab62afed9dd8654,third-party dependency support
reproducibility_package/vendor/textblob/en/en-context.txt,pip install --target reproducibility_package/vendor textblob,none,d78dc6807bdaacc8e69e3a3635ce2cee548a243eacce8aacbf1fe65093980131,third-party dependency support
reproducibility_package/vendor/textblob/en/en-entities.txt,pip install --target reproducibility_package/vendor textblob,none,568873e0ab9a807ad69640e5f0504e733983c424a3665425e07c24c8fa5bb51e,third-party dependency support
reproducibility_package/vendor/textblob/en/en-lexicon.txt,pip install --target reproducibility_package/vendor textblob,none,9545c71faf16e4461d0bff1d9948fe92b2cf94766af118a6c69c37b43363d5d2,third-party dependency support
reproducibility_package/vendor/textblob/en/en-morphology.txt,pip install --target reproducibility_package/vendor textblob,none,4032100aab324739d0f26fd32d13e2e0f58018066e9b76a0e4cd065bbfc0b248,third-party dependency support
reproducibility_package/vendor/textblob/en/en-sentiment.xml,pip install --target reproducibility_package/vendor textblob,none,0ca603db55570bab9b2865716a3696ede01e3da02b570c47628a9dbcc3b37d1e,third-party dependency support
reproducibility_package/vendor/textblob/en/en-spelling.txt,pip install --target reproducibility_package/vendor textblob,none,eade91558167fe09a481abf59e176af8643ad78678cc53dd5aeaf2a8b30fa332,third-party dependency support
reproducibility_package/vendor/textblob/en/inflect.py,pip install --target reproducibility_package/vendor textblob,none,622aaefb4a4eb7b75f5d7aecfca16629a497f89a3a10ed0d2b4e811c3b63d6a1,third-party dependency support
reproducibility_package/vendor/textblob/en/np_extractors.py,pip install --target reproducibility_package/vendor textblob,none,7cd9d8366dd0101fc2b4116769f658cbcc085e3c84c57303a30d33c3033740b2,third-party dependency support
reproducibility_package/vendor/textblob/en/parsers.py,pip install --target reproducibility_package/vendor textblob,none,f2c08efedf04396e04aafa5b1c071a22c82c0e410dc26c2645b83d28d3512f12,third-party dependency support
reproducibility_package/vendor/textblob/en/sentiments.py,pip install --target reproducibility_package/vendor textblob,none,4b260df6220939b1eacee67f5c0b4f7d055721e72cb8929b501265b2063ae909,third-party dependency support
reproducibility_package/vendor/textblob/en/taggers.py,pip install --target reproducibility_package/vendor textblob,none,e3560503effad5a3ee0255936979d7c59c322729f9b95fb98a44fb49c1333123,third-party dependency support
reproducibility_package/vendor/textblob/en/__init__.py,pip install --target reproducibility_package/vendor textblob,none,27dfd0379a9ec627b0fba7ab0a35a72478c0ecb934b39d9f310df693f2ad0bf6,third-party dependency support
reproducibility_package/vendor/textblob-0.20.1.dist-info/INSTALLER,pip install --target reproducibility_package/vendor textblob,none,ceebae7b8927a3227e5303cf5e0f1f7b34bb542ad7250ac03fbcde36ec2f1508,third-party dependency support
reproducibility_package/vendor/textblob-0.20.1.dist-info/METADATA,pip install --target reproducibility_package/vendor textblob,none,3ecca8a1a0d187158ae3273bff0c6e028b1598e1d6dbc7d7b503cf37b1393274,third-party dependency support
reproducibility_package/vendor/textblob-0.20.1.dist-info/RECORD,pip install --target reproducibility_package/vendor textblob,none,0d3ca342d2bd3eed302252242c88abf95ae715410fa08f738f6b755d96bd7419,third-party dependency support
reproducibility_package/vendor/textblob-0.20.1.dist-info/REQUESTED,pip install --target reproducibility_package/vendor textblob,none,e3b0c44298fc1c149afbf4c8996fb92427ae41e4649b934ca495991b7852b855,third-party dependency support
reproducibility_package/vendor/textblob-0.20.1.dist-info/WHEEL,pip install --target reproducibility_package/vendor textblob,none,1b68144734c4b66791f27add5d425f3620775585718a03d0f9b110ba3a4d88db,third-party dependency support
reproducibility_package/vendor/textblob-0.20.1.dist-info/licenses/LICENSE,pip install --target reproducibility_package/vendor textblob,none,906b5d9051e426144cb173ad911667b8ebd05a9c584c2c26c135b32a3ed12001,third-party dependency support
reproducibility_package/vendor/tqdm/asyncio.py,pip install --target reproducibility_package/vendor textblob,none,229706a3a645c1ce8a287623e6cee1e246918a881c69b27a3dca878fa8ddcb42,third-party dependency support
reproducibility_package/vendor/tqdm/auto.py,pip install --target reproducibility_package/vendor textblob,none,9c365f963ea9db32a48c108d068babae14bcd7361f672d7f750bdb724add5bca,third-party dependency support
reproducibility_package/vendor/tqdm/autonotebook.py,pip install --target reproducibility_package/vendor textblob,none,da9360182243b1eb0d372627992bdef013502e2192828f7b4ac3e83170ab3514,third-party dependency support
reproducibility_package/vendor/tqdm/cli.py,pip install --target reproducibility_package/vendor textblob,none,b758ff3ea2344ae3328491a807130f09763e5136df8dc89a010631014fdffd5d,third-party dependency support
reproducibility_package/vendor/tqdm/completion.sh,pip install --target reproducibility_package/vendor textblob,none,8fbf4a6d29a9223fc4d758df4df057ac69d44f3297569435bc6550becc83465e,third-party dependency support
reproducibility_package/vendor/tqdm/dask.py,pip install --target reproducibility_package/vendor textblob,none,f448b9f1e56a4e8b2c44b8407d6c9414276e5d82a398b9b091a5c8cbe08761fb,third-party dependency support
reproducibility_package/vendor/tqdm/gui.py,pip install --target reproducibility_package/vendor textblob,none,99a43b8e007995e587c313256c1bf4f21a5ee65cadbe61f4844011bb6d8645d5,third-party dependency support
reproducibility_package/vendor/tqdm/keras.py,pip install --target reproducibility_package/vendor textblob,none,ba077cd3ec42c4caa7adbc7f0c43a99a3e9cd92875c6856d43c57df9bc36f5ea,third-party dependency support
reproducibility_package/vendor/tqdm/notebook.py,pip install --target reproducibility_package/vendor textblob,none,eb19144dc611b05c4de3f052518619e75900808ef27274f41cba4ff47ba412a8,third-party dependency support
reproducibility_package/vendor/tqdm/rich.py,pip install --target reproducibility_package/vendor textblob,none,274e32abacb652bf74d76cc2ecf91ccc0d6dedc0e37adf3c866064ac0bfeb36b,third-party dependency support
reproducibility_package/vendor/tqdm/std.py,pip install --target reproducibility_package/vendor textblob,none,dd76d965de52c590819dec376644220cb35dc4831e40efb4c30944884fc57d86,third-party dependency support
reproducibility_package/vendor/tqdm/tk.py,pip install --target reproducibility_package/vendor textblob,none,dd5b01d4c0c090222d696bbb0a631bd82a132cc8aa98388480d8b7ca2a90e466,third-party dependency support
reproducibility_package/vendor/tqdm/tqdm.1,pip install --target reproducibility_package/vendor textblob,none,30b83daa37874e16693c441b595adfe4fe6039730a1c4fd7eb4e8548e048f5e5,third-party dependency support
reproducibility_package/vendor/tqdm/utils.py,pip install --target reproducibility_package/vendor textblob,none,a3f7f4577d87ff0ae7d179919e8de3f6927dc65a79c4bd1f1d3de0b6a2fe939f,third-party dependency support
reproducibility_package/vendor/tqdm/version.py,pip install --target reproducibility_package/vendor textblob,none,d2e1f84cb7bc23c1fbd71dbd7659ad11904e6cb4f76f9216fa7cad177574215c,third-party dependency support
reproducibility_package/vendor/tqdm/_main.py,pip install --target reproducibility_package/vendor textblob,none,f724af8268bfd92c38080a395035b44367717d3af26e8116187a217c2273d2c0,third-party dependency support
reproducibility_package/vendor/tqdm/_monitor.py,pip install --target reproducibility_package/vendor textblob,none,d5571abeea2d61237a2bed636e936ecba1d8b6bde6c28e4d87f8d9310fa38370,third-party dependency support
reproducibility_package/vendor/tqdm/_tqdm.py,pip install --target reproducibility_package/vendor textblob,none,2df2c2b89e9ba6c568f718a59ad057c849b5bc69d4085ae5896f398f727e9c3e,third-party dependency support
reproducibility_package/vendor/tqdm/_tqdm_gui.py,pip install --target reproducibility_package/vendor textblob,none,d371dcf0a6b2c49bde89e239fb4fb6346883a4bbf0f6365e9287c9515ec20b09,third-party dependency support
reproducibility_package/vendor/tqdm/_tqdm_notebook.py,pip install --target reproducibility_package/vendor textblob,none,06e1e22eec6eeae11f64568f256dd13e93dac5a55cb44400de47522520cbd61c,third-party dependency support
reproducibility_package/vendor/tqdm/_tqdm_pandas.py,pip install --target reproducibility_package/vendor textblob,none,73d8e9b5482280de9ac510e145de1189ff7c4e6c5ea297359c5345848a5b1541,third-party dependency support
reproducibility_package/vendor/tqdm/_utils.py,pip install --target reproducibility_package/vendor textblob,none,09f2f3b71158f9046235fc500aa01bd8df04d77b9ab8833de5149088595a12e1,third-party dependency support
reproducibility_package/vendor/tqdm/__init__.py,pip install --target reproducibility_package/vendor textblob,none,f6640d6124aa3fdf496acb9b102d4f3892cc9a1924047e9c259c4f211e46da94,third-party dependency support
reproducibility_package/vendor/tqdm/__main__.py,pip install --target reproducibility_package/vendor textblob,none,6d8b7d7846a845059d7a3107143f11131f63c5511d669b44085b15ec5e3d2279,third-party dependency support
reproducibility_package/vendor/tqdm/contrib/bells.py,pip install --target reproducibility_package/vendor textblob,none,21ac42d985b9ef11c38a7c5d503407bd27a0a341d24dd0d313141010dbd207f9,third-party dependency support
reproducibility_package/vendor/tqdm/contrib/concurrent.py,pip install --target reproducibility_package/vendor textblob,none,0a9c6bc1c29a4111fb9f04cf1b799562e95e1acfeed0c3615b8853b9a6e9618b,third-party dependency support
reproducibility_package/vendor/tqdm/contrib/discord.py,pip install --target reproducibility_package/vendor textblob,none,2cf8f10db99f898b70dce026fd686dc1b5fd05560394f73c949f7a698dd86431,third-party dependency support
reproducibility_package/vendor/tqdm/contrib/itertools.py,pip install --target reproducibility_package/vendor textblob,none,300f7e26f6f74e8b1ea69227bdebf6885e1ba2437b190cb84382e08d4c98740e,third-party dependency support
reproducibility_package/vendor/tqdm/contrib/logging.py,pip install --target reproducibility_package/vendor textblob,none,d27167d82eea51488a3c1d7da931ae4bd2df8daf1a8855b4bbd9326d1746d215,third-party dependency support
reproducibility_package/vendor/tqdm/contrib/slack.py,pip install --target reproducibility_package/vendor textblob,none,b02d7cdafef10647c67ed9c379499000b30e7f043353766235fd50fd70350e32,third-party dependency support
reproducibility_package/vendor/tqdm/contrib/telegram.py,pip install --target reproducibility_package/vendor textblob,none,c9b4eb6868d4431e66e38dd3b17ea927b531ae9b21d66e1ae3705359597fe1ee,third-party dependency support
reproducibility_package/vendor/tqdm/contrib/utils_worker.py,pip install --target reproducibility_package/vendor textblob,none,bdac722726a06303824172d431df3a6c26c8e2c3ea672b2e3066c34869af116a,third-party dependency support
reproducibility_package/vendor/tqdm/contrib/__init__.py,pip install --target reproducibility_package/vendor textblob,none,d46318604f3ae960af94783931d9b33af3ec423e19b8c957cf3f317117090fad,third-party dependency support
reproducibility_package/vendor/tqdm-4.70.1.dist-info/entry_points.txt,pip install --target reproducibility_package/vendor textblob,none,45e2421fb522dd9ca1e8cd7a1383a1b19d6853b5ad31709f6eda3206118edbd6,third-party dependency support
reproducibility_package/vendor/tqdm-4.70.1.dist-info/INSTALLER,pip install --target reproducibility_package/vendor textblob,none,ceebae7b8927a3227e5303cf5e0f1f7b34bb542ad7250ac03fbcde36ec2f1508,third-party dependency support
reproducibility_package/vendor/tqdm-4.70.1.dist-info/METADATA,pip install --target reproducibility_package/vendor textblob,none,a5da70b966afea3a759716041bad7187f2ece02c22348cf9e7c0a512bbf15f57,third-party dependency support
reproducibility_package/vendor/tqdm-4.70.1.dist-info/RECORD,pip install --target reproducibility_package/vendor textblob,none,3104ab3b5c4a185383143e973066f8ec62a4bb3cc8b202a3f6b00c8c5b8b93f5,third-party dependency support
reproducibility_package/vendor/tqdm-4.70.1.dist-info/top_level.txt,pip install --target reproducibility_package/vendor textblob,none,34b89424d7e673d02dd79b3b254462c2fa8c123522f46e4f30646b98c6333523,third-party dependency support
reproducibility_package/vendor/tqdm-4.70.1.dist-info/WHEEL,pip install --target reproducibility_package/vendor textblob,none,61532836a2b3111b7ec23519c09df7c41180c27165fb872a6d8913b566b88ad1,third-party dependency support
reproducibility_package/vendor/tqdm-4.70.1.dist-info/licenses/LICENCE,pip install --target reproducibility_package/vendor textblob,none,fcff87c3a47ce8028a8512aa182d4fcf0ad1c90544ee75cf9b343684cac194de,third-party dependency support
results/figures/reviewer_corrected/competition_secondary_outcome.png,src/reviewer_correction_analysis.py,see reproducibility_package/input_file_hashes.txt (conservative all-input protection),6a7e891dd933454a0cffaba29ee3ba92ca5ffa9f4bf7733027793d28f9ab3a2f,competition secondary outcome
results/figures/reviewer_corrected/competition_secondary_outcome.svg,src/reviewer_correction_analysis.py,see reproducibility_package/input_file_hashes.txt (conservative all-input protection),e25bdc85d09baf5cdae5edc9fe1eb05160497cbc5a16ebc832fb441963ccadff,competition secondary outcome
results/figures/reviewer_corrected/competition_secondary_outcome_source.csv,src/reviewer_correction_analysis.py,see reproducibility_package/input_file_hashes.txt (conservative all-input protection),3f647c24fbb551e3d427a483607c664a55ffea28e474315a5bf300649c071c75,competition secondary outcome source
results/figures/reviewer_corrected/degree_strength_loglog_CCDF.png,src/reviewer_correction_analysis.py,see reproducibility_package/input_file_hashes.txt (conservative all-input protection),ecd9b64101e6cb54fbacc59f796e043c32c9abb12cb888711d9b383ba03c1614,degree strength loglog CCDF
results/figures/reviewer_corrected/degree_strength_loglog_CCDF.svg,src/reviewer_correction_analysis.py,see reproducibility_package/input_file_hashes.txt (conservative all-input protection),d5d8fd58fa88523e1495d8890d0577074bda6225dd862a871c0860d7ff8b758c,degree strength loglog CCDF
results/figures/reviewer_corrected/degree_strength_loglog_CCDF_source.csv,src/reviewer_correction_analysis.py,see reproducibility_package/input_file_hashes.txt (conservative all-input protection),c89a245543303817383cb751a5dee9e87ff31226ad56b6233041dd65f46f243a,degree strength loglog CCDF source
results/figures/reviewer_corrected/forecasting_reconciled_uncertainty.png,src/reviewer_correction_analysis.py,see reproducibility_package/input_file_hashes.txt (conservative all-input protection),b548a955b79dc768b56ce5d8a7030aba49922ce53fbfbc90c2e0cb3c49d02ba3,forecasting reconciled uncertainty
results/figures/reviewer_corrected/forecasting_reconciled_uncertainty.svg,src/reviewer_correction_analysis.py,see reproducibility_package/input_file_hashes.txt (conservative all-input protection),830152c2391600a37ac96175e46283797e2dd53efdf46f990cbf07956a2f2340,forecasting reconciled uncertainty
results/figures/reviewer_corrected/forecasting_reconciled_uncertainty_source.csv,src/reviewer_correction_analysis.py,see reproducibility_package/input_file_hashes.txt (conservative all-input protection),6918a364bf4f9c5564d2a45e7e98445decbf957f6690c2c97e232dd49d22677c,forecasting reconciled uncertainty source
results/figures/reviewer_corrected/layer_orientation_matrices.png,src/reviewer_correction_analysis.py,see reproducibility_package/input_file_hashes.txt (conservative all-input protection),4d260f541fa4c3ca5487384d3809ac6f60496fe66a72bfcbd0b17a72c18fac44,layer orientation matrices
results/figures/reviewer_corrected/layer_orientation_matrices.svg,src/reviewer_correction_analysis.py,see reproducibility_package/input_file_hashes.txt (conservative all-input protection),1f4db254e65f6e33a9fe6bbe1cb15fb8606e638a5c59abdc43571682e1a607be,layer orientation matrices
results/figures/reviewer_corrected/layer_orientation_matrices_source.csv,src/reviewer_correction_analysis.py,see reproducibility_package/input_file_hashes.txt (conservative all-input protection),d11ba992862c2281b6d2d6e8f081ae56c4716962408dbf047d5f5c827931e619,layer orientation matrices source
results/figures/reviewer_corrected/layer_orientation_null_forest.png,src/reviewer_correction_analysis.py,see reproducibility_package/input_file_hashes.txt (conservative all-input protection),cec3257860d7c604fbc3809a067f450a92ab0f6dd7200361b619b204f4475357,layer orientation null forest
results/figures/reviewer_corrected/layer_orientation_null_forest.svg,src/reviewer_correction_analysis.py,see reproducibility_package/input_file_hashes.txt (conservative all-input protection),d37aa07765c1ab36b0b38dd786fec65e98ede7d9db378f61823841c56437f2d0,layer orientation null forest
results/figures/reviewer_corrected/layer_orientation_null_forest_source.csv,src/reviewer_correction_analysis.py,see reproducibility_package/input_file_hashes.txt (conservative all-input protection),f7276d81d5d9d1263dc160bc449f79eb82acd7e4173b1634e618a645513c2d1a,layer orientation null forest source
results/figures/reviewer_corrected/original_WCC_bowtie_readable.png,src/reviewer_correction_analysis.py,see reproducibility_package/input_file_hashes.txt (conservative all-input protection),e23632a3bb2ba99f81ca49b5fe5f3add44760514181af0633e7012f9fa2fd3a2,original WCC bowtie readable
results/figures/reviewer_corrected/original_WCC_bowtie_readable.svg,src/reviewer_correction_analysis.py,see reproducibility_package/input_file_hashes.txt (conservative all-input protection),7debd444290c02b3fc57aaaff305c4422a0fdd85eea8d11d875ab22e219d0e70,original WCC bowtie readable
results/figures/reviewer_corrected/original_WCC_bowtie_readable_source.csv,src/reviewer_correction_analysis.py,see reproducibility_package/input_file_hashes.txt (conservative all-input protection),edec3cbd80d7e70353f82be853a98608e3037baa630669875b61a0207cebe96e,original WCC bowtie readable source
results/figures/reviewer_corrected/population_funnel_separate_units.png,src/reviewer_correction_analysis.py,see reproducibility_package/input_file_hashes.txt (conservative all-input protection),6bd465f57b9a7effdb6b2872bf3c597f4a0c8a0936a62607631c9a1db310edea,population funnel separate units
results/figures/reviewer_corrected/population_funnel_separate_units.svg,src/reviewer_correction_analysis.py,see reproducibility_package/input_file_hashes.txt (conservative all-input protection),68aca05986f70bbc7af8d5f68e4a7c30a2c135cf574ba195ec012569b147854c,population funnel separate units
results/figures/reviewer_corrected/population_funnel_separate_units_source.csv,src/reviewer_correction_analysis.py,see reproducibility_package/input_file_hashes.txt (conservative all-input protection),260f5424c40d099dca529c3c5ab81b8f126b8312f90674b5f78f0d968c4c270d,population funnel separate units source
results/figures/reviewer_corrected/sensitivity_amplification_independent_scales.png,src/reviewer_correction_analysis.py,see reproducibility_package/input_file_hashes.txt (conservative all-input protection),a76d8e118340a6f84248e04d97e21172d6d9fda9db7cc435f2bdfbae7e669aca,sensitivity amplification independent scales
results/figures/reviewer_corrected/sensitivity_amplification_independent_scales.svg,src/reviewer_correction_analysis.py,see reproducibility_package/input_file_hashes.txt (conservative all-input protection),0c0f9f1ab72e48d8034b8c2a2270d33c4a13c8dea8b135ee5d6752a01384151c,sensitivity amplification independent scales
results/figures/reviewer_corrected/sensitivity_amplification_independent_scales_source.csv,src/reviewer_correction_analysis.py,see reproducibility_package/input_file_hashes.txt (conservative all-input protection),dab70c302b29bba50fbde8f29d48604ef8793c49c515cb35b4d8f56a3b4a74da,sensitivity amplification independent scales source
results/figures/reviewer_corrected/simulation_amplification_distribution.png,src/reviewer_correction_analysis.py,see reproducibility_package/input_file_hashes.txt (conservative all-input protection),09fcc48b81d6f06aeb9cf97ea87252e66768738f19826eae78b1ab9cff3f16d2,simulation amplification distribution
results/figures/reviewer_corrected/simulation_amplification_distribution.svg,src/reviewer_correction_analysis.py,see reproducibility_package/input_file_hashes.txt (conservative all-input protection),b80e2c839cf81922a40156916ce24f0ff7e49ad7c17323cfe5cfc1086a16d997,simulation amplification distribution
results/figures/reviewer_corrected/simulation_amplification_distribution_source.csv,src/reviewer_correction_analysis.py,see reproducibility_package/input_file_hashes.txt (conservative all-input protection),3838247a252c65872c412fae4226cbcb57c1e9488223abbfb5ad4fe9ee1b9de3,simulation amplification distribution source
results/figures/reviewer_corrected/simulation_contested_fraction.png,src/reviewer_correction_analysis.py,see reproducibility_package/input_file_hashes.txt (conservative all-input protection),35d128e4ec234375259a45561240188954e5de553cb4fcfef2488bbc50869e8e,simulation contested fraction
results/figures/reviewer_corrected/simulation_contested_fraction.svg,src/reviewer_correction_analysis.py,see reproducibility_package/input_file_hashes.txt (conservative all-input protection),46ed39aa52eeec2b0bc60edd1ecf1d9c9561ff19b567b6a73e9bc1dbfbc04d37,simulation contested fraction
results/figures/reviewer_corrected/simulation_contested_fraction_source.csv,src/reviewer_correction_analysis.py,see reproducibility_package/input_file_hashes.txt (conservative all-input protection),cc1e19fa68384226d77ac603199b4c21f0b9f06565c8f01d8c1985e937e41875,simulation contested fraction source
results/figures/reviewer_corrected/simulation_direction_forest.png,src/reviewer_correction_analysis.py,see reproducibility_package/input_file_hashes.txt (conservative all-input protection),a555705154c4590163e37790dfb2fb08d3392a6c9eb6b4ffef1aecb79ec132e5,simulation direction forest
results/figures/reviewer_corrected/simulation_direction_forest.svg,src/reviewer_correction_analysis.py,see reproducibility_package/input_file_hashes.txt (conservative all-input protection),dccc1ae47309329815b7daefaa334ef04582b339ef35d321e7ce8abaf9c02fa4,simulation direction forest
results/figures/reviewer_corrected/simulation_direction_forest_source.csv,src/reviewer_correction_analysis.py,see reproducibility_package/input_file_hashes.txt (conservative all-input protection),478b64f232496643debc5d2a627fb15d4ef78baef4b2c42638955ef5a3b8a5df,simulation direction forest source
results/figures/reviewer_corrected/simulation_secondary_reach_vs_beta.png,src/reviewer_correction_analysis.py,see reproducibility_package/input_file_hashes.txt (conservative all-input protection),0959788f8f5af86c4a93b4978545e6dd6b206ebe28d0bd0c96e612bafa24c62f,simulation secondary reach vs beta
results/figures/reviewer_corrected/simulation_secondary_reach_vs_beta.svg,src/reviewer_correction_analysis.py,see reproducibility_package/input_file_hashes.txt (conservative all-input protection),2d232a78210139e2b42e9d7580ef10c156462b54c1881c80f7d7892a645629cb,simulation secondary reach vs beta
results/figures/reviewer_corrected/simulation_secondary_reach_vs_beta_source.csv,src/reviewer_correction_analysis.py,see reproducibility_package/input_file_hashes.txt (conservative all-input protection),79cfed2ca668a1a4d36fc7124bb8c24ceed1d3c2ca23c8f5b09f32c8a27f6f8a,simulation secondary reach vs beta source
results/figures/reviewer_corrected/static_vs_temporal_reach.png,src/reviewer_correction_analysis.py,see reproducibility_package/input_file_hashes.txt (conservative all-input protection),59fbbfef0008b35f449818668199826546648d10779de0398837e2a06e9f803c,static vs temporal reach
results/figures/reviewer_corrected/static_vs_temporal_reach.svg,src/reviewer_correction_analysis.py,see reproducibility_package/input_file_hashes.txt (conservative all-input protection),1ed09ec73b70b7aeaaa0cfd9baf6757d16a81611a6de94a97de8e54909add87d,static vs temporal reach
results/figures/reviewer_corrected/static_vs_temporal_reach_source.csv,src/reviewer_correction_analysis.py,see reproducibility_package/input_file_hashes.txt (conservative all-input protection),ebf957ef2d078dad2b750397b89a75a2fdedfad245212e77337f09d533b2154e,static vs temporal reach source
results/figures/reviewer_corrected/temporal_reach_by_seed_stratum.png,src/reviewer_correction_analysis.py,see reproducibility_package/input_file_hashes.txt (conservative all-input protection),af585797f140d35b4b35c48ffcd92ef715e265e1decab298de1b1fcc2564af23,temporal reach by seed stratum
results/figures/reviewer_corrected/temporal_reach_by_seed_stratum.svg,src/reviewer_correction_analysis.py,see reproducibility_package/input_file_hashes.txt (conservative all-input protection),b1950e5c4a031f3e43bc8ff3a9300f1121dee9528bcdf3019e12a82fb3297d95,temporal reach by seed stratum
results/figures/reviewer_corrected/temporal_reach_by_seed_stratum_source.csv,src/reviewer_correction_analysis.py,see reproducibility_package/input_file_hashes.txt (conservative all-input protection),1d5d21c447cd0abbf7fc4516186254676744d58341dc719f19d5b438690d79ba,temporal reach by seed stratum source
results/figures/reviewer_corrected/temporal_static_ratio_distribution.png,src/reviewer_correction_analysis.py,see reproducibility_package/input_file_hashes.txt (conservative all-input protection),e3f1097f09199547fdc562675098a8836023659d53cdb1840d7c308963ea231c,temporal static ratio distribution
results/figures/reviewer_corrected/temporal_static_ratio_distribution.svg,src/reviewer_correction_analysis.py,see reproducibility_package/input_file_hashes.txt (conservative all-input protection),425064c5d2a0d67303cccdf4ce7aef0aa47a786cfba87fd89e6a0a4bfa4677dd,temporal static ratio distribution
results/figures/reviewer_corrected/temporal_static_ratio_distribution_source.csv,src/reviewer_correction_analysis.py,see reproducibility_package/input_file_hashes.txt (conservative all-input protection),ebf957ef2d078dad2b750397b89a75a2fdedfad245212e77337f09d533b2154e,temporal static ratio distribution source
results/figures/reviewer_corrected/textblob_zero_spike_visible.png,src/reviewer_correction_analysis.py,see reproducibility_package/input_file_hashes.txt (conservative all-input protection),ccd3849a107970ba1a2b4b7f92a0c25dbd5e1aecda1984615462d04ff76f3864,textblob zero spike visible
results/figures/reviewer_corrected/textblob_zero_spike_visible.svg,src/reviewer_correction_analysis.py,see reproducibility_package/input_file_hashes.txt (conservative all-input protection),9a5fb7e6148f2c140c9fcdfdddafa6b9a139181201179f545eaa2217f6ec754f,textblob zero spike visible
results/figures/reviewer_corrected/textblob_zero_spike_visible_source.csv,src/reviewer_correction_analysis.py,see reproducibility_package/input_file_hashes.txt (conservative all-input protection),dbcd40f08741a008e10502f1e478bc6b693a5daeaf2996e916e6be0d9ba4ab4c,textblob zero spike visible source
results/figures/reviewer_corrected/typed_bowtie.png,src/reviewer_correction_analysis.py,see reproducibility_package/input_file_hashes.txt (conservative all-input protection),824675f2adb64603cf4a189210e60761fd8f30a7c3220c7ec93e9c1dc5aa626c,typed bowtie
results/figures/reviewer_corrected/typed_bowtie.svg,src/reviewer_correction_analysis.py,see reproducibility_package/input_file_hashes.txt (conservative all-input protection),94fa7d77c80a104f42f39fa0e79cf30805aa3e2968681a79d8323ca8c629fbbb,typed bowtie
results/figures/reviewer_corrected/typed_bowtie_source.csv,src/reviewer_correction_analysis.py,see reproducibility_package/input_file_hashes.txt (conservative all-input protection),4f80d013f4476d1a54c99b45c0c5942f2d73fe2838ccf08441143a6b3953881e,typed bowtie source
results/figures/reviewer_corrected/typed_direction_structure.png,src/reviewer_correction_analysis.py,see reproducibility_package/input_file_hashes.txt (conservative all-input protection),6b2d527e572f4033820135193158bd16624773f1822a7598b18ade55b424bc99,typed direction structure
results/figures/reviewer_corrected/typed_direction_structure.svg,src/reviewer_correction_analysis.py,see reproducibility_package/input_file_hashes.txt (conservative all-input protection),73b1db3c0fbbc44502788cf6d78dcd531d46b36531aa10f32b72ef8f8b5de490,typed direction structure
results/figures/reviewer_corrected/typed_direction_structure_source.csv,src/reviewer_correction_analysis.py,see reproducibility_package/input_file_hashes.txt (conservative all-input protection),90cb2fdda780d6320510caca01ec27f30e3dd9f731f241369005cc58a813144c,typed direction structure source
results/figures/reviewer_corrected/typed_layer_overlap_heatmap.png,src/reviewer_correction_analysis.py,see reproducibility_package/input_file_hashes.txt (conservative all-input protection),28b6c8ba269210aa52e8f064ed5c23c709372b5b7edd57cbb1ebd3add9185609,typed layer overlap heatmap
results/figures/reviewer_corrected/typed_layer_overlap_heatmap.svg,src/reviewer_correction_analysis.py,see reproducibility_package/input_file_hashes.txt (conservative all-input protection),2ed5648884eac35703c6ece809491f55c8c8bf8e12c0300c9248aaf26ee0f428,typed layer overlap heatmap
results/figures/reviewer_corrected/typed_layer_overlap_heatmap_source.csv,src/reviewer_correction_analysis.py,see reproducibility_package/input_file_hashes.txt (conservative all-input protection),5eebddcd787f9420c97d87efbae9b167be3626bc2da2c9714b38cb915de89a66,typed layer overlap heatmap source
results/figures/reviewer_corrected/typed_layer_sizes.png,src/reviewer_correction_analysis.py,see reproducibility_package/input_file_hashes.txt (conservative all-input protection),58d003db5320fc211dc6f232fa7ef1dfd747640c09a1710e1913c6799c49ffe4,typed layer sizes
results/figures/reviewer_corrected/typed_layer_sizes.svg,src/reviewer_correction_analysis.py,see reproducibility_package/input_file_hashes.txt (conservative all-input protection),d9a946a147de5c2b997f2b73d7fcdcb2a6b9b782dffcf64d6517e0326f12f9f5,typed layer sizes
results/figures/reviewer_corrected/typed_layer_sizes_readable_log.png,src/reviewer_correction_analysis.py,see reproducibility_package/input_file_hashes.txt (conservative all-input protection),3c391e21c1b9612dae5b506fe617cf9ee0aa6810bb4984536a6b9e0a15436987,typed layer sizes readable log
results/figures/reviewer_corrected/typed_layer_sizes_readable_log.svg,src/reviewer_correction_analysis.py,see reproducibility_package/input_file_hashes.txt (conservative all-input protection),fc329acf9eceba9a91abb4250c9b32c5be7c8d6863a1331521a9c8ee25eea8b6,typed layer sizes readable log
results/figures/reviewer_corrected/typed_layer_sizes_readable_log_source.csv,src/reviewer_correction_analysis.py,see reproducibility_package/input_file_hashes.txt (conservative all-input protection),e09156832640d8a733b51631fa541a943d40b9542e4793fb6c5bdf490e08d710,typed layer sizes readable log source
results/figures/reviewer_corrected/typed_layer_sizes_source.csv,src/reviewer_correction_analysis.py,see reproducibility_package/input_file_hashes.txt (conservative all-input protection),4f80d013f4476d1a54c99b45c0c5942f2d73fe2838ccf08441143a6b3953881e,typed layer sizes source
results/figures/reviewer_corrected/typed_strength_lorenz.png,src/reviewer_correction_analysis.py,see reproducibility_package/input_file_hashes.txt (conservative all-input protection),436618e9d07e52de7f9625141bd3ee799965b96c71ff7b0219307471d08b3a69,typed strength lorenz
results/figures/reviewer_corrected/typed_strength_lorenz.svg,src/reviewer_correction_analysis.py,see reproducibility_package/input_file_hashes.txt (conservative all-input protection),d074b44f61a9054ed4ed4d7a2a3fd3e42da52ec53ee346acb9fa7a4eb9554341,typed strength lorenz
results/figures/reviewer_corrected/typed_strength_lorenz_source.csv,src/reviewer_correction_analysis.py,see reproducibility_package/input_file_hashes.txt (conservative all-input protection),a46cd4b9331d6617569e686a61f2fe870b56204a5e7c7d2cbe79523b14a073df,typed strength lorenz source
results/figures/reviewer_corrected/weekly_activity_split_panels.png,src/reviewer_correction_analysis.py,see reproducibility_package/input_file_hashes.txt (conservative all-input protection),269999b74a7a436832f3381b371d2797bc40ad8409c2867817938b4e659b62fc,weekly activity split panels
results/figures/reviewer_corrected/weekly_activity_split_panels.svg,src/reviewer_correction_analysis.py,see reproducibility_package/input_file_hashes.txt (conservative all-input protection),e662fb3a28434a93e910a75222f7d162843d815261072f4af0135da19f3c0661,weekly activity split panels
results/figures/reviewer_corrected/weekly_activity_split_panels_source.csv,src/reviewer_correction_analysis.py,see reproducibility_package/input_file_hashes.txt (conservative all-input protection),ef0a3787708a6e8bfe3bde799dc5ebd3f51c7708da4cf9c6869ad9d08a3ab409,weekly activity split panels source
results/reviewer_interim_20261009/archive_manifest.json,src/reviewer_correction_analysis.py,see reproducibility_package/input_file_hashes.txt (conservative all-input protection),14f64449beace020b475d0f280b6a49c1f911e0befd5b6b271bb598976e2b85f,superseded generated draft; audit only
results/reviewer_interim_20261009/figures/reviewer_corrected/competition_secondary_outcome.png,src/reviewer_correction_analysis.py,see reproducibility_package/input_file_hashes.txt (conservative all-input protection),6dc3334d67f8f1da55a37fa664fdda930b4862b7f180fb03b208825e79b496f3,superseded generated draft; audit only
results/reviewer_interim_20261009/figures/reviewer_corrected/competition_secondary_outcome.svg,src/reviewer_correction_analysis.py,see reproducibility_package/input_file_hashes.txt (conservative all-input protection),181ec4a1ec370d0ee849f2d664449cb89aa0511d9f08360c22315323b959c829,superseded generated draft; audit only
results/reviewer_interim_20261009/figures/reviewer_corrected/competition_secondary_outcome_source.csv,src/reviewer_correction_analysis.py,see reproducibility_package/input_file_hashes.txt (conservative all-input protection),2196b6ff4a9d831040b1c408fee6dbf4dd58d59699e6607574b0e527e2620fa9,superseded generated draft; audit only
results/reviewer_interim_20261009/figures/reviewer_corrected/layer_orientation_matrices.png,src/reviewer_correction_analysis.py,see reproducibility_package/input_file_hashes.txt (conservative all-input protection),4d260f541fa4c3ca5487384d3809ac6f60496fe66a72bfcbd0b17a72c18fac44,superseded generated draft; audit only
results/reviewer_interim_20261009/figures/reviewer_corrected/layer_orientation_matrices.svg,src/reviewer_correction_analysis.py,see reproducibility_package/input_file_hashes.txt (conservative all-input protection),ae434e426d9580ef83176bb306b80d30ed621fc8a69965c3f2844f98139785ad,superseded generated draft; audit only
results/reviewer_interim_20261009/figures/reviewer_corrected/layer_orientation_matrices_source.csv,src/reviewer_correction_analysis.py,see reproducibility_package/input_file_hashes.txt (conservative all-input protection),d11ba992862c2281b6d2d6e8f081ae56c4716962408dbf047d5f5c827931e619,superseded generated draft; audit only
results/reviewer_interim_20261009/figures/reviewer_corrected/layer_orientation_null_forest.png,src/reviewer_correction_analysis.py,see reproducibility_package/input_file_hashes.txt (conservative all-input protection),cec3257860d7c604fbc3809a067f450a92ab0f6dd7200361b619b204f4475357,superseded generated draft; audit only
results/reviewer_interim_20261009/figures/reviewer_corrected/layer_orientation_null_forest.svg,src/reviewer_correction_analysis.py,see reproducibility_package/input_file_hashes.txt (conservative all-input protection),3afee2451aa2d922a47b7375703b5a3565600d61c30f993be589f1107a773534,superseded generated draft; audit only
results/reviewer_interim_20261009/figures/reviewer_corrected/layer_orientation_null_forest_source.csv,src/reviewer_correction_analysis.py,see reproducibility_package/input_file_hashes.txt (conservative all-input protection),f8e0ad62f2df390f6a91e3e6b90cb8415e728ddbc38b6c761bcea197adb1a674,superseded generated draft; audit only
results/reviewer_interim_20261009/figures/reviewer_corrected/simulation_amplification_distribution.png,src/reviewer_correction_analysis.py,see reproducibility_package/input_file_hashes.txt (conservative all-input protection),6c9de8f1be60e090e0cfe536ae8608ecb6ab706b57d487527ddfbe91d9f5c176,superseded generated draft; audit only
results/reviewer_interim_20261009/figures/reviewer_corrected/simulation_amplification_distribution.svg,src/reviewer_correction_analysis.py,see reproducibility_package/input_file_hashes.txt (conservative all-input protection),4d115b525842daa23454aa4babccfd67a5f264c2eb82beebf9d0de7e4f233475,superseded generated draft; audit only
results/reviewer_interim_20261009/figures/reviewer_corrected/simulation_amplification_distribution_source.csv,src/reviewer_correction_analysis.py,see reproducibility_package/input_file_hashes.txt (conservative all-input protection),7cb28c43bc7650144c696c6515b3187bf9dd55c4af1d366cf1246c93b82484b5,superseded generated draft; audit only
results/reviewer_interim_20261009/figures/reviewer_corrected/simulation_contested_fraction.png,src/reviewer_correction_analysis.py,see reproducibility_package/input_file_hashes.txt (conservative all-input protection),97968a3ee5ce544d4c3e4d3a1e78ddba5625b20d392b9c7378428c2b53902b9b,superseded generated draft; audit only
results/reviewer_interim_20261009/figures/reviewer_corrected/simulation_contested_fraction.svg,src/reviewer_correction_analysis.py,see reproducibility_package/input_file_hashes.txt (conservative all-input protection),0ea2da1d655c1ec409d28a88a7d40215482803839ec19834d99bbd890126af02,superseded generated draft; audit only
results/reviewer_interim_20261009/figures/reviewer_corrected/simulation_contested_fraction_source.csv,src/reviewer_correction_analysis.py,see reproducibility_package/input_file_hashes.txt (conservative all-input protection),4d81d3a079f0c9f978604401e27d61104d817fa8b972db4e7e68ef15ca522472,superseded generated draft; audit only
results/reviewer_interim_20261009/figures/reviewer_corrected/simulation_direction_forest.png,src/reviewer_correction_analysis.py,see reproducibility_package/input_file_hashes.txt (conservative all-input protection),54def9fa2bc64f4d3cb4d7a52fbc1a2bb834db370ebb7254d73086f02370f930,superseded generated draft; audit only
results/reviewer_interim_20261009/figures/reviewer_corrected/simulation_direction_forest.svg,src/reviewer_correction_analysis.py,see reproducibility_package/input_file_hashes.txt (conservative all-input protection),f3c60731b3af35873527157b00866fb80cc0b3579dffda269310c50c19af9e4e,superseded generated draft; audit only
results/reviewer_interim_20261009/figures/reviewer_corrected/simulation_direction_forest_source.csv,src/reviewer_correction_analysis.py,see reproducibility_package/input_file_hashes.txt (conservative all-input protection),5491de242464c3f85cd4ca996941a5635af2a6f7c7f924f22c16ff692111e095,superseded generated draft; audit only
results/reviewer_interim_20261009/figures/reviewer_corrected/simulation_secondary_reach_vs_beta.png,src/reviewer_correction_analysis.py,see reproducibility_package/input_file_hashes.txt (conservative all-input protection),5c1ccd6a538a279ed2f0aaa414f7d68189c02db08c571c2088fc5b7f917c747a,superseded generated draft; audit only
results/reviewer_interim_20261009/figures/reviewer_corrected/simulation_secondary_reach_vs_beta.svg,src/reviewer_correction_analysis.py,see reproducibility_package/input_file_hashes.txt (conservative all-input protection),c3f76161bec214e140c1e4c63823065c2aa8f9f77f8ba3efc9e42e8060c0ead1,superseded generated draft; audit only
results/reviewer_interim_20261009/figures/reviewer_corrected/simulation_secondary_reach_vs_beta_source.csv,src/reviewer_correction_analysis.py,see reproducibility_package/input_file_hashes.txt (conservative all-input protection),a87c8824817877573d4542ea2e19d996e5a8a3fec93e1c263770ba8ec72ca745,superseded generated draft; audit only
results/reviewer_interim_20261009/tables/competition_exposure_overlap.csv,src/reviewer_correction_analysis.py,see reproducibility_package/input_file_hashes.txt (conservative all-input protection),89a8b8b703abb08d30dcdc544a2d205923655db784e82cdcf1aa49acab01f24c,superseded generated draft; audit only
results/reviewer_interim_20261009/tables/competition_outcome_definition_comparison.csv,src/reviewer_correction_analysis.py,see reproducibility_package/input_file_hashes.txt (conservative all-input protection),020acb74725b444926e6cb0aa7c5d536e936cdf65cf4c7613d76c07bcd7efbd9,superseded generated draft; audit only
results/reviewer_interim_20261009/tables/direction_simulation_comparison.csv,src/reviewer_correction_analysis.py,see reproducibility_package/input_file_hashes.txt (conservative all-input protection),a6211c4ef2f1d30839337db47af8efdfebb11cf7631a1839f758468cdeae83b0,superseded generated draft; audit only
results/reviewer_interim_20261009/tables/layer_orientation_assumptions.txt,src/reviewer_correction_analysis.py,see reproducibility_package/input_file_hashes.txt (conservative all-input protection),cdce5d87239ecdbfad8e2f8976d7ada28231612cd107dd59c9287ae13abc0def,superseded generated draft; audit only
results/reviewer_interim_20261009/tables/layer_orientation_degree_strength_strata.csv,src/reviewer_correction_analysis.py,see reproducibility_package/input_file_hashes.txt (conservative all-input protection),2225eecccda731971676169a6222df65dc1298496eb721afc503916ea44ab248,superseded generated draft; audit only
results/reviewer_interim_20261009/tables/layer_orientation_mixing.csv,src/reviewer_correction_analysis.py,see reproducibility_package/input_file_hashes.txt (conservative all-input protection),d11ba992862c2281b6d2d6e8f081ae56c4716962408dbf047d5f5c827931e619,superseded generated draft; audit only
results/reviewer_interim_20261009/tables/layer_orientation_permutation_draws.csv,src/reviewer_correction_analysis.py,see reproducibility_package/input_file_hashes.txt (conservative all-input protection),ce2be01fdafab866e49fc5d76463525bb808b50d98b1db6dfefb8b42d67b6189,superseded generated draft; audit only
results/reviewer_interim_20261009/tables/layer_orientation_permutation_tests.csv,src/reviewer_correction_analysis.py,see reproducibility_package/input_file_hashes.txt (conservative all-input protection),f8e0ad62f2df390f6a91e3e6b90cb8415e728ddbc38b6c761bcea197adb1a674,superseded generated draft; audit only
results/reviewer_interim_20261009/tables/reviewer_simulation_assumptions.txt,src/reviewer_correction_analysis.py,see reproducibility_package/input_file_hashes.txt (conservative all-input protection),9cbdfdcbd5e4aa632491d50046abdf4035d9ba8d2c2c50ffd6681d47c5f9d3e3,superseded generated draft; audit only
results/reviewer_interim_20261009/tables/reviewer_simulation_configuration.csv,src/reviewer_correction_analysis.py,see reproducibility_package/input_file_hashes.txt (conservative all-input protection),85c16aa3f2d7e9ec2d3a7f00649910df1f395745d02ea847d546485d660ac9d7,superseded generated draft; audit only
results/reviewer_interim_20261009/tables/secondary_reach_simulation_results.csv,src/reviewer_correction_analysis.py,see reproducibility_package/input_file_hashes.txt (conservative all-input protection),e5579c31baa4dd30643246e4d9aa0a6a57b0ef27d9aef071b298b96f86cde0be,superseded generated draft; audit only
results/reviewer_interim_20261009/tables/secondary_reach_simulation_runs.csv,src/reviewer_correction_analysis.py,see reproducibility_package/input_file_hashes.txt (conservative all-input protection),c2cc15b0750e312d34e50255ef786bce323f6f60dd619215f7c31ca203bf9a11,superseded generated draft; audit only
results/tables/aligned_GRU_definition.txt,src/reviewer_correction_analysis.py,see reproducibility_package/input_file_hashes.txt (conservative all-input protection),3abb74f9f27da5a2b9075c57c1e55b210d5885519f64246f87cee045e5ac9b3d,aligned GRU definition
results/tables/all_forecasting_models_reconciled.csv,src/reviewer_correction_analysis.py,see reproducibility_package/input_file_hashes.txt (conservative all-input protection),3f1a1589b377a23edb782aa9090b411caffb0bb6ff8209f09cafaf55c7113a2e,all forecasting models reconciled
results/tables/competition_exposure_overlap.csv,src/reviewer_correction_analysis.py,see reproducibility_package/input_file_hashes.txt (conservative all-input protection),978e08d8b8083e2e75e01084ed6f1766da00f369b509646b31ad6feb326b52a9,competition exposure overlap
results/tables/competition_outcome_definition_comparison.csv,src/reviewer_correction_analysis.py,see reproducibility_package/input_file_hashes.txt (conservative all-input protection),e7bcae89dfdfe14ef20da207500b68062f8fcdfd474d960306ea185c0093a22d,competition outcome definition comparison
results/tables/direction_simulation_comparison.csv,src/reviewer_correction_analysis.py,see reproducibility_package/input_file_hashes.txt (conservative all-input protection),d4d998c1d233d1fe49601e8c051d12bfa75a48901ab07d88f834bb3ffe749cec,direction simulation comparison
results/tables/figure_correction_assumptions.txt,src/reviewer_correction_analysis.py,see reproducibility_package/input_file_hashes.txt (conservative all-input protection),8ec50369dfd586e3124237b83de5f8442895f051b4f1bb2650266ace744daa1e,figure correction assumptions
results/tables/forecasting_chance_references.csv,src/reviewer_correction_analysis.py,see reproducibility_package/input_file_hashes.txt (conservative all-input protection),5f56ae46ed744a1f7bbaa561dfbd21fb097ee25d6e7d3ef5e9885676bec810b6,forecasting chance references
results/tables/forecasting_consistency_report.txt,src/reviewer_correction_analysis.py,see reproducibility_package/input_file_hashes.txt (conservative all-input protection),64d14e3dd0af672711ae8c529facc159f2f00e6db5cf8538e0ec36fc0374ccb0,forecasting consistency report
results/tables/forecasting_population_and_information_boundary.csv,src/reviewer_correction_analysis.py,see reproducibility_package/input_file_hashes.txt (conservative all-input protection),eb8b41318528211adb81f78eac7f7239ffb629f7180430530e83978478574896,forecasting population and information boundary
results/tables/forecasting_saved_mean_consistency.csv,src/reviewer_correction_analysis.py,see reproducibility_package/input_file_hashes.txt (conservative all-input protection),3fe9377e8638473dbd2536a4616494df301ed724cc88ed07743eff44124bb815,forecasting saved mean consistency
results/tables/layer_orientation_assumptions.txt,src/reviewer_correction_analysis.py,see reproducibility_package/input_file_hashes.txt (conservative all-input protection),cdce5d87239ecdbfad8e2f8976d7ada28231612cd107dd59c9287ae13abc0def,layer orientation assumptions
results/tables/layer_orientation_degree_strength_strata.csv,src/reviewer_correction_analysis.py,see reproducibility_package/input_file_hashes.txt (conservative all-input protection),2225eecccda731971676169a6222df65dc1298496eb721afc503916ea44ab248,layer orientation degree strength strata
results/tables/layer_orientation_mixing.csv,src/reviewer_correction_analysis.py,see reproducibility_package/input_file_hashes.txt (conservative all-input protection),d11ba992862c2281b6d2d6e8f081ae56c4716962408dbf047d5f5c827931e619,layer orientation mixing
results/tables/layer_orientation_permutation_draws.csv,src/reviewer_correction_analysis.py,see reproducibility_package/input_file_hashes.txt (conservative all-input protection),ce2be01fdafab866e49fc5d76463525bb808b50d98b1db6dfefb8b42d67b6189,layer orientation permutation draws
results/tables/layer_orientation_permutation_tests.csv,src/reviewer_correction_analysis.py,see reproducibility_package/input_file_hashes.txt (conservative all-input protection),f7276d81d5d9d1263dc160bc449f79eb82acd7e4173b1634e618a645513c2d1a,layer orientation permutation tests
results/tables/matching_sensitivity_comparison.csv,src/reviewer_correction_analysis.py,see reproducibility_package/input_file_hashes.txt (conservative all-input protection),39a7a824f3da661bbcf652e81202a1cf78ea7190fe6ad2fa1a11a1056d6bfd18,matching sensitivity comparison
results/tables/matching_sensitivity_report.txt,src/reviewer_correction_analysis.py,see reproducibility_package/input_file_hashes.txt (conservative all-input protection),81c5ae3043ef377d0c5f1d02b01e8c6206706bd096b5da2d325350e0a8572a97,matching sensitivity report
results/tables/numerical_reconciliation_report.txt,src/reviewer_correction_analysis.py,see reproducibility_package/input_file_hashes.txt (conservative all-input protection),b23c05320f435965b6a6e450152bd21a0f3e9a1e44075ab030766151adcf29f0,numerical reconciliation report
results/tables/protected_input_posthash_verification.json,src/reviewer_correction_analysis.py,see reproducibility_package/input_file_hashes.txt (conservative all-input protection),21769d534b4a34e9ddfb5150f24fb20b32d25b5f6ccf2b0150efd95d2c567571,protected input posthash verification
results/tables/reconstruction_overlap_reconciliation.csv,src/reviewer_correction_analysis.py,see reproducibility_package/input_file_hashes.txt (conservative all-input protection),89e74b2ebf289e9e769f7ab7b4db9b27d8e59634dccc511c35dba03bb0a4793f,reconstruction overlap reconciliation
results/tables/reviewer_analysis_validation_notes.txt,src/reviewer_correction_analysis.py,see reproducibility_package/input_file_hashes.txt (conservative all-input protection),1b1fae5ebf2793c9d09fa10026c9d46a041b97f93694a87de6f376d5859eee3a,reviewer analysis validation notes
results/tables/reviewer_correction_issue_index.csv,src/reviewer_correction_analysis.py,see reproducibility_package/input_file_hashes.txt (conservative all-input protection),cc89ff5c69c2d7cd9bdca4aceffe4ad72f3fdde7295b7f9d89d1b6000344ac67,reviewer correction issue index
results/tables/reviewer_correction_master_report.md,src/reviewer_correction_analysis.py,see reproducibility_package/input_file_hashes.txt (conservative all-input protection),03d4d53026b31b9a96c3333297a348fd06d07afaaf97d84209c49fb066f126b1,reviewer correction master report
results/tables/reviewer_evidence_validation.csv,src/reviewer_validate_evidence.py,see reproducibility_package/input_file_hashes.txt (conservative all-input protection),b37d30158d901b890543d909a7ccee21a9acde96f185e45edf108ee51148c096,reviewer evidence validation
results/tables/reviewer_final_terminal_summary.txt,src/reviewer_correction_analysis.py,see reproducibility_package/input_file_hashes.txt (conservative all-input protection),e4f0a96c29a3030518df0f315bb97816ffa827170dbbf4b5c475f49041b5196a,reviewer final terminal summary
results/tables/reviewer_phase_runtime_report.json,src/reviewer_correction_analysis.py,see reproducibility_package/input_file_hashes.txt (conservative all-input protection),6e94dccd3a95438e4e43c6bafb9037e9f7d6e336172a8690798158bff04b3a8f,reviewer phase runtime report
results/tables/reviewer_phase_runtime_supplements.json,src/reviewer_correction_analysis.py,see reproducibility_package/input_file_hashes.txt (conservative all-input protection),90b8bd2f5d546e48e717c114b412598423689ae906e3e392d754bd9046e7a412,reviewer phase runtime supplements
results/tables/reviewer_simulation_assumptions.txt,src/reviewer_correction_analysis.py,see reproducibility_package/input_file_hashes.txt (conservative all-input protection),9cbdfdcbd5e4aa632491d50046abdf4035d9ba8d2c2c50ffd6681d47c5f9d3e3,reviewer simulation assumptions
results/tables/reviewer_simulation_configuration.csv,src/reviewer_correction_analysis.py,see reproducibility_package/input_file_hashes.txt (conservative all-input protection),85c16aa3f2d7e9ec2d3a7f00649910df1f395745d02ea847d546485d660ac9d7,reviewer simulation configuration
results/tables/secondary_reach_simulation_results.csv,src/reviewer_correction_analysis.py,see reproducibility_package/input_file_hashes.txt (conservative all-input protection),d9982b54642c9738af476acdb71730c40e4bde697ea96620c22487cd99b7f961,secondary reach simulation results
results/tables/secondary_reach_simulation_runs.csv,src/reviewer_correction_analysis.py,see reproducibility_package/input_file_hashes.txt (conservative all-input protection),027e09a471dae975688a37375e9b050abf58a5ac1416052e60750fc080c60513,secondary reach simulation runs
results/tables/sensitivity_panel_scale_audit.csv,src/reviewer_correction_analysis.py,see reproducibility_package/input_file_hashes.txt (conservative all-input protection),f49fc791369a0aac881901fa08e544c9f242315a83930732c654368e9fe5696b,sensitivity panel scale audit
results/tables/spectral_dominant_block_eigenvectors.csv,src/reviewer_correction_analysis.py,see reproducibility_package/input_file_hashes.txt (conservative all-input protection),c205a7fdf147dd988cb1d194a33281b78cb93150704248195d26d357875eb357,spectral dominant block eigenvectors
results/tables/spectral_dominant_edges_full_temporal_endpoint_population_layer_aware_loops.csv,src/reviewer_correction_analysis.py,see reproducibility_package/input_file_hashes.txt (conservative all-input protection),6cd7238c3ab73c1cce11a0a7c66c43a4e6e1782b0e753041689f8245f4ef0596,spectral dominant edges full temporal endpoint population layer aware loops
results/tables/spectral_dominant_edges_full_temporal_endpoint_population_layer_aware_no_loops.csv,src/reviewer_correction_analysis.py,see reproducibility_package/input_file_hashes.txt (conservative all-input protection),22489951bcc5d7f9e7c5cd5e3329cc06cc506a9ab105be2ae4df4d6560a25b15,spectral dominant edges full temporal endpoint population layer aware no loops
results/tables/spectral_dominant_edges_full_temporal_endpoint_population_recorded_loops.csv,src/reviewer_correction_analysis.py,see reproducibility_package/input_file_hashes.txt (conservative all-input protection),d58571290d3da7528ad14537c150a5c3d428cb415586aeb05300443ce29c8a22,spectral dominant edges full temporal endpoint population recorded loops
results/tables/spectral_dominant_edges_full_temporal_endpoint_population_recorded_no_loops.csv,src/reviewer_correction_analysis.py,see reproducibility_package/input_file_hashes.txt (conservative all-input protection),c2f12a3de311bd8eac746b2c751523a25e63ccf8fca1a017b5f2cd8962d82e93,spectral dominant edges full temporal endpoint population recorded no loops
results/tables/spectral_dominant_edges_full_temporal_endpoint_population_reversed_loops.csv,src/reviewer_correction_analysis.py,see reproducibility_package/input_file_hashes.txt (conservative all-input protection),057443d1928a7807b8808306e2a4f911de66122db696ab41b79890ee468f5858,spectral dominant edges full temporal endpoint population reversed loops
results/tables/spectral_dominant_edges_full_temporal_endpoint_population_reversed_no_loops.csv,src/reviewer_correction_analysis.py,see reproducibility_package/input_file_hashes.txt (conservative all-input protection),baa69619e1b31ecc1ce85a0197005b49d011358bf364909bc7604b0c553612de,spectral dominant edges full temporal endpoint population reversed no loops
results/tables/spectral_dominant_edges_original_model_population_layer_aware_loops.csv,src/reviewer_correction_analysis.py,see reproducibility_package/input_file_hashes.txt (conservative all-input protection),b51ec12c1724698b728b9d730833ce91ea64eb4bfc3b4cb8365b2c11946d5f0f,spectral dominant edges original model population layer aware loops
results/tables/spectral_dominant_edges_original_model_population_layer_aware_no_loops.csv,src/reviewer_correction_analysis.py,see reproducibility_package/input_file_hashes.txt (conservative all-input protection),89a8b69d5724529a5c133ffcd6623f2dca811ba99fc39785d1ef1048d22d4746,spectral dominant edges original model population layer aware no loops
results/tables/spectral_dominant_edges_original_model_population_recorded_loops.csv,src/reviewer_correction_analysis.py,see reproducibility_package/input_file_hashes.txt (conservative all-input protection),4a20269c604ffd82ffc43fc5134fa9f89cdb855c6fc1bc2737d263814daf499e,spectral dominant edges original model population recorded loops
results/tables/spectral_dominant_edges_original_model_population_recorded_no_loops.csv,src/reviewer_correction_analysis.py,see reproducibility_package/input_file_hashes.txt (conservative all-input protection),fbbf1bb44b5e6466946da4b652dc0ea081f9c91999a19043f0a8f9667baaa705,spectral dominant edges original model population recorded no loops
results/tables/spectral_dominant_edges_original_model_population_reversed_loops.csv,src/reviewer_correction_analysis.py,see reproducibility_package/input_file_hashes.txt (conservative all-input protection),4426ed5469b232d2132249ca074b237483317080d591396999b58737d2060f75,spectral dominant edges original model population reversed loops
results/tables/spectral_dominant_edges_original_model_population_reversed_no_loops.csv,src/reviewer_correction_analysis.py,see reproducibility_package/input_file_hashes.txt (conservative all-input protection),928e08ae1d5a5b85b4abdc4c7c400e4c3440470e237607091ecba095e948bf52,spectral dominant edges original model population reversed no loops
results/tables/spectral_threshold_audit.csv,src/reviewer_correction_analysis.py,see reproducibility_package/input_file_hashes.txt (conservative all-input protection),840bd194689e89fbfadb64b1bd997b783ca5a4d2bd23a3284fcd72e6f0250df3,spectral threshold audit
results/tables/spectral_threshold_audit_report.txt,src/reviewer_correction_analysis.py,see reproducibility_package/input_file_hashes.txt (conservative all-input protection),cb6c84e59e57412e5d1a006a1a0bb946f12af23ccbabcef43a920ea480450daf,spectral threshold audit report
results/tables/target_textblob_agreement_recheck.csv,src/reviewer_correction_analysis.py,see reproducibility_package/input_file_hashes.txt (conservative all-input protection),89dce9a23e5b4008a21161ff4d5e785eba95387a376349ebcce3e7492c4fde18,target textblob agreement recheck
results/tables/temporal_hop_interpretation_clarification.txt,src/reviewer_validate_evidence.py,see reproducibility_package/input_file_hashes.txt (conservative all-input protection),1df42851813fa6c231b67ee765689846d6fec8ffbd8fc245171457839a53e1b7,temporal hop interpretation clarification
results/tables/textblob_polarity_recomputed.csv,src/reviewer_correction_analysis.py,see reproducibility_package/input_file_hashes.txt (conservative all-input protection),a353a74f2a474fdd8659e20254511694290495a6d7aeb8eff2caa5cdcd2e6145,textblob polarity recomputed
results/tables/textblob_saved_summary_consistency.csv,src/reviewer_correction_analysis.py,see reproducibility_package/input_file_hashes.txt (conservative all-input protection),bc30db0238ee072449df84c188b5926b9ad372484e7a5f8c169d341fbc6a4e21,textblob saved summary consistency
results/tables/time_respecting_earliest_arrival_examples.csv,src/reviewer_correction_analysis.py,see reproducibility_package/input_file_hashes.txt (conservative all-input protection),210b93a22139d3d8f006bb321ed2cff0faaecb02ef5edcdc48bb263cac519528,time respecting earliest arrival examples
results/tables/time_respecting_reachability_by_seed.csv,src/reviewer_correction_analysis.py,see reproducibility_package/input_file_hashes.txt (conservative all-input protection),aba8998988c3a772fc6b591801690dd4a68422fe122292d7b7b23bf171e46b38,time respecting reachability by seed
results/tables/time_respecting_reachability_report.txt,src/reviewer_correction_analysis.py,see reproducibility_package/input_file_hashes.txt (conservative all-input protection),59879d646ee9f7da4295bf3a2d0ebd15e57cf66b197922c721b78956100290ce,time respecting reachability report
results/tables/time_respecting_reachability_summary.csv,src/reviewer_correction_analysis.py,see reproducibility_package/input_file_hashes.txt (conservative all-input protection),8a7da0477bb45aab53a76a420a10ec062bb7b9e72bf792260624f8a5fe1ccf77,time respecting reachability summary
results/tables/time_respecting_reachability_unique_seed_summary.csv,src/reviewer_correction_analysis.py,see reproducibility_package/input_file_hashes.txt (conservative all-input protection),1f67fefd5b772378526ca484453b92af5824cae27d7c3c4681522bccc457d50e,time respecting reachability unique seed summary
results/tables/typed_direction_assumptions.txt,src/reviewer_correction_analysis.py,see reproducibility_package/input_file_hashes.txt (conservative all-input protection),a9645416f50aeb387cac6346615bf8371ef1f9df09981ff090679888499c9a29,typed direction assumptions
results/tables/typed_layer_network_statistics.csv,src/reviewer_correction_analysis.py,see reproducibility_package/input_file_hashes.txt (conservative all-input protection),90cb2fdda780d6320510caca01ec27f30e3dd9f731f241369005cc58a813144c,typed layer network statistics
results/tables/typed_layer_node_centralities.csv,src/reviewer_correction_analysis.py,see reproducibility_package/input_file_hashes.txt (conservative all-input protection),7737c493fad3c631c660243f9ad1cda70526126d2684e7813244310746974503,typed layer node centralities
results/tables/typed_layer_overlap.csv,src/reviewer_correction_analysis.py,see reproducibility_package/input_file_hashes.txt (conservative all-input protection),5eebddcd787f9420c97d87efbae9b167be3626bc2da2c9714b38cb915de89a66,typed layer overlap
results/tables/username_normalization_display_map.csv,src/reviewer_correction_analysis.py,see reproducibility_package/input_file_hashes.txt (conservative all-input protection),211bcb45a0777945e9dd5904bad6084c696ee5363ca96c457c7cb893a4ae780e,username normalization display map
src/reviewer_correction_analysis.py,src/reviewer_correction_analysis.py,see reproducibility_package/input_file_hashes.txt (conservative all-input protection),d282ea6467592e0cb8d9f80b8fcdf9e4f7a04b6f20287dca2ff2c54c65b17745,reviewer correction analysis
src/reviewer_reference_02_target_validation.txt,notebook code extraction (read-only reference),see reproducibility_package/input_file_hashes.txt (conservative all-input protection),9b1ac61769c22dbcc9d2a215f25221fb101cdd9613dd22f250b471feb0c8e2c0,reviewer reference 02 target validation
src/reviewer_reference_05_connected_diffusion_population.txt,notebook code extraction (read-only reference),see reproducibility_package/input_file_hashes.txt (conservative all-input protection),5f358a5201c85750ac15526a2499f547166c8c04d3602f57ed4a339a636b189f,reviewer reference 05 connected diffusion population
src/reviewer_reference_07_competitive_diffusion_model.txt,notebook code extraction (read-only reference),see reproducibility_package/input_file_hashes.txt (conservative all-input protection),b7e65492e43818824eec1b3ef99c1658dbe352a80776eef78396506e140f5e37,reviewer reference 07 competitive diffusion model
src/reviewer_validate_evidence.py,src/reviewer_correction_analysis.py,see reproducibility_package/input_file_hashes.txt (conservative all-input protection),b5341873a34c42d05d478b195e4d15248d5ad9ae2074540a5b3158cb81f6a3ed,reviewer validate evidence
