layer,direction,stratum,seed,graph_nodes,graph_edges,valid_events,invalid_timestamp_events,start_UTC,static_out_component,temporal_reachable,temporal_static_ratio,fraction_lost_time_order,earliest_arrival_min_days,earliest_arrival_median_days,earliest_arrival_max_days,max_earliest_arrival_witness_hops
pooled,recorded,random,3208sunil,60219,109219,129604,0,1970-01-20T06:43:12+00:00,10,10,1.0,0.0,0.02744212962962963,0.02744212962962963,0.02744212962962963,1
pooled,recorded,random,58arunesh,60219,109219,129604,0,1970-01-20T06:43:12+00:00,1,1,1.0,0.0,0.055150462962962964,0.055150462962962964,0.055150462962962964,1
pooled,recorded,random,6vkqim7goylgtls,60219,109219,129604,0,1970-01-20T06:43:12+00:00,13,11,0.8461538461538461,0.15384615384615385,0.06768518518518518,0.06768518518518518,0.06768518518518518,1
pooled,recorded,random,_adityavarma,60219,109219,129604,0,1970-01-20T06:43:12+00:00,5,5,1.0,0.0,0.09888888888888889,0.09888888888888889,0.09888888888888889,1
pooled,recorded,random,_rowdy01,60219,109219,129604,0,1970-01-20T06:43:12+00:00,0,0,NA,NA,NA,NA,NA,0
pooled,recorded,random,aaidanswami,60219,109219,129604,0,1970-01-20T06:43:12+00:00,5,5,1.0,0.0,0.0553125,0.13849537037037038,0.13849537037037038,3
pooled,recorded,random,aajay12saini,60219,109219,129604,0,1970-01-20T06:43:12+00:00,5,4,0.8,0.2,0.10599537037037036,0.13929398148148148,0.1420486111111111,2
pooled,recorded,random,aanurudha,60219,109219,129604,0,1970-01-20T06:43:12+00:00,9,9,1.0,0.0,0.10328703703703704,0.12224537037037037,0.15920138888888888,2
pooled,recorded,random,aasharr,60219,109219,129604,0,1970-01-20T06:43:12+00:00,24,24,1.0,0.0,0.025266203703703704,0.03840277777777778,0.10061342592592593,2
pooled,recorded,random,aathavanw,60219,109219,129604,0,1970-01-20T06:43:12+00:00,6,1,0.16666666666666666,0.8333333333333334,0.15964120370370372,0.15964120370370372,0.15964120370370372,1
pooled,recorded,random,aayushsaran,60219,109219,129604,0,1970-01-20T06:43:12+00:00,2,2,1.0,0.0,0.07503472222222222,0.07711226851851852,0.07918981481481481,2
pooled,recorded,random,aazeez_shaikh,60219,109219,129604,0,1970-01-20T06:43:12+00:00,0,0,NA,NA,NA,NA,NA,0
pooled,recorded,random,abetteragenda,60219,109219,129604,0,1970-01-20T06:43:12+00:00,2,2,1.0,0.0,0.013368055555555555,0.013368055555555555,0.013368055555555555,1
pooled,recorded,random,abhasin1968,60219,109219,129604,0,1970-01-20T06:43:12+00:00,5,2,0.4,0.6,0.1498611111111111,0.1498611111111111,0.1498611111111111,1
pooled,recorded,random,abhishekv30,60219,109219,129604,0,1970-01-20T06:43:12+00:00,1,1,1.0,0.0,0.05734953703703704,0.05734953703703704,0.05734953703703704,1
pooled,recorded,random,abmohanta,60219,109219,129604,0,1970-01-20T06:43:12+00:00,3,3,1.0,0.0,0.01494212962962963,0.01494212962962963,0.01494212962962963,1
pooled,recorded,random,actor_nikhil,60219,109219,129604,0,1970-01-20T06:43:12+00:00,1,1,1.0,0.0,0.04097222222222222,0.04097222222222222,0.04097222222222222,1
pooled,recorded,random,adilkhatri12,60219,109219,129604,0,1970-01-20T06:43:12+00:00,5,5,1.0,0.0,0.07956018518518519,0.07956018518518519,0.07956018518518519,1
pooled,recorded,random,adisinghshrinet,60219,109219,129604,0,1970-01-20T06:43:12+00:00,1,1,1.0,0.0,0.08136574074074074,0.08136574074074074,0.08136574074074074,1
pooled,recorded,random,adyal08,60219,109219,129604,0,1970-01-20T06:43:12+00:00,0,0,NA,NA,NA,NA,NA,0
pooled,recorded,random,aggiepride85,60219,109219,129604,0,1970-01-20T06:43:12+00:00,0,0,NA,NA,NA,NA,NA,0
pooled,recorded,random,ahemsharrma,60219,109219,129604,0,1970-01-20T06:43:12+00:00,0,0,NA,NA,NA,NA,NA,0
pooled,recorded,random,ahir_hansraj,60219,109219,129604,0,1970-01-20T06:43:12+00:00,0,0,NA,NA,NA,NA,NA,0
pooled,recorded,random,akul_jaiswal,60219,109219,129604,0,1970-01-20T06:43:12+00:00,3,1,0.3333333333333333,0.6666666666666666,0.14550925925925925,0.14550925925925925,0.14550925925925925,1
pooled,recorded,random,alphonseamalan1,60219,109219,129604,0,1970-01-20T06:43:12+00:00,1,1,1.0,0.0,0.01565972222222222,0.01565972222222222,0.01565972222222222,1
pooled,recorded,random,aman_iim_l,60219,109219,129604,0,1970-01-20T06:43:12+00:00,7,7,1.0,0.0,0.11847222222222223,0.11847222222222223,0.11847222222222223,1
pooled,recorded,random,ambatirambabu,60219,109219,129604,0,1970-01-20T06:43:12+00:00,0,0,NA,NA,NA,NA,NA,0
pooled,recorded,random,ambedkarsujat,60219,109219,129604,0,1970-01-20T06:43:12+00:00,0,0,NA,NA,NA,NA,NA,0
pooled,recorded,random,anakin_utd,60219,109219,129604,0,1970-01-20T06:43:12+00:00,2,2,1.0,0.0,0.14746527777777776,0.14746527777777776,0.14746527777777776,1
pooled,recorded,random,ananyadash11,60219,109219,129604,0,1970-01-20T06:43:12+00:00,1,1,1.0,0.0,0.009641203703703704,0.009641203703703704,0.009641203703703704,1
pooled,recorded,random,anas7acia,60219,109219,129604,0,1970-01-20T06:43:12+00:00,2,1,0.5,0.5,0.1531597222222222,0.1531597222222222,0.1531597222222222,1
pooled,recorded,random,aneeshsingh793,60219,109219,129604,0,1970-01-20T06:43:12+00:00,0,0,NA,NA,NA,NA,NA,0
pooled,recorded,random,anil0299,60219,109219,129604,0,1970-01-20T06:43:12+00:00,1,1,1.0,0.0,0.11135416666666667,0.11135416666666667,0.11135416666666667,1
pooled,recorded,random,anilro,60219,109219,129604,0,1970-01-20T06:43:12+00:00,2,1,0.5,0.5,0.1155787037037037,0.1155787037037037,0.1155787037037037,1
pooled,recorded,random,anilsha09797156,60219,109219,129604,0,1970-01-20T06:43:12+00:00,20,15,0.75,0.25,0.08609953703703704,0.15092592592592594,0.16142361111111111,1
pooled,recorded,random,anirudh1969,60219,109219,129604,0,1970-01-20T06:43:12+00:00,0,0,NA,NA,NA,NA,NA,0
pooled,recorded,random,ankesh_gond,60219,109219,129604,0,1970-01-20T06:43:12+00:00,1,1,1.0,0.0,0.009722222222222222,0.009722222222222222,0.009722222222222222,1
pooled,recorded,random,ankitsingh1009,60219,109219,129604,0,1970-01-20T06:43:12+00:00,8,8,1.0,0.0,0.006469907407407408,0.033547453703703704,0.16366898148148148,3
pooled,recorded,random,ankushy58276008,60219,109219,129604,0,1970-01-20T06:43:12+00:00,1,1,1.0,0.0,0.16074074074074074,0.16074074074074074,0.16074074074074074,1
pooled,recorded,random,annantsharmaa,60219,109219,129604,0,1970-01-20T06:43:12+00:00,1,1,1.0,0.0,0.09731481481481481,0.09731481481481481,0.09731481481481481,1
pooled,recorded,random,anonimoustah,60219,109219,129604,0,1970-01-20T06:43:12+00:00,1,1,1.0,0.0,0.10479166666666667,0.10479166666666667,0.10479166666666667,1
pooled,recorded,random,anr1857,60219,109219,129604,0,1970-01-20T06:43:12+00:00,66,14,0.21212121212121213,0.7878787878787878,0.10143518518518518,0.15346064814814814,0.1635300925925926,2
pooled,recorded,random,anton_spiel,60219,109219,129604,0,1970-01-20T06:43:12+00:00,19,4,0.21052631578947367,0.7894736842105263,0.11518518518518518,0.14012731481481483,0.15947916666666667,3
pooled,recorded,random,anuj_ahalawat,60219,109219,129604,0,1970-01-20T06:43:12+00:00,12,6,0.5,0.5,0.13418981481481482,0.13418981481481482,0.13418981481481482,1
pooled,recorded,random,anuj_madaan,60219,109219,129604,0,1970-01-20T06:43:12+00:00,1,1,1.0,0.0,0.11033564814814815,0.11033564814814815,0.11033564814814815,1
pooled,recorded,random,anurag1471,60219,109219,129604,0,1970-01-20T06:43:12+00:00,5,5,1.0,0.0,0.032581018518518516,0.032581018518518516,0.032581018518518516,1
pooled,recorded,random,anuragteddy,60219,109219,129604,0,1970-01-20T06:43:12+00:00,0,0,NA,NA,NA,NA,NA,0
pooled,recorded,random,arjun_anant,60219,109219,129604,0,1970-01-20T06:43:12+00:00,1,1,1.0,0.0,0.1621875,0.1621875,0.1621875,1
pooled,recorded,random,arqam_ibn,60219,109219,129604,0,1970-01-20T06:43:12+00:00,0,0,NA,NA,NA,NA,NA,0
pooled,recorded,random,arsched,60219,109219,129604,0,1970-01-20T06:43:12+00:00,0,0,NA,NA,NA,NA,NA,0
pooled,recorded,random,arun_kudva,60219,109219,129604,0,1970-01-20T06:43:12+00:00,0,0,NA,NA,NA,NA,NA,0
pooled,recorded,random,arungovi7,60219,109219,129604,0,1970-01-20T06:43:12+00:00,0,0,NA,NA,NA,NA,NA,0
pooled,recorded,random,arunsahluwalia,60219,109219,129604,0,1970-01-20T06:43:12+00:00,3,3,1.0,0.0,0.012789351851851852,0.012789351851851852,0.012789351851851852,1
pooled,recorded,random,ashishk251,60219,109219,129604,0,1970-01-20T06:43:12+00:00,5,5,1.0,0.0,0.054699074074074074,0.054699074074074074,0.07918981481481481,2
pooled,recorded,random,ashokhajeri,60219,109219,129604,0,1970-01-20T06:43:12+00:00,1,1,1.0,0.0,0.08655092592592592,0.08655092592592592,0.08655092592592592,1
pooled,recorded,random,ashurhys,60219,109219,129604,0,1970-01-20T06:43:12+00:00,3,3,1.0,0.0,0.020405092592592593,0.020405092592592593,0.020405092592592593,1
pooled,recorded,random,ashwin_madaliya,60219,109219,129604,0,1970-01-20T06:43:12+00:00,0,0,NA,NA,NA,NA,NA,0
pooled,recorded,random,ashwinkannadiga,60219,109219,129604,0,1970-01-20T06:43:12+00:00,3,3,1.0,0.0,0.1586574074074074,0.1586574074074074,0.1586574074074074,1
pooled,recorded,random,aster_1609,60219,109219,129604,0,1970-01-20T06:43:12+00:00,85,26,0.3058823529411765,0.6941176470588235,0.0615625,0.12914351851851852,0.16539351851851852,4
pooled,recorded,random,atal_vajpayee,60219,109219,129604,0,1970-01-20T06:43:12+00:00,0,0,NA,NA,NA,NA,NA,0
pooled,recorded,random,atins94299558,60219,109219,129604,0,1970-01-20T06:43:12+00:00,0,0,NA,NA,NA,NA,NA,0
pooled,recorded,random,aulakh_fayyaz,60219,109219,129604,0,1970-01-20T06:43:12+00:00,0,0,NA,NA,NA,NA,NA,0
pooled,recorded,random,avenger7894,60219,109219,129604,0,1970-01-20T06:43:12+00:00,1,1,1.0,0.0,0.019270833333333334,0.019270833333333334,0.019270833333333334,1
pooled,recorded,random,avi9969,60219,109219,129604,0,1970-01-20T06:43:12+00:00,2,2,1.0,0.0,0.04908564814814815,0.04908564814814815,0.04908564814814815,1
pooled,recorded,random,awaazazad,60219,109219,129604,0,1970-01-20T06:43:12+00:00,42,29,0.6904761904761905,0.30952380952380953,0.024606481481481483,0.08836805555555556,0.15938657407407408,3
pooled,recorded,random,ayush_mani,60219,109219,129604,0,1970-01-20T06:43:12+00:00,0,0,NA,NA,NA,NA,NA,0
pooled,recorded,random,azaadikush,60219,109219,129604,0,1970-01-20T06:43:12+00:00,2,2,1.0,0.0,0.12403935185185185,0.12403935185185185,0.12403935185185185,1
pooled,recorded,random,azeemassadi,60219,109219,129604,0,1970-01-20T06:43:12+00:00,55,29,0.5272727272727272,0.4727272727272727,0.0051736111111111115,0.12752314814814814,0.164375,2
pooled,recorded,random,balu0666,60219,109219,129604,0,1970-01-20T06:43:12+00:00,1,1,1.0,0.0,0.1633564814814815,0.1633564814814815,0.1633564814814815,1
pooled,recorded,random,balumahendra_v,60219,109219,129604,0,1970-01-20T06:43:12+00:00,3,3,1.0,0.0,0.04927083333333333,0.04927083333333333,0.09618055555555556,1
pooled,recorded,random,bandrainfo,60219,109219,129604,0,1970-01-20T06:43:12+00:00,0,0,NA,NA,NA,NA,NA,0
pooled,recorded,random,banerjeesrnab,60219,109219,129604,0,1970-01-20T06:43:12+00:00,3,3,1.0,0.0,0.10141203703703704,0.10141203703703704,0.10141203703703704,1
pooled,recorded,random,bankalgi,60219,109219,129604,0,1970-01-20T06:43:12+00:00,0,0,NA,NA,NA,NA,NA,0
pooled,recorded,random,baputee,60219,109219,129604,0,1970-01-20T06:43:12+00:00,1,1,1.0,0.0,0.11729166666666667,0.11729166666666667,0.11729166666666667,1
pooled,recorded,random,bayareabiker,60219,109219,129604,0,1970-01-20T06:43:12+00:00,1,1,1.0,0.0,0.1401388888888889,0.1401388888888889,0.1401388888888889,1
pooled,recorded,random,bbchindi,60219,109219,129604,0,1970-01-20T06:43:12+00:00,0,0,NA,NA,NA,NA,NA,0
pooled,recorded,random,bengalibaba6,60219,109219,129604,0,1970-01-20T06:43:12+00:00,3,3,1.0,0.0,0.09798611111111111,0.09798611111111111,0.09798611111111111,1
pooled,recorded,random,bhagwatibaldwa,60219,109219,129604,0,1970-01-20T06:43:12+00:00,4,3,0.75,0.25,0.08976851851851853,0.08976851851851853,0.08976851851851853,1
pooled,recorded,random,bhajanm31197544,60219,109219,129604,0,1970-01-20T06:43:12+00:00,1,1,1.0,0.0,0.048101851851851854,0.048101851851851854,0.048101851851851854,1
pooled,recorded,random,bhaktslayer4,60219,109219,129604,0,1970-01-20T06:43:12+00:00,0,0,NA,NA,NA,NA,NA,0
pooled,recorded,random,bharath__2617,60219,109219,129604,0,1970-01-20T06:43:12+00:00,1,1,1.0,0.0,0.15241898148148147,0.15241898148148147,0.15241898148148147,1
pooled,recorded,random,bharathisandhu,60219,109219,129604,0,1970-01-20T06:43:12+00:00,0,0,NA,NA,NA,NA,NA,0
pooled,recorded,random,bidishalolo,60219,109219,129604,0,1970-01-20T06:43:12+00:00,3,3,1.0,0.0,0.002916666666666667,0.1046875,0.1046875,1
pooled,recorded,random,bijayku47941721,60219,109219,129604,0,1970-01-20T06:43:12+00:00,13,13,1.0,0.0,0.017673611111111112,0.017673611111111112,0.10665509259259259,1
pooled,recorded,random,bijaypur2017,60219,109219,129604,0,1970-01-20T06:43:12+00:00,0,0,NA,NA,NA,NA,NA,0
pooled,recorded,random,bjmaik,60219,109219,129604,0,1970-01-20T06:43:12+00:00,2,2,1.0,0.0,0.12056712962962964,0.12056712962962964,0.12056712962962964,1
pooled,recorded,random,bjp4arunachal,60219,109219,129604,0,1970-01-20T06:43:12+00:00,0,0,NA,NA,NA,NA,NA,0
pooled,recorded,random,bjp_prof,60219,109219,129604,0,1970-01-20T06:43:12+00:00,0,0,NA,NA,NA,NA,NA,0
pooled,recorded,random,bjpharyana,60219,109219,129604,0,1970-01-20T06:43:12+00:00,0,0,NA,NA,NA,NA,NA,0
pooled,recorded,random,bjpkaritcell,60219,109219,129604,0,1970-01-20T06:43:12+00:00,0,0,NA,NA,NA,NA,NA,0
pooled,recorded,random,bnlenka70,60219,109219,129604,0,1970-01-20T06:43:12+00:00,1,1,1.0,0.0,0.1645023148148148,0.1645023148148148,0.1645023148148148,1
pooled,recorded,random,brajeshoffice,60219,109219,129604,0,1970-01-20T06:43:12+00:00,0,0,NA,NA,NA,NA,NA,0
pooled,recorded,random,brasiledition,60219,109219,129604,0,1970-01-20T06:43:12+00:00,0,0,NA,NA,NA,NA,NA,0
pooled,recorded,random,brijeshdeshmukh,60219,109219,129604,0,1970-01-20T06:43:12+00:00,13,6,0.46153846153846156,0.5384615384615384,0.13381944444444444,0.14652777777777778,0.14652777777777778,1
pooled,recorded,random,bube_chukwu,60219,109219,129604,0,1970-01-20T06:43:12+00:00,0,0,NA,NA,NA,NA,NA,0
pooled,recorded,random,buddhimedia,60219,109219,129604,0,1970-01-20T06:43:12+00:00,0,0,NA,NA,NA,NA,NA,0
pooled,recorded,random,burnolreloaded,60219,109219,129604,0,1970-01-20T06:43:12+00:00,0,0,NA,NA,NA,NA,NA,0
pooled,recorded,random,byakashyadav,60219,109219,129604,0,1970-01-20T06:43:12+00:00,9,9,1.0,0.0,0.02414351851851852,0.02414351851851852,0.11961805555555556,2
pooled,recorded,random,bysurbhigupta,60219,109219,129604,0,1970-01-20T06:43:12+00:00,0,0,NA,NA,NA,NA,NA,0
pooled,recorded,random,ceodelhioffice,60219,109219,129604,0,1970-01-20T06:43:12+00:00,0,0,NA,NA,NA,NA,NA,0
pooled,recorded,random,ch1969chandra,60219,109219,129604,0,1970-01-20T06:43:12+00:00,2,2,1.0,0.0,0.03775462962962963,0.0486400462962963,0.05952546296296296,1
pooled,recorded,random,charterunmai,60219,109219,129604,0,1970-01-20T06:43:12+00:00,1,1,1.0,0.0,0.01954861111111111,0.01954861111111111,0.01954861111111111,1
pooled,recorded,random,chhattisgarhro1,60219,109219,129604,0,1970-01-20T06:43:12+00:00,0,0,NA,NA,NA,NA,NA,0
pooled,recorded,random,chitranshpathk,60219,109219,129604,0,1970-01-20T06:43:12+00:00,0,0,NA,NA,NA,NA,NA,0
pooled,recorded,random,chorarajasthan,60219,109219,129604,0,1970-01-20T06:43:12+00:00,0,0,NA,NA,NA,NA,NA,0
pooled,recorded,random,choudharysukhy,60219,109219,129604,0,1970-01-20T06:43:12+00:00,2,2,1.0,0.0,0.008657407407407407,0.008657407407407407,0.008657407407407407,1
pooled,recorded,random,chvikas_,60219,109219,129604,0,1970-01-20T06:43:12+00:00,0,0,NA,NA,NA,NA,NA,0
pooled,recorded,random,citizenspov,60219,109219,129604,0,1970-01-20T06:43:12+00:00,0,0,NA,NA,NA,NA,NA,0
pooled,recorded,random,cristiano,60219,109219,129604,0,1970-01-20T06:43:12+00:00,0,0,NA,NA,NA,NA,NA,0
pooled,recorded,random,davenk13,60219,109219,129604,0,1970-01-20T06:43:12+00:00,1,1,1.0,0.0,0.12864583333333332,0.12864583333333332,0.12864583333333332,1
pooled,recorded,random,ddnews_guwahati,60219,109219,129604,0,1970-01-20T06:43:12+00:00,0,0,NA,NA,NA,NA,NA,0
pooled,recorded,random,ddsanguri,60219,109219,129604,0,1970-01-20T06:43:12+00:00,0,0,NA,NA,NA,NA,NA,0
pooled,recorded,random,deepaksinglaa,60219,109219,129604,0,1970-01-20T06:43:12+00:00,0,0,NA,NA,NA,NA,NA,0
pooled,recorded,random,deepankar_dg,60219,109219,129604,0,1970-01-20T06:43:12+00:00,2,2,1.0,0.0,0.1604861111111111,0.16057291666666668,0.16065972222222222,1
pooled,recorded,random,depensokal,60219,109219,129604,0,1970-01-20T06:43:12+00:00,1,1,1.0,0.0,0.054293981481481485,0.054293981481481485,0.054293981481481485,1
pooled,recorded,random,deplorabledesi2,60219,109219,129604,0,1970-01-20T06:43:12+00:00,3,3,1.0,0.0,0.07003472222222222,0.15711805555555555,0.15711805555555555,1
pooled,recorded,random,devendersrana,60219,109219,129604,0,1970-01-20T06:43:12+00:00,2,2,1.0,0.0,0.16037037037037036,0.16037037037037036,0.16037037037037036,1
pooled,recorded,random,dezinrs_passion,60219,109219,129604,0,1970-01-20T06:43:12+00:00,6,6,1.0,0.0,0.09458333333333334,0.09458333333333334,0.13653935185185184,2
pooled,recorded,random,dgpkarnataka,60219,109219,129604,0,1970-01-20T06:43:12+00:00,0,0,NA,NA,NA,NA,NA,0
pooled,recorded,random,dhaval94,60219,109219,129604,0,1970-01-20T06:43:12+00:00,4,3,0.75,0.25,0.10611111111111111,0.10611111111111111,0.10611111111111111,1
pooled,recorded,random,dibanba,60219,109219,129604,0,1970-01-20T06:43:12+00:00,3,3,1.0,0.0,0.005740740740740741,0.005740740740740741,0.005740740740740741,1
pooled,recorded,random,digitalsaksham_,60219,109219,129604,0,1970-01-20T06:43:12+00:00,3,3,1.0,0.0,0.13582175925925927,0.13582175925925927,0.13708333333333333,2
pooled,recorded,random,dkgarhwaljat,60219,109219,129604,0,1970-01-20T06:43:12+00:00,0,0,NA,NA,NA,NA,NA,0
pooled,recorded,random,dr_arunkgupta,60219,109219,129604,0,1970-01-20T06:43:12+00:00,1,1,1.0,0.0,0.09716435185185185,0.09716435185185185,0.09716435185185185,1
pooled,recorded,random,drjyotsp,60219,109219,129604,0,1970-01-20T06:43:12+00:00,0,0,NA,NA,NA,NA,NA,0
pooled,recorded,random,drpawan_gupta,60219,109219,129604,0,1970-01-20T06:43:12+00:00,0,0,NA,NA,NA,NA,NA,0
pooled,recorded,random,drpriyapandey2,60219,109219,129604,0,1970-01-20T06:43:12+00:00,0,0,NA,NA,NA,NA,NA,0
pooled,recorded,random,drswayamsevak,60219,109219,129604,0,1970-01-20T06:43:12+00:00,1,1,1.0,0.0,0.1452199074074074,0.1452199074074074,0.1452199074074074,1
pooled,recorded,random,dstinc1913,60219,109219,129604,0,1970-01-20T06:43:12+00:00,0,0,NA,NA,NA,NA,NA,0
pooled,recorded,random,edmced42,60219,109219,129604,0,1970-01-20T06:43:12+00:00,0,0,NA,NA,NA,NA,NA,0
pooled,recorded,random,emmakennytv,60219,109219,129604,0,1970-01-20T06:43:12+00:00,0,0,NA,NA,NA,NA,NA,0
pooled,recorded,random,empathy_echoes,60219,109219,129604,0,1970-01-20T06:43:12+00:00,1,1,1.0,0.0,0.07368055555555555,0.07368055555555555,0.07368055555555555,1
pooled,recorded,random,empireenjoyer10,60219,109219,129604,0,1970-01-20T06:43:12+00:00,1,1,1.0,0.0,0.14652777777777778,0.14652777777777778,0.14652777777777778,1
pooled,recorded,random,enggvj,60219,109219,129604,0,1970-01-20T06:43:12+00:00,1,1,1.0,0.0,0.08283564814814814,0.08283564814814814,0.08283564814814814,1
pooled,recorded,random,etvbharatrj,60219,109219,129604,0,1970-01-20T06:43:12+00:00,0,0,NA,NA,NA,NA,NA,0
pooled,recorded,random,ewalia_misl,60219,109219,129604,0,1970-01-20T06:43:12+00:00,3,3,1.0,0.0,0.038287037037037036,0.038287037037037036,0.038287037037037036,1
pooled,recorded,random,exiled_humanity,60219,109219,129604,0,1970-01-20T06:43:12+00:00,1,1,1.0,0.0,0.164375,0.164375,0.164375,1
pooled,recorded,random,exposemsdfan,60219,109219,129604,0,1970-01-20T06:43:12+00:00,0,0,NA,NA,NA,NA,NA,0
pooled,recorded,random,farhad_tarapore,60219,109219,129604,0,1970-01-20T06:43:12+00:00,3,3,1.0,0.0,0.07222222222222222,0.07222222222222222,0.1174074074074074,1
pooled,recorded,random,femdemiurge,60219,109219,129604,0,1970-01-20T06:43:12+00:00,0,0,NA,NA,NA,NA,NA,0
pooled,recorded,random,ferahgo684,60219,109219,129604,0,1970-01-20T06:43:12+00:00,0,0,NA,NA,NA,NA,NA,0
pooled,recorded,random,financialtimes,60219,109219,129604,0,1970-01-20T06:43:12+00:00,0,0,NA,NA,NA,NA,NA,0
pooled,recorded,random,fmfpage,60219,109219,129604,0,1970-01-20T06:43:12+00:00,0,0,NA,NA,NA,NA,NA,0
pooled,recorded,random,followcii,60219,109219,129604,0,1970-01-20T06:43:12+00:00,0,0,NA,NA,NA,NA,NA,0
pooled,recorded,random,frasernelson,60219,109219,129604,0,1970-01-20T06:43:12+00:00,0,0,NA,NA,NA,NA,NA,0
pooled,recorded,random,fudgellas,60219,109219,129604,0,1970-01-20T06:43:12+00:00,0,0,NA,NA,NA,NA,NA,0
pooled,recorded,random,ganapathynalla1,60219,109219,129604,0,1970-01-20T06:43:12+00:00,1,1,1.0,0.0,0.027395833333333335,0.027395833333333335,0.027395833333333335,1
pooled,recorded,random,garimay26210397,60219,109219,129604,0,1970-01-20T06:43:12+00:00,2,2,1.0,0.0,0.1542476851851852,0.1542476851851852,0.1542476851851852,1
pooled,recorded,random,gaudeshwar,60219,109219,129604,0,1970-01-20T06:43:12+00:00,2,2,1.0,0.0,0.05258101851851852,0.05258101851851852,0.05258101851851852,1
pooled,recorded,random,gauravmanojsinh,60219,109219,129604,0,1970-01-20T06:43:12+00:00,1,1,1.0,0.0,0.009641203703703704,0.009641203703703704,0.009641203703703704,1
pooled,recorded,random,gauravtiwari85,60219,109219,129604,0,1970-01-20T06:43:12+00:00,3,3,1.0,0.0,0.03050925925925926,0.03050925925925926,0.03050925925925926,1
pooled,recorded,random,gautamdas29,60219,109219,129604,0,1970-01-20T06:43:12+00:00,0,0,NA,NA,NA,NA,NA,0
pooled,recorded,random,gaze_sinister,60219,109219,129604,0,1970-01-20T06:43:12+00:00,1,1,1.0,0.0,0.1051736111111111,0.1051736111111111,0.1051736111111111,1
pooled,recorded,random,gerardwhateley,60219,109219,129604,0,1970-01-20T06:43:12+00:00,0,0,NA,NA,NA,NA,NA,0
pooled,recorded,random,girishmawari123,60219,109219,129604,0,1970-01-20T06:43:12+00:00,1,1,1.0,0.0,0.025300925925925925,0.025300925925925925,0.025300925925925925,1
pooled,recorded,random,globalsitizn,60219,109219,129604,0,1970-01-20T06:43:12+00:00,8,5,0.625,0.375,0.013969907407407407,0.09871527777777778,0.12805555555555556,1
pooled,recorded,random,goacm,60219,109219,129604,0,1970-01-20T06:43:12+00:00,0,0,NA,NA,NA,NA,NA,0
pooled,recorded,random,godara0015,60219,109219,129604,0,1970-01-20T06:43:12+00:00,8,3,0.375,0.625,0.15091435185185184,0.15091435185185184,0.15091435185185184,1
pooled,recorded,random,gordongchang,60219,109219,129604,0,1970-01-20T06:43:12+00:00,0,0,NA,NA,NA,NA,NA,0
pooled,recorded,random,govindj89,60219,109219,129604,0,1970-01-20T06:43:12+00:00,0,0,NA,NA,NA,NA,NA,0
pooled,recorded,random,goyal_cinnamon,60219,109219,129604,0,1970-01-20T06:43:12+00:00,2,2,1.0,0.0,0.04167824074074074,0.04167824074074074,0.04167824074074074,1
pooled,recorded,random,grapeyy1024,60219,109219,129604,0,1970-01-20T06:43:12+00:00,0,0,NA,NA,NA,NA,NA,0
pooled,recorded,random,gujarat_titans,60219,109219,129604,0,1970-01-20T06:43:12+00:00,0,0,NA,NA,NA,NA,NA,0
pooled,recorded,random,gulab68517676,60219,109219,129604,0,1970-01-20T06:43:12+00:00,1,1,1.0,0.0,0.015694444444444445,0.015694444444444445,0.015694444444444445,1
pooled,recorded,random,gulbukhari,60219,109219,129604,0,1970-01-20T06:43:12+00:00,0,0,NA,NA,NA,NA,NA,0
pooled,recorded,random,gyanendrat1,60219,109219,129604,0,1970-01-20T06:43:12+00:00,0,0,NA,NA,NA,NA,NA,0
pooled,recorded,random,hardiky69010412,60219,109219,129604,0,1970-01-20T06:43:12+00:00,0,0,NA,NA,NA,NA,NA,0
pooled,recorded,random,haricha02377961,60219,109219,129604,0,1970-01-20T06:43:12+00:00,1,1,1.0,0.0,0.032303240740740743,0.032303240740740743,0.032303240740740743,1
pooled,recorded,random,harmeetjolly1,60219,109219,129604,0,1970-01-20T06:43:12+00:00,18,18,1.0,0.0,0.10732638888888889,0.10732638888888889,0.14737268518518518,1
pooled,recorded,random,harshit32994781,60219,109219,129604,0,1970-01-20T06:43:12+00:00,0,0,NA,NA,NA,NA,NA,0
pooled,recorded,random,hasnainwizard,60219,109219,129604,0,1970-01-20T06:43:12+00:00,3,3,1.0,0.0,0.1549537037037037,0.1549537037037037,0.1549537037037037,1
pooled,recorded,random,hayat4india,60219,109219,129604,0,1970-01-20T06:43:12+00:00,4,4,1.0,0.0,0.12162037037037036,0.14253472222222222,0.14253472222222222,1
pooled,recorded,random,hemanth_bantu,60219,109219,129604,0,1970-01-20T06:43:12+00:00,1,1,1.0,0.0,0.10793981481481481,0.10793981481481481,0.10793981481481481,1
pooled,recorded,random,himanssi,60219,109219,129604,0,1970-01-20T06:43:12+00:00,0,0,NA,NA,NA,NA,NA,0
pooled,recorded,random,hoonhindu,60219,109219,129604,0,1970-01-20T06:43:12+00:00,0,0,NA,NA,NA,NA,NA,0
pooled,recorded,random,hopeisenergy,60219,109219,129604,0,1970-01-20T06:43:12+00:00,1,1,1.0,0.0,0.036631944444444446,0.036631944444444446,0.036631944444444446,1
pooled,recorded,random,i_sher0,60219,109219,129604,0,1970-01-20T06:43:12+00:00,1,1,1.0,0.0,0.09251157407407408,0.09251157407407408,0.09251157407407408,1
pooled,recorded,random,iasura_,60219,109219,129604,0,1970-01-20T06:43:12+00:00,0,0,NA,NA,NA,NA,NA,0
pooled,recorded,random,ichthusindia,60219,109219,129604,0,1970-01-20T06:43:12+00:00,3,1,0.3333333333333333,0.6666666666666666,0.12513888888888888,0.12513888888888888,0.12513888888888888,1
pooled,recorded,random,ieshan_w,60219,109219,129604,0,1970-01-20T06:43:12+00:00,0,0,NA,NA,NA,NA,NA,0
pooled,recorded,random,iindrojit,60219,109219,129604,0,1970-01-20T06:43:12+00:00,1,1,1.0,0.0,0.16337962962962962,0.16337962962962962,0.16337962962962962,1
pooled,recorded,random,ijenavajva,60219,109219,129604,0,1970-01-20T06:43:12+00:00,4,4,1.0,0.0,0.1605902777777778,0.1605902777777778,0.1605902777777778,1
pooled,recorded,random,im_rup4k,60219,109219,129604,0,1970-01-20T06:43:12+00:00,1,1,1.0,0.0,0.026747685185185187,0.026747685185185187,0.026747685185185187,1
pooled,recorded,random,imasadwassan15,60219,109219,129604,0,1970-01-20T06:43:12+00:00,0,0,NA,NA,NA,NA,NA,0
pooled,recorded,random,imashishpatra,60219,109219,129604,0,1970-01-20T06:43:12+00:00,4,4,1.0,0.0,0.03642361111111111,0.03642361111111111,0.03642361111111111,1
pooled,recorded,random,immatakeyosoul,60219,109219,129604,0,1970-01-20T06:43:12+00:00,3,3,1.0,0.0,0.03960648148148148,0.03960648148148148,0.03960648148148148,1
pooled,recorded,random,imsvmanjunath,60219,109219,129604,0,1970-01-20T06:43:12+00:00,3,3,1.0,0.0,0.07069444444444445,0.07069444444444445,0.07069444444444445,1
pooled,recorded,random,inc4india,60219,109219,129604,0,1970-01-20T06:43:12+00:00,0,0,NA,NA,NA,NA,NA,0
pooled,recorded,random,indianaga,60219,109219,129604,0,1970-01-20T06:43:12+00:00,0,0,NA,NA,NA,NA,NA,0
pooled,recorded,random,indianarmy,60219,109219,129604,0,1970-01-20T06:43:12+00:00,0,0,NA,NA,NA,NA,NA,0
pooled,recorded,random,instaindi,60219,109219,129604,0,1970-01-20T06:43:12+00:00,4,4,1.0,0.0,0.03662037037037037,0.08107060185185186,0.12552083333333333,2
pooled,recorded,random,j_tushar,60219,109219,129604,0,1970-01-20T06:43:12+00:00,2,2,1.0,0.0,0.13568287037037038,0.13611111111111113,0.13653935185185184,2
pooled,recorded,random,jagdevs18161249,60219,109219,129604,0,1970-01-20T06:43:12+00:00,74,17,0.22972972972972974,0.7702702702702703,0.11130787037037038,0.14668981481481483,0.1635300925925926,2
pooled,recorded,random,jaminkhan34,60219,109219,129604,0,1970-01-20T06:43:12+00:00,103,21,0.20388349514563106,0.7961165048543689,0.05604166666666666,0.10390046296296296,0.1478587962962963,3
pooled,recorded,random,jaskaurbjp,60219,109219,129604,0,1970-01-20T06:43:12+00:00,0,0,NA,NA,NA,NA,NA,0
pooled,recorded,random,jatindertalwar,60219,109219,129604,0,1970-01-20T06:43:12+00:00,1,1,1.0,0.0,0.10614583333333333,0.10614583333333333,0.10614583333333333,1
pooled,recorded,random,jay_apoorva18,60219,109219,129604,0,1970-01-20T06:43:12+00:00,0,0,NA,NA,NA,NA,NA,0
pooled,recorded,random,jaydiprathod_,60219,109219,129604,0,1970-01-20T06:43:12+00:00,5,5,1.0,0.0,0.06614583333333333,0.06614583333333333,0.07918981481481481,2
pooled,recorded,random,jehwatt_jaka,60219,109219,129604,0,1970-01-20T06:43:12+00:00,0,0,NA,NA,NA,NA,NA,0
pooled,recorded,random,jgerrings,60219,109219,129604,0,1970-01-20T06:43:12+00:00,3,3,1.0,0.0,0.01175925925925926,0.029849537037037036,0.029849537037037036,1
pooled,recorded,random,jimmie_cricket,60219,109219,129604,0,1970-01-20T06:43:12+00:00,6,5,0.8333333333333334,0.16666666666666666,0.10606481481481482,0.10606481481481482,0.1072337962962963,2
pooled,recorded,random,jitendr82860488,60219,109219,129604,0,1970-01-20T06:43:12+00:00,0,0,NA,NA,NA,NA,NA,0
pooled,recorded,random,jitendra040381,60219,109219,129604,0,1970-01-20T06:43:12+00:00,3,3,1.0,0.0,0.06251157407407408,0.06251157407407408,0.06251157407407408,1
pooled,recorded,random,jocalex8,60219,109219,129604,0,1970-01-20T06:43:12+00:00,0,0,NA,NA,NA,NA,NA,0
pooled,recorded,random,jugnujee,60219,109219,129604,0,1970-01-20T06:43:12+00:00,11,11,1.0,0.0,0.024537037037037038,0.024537037037037038,0.11748842592592593,2
pooled,recorded,random,k_bhairav,60219,109219,129604,0,1970-01-20T06:43:12+00:00,11,10,0.9090909090909091,0.09090909090909091,0.04704861111111111,0.14829861111111112,0.14829861111111112,1
pooled,recorded,random,kaalateetham,60219,109219,129604,0,1970-01-20T06:43:12+00:00,0,0,NA,NA,NA,NA,NA,0
pooled,recorded,random,kailashwg,60219,109219,129604,0,1970-01-20T06:43:12+00:00,0,0,NA,NA,NA,NA,NA,0
pooled,recorded,random,kaiser666soze,60219,109219,129604,0,1970-01-20T06:43:12+00:00,0,0,NA,NA,NA,NA,NA,0
pooled,recorded,random,kakaanalyst,60219,109219,129604,0,1970-01-20T06:43:12+00:00,0,0,NA,NA,NA,NA,NA,0
pooled,recorded,random,kaliyugdeity,60219,109219,129604,0,1970-01-20T06:43:12+00:00,1,1,1.0,0.0,0.029513888888888888,0.029513888888888888,0.029513888888888888,1
pooled,recorded,random,kalpanajhajhar1,60219,109219,129604,0,1970-01-20T06:43:12+00:00,8,8,1.0,0.0,0.01037037037037037,0.07340856481481481,0.13849537037037038,3
pooled,recorded,random,kamaalrkhan,60219,109219,129604,0,1970-01-20T06:43:12+00:00,2,1,0.5,0.5,0.14362268518518517,0.14362268518518517,0.14362268518518517,1
pooled,recorded,random,kamal1800,60219,109219,129604,0,1970-01-20T06:43:12+00:00,12,12,1.0,0.0,0.0032060185185185186,0.018784722222222223,0.16515046296296296,2
pooled,recorded,random,kamal2k22t,60219,109219,129604,0,1970-01-20T06:43:12+00:00,0,0,NA,NA,NA,NA,NA,0
pooled,recorded,random,kamleshpassi67,60219,109219,129604,0,1970-01-20T06:43:12+00:00,0,0,NA,NA,NA,NA,NA,0
pooled,recorded,random,kannaphaneendra,60219,109219,129604,0,1970-01-20T06:43:12+00:00,3,3,1.0,0.0,0.11797453703703703,0.11797453703703703,0.11797453703703703,1
pooled,recorded,random,kapa_iyc,60219,109219,129604,0,1970-01-20T06:43:12+00:00,0,0,NA,NA,NA,NA,NA,0
pooled,recorded,random,karmanomad,60219,109219,129604,0,1970-01-20T06:43:12+00:00,1,1,1.0,0.0,0.03626157407407407,0.03626157407407407,0.03626157407407407,1
pooled,recorded,random,karnshpk,60219,109219,129604,0,1970-01-20T06:43:12+00:00,10,9,0.9,0.1,0.02875,0.15900462962962963,0.16322916666666668,2
pooled,recorded,random,kashmireahasaan,60219,109219,129604,0,1970-01-20T06:43:12+00:00,11,10,0.9090909090909091,0.09090909090909091,0.11362268518518519,0.11362268518518519,0.11362268518518519,1
pooled,recorded,random,kaurbethechange,60219,109219,129604,0,1970-01-20T06:43:12+00:00,1,1,1.0,0.0,0.010439814814814815,0.010439814814814815,0.010439814814814815,1
pooled,recorded,random,kavisrirangan,60219,109219,129604,0,1970-01-20T06:43:12+00:00,0,0,NA,NA,NA,NA,NA,0
pooled,recorded,random,kavtan2,60219,109219,129604,0,1970-01-20T06:43:12+00:00,4,4,1.0,0.0,0.1564699074074074,0.1564699074074074,0.1564699074074074,1
pooled,recorded,random,kdurai,60219,109219,129604,0,1970-01-20T06:43:12+00:00,2,2,1.0,0.0,0.03737268518518518,0.03737268518518518,0.03737268518518518,1
pooled,recorded,random,kedarmohite1,60219,109219,129604,0,1970-01-20T06:43:12+00:00,1,1,1.0,0.0,0.1613425925925926,0.1613425925925926,0.1613425925925926,1
pooled,recorded,random,keertikrishna_,60219,109219,129604,0,1970-01-20T06:43:12+00:00,0,0,NA,NA,NA,NA,NA,0
pooled,recorded,random,kieserbill,60219,109219,129604,0,1970-01-20T06:43:12+00:00,0,0,NA,NA,NA,NA,NA,0
pooled,recorded,random,kiran66170651,60219,109219,129604,0,1970-01-20T06:43:12+00:00,2,2,1.0,0.0,0.0865625,0.0865625,0.0865625,1
pooled,recorded,random,kiritvshahv,60219,109219,129604,0,1970-01-20T06:43:12+00:00,0,0,NA,NA,NA,NA,NA,0
pooled,recorded,random,klempharma,60219,109219,129604,0,1970-01-20T06:43:12+00:00,1,1,1.0,0.0,0.11721064814814815,0.11721064814814815,0.11721064814814815,1
pooled,recorded,random,kmthr,60219,109219,129604,0,1970-01-20T06:43:12+00:00,1,1,1.0,0.0,0.14020833333333332,0.14020833333333332,0.14020833333333332,1
pooled,recorded,random,knitandlisten,60219,109219,129604,0,1970-01-20T06:43:12+00:00,0,0,NA,NA,NA,NA,NA,0
pooled,recorded,random,kooho_jin,60219,109219,129604,0,1970-01-20T06:43:12+00:00,6,6,1.0,0.0,0.04407407407407407,0.14925925925925926,0.14925925925925926,2
pooled,recorded,random,kpsingh777,60219,109219,129604,0,1970-01-20T06:43:12+00:00,1,1,1.0,0.0,0.12465277777777778,0.12465277777777778,0.12465277777777778,1
pooled,recorded,random,krantishaanbhag,60219,109219,129604,0,1970-01-20T06:43:12+00:00,0,0,NA,NA,NA,NA,NA,0
pooled,recorded,random,krishnapuramn,60219,109219,129604,0,1970-01-20T06:43:12+00:00,3,1,0.3333333333333333,0.6666666666666666,0.10747685185185185,0.10747685185185185,0.10747685185185185,1
pooled,recorded,random,kriyesh2905,60219,109219,129604,0,1970-01-20T06:43:12+00:00,4,4,1.0,0.0,0.026712962962962963,0.026712962962962963,0.026712962962962963,1
pooled,recorded,random,ksatishkumar555,60219,109219,129604,0,1970-01-20T06:43:12+00:00,1,1,1.0,0.0,0.14119212962962963,0.14119212962962963,0.14119212962962963,1
pooled,recorded,random,ktatavarthy,60219,109219,129604,0,1970-01-20T06:43:12+00:00,87,28,0.3218390804597701,0.6781609195402298,0.05905092592592592,0.12680555555555556,0.16539351851851852,4
pooled,recorded,random,kuc4me,60219,109219,129604,0,1970-01-20T06:43:12+00:00,0,0,NA,NA,NA,NA,NA,0
pooled,recorded,random,kuchhalkunal,60219,109219,129604,0,1970-01-20T06:43:12+00:00,1,1,1.0,0.0,0.03858796296296296,0.03858796296296296,0.03858796296296296,1
pooled,recorded,random,kunaal_1,60219,109219,129604,0,1970-01-20T06:43:12+00:00,8,8,1.0,0.0,0.009930555555555555,0.08125578703703704,0.13849537037037038,3
pooled,recorded,random,kunalstwits,60219,109219,129604,0,1970-01-20T06:43:12+00:00,5,2,0.4,0.6,0.1380787037037037,0.1380787037037037,0.1380787037037037,1
pooled,recorded,random,leenamistrynjcp,60219,109219,129604,0,1970-01-20T06:43:12+00:00,0,0,NA,NA,NA,NA,NA,0
pooled,recorded,random,liven125,60219,109219,129604,0,1970-01-20T06:43:12+00:00,2,2,1.0,0.0,0.0795949074074074,0.0795949074074074,0.0795949074074074,1
pooled,recorded,random,lopes_naz,60219,109219,129604,0,1970-01-20T06:43:12+00:00,937,36,0.0384204909284952,0.9615795090715048,0.15649305555555557,0.1596064814814815,0.1650925925925926,2
pooled,recorded,random,lousybug,60219,109219,129604,0,1970-01-20T06:43:12+00:00,12,7,0.5833333333333334,0.4166666666666667,0.08491898148148148,0.08491898148148148,0.08626157407407407,1
pooled,recorded,random,lucky__4__u,60219,109219,129604,0,1970-01-20T06:43:12+00:00,2,2,1.0,0.0,0.030324074074074073,0.030324074074074073,0.030324074074074073,1
pooled,recorded,random,m8tis_seb,60219,109219,129604,0,1970-01-20T06:43:12+00:00,6,6,1.0,0.0,0.06413194444444445,0.06413194444444445,0.14577546296296295,1
pooled,recorded,random,maani_iam,60219,109219,129604,0,1970-01-20T06:43:12+00:00,0,0,NA,NA,NA,NA,NA,0
pooled,recorded,random,macmohan83,60219,109219,129604,0,1970-01-20T06:43:12+00:00,2,2,1.0,0.0,0.026469907407407407,0.026469907407407407,0.026469907407407407,1
pooled,recorded,random,madhudutt1,60219,109219,129604,0,1970-01-20T06:43:12+00:00,0,0,NA,NA,NA,NA,NA,0
pooled,recorded,random,madhutalksalot,60219,109219,129604,0,1970-01-20T06:43:12+00:00,7,6,0.8571428571428571,0.14285714285714285,0.03599537037037037,0.03599537037037037,0.08027777777777778,2
pooled,recorded,random,mahap,60219,109219,129604,0,1970-01-20T06:43:12+00:00,3,3,1.0,0.0,0.1620601851851852,0.1620601851851852,0.1620601851851852,1
pooled,recorded,random,mahi_navya,60219,109219,129604,0,1970-01-20T06:43:12+00:00,3,3,1.0,0.0,0.11497685185185186,0.11497685185185186,0.11497685185185186,1
pooled,recorded,random,mahiherambha,60219,109219,129604,0,1970-01-20T06:43:12+00:00,0,0,NA,NA,NA,NA,NA,0
pooled,recorded,random,mahipkumar6,60219,109219,129604,0,1970-01-20T06:43:12+00:00,1,1,1.0,0.0,0.02826388888888889,0.02826388888888889,0.02826388888888889,1
pooled,recorded,random,majinnah2,60219,109219,129604,0,1970-01-20T06:43:12+00:00,0,0,NA,NA,NA,NA,NA,0
pooled,recorded,random,mallu_andolan,60219,109219,129604,0,1970-01-20T06:43:12+00:00,0,0,NA,NA,NA,NA,NA,0
pooled,recorded,random,malpani,60219,109219,129604,0,1970-01-20T06:43:12+00:00,0,0,NA,NA,NA,NA,NA,0
pooled,recorded,random,manikandanraj92,60219,109219,129604,0,1970-01-20T06:43:12+00:00,2,2,1.0,0.0,0.05493055555555556,0.05653356481481482,0.05813657407407408,1
pooled,recorded,random,maniyadavtelugu,60219,109219,129604,0,1970-01-20T06:43:12+00:00,0,0,NA,NA,NA,NA,NA,0
pooled,recorded,random,manobalsechal,60219,109219,129604,0,1970-01-20T06:43:12+00:00,0,0,NA,NA,NA,NA,NA,0
pooled,recorded,random,marineravin,60219,109219,129604,0,1970-01-20T06:43:12+00:00,7,3,0.42857142857142855,0.5714285714285714,0.09931712962962963,0.09931712962962963,0.09931712962962963,1
pooled,recorded,random,maven9beam,60219,109219,129604,0,1970-01-20T06:43:12+00:00,5,5,1.0,0.0,0.012511574074074074,0.08149305555555555,0.11961805555555556,2
pooled,recorded,random,mayanknsingh,60219,109219,129604,0,1970-01-20T06:43:12+00:00,1,1,1.0,0.0,0.08815972222222222,0.08815972222222222,0.08815972222222222,1
pooled,recorded,random,mcbeaner69,60219,109219,129604,0,1970-01-20T06:43:12+00:00,212,5,0.02358490566037736,0.9764150943396226,0.06790509259259259,0.15285879629629628,0.15285879629629628,1
pooled,recorded,random,me_chaitanyassj,60219,109219,129604,0,1970-01-20T06:43:12+00:00,10,6,0.6,0.4,0.10149305555555556,0.11662615740740742,0.16137731481481482,2
pooled,recorded,random,mihrthakar,60219,109219,129604,0,1970-01-20T06:43:12+00:00,0,0,NA,NA,NA,NA,NA,0
pooled,recorded,random,miljustice_in,60219,109219,129604,0,1970-01-20T06:43:12+00:00,0,0,NA,NA,NA,NA,NA,0
pooled,recorded,random,mofiz00,60219,109219,129604,0,1970-01-20T06:43:12+00:00,2,2,1.0,0.0,0.14391203703703703,0.14391203703703703,0.14391203703703703,1
pooled,recorded,random,mohammed11saleh,60219,109219,129604,0,1970-01-20T06:43:12+00:00,3,3,1.0,0.0,0.011909722222222223,0.11961805555555556,0.11961805555555556,2
pooled,recorded,random,mohammedfasi86,60219,109219,129604,0,1970-01-20T06:43:12+00:00,2,2,1.0,0.0,0.04221064814814815,0.04221064814814815,0.04221064814814815,1
pooled,recorded,random,mohdwaseeminc,60219,109219,129604,0,1970-01-20T06:43:12+00:00,0,0,NA,NA,NA,NA,NA,0
pooled,recorded,random,mohithagadi,60219,109219,129604,0,1970-01-20T06:43:12+00:00,0,0,NA,NA,NA,NA,NA,0
pooled,recorded,random,moksha0013,60219,109219,129604,0,1970-01-20T06:43:12+00:00,0,0,NA,NA,NA,NA,NA,0
pooled,recorded,random,moni_tiwari,60219,109219,129604,0,1970-01-20T06:43:12+00:00,0,0,NA,NA,NA,NA,NA,0
pooled,recorded,random,mrethanblake,60219,109219,129604,0,1970-01-20T06:43:12+00:00,0,0,NA,NA,NA,NA,NA,0
pooled,recorded,random,mrh_bgm,60219,109219,129604,0,1970-01-20T06:43:12+00:00,6,6,1.0,0.0,0.08621527777777778,0.15877314814814814,0.16150462962962964,2
pooled,recorded,random,mrstrange985,60219,109219,129604,0,1970-01-20T06:43:12+00:00,3,3,1.0,0.0,0.1617361111111111,0.1617361111111111,0.1617361111111111,1
pooled,recorded,random,mrutyun20555459,60219,109219,129604,0,1970-01-20T06:43:12+00:00,1,1,1.0,0.0,0.09474537037037037,0.09474537037037037,0.09474537037037037,1
pooled,recorded,random,mshankaraiadmk,60219,109219,129604,0,1970-01-20T06:43:12+00:00,0,0,NA,NA,NA,NA,NA,0
pooled,recorded,random,mss19691,60219,109219,129604,0,1970-01-20T06:43:12+00:00,2,2,1.0,0.0,0.08402777777777778,0.08402777777777778,0.08402777777777778,1
pooled,recorded,random,mudinjathasey,60219,109219,129604,0,1970-01-20T06:43:12+00:00,7,6,0.8571428571428571,0.14285714285714285,0.00318287037037037,0.00318287037037037,0.10430555555555555,2
pooled,recorded,random,muhammadpirzad3,60219,109219,129604,0,1970-01-20T06:43:12+00:00,0,0,NA,NA,NA,NA,NA,0
pooled,recorded,random,musing_4m_hills,60219,109219,129604,0,1970-01-20T06:43:12+00:00,0,0,NA,NA,NA,NA,NA,0
pooled,recorded,random,muzakki82091009,60219,109219,129604,0,1970-01-20T06:43:12+00:00,0,0,NA,NA,NA,NA,NA,0
pooled,recorded,random,mvadera,60219,109219,129604,0,1970-01-20T06:43:12+00:00,0,0,NA,NA,NA,NA,NA,0
pooled,recorded,random,naara_nselrg,60219,109219,129604,0,1970-01-20T06:43:12+00:00,0,0,NA,NA,NA,NA,NA,0
pooled,recorded,random,nagarajuseshapu,60219,109219,129604,0,1970-01-20T06:43:12+00:00,3,3,1.0,0.0,0.040289351851851854,0.040289351851851854,0.040289351851851854,1
pooled,recorded,random,namitajaihind,60219,109219,129604,0,1970-01-20T06:43:12+00:00,0,0,NA,NA,NA,NA,NA,0
pooled,recorded,random,nandinigupta201,60219,109219,129604,0,1970-01-20T06:43:12+00:00,1,1,1.0,0.0,0.014548611111111111,0.014548611111111111,0.014548611111111111,1
pooled,recorded,random,nauwaq,60219,109219,129604,0,1970-01-20T06:43:12+00:00,1,1,1.0,0.0,0.02130787037037037,0.02130787037037037,0.02130787037037037,1
pooled,recorded,random,navrajhansnavi,60219,109219,129604,0,1970-01-20T06:43:12+00:00,0,0,NA,NA,NA,NA,NA,0
pooled,recorded,random,ncert,60219,109219,129604,0,1970-01-20T06:43:12+00:00,0,0,NA,NA,NA,NA,NA,0
pooled,recorded,random,neelamtewari,60219,109219,129604,0,1970-01-20T06:43:12+00:00,2,2,1.0,0.0,0.15324074074074073,0.15324074074074073,0.15324074074074073,1
pooled,recorded,random,new_ina_ani,60219,109219,129604,0,1970-01-20T06:43:12+00:00,0,0,NA,NA,NA,NA,NA,0
pooled,recorded,random,niftylovers,60219,109219,129604,0,1970-01-20T06:43:12+00:00,1,1,1.0,0.0,0.12694444444444444,0.12694444444444444,0.12694444444444444,1
pooled,recorded,random,nishnaik789,60219,109219,129604,0,1970-01-20T06:43:12+00:00,0,0,NA,NA,NA,NA,NA,0
pooled,recorded,random,nithvos,60219,109219,129604,0,1970-01-20T06:43:12+00:00,6,6,1.0,0.0,0.06559027777777778,0.06559027777777778,0.06559027777777778,1
pooled,recorded,random,niyazuddin_dr,60219,109219,129604,0,1970-01-20T06:43:12+00:00,2,2,1.0,0.0,0.056157407407407406,0.056157407407407406,0.056157407407407406,1
pooled,recorded,random,nkrishtweets,60219,109219,129604,0,1970-01-20T06:43:12+00:00,1,1,1.0,0.0,0.02105324074074074,0.02105324074074074,0.02105324074074074,1
pooled,recorded,random,nowayreparation,60219,109219,129604,0,1970-01-20T06:43:12+00:00,1,1,1.0,0.0,0.1378587962962963,0.1378587962962963,0.1378587962962963,1
pooled,recorded,random,nsaajit,60219,109219,129604,0,1970-01-20T06:43:12+00:00,0,0,NA,NA,NA,NA,NA,0
pooled,recorded,random,nuvaidv,60219,109219,129604,0,1970-01-20T06:43:12+00:00,0,0,NA,NA,NA,NA,NA,0
pooled,recorded,random,okwhat011,60219,109219,129604,0,1970-01-20T06:43:12+00:00,908,62,0.06828193832599119,0.9317180616740088,0.0615625,0.13238425925925926,0.1654050925925926,3
pooled,recorded,random,onlinebizqueen8,60219,109219,129604,0,1970-01-20T06:43:12+00:00,1,1,1.0,0.0,0.027777777777777776,0.027777777777777776,0.027777777777777776,1
pooled,recorded,random,pandeindira,60219,109219,129604,0,1970-01-20T06:43:12+00:00,0,0,NA,NA,NA,NA,NA,0
pooled,recorded,random,pargatsofficial,60219,109219,129604,0,1970-01-20T06:43:12+00:00,0,0,NA,NA,NA,NA,NA,0
pooled,recorded,random,parnain9,60219,109219,129604,0,1970-01-20T06:43:12+00:00,2,1,0.5,0.5,0.08716435185185185,0.08716435185185185,0.08716435185185185,1
pooled,recorded,random,parthi88tamilan,60219,109219,129604,0,1970-01-20T06:43:12+00:00,1,1,1.0,0.0,0.05407407407407407,0.05407407407407407,0.05407407407407407,1
pooled,recorded,random,parwind04385895,60219,109219,129604,0,1970-01-20T06:43:12+00:00,9,9,1.0,0.0,0.04299768518518519,0.0493287037037037,0.12552083333333333,3
pooled,recorded,random,pasmandamuslim9,60219,109219,129604,0,1970-01-20T06:43:12+00:00,2,2,1.0,0.0,0.1438888888888889,0.1438888888888889,0.1438888888888889,1
pooled,recorded,random,pawan26kpareek,60219,109219,129604,0,1970-01-20T06:43:12+00:00,0,0,NA,NA,NA,NA,NA,0
pooled,recorded,random,pchandran49,60219,109219,129604,0,1970-01-20T06:43:12+00:00,1,1,1.0,0.0,0.03351851851851852,0.03351851851851852,0.03351851851851852,1
pooled,recorded,random,peaceforchange,60219,109219,129604,0,1970-01-20T06:43:12+00:00,0,0,NA,NA,NA,NA,NA,0
pooled,recorded,random,peekaysinha,60219,109219,129604,0,1970-01-20T06:43:12+00:00,6,6,1.0,0.0,0.012233796296296296,0.012233796296296296,0.10760416666666667,2
pooled,recorded,random,pennsylvaniapa7,60219,109219,129604,0,1970-01-20T06:43:12+00:00,1,1,1.0,0.0,0.11694444444444445,0.11694444444444445,0.11694444444444445,1
pooled,recorded,random,piyalib57726203,60219,109219,129604,0,1970-01-20T06:43:12+00:00,2,2,1.0,0.0,0.1445486111111111,0.1445486111111111,0.1445486111111111,1
pooled,recorded,random,prabalkbharat,60219,109219,129604,0,1970-01-20T06:43:12+00:00,2,2,1.0,0.0,0.13386574074074073,0.13386574074074073,0.13386574074074073,1
pooled,recorded,random,pradeepv21,60219,109219,129604,0,1970-01-20T06:43:12+00:00,36,36,1.0,0.0,0.016724537037037038,0.0721875,0.14435185185185184,3
pooled,recorded,random,pragsrats,60219,109219,129604,0,1970-01-20T06:43:12+00:00,1,1,1.0,0.0,0.15878472222222223,0.15878472222222223,0.15878472222222223,1
pooled,recorded,random,pratheeshgn,60219,109219,129604,0,1970-01-20T06:43:12+00:00,2,2,1.0,0.0,0.13600694444444444,0.13600694444444444,0.13600694444444444,1
pooled,recorded,random,pratik_malpure,60219,109219,129604,0,1970-01-20T06:43:12+00:00,1,1,1.0,0.0,0.008518518518518519,0.008518518518518519,0.008518518518518519,1
pooled,recorded,random,pratiksha12_,60219,109219,129604,0,1970-01-20T06:43:12+00:00,0,0,NA,NA,NA,NA,NA,0
pooled,recorded,random,prdeptodisha,60219,109219,129604,0,1970-01-20T06:43:12+00:00,0,0,NA,NA,NA,NA,NA,0
pooled,recorded,random,preeetiraghuvan,60219,109219,129604,0,1970-01-20T06:43:12+00:00,1,1,1.0,0.0,0.15967592592592592,0.15967592592592592,0.15967592592592592,1
pooled,recorded,random,preeti_chobey,60219,109219,129604,0,1970-01-20T06:43:12+00:00,0,0,NA,NA,NA,NA,NA,0
pooled,recorded,random,preetijoshi2015,60219,109219,129604,0,1970-01-20T06:43:12+00:00,1,1,1.0,0.0,0.04100694444444444,0.04100694444444444,0.04100694444444444,1
pooled,recorded,random,princeexpert,60219,109219,129604,0,1970-01-20T06:43:12+00:00,3,3,1.0,0.0,0.05472222222222222,0.05472222222222222,0.16092592592592592,1
pooled,recorded,random,priya54247587,60219,109219,129604,0,1970-01-20T06:43:12+00:00,0,0,NA,NA,NA,NA,NA,0
pooled,recorded,random,priyank88183099,60219,109219,129604,0,1970-01-20T06:43:12+00:00,3,3,1.0,0.0,0.15611111111111112,0.15611111111111112,0.15611111111111112,1
pooled,recorded,random,priyankasures,60219,109219,129604,0,1970-01-20T06:43:12+00:00,0,0,NA,NA,NA,NA,NA,0
pooled,recorded,random,prof_oak123,60219,109219,129604,0,1970-01-20T06:43:12+00:00,0,0,NA,NA,NA,NA,NA,0
pooled,recorded,random,pt_siddharth,60219,109219,129604,0,1970-01-20T06:43:12+00:00,2,1,0.5,0.5,0.164375,0.164375,0.164375,1
pooled,recorded,random,punecitytraffic,60219,109219,129604,0,1970-01-20T06:43:12+00:00,0,0,NA,NA,NA,NA,NA,0
pooled,recorded,random,pv21183551,60219,109219,129604,0,1970-01-20T06:43:12+00:00,11,11,1.0,0.0,0.009583333333333333,0.09652777777777778,0.13849537037037038,3
pooled,recorded,random,quratulainb,60219,109219,129604,0,1970-01-20T06:43:12+00:00,0,0,NA,NA,NA,NA,NA,0
pooled,recorded,random,rabiana12901443,60219,109219,129604,0,1970-01-20T06:43:12+00:00,0,0,NA,NA,NA,NA,NA,0
pooled,recorded,random,radioactive189,60219,109219,129604,0,1970-01-20T06:43:12+00:00,2,1,0.5,0.5,0.15778935185185186,0.15778935185185186,0.15778935185185186,1
pooled,recorded,random,radiovoop,60219,109219,129604,0,1970-01-20T06:43:12+00:00,0,0,NA,NA,NA,NA,NA,0
pooled,recorded,random,ragiing_bull,60219,109219,129604,0,1970-01-20T06:43:12+00:00,0,0,NA,NA,NA,NA,NA,0
pooled,recorded,random,rahul_kumar005,60219,109219,129604,0,1970-01-20T06:43:12+00:00,1,1,1.0,0.0,0.13145833333333334,0.13145833333333334,0.13145833333333334,1
pooled,recorded,random,rajeshkzh,60219,109219,129604,0,1970-01-20T06:43:12+00:00,2,2,1.0,0.0,0.05721064814814815,0.05721064814814815,0.05721064814814815,1
pooled,recorded,random,rajgopal601228,60219,109219,129604,0,1970-01-20T06:43:12+00:00,4,3,0.75,0.25,0.15952546296296297,0.15952546296296297,0.15952546296296297,1
pooled,recorded,random,rajinikanth_ss,60219,109219,129604,0,1970-01-20T06:43:12+00:00,0,0,NA,NA,NA,NA,NA,0
pooled,recorded,random,rajivhtc,60219,109219,129604,0,1970-01-20T06:43:12+00:00,11,6,0.5454545454545454,0.45454545454545453,0.13130787037037037,0.13738425925925926,0.13738425925925926,1
pooled,recorded,random,rajputrajvardha,60219,109219,129604,0,1970-01-20T06:43:12+00:00,1,1,1.0,0.0,0.0759837962962963,0.0759837962962963,0.0759837962962963,1
pooled,recorded,random,rajrkpandey,60219,109219,129604,0,1970-01-20T06:43:12+00:00,17,10,0.5882352941176471,0.4117647058823529,0.08209490740740741,0.14546296296296296,0.1612962962962963,2
pooled,recorded,random,rajudubey2016,60219,109219,129604,0,1970-01-20T06:43:12+00:00,0,0,NA,NA,NA,NA,NA,0
pooled,recorded,random,ramchandranayy2,60219,109219,129604,0,1970-01-20T06:43:12+00:00,0,0,NA,NA,NA,NA,NA,0
pooled,recorded,random,ramendr42011516,60219,109219,129604,0,1970-01-20T06:43:12+00:00,10,10,1.0,0.0,0.0753125,0.0753125,0.13849537037037038,3
pooled,recorded,random,ravinag52326718,60219,109219,129604,0,1970-01-20T06:43:12+00:00,4,4,1.0,0.0,0.15685185185185185,0.15685185185185185,0.15685185185185185,1
pooled,recorded,random,ravitha83106886,60219,109219,129604,0,1970-01-20T06:43:12+00:00,2,1,0.5,0.5,0.1484837962962963,0.1484837962962963,0.1484837962962963,1
pooled,recorded,random,rawatdenny,60219,109219,129604,0,1970-01-20T06:43:12+00:00,2,2,1.0,0.0,0.01857638888888889,0.07516782407407407,0.13175925925925927,2
pooled,recorded,random,rbchauhaninc,60219,109219,129604,0,1970-01-20T06:43:12+00:00,2,2,1.0,0.0,0.05483796296296296,0.05483796296296296,0.05483796296296296,1
pooled,recorded,random,realdeshbhakt10,60219,109219,129604,0,1970-01-20T06:43:12+00:00,1,1,1.0,0.0,0.00880787037037037,0.00880787037037037,0.00880787037037037,1
pooled,recorded,random,red_pastures,60219,109219,129604,0,1970-01-20T06:43:12+00:00,0,0,NA,NA,NA,NA,NA,0
pooled,recorded,random,redbridgelive,60219,109219,129604,0,1970-01-20T06:43:12+00:00,0,0,NA,NA,NA,NA,NA,0
pooled,recorded,random,reddycnuk,60219,109219,129604,0,1970-01-20T06:43:12+00:00,2,2,1.0,0.0,0.0071643518518518514,0.06946180555555556,0.13175925925925927,2
pooled,recorded,random,revprince,60219,109219,129604,0,1970-01-20T06:43:12+00:00,0,0,NA,NA,NA,NA,NA,0
pooled,recorded,random,ricksabharwal,60219,109219,129604,0,1970-01-20T06:43:12+00:00,1,1,1.0,0.0,0.030532407407407407,0.030532407407407407,0.030532407407407407,1
pooled,recorded,random,rishivsharmajk,60219,109219,129604,0,1970-01-20T06:43:12+00:00,10,9,0.9,0.1,0.15947916666666667,0.15947916666666667,0.15947916666666667,1
pooled,recorded,random,rivabajadeja,60219,109219,129604,0,1970-01-20T06:43:12+00:00,0,0,NA,NA,NA,NA,NA,0
pooled,recorded,random,robbinrakesh,60219,109219,129604,0,1970-01-20T06:43:12+00:00,3,3,1.0,0.0,0.07381944444444444,0.07381944444444444,0.07381944444444444,1
pooled,recorded,random,rohan_connolly,60219,109219,129604,0,1970-01-20T06:43:12+00:00,0,0,NA,NA,NA,NA,NA,0
pooled,recorded,random,rombanallaver,60219,109219,129604,0,1970-01-20T06:43:12+00:00,1,1,1.0,0.0,0.13243055555555555,0.13243055555555555,0.13243055555555555,1
pooled,recorded,random,romeoseethu,60219,109219,129604,0,1970-01-20T06:43:12+00:00,0,0,NA,NA,NA,NA,NA,0
pooled,recorded,random,ron_naber,60219,109219,129604,0,1970-01-20T06:43:12+00:00,0,0,NA,NA,NA,NA,NA,0
pooled,recorded,random,roshan23kumar,60219,109219,129604,0,1970-01-20T06:43:12+00:00,2,2,1.0,0.0,0.013298611111111112,0.013298611111111112,0.013298611111111112,1
pooled,recorded,random,rupak_rishi,60219,109219,129604,0,1970-01-20T06:43:12+00:00,2,2,1.0,0.0,0.054594907407407404,0.054594907407407404,0.054594907407407404,1
pooled,recorded,random,rupamsarkar,60219,109219,129604,0,1970-01-20T06:43:12+00:00,138,29,0.21014492753623187,0.7898550724637681,0.05564814814814815,0.10659722222222222,0.1635300925925926,3
pooled,recorded,random,rvelichapat,60219,109219,129604,0,1970-01-20T06:43:12+00:00,2,2,1.0,0.0,0.012037037037037037,0.012037037037037037,0.012037037037037037,1
pooled,recorded,random,s_paramvir1,60219,109219,129604,0,1970-01-20T06:43:12+00:00,19,6,0.3157894736842105,0.6842105263157895,0.11920138888888888,0.14216435185185186,0.16424768518518518,2
pooled,recorded,random,saeedpuran,60219,109219,129604,0,1970-01-20T06:43:12+00:00,0,0,NA,NA,NA,NA,NA,0
pooled,recorded,random,sagar_acm,60219,109219,129604,0,1970-01-20T06:43:12+00:00,0,0,NA,NA,NA,NA,NA,0
pooled,recorded,random,sahadev45972830,60219,109219,129604,0,1970-01-20T06:43:12+00:00,1,1,1.0,0.0,0.004560185185185185,0.004560185185185185,0.004560185185185185,1
pooled,recorded,random,sahanasatianaat,60219,109219,129604,0,1970-01-20T06:43:12+00:00,1,1,1.0,0.0,0.0215625,0.0215625,0.0215625,1
pooled,recorded,random,sahilgu02763599,60219,109219,129604,0,1970-01-20T06:43:12+00:00,1,1,1.0,0.0,0.08248842592592592,0.08248842592592592,0.08248842592592592,1
pooled,recorded,random,sahilsh71887674,60219,109219,129604,0,1970-01-20T06:43:12+00:00,1,1,1.0,0.0,0.15618055555555554,0.15618055555555554,0.15618055555555554,1
pooled,recorded,random,samar97189157,60219,109219,129604,0,1970-01-20T06:43:12+00:00,0,0,NA,NA,NA,NA,NA,0
pooled,recorded,random,samaskeri,60219,109219,129604,0,1970-01-20T06:43:12+00:00,1,1,1.0,0.0,0.07737268518518518,0.07737268518518518,0.07737268518518518,1
pooled,recorded,random,sammoosvi,60219,109219,129604,0,1970-01-20T06:43:12+00:00,24,13,0.5416666666666666,0.4583333333333333,0.046689814814814816,0.0958449074074074,0.15949074074074074,1
pooled,recorded,random,sandeep110270,60219,109219,129604,0,1970-01-20T06:43:12+00:00,1,1,1.0,0.0,0.1646412037037037,0.1646412037037037,0.1646412037037037,1
pooled,recorded,random,sandeep64758498,60219,109219,129604,0,1970-01-20T06:43:12+00:00,2,1,0.5,0.5,0.16166666666666665,0.16166666666666665,0.16166666666666665,1
pooled,recorded,random,sandeeptivaya,60219,109219,129604,0,1970-01-20T06:43:12+00:00,2,2,1.0,0.0,0.05547453703703704,0.05547453703703704,0.05547453703703704,1
pooled,recorded,random,sandippatel2020,60219,109219,129604,0,1970-01-20T06:43:12+00:00,2,2,1.0,0.0,0.10789351851851851,0.10789351851851851,0.10789351851851851,1
pooled,recorded,random,sandy5620,60219,109219,129604,0,1970-01-20T06:43:12+00:00,1,1,1.0,0.0,0.09930555555555555,0.09930555555555555,0.09930555555555555,1
pooled,recorded,random,sanjaykilachand,60219,109219,129604,0,1970-01-20T06:43:12+00:00,1,1,1.0,0.0,0.07181712962962963,0.07181712962962963,0.07181712962962963,1
pooled,recorded,random,sanju_bisht1990,60219,109219,129604,0,1970-01-20T06:43:12+00:00,1,1,1.0,0.0,0.16402777777777777,0.16402777777777777,0.16402777777777777,1
pooled,recorded,random,santosh_mtiwari,60219,109219,129604,0,1970-01-20T06:43:12+00:00,0,0,NA,NA,NA,NA,NA,0
pooled,recorded,random,santoshpatilmns,60219,109219,129604,0,1970-01-20T06:43:12+00:00,1,1,1.0,0.0,0.09347222222222222,0.09347222222222222,0.09347222222222222,1
pooled,recorded,random,santoshspeed,60219,109219,129604,0,1970-01-20T06:43:12+00:00,0,0,NA,NA,NA,NA,NA,0
pooled,recorded,random,sany_invincible,60219,109219,129604,0,1970-01-20T06:43:12+00:00,1,1,1.0,0.0,0.09424768518518518,0.09424768518518518,0.09424768518518518,1
pooled,recorded,random,saqib_hameed46,60219,109219,129604,0,1970-01-20T06:43:12+00:00,3,3,1.0,0.0,0.1578125,0.1578125,0.1578125,1
pooled,recorded,random,sasta_memer_3,60219,109219,129604,0,1970-01-20T06:43:12+00:00,3,3,1.0,0.0,0.04581018518518518,0.04581018518518518,0.07918981481481481,2
pooled,recorded,random,satanicdell,60219,109219,129604,0,1970-01-20T06:43:12+00:00,0,0,NA,NA,NA,NA,NA,0
pooled,recorded,random,satbhakta,60219,109219,129604,0,1970-01-20T06:43:12+00:00,0,0,NA,NA,NA,NA,NA,0
pooled,recorded,random,satpalrcf2012,60219,109219,129604,0,1970-01-20T06:43:12+00:00,2,2,1.0,0.0,0.04216435185185185,0.08935185185185185,0.13653935185185184,2
pooled,recorded,random,satyenaiadmk,60219,109219,129604,0,1970-01-20T06:43:12+00:00,0,0,NA,NA,NA,NA,NA,0
pooled,recorded,random,saurabh49399745,60219,109219,129604,0,1970-01-20T06:43:12+00:00,1,1,1.0,0.0,0.1031712962962963,0.1031712962962963,0.1031712962962963,1
pooled,recorded,random,saurabhsssppp,60219,109219,129604,0,1970-01-20T06:43:12+00:00,2,2,1.0,0.0,0.04278935185185185,0.04278935185185185,0.04278935185185185,1
pooled,recorded,random,sdvyas2,60219,109219,129604,0,1970-01-20T06:43:12+00:00,2,1,0.5,0.5,0.14336805555555557,0.14336805555555557,0.14336805555555557,1
pooled,recorded,random,seanmcconniemac,60219,109219,129604,0,1970-01-20T06:43:12+00:00,0,0,NA,NA,NA,NA,NA,0
pooled,recorded,random,seblecornu,60219,109219,129604,0,1970-01-20T06:43:12+00:00,0,0,NA,NA,NA,NA,NA,0
pooled,recorded,random,seetharaamank,60219,109219,129604,0,1970-01-20T06:43:12+00:00,2,2,1.0,0.0,0.13208333333333333,0.13485532407407408,0.13762731481481483,1
pooled,recorded,random,shahbaz8809,60219,109219,129604,0,1970-01-20T06:43:12+00:00,4,4,1.0,0.0,0.04787037037037037,0.1567824074074074,0.16099537037037037,2
pooled,recorded,random,shaktisinhgohil,60219,109219,129604,0,1970-01-20T06:43:12+00:00,0,0,NA,NA,NA,NA,NA,0
pooled,recorded,random,shalini0313,60219,109219,129604,0,1970-01-20T06:43:12+00:00,12,8,0.6666666666666666,0.3333333333333333,0.04165509259259259,0.1462673611111111,0.16189814814814815,3
pooled,recorded,random,sharma2508,60219,109219,129604,0,1970-01-20T06:43:12+00:00,9,5,0.5555555555555556,0.4444444444444444,0.021840277777777778,0.12863425925925925,0.16538194444444446,2
pooled,recorded,random,sharminsoni1,60219,109219,129604,0,1970-01-20T06:43:12+00:00,2,2,1.0,0.0,0.05337962962962963,0.06628472222222222,0.07918981481481481,2
pooled,recorded,random,shashikantmetk5,60219,109219,129604,0,1970-01-20T06:43:12+00:00,1,1,1.0,0.0,0.051597222222222225,0.051597222222222225,0.051597222222222225,1
pooled,recorded,random,shashkum93,60219,109219,129604,0,1970-01-20T06:43:12+00:00,1,1,1.0,0.0,0.15979166666666667,0.15979166666666667,0.15979166666666667,1
pooled,recorded,random,she20shekhawat,60219,109219,129604,0,1970-01-20T06:43:12+00:00,0,0,NA,NA,NA,NA,NA,0
pooled,recorded,random,shineonlovely,60219,109219,129604,0,1970-01-20T06:43:12+00:00,2,2,1.0,0.0,0.15434027777777778,0.15434027777777778,0.15434027777777778,1
pooled,recorded,random,shreypa82286684,60219,109219,129604,0,1970-01-20T06:43:12+00:00,0,0,NA,NA,NA,NA,NA,0
pooled,recorded,random,shriny6,60219,109219,129604,0,1970-01-20T06:43:12+00:00,16,16,1.0,0.0,0.03819444444444445,0.06802083333333334,0.13849537037037038,3
pooled,recorded,random,sidd91902935,60219,109219,129604,0,1970-01-20T06:43:12+00:00,15,14,0.9333333333333333,0.06666666666666667,0.00636574074074074,0.04443287037037037,0.14174768518518518,2
pooled,recorded,random,sikhagainsthate,60219,109219,129604,0,1970-01-20T06:43:12+00:00,2,2,1.0,0.0,0.11472222222222223,0.11472222222222223,0.11472222222222223,1
pooled,recorded,random,simrankhara1,60219,109219,129604,0,1970-01-20T06:43:12+00:00,4,4,1.0,0.0,0.007627314814814815,0.007627314814814815,0.007627314814814815,1
pooled,recorded,random,singhraushan50,60219,109219,129604,0,1970-01-20T06:43:12+00:00,1,1,1.0,0.0,0.15828703703703703,0.15828703703703703,0.15828703703703703,1
pooled,recorded,random,singhsrv,60219,109219,129604,0,1970-01-20T06:43:12+00:00,1,1,1.0,0.0,0.1632986111111111,0.1632986111111111,0.1632986111111111,1
pooled,recorded,random,sinha_nagmani,60219,109219,129604,0,1970-01-20T06:43:12+00:00,3,2,0.6666666666666666,0.3333333333333333,0.08920138888888889,0.09266782407407406,0.09613425925925925,1
pooled,recorded,random,sintopee,60219,109219,129604,0,1970-01-20T06:43:12+00:00,0,0,NA,NA,NA,NA,NA,0
pooled,recorded,random,siw2701,60219,109219,129604,0,1970-01-20T06:43:12+00:00,1,1,1.0,0.0,0.08841435185185186,0.08841435185185186,0.08841435185185186,1
pooled,recorded,random,sjodha,60219,109219,129604,0,1970-01-20T06:43:12+00:00,2,2,1.0,0.0,0.13069444444444445,0.13069444444444445,0.13069444444444445,1
pooled,recorded,random,sm76458400,60219,109219,129604,0,1970-01-20T06:43:12+00:00,1,1,1.0,0.0,0.010648148148148148,0.010648148148148148,0.010648148148148148,1
pooled,recorded,random,snghkml,60219,109219,129604,0,1970-01-20T06:43:12+00:00,3,3,1.0,0.0,0.03743055555555556,0.03743055555555556,0.03743055555555556,1
pooled,recorded,random,sonikshivam,60219,109219,129604,0,1970-01-20T06:43:12+00:00,0,0,NA,NA,NA,NA,NA,0
pooled,recorded,random,spandhi170,60219,109219,129604,0,1970-01-20T06:43:12+00:00,1,1,1.0,0.0,0.024305555555555556,0.024305555555555556,0.024305555555555556,1
pooled,recorded,random,srasikdoshi,60219,109219,129604,0,1970-01-20T06:43:12+00:00,0,0,NA,NA,NA,NA,NA,0
pooled,recorded,random,srdombct,60219,109219,129604,0,1970-01-20T06:43:12+00:00,0,0,NA,NA,NA,NA,NA,0
pooled,recorded,random,sridharbezawada,60219,109219,129604,0,1970-01-20T06:43:12+00:00,6,6,1.0,0.0,0.12855324074074073,0.12855324074074073,0.12855324074074073,1
pooled,recorded,random,sriniva03524414,60219,109219,129604,0,1970-01-20T06:43:12+00:00,0,0,NA,NA,NA,NA,NA,0
pooled,recorded,random,sris26923104,60219,109219,129604,0,1970-01-20T06:43:12+00:00,0,0,NA,NA,NA,NA,NA,0
pooled,recorded,random,srksota,60219,109219,129604,0,1970-01-20T06:43:12+00:00,1,1,1.0,0.0,0.014131944444444445,0.014131944444444445,0.014131944444444445,1
pooled,recorded,random,srs14756,60219,109219,129604,0,1970-01-20T06:43:12+00:00,4,4,1.0,0.0,0.10476851851851852,0.10476851851851852,0.10476851851851852,1
pooled,recorded,random,ssitmrahul,60219,109219,129604,0,1970-01-20T06:43:12+00:00,3,3,1.0,0.0,0.14017361111111112,0.14017361111111112,0.14017361111111112,1
pooled,recorded,random,sujalamsufalam,60219,109219,129604,0,1970-01-20T06:43:12+00:00,0,0,NA,NA,NA,NA,NA,0
pooled,recorded,random,sumunlpendakur,60219,109219,129604,0,1970-01-20T06:43:12+00:00,0,0,NA,NA,NA,NA,NA,0
pooled,recorded,random,surajv369,60219,109219,129604,0,1970-01-20T06:43:12+00:00,4,4,1.0,0.0,0.04535879629629629,0.1502199074074074,0.1502199074074074,1
pooled,recorded,random,sweetsugumar,60219,109219,129604,0,1970-01-20T06:43:12+00:00,3,3,1.0,0.0,0.15546296296296297,0.15546296296296297,0.15546296296296297,1
pooled,recorded,random,talktoskompella,60219,109219,129604,0,1970-01-20T06:43:12+00:00,3,3,1.0,0.0,0.075625,0.075625,0.075625,1
pooled,recorded,random,tanushreeguhar6,60219,109219,129604,0,1970-01-20T06:43:12+00:00,0,0,NA,NA,NA,NA,NA,0
pooled,recorded,random,tatasky,60219,109219,129604,0,1970-01-20T06:43:12+00:00,0,0,NA,NA,NA,NA,NA,0
pooled,recorded,random,tcs,60219,109219,129604,0,1970-01-20T06:43:12+00:00,0,0,NA,NA,NA,NA,NA,0
pooled,recorded,random,teammodi,60219,109219,129604,0,1970-01-20T06:43:12+00:00,0,0,NA,NA,NA,NA,NA,0
pooled,recorded,random,tejanovaquero,60219,109219,129604,0,1970-01-20T06:43:12+00:00,0,0,NA,NA,NA,NA,NA,0
pooled,recorded,random,telfordk,60219,109219,129604,0,1970-01-20T06:43:12+00:00,0,0,NA,NA,NA,NA,NA,0
pooled,recorded,random,tesco_bengaluru,60219,109219,129604,0,1970-01-20T06:43:12+00:00,0,0,NA,NA,NA,NA,NA,0
pooled,recorded,random,thchennai,60219,109219,129604,0,1970-01-20T06:43:12+00:00,0,0,NA,NA,NA,NA,NA,0
pooled,recorded,random,theblrean,60219,109219,129604,0,1970-01-20T06:43:12+00:00,11,5,0.45454545454545453,0.5454545454545454,0.16157407407407406,0.16157407407407406,0.16157407407407406,1
pooled,recorded,random,theconfusedmonk,60219,109219,129604,0,1970-01-20T06:43:12+00:00,1,1,1.0,0.0,0.08418981481481481,0.08418981481481481,0.08418981481481481,1
pooled,recorded,random,thenewsminute,60219,109219,129604,0,1970-01-20T06:43:12+00:00,0,0,NA,NA,NA,NA,NA,0
pooled,recorded,random,thepranaysingh,60219,109219,129604,0,1970-01-20T06:43:12+00:00,0,0,NA,NA,NA,NA,NA,0
pooled,recorded,random,tiwarirudresh23,60219,109219,129604,0,1970-01-20T06:43:12+00:00,0,0,NA,NA,NA,NA,NA,0
pooled,recorded,random,tnelectionsceo,60219,109219,129604,0,1970-01-20T06:43:12+00:00,0,0,NA,NA,NA,NA,NA,0
pooled,recorded,random,toscaausten,60219,109219,129604,0,1970-01-20T06:43:12+00:00,0,0,NA,NA,NA,NA,NA,0
pooled,recorded,random,trolled_monk,60219,109219,129604,0,1970-01-20T06:43:12+00:00,1,1,1.0,0.0,0.023391203703703702,0.023391203703703702,0.023391203703703702,1
pooled,recorded,random,tshrinivas,60219,109219,129604,0,1970-01-20T06:43:12+00:00,0,0,NA,NA,NA,NA,NA,0
pooled,recorded,random,tweet_amaresh,60219,109219,129604,0,1970-01-20T06:43:12+00:00,1,1,1.0,0.0,0.14555555555555555,0.14555555555555555,0.14555555555555555,1
pooled,recorded,random,tzarkhatri,60219,109219,129604,0,1970-01-20T06:43:12+00:00,2,2,1.0,0.0,0.11627314814814815,0.11627314814814815,0.11627314814814815,1
pooled,recorded,random,uaetolerance,60219,109219,129604,0,1970-01-20T06:43:12+00:00,0,0,NA,NA,NA,NA,NA,0
pooled,recorded,random,ubaidna75340582,60219,109219,129604,0,1970-01-20T06:43:12+00:00,5,5,1.0,0.0,0.040011574074074074,0.040011574074074074,0.040011574074074074,1
pooled,recorded,random,unnidev,60219,109219,129604,0,1970-01-20T06:43:12+00:00,4,4,1.0,0.0,0.03920138888888889,0.07875578703703703,0.11831018518518518,1
pooled,recorded,random,unstoppablecri2,60219,109219,129604,0,1970-01-20T06:43:12+00:00,0,0,NA,NA,NA,NA,NA,0
pooled,recorded,random,untamedbeast,60219,109219,129604,0,1970-01-20T06:43:12+00:00,3,3,1.0,0.0,0.0275,0.0275,0.0275,1
pooled,recorded,random,upenpraj,60219,109219,129604,0,1970-01-20T06:43:12+00:00,1,1,1.0,0.0,0.10060185185185185,0.10060185185185185,0.10060185185185185,1
pooled,recorded,random,upillaitweet,60219,109219,129604,0,1970-01-20T06:43:12+00:00,11,11,1.0,0.0,0.04833333333333333,0.08332175925925926,0.13849537037037038,3
pooled,recorded,random,urlivelyfriend,60219,109219,129604,0,1970-01-20T06:43:12+00:00,2,2,1.0,0.0,0.011527777777777777,0.011527777777777777,0.011527777777777777,1
pooled,recorded,random,urtruly_veera45,60219,109219,129604,0,1970-01-20T06:43:12+00:00,1,1,1.0,0.0,0.13930555555555554,0.13930555555555554,0.13930555555555554,1
pooled,recorded,random,ushiparmar,60219,109219,129604,0,1970-01-20T06:43:12+00:00,1,1,1.0,0.0,0.0043518518518518515,0.0043518518518518515,0.0043518518518518515,1
pooled,recorded,random,veerannasathan1,60219,109219,129604,0,1970-01-20T06:43:12+00:00,0,0,NA,NA,NA,NA,NA,0
pooled,recorded,random,vickyanand25005,60219,109219,129604,0,1970-01-20T06:43:12+00:00,16,15,0.9375,0.0625,0.019270833333333334,0.053321759259259256,0.16364583333333332,3
pooled,recorded,random,vickyrich007,60219,109219,129604,0,1970-01-20T06:43:12+00:00,2,2,1.0,0.0,0.05673611111111111,0.05673611111111111,0.05673611111111111,1
pooled,recorded,random,vijyendrajadon,60219,109219,129604,0,1970-01-20T06:43:12+00:00,0,0,NA,NA,NA,NA,NA,0
pooled,recorded,random,vik58770356,60219,109219,129604,0,1970-01-20T06:43:12+00:00,2,2,1.0,0.0,0.03550925925925926,0.09749421296296297,0.15947916666666667,2
pooled,recorded,random,vikas2397,60219,109219,129604,0,1970-01-20T06:43:12+00:00,0,0,NA,NA,NA,NA,NA,0
pooled,recorded,random,vikramlohiaaicc,60219,109219,129604,0,1970-01-20T06:43:12+00:00,0,0,NA,NA,NA,NA,NA,0
pooled,recorded,random,vineet_tropmet,60219,109219,129604,0,1970-01-20T06:43:12+00:00,2,2,1.0,0.0,0.1057175925925926,0.1057175925925926,0.1057175925925926,1
pooled,recorded,random,vinodagron18,60219,109219,129604,0,1970-01-20T06:43:12+00:00,2,2,1.0,0.0,0.05734953703703704,0.05734953703703704,0.05734953703703704,1
pooled,recorded,random,vinodchavdabjp,60219,109219,129604,0,1970-01-20T06:43:12+00:00,0,0,NA,NA,NA,NA,NA,0
pooled,recorded,random,visaraj,60219,109219,129604,0,1970-01-20T06:43:12+00:00,0,0,NA,NA,NA,NA,NA,0
pooled,recorded,random,vishalrajom,60219,109219,129604,0,1970-01-20T06:43:12+00:00,4,4,1.0,0.0,0.03275462962962963,0.08254050925925926,0.1323263888888889,2
pooled,recorded,random,vishnureddybjp,60219,109219,129604,0,1970-01-20T06:43:12+00:00,0,0,NA,NA,NA,NA,NA,0
pooled,recorded,random,viv2511,60219,109219,129604,0,1970-01-20T06:43:12+00:00,0,0,NA,NA,NA,NA,NA,0
pooled,recorded,random,vivekdhole,60219,109219,129604,0,1970-01-20T06:43:12+00:00,2,2,1.0,0.0,0.09833333333333333,0.09833333333333333,0.09833333333333333,1
pooled,recorded,random,vivekkatju,60219,109219,129604,0,1970-01-20T06:43:12+00:00,0,0,NA,NA,NA,NA,NA,0
pooled,recorded,random,vmcvadodara,60219,109219,129604,0,1970-01-20T06:43:12+00:00,0,0,NA,NA,NA,NA,NA,0
pooled,recorded,random,vpj25,60219,109219,129604,0,1970-01-20T06:43:12+00:00,3,3,1.0,0.0,0.025324074074074075,0.028738425925925924,0.11409722222222222,2
pooled,recorded,random,vraj_biker03,60219,109219,129604,0,1970-01-20T06:43:12+00:00,2,2,1.0,0.0,0.001979166666666667,0.001979166666666667,0.001979166666666667,1
pooled,recorded,random,wasimakram_0786,60219,109219,129604,0,1970-01-20T06:43:12+00:00,2,2,1.0,0.0,0.14379629629629628,0.14379629629629628,0.14379629629629628,1
pooled,recorded,random,yaayed,60219,109219,129604,0,1970-01-20T06:43:12+00:00,0,0,NA,NA,NA,NA,NA,0
pooled,recorded,random,yarievnu,60219,109219,129604,0,1970-01-20T06:43:12+00:00,2,2,1.0,0.0,0.15958333333333333,0.15958333333333333,0.15958333333333333,1
pooled,recorded,random,ycp175,60219,109219,129604,0,1970-01-20T06:43:12+00:00,0,0,NA,NA,NA,NA,NA,0
pooled,recorded,random,yindiay,60219,109219,129604,0,1970-01-20T06:43:12+00:00,9,9,1.0,0.0,0.004479166666666667,0.12725694444444444,0.12725694444444444,1
pooled,recorded,random,yogadityasrawal,60219,109219,129604,0,1970-01-20T06:43:12+00:00,3,1,0.3333333333333333,0.6666666666666666,0.15322916666666667,0.15322916666666667,0.15322916666666667,1
pooled,recorded,random,zakirhu35103422,60219,109219,129604,0,1970-01-20T06:43:12+00:00,5,5,1.0,0.0,0.014247685185185184,0.014247685185185184,0.05572916666666667,1
pooled,recorded,random,zutshiavinash,60219,109219,129604,0,1970-01-20T06:43:12+00:00,1,1,1.0,0.0,0.0737037037037037,0.0737037037037037,0.0737037037037037,1
pooled,recorded,high_out_strength,mani24sjcpl,60219,109219,129604,0,1970-01-20T06:43:12+00:00,937,358,0.3820704375667022,0.6179295624332978,0.004780092592592593,0.07263888888888889,0.16539351851851852,3
pooled,recorded,high_out_strength,profsrk,60219,109219,129604,0,1970-01-20T06:43:12+00:00,268,206,0.7686567164179104,0.23134328358208955,0.0013194444444444445,0.06440972222222222,0.1654050925925926,3
pooled,recorded,high_out_strength,makebharatmahan,60219,109219,129604,0,1970-01-20T06:43:12+00:00,749,381,0.5086782376502003,0.49132176234979974,0.005069444444444444,0.04883101851851852,0.16539351851851852,4
pooled,recorded,high_out_strength,laksshyaadvani,60219,109219,129604,0,1970-01-20T06:43:12+00:00,312,277,0.8878205128205128,0.11217948717948718,0.00016203703703703703,0.06365740740740741,0.1654050925925926,3
pooled,recorded,high_out_strength,spkathirvel1,60219,109219,129604,0,1970-01-20T06:43:12+00:00,389,190,0.4884318766066838,0.5115681233933161,0.00045138888888888887,0.011261574074074075,0.16377314814814814,3
pooled,recorded,high_out_strength,trendsetting123,60219,109219,129604,0,1970-01-20T06:43:12+00:00,707,429,0.6067892503536068,0.3932107496463932,0.008194444444444445,0.07150462962962963,0.16539351851851852,4
pooled,recorded,high_out_strength,satishrathod100,60219,109219,129604,0,1970-01-20T06:43:12+00:00,354,207,0.5847457627118644,0.4152542372881356,0.009085648148148148,0.04043981481481482,0.1654050925925926,4
pooled,recorded,high_out_strength,aklalb,60219,109219,129604,0,1970-01-20T06:43:12+00:00,121,100,0.8264462809917356,0.17355371900826447,0.009351851851851853,0.103125,0.16315972222222222,3
pooled,recorded,high_out_strength,news9tweets,60219,109219,129604,0,1970-01-20T06:43:12+00:00,72,72,1.0,0.0,0.009027777777777777,0.08484953703703704,0.1632523148148148,3
pooled,recorded,high_out_strength,ictcimpact,60219,109219,129604,0,1970-01-20T06:43:12+00:00,172,89,0.5174418604651163,0.48255813953488375,0.0053125,0.0996875,0.1633449074074074,3
pooled,recorded,high_out_strength,pkm1999,60219,109219,129604,0,1970-01-20T06:43:12+00:00,470,200,0.425531914893617,0.574468085106383,0.0029976851851851853,0.08550925925925926,0.16539351851851852,3
pooled,recorded,high_out_strength,incdilse,60219,109219,129604,0,1970-01-20T06:43:12+00:00,1051,365,0.3472882968601332,0.6527117031398668,0.002349537037037037,0.09973379629629629,0.16539351851851852,4
pooled,recorded,high_out_strength,spksalem2,60219,109219,129604,0,1970-01-20T06:43:12+00:00,94,94,1.0,0.0,0.07436342592592593,0.11819444444444445,0.1642361111111111,1
pooled,recorded,high_out_strength,sandipghose,60219,109219,129604,0,1970-01-20T06:43:12+00:00,234,149,0.6367521367521367,0.36324786324786323,0.00494212962962963,0.07795138888888889,0.16539351851851852,3
pooled,recorded,high_out_strength,terence_fdes,60219,109219,129604,0,1970-01-20T06:43:12+00:00,707,375,0.5304101838755304,0.4695898161244696,0.009837962962962963,0.07869212962962963,0.16539351851851852,5
pooled,recorded,high_out_strength,puneetvizh,60219,109219,129604,0,1970-01-20T06:43:12+00:00,707,419,0.5926449787835927,0.4073550212164074,0.012326388888888888,0.07150462962962963,0.16539351851851852,5
pooled,recorded,high_out_strength,ranajig,60219,109219,129604,0,1970-01-20T06:43:12+00:00,777,468,0.6023166023166023,0.39768339768339767,0.030520833333333334,0.09247106481481482,0.1654050925925926,5
pooled,recorded,high_out_strength,pkv07288764,60219,109219,129604,0,1970-01-20T06:43:12+00:00,216,169,0.7824074074074074,0.2175925925925926,0.01170138888888889,0.01175925925925926,0.16508101851851853,4
pooled,recorded,high_out_strength,gujunrupsas,60219,109219,129604,0,1970-01-20T06:43:12+00:00,249,145,0.5823293172690763,0.41767068273092367,0.005439814814814815,0.0725462962962963,0.16508101851851853,3
pooled,recorded,high_out_strength,iamdipsi,60219,109219,129604,0,1970-01-20T06:43:12+00:00,49,48,0.9795918367346939,0.02040816326530612,0.03512731481481481,0.03512731481481481,0.13849537037037038,3
pooled,recorded,high_out_strength,55659754bhaskar,60219,109219,129604,0,1970-01-20T06:43:12+00:00,83,80,0.963855421686747,0.03614457831325301,0.008159722222222223,0.008159722222222223,0.1608449074074074,3
pooled,recorded,high_out_strength,iamkaranbachani,60219,109219,129604,0,1970-01-20T06:43:12+00:00,147,119,0.8095238095238095,0.19047619047619047,0.00020833333333333335,0.10002314814814815,0.16402777777777777,3
pooled,recorded,high_out_strength,_a_j_i_t,60219,109219,129604,0,1970-01-20T06:43:12+00:00,188,160,0.851063829787234,0.14893617021276595,0.008020833333333333,0.06863425925925926,0.16539351851851852,3
pooled,recorded,high_out_strength,emperorofhind,60219,109219,129604,0,1970-01-20T06:43:12+00:00,56,56,1.0,0.0,0.04793981481481482,0.04793981481481482,0.14596064814814816,1
pooled,recorded,high_out_strength,roardworld,60219,109219,129604,0,1970-01-20T06:43:12+00:00,190,132,0.6947368421052632,0.30526315789473685,0.0038194444444444443,0.0922337962962963,0.16539351851851852,3
pooled,recorded,high_out_strength,mageshw57341284,60219,109219,129604,0,1970-01-20T06:43:12+00:00,163,65,0.3987730061349693,0.6012269938650306,9.259259259259259e-05,0.11675925925925926,0.1635300925925926,2
pooled,recorded,high_out_strength,rajeshk39804978,60219,109219,129604,0,1970-01-20T06:43:12+00:00,136,63,0.4632352941176471,0.5367647058823529,0.0415625,0.0415625,0.13849537037037038,3
pooled,recorded,high_out_strength,umakantsingh_in,60219,109219,129604,0,1970-01-20T06:43:12+00:00,157,82,0.5222929936305732,0.47770700636942676,0.0020601851851851853,0.10873842592592593,0.16366898148148148,3
pooled,recorded,high_out_strength,meragurgaon,60219,109219,129604,0,1970-01-20T06:43:12+00:00,65,65,1.0,0.0,0.02820601851851852,0.032650462962962964,0.12775462962962963,3
pooled,recorded,high_out_strength,srmane20mane,60219,109219,129604,0,1970-01-20T06:43:12+00:00,81,80,0.9876543209876543,0.012345679012345678,0.008622685185185185,0.0655613425925926,0.1604398148148148,3
pooled,recorded,high_out_strength,kumardurgesh262,60219,109219,129604,0,1970-01-20T06:43:12+00:00,4,4,1.0,0.0,0.00018518518518518518,0.02158564814814815,0.040949074074074075,1
pooled,recorded,high_out_strength,iamtapanpandya,60219,109219,129604,0,1970-01-20T06:43:12+00:00,41,39,0.9512195121951219,0.04878048780487805,0.002662037037037037,0.06467592592592593,0.1478472222222222,3
pooled,recorded,high_out_strength,ravipolara,60219,109219,129604,0,1970-01-20T06:43:12+00:00,73,73,1.0,0.0,0.0009143518518518518,0.009699074074074074,0.13849537037037038,3
pooled,recorded,high_out_strength,sociopoliticalw,60219,109219,129604,0,1970-01-20T06:43:12+00:00,707,465,0.6577086280056577,0.3422913719943423,0.006273148148148148,0.06922453703703704,0.16539351851851852,6
pooled,recorded,high_out_strength,vikram140gulati,60219,109219,129604,0,1970-01-20T06:43:12+00:00,137,83,0.6058394160583942,0.39416058394160586,0.001724537037037037,0.10659722222222222,0.16539351851851852,3
pooled,recorded,high_out_strength,chowkidarchokra,60219,109219,129604,0,1970-01-20T06:43:12+00:00,689,337,0.48911465892597966,0.5108853410740203,0.020775462962962964,0.06136574074074074,0.1654050925925926,4
pooled,recorded,high_out_strength,meetumashankar,60219,109219,129604,0,1970-01-20T06:43:12+00:00,138,123,0.8913043478260869,0.10869565217391304,0.0004398148148148148,0.07265046296296296,0.1654050925925926,3
pooled,recorded,high_out_strength,toiahmedabad,60219,109219,129604,0,1970-01-20T06:43:12+00:00,16,16,1.0,0.0,0.0002546296296296296,0.07454282407407407,0.13849537037037038,3
pooled,recorded,high_out_strength,triptirtiwari,60219,109219,129604,0,1970-01-20T06:43:12+00:00,174,35,0.20114942528735633,0.7988505747126436,0.0017939814814814815,0.11961805555555556,0.15601851851851853,2
pooled,recorded,high_out_strength,ajaychat555,60219,109219,129604,0,1970-01-20T06:43:12+00:00,27,25,0.9259259259259259,0.07407407407407407,0.007280092592592592,0.07696759259259259,0.16366898148148148,3
pooled,recorded,high_out_strength,jacobmathewlive,60219,109219,129604,0,1970-01-20T06:43:12+00:00,21,20,0.9523809523809523,0.047619047619047616,0.01733796296296296,0.06395833333333334,0.1429050925925926,3
pooled,recorded,high_out_strength,julushah,60219,109219,129604,0,1970-01-20T06:43:12+00:00,382,189,0.49476439790575916,0.5052356020942408,0.021145833333333332,0.034027777777777775,0.1654050925925926,4
pooled,recorded,high_out_strength,rohitmgaikwad,60219,109219,129604,0,1970-01-20T06:43:12+00:00,118,72,0.6101694915254238,0.3898305084745763,0.0019212962962962964,0.07892361111111111,0.1635300925925926,3
pooled,recorded,high_out_strength,scorpion1007,60219,109219,129604,0,1970-01-20T06:43:12+00:00,135,109,0.8074074074074075,0.1925925925925926,0.004618055555555556,0.07918981481481481,0.16539351851851852,3
pooled,recorded,high_out_strength,bhupendra26,60219,109219,129604,0,1970-01-20T06:43:12+00:00,689,429,0.6226415094339622,0.37735849056603776,0.006793981481481482,0.05734953703703704,0.1654050925925926,5
pooled,recorded,high_out_strength,s386er1,60219,109219,129604,0,1970-01-20T06:43:12+00:00,43,42,0.9767441860465116,0.023255813953488372,0.006585648148148148,0.006585648148148148,0.13849537037037038,3
pooled,recorded,high_out_strength,bernarddmello,60219,109219,129604,0,1970-01-20T06:43:12+00:00,235,108,0.4595744680851064,0.5404255319148936,0.00037037037037037035,0.05738425925925926,0.16539351851851852,3
pooled,recorded,high_out_strength,timesnow,60219,109219,129604,0,1970-01-20T06:43:12+00:00,49,45,0.9183673469387755,0.08163265306122448,0.0044675925925925924,0.07453703703703704,0.15667824074074074,4
pooled,recorded,high_out_strength,vineet66,60219,109219,129604,0,1970-01-20T06:43:12+00:00,65,62,0.9538461538461539,0.046153846153846156,0.0020949074074074073,0.0390625,0.16366898148148148,3
pooled,recorded,high_out_strength,gauagg,60219,109219,129604,0,1970-01-20T06:43:12+00:00,62,59,0.9516129032258065,0.04838709677419355,3.472222222222222e-05,0.0372337962962963,0.15270833333333333,3
pooled,recorded,high_out_strength,lloydrodr28,60219,109219,129604,0,1970-01-20T06:43:12+00:00,127,120,0.9448818897637795,0.05511811023622047,0.0011111111111111111,0.06785879629629629,0.16539351851851852,4
pooled,recorded,high_out_strength,pmaliens,60219,109219,129604,0,1970-01-20T06:43:12+00:00,749,228,0.30440587449933243,0.6955941255006676,0.017141203703703704,0.08125578703703704,0.1635300925925926,4
pooled,recorded,high_out_strength,rds750044,60219,109219,129604,0,1970-01-20T06:43:12+00:00,88,77,0.875,0.125,0.11733796296296296,0.15938657407407408,0.15938657407407408,2
pooled,recorded,high_out_strength,har1aum,60219,109219,129604,0,1970-01-20T06:43:12+00:00,230,104,0.45217391304347826,0.5478260869565217,0.0591087962962963,0.06549768518518519,0.16539351851851852,4
pooled,recorded,high_out_strength,kirolalalit,60219,109219,129604,0,1970-01-20T06:43:12+00:00,84,57,0.6785714285714286,0.32142857142857145,0.00625,0.08439814814814815,0.1635300925925926,3
pooled,recorded,high_out_strength,manishbpl1,60219,109219,129604,0,1970-01-20T06:43:12+00:00,45,45,1.0,0.0,0.0052893518518518515,0.11344907407407408,0.14075231481481482,3
pooled,recorded,high_out_strength,mbtheguide,60219,109219,129604,0,1970-01-20T06:43:12+00:00,22,22,1.0,0.0,0.013055555555555556,0.06497685185185184,0.15922453703703704,3
pooled,recorded,high_out_strength,pradeepkunche,60219,109219,129604,0,1970-01-20T06:43:12+00:00,157,109,0.6942675159235668,0.3057324840764331,1.1574074074074073e-05,0.06027777777777778,0.16539351851851852,3
pooled,recorded,high_out_strength,amitakjain,60219,109219,129604,0,1970-01-20T06:43:12+00:00,156,74,0.47435897435897434,0.5256410256410257,0.10185185185185185,0.10185185185185185,0.15211805555555555,2
pooled,recorded,high_out_strength,libertarian196,60219,109219,129604,0,1970-01-20T06:43:12+00:00,831,494,0.5944645006016848,0.4055354993983153,0.024270833333333332,0.07168981481481482,0.16539351851851852,5
pooled,recorded,high_out_strength,aamirsy61653294,60219,109219,129604,0,1970-01-20T06:43:12+00:00,53,53,1.0,0.0,0.01545138888888889,0.08637731481481481,0.16366898148148148,3
pooled,recorded,high_out_strength,mkatju,60219,109219,129604,0,1970-01-20T06:43:12+00:00,71,70,0.9859154929577465,0.014084507042253521,0.008773148148148148,0.008784722222222222,0.16508101851851853,2
pooled,recorded,high_out_strength,vijendra1verma,60219,109219,129604,0,1970-01-20T06:43:12+00:00,164,127,0.774390243902439,0.22560975609756098,0.002650462962962963,0.07361111111111111,0.1635300925925926,3
pooled,recorded,high_out_strength,rocky_coool,60219,109219,129604,0,1970-01-20T06:43:12+00:00,169,110,0.650887573964497,0.34911242603550297,0.007361111111111111,0.11464699074074074,0.16539351851851852,3
pooled,recorded,high_out_strength,rveerreddy,60219,109219,129604,0,1970-01-20T06:43:12+00:00,60,55,0.9166666666666666,0.08333333333333333,0.012569444444444444,0.04570601851851852,0.13762731481481483,3
pooled,recorded,high_out_strength,ecityrising,60219,109219,129604,0,1970-01-20T06:43:12+00:00,49,49,1.0,0.0,0.011643518518518518,0.011643518518518518,0.13849537037037038,3
pooled,recorded,high_out_strength,iyer_rn,60219,109219,129604,0,1970-01-20T06:43:12+00:00,323,85,0.2631578947368421,0.7368421052631579,0.002372685185185185,0.09231481481481481,0.1462152777777778,3
pooled,recorded,high_out_strength,enraged_indian,60219,109219,129604,0,1970-01-20T06:43:12+00:00,891,106,0.11896745230078563,0.8810325476992144,0.0032060185185185186,0.12600694444444444,0.1652662037037037,3
pooled,recorded,high_out_strength,rangats,60219,109219,129604,0,1970-01-20T06:43:12+00:00,16,16,1.0,0.0,0.002025462962962963,0.01379050925925926,0.1366087962962963,1
pooled,recorded,high_out_strength,adarsh_appa,60219,109219,129604,0,1970-01-20T06:43:12+00:00,161,106,0.6583850931677019,0.3416149068322981,0.000625,0.09855902777777778,0.16539351851851852,3
pooled,recorded,high_out_strength,murali76133156,60219,109219,129604,0,1970-01-20T06:43:12+00:00,689,255,0.37010159651669083,0.6298984034833092,0.06925925925925926,0.08450231481481481,0.16508101851851853,4
pooled,recorded,high_out_strength,preethiiyer6,60219,109219,129604,0,1970-01-20T06:43:12+00:00,49,46,0.9387755102040817,0.061224489795918366,0.012256944444444445,0.10877314814814815,0.1654050925925926,3
pooled,recorded,high_out_strength,perspicacite,60219,109219,129604,0,1970-01-20T06:43:12+00:00,77,60,0.7792207792207793,0.22077922077922077,0.16212962962962962,0.1622222222222222,0.16365740740740742,1
pooled,recorded,high_out_strength,doctoredspeech,60219,109219,129604,0,1970-01-20T06:43:12+00:00,52,48,0.9230769230769231,0.07692307692307693,0.0013194444444444445,0.06577546296296297,0.15635416666666666,3
pooled,recorded,high_out_strength,skshukla01inc,60219,109219,129604,0,1970-01-20T06:43:12+00:00,147,110,0.7482993197278912,0.25170068027210885,0.03881944444444444,0.07413194444444444,0.1635300925925926,3
pooled,recorded,high_out_strength,navin4nation,60219,109219,129604,0,1970-01-20T06:43:12+00:00,83,72,0.8674698795180723,0.13253012048192772,0.014074074074074074,0.014074074074074074,0.09261574074074073,2
pooled,recorded,high_out_strength,crazysatire,60219,109219,129604,0,1970-01-20T06:43:12+00:00,216,70,0.32407407407407407,0.6759259259259259,0.05162037037037037,0.09909722222222223,0.15667824074074074,3
pooled,recorded,high_out_strength,kiran_m_kumar,60219,109219,129604,0,1970-01-20T06:43:12+00:00,58,53,0.9137931034482759,0.08620689655172414,0.015219907407407408,0.07045138888888888,0.1544560185185185,3
pooled,recorded,high_out_strength,prithabandyop10,60219,109219,129604,0,1970-01-20T06:43:12+00:00,163,73,0.44785276073619634,0.5521472392638037,0.010810185185185185,0.09155092592592592,0.1607060185185185,3
pooled,recorded,high_out_strength,satyavadin,60219,109219,129604,0,1970-01-20T06:43:12+00:00,40,32,0.8,0.2,0.00931712962962963,0.10315972222222222,0.1546412037037037,2
pooled,recorded,high_out_strength,jagadgurupeeth,60219,109219,129604,0,1970-01-20T06:43:12+00:00,63,53,0.8412698412698413,0.15873015873015872,0.018020833333333333,0.0784837962962963,0.1654050925925926,2
pooled,recorded,high_out_strength,manis_kumar,60219,109219,129604,0,1970-01-20T06:43:12+00:00,21,16,0.7619047619047619,0.23809523809523808,0.0019097222222222222,0.10944444444444444,0.1613888888888889,2
pooled,recorded,high_out_strength,dharma4x,60219,109219,129604,0,1970-01-20T06:43:12+00:00,105,72,0.6857142857142857,0.3142857142857143,0.010451388888888889,0.08155092592592593,0.16539351851851852,4
pooled,recorded,high_out_strength,indiatoday,60219,109219,129604,0,1970-01-20T06:43:12+00:00,56,50,0.8928571428571429,0.10714285714285714,0.002638888888888889,0.06365740740740741,0.1635300925925926,2
pooled,recorded,high_out_strength,shahzadasadiqr,60219,109219,129604,0,1970-01-20T06:43:12+00:00,48,42,0.875,0.125,0.02236111111111111,0.08060185185185186,0.16137731481481482,2
pooled,recorded,high_out_strength,vijayhema87,60219,109219,129604,0,1970-01-20T06:43:12+00:00,338,78,0.23076923076923078,0.7692307692307693,0.0012962962962962963,0.0911400462962963,0.16366898148148148,4
pooled,recorded,high_out_strength,himansh07883075,60219,109219,129604,0,1970-01-20T06:43:12+00:00,41,41,1.0,0.0,0.01597222222222222,0.062453703703703706,0.14827546296296296,3
pooled,recorded,high_out_strength,_umakantsingh,60219,109219,129604,0,1970-01-20T06:43:12+00:00,31,29,0.9354838709677419,0.06451612903225806,0.0035069444444444445,0.060648148148148145,0.15997685185185184,3
pooled,recorded,high_out_strength,mayamadhava,60219,109219,129604,0,1970-01-20T06:43:12+00:00,170,28,0.16470588235294117,0.8352941176470589,0.003171296296296296,0.04815972222222222,0.16484953703703703,2
pooled,recorded,high_out_strength,shubhamr528,60219,109219,129604,0,1970-01-20T06:43:12+00:00,93,72,0.7741935483870968,0.22580645161290322,0.001875,0.0887037037037037,0.16366898148148148,3
pooled,recorded,high_out_strength,amytisd1,60219,109219,129604,0,1970-01-20T06:43:12+00:00,73,71,0.9726027397260274,0.0273972602739726,0.018368055555555554,0.025590277777777778,0.16364583333333332,3
pooled,recorded,high_out_strength,scroll_in,60219,109219,129604,0,1970-01-20T06:43:12+00:00,2,2,1.0,0.0,0.0021875,0.03469907407407407,0.06721064814814814,1
pooled,recorded,high_out_strength,pvenkatgandhi,60219,109219,129604,0,1970-01-20T06:43:12+00:00,42,35,0.8333333333333334,0.16666666666666666,0.0004861111111111111,0.07659722222222222,0.16333333333333333,3
pooled,recorded,high_out_strength,vaguelyright,60219,109219,129604,0,1970-01-20T06:43:12+00:00,45,42,0.9333333333333333,0.06666666666666667,0.002766203703703704,0.10895833333333334,0.1654050925925926,3
pooled,recorded,high_out_strength,0ld_m0nk,60219,109219,129604,0,1970-01-20T06:43:12+00:00,131,90,0.6870229007633588,0.31297709923664124,0.004872685185185185,0.08287037037037037,0.1635300925925926,4
pooled,recorded,high_out_strength,eccentricraj,60219,109219,129604,0,1970-01-20T06:43:12+00:00,41,37,0.9024390243902439,0.0975609756097561,0.047372685185185184,0.09306712962962962,0.10185185185185185,1
pooled,recorded,high_out_strength,financialbrdm,60219,109219,129604,0,1970-01-20T06:43:12+00:00,14,14,1.0,0.0,0.0004166666666666667,0.0004166666666666667,0.15050925925925926,1
pooled,recorded,high_out_strength,harmeetjolly1,60219,109219,129604,0,1970-01-20T06:43:12+00:00,18,18,1.0,0.0,0.10732638888888889,0.10732638888888889,0.14737268518518518,1
pooled,recorded,high_out_strength,prateekjain28,60219,109219,129604,0,1970-01-20T06:43:12+00:00,40,40,1.0,0.0,0.0009143518518518518,0.07652777777777778,0.15270833333333333,2
pooled,recorded,high_out_strength,subodhs_93,60219,109219,129604,0,1970-01-20T06:43:12+00:00,32,28,0.875,0.125,0.018333333333333333,0.06736111111111111,0.1457638888888889,1
pooled,recorded,high_out_strength,iamsudhish,60219,109219,129604,0,1970-01-20T06:43:12+00:00,103,77,0.7475728155339806,0.2524271844660194,0.02400462962962963,0.07918981481481481,0.16484953703703703,4
pooled,recorded,high_out_strength,ima_indian,60219,109219,129604,0,1970-01-20T06:43:12+00:00,82,57,0.6951219512195121,0.3048780487804878,0.0017592592592592592,0.04038194444444444,0.15841435185185185,3
pooled,recorded,high_out_strength,msgn15,60219,109219,129604,0,1970-01-20T06:43:12+00:00,31,31,1.0,0.0,0.008576388888888889,0.010185185185185186,0.13849537037037038,2
pooled,recorded,high_out_strength,rajubistabjp,60219,109219,129604,0,1970-01-20T06:43:12+00:00,7,7,1.0,0.0,0.00568287037037037,0.00568287037037037,0.04435185185185185,1
pooled,recorded,high_out_strength,tfarcdrow,60219,109219,129604,0,1970-01-20T06:43:12+00:00,27,27,1.0,0.0,0.008553240740740741,0.04743055555555555,0.15519675925925927,2
pooled,recorded,high_out_strength,ashurai123,60219,109219,129604,0,1970-01-20T06:43:12+00:00,27,27,1.0,0.0,0.013310185185185185,0.08018518518518518,0.13849537037037038,3
pooled,recorded,high_out_strength,psmanwatkar,60219,109219,129604,0,1970-01-20T06:43:12+00:00,707,168,0.2376237623762376,0.7623762376237624,0.04739583333333333,0.11577546296296297,0.16539351851851852,4
pooled,recorded,high_out_strength,jangliraja,60219,109219,129604,0,1970-01-20T06:43:12+00:00,34,34,1.0,0.0,0.016064814814814816,0.062372685185185184,0.15849537037037037,3
pooled,recorded,high_out_strength,sanjibkbasu,60219,109219,129604,0,1970-01-20T06:43:12+00:00,92,56,0.6086956521739131,0.391304347826087,0.010405092592592593,0.13849537037037038,0.15974537037037037,3
pooled,recorded,high_out_strength,maheshk20600708,60219,109219,129604,0,1970-01-20T06:43:12+00:00,77,51,0.6623376623376623,0.33766233766233766,0.0067708333333333336,0.11091435185185185,0.15667824074074074,2
pooled,recorded,high_out_strength,priyangmenon,60219,109219,129604,0,1970-01-20T06:43:12+00:00,94,49,0.5212765957446809,0.4787234042553192,0.019085648148148147,0.13828703703703704,0.1584837962962963,2
pooled,recorded,high_out_strength,dknair4bjp,60219,109219,129604,0,1970-01-20T06:43:12+00:00,761,160,0.2102496714848883,0.7897503285151117,0.02351851851851852,0.11519675925925926,0.1629861111111111,3
pooled,recorded,high_out_strength,dontstageit,60219,109219,129604,0,1970-01-20T06:43:12+00:00,89,61,0.6853932584269663,0.3146067415730337,0.01244212962962963,0.09778935185185185,0.16364583333333332,3
pooled,recorded,high_out_strength,justbeingvk,60219,109219,129604,0,1970-01-20T06:43:12+00:00,48,45,0.9375,0.0625,0.022893518518518518,0.07677083333333333,0.1595138888888889,3
pooled,recorded,high_out_strength,justin23448669,60219,109219,129604,0,1970-01-20T06:43:12+00:00,67,52,0.7761194029850746,0.22388059701492538,0.007442129629629629,0.11135416666666667,0.16539351851851852,3
pooled,recorded,high_out_strength,karthikthiru126,60219,109219,129604,0,1970-01-20T06:43:12+00:00,23,18,0.782608695652174,0.21739130434782608,0.010069444444444445,0.048894675925925925,0.14630787037037038,3
pooled,recorded,high_out_strength,madhusudan41,60219,109219,129604,0,1970-01-20T06:43:12+00:00,40,38,0.95,0.05,0.005347222222222222,0.08125578703703704,0.16508101851851853,3
pooled,recorded,high_out_strength,ravispeaking,60219,109219,129604,0,1970-01-20T06:43:12+00:00,44,44,1.0,0.0,0.00019675925925925926,0.0753587962962963,0.146875,2
pooled,recorded,high_out_strength,shemin_joy,60219,109219,129604,0,1970-01-20T06:43:12+00:00,27,22,0.8148148148148148,0.18518518518518517,0.01778935185185185,0.025034722222222222,0.15922453703703704,2
pooled,recorded,high_out_strength,venuds23,60219,109219,129604,0,1970-01-20T06:43:12+00:00,28,28,1.0,0.0,0.014537037037037038,0.1147511574074074,0.15726851851851853,1
pooled,recorded,high_out_strength,arungupta4760,60219,109219,129604,0,1970-01-20T06:43:12+00:00,84,72,0.8571428571428571,0.14285714285714285,0.056435185185185185,0.10725694444444445,0.16539351851851852,3
pooled,recorded,high_out_strength,champrose,60219,109219,129604,0,1970-01-20T06:43:12+00:00,22,22,1.0,0.0,0.01940972222222222,0.05228009259259259,0.15725694444444444,1
pooled,recorded,high_out_strength,helppolitics,60219,109219,129604,0,1970-01-20T06:43:12+00:00,55,52,0.9454545454545454,0.05454545454545454,0.0042361111111111115,0.07164930555555554,0.16539351851851852,3
pooled,recorded,high_out_strength,kakasahebbadami,60219,109219,129604,0,1970-01-20T06:43:12+00:00,44,35,0.7954545454545454,0.20454545454545456,0.03965277777777778,0.06584490740740741,0.14747685185185186,2
pooled,recorded,high_out_strength,kumarj9,60219,109219,129604,0,1970-01-20T06:43:12+00:00,153,35,0.22875816993464052,0.7712418300653595,0.024722222222222222,0.13849537037037038,0.1635300925925926,3
pooled,recorded,high_out_strength,sanathanyodhaa,60219,109219,129604,0,1970-01-20T06:43:12+00:00,759,72,0.09486166007905138,0.9051383399209486,0.07590277777777778,0.11901620370370371,0.15373842592592593,3
pooled,recorded,high_out_strength,thippeswamy1967,60219,109219,129604,0,1970-01-20T06:43:12+00:00,11,11,1.0,0.0,0.003576388888888889,0.03596064814814815,0.15162037037037038,1
pooled,recorded,high_out_strength,alokrai2001,60219,109219,129604,0,1970-01-20T06:43:12+00:00,35,29,0.8285714285714286,0.17142857142857143,0.0347337962962963,0.04097222222222222,0.15810185185185185,2
pooled,recorded,high_out_strength,bhaskarsen11,60219,109219,129604,0,1970-01-20T06:43:12+00:00,77,40,0.5194805194805194,0.4805194805194805,0.003912037037037037,0.07811342592592592,0.1607060185185185,3
pooled,recorded,high_out_strength,captassamregt,60219,109219,129604,0,1970-01-20T06:43:12+00:00,159,114,0.7169811320754716,0.2830188679245283,0.03377314814814815,0.09078125000000001,0.16539351851851852,3
pooled,recorded,high_out_strength,imridul2k,60219,109219,129604,0,1970-01-20T06:43:12+00:00,40,38,0.95,0.05,0.0003125,0.08502893518518517,0.16508101851851853,2
pooled,recorded,high_out_strength,junglijalebi,60219,109219,129604,0,1970-01-20T06:43:12+00:00,91,73,0.8021978021978022,0.1978021978021978,0.013460648148148149,0.10894675925925926,0.16539351851851852,4
pooled,recorded,high_out_strength,metoosurya,60219,109219,129604,0,1970-01-20T06:43:12+00:00,773,396,0.5122897800776197,0.48771021992238034,0.012430555555555556,0.0939699074074074,0.16539351851851852,7
pooled,recorded,high_out_strength,mukeshkmkurup,60219,109219,129604,0,1970-01-20T06:43:12+00:00,10,10,1.0,0.0,0.05167824074074074,0.05167824074074074,0.05277777777777778,1
pooled,recorded,high_out_strength,simashah26,60219,109219,129604,0,1970-01-20T06:43:12+00:00,78,53,0.6794871794871795,0.32051282051282054,0.09215277777777778,0.15153935185185186,0.16424768518518518,2
pooled,recorded,high_out_strength,2_drac,60219,109219,129604,0,1970-01-20T06:43:12+00:00,50,50,1.0,0.0,0.07074074074074074,0.07074074074074074,0.07074074074074074,1
pooled,recorded,high_out_strength,bollywoodventu,60219,109219,129604,0,1970-01-20T06:43:12+00:00,74,58,0.7837837837837838,0.21621621621621623,0.10918981481481481,0.10918981481481481,0.16424768518518518,2
pooled,recorded,high_out_strength,dazzlingsnehal,60219,109219,129604,0,1970-01-20T06:43:12+00:00,85,66,0.7764705882352941,0.2235294117647059,0.0749537037037037,0.0749537037037037,0.16424768518518518,3
pooled,recorded,high_out_strength,foolishapathy,60219,109219,129604,0,1970-01-20T06:43:12+00:00,143,105,0.7342657342657343,0.26573426573426573,0.013356481481481481,0.08133101851851852,0.16508101851851853,3
pooled,recorded,high_out_strength,ghoshkk,60219,109219,129604,0,1970-01-20T06:43:12+00:00,206,104,0.5048543689320388,0.49514563106796117,0.015162037037037036,0.12154513888888888,0.16539351851851852,2
pooled,recorded,high_out_strength,guruprasadgovi1,60219,109219,129604,0,1970-01-20T06:43:12+00:00,749,208,0.27770360480640854,0.7222963951935915,0.03894675925925926,0.08732638888888888,0.1635300925925926,4
pooled,recorded,high_out_strength,hisamuddink51,60219,109219,129604,0,1970-01-20T06:43:12+00:00,83,74,0.891566265060241,0.10843373493975904,0.011747685185185186,0.011747685185185186,0.09261574074074073,2
pooled,recorded,high_out_strength,johnrphlab,60219,109219,129604,0,1970-01-20T06:43:12+00:00,50,50,1.0,0.0,0.13510416666666666,0.13510416666666666,0.13510416666666666,1
pooled,recorded,high_out_strength,majumdarsid,60219,109219,129604,0,1970-01-20T06:43:12+00:00,47,31,0.6595744680851063,0.3404255319148936,0.05690972222222222,0.10760416666666667,0.16364583333333332,3
pooled,recorded,high_out_strength,mukesh_ambanii_,60219,109219,129604,0,1970-01-20T06:43:12+00:00,938,50,0.053304904051172705,0.9466950959488273,0.08209490740740741,0.08209490740740741,0.08209490740740741,1
pooled,recorded,high_out_strength,omdkhaleel,60219,109219,129604,0,1970-01-20T06:43:12+00:00,70,45,0.6428571428571429,0.35714285714285715,0.007488425925925926,0.1169212962962963,0.15667824074074074,3
pooled,recorded,high_out_strength,orgmunch69,60219,109219,129604,0,1970-01-20T06:43:12+00:00,751,76,0.10119840213049268,0.8988015978695073,0.11894675925925927,0.11894675925925927,0.16246527777777778,2
pooled,recorded,high_out_strength,purivirender,60219,109219,129604,0,1970-01-20T06:43:12+00:00,84,38,0.4523809523809524,0.5476190476190477,0.019224537037037037,0.13849537037037038,0.15667824074074074,3
pooled,recorded,high_out_strength,radpoll,60219,109219,129604,0,1970-01-20T06:43:12+00:00,30,30,1.0,0.0,0.01150462962962963,0.06042824074074074,0.13849537037037038,3
pooled,recorded,high_out_strength,revanasiddeshr,60219,109219,129604,0,1970-01-20T06:43:12+00:00,270,89,0.3296296296296296,0.6703703703703704,0.16145833333333334,0.16145833333333334,0.16440972222222222,3
pooled,recorded,high_out_strength,secular_hoon,60219,109219,129604,0,1970-01-20T06:43:12+00:00,707,50,0.07072135785007072,0.9292786421499293,0.1621875,0.1621875,0.1621875,1
pooled,recorded,high_out_strength,singh_robb,60219,109219,129604,0,1970-01-20T06:43:12+00:00,72,55,0.7638888888888888,0.2361111111111111,0.12278935185185186,0.12278935185185186,0.16424768518518518,2
pooled,recorded,high_out_strength,sunilku54677431,60219,109219,129604,0,1970-01-20T06:43:12+00:00,32,28,0.875,0.125,0.12738425925925925,0.12738425925925925,0.1596064814814815,2
pooled,recorded,high_out_strength,swwagatam,60219,109219,129604,0,1970-01-20T06:43:12+00:00,749,192,0.25634178905206945,0.7436582109479306,0.05586805555555555,0.10189814814814815,0.1635300925925926,4
pooled,recorded,high_out_strength,talwinder20,60219,109219,129604,0,1970-01-20T06:43:12+00:00,80,72,0.9,0.1,0.006550925925925926,0.006550925925925926,0.16180555555555556,4
pooled,recorded,high_out_strength,thiagaraj_star,60219,109219,129604,0,1970-01-20T06:43:12+00:00,175,60,0.34285714285714286,0.6571428571428571,0.14131944444444444,0.14613425925925927,0.16539351851851852,2
pooled,recorded,high_out_strength,vpanchamukhi,60219,109219,129604,0,1970-01-20T06:43:12+00:00,61,58,0.9508196721311475,0.04918032786885246,0.006875,0.006875,0.13931712962962964,2
pooled,recorded,high_out_strength,yganeshrao,60219,109219,129604,0,1970-01-20T06:43:12+00:00,269,178,0.6617100371747212,0.3382899628252788,0.03596064814814815,0.06474537037037037,0.16440972222222222,3
pooled,recorded,high_out_strength,deep_aag,60219,109219,129604,0,1970-01-20T06:43:12+00:00,81,65,0.8024691358024691,0.19753086419753085,0.10496527777777778,0.10496527777777778,0.16424768518518518,3
pooled,recorded,high_out_strength,diptidange,60219,109219,129604,0,1970-01-20T06:43:12+00:00,78,57,0.7307692307692307,0.2692307692307692,0.09655092592592593,0.09655092592592593,0.16366898148148148,3
pooled,recorded,high_out_strength,indian_online,60219,109219,129604,0,1970-01-20T06:43:12+00:00,139,61,0.43884892086330934,0.5611510791366906,0.005393518518518519,0.06365740740740741,0.16358796296296296,3
pooled,recorded,high_out_strength,kirti_sd,60219,109219,129604,0,1970-01-20T06:43:12+00:00,707,71,0.10042432814710042,0.8995756718528995,0.11519675925925926,0.11519675925925926,0.1627199074074074,2
pooled,recorded,high_out_strength,passionfornews,60219,109219,129604,0,1970-01-20T06:43:12+00:00,140,85,0.6071428571428571,0.39285714285714285,0.024155092592592593,0.10659722222222222,0.1635300925925926,3
pooled,recorded,high_out_strength,rachitaprasad,60219,109219,129604,0,1970-01-20T06:43:12+00:00,2,2,1.0,0.0,0.010231481481481482,0.010231481481481482,0.010231481481481482,1
pooled,recorded,high_out_strength,utsavpansari,60219,109219,129604,0,1970-01-20T06:43:12+00:00,61,41,0.6721311475409836,0.32786885245901637,0.028171296296296295,0.1237037037037037,0.15893518518518518,2
pooled,recorded,high_out_strength,vishnu_suresh_2,60219,109219,129604,0,1970-01-20T06:43:12+00:00,71,64,0.9014084507042254,0.09859154929577464,0.11924768518518518,0.11924768518518518,0.14596064814814816,2
pooled,recorded,high_out_strength,amit_an_indian,60219,109219,129604,0,1970-01-20T06:43:12+00:00,114,81,0.7105263157894737,0.2894736842105263,0.03466435185185185,0.11409722222222222,0.16539351851851852,3
pooled,recorded,high_out_strength,arviindk,60219,109219,129604,0,1970-01-20T06:43:12+00:00,21,19,0.9047619047619048,0.09523809523809523,0.0052893518518518515,0.05695601851851852,0.16364583333333332,3
pooled,recorded,high_out_strength,bela_pal,60219,109219,129604,0,1970-01-20T06:43:12+00:00,12,12,1.0,0.0,0.0030208333333333333,0.0030208333333333333,0.05489583333333333,1
pooled,recorded,high_out_strength,lonighaziabadup,60219,109219,129604,0,1970-01-20T06:43:12+00:00,60,56,0.9333333333333333,0.06666666666666667,0.06454861111111111,0.06454861111111111,0.16364583333333332,3
pooled,recorded,high_out_strength,thegrimbarian,60219,109219,129604,0,1970-01-20T06:43:12+00:00,56,56,1.0,0.0,0.0478125,0.0478125,0.14596064814814816,2
pooled,recorded,high_out_strength,vyasa1968,60219,109219,129604,0,1970-01-20T06:43:12+00:00,278,69,0.24820143884892087,0.7517985611510791,0.00875,0.09950231481481482,0.16461805555555556,5
pooled,recorded,high_out_strength,yasir_bangalore,60219,109219,129604,0,1970-01-20T06:43:12+00:00,27,27,1.0,0.0,0.006273148148148148,0.020069444444444445,0.13849537037037038,2
pooled,recorded,high_out_strength,asktamal,60219,109219,129604,0,1970-01-20T06:43:12+00:00,187,47,0.25133689839572193,0.7486631016042781,0.0024189814814814816,0.07819444444444444,0.16315972222222222,3
pooled,recorded,high_out_strength,divyaam_1979,60219,109219,129604,0,1970-01-20T06:43:12+00:00,171,83,0.4853801169590643,0.5146198830409356,0.021689814814814815,0.021689814814814815,0.15667824074074074,3
pooled,recorded,high_out_strength,drbmsinghal12,60219,109219,129604,0,1970-01-20T06:43:12+00:00,118,102,0.864406779661017,0.13559322033898305,0.011342592592592593,0.07570023148148149,0.16366898148148148,3
pooled,recorded,high_out_strength,javiqbal09,60219,109219,129604,0,1970-01-20T06:43:12+00:00,48,48,1.0,0.0,0.039328703703703706,0.039328703703703706,0.09678240740740741,2
pooled,recorded,high_out_strength,modiji_helpus,60219,109219,129604,0,1970-01-20T06:43:12+00:00,58,47,0.8103448275862069,0.1896551724137931,0.15938657407407408,0.15938657407407408,0.15938657407407408,1
pooled,recorded,high_out_strength,paraskghelaanii,60219,109219,129604,0,1970-01-20T06:43:12+00:00,40,36,0.9,0.1,0.002800925925925926,0.09159722222222222,0.1316087962962963,2
pooled,recorded,high_out_strength,rst986,60219,109219,129604,0,1970-01-20T06:43:12+00:00,36,35,0.9722222222222222,0.027777777777777776,0.01824074074074074,0.08160879629629629,0.1572337962962963,3
pooled,recorded,high_out_strength,shaziaa222,60219,109219,129604,0,1970-01-20T06:43:12+00:00,81,67,0.8271604938271605,0.1728395061728395,0.03144675925925926,0.03144675925925926,0.16424768518518518,3
pooled,recorded,high_out_strength,vibhu_prabhu,60219,109219,129604,0,1970-01-20T06:43:12+00:00,53,48,0.9056603773584906,0.09433962264150944,0.05319444444444445,0.05319444444444445,0.0682175925925926,2
pooled,recorded,high_out_strength,feardis11,60219,109219,129604,0,1970-01-20T06:43:12+00:00,46,46,1.0,0.0,0.010717592592592593,0.010717592592592593,0.010717592592592593,1
pooled,recorded,high_out_strength,howardroark25,60219,109219,129604,0,1970-01-20T06:43:12+00:00,56,51,0.9107142857142857,0.08928571428571429,0.01576388888888889,0.04972222222222222,0.1267824074074074,3
pooled,recorded,high_out_strength,ivijayboi,60219,109219,129604,0,1970-01-20T06:43:12+00:00,118,68,0.576271186440678,0.423728813559322,0.05002314814814815,0.09430555555555556,0.1641087962962963,3
pooled,recorded,high_out_strength,jyoti_kothari,60219,109219,129604,0,1970-01-20T06:43:12+00:00,11,11,1.0,0.0,0.013101851851851852,0.05453703703703704,0.15594907407407407,2
pooled,recorded,high_out_strength,mandy_sanghera1,60219,109219,129604,0,1970-01-20T06:43:12+00:00,46,46,1.0,0.0,0.16284722222222223,0.16284722222222223,0.16284722222222223,1
pooled,recorded,high_out_strength,profpratap,60219,109219,129604,0,1970-01-20T06:43:12+00:00,44,38,0.8636363636363636,0.13636363636363635,0.0036805555555555554,0.11015046296296296,0.16364583333333332,3
pooled,recorded,high_out_strength,shujathalisufi,60219,109219,129604,0,1970-01-20T06:43:12+00:00,148,91,0.6148648648648649,0.38513513513513514,0.021909722222222223,0.10659722222222222,0.16508101851851853,3
pooled,recorded,high_out_strength,thatindicmonk,60219,109219,129604,0,1970-01-20T06:43:12+00:00,79,63,0.7974683544303798,0.20253164556962025,0.025173611111111112,0.05417824074074074,0.1634837962962963,3
pooled,recorded,high_out_strength,asarpotar,60219,109219,129604,0,1970-01-20T06:43:12+00:00,260,74,0.2846153846153846,0.7153846153846154,0.007523148148148148,0.12471064814814815,0.16539351851851852,3
pooled,recorded,high_out_strength,barbarajdurkin,60219,109219,129604,0,1970-01-20T06:43:12+00:00,45,45,1.0,0.0,0.13859953703703703,0.13859953703703703,0.13859953703703703,1
pooled,recorded,high_out_strength,bhaavinpurohit,60219,109219,129604,0,1970-01-20T06:43:12+00:00,20,20,1.0,0.0,0.005185185185185185,0.051041666666666666,0.13849537037037038,3
pooled,recorded,high_out_strength,tiger_of_bengal,60219,109219,129604,0,1970-01-20T06:43:12+00:00,70,38,0.5428571428571428,0.45714285714285713,0.015034722222222222,0.09109375,0.1635300925925926,3
pooled,recorded,high_out_strength,manitagautamma1,60219,109219,129604,0,1970-01-20T06:43:12+00:00,19,19,1.0,0.0,0.0043287037037037035,0.029270833333333333,0.1411226851851852,1
pooled,recorded,high_out_strength,rnels1201,60219,109219,129604,0,1970-01-20T06:43:12+00:00,178,42,0.23595505617977527,0.7640449438202247,0.060833333333333336,0.13853587962962965,0.16364583333333332,2
pooled,recorded,high_out_strength,saying_as_it_is,60219,109219,129604,0,1970-01-20T06:43:12+00:00,45,41,0.9111111111111111,0.08888888888888889,4.6296296296296294e-05,0.04469907407407407,0.16118055555555555,3
pooled,recorded,high_out_strength,vishal_filmbuff,60219,109219,129604,0,1970-01-20T06:43:12+00:00,63,36,0.5714285714285714,0.42857142857142855,0.003761574074074074,0.07265046296296296,0.1635300925925926,3
pooled,recorded,high_out_strength,bhagatcingh,60219,109219,129604,0,1970-01-20T06:43:12+00:00,16,16,1.0,0.0,0.0019560185185185184,0.05119791666666666,0.13849537037037038,3
pooled,recorded,high_out_strength,ctravi_bjp,60219,109219,129604,0,1970-01-20T06:43:12+00:00,16,11,0.6875,0.3125,0.021944444444444444,0.07918981481481481,0.08991898148148147,2
pooled,recorded,high_out_strength,forexmayhem,60219,109219,129604,0,1970-01-20T06:43:12+00:00,120,67,0.5583333333333333,0.44166666666666665,0.002662037037037037,0.11560185185185186,0.16539351851851852,3
pooled,recorded,high_out_strength,nallaganesh,60219,109219,129604,0,1970-01-20T06:43:12+00:00,336,107,0.31845238095238093,0.6815476190476191,0.001388888888888889,0.11819444444444445,0.16539351851851852,4
pooled,recorded,high_out_strength,palaumesh,60219,109219,129604,0,1970-01-20T06:43:12+00:00,88,50,0.5681818181818182,0.4318181818181818,0.010138888888888888,0.08307870370370371,0.15667824074074074,3
pooled,recorded,high_out_strength,siddg19,60219,109219,129604,0,1970-01-20T06:43:12+00:00,24,23,0.9583333333333334,0.041666666666666664,0.02045138888888889,0.1339699074074074,0.15925925925925927,3
pooled,recorded,high_out_strength,soniagurnani19,60219,109219,129604,0,1970-01-20T06:43:12+00:00,61,46,0.7540983606557377,0.2459016393442623,0.04100694444444444,0.09769675925925926,0.15893518518518518,3
pooled,recorded,high_out_strength,tarunrajsingh_,60219,109219,129604,0,1970-01-20T06:43:12+00:00,31,30,0.967741935483871,0.03225806451612903,0.016122685185185184,0.11408564814814814,0.15818287037037038,1
pooled,recorded,high_out_strength,yashwanthpnaik,60219,109219,129604,0,1970-01-20T06:43:12+00:00,127,78,0.6141732283464567,0.3858267716535433,0.021747685185185186,0.10659722222222222,0.1635300925925926,3
pooled,recorded,high_out_strength,cdhar7,60219,109219,129604,0,1970-01-20T06:43:12+00:00,126,49,0.3888888888888889,0.6111111111111112,0.0196875,0.06034722222222222,0.14355324074074075,3
pooled,recorded,high_out_strength,geetdhirbjp,60219,109219,129604,0,1970-01-20T06:43:12+00:00,39,27,0.6923076923076923,0.3076923076923077,0.01724537037037037,0.036828703703703704,0.12996527777777778,3
pooled,recorded,high_out_strength,kaleempkm,60219,109219,129604,0,1970-01-20T06:43:12+00:00,63,59,0.9365079365079365,0.06349206349206349,0.028657407407407406,0.11350694444444444,0.16539351851851852,3
pooled,recorded,high_out_strength,longmangill,60219,109219,129604,0,1970-01-20T06:43:12+00:00,36,29,0.8055555555555556,0.19444444444444445,0.02826388888888889,0.13116898148148148,0.1607060185185185,1
pooled,recorded,high_out_strength,mserve2grow,60219,109219,129604,0,1970-01-20T06:43:12+00:00,106,38,0.3584905660377358,0.6415094339622641,0.0008564814814814815,0.022002314814814815,0.16072916666666667,2
pooled,recorded,high_out_strength,pradeepv21,60219,109219,129604,0,1970-01-20T06:43:12+00:00,36,36,1.0,0.0,0.016724537037037038,0.0721875,0.14435185185185184,3
pooled,recorded,high_out_strength,pravingandhino1,60219,109219,129604,0,1970-01-20T06:43:12+00:00,94,81,0.8617021276595744,0.13829787234042554,0.002662037037037037,0.07372685185185185,0.1603125,4
pooled,recorded,high_out_strength,sareenamar,60219,109219,129604,0,1970-01-20T06:43:12+00:00,33,30,0.9090909090909091,0.09090909090909091,0.002511574074074074,0.0980613425925926,0.16006944444444443,2
pooled,recorded,high_out_strength,sumonseng,60219,109219,129604,0,1970-01-20T06:43:12+00:00,53,50,0.9433962264150944,0.05660377358490566,0.009143518518518518,0.12446759259259259,0.16539351851851852,3
pooled,recorded,high_out_strength,abdul_nazeeb8,60219,109219,129604,0,1970-01-20T06:43:12+00:00,10,10,1.0,0.0,0.08859953703703703,0.08861111111111111,0.14928240740740742,1
pooled,recorded,high_out_strength,an4bharat,60219,109219,129604,0,1970-01-20T06:43:12+00:00,83,57,0.6867469879518072,0.3132530120481928,0.025173611111111112,0.13407407407407407,0.1645949074074074,3
pooled,recorded,high_out_strength,ashokgirnara,60219,109219,129604,0,1970-01-20T06:43:12+00:00,52,25,0.4807692307692308,0.5192307692307693,0.12232638888888889,0.12802083333333333,0.1553125,2
pooled,recorded,high_out_strength,asimtwitt,60219,109219,129604,0,1970-01-20T06:43:12+00:00,183,67,0.366120218579235,0.6338797814207651,0.007465277777777778,0.10241898148148149,0.1635300925925926,3
pooled,recorded,high_out_strength,iampkgupta,60219,109219,129604,0,1970-01-20T06:43:12+00:00,29,23,0.7931034482758621,0.20689655172413793,0.0077083333333333335,0.052766203703703704,0.16538194444444446,2
pooled,recorded,high_out_strength,jaydeep_bapat,60219,109219,129604,0,1970-01-20T06:43:12+00:00,36,30,0.8333333333333334,0.16666666666666666,0.008842592592592593,0.13065393518518517,0.15609953703703705,2
pooled,recorded,high_out_strength,mallikarjunros,60219,109219,129604,0,1970-01-20T06:43:12+00:00,28,28,1.0,0.0,0.024328703703703703,0.050763888888888886,0.15131944444444445,3
pooled,recorded,high_out_strength,possible_a1,60219,109219,129604,0,1970-01-20T06:43:12+00:00,41,41,1.0,0.0,0.05978009259259259,0.05978009259259259,0.05978009259259259,1
pooled,recorded,high_out_strength,prafful_sarda,60219,109219,129604,0,1970-01-20T06:43:12+00:00,26,26,1.0,0.0,0.0019328703703703704,0.07920138888888889,0.13708333333333333,3
pooled,recorded,high_out_strength,r_p_khare,60219,109219,129604,0,1970-01-20T06:43:12+00:00,140,93,0.6642857142857143,0.3357142857142857,0.017013888888888887,0.07453703703703704,0.16366898148148148,3
pooled,recorded,high_out_strength,ragmal108,60219,109219,129604,0,1970-01-20T06:43:12+00:00,19,19,1.0,0.0,0.02849537037037037,0.06512731481481482,0.15203703703703703,1
pooled,recorded,high_out_strength,adim2110,60219,109219,129604,0,1970-01-20T06:43:12+00:00,969,163,0.16821465428276575,0.8317853457172343,0.012256944444444445,0.10018518518518518,0.16539351851851852,5
pooled,recorded,high_out_strength,anilsharma45,60219,109219,129604,0,1970-01-20T06:43:12+00:00,50,35,0.7,0.3,0.017604166666666667,0.13849537037037038,0.16556712962962963,4
pooled,recorded,high_out_strength,avikjindal,60219,109219,129604,0,1970-01-20T06:43:12+00:00,21,20,0.9523809523809523,0.047619047619047616,0.05533564814814815,0.05533564814814815,0.09256944444444444,1
pooled,recorded,high_out_strength,jaikumarjha,60219,109219,129604,0,1970-01-20T06:43:12+00:00,39,34,0.8717948717948718,0.1282051282051282,0.002337962962962963,0.06465277777777778,0.16065972222222222,3
pooled,recorded,high_out_strength,joerave,60219,109219,129604,0,1970-01-20T06:43:12+00:00,707,317,0.44837340876944837,0.5516265912305516,0.06922453703703704,0.10017361111111112,0.16539351851851852,5
pooled,recorded,high_out_strength,od_vigilante,60219,109219,129604,0,1970-01-20T06:43:12+00:00,10,10,1.0,0.0,0.024293981481481482,0.05438657407407407,0.1459375,2
pooled,recorded,high_out_strength,raomeenakshi7,60219,109219,129604,0,1970-01-20T06:43:12+00:00,27,27,1.0,0.0,0.019618055555555555,0.0725462962962963,0.1463773148148148,2
pooled,recorded,high_out_strength,rndram,60219,109219,129604,0,1970-01-20T06:43:12+00:00,31,23,0.7419354838709677,0.25806451612903225,0.02861111111111111,0.07190972222222222,0.14461805555555557,2
pooled,recorded,high_out_strength,yashwanth21g,60219,109219,129604,0,1970-01-20T06:43:12+00:00,19,15,0.7894736842105263,0.21052631578947367,0.006076388888888889,0.045925925925925926,0.15246527777777777,2
pooled,recorded,high_out_strength,gopalkris1983,60219,109219,129604,0,1970-01-20T06:43:12+00:00,116,59,0.5086206896551724,0.49137931034482757,0.1371412037037037,0.1371412037037037,0.16539351851851852,3
pooled,recorded,high_out_strength,itsmeohgod,60219,109219,129604,0,1970-01-20T06:43:12+00:00,36,28,0.7777777777777778,0.2222222222222222,0.011435185185185185,0.05924768518518519,0.16466435185185185,2
pooled,recorded,high_out_strength,khels2u,60219,109219,129604,0,1970-01-20T06:43:12+00:00,72,59,0.8194444444444444,0.18055555555555555,0.01056712962962963,0.07453703703703704,0.16366898148148148,3
pooled,recorded,high_out_strength,krish_in,60219,109219,129604,0,1970-01-20T06:43:12+00:00,28,21,0.75,0.25,0.008842592592592593,0.12552083333333333,0.16030092592592593,3
pooled,recorded,high_out_strength,pyrobors,60219,109219,129604,0,1970-01-20T06:43:12+00:00,78,38,0.48717948717948717,0.5128205128205128,0.04652777777777778,0.09899305555555556,0.1635300925925926,3
pooled,recorded,high_out_strength,siddharthroy25,60219,109219,129604,0,1970-01-20T06:43:12+00:00,33,33,1.0,0.0,0.004618055555555556,0.03364583333333333,0.1621412037037037,3
pooled,recorded,high_out_strength,sovividyadharan,60219,109219,129604,0,1970-01-20T06:43:12+00:00,23,17,0.7391304347826086,0.2608695652173913,0.025891203703703704,0.11015046296296296,0.16315972222222222,2
pooled,recorded,high_out_strength,sukhwinder_03,60219,109219,129604,0,1970-01-20T06:43:12+00:00,72,68,0.9444444444444444,0.05555555555555555,0.011238425925925926,0.06722222222222222,0.1635300925925926,3
pooled,recorded,high_out_strength,tinybutfierce1,60219,109219,129604,0,1970-01-20T06:43:12+00:00,39,39,1.0,0.0,0.13054398148148147,0.13054398148148147,0.13054398148148147,1
pooled,recorded,high_out_strength,abdulra99443551,60219,109219,129604,0,1970-01-20T06:43:12+00:00,20,20,1.0,0.0,0.004074074074074074,0.047268518518518515,0.14555555555555555,3
pooled,recorded,high_out_strength,abhinavsr,60219,109219,129604,0,1970-01-20T06:43:12+00:00,25,17,0.68,0.32,0.0033564814814814816,0.04287037037037037,0.16366898148148148,2
pooled,recorded,high_out_strength,activefromusa,60219,109219,129604,0,1970-01-20T06:43:12+00:00,29,28,0.9655172413793104,0.034482758620689655,0.028275462962962964,0.09115740740740741,0.13849537037037038,3
pooled,recorded,high_out_strength,adityagharge8,60219,109219,129604,0,1970-01-20T06:43:12+00:00,167,37,0.2215568862275449,0.7784431137724551,0.0303125,0.07777777777777778,0.1627199074074074,2
pooled,recorded,high_out_strength,ghosh1s,60219,109219,129604,0,1970-01-20T06:43:12+00:00,246,136,0.5528455284552846,0.44715447154471544,0.011041666666666667,0.09074074074074073,0.16539351851851852,3
pooled,recorded,high_out_strength,gouravpargal,60219,109219,129604,0,1970-01-20T06:43:12+00:00,19,19,1.0,0.0,0.023819444444444445,0.025219907407407406,0.11961805555555556,2
pooled,recorded,high_out_strength,indian_nagrik,60219,109219,129604,0,1970-01-20T06:43:12+00:00,47,36,0.7659574468085106,0.23404255319148937,0.00400462962962963,0.12634837962962964,0.1645949074074074,3
pooled,recorded,high_out_strength,kambakht_bhakt,60219,109219,129604,0,1970-01-20T06:43:12+00:00,31,30,0.967741935483871,0.03225806451612903,0.03163194444444444,0.031643518518518515,0.031643518518518515,1
pooled,recorded,high_out_strength,mrbenzworld,60219,109219,129604,0,1970-01-20T06:43:12+00:00,112,56,0.5,0.5,0.13032407407407406,0.13032407407407406,0.16539351851851852,3
pooled,recorded,high_out_strength,riyazn123,60219,109219,129604,0,1970-01-20T06:43:12+00:00,80,49,0.6125,0.3875,0.0440625,0.13828703703703704,0.15667824074074074,2
pooled,recorded,high_out_strength,shyjithk,60219,109219,129604,0,1970-01-20T06:43:12+00:00,50,47,0.94,0.06,0.05704861111111111,0.05704861111111111,0.13849537037037038,3
pooled,recorded,high_out_strength,virathu7,60219,109219,129604,0,1970-01-20T06:43:12+00:00,116,67,0.5775862068965517,0.4224137931034483,0.06329861111111111,0.06329861111111111,0.16539351851851852,4
pooled,recorded,high_out_strength,bengapinto,60219,109219,129604,0,1970-01-20T06:43:12+00:00,38,30,0.7894736842105263,0.21052631578947367,0.0024305555555555556,0.09581018518518518,0.15697916666666667,2
pooled,recorded,high_out_strength,ekta0001,60219,109219,129604,0,1970-01-20T06:43:12+00:00,52,43,0.8269230769230769,0.17307692307692307,0.013865740740740741,0.08802083333333334,0.11267361111111111,2
pooled,recorded,high_out_strength,grovervj,60219,109219,129604,0,1970-01-20T06:43:12+00:00,125,117,0.936,0.064,0.013125,0.09125,0.16539351851851852,3
pooled,recorded,high_out_strength,keencrack,60219,109219,129604,0,1970-01-20T06:43:12+00:00,27,21,0.7777777777777778,0.2222222222222222,0.023136574074074073,0.08341435185185185,0.1654050925925926,2
pooled,recorded,high_out_strength,kelekachilka,60219,109219,129604,0,1970-01-20T06:43:12+00:00,49,37,0.7551020408163265,0.24489795918367346,0.14171296296296296,0.14171296296296296,0.14171296296296296,1
pooled,recorded,high_out_strength,keval_magiya,60219,109219,129604,0,1970-01-20T06:43:12+00:00,13,13,1.0,0.0,0.02420138888888889,0.02420138888888889,0.09916666666666667,2
pooled,recorded,high_out_strength,lopes_naz,60219,109219,129604,0,1970-01-20T06:43:12+00:00,937,36,0.0384204909284952,0.9615795090715048,0.15649305555555557,0.1596064814814815,0.1650925925925926,2
pooled,recorded,high_out_strength,manatrue,60219,109219,129604,0,1970-01-20T06:43:12+00:00,38,37,0.9736842105263158,0.02631578947368421,0.011423611111111112,0.011423611111111112,0.011423611111111112,1
pooled,recorded,high_out_strength,maqbool_sm,60219,109219,129604,0,1970-01-20T06:43:12+00:00,25,25,1.0,0.0,0.005763888888888889,0.06233796296296296,0.13849537037037038,3
pooled,recorded,high_out_strength,mayursejpal,60219,109219,129604,0,1970-01-20T06:43:12+00:00,16,16,1.0,0.0,0.006435185185185185,0.008900462962962962,0.13849537037037038,3
pooled,recorded,high_out_strength,namoagain2_0,60219,109219,129604,0,1970-01-20T06:43:12+00:00,35,32,0.9142857142857143,0.08571428571428572,0.012268518518518519,0.06780092592592593,0.15542824074074074,3
pooled,recorded,high_out_strength,pranaydubey22,60219,109219,129604,0,1970-01-20T06:43:12+00:00,49,48,0.9795918367346939,0.02040816326530612,0.040671296296296296,0.040671296296296296,0.13849537037037038,3
pooled,recorded,high_out_strength,reddy__b,60219,109219,129604,0,1970-01-20T06:43:12+00:00,47,29,0.6170212765957447,0.3829787234042553,0.04521990740740741,0.06362268518518518,0.11409722222222222,2
pooled,recorded,high_out_strength,shivuniq,60219,109219,129604,0,1970-01-20T06:43:12+00:00,30,25,0.8333333333333334,0.16666666666666666,0.00949074074074074,0.06475694444444445,0.14783564814814815,2
pooled,recorded,high_out_strength,swachhravi,60219,109219,129604,0,1970-01-20T06:43:12+00:00,37,37,1.0,0.0,0.010960648148148148,0.026817129629629628,0.13849537037037038,3
pooled,recorded,high_out_strength,te5s3ract,60219,109219,129604,0,1970-01-20T06:43:12+00:00,156,89,0.5705128205128205,0.42948717948717946,0.007048611111111111,0.12067129629629629,0.16539351851851852,3
pooled,recorded,high_out_strength,vijapandey,60219,109219,129604,0,1970-01-20T06:43:12+00:00,25,25,1.0,0.0,0.01306712962962963,0.039780092592592596,0.1607175925925926,3
pooled,recorded,high_out_strength,chetreeraju,60219,109219,129604,0,1970-01-20T06:43:12+00:00,23,17,0.7391304347826086,0.2608695652173913,0.09253472222222223,0.10006944444444445,0.16068287037037038,1
pooled,recorded,high_out_strength,cnnnews18,60219,109219,129604,0,1970-01-20T06:43:12+00:00,28,26,0.9285714285714286,0.07142857142857142,0.0020833333333333333,0.12680555555555556,0.16539351851851852,2
pooled,recorded,high_out_strength,conspiratorfeku,60219,109219,129604,0,1970-01-20T06:43:12+00:00,79,65,0.8227848101265823,0.17721518987341772,0.0006828703703703704,0.0006828703703703704,0.15938657407407408,4
pooled,recorded,high_out_strength,firensour1011,60219,109219,129604,0,1970-01-20T06:43:12+00:00,146,95,0.6506849315068494,0.3493150684931507,0.02079861111111111,0.1062037037037037,0.16539351851851852,3
pooled,recorded,high_out_strength,gmjecks,60219,109219,129604,0,1970-01-20T06:43:12+00:00,26,20,0.7692307692307693,0.23076923076923078,0.0010185185185185184,0.08113425925925927,0.15795138888888888,2
pooled,recorded,high_out_strength,kishan591,60219,109219,129604,0,1970-01-20T06:43:12+00:00,22,18,0.8181818181818182,0.18181818181818182,0.01318287037037037,0.05333333333333334,0.16543981481481482,2
pooled,recorded,high_out_strength,lawgate_in,60219,109219,129604,0,1970-01-20T06:43:12+00:00,30,27,0.9,0.1,0.01005787037037037,0.09973379629629629,0.13849537037037038,3
pooled,recorded,high_out_strength,nishantavasthi1,60219,109219,129604,0,1970-01-20T06:43:12+00:00,41,24,0.5853658536585366,0.4146341463414634,0.001388888888888889,0.09163194444444445,0.16458333333333333,3
pooled,recorded,high_out_strength,satapur,60219,109219,129604,0,1970-01-20T06:43:12+00:00,185,39,0.21081081081081082,0.7891891891891892,0.026412037037037036,0.16283564814814816,0.16560185185185186,2
pooled,recorded,high_out_strength,tamilnaadulive,60219,109219,129604,0,1970-01-20T06:43:12+00:00,3,2,0.6666666666666666,0.3333333333333333,0.014594907407407407,0.07124421296296296,0.12789351851851852,1
pooled,recorded,high_out_strength,theprintindia,60219,109219,129604,0,1970-01-20T06:43:12+00:00,39,27,0.6923076923076923,0.3076923076923077,0.0014351851851851852,0.08842592592592592,0.15938657407407408,3
pooled,recorded,high_out_strength,80sarmybrat,60219,109219,129604,0,1970-01-20T06:43:12+00:00,83,46,0.5542168674698795,0.4457831325301205,0.001099537037037037,0.1322685185185185,0.1635300925925926,3
pooled,recorded,high_out_strength,ahrispidon,60219,109219,129604,0,1970-01-20T06:43:12+00:00,43,32,0.7441860465116279,0.2558139534883721,0.008680555555555556,0.1000925925925926,0.14635416666666667,2
pooled,recorded,high_out_strength,anirban_aitc,60219,109219,129604,0,1970-01-20T06:43:12+00:00,25,25,1.0,0.0,0.02991898148148148,0.030625,0.16344907407407408,2
pooled,recorded,high_out_strength,buravllei,60219,109219,129604,0,1970-01-20T06:43:12+00:00,27,22,0.8148148148148148,0.18518518518518517,0.0031944444444444446,0.05917824074074074,0.1582523148148148,1
pooled,recorded,high_out_strength,dr_rupani,60219,109219,129604,0,1970-01-20T06:43:12+00:00,70,36,0.5142857142857142,0.4857142857142857,0.027488425925925927,0.08292824074074075,0.15938657407407408,2
pooled,recorded,high_out_strength,drnitinchaube,60219,109219,129604,0,1970-01-20T06:43:12+00:00,707,72,0.10183875530410184,0.8981612446958982,0.02528935185185185,0.12352430555555555,0.16539351851851852,3
pooled,recorded,high_out_strength,nishantandrews,60219,109219,129604,0,1970-01-20T06:43:12+00:00,121,64,0.5289256198347108,0.47107438016528924,0.0065625,0.12364583333333334,0.1635300925925926,3
pooled,recorded,high_out_strength,proudhindups,60219,109219,129604,0,1970-01-20T06:43:12+00:00,22,22,1.0,0.0,0.009560185185185185,0.0775,0.1346412037037037,1
pooled,recorded,high_out_strength,raayar,60219,109219,129604,0,1970-01-20T06:43:12+00:00,32,31,0.96875,0.03125,0.0028819444444444444,0.0028819444444444444,0.1021875,3
pooled,recorded,high_out_strength,sanjitneer,60219,109219,129604,0,1970-01-20T06:43:12+00:00,28,25,0.8928571428571429,0.10714285714285714,0.013368055555555555,0.06331018518518519,0.15313657407407408,3
pooled,recorded,high_out_strength,subcontinent111,60219,109219,129604,0,1970-01-20T06:43:12+00:00,37,31,0.8378378378378378,0.16216216216216217,0.022662037037037036,0.13321759259259258,0.16324074074074074,1
pooled,recorded,high_out_strength,umakantpandey_,60219,109219,129604,0,1970-01-20T06:43:12+00:00,69,58,0.8405797101449275,0.15942028985507245,0.04318287037037037,0.04318287037037037,0.16440972222222222,3
pooled,recorded,high_out_strength,aavinashchaliha,60219,109219,129604,0,1970-01-20T06:43:12+00:00,38,34,0.8947368421052632,0.10526315789473684,0.001863425925925926,0.09281828703703704,0.15922453703703704,2
pooled,recorded,high_out_strength,cmankad,60219,109219,129604,0,1970-01-20T06:43:12+00:00,58,39,0.6724137931034483,0.3275862068965517,0.03818287037037037,0.07965277777777778,0.16364583333333332,3
pooled,recorded,high_out_strength,cnpawar,60219,109219,129604,0,1970-01-20T06:43:12+00:00,33,26,0.7878787878787878,0.21212121212121213,0.027280092592592592,0.0968923611111111,0.15922453703703704,3
pooled,recorded,high_out_strength,indiclogic,60219,109219,129604,0,1970-01-20T06:43:12+00:00,113,79,0.6991150442477876,0.3008849557522124,0.025717592592592594,0.12067129629629629,0.16539351851851852,3
pooled,recorded,high_out_strength,missartola,60219,109219,129604,0,1970-01-20T06:43:12+00:00,19,15,0.7894736842105263,0.21052631578947367,0.0027430555555555554,0.023587962962962963,0.15100694444444446,2
pooled,recorded,high_out_strength,noendingsight,60219,109219,129604,0,1970-01-20T06:43:12+00:00,114,103,0.9035087719298246,0.09649122807017543,0.007349537037037037,0.06365740740740741,0.16366898148148148,4
pooled,recorded,high_out_strength,pradeepr1981,60219,109219,129604,0,1970-01-20T06:43:12+00:00,25,25,1.0,0.0,0.047592592592592596,0.051493055555555556,0.08521990740740741,1
pooled,recorded,high_out_strength,roshansdrprop,60219,109219,129604,0,1970-01-20T06:43:12+00:00,57,57,1.0,0.0,0.036689814814814814,0.05859953703703704,0.1517361111111111,4
pooled,recorded,high_out_strength,selvarajkannan9,60219,109219,129604,0,1970-01-20T06:43:12+00:00,86,43,0.5,0.5,0.017256944444444443,0.11707175925925926,0.16508101851851853,3
pooled,recorded,high_out_strength,suresh15021941,60219,109219,129604,0,1970-01-20T06:43:12+00:00,18,18,1.0,0.0,0.009016203703703703,0.05105324074074074,0.13766203703703703,2
pooled,recorded,high_out_strength,zan27739009,60219,109219,129604,0,1970-01-20T06:43:12+00:00,30,26,0.8666666666666667,0.13333333333333333,0.016342592592592593,0.0559375,0.1605902777777778,3
pooled,recorded,high_out_strength,614chirag,60219,109219,129604,0,1970-01-20T06:43:12+00:00,107,89,0.8317757009345794,0.16822429906542055,0.017280092592592593,0.04697916666666667,0.16539351851851852,5
pooled,recorded,high_out_strength,bharativamsi,60219,109219,129604,0,1970-01-20T06:43:12+00:00,78,31,0.3974358974358974,0.6025641025641025,0.03449074074074074,0.07649305555555555,0.13849537037037038,3
pooled,recorded,high_out_strength,civilkhan1,60219,109219,129604,0,1970-01-20T06:43:12+00:00,25,25,1.0,0.0,0.013009259259259259,0.12006944444444445,0.15005787037037038,2
pooled,recorded,high_out_strength,draamudhan,60219,109219,129604,0,1970-01-20T06:43:12+00:00,188,73,0.3882978723404255,0.6117021276595744,0.05108796296296296,0.09153935185185186,0.16508101851851853,3
pooled,recorded,high_out_strength,gulshanrainbt,60219,109219,129604,0,1970-01-20T06:43:12+00:00,7,7,1.0,0.0,0.012673611111111111,0.015243055555555555,0.16434027777777777,1
pooled,recorded,high_out_strength,indian_better,60219,109219,129604,0,1970-01-20T06:43:12+00:00,49,32,0.6530612244897959,0.3469387755102041,0.04476851851851852,0.14089120370370373,0.1571759259259259,1
pooled,recorded,high_out_strength,jain0bhavesh,60219,109219,129604,0,1970-01-20T06:43:12+00:00,115,54,0.46956521739130436,0.5304347826086957,0.006412037037037037,0.09822916666666667,0.1635300925925926,2
pooled,recorded,high_out_strength,lavanyaballal,60219,109219,129604,0,1970-01-20T06:43:12+00:00,721,335,0.4646324549237171,0.5353675450762829,0.026643518518518518,0.10017361111111112,0.16539351851851852,6
pooled,recorded,high_out_strength,morpheusmaxx,60219,109219,129604,0,1970-01-20T06:43:12+00:00,42,24,0.5714285714285714,0.42857142857142855,0.06668981481481481,0.1439699074074074,0.1551736111111111,1
pooled,recorded,high_out_strength,nityastriker,60219,109219,129604,0,1970-01-20T06:43:12+00:00,143,32,0.22377622377622378,0.7762237762237763,0.04255787037037037,0.1295601851851852,0.15453703703703703,1
pooled,recorded,high_out_strength,politics_islam,60219,109219,129604,0,1970-01-20T06:43:12+00:00,17,17,1.0,0.0,0.025833333333333333,0.041574074074074076,0.05042824074074074,1
pooled,recorded,high_out_strength,randallmaloney5,60219,109219,129604,0,1970-01-20T06:43:12+00:00,140,29,0.20714285714285716,0.7928571428571428,0.055150462962962964,0.12640046296296295,0.15476851851851853,2
pooled,recorded,high_out_strength,retamaldas,60219,109219,129604,0,1970-01-20T06:43:12+00:00,21,21,1.0,0.0,0.009675925925925926,0.009675925925925926,0.1266898148148148,1
pooled,recorded,high_out_strength,suumandey,60219,109219,129604,0,1970-01-20T06:43:12+00:00,25,21,0.84,0.16,0.012233796296296296,0.016527777777777777,0.12922453703703704,2
pooled,recorded,high_out_strength,vandanamegastar,60219,109219,129604,0,1970-01-20T06:43:12+00:00,138,65,0.47101449275362317,0.5289855072463768,0.01685185185185185,0.09125,0.16539351851851852,4
pooled,recorded,high_out_strength,anjaligurav16,60219,109219,129604,0,1970-01-20T06:43:12+00:00,18,18,1.0,0.0,0.018865740740740742,0.02153935185185185,0.11572916666666666,1
pooled,recorded,high_out_strength,ashwin_vara,60219,109219,129604,0,1970-01-20T06:43:12+00:00,110,50,0.45454545454545453,0.5454545454545454,0.011921296296296296,0.10239583333333334,0.15938657407407408,3
pooled,recorded,high_out_strength,avanees44189486,60219,109219,129604,0,1970-01-20T06:43:12+00:00,33,27,0.8181818181818182,0.18181818181818182,0.09423611111111112,0.09423611111111112,0.16355324074074074,2
pooled,recorded,high_out_strength,hoorsheikh_fiza,60219,109219,129604,0,1970-01-20T06:43:12+00:00,33,28,0.8484848484848485,0.15151515151515152,0.0005902777777777778,0.026180555555555554,0.1645601851851852,3
pooled,recorded,high_out_strength,indian_brawls,60219,109219,129604,0,1970-01-20T06:43:12+00:00,119,94,0.7899159663865546,0.21008403361344538,0.0030092592592592593,0.07153356481481482,0.16539351851851852,4
pooled,recorded,high_out_strength,jeevanbhatia,60219,109219,129604,0,1970-01-20T06:43:12+00:00,33,29,0.8787878787878788,0.12121212121212122,0.0014814814814814814,0.06756944444444445,0.16508101851851853,3
pooled,recorded,high_out_strength,krishind07,60219,109219,129604,0,1970-01-20T06:43:12+00:00,64,42,0.65625,0.34375,0.02238425925925926,0.0980324074074074,0.15667824074074074,2
pooled,recorded,high_out_strength,kumarreddych,60219,109219,129604,0,1970-01-20T06:43:12+00:00,21,19,0.9047619047619048,0.09523809523809523,0.00032407407407407406,0.09700231481481482,0.16508101851851853,2
pooled,recorded,high_out_strength,mehtacee,60219,109219,129604,0,1970-01-20T06:43:12+00:00,30,25,0.8333333333333334,0.16666666666666666,0.024444444444444446,0.08505787037037037,0.15497685185185187,1
pooled,recorded,high_out_strength,mirajeshpatil,60219,109219,129604,0,1970-01-20T06:43:12+00:00,29,22,0.7586206896551724,0.2413793103448276,0.014525462962962962,0.11003472222222221,0.143125,1
pooled,recorded,high_out_strength,rajveer34567,60219,109219,129604,0,1970-01-20T06:43:12+00:00,20,19,0.95,0.05,0.004421296296296296,0.08204861111111111,0.15114583333333334,3
pooled,recorded,high_out_strength,sriramprasann15,60219,109219,129604,0,1970-01-20T06:43:12+00:00,55,37,0.6727272727272727,0.32727272727272727,0.005474537037037037,0.1142013888888889,0.1547337962962963,2
pooled,recorded,high_out_strength,sudeep__sinha,60219,109219,129604,0,1970-01-20T06:43:12+00:00,11,11,1.0,0.0,0.0052199074074074075,0.022060185185185186,0.05921296296296296,1
pooled,recorded,high_out_strength,surienderkhalsa,60219,109219,129604,0,1970-01-20T06:43:12+00:00,21,20,0.9523809523809523,0.047619047619047616,0.0190625,0.05337384259259259,0.1307523148148148,2
pooled,recorded,high_out_strength,suryamariappa,60219,109219,129604,0,1970-01-20T06:43:12+00:00,40,39,0.975,0.025,0.061828703703703705,0.061828703703703705,0.13849537037037038,3
pooled,recorded,high_out_strength,tarun_bhuyan,60219,109219,129604,0,1970-01-20T06:43:12+00:00,44,34,0.7727272727272727,0.22727272727272727,0.03201388888888889,0.08430555555555555,0.1463888888888889,3
pooled,recorded,high_out_strength,vinaydokania,60219,109219,129604,0,1970-01-20T06:43:12+00:00,11,11,1.0,0.0,0.022928240740740742,0.08554398148148148,0.1629861111111111,1
pooled,recorded,high_out_strength,abhayrawal,60219,109219,129604,0,1970-01-20T06:43:12+00:00,70,65,0.9285714285714286,0.07142857142857142,0.006759259259259259,0.09564814814814815,0.15746527777777777,4
pooled,recorded,high_out_strength,abhishekkatiyar,60219,109219,129604,0,1970-01-20T06:43:12+00:00,34,28,0.8235294117647058,0.17647058823529413,0.008148148148148147,0.06942129629629629,0.16366898148148148,3
pooled,recorded,high_out_strength,amberkischub,60219,109219,129604,0,1970-01-20T06:43:12+00:00,72,33,0.4583333333333333,0.5416666666666666,0.018055555555555554,0.1057638888888889,0.1635300925925926,3
pooled,recorded,high_out_strength,chandansri1986,60219,109219,129604,0,1970-01-20T06:43:12+00:00,76,38,0.5,0.5,0.014282407407407407,0.0915625,0.1635300925925926,3
pooled,recorded,high_out_strength,dipantos,60219,109219,129604,0,1970-01-20T06:43:12+00:00,8,8,1.0,0.0,0.00920138888888889,0.07430555555555556,0.07430555555555556,1
pooled,recorded,high_out_strength,girishcshastry,60219,109219,129604,0,1970-01-20T06:43:12+00:00,29,28,0.9655172413793104,0.034482758620689655,0.005509259259259259,0.04023726851851852,0.1490162037037037,3
pooled,recorded,high_out_strength,golu_rana1980,60219,109219,129604,0,1970-01-20T06:43:12+00:00,170,22,0.12941176470588237,0.8705882352941177,0.10215277777777777,0.12325810185185185,0.16366898148148148,2
pooled,recorded,high_out_strength,harishkumar_ind,60219,109219,129604,0,1970-01-20T06:43:12+00:00,71,55,0.7746478873239436,0.22535211267605634,0.017291666666666667,0.12067129629629629,0.15667824074074074,3
pooled,recorded,high_out_strength,kshama1703,60219,109219,129604,0,1970-01-20T06:43:12+00:00,27,27,1.0,0.0,0.012175925925925925,0.02179398148148148,0.13849537037037038,3
pooled,recorded,high_out_strength,mallikarjunacb,60219,109219,129604,0,1970-01-20T06:43:12+00:00,21,21,1.0,0.0,0.06152777777777778,0.06152777777777778,0.13849537037037038,3
pooled,recorded,high_out_strength,mohan41591648,60219,109219,129604,0,1970-01-20T06:43:12+00:00,90,57,0.6333333333333333,0.36666666666666664,0.07049768518518519,0.12428240740740741,0.15893518518518518,3
pooled,recorded,high_out_strength,prabhatchoubey5,60219,109219,129604,0,1970-01-20T06:43:12+00:00,70,36,0.5142857142857142,0.4857142857142857,0.05171296296296296,0.1291087962962963,0.16418981481481482,2
pooled,recorded,high_out_strength,robyrych,60219,109219,129604,0,1970-01-20T06:43:12+00:00,11,11,1.0,0.0,0.03831018518518518,0.03832175925925926,0.038344907407407404,1
pooled,recorded,high_out_strength,suhas_sawant85,60219,109219,129604,0,1970-01-20T06:43:12+00:00,27,23,0.8518518518518519,0.14814814814814814,0.016724537037037038,0.11936342592592593,0.15383101851851852,1
pooled,recorded,high_out_strength,tabrez125,60219,109219,129604,0,1970-01-20T06:43:12+00:00,19,15,0.7894736842105263,0.21052631578947367,0.01068287037037037,0.06988425925925926,0.10436342592592593,2
pooled,recorded,high_out_strength,zualisailo,60219,109219,129604,0,1970-01-20T06:43:12+00:00,26,21,0.8076923076923077,0.19230769230769232,0.03836805555555556,0.12644675925925927,0.1492013888888889,1
pooled,recorded,high_out_strength,___invisible_1,60219,109219,129604,0,1970-01-20T06:43:12+00:00,18,16,0.8888888888888888,0.1111111111111111,0.033680555555555554,0.05077546296296296,0.12763888888888889,2
pooled,recorded,high_out_strength,a_vinash__,60219,109219,129604,0,1970-01-20T06:43:12+00:00,32,25,0.78125,0.21875,0.00318287037037037,0.110625,0.1628587962962963,3
pooled,recorded,high_out_strength,amanpradyuman,60219,109219,129604,0,1970-01-20T06:43:12+00:00,18,18,1.0,0.0,0.018692129629629628,0.0774074074074074,0.14145833333333332,3
pooled,recorded,high_out_strength,ashish_singh386,60219,109219,129604,0,1970-01-20T06:43:12+00:00,12,12,1.0,0.0,0.034386574074074076,0.03996527777777778,0.09725694444444444,1
pooled,recorded,high_out_strength,avyukttt,60219,109219,129604,0,1970-01-20T06:43:12+00:00,26,26,1.0,0.0,0.013148148148148148,0.053668981481481484,0.13849537037037038,3
pooled,recorded,high_out_strength,captakj,60219,109219,129604,0,1970-01-20T06:43:12+00:00,74,25,0.33783783783783783,0.6621621621621622,0.01636574074074074,0.08663194444444444,0.1635300925925926,2
pooled,recorded,high_out_strength,johncheeran,60219,109219,129604,0,1970-01-20T06:43:12+00:00,16,16,1.0,0.0,0.008159722222222223,0.09784722222222222,0.13849537037037038,3
pooled,recorded,high_out_strength,kirtithorat5,60219,109219,129604,0,1970-01-20T06:43:12+00:00,125,44,0.352,0.648,0.0005324074074074074,0.07849537037037037,0.14041666666666666,3
pooled,recorded,high_out_strength,lakshmiprashan7,60219,109219,129604,0,1970-01-20T06:43:12+00:00,73,37,0.5068493150684932,0.4931506849315068,0.009571759259259259,0.12818287037037038,0.1635300925925926,3
pooled,recorded,high_out_strength,nishanth_mm,60219,109219,129604,0,1970-01-20T06:43:12+00:00,23,23,1.0,0.0,0.026284722222222223,0.03519675925925926,0.13849537037037038,3
pooled,recorded,high_out_strength,sandeshgupta_,60219,109219,129604,0,1970-01-20T06:43:12+00:00,31,28,0.9032258064516129,0.0967741935483871,0.08274305555555556,0.10862268518518518,0.11333333333333333,2
pooled,recorded,high_out_strength,sharmagandharvv,60219,109219,129604,0,1970-01-20T06:43:12+00:00,27,27,1.0,0.0,0.017280092592592593,0.020694444444444446,0.13025462962962964,2
pooled,recorded,high_out_strength,skjk34114427,60219,109219,129604,0,1970-01-20T06:43:12+00:00,25,24,0.96,0.04,0.0039004629629629628,0.061273148148148146,0.1635648148148148,3
pooled,recorded,high_out_strength,tamilan2indian,60219,109219,129604,0,1970-01-20T06:43:12+00:00,8,8,1.0,0.0,0.0022916666666666667,0.017899305555555554,0.07918981481481481,2
pooled,recorded,high_out_strength,_amused_indian,60219,109219,129604,0,1970-01-20T06:43:12+00:00,56,42,0.75,0.25,0.01050925925925926,0.11560185185185186,0.16539351851851852,3
pooled,recorded,high_out_strength,amij24,60219,109219,129604,0,1970-01-20T06:43:12+00:00,75,65,0.8666666666666667,0.13333333333333333,0.0027314814814814814,0.06027777777777778,0.1635300925925926,3
pooled,recorded,high_out_strength,ansom68,60219,109219,129604,0,1970-01-20T06:43:12+00:00,77,47,0.6103896103896104,0.38961038961038963,0.04366898148148148,0.07114583333333334,0.16539351851851852,3
pooled,recorded,high_out_strength,imshreeshail,60219,109219,129604,0,1970-01-20T06:43:12+00:00,158,27,0.17088607594936708,0.8291139240506329,0.002013888888888889,0.011423611111111112,0.16258101851851853,3
pooled,recorded,high_out_strength,inishant4,60219,109219,129604,0,1970-01-20T06:43:12+00:00,13,13,1.0,0.0,0.01244212962962963,0.08226851851851852,0.16440972222222222,1
pooled,recorded,high_out_strength,ishtiaq787,60219,109219,129604,0,1970-01-20T06:43:12+00:00,71,29,0.4084507042253521,0.5915492957746479,0.00537037037037037,0.08332175925925926,0.1635300925925926,3
pooled,recorded,high_out_strength,mahesh79989822,60219,109219,129604,0,1970-01-20T06:43:12+00:00,124,24,0.1935483870967742,0.8064516129032258,0.12649305555555557,0.14207175925925927,0.1652662037037037,2
pooled,recorded,high_out_strength,nalini51purohit,60219,109219,129604,0,1970-01-20T06:43:12+00:00,34,33,0.9705882352941176,0.029411764705882353,0.0635300925925926,0.0635300925925926,0.13849537037037038,2
pooled,recorded,high_out_strength,prism_anand,60219,109219,129604,0,1970-01-20T06:43:12+00:00,40,25,0.625,0.375,0.014189814814814815,0.11288194444444444,0.14554398148148148,3
pooled,recorded,high_out_strength,rajeetsinha,60219,109219,129604,0,1970-01-20T06:43:12+00:00,18,18,1.0,0.0,0.013935185185185186,0.013935185185185186,0.13321759259259258,3
pooled,recorded,high_out_strength,ravigunaje,60219,109219,129604,0,1970-01-20T06:43:12+00:00,79,42,0.5316455696202531,0.46835443037974683,0.0019444444444444444,0.09153935185185186,0.1635300925925926,3
pooled,recorded,high_out_strength,suren_para,60219,109219,129604,0,1970-01-20T06:43:12+00:00,13,11,0.8461538461538461,0.15384615384615385,0.09559027777777777,0.09559027777777777,0.09637731481481482,1
pooled,recorded,high_out_strength,upwala_bhaiya,60219,109219,129604,0,1970-01-20T06:43:12+00:00,28,27,0.9642857142857143,0.03571428571428571,0.05282407407407407,0.05282407407407407,0.13269675925925925,2
pooled,recorded,high_out_strength,aggarwal_kunal7,60219,109219,129604,0,1970-01-20T06:43:12+00:00,84,65,0.7738095238095238,0.2261904761904762,0.009733796296296296,0.06027777777777778,0.16508101851851853,3
pooled,recorded,high_out_strength,anandstdas,60219,109219,129604,0,1970-01-20T06:43:12+00:00,24,18,0.75,0.25,0.0021643518518518518,0.10113425925925926,0.16315972222222222,2
pooled,recorded,high_out_strength,arunapatel000,60219,109219,129604,0,1970-01-20T06:43:12+00:00,136,93,0.6838235294117647,0.3161764705882353,0.015462962962962963,0.09153935185185186,0.16539351851851852,3
pooled,recorded,high_out_strength,bjp4mathuram,60219,109219,129604,0,1970-01-20T06:43:12+00:00,9,9,1.0,0.0,0.039016203703703706,0.039016203703703706,0.1445949074074074,1
pooled,recorded,high_out_strength,chandrakbose,60219,109219,129604,0,1970-01-20T06:43:12+00:00,24,19,0.7916666666666666,0.20833333333333334,0.00798611111111111,0.00798611111111111,0.08997685185185185,1
pooled,recorded,high_out_strength,curiosinsight,60219,109219,129604,0,1970-01-20T06:43:12+00:00,239,32,0.13389121338912133,0.8661087866108786,0.021689814814814815,0.14891203703703704,0.16461805555555556,2
pooled,recorded,high_out_strength,dr_rajpurohit,60219,109219,129604,0,1970-01-20T06:43:12+00:00,38,31,0.8157894736842105,0.18421052631578946,0.04244212962962963,0.09275462962962963,0.16556712962962963,3
pooled,recorded,high_out_strength,drrinadas,60219,109219,129604,0,1970-01-20T06:43:12+00:00,27,27,1.0,0.0,0.02515046296296296,0.038622685185185184,0.13849537037037038,3
pooled,recorded,high_out_strength,ejitheesh,60219,109219,129604,0,1970-01-20T06:43:12+00:00,18,18,1.0,0.0,0.036828703703703704,0.1002025462962963,0.15871527777777777,2
pooled,recorded,high_out_strength,khmaniranjansin,60219,109219,129604,0,1970-01-20T06:43:12+00:00,69,39,0.5652173913043478,0.43478260869565216,0.03716435185185185,0.12067129629629629,0.16366898148148148,3
pooled,recorded,high_out_strength,nanibnb,60219,109219,129604,0,1970-01-20T06:43:12+00:00,2,2,1.0,0.0,0.004143518518518519,0.004143518518518519,0.004143518518518519,1
pooled,recorded,high_out_strength,neerajs13318461,60219,109219,129604,0,1970-01-20T06:43:12+00:00,67,55,0.8208955223880597,0.1791044776119403,0.010300925925925925,0.07361111111111111,0.15667824074074074,3
pooled,recorded,high_out_strength,plingem,60219,109219,129604,0,1970-01-20T06:43:12+00:00,65,40,0.6153846153846154,0.38461538461538464,0.004039351851851852,0.12333333333333332,0.15667824074074074,2
pooled,recorded,high_out_strength,rahulvatsa,60219,109219,129604,0,1970-01-20T06:43:12+00:00,25,20,0.8,0.2,0.011006944444444444,0.07186342592592593,0.16143518518518518,1
pooled,recorded,high_out_strength,rajivsabharwal5,60219,109219,129604,0,1970-01-20T06:43:12+00:00,53,26,0.49056603773584906,0.5094339622641509,0.015601851851851851,0.12707175925925926,0.15667824074074074,2
pooled,recorded,high_out_strength,sajalaitc,60219,109219,129604,0,1970-01-20T06:43:12+00:00,26,25,0.9615384615384616,0.038461538461538464,0.004560185185185185,0.008263888888888888,0.16530092592592593,3
pooled,recorded,high_out_strength,sampathsharda,60219,109219,129604,0,1970-01-20T06:43:12+00:00,24,23,0.9583333333333334,0.041666666666666664,0.0012152777777777778,0.058576388888888886,0.14335648148148147,3
pooled,recorded,high_out_strength,sdeora601,60219,109219,129604,0,1970-01-20T06:43:12+00:00,14,14,1.0,0.0,0.0001273148148148148,0.006736111111111111,0.14649305555555556,1
pooled,recorded,high_out_strength,shailocee,60219,109219,129604,0,1970-01-20T06:43:12+00:00,54,33,0.6111111111111112,0.3888888888888889,0.01587962962962963,0.12067129629629629,0.15667824074074074,2
pooled,recorded,high_out_strength,shivauggera,60219,109219,129604,0,1970-01-20T06:43:12+00:00,26,26,1.0,0.0,0.021863425925925925,0.05503472222222222,0.13849537037037038,3
pooled,recorded,high_out_strength,smalltownerr,60219,109219,129604,0,1970-01-20T06:43:12+00:00,47,29,0.6170212765957447,0.3829787234042553,0.02335648148148148,0.1068287037037037,0.14059027777777777,3
pooled,recorded,high_out_strength,srikuttanmural2,60219,109219,129604,0,1970-01-20T06:43:12+00:00,17,17,1.0,0.0,0.026712962962962963,0.039467592592592596,0.12552083333333333,2
pooled,recorded,high_out_strength,tk24dutta_india,60219,109219,129604,0,1970-01-20T06:43:12+00:00,22,22,1.0,0.0,0.020775462962962964,0.06925925925925926,0.13849537037037038,3
pooled,recorded,high_out_strength,udayrajsinghbo1,60219,109219,129604,0,1970-01-20T06:43:12+00:00,66,36,0.5454545454545454,0.45454545454545453,0.021493055555555557,0.12364583333333334,0.15667824074074074,2
pooled,recorded,high_out_strength,ankitmeswani,60219,109219,129604,0,1970-01-20T06:43:12+00:00,16,15,0.9375,0.0625,0.0005208333333333333,0.1108912037037037,0.14827546296296296,3
pooled,recorded,high_out_strength,dksharma358,60219,109219,129604,0,1970-01-20T06:43:12+00:00,40,29,0.725,0.275,0.008518518518518519,0.10232638888888888,0.1514236111111111,3
pooled,recorded,high_out_strength,doctor_csr,60219,109219,129604,0,1970-01-20T06:43:12+00:00,16,16,1.0,0.0,0.013460648148148149,0.07914351851851852,0.13296296296296295,2
pooled,recorded,high_out_strength,futureequals,60219,109219,129604,0,1970-01-20T06:43:12+00:00,21,17,0.8095238095238095,0.19047619047619047,0.03991898148148148,0.10016203703703704,0.10016203703703704,2
pooled,recorded,high_out_strength,hharshvardhan,60219,109219,129604,0,1970-01-20T06:43:12+00:00,13,12,0.9230769230769231,0.07692307692307693,0.041527777777777775,0.06686342592592592,0.10949074074074074,1
pooled,recorded,high_out_strength,kamini777,60219,109219,129604,0,1970-01-20T06:43:12+00:00,91,27,0.2967032967032967,0.7032967032967034,0.1585763888888889,0.1585763888888889,0.1585763888888889,1
pooled,recorded,high_out_strength,mr_dutta1984,60219,109219,129604,0,1970-01-20T06:43:12+00:00,61,56,0.9180327868852459,0.08196721311475409,0.0043287037037037035,0.08699652777777778,0.15667824074074074,4
pooled,recorded,high_out_strength,nationnowo,60219,109219,129604,0,1970-01-20T06:43:12+00:00,8,8,1.0,0.0,0.14042824074074073,0.14042824074074073,0.14247685185185185,1
pooled,recorded,high_out_strength,prabalghorai,60219,109219,129604,0,1970-01-20T06:43:12+00:00,30,29,0.9666666666666667,0.03333333333333333,0.004293981481481481,0.07918981481481481,0.14831018518518518,2
pooled,recorded,high_out_strength,praveeenag,60219,109219,129604,0,1970-01-20T06:43:12+00:00,17,13,0.7647058823529411,0.23529411764705882,0.008993055555555556,0.04099537037037037,0.13825231481481481,2
pooled,recorded,high_out_strength,rsmoni007,60219,109219,129604,0,1970-01-20T06:43:12+00:00,32,30,0.9375,0.0625,0.06520833333333333,0.073125,0.14554398148148148,3
pooled,recorded,high_out_strength,sanjaykumar_99,60219,109219,129604,0,1970-01-20T06:43:12+00:00,22,22,1.0,0.0,0.07376157407407408,0.07376157407407408,0.13666666666666666,2
pooled,recorded,high_out_strength,shivans72506219,60219,109219,129604,0,1970-01-20T06:43:12+00:00,8,8,1.0,0.0,0.04431712962962963,0.04431712962962963,0.04431712962962963,1
pooled,recorded,high_out_strength,stardeenu,60219,109219,129604,0,1970-01-20T06:43:12+00:00,11,11,1.0,0.0,0.013206018518518518,0.013206018518518518,0.07506944444444444,1
pooled,recorded,high_out_strength,subshris,60219,109219,129604,0,1970-01-20T06:43:12+00:00,711,122,0.17158931082981715,0.8284106891701828,0.08120370370370371,0.10017361111111112,0.1635300925925926,3
pooled,recorded,high_out_strength,vadebloom,60219,109219,129604,0,1970-01-20T06:43:12+00:00,103,77,0.7475728155339806,0.2524271844660194,0.007523148148148148,0.057256944444444444,0.1635300925925926,4
pooled,recorded,high_out_strength,watsonbrettlee,60219,109219,129604,0,1970-01-20T06:43:12+00:00,36,24,0.6666666666666666,0.3333333333333333,0.1304861111111111,0.1380324074074074,0.14958333333333335,1
pooled,recorded,high_out_strength,yeshwantmpuran1,60219,109219,129604,0,1970-01-20T06:43:12+00:00,239,44,0.18410041841004185,0.8158995815899581,0.054675925925925926,0.09960069444444444,0.16461805555555556,5
pooled,recorded,high_out_strength,aasharr,60219,109219,129604,0,1970-01-20T06:43:12+00:00,24,24,1.0,0.0,0.025266203703703704,0.03840277777777778,0.10061342592592593,2
pooled,recorded,high_out_strength,abmohanty858,60219,109219,129604,0,1970-01-20T06:43:12+00:00,15,15,1.0,0.0,0.001712962962962963,0.024814814814814814,0.13766203703703703,2
pooled,recorded,high_out_strength,anup071254,60219,109219,129604,0,1970-01-20T06:43:12+00:00,45,38,0.8444444444444444,0.15555555555555556,0.010891203703703703,0.118125,0.1607060185185185,2
pooled,recorded,high_out_strength,caarpit83,60219,109219,129604,0,1970-01-20T06:43:12+00:00,32,28,0.875,0.125,0.003298611111111111,0.09646990740740741,0.15665509259259258,3
pooled,recorded,high_out_strength,chandramohanup6,60219,109219,129604,0,1970-01-20T06:43:12+00:00,9,9,1.0,0.0,0.02306712962962963,0.048969907407407406,0.1355787037037037,1
pooled,recorded,high_out_strength,charmer_nku,60219,109219,129604,0,1970-01-20T06:43:12+00:00,24,19,0.7916666666666666,0.20833333333333334,0.02802083333333333,0.13697916666666668,0.15890046296296295,1
pooled,recorded,high_out_strength,fifthforce5,60219,109219,129604,0,1970-01-20T06:43:12+00:00,26,24,0.9230769230769231,0.07692307692307693,0.015162037037037036,0.04212962962962963,0.13849537037037038,3
pooled,recorded,high_out_strength,gauri_sidhanthi,60219,109219,129604,0,1970-01-20T06:43:12+00:00,13,13,1.0,0.0,0.005844907407407407,0.031469907407407405,0.13979166666666668,2
pooled,recorded,high_out_strength,hrithiksaini1,60219,109219,129604,0,1970-01-20T06:43:12+00:00,20,16,0.8,0.2,0.003969907407407407,0.07970486111111111,0.16386574074074073,2
pooled,recorded,high_out_strength,iamsiddrajput,60219,109219,129604,0,1970-01-20T06:43:12+00:00,30,20,0.6666666666666666,0.3333333333333333,0.10289351851851852,0.11363425925925925,0.15508101851851852,1
pooled,recorded,high_out_strength,imastermindian,60219,109219,129604,0,1970-01-20T06:43:12+00:00,18,17,0.9444444444444444,0.05555555555555555,0.001261574074074074,0.07953703703703703,0.13849537037037038,3
pooled,recorded,high_out_strength,jamalmydeen19,60219,109219,129604,0,1970-01-20T06:43:12+00:00,34,26,0.7647058823529411,0.23529411764705882,0.13224537037037037,0.13224537037037037,0.13224537037037037,1
pooled,recorded,high_out_strength,kauschiku,60219,109219,129604,0,1970-01-20T06:43:12+00:00,106,21,0.19811320754716982,0.8018867924528302,0.09649305555555555,0.10141203703703704,0.14025462962962962,1
pooled,recorded,high_out_strength,r04han,60219,109219,129604,0,1970-01-20T06:43:12+00:00,33,31,0.9393939393939394,0.06060606060606061,0.03239583333333333,0.11045138888888889,0.1563425925925926,3
pooled,recorded,high_out_strength,rashmi21044,60219,109219,129604,0,1970-01-20T06:43:12+00:00,177,46,0.2598870056497175,0.7401129943502824,0.011307870370370371,0.013043981481481483,0.1437152777777778,3
pooled,recorded,high_out_strength,shauviks_space,60219,109219,129604,0,1970-01-20T06:43:12+00:00,76,50,0.6578947368421053,0.34210526315789475,0.009108796296296297,0.08041666666666666,0.16364583333333332,3
pooled,recorded,high_out_strength,shivaaniktalwar,60219,109219,129604,0,1970-01-20T06:43:12+00:00,24,23,0.9583333333333334,0.041666666666666664,0.02474537037037037,0.07016203703703704,0.15638888888888888,3
pooled,recorded,high_out_strength,spick_media,60219,109219,129604,0,1970-01-20T06:43:12+00:00,27,21,0.7777777777777778,0.2222222222222222,0.026180555555555554,0.06133101851851852,0.14554398148148148,2
pooled,recorded,high_out_strength,viki_im,60219,109219,129604,0,1970-01-20T06:43:12+00:00,17,15,0.8823529411764706,0.11764705882352941,0.0036342592592592594,0.07918981481481481,0.14929398148148149,2
pooled,recorded,high_out_strength,a1mit,60219,109219,129604,0,1970-01-20T06:43:12+00:00,22,20,0.9090909090909091,0.09090909090909091,0.10483796296296297,0.10483796296296297,0.145625,1
pooled,recorded,high_out_strength,aagan86,60219,109219,129604,0,1970-01-20T06:43:12+00:00,23,21,0.9130434782608695,0.08695652173913043,0.01,0.12226851851851851,0.13777777777777778,1
pooled,recorded,high_out_strength,aazaadsatyam,60219,109219,129604,0,1970-01-20T06:43:12+00:00,57,30,0.5263157894736842,0.47368421052631576,0.008854166666666666,0.13684027777777777,0.16539351851851852,2
pooled,recorded,high_out_strength,ajay36mittal,60219,109219,129604,0,1970-01-20T06:43:12+00:00,13,11,0.8461538461538461,0.15384615384615385,0.026678240740740742,0.03827546296296296,0.16234953703703703,1
pooled,recorded,high_out_strength,anu_iyengar_,60219,109219,129604,0,1970-01-20T06:43:12+00:00,177,50,0.2824858757062147,0.7175141242937854,0.032546296296296295,0.1283449074074074,0.16486111111111112,3
pooled,recorded,high_out_strength,anxioushours7,60219,109219,129604,0,1970-01-20T06:43:12+00:00,25,22,0.88,0.12,0.0022453703703703702,0.06298032407407407,0.1605902777777778,2
pooled,recorded,high_out_strength,chander75177644,60219,109219,129604,0,1970-01-20T06:43:12+00:00,40,35,0.875,0.125,0.013622685185185186,0.06125,0.15818287037037038,3
pooled,recorded,high_out_strength,daspeakz,60219,109219,129604,0,1970-01-20T06:43:12+00:00,43,40,0.9302325581395349,0.06976744186046512,0.023344907407407408,0.10780092592592593,0.16539351851851852,2
pooled,recorded,high_out_strength,deepakbudki,60219,109219,129604,0,1970-01-20T06:43:12+00:00,34,22,0.6470588235294118,0.35294117647058826,0.014525462962962962,0.11623842592592593,0.16337962962962962,2
pooled,recorded,high_out_strength,godifyouexistaa,60219,109219,129604,0,1970-01-20T06:43:12+00:00,31,30,0.967741935483871,0.03225806451612903,0.03642361111111111,0.03642361111111111,0.16364583333333332,3
pooled,recorded,high_out_strength,iambcdas,60219,109219,129604,0,1970-01-20T06:43:12+00:00,59,22,0.3728813559322034,0.6271186440677966,0.03563657407407408,0.13451967592592592,0.15667824074074074,2
pooled,recorded,high_out_strength,jvidyasagar,60219,109219,129604,0,1970-01-20T06:43:12+00:00,10,9,0.9,0.1,0.026157407407407407,0.0758449074074074,0.11186342592592592,1
pooled,recorded,high_out_strength,kashivar,60219,109219,129604,0,1970-01-20T06:43:12+00:00,16,15,0.9375,0.0625,0.004131944444444444,0.06844907407407408,0.1381712962962963,2
pooled,recorded,high_out_strength,kdinku,60219,109219,129604,0,1970-01-20T06:43:12+00:00,261,51,0.19540229885057472,0.8045977011494253,0.018275462962962962,0.14890046296296297,0.16539351851851852,3
pooled,recorded,high_out_strength,nalinmehta,60219,109219,129604,0,1970-01-20T06:43:12+00:00,29,26,0.896551724137931,0.10344827586206896,0.018425925925925925,0.048211805555555556,0.13539351851851852,3
pooled,recorded,high_out_strength,padiyar_u,60219,109219,129604,0,1970-01-20T06:43:12+00:00,130,51,0.3923076923076923,0.6076923076923076,0.018125,0.12914351851851852,0.16539351851851852,3
pooled,recorded,high_out_strength,pravinparas,60219,109219,129604,0,1970-01-20T06:43:12+00:00,9,9,1.0,0.0,0.029236111111111112,0.0719212962962963,0.15059027777777778,1
pooled,recorded,high_out_strength,proudjosephite,60219,109219,129604,0,1970-01-20T06:43:12+00:00,14,14,1.0,0.0,0.042395833333333334,0.042395833333333334,0.1631365740740741,1
pooled,recorded,high_out_strength,rangiyasanjiv,60219,109219,129604,0,1970-01-20T06:43:12+00:00,19,19,1.0,0.0,0.004363425925925926,0.037627314814814815,0.14050925925925925,1
pooled,recorded,high_out_strength,ravi_shimoga,60219,109219,129604,0,1970-01-20T06:43:12+00:00,151,17,0.11258278145695365,0.8874172185430463,0.055775462962962964,0.09331018518518519,0.1437152777777778,2
pooled,recorded,high_out_strength,ravikikan,60219,109219,129604,0,1970-01-20T06:43:12+00:00,28,23,0.8214285714285714,0.17857142857142858,0.06798611111111111,0.1114699074074074,0.1114699074074074,1
pooled,recorded,high_out_strength,riddle_me_thiss,60219,109219,129604,0,1970-01-20T06:43:12+00:00,40,26,0.65,0.35,0.00625,0.11101273148148148,0.16366898148148148,2
pooled,recorded,high_out_strength,roypp22,60219,109219,129604,0,1970-01-20T06:43:12+00:00,48,42,0.875,0.125,0.028576388888888887,0.09052083333333333,0.16539351851851852,3
pooled,recorded,high_out_strength,sankapadma,60219,109219,129604,0,1970-01-20T06:43:12+00:00,23,21,0.9130434782608695,0.08695652173913043,0.014351851851851852,0.08332175925925926,0.16446759259259258,3
pooled,recorded,high_out_strength,sudhirpa3,60219,109219,129604,0,1970-01-20T06:43:12+00:00,74,32,0.43243243243243246,0.5675675675675675,0.04662037037037037,0.11405092592592592,0.1635300925925926,3
pooled,recorded,high_out_strength,twitvishy,60219,109219,129604,0,1970-01-20T06:43:12+00:00,46,43,0.9347826086956522,0.06521739130434782,0.01545138888888889,0.11555555555555555,0.16539351851851852,3
pooled,recorded,high_out_strength,vidhya_mpys,60219,109219,129604,0,1970-01-20T06:43:12+00:00,25,21,0.84,0.16,0.009293981481481481,0.05140046296296296,0.16189814814814815,2
pooled,recorded,high_out_strength,aham_vritti,60219,109219,129604,0,1970-01-20T06:43:12+00:00,34,30,0.8823529411764706,0.11764705882352941,0.02144675925925926,0.057881944444444444,0.13849537037037038,3
pooled,recorded,high_out_strength,arsalaqureishi,60219,109219,129604,0,1970-01-20T06:43:12+00:00,19,15,0.7894736842105263,0.21052631578947367,0.0016898148148148148,0.10518518518518519,0.15863425925925925,2
pooled,recorded,high_out_strength,atthidevarajan,60219,109219,129604,0,1970-01-20T06:43:12+00:00,59,14,0.23728813559322035,0.7627118644067796,0.0028703703703703703,0.09243634259259259,0.1594675925925926,1
pooled,recorded,high_out_strength,bjpkrishnasagar,60219,109219,129604,0,1970-01-20T06:43:12+00:00,62,20,0.3225806451612903,0.6774193548387096,0.13844907407407409,0.13844907407407409,0.15667824074074074,2
pooled,recorded,high_out_strength,cleopatra2878,60219,109219,129604,0,1970-01-20T06:43:12+00:00,116,53,0.45689655172413796,0.5431034482758621,0.012141203703703704,0.11671296296296296,0.16508101851851853,3
pooled,recorded,high_out_strength,india_on_move,60219,109219,129604,0,1970-01-20T06:43:12+00:00,172,82,0.47674418604651164,0.5232558139534884,0.0014583333333333334,0.10579282407407407,0.16472222222222221,5
pooled,recorded,high_out_strength,indian_marathi,60219,109219,129604,0,1970-01-20T06:43:12+00:00,32,29,0.90625,0.09375,0.004722222222222222,0.04255787037037037,0.13923611111111112,2
pooled,recorded,high_out_strength,jdumde,60219,109219,129604,0,1970-01-20T06:43:12+00:00,19,13,0.6842105263157895,0.3157894736842105,0.15875,0.16025462962962964,0.1613888888888889,1
pooled,recorded,high_out_strength,lavanyanivasini,60219,109219,129604,0,1970-01-20T06:43:12+00:00,24,24,1.0,0.0,0.11472222222222223,0.11472222222222223,0.15325231481481483,1
pooled,recorded,high_out_strength,lionsroar6,60219,109219,129604,0,1970-01-20T06:43:12+00:00,76,40,0.5263157894736842,0.47368421052631576,0.0275,0.14721643518518518,0.16539351851851852,2
pooled,recorded,high_out_strength,madhavpriyaa,60219,109219,129604,0,1970-01-20T06:43:12+00:00,15,15,1.0,0.0,0.03359953703703704,0.07291666666666667,0.16025462962962964,2
pooled,recorded,high_out_strength,mindaside,60219,109219,129604,0,1970-01-20T06:43:12+00:00,12,12,1.0,0.0,0.13672453703703705,0.13672453703703705,0.13672453703703705,1
pooled,recorded,high_out_strength,nagharaaj,60219,109219,129604,0,1970-01-20T06:43:12+00:00,14,11,0.7857142857142857,0.21428571428571427,0.10424768518518518,0.10424768518518518,0.12738425925925925,1
pooled,recorded,high_out_strength,onkarbhutada,60219,109219,129604,0,1970-01-20T06:43:12+00:00,18,17,0.9444444444444444,0.05555555555555555,0.014178240740740741,0.12158564814814815,0.1643287037037037,1
pooled,recorded,high_out_strength,raja_africa,60219,109219,129604,0,1970-01-20T06:43:12+00:00,14,14,1.0,0.0,0.008923611111111111,0.13525462962962964,0.13528935185185184,1
pooled,recorded,high_out_strength,riderindian08,60219,109219,129604,0,1970-01-20T06:43:12+00:00,144,78,0.5416666666666666,0.4583333333333333,0.0024074074074074076,0.08305555555555555,0.16420138888888888,5
pooled,recorded,high_out_strength,ritam_alhuwalia,60219,109219,129604,0,1970-01-20T06:43:12+00:00,41,36,0.8780487804878049,0.12195121951219512,0.07149305555555556,0.09719907407407408,0.13777777777777778,2
pooled,recorded,high_out_strength,rohithomas,60219,109219,129604,0,1970-01-20T06:43:12+00:00,6,6,1.0,0.0,0.0128125,0.03798611111111111,0.11409722222222222,2
pooled,recorded,high_out_strength,satpathianupam,60219,109219,129604,0,1970-01-20T06:43:12+00:00,29,28,0.9655172413793104,0.034482758620689655,0.020474537037037038,0.09972800925925926,0.16508101851851853,2
pooled,recorded,high_out_strength,surasen3,60219,109219,129604,0,1970-01-20T06:43:12+00:00,58,26,0.4482758620689655,0.5517241379310345,0.037349537037037035,0.12545138888888888,0.16539351851851852,3
pooled,recorded,high_out_strength,thetribunechd,60219,109219,129604,0,1970-01-20T06:43:12+00:00,15,11,0.7333333333333333,0.26666666666666666,0.0005208333333333333,0.07934027777777777,0.12172453703703703,2
pooled,recorded,high_out_strength,thevaibhavag,60219,109219,129604,0,1970-01-20T06:43:12+00:00,72,33,0.4583333333333333,0.5416666666666666,0.07491898148148148,0.08332175925925926,0.16364583333333332,3
pooled,recorded,high_out_strength,varun_yad22,60219,109219,129604,0,1970-01-20T06:43:12+00:00,102,44,0.43137254901960786,0.5686274509803921,0.003460648148148148,0.09716435185185185,0.15667824074074074,3
pooled,recorded,high_out_strength,warrier_anjana,60219,109219,129604,0,1970-01-20T06:43:12+00:00,235,38,0.16170212765957448,0.8382978723404255,0.005914351851851852,0.1035474537037037,0.16508101851851853,3
pooled,recorded,high_out_strength,xs2partner,60219,109219,129604,0,1970-01-20T06:43:12+00:00,27,27,1.0,0.0,0.029502314814814815,0.05255787037037037,0.12545138888888888,3
pooled,recorded,high_out_strength,_aashutosh_,60219,109219,129604,0,1970-01-20T06:43:12+00:00,17,16,0.9411764705882353,0.058823529411764705,0.020358796296296295,0.03478009259259259,0.1228587962962963,1
pooled,recorded,high_out_strength,abhijeetborgao3,60219,109219,129604,0,1970-01-20T06:43:12+00:00,28,18,0.6428571428571429,0.35714285714285715,0.1540277777777778,0.1540277777777778,0.16337962962962962,1
pooled,recorded,high_out_strength,aman2800x,60219,109219,129604,0,1970-01-20T06:43:12+00:00,72,47,0.6527777777777778,0.3472222222222222,0.0024652777777777776,0.06365740740740741,0.1635300925925926,3
pooled,recorded,high_out_strength,arunabhalahiri,60219,109219,129604,0,1970-01-20T06:43:12+00:00,295,52,0.17627118644067796,0.823728813559322,0.01673611111111111,0.045405092592592594,0.16324074074074074,4
pooled,recorded,high_reverse_PageRank,makebharatmahan,60219,109219,129604,0,1970-01-20T06:43:12+00:00,749,381,0.5086782376502003,0.49132176234979974,0.005069444444444444,0.04883101851851852,0.16539351851851852,4
pooled,recorded,high_reverse_PageRank,chowkidarchokra,60219,109219,129604,0,1970-01-20T06:43:12+00:00,689,337,0.48911465892597966,0.5108853410740203,0.020775462962962964,0.06136574074074074,0.1654050925925926,4
pooled,recorded,high_reverse_PageRank,bhupendra26,60219,109219,129604,0,1970-01-20T06:43:12+00:00,689,429,0.6226415094339622,0.37735849056603776,0.006793981481481482,0.05734953703703704,0.1654050925925926,5
pooled,recorded,high_reverse_PageRank,55659754bhaskar,60219,109219,129604,0,1970-01-20T06:43:12+00:00,83,80,0.963855421686747,0.03614457831325301,0.008159722222222223,0.008159722222222223,0.1608449074074074,3
pooled,recorded,high_reverse_PageRank,murali76133156,60219,109219,129604,0,1970-01-20T06:43:12+00:00,689,255,0.37010159651669083,0.6298984034833092,0.06925925925925926,0.08450231481481481,0.16508101851851853,4
pooled,recorded,high_reverse_PageRank,ictcimpact,60219,109219,129604,0,1970-01-20T06:43:12+00:00,172,89,0.5174418604651163,0.48255813953488375,0.0053125,0.0996875,0.1633449074074074,3
pooled,recorded,high_reverse_PageRank,trendsetting123,60219,109219,129604,0,1970-01-20T06:43:12+00:00,707,429,0.6067892503536068,0.3932107496463932,0.008194444444444445,0.07150462962962963,0.16539351851851852,4
pooled,recorded,high_reverse_PageRank,puneetvizh,60219,109219,129604,0,1970-01-20T06:43:12+00:00,707,419,0.5926449787835927,0.4073550212164074,0.012326388888888888,0.07150462962962963,0.16539351851851852,5
pooled,recorded,high_reverse_PageRank,spkathirvel1,60219,109219,129604,0,1970-01-20T06:43:12+00:00,389,190,0.4884318766066838,0.5115681233933161,0.00045138888888888887,0.011261574074074075,0.16377314814814814,3
pooled,recorded,high_reverse_PageRank,navin4nation,60219,109219,129604,0,1970-01-20T06:43:12+00:00,83,72,0.8674698795180723,0.13253012048192772,0.014074074074074074,0.014074074074074074,0.09261574074074073,2
pooled,recorded,high_reverse_PageRank,hisamuddink51,60219,109219,129604,0,1970-01-20T06:43:12+00:00,83,74,0.891566265060241,0.10843373493975904,0.011747685185185186,0.011747685185185186,0.09261574074074073,2
pooled,recorded,high_reverse_PageRank,terence_fdes,60219,109219,129604,0,1970-01-20T06:43:12+00:00,707,375,0.5304101838755304,0.4695898161244696,0.009837962962962963,0.07869212962962963,0.16539351851851852,5
pooled,recorded,high_reverse_PageRank,profsrk,60219,109219,129604,0,1970-01-20T06:43:12+00:00,268,206,0.7686567164179104,0.23134328358208955,0.0013194444444444445,0.06440972222222222,0.1654050925925926,3
pooled,recorded,high_reverse_PageRank,mani24sjcpl,60219,109219,129604,0,1970-01-20T06:43:12+00:00,937,358,0.3820704375667022,0.6179295624332978,0.004780092592592593,0.07263888888888889,0.16539351851851852,3
pooled,recorded,high_reverse_PageRank,satishrathod100,60219,109219,129604,0,1970-01-20T06:43:12+00:00,354,207,0.5847457627118644,0.4152542372881356,0.009085648148148148,0.04043981481481482,0.1654050925925926,4
pooled,recorded,high_reverse_PageRank,libertarian196,60219,109219,129604,0,1970-01-20T06:43:12+00:00,831,494,0.5944645006016848,0.4055354993983153,0.024270833333333332,0.07168981481481482,0.16539351851851852,5
pooled,recorded,high_reverse_PageRank,incdilse,60219,109219,129604,0,1970-01-20T06:43:12+00:00,1051,365,0.3472882968601332,0.6527117031398668,0.002349537037037037,0.09973379629629629,0.16539351851851852,4
pooled,recorded,high_reverse_PageRank,ranajig,60219,109219,129604,0,1970-01-20T06:43:12+00:00,777,468,0.6023166023166023,0.39768339768339767,0.030520833333333334,0.09247106481481482,0.1654050925925926,5
pooled,recorded,high_reverse_PageRank,spksalem2,60219,109219,129604,0,1970-01-20T06:43:12+00:00,94,94,1.0,0.0,0.07436342592592593,0.11819444444444445,0.1642361111111111,1
pooled,recorded,high_reverse_PageRank,emperorofhind,60219,109219,129604,0,1970-01-20T06:43:12+00:00,56,56,1.0,0.0,0.04793981481481482,0.04793981481481482,0.14596064814814816,1
pooled,recorded,high_reverse_PageRank,vishnu_suresh_2,60219,109219,129604,0,1970-01-20T06:43:12+00:00,71,64,0.9014084507042254,0.09859154929577464,0.11924768518518518,0.11924768518518518,0.14596064814814816,2
pooled,recorded,high_reverse_PageRank,pmaliens,60219,109219,129604,0,1970-01-20T06:43:12+00:00,749,228,0.30440587449933243,0.6955941255006676,0.017141203703703704,0.08125578703703704,0.1635300925925926,4
pooled,recorded,high_reverse_PageRank,2_drac,60219,109219,129604,0,1970-01-20T06:43:12+00:00,50,50,1.0,0.0,0.07074074074074074,0.07074074074074074,0.07074074074074074,1
pooled,recorded,high_reverse_PageRank,johnrphlab,60219,109219,129604,0,1970-01-20T06:43:12+00:00,50,50,1.0,0.0,0.13510416666666666,0.13510416666666666,0.13510416666666666,1
pooled,recorded,high_reverse_PageRank,swwagatam,60219,109219,129604,0,1970-01-20T06:43:12+00:00,749,192,0.25634178905206945,0.7436582109479306,0.05586805555555555,0.10189814814814815,0.1635300925925926,4
pooled,recorded,high_reverse_PageRank,orgmunch69,60219,109219,129604,0,1970-01-20T06:43:12+00:00,751,76,0.10119840213049268,0.8988015978695073,0.11894675925925927,0.11894675925925927,0.16246527777777778,2
pooled,recorded,high_reverse_PageRank,ukitco,60219,109219,129604,0,1970-01-20T06:43:12+00:00,6,6,1.0,0.0,0.15502314814814816,0.15502314814814816,0.15502314814814816,1
pooled,recorded,high_reverse_PageRank,ranjitsamantar2,60219,109219,129604,0,1970-01-20T06:43:12+00:00,712,28,0.03932584269662921,0.9606741573033708,0.05113425925925926,0.05113425925925926,0.14444444444444443,2
pooled,recorded,high_reverse_PageRank,feardis11,60219,109219,129604,0,1970-01-20T06:43:12+00:00,46,46,1.0,0.0,0.010717592592592593,0.010717592592592593,0.010717592592592593,1
pooled,recorded,high_reverse_PageRank,sanathanyodhaa,60219,109219,129604,0,1970-01-20T06:43:12+00:00,759,72,0.09486166007905138,0.9051383399209486,0.07590277777777778,0.11901620370370371,0.15373842592592593,3
pooled,recorded,high_reverse_PageRank,barbarajdurkin,60219,109219,129604,0,1970-01-20T06:43:12+00:00,45,45,1.0,0.0,0.13859953703703703,0.13859953703703703,0.13859953703703703,1
pooled,recorded,high_reverse_PageRank,meragurgaon,60219,109219,129604,0,1970-01-20T06:43:12+00:00,65,65,1.0,0.0,0.02820601851851852,0.032650462962962964,0.12775462962962963,3
pooled,recorded,high_reverse_PageRank,mandy_sanghera1,60219,109219,129604,0,1970-01-20T06:43:12+00:00,46,46,1.0,0.0,0.16284722222222223,0.16284722222222223,0.16284722222222223,1
pooled,recorded,high_reverse_PageRank,leeamott1,60219,109219,129604,0,1970-01-20T06:43:12+00:00,12,12,1.0,0.0,0.15175925925925926,0.15175925925925926,0.15175925925925926,1
pooled,recorded,high_reverse_PageRank,theprizeforce,60219,109219,129604,0,1970-01-20T06:43:12+00:00,12,12,1.0,0.0,0.15143518518518517,0.15143518518518517,0.15143518518518517,1
pooled,recorded,high_reverse_PageRank,guruprasadgovi1,60219,109219,129604,0,1970-01-20T06:43:12+00:00,749,208,0.27770360480640854,0.7222963951935915,0.03894675925925926,0.08732638888888888,0.1635300925925926,4
pooled,recorded,high_reverse_PageRank,dipdil,60219,109219,129604,0,1970-01-20T06:43:12+00:00,832,495,0.5949519230769231,0.4050480769230769,0.013657407407407408,0.07150462962962963,0.16539351851851852,6
pooled,recorded,high_reverse_PageRank,javiqbal09,60219,109219,129604,0,1970-01-20T06:43:12+00:00,48,48,1.0,0.0,0.039328703703703706,0.039328703703703706,0.09678240740740741,2
pooled,recorded,high_reverse_PageRank,randallmaloney5,60219,109219,129604,0,1970-01-20T06:43:12+00:00,140,29,0.20714285714285716,0.7928571428571428,0.055150462962962964,0.12640046296296295,0.15476851851851853,2
pooled,recorded,high_reverse_PageRank,f3arl3ssindian,60219,109219,129604,0,1970-01-20T06:43:12+00:00,700,19,0.027142857142857142,0.9728571428571429,0.051724537037037034,0.08869212962962963,0.16409722222222223,3
pooled,recorded,high_reverse_PageRank,prabu95222,60219,109219,129604,0,1970-01-20T06:43:12+00:00,744,23,0.030913978494623656,0.9690860215053764,0.018703703703703705,0.07258101851851852,0.1616550925925926,2
pooled,recorded,high_reverse_PageRank,_amused_indian,60219,109219,129604,0,1970-01-20T06:43:12+00:00,56,42,0.75,0.25,0.01050925925925926,0.11560185185185186,0.16539351851851852,3
pooled,recorded,high_reverse_PageRank,enraged_indian,60219,109219,129604,0,1970-01-20T06:43:12+00:00,891,106,0.11896745230078563,0.8810325476992144,0.0032060185185185186,0.12600694444444444,0.1652662037037037,3
pooled,recorded,high_reverse_PageRank,har1aum,60219,109219,129604,0,1970-01-20T06:43:12+00:00,230,104,0.45217391304347826,0.5478260869565217,0.0591087962962963,0.06549768518518519,0.16539351851851852,4
pooled,recorded,high_reverse_PageRank,iamdipsi,60219,109219,129604,0,1970-01-20T06:43:12+00:00,49,48,0.9795918367346939,0.02040816326530612,0.03512731481481481,0.03512731481481481,0.13849537037037038,3
pooled,recorded,high_reverse_PageRank,julushah,60219,109219,129604,0,1970-01-20T06:43:12+00:00,382,189,0.49476439790575916,0.5052356020942408,0.021145833333333332,0.034027777777777775,0.1654050925925926,4
pooled,recorded,high_reverse_PageRank,tinybutfierce1,60219,109219,129604,0,1970-01-20T06:43:12+00:00,39,39,1.0,0.0,0.13054398148148147,0.13054398148148147,0.13054398148148147,1
pooled,recorded,high_reverse_PageRank,vaidhiy4v,60219,109219,129604,0,1970-01-20T06:43:12+00:00,744,7,0.009408602150537635,0.9905913978494624,0.04653935185185185,0.04653935185185185,0.07258101851851852,2
pooled,recorded,high_reverse_PageRank,perspicacite,60219,109219,129604,0,1970-01-20T06:43:12+00:00,77,60,0.7792207792207793,0.22077922077922077,0.16212962962962962,0.1622222222222222,0.16365740740740742,1
pooled,recorded,high_reverse_PageRank,nalinmehta,60219,109219,129604,0,1970-01-20T06:43:12+00:00,29,26,0.896551724137931,0.10344827586206896,0.018425925925925925,0.048211805555555556,0.13539351851851852,3
pooled,recorded,high_reverse_PageRank,manatrue,60219,109219,129604,0,1970-01-20T06:43:12+00:00,38,37,0.9736842105263158,0.02631578947368421,0.011423611111111112,0.011423611111111112,0.011423611111111112,1
pooled,recorded,high_reverse_PageRank,chandramouliea1,60219,109219,129604,0,1970-01-20T06:43:12+00:00,904,19,0.02101769911504425,0.9789823008849557,0.05557870370370371,0.15413194444444445,0.16355324074074074,3
pooled,recorded,high_reverse_PageRank,vazeindian,60219,109219,129604,0,1970-01-20T06:43:12+00:00,707,353,0.49929278642149927,0.5007072135785007,0.046064814814814815,0.10017361111111112,0.16539351851851852,6
pooled,recorded,high_reverse_PageRank,sociopoliticalw,60219,109219,129604,0,1970-01-20T06:43:12+00:00,707,465,0.6577086280056577,0.3422913719943423,0.006273148148148148,0.06922453703703704,0.16539351851851852,6
pooled,recorded,high_reverse_PageRank,secular_hoon,60219,109219,129604,0,1970-01-20T06:43:12+00:00,707,50,0.07072135785007072,0.9292786421499293,0.1621875,0.1621875,0.1621875,1
pooled,recorded,high_reverse_PageRank,jagadgurupeeth,60219,109219,129604,0,1970-01-20T06:43:12+00:00,63,53,0.8412698412698413,0.15873015873015872,0.018020833333333333,0.0784837962962963,0.1654050925925926,2
pooled,recorded,high_reverse_PageRank,agencytamil,60219,109219,129604,0,1970-01-20T06:43:12+00:00,7,7,1.0,0.0,0.0035416666666666665,0.12422453703703704,0.1631712962962963,1
pooled,recorded,high_reverse_PageRank,rds750044,60219,109219,129604,0,1970-01-20T06:43:12+00:00,88,77,0.875,0.125,0.11733796296296296,0.15938657407407408,0.15938657407407408,2
pooled,recorded,high_reverse_PageRank,ammu_maanu,60219,109219,129604,0,1970-01-20T06:43:12+00:00,258,40,0.15503875968992248,0.8449612403100775,0.008506944444444444,0.13179398148148147,0.1647685185185185,3
pooled,recorded,high_reverse_PageRank,kalyanaramansi1,60219,109219,129604,0,1970-01-20T06:43:12+00:00,56,34,0.6071428571428571,0.39285714285714285,0.0843287037037037,0.13092013888888887,0.16539351851851852,4
pooled,recorded,high_reverse_PageRank,thegrimbarian,60219,109219,129604,0,1970-01-20T06:43:12+00:00,56,56,1.0,0.0,0.0478125,0.0478125,0.14596064814814816,2
pooled,recorded,high_reverse_PageRank,westlandbooks,60219,109219,129604,0,1970-01-20T06:43:12+00:00,29,26,0.896551724137931,0.10344827586206896,0.0012847222222222223,0.048211805555555556,0.13539351851851852,4
pooled,recorded,high_reverse_PageRank,possible_a1,60219,109219,129604,0,1970-01-20T06:43:12+00:00,41,41,1.0,0.0,0.05978009259259259,0.05978009259259259,0.05978009259259259,1
pooled,recorded,high_reverse_PageRank,vpanchamukhi,60219,109219,129604,0,1970-01-20T06:43:12+00:00,61,58,0.9508196721311475,0.04918032786885246,0.006875,0.006875,0.13931712962962964,2
pooled,recorded,high_reverse_PageRank,revanasiddeshr,60219,109219,129604,0,1970-01-20T06:43:12+00:00,270,89,0.3296296296296296,0.6703703703703704,0.16145833333333334,0.16145833333333334,0.16440972222222222,3
pooled,recorded,high_reverse_PageRank,mkatju,60219,109219,129604,0,1970-01-20T06:43:12+00:00,71,70,0.9859154929577465,0.014084507042253521,0.008773148148148148,0.008784722222222222,0.16508101851851853,2
pooled,recorded,high_reverse_PageRank,psmanwatkar,60219,109219,129604,0,1970-01-20T06:43:12+00:00,707,168,0.2376237623762376,0.7623762376237624,0.04739583333333333,0.11577546296296297,0.16539351851851852,4
pooled,recorded,high_reverse_PageRank,vibhu_prabhu,60219,109219,129604,0,1970-01-20T06:43:12+00:00,53,48,0.9056603773584906,0.09433962264150944,0.05319444444444445,0.05319444444444445,0.0682175925925926,2
pooled,recorded,high_reverse_PageRank,a_man8888,60219,109219,129604,0,1970-01-20T06:43:12+00:00,904,4,0.004424778761061947,0.995575221238938,0.1624537037037037,0.1624537037037037,0.1624537037037037,1
pooled,recorded,high_reverse_PageRank,amitakjain,60219,109219,129604,0,1970-01-20T06:43:12+00:00,156,74,0.47435897435897434,0.5256410256410257,0.10185185185185185,0.10185185185185185,0.15211805555555555,2
pooled,recorded,high_reverse_PageRank,verpratech,60219,109219,129604,0,1970-01-20T06:43:12+00:00,753,284,0.37715803452855245,0.6228419654714475,0.017638888888888888,0.07611111111111112,0.16539351851851852,5
pooled,recorded,high_reverse_PageRank,adityagharge8,60219,109219,129604,0,1970-01-20T06:43:12+00:00,167,37,0.2215568862275449,0.7784431137724551,0.0303125,0.07777777777777778,0.1627199074074074,2
pooled,recorded,high_reverse_PageRank,yganeshrao,60219,109219,129604,0,1970-01-20T06:43:12+00:00,269,178,0.6617100371747212,0.3382899628252788,0.03596064814814815,0.06474537037037037,0.16440972222222222,3
pooled,recorded,high_reverse_PageRank,sandipghose,60219,109219,129604,0,1970-01-20T06:43:12+00:00,234,149,0.6367521367521367,0.36324786324786323,0.00494212962962963,0.07795138888888889,0.16539351851851852,3
pooled,recorded,high_reverse_PageRank,indian_nagrik,60219,109219,129604,0,1970-01-20T06:43:12+00:00,47,36,0.7659574468085106,0.23404255319148937,0.00400462962962963,0.12634837962962964,0.1645949074074074,3
pooled,recorded,high_reverse_PageRank,newindiaabroad,60219,109219,129604,0,1970-01-20T06:43:12+00:00,8,8,1.0,0.0,0.12763888888888889,0.12763888888888889,0.12763888888888889,1
pooled,recorded,high_reverse_PageRank,joerave,60219,109219,129604,0,1970-01-20T06:43:12+00:00,707,317,0.44837340876944837,0.5516265912305516,0.06922453703703704,0.10017361111111112,0.16539351851851852,5
pooled,recorded,high_reverse_PageRank,amytisd1,60219,109219,129604,0,1970-01-20T06:43:12+00:00,73,71,0.9726027397260274,0.0273972602739726,0.018368055555555554,0.025590277777777778,0.16364583333333332,3
pooled,recorded,high_reverse_PageRank,kirti_sd,60219,109219,129604,0,1970-01-20T06:43:12+00:00,707,71,0.10042432814710042,0.8995756718528995,0.11519675925925926,0.11519675925925926,0.1627199074074074,2
pooled,recorded,high_reverse_PageRank,laksshyaadvani,60219,109219,129604,0,1970-01-20T06:43:12+00:00,312,277,0.8878205128205128,0.11217948717948718,0.00016203703703703703,0.06365740740740741,0.1654050925925926,3
pooled,recorded,high_reverse_PageRank,pkv07288764,60219,109219,129604,0,1970-01-20T06:43:12+00:00,216,169,0.7824074074074074,0.2175925925925926,0.01170138888888889,0.01175925925925926,0.16508101851851853,4
pooled,recorded,high_reverse_PageRank,bharathimagdum,60219,109219,129604,0,1970-01-20T06:43:12+00:00,270,171,0.6333333333333333,0.36666666666666664,0.007175925925925926,0.09916666666666667,0.16440972222222222,4
pooled,recorded,high_reverse_PageRank,roardworld,60219,109219,129604,0,1970-01-20T06:43:12+00:00,190,132,0.6947368421052632,0.30526315789473685,0.0038194444444444443,0.0922337962962963,0.16539351851851852,3
pooled,recorded,high_reverse_PageRank,diptidange,60219,109219,129604,0,1970-01-20T06:43:12+00:00,78,57,0.7307692307692307,0.2692307692307692,0.09655092592592593,0.09655092592592593,0.16366898148148148,3
pooled,recorded,high_reverse_PageRank,sunil2819,60219,109219,129604,0,1970-01-20T06:43:12+00:00,26,23,0.8846153846153846,0.11538461538461539,0.004363425925925926,0.008356481481481482,0.16486111111111112,3
pooled,recorded,high_reverse_PageRank,dknair4bjp,60219,109219,129604,0,1970-01-20T06:43:12+00:00,761,160,0.2102496714848883,0.7897503285151117,0.02351851851851852,0.11519675925925926,0.1629861111111111,3
pooled,recorded,high_reverse_PageRank,dhanushjsp2003,60219,109219,129604,0,1970-01-20T06:43:12+00:00,3,3,1.0,0.0,0.15459490740740742,0.15459490740740742,0.15459490740740742,1
pooled,recorded,high_reverse_PageRank,drrkmohanty,60219,109219,129604,0,1970-01-20T06:43:12+00:00,3,3,1.0,0.0,0.12861111111111112,0.12861111111111112,0.12861111111111112,1
pooled,recorded,high_reverse_PageRank,perthusasia,60219,109219,129604,0,1970-01-20T06:43:12+00:00,3,3,1.0,0.0,0.07398148148148148,0.07398148148148148,0.07398148148148148,1
pooled,recorded,high_reverse_PageRank,aklalb,60219,109219,129604,0,1970-01-20T06:43:12+00:00,121,100,0.8264462809917356,0.17355371900826447,0.009351851851851853,0.103125,0.16315972222222222,3
pooled,recorded,high_reverse_PageRank,thatindicmonk,60219,109219,129604,0,1970-01-20T06:43:12+00:00,79,63,0.7974683544303798,0.20253164556962025,0.025173611111111112,0.05417824074074074,0.1634837962962963,3
pooled,recorded,high_reverse_PageRank,vyasa1968,60219,109219,129604,0,1970-01-20T06:43:12+00:00,278,69,0.24820143884892087,0.7517985611510791,0.00875,0.09950231481481482,0.16461805555555556,5
pooled,recorded,high_reverse_PageRank,umakantpandey_,60219,109219,129604,0,1970-01-20T06:43:12+00:00,69,58,0.8405797101449275,0.15942028985507245,0.04318287037037037,0.04318287037037037,0.16440972222222222,3
pooled,recorded,high_reverse_PageRank,ecityrising,60219,109219,129604,0,1970-01-20T06:43:12+00:00,49,49,1.0,0.0,0.011643518518518518,0.011643518518518518,0.13849537037037038,3
pooled,recorded,high_reverse_PageRank,iyer_rn,60219,109219,129604,0,1970-01-20T06:43:12+00:00,323,85,0.2631578947368421,0.7368421052631579,0.002372685185185185,0.09231481481481481,0.1462152777777778,3
pooled,recorded,high_reverse_PageRank,subcontinent111,60219,109219,129604,0,1970-01-20T06:43:12+00:00,37,31,0.8378378378378378,0.16216216216216217,0.022662037037037036,0.13321759259259258,0.16324074074074074,1
pooled,recorded,high_reverse_PageRank,kambakht_bhakt,60219,109219,129604,0,1970-01-20T06:43:12+00:00,31,30,0.967741935483871,0.03225806451612903,0.03163194444444444,0.031643518518518515,0.031643518518518515,1
pooled,recorded,high_reverse_PageRank,mukesh_ambanii_,60219,109219,129604,0,1970-01-20T06:43:12+00:00,938,50,0.053304904051172705,0.9466950959488273,0.08209490740740741,0.08209490740740741,0.08209490740740741,1
pooled,recorded,high_reverse_PageRank,simashah26,60219,109219,129604,0,1970-01-20T06:43:12+00:00,78,53,0.6794871794871795,0.32051282051282054,0.09215277777777778,0.15153935185185186,0.16424768518518518,2
pooled,recorded,high_reverse_PageRank,rajasantosh3,60219,109219,129604,0,1970-01-20T06:43:12+00:00,258,13,0.050387596899224806,0.9496124031007752,0.1310185185185185,0.1437037037037037,0.1645023148148148,2
pooled,recorded,high_reverse_PageRank,jpgmys,60219,109219,129604,0,1970-01-20T06:43:12+00:00,185,25,0.13513513513513514,0.8648648648648649,0.10784722222222222,0.10784722222222222,0.16538194444444446,2
pooled,recorded,high_reverse_PageRank,arungupta4760,60219,109219,129604,0,1970-01-20T06:43:12+00:00,84,72,0.8571428571428571,0.14285714285714285,0.056435185185185185,0.10725694444444445,0.16539351851851852,3
pooled,recorded,high_reverse_PageRank,rachitattweet,60219,109219,129604,0,1970-01-20T06:43:12+00:00,841,505,0.6004756242568371,0.3995243757431629,0.009189814814814816,0.07150462962962963,0.16539351851851852,6
pooled,recorded,high_reverse_PageRank,shashafrass,60219,109219,129604,0,1970-01-20T06:43:12+00:00,8,7,0.875,0.125,0.12565972222222221,0.12565972222222221,0.1257060185185185,1
pooled,recorded,high_reverse_PageRank,conspiratorfeku,60219,109219,129604,0,1970-01-20T06:43:12+00:00,79,65,0.8227848101265823,0.17721518987341772,0.0006828703703703704,0.0006828703703703704,0.15938657407407408,4
pooled,recorded,high_reverse_PageRank,dazzlingsnehal,60219,109219,129604,0,1970-01-20T06:43:12+00:00,85,66,0.7764705882352941,0.2235294117647059,0.0749537037037037,0.0749537037037037,0.16424768518518518,3
pooled,recorded,high_reverse_PageRank,pkm1999,60219,109219,129604,0,1970-01-20T06:43:12+00:00,470,200,0.425531914893617,0.574468085106383,0.0029976851851851853,0.08550925925925926,0.16539351851851852,3
pooled,recorded,high_reverse_PageRank,anu_iyengar_,60219,109219,129604,0,1970-01-20T06:43:12+00:00,177,50,0.2824858757062147,0.7175141242937854,0.032546296296296295,0.1283449074074074,0.16486111111111112,3
pooled,recorded,high_reverse_PageRank,rajeshk39804978,60219,109219,129604,0,1970-01-20T06:43:12+00:00,136,63,0.4632352941176471,0.5367647058823529,0.0415625,0.0415625,0.13849537037037038,3
pooled,recorded,high_reverse_PageRank,kumarj9,60219,109219,129604,0,1970-01-20T06:43:12+00:00,153,35,0.22875816993464052,0.7712418300653595,0.024722222222222222,0.13849537037037038,0.1635300925925926,3
pooled,recorded,high_reverse_PageRank,pradeepr1981,60219,109219,129604,0,1970-01-20T06:43:12+00:00,25,25,1.0,0.0,0.047592592592592596,0.051493055555555556,0.08521990740740741,1
pooled,recorded,high_reverse_PageRank,ravipolara,60219,109219,129604,0,1970-01-20T06:43:12+00:00,73,73,1.0,0.0,0.0009143518518518518,0.009699074074074074,0.13849537037037038,3
pooled,recorded,high_reverse_PageRank,thepostnews11,60219,109219,129604,0,1970-01-20T06:43:12+00:00,11,11,1.0,0.0,0.015601851851851851,0.015601851851851851,0.15916666666666668,2
pooled,recorded,high_reverse_PageRank,venuds23,60219,109219,129604,0,1970-01-20T06:43:12+00:00,28,28,1.0,0.0,0.014537037037037038,0.1147511574074074,0.15726851851851853,1
pooled,recorded,high_reverse_PageRank,prithabandyop10,60219,109219,129604,0,1970-01-20T06:43:12+00:00,163,73,0.44785276073619634,0.5521472392638037,0.010810185185185185,0.09155092592592592,0.1607060185185185,3
pooled,recorded,high_reverse_PageRank,abhigyasharma97,60219,109219,129604,0,1970-01-20T06:43:12+00:00,98,36,0.3673469387755102,0.6326530612244898,0.0946412037037037,0.0946412037037037,0.1083449074074074,2
pooled,recorded,high_reverse_PageRank,aapkanarang,60219,109219,129604,0,1970-01-20T06:43:12+00:00,4,4,1.0,0.0,0.08177083333333333,0.08177083333333333,0.08177083333333333,1
pooled,recorded,high_reverse_PageRank,storizenmag,60219,109219,129604,0,1970-01-20T06:43:12+00:00,6,6,1.0,0.0,0.09530092592592593,0.10776041666666666,0.12552083333333333,2
pooled,recorded,high_reverse_PageRank,lonighaziabadup,60219,109219,129604,0,1970-01-20T06:43:12+00:00,60,56,0.9333333333333333,0.06666666666666667,0.06454861111111111,0.06454861111111111,0.16364583333333332,3
pooled,recorded,high_reverse_PageRank,drdavidgk,60219,109219,129604,0,1970-01-20T06:43:12+00:00,143,29,0.20279720279720279,0.7972027972027972,0.09251157407407408,0.12640046296296295,0.15476851851851853,3
pooled,recorded,high_reverse_PageRank,tirumuru_87,60219,109219,129604,0,1970-01-20T06:43:12+00:00,210,53,0.2523809523809524,0.7476190476190476,0.011631944444444445,0.12314814814814815,0.16461805555555556,8
pooled,recorded,high_reverse_PageRank,howardroark25,60219,109219,129604,0,1970-01-20T06:43:12+00:00,56,51,0.9107142857142857,0.08928571428571429,0.01576388888888889,0.04972222222222222,0.1267824074074074,3
pooled,recorded,high_reverse_PageRank,khawajazaidman1,60219,109219,129604,0,1970-01-20T06:43:12+00:00,5,5,1.0,0.0,0.12778935185185186,0.12778935185185186,0.12778935185185186,1
pooled,recorded,high_reverse_PageRank,koshur_koul,60219,109219,129604,0,1970-01-20T06:43:12+00:00,5,5,1.0,0.0,0.1278125,0.1278125,0.1278125,1
pooled,recorded,high_reverse_PageRank,galattadotcom,60219,109219,129604,0,1970-01-20T06:43:12+00:00,2,2,1.0,0.0,0.015486111111111112,0.015486111111111112,0.015486111111111112,1
pooled,recorded,high_reverse_PageRank,marioiaguilar,60219,109219,129604,0,1970-01-20T06:43:12+00:00,2,2,1.0,0.0,0.15038194444444444,0.15038194444444444,0.15038194444444444,1
pooled,recorded,high_reverse_PageRank,sanjaygupts1996,60219,109219,129604,0,1970-01-20T06:43:12+00:00,30,26,0.8666666666666667,0.13333333333333333,0.029548611111111112,0.08842592592592592,0.1605324074074074,2
pooled,recorded,high_reverse_PageRank,arunabhalahiri,60219,109219,129604,0,1970-01-20T06:43:12+00:00,295,52,0.17627118644067796,0.823728813559322,0.01673611111111111,0.045405092592592594,0.16324074074074074,4
pooled,recorded,high_reverse_PageRank,somdipdey,60219,109219,129604,0,1970-01-20T06:43:12+00:00,2,2,1.0,0.0,0.09128472222222223,0.09128472222222223,0.09128472222222223,1
pooled,recorded,high_reverse_PageRank,timesnow,60219,109219,129604,0,1970-01-20T06:43:12+00:00,49,45,0.9183673469387755,0.08163265306122448,0.0044675925925925924,0.07453703703703704,0.15667824074074074,4
pooled,recorded,high_reverse_PageRank,vijh_naveen,60219,109219,129604,0,1970-01-20T06:43:12+00:00,27,22,0.8148148148148148,0.18518518518518517,0.16409722222222223,0.16409722222222223,0.16505787037037037,2
pooled,recorded,high_reverse_PageRank,karanva55756722,60219,109219,129604,0,1970-01-20T06:43:12+00:00,140,4,0.02857142857142857,0.9714285714285714,0.13041666666666665,0.13175925925925927,0.14878472222222222,2
pooled,recorded,high_reverse_PageRank,modiji_helpus,60219,109219,129604,0,1970-01-20T06:43:12+00:00,58,47,0.8103448275862069,0.1896551724137931,0.15938657407407408,0.15938657407407408,0.15938657407407408,1
pooled,recorded,high_reverse_PageRank,aniket12346139,60219,109219,129604,0,1970-01-20T06:43:12+00:00,19,19,1.0,0.0,0.12254629629629629,0.12254629629629629,0.12254629629629629,1
pooled,recorded,high_reverse_PageRank,_raghave,60219,109219,129604,0,1970-01-20T06:43:12+00:00,377,26,0.06896551724137931,0.9310344827586207,0.01542824074074074,0.01542824074074074,0.1647685185185185,3
pooled,recorded,high_reverse_PageRank,ekta0001,60219,109219,129604,0,1970-01-20T06:43:12+00:00,52,43,0.8269230769230769,0.17307692307692307,0.013865740740740741,0.08802083333333334,0.11267361111111111,2
pooled,recorded,high_reverse_PageRank,shahzadasadiqr,60219,109219,129604,0,1970-01-20T06:43:12+00:00,48,42,0.875,0.125,0.02236111111111111,0.08060185185185186,0.16137731481481482,2
pooled,recorded,high_reverse_PageRank,yeshwantmpuran1,60219,109219,129604,0,1970-01-20T06:43:12+00:00,239,44,0.18410041841004185,0.8158995815899581,0.054675925925925926,0.09960069444444444,0.16461805555555556,5
pooled,recorded,high_reverse_PageRank,tanejalawoffice,60219,109219,129604,0,1970-01-20T06:43:12+00:00,40,37,0.925,0.075,0.011712962962962963,0.08842592592592592,0.1605324074074074,3
pooled,recorded,high_reverse_PageRank,lavanyanivasini,60219,109219,129604,0,1970-01-20T06:43:12+00:00,24,24,1.0,0.0,0.11472222222222223,0.11472222222222223,0.15325231481481483,1
pooled,recorded,high_reverse_PageRank,indian_marathi,60219,109219,129604,0,1970-01-20T06:43:12+00:00,32,29,0.90625,0.09375,0.004722222222222222,0.04255787037037037,0.13923611111111112,2
pooled,recorded,high_reverse_PageRank,lokeshsharma085,60219,109219,129604,0,1970-01-20T06:43:12+00:00,21,17,0.8095238095238095,0.19047619047619047,0.008148148148148147,0.09194444444444444,0.13962962962962963,1
pooled,recorded,high_reverse_PageRank,gujunrupsas,60219,109219,129604,0,1970-01-20T06:43:12+00:00,249,145,0.5823293172690763,0.41767068273092367,0.005439814814814815,0.0725462962962963,0.16508101851851853,3
pooled,recorded,high_reverse_PageRank,srmane20mane,60219,109219,129604,0,1970-01-20T06:43:12+00:00,81,80,0.9876543209876543,0.012345679012345678,0.008622685185185185,0.0655613425925926,0.1604398148148148,3
pooled,recorded,high_reverse_PageRank,aadvikforu,60219,109219,129604,0,1970-01-20T06:43:12+00:00,26,13,0.5,0.5,0.14065972222222223,0.15325231481481483,0.15325231481481483,2
pooled,recorded,high_reverse_PageRank,baboobabli,60219,109219,129604,0,1970-01-20T06:43:12+00:00,5,5,1.0,0.0,0.054594907407407404,0.054594907407407404,0.05460648148148148,1
pooled,recorded,high_reverse_PageRank,sujournalist,60219,109219,129604,0,1970-01-20T06:43:12+00:00,113,13,0.11504424778761062,0.8849557522123894,0.15219907407407407,0.15219907407407407,0.15667824074074074,2
pooled,recorded,high_reverse_PageRank,roshansdrprop,60219,109219,129604,0,1970-01-20T06:43:12+00:00,57,57,1.0,0.0,0.036689814814814814,0.05859953703703704,0.1517361111111111,4
pooled,recorded,high_reverse_PageRank,twstopsfreespch,60219,109219,129604,0,1970-01-20T06:43:12+00:00,22,18,0.8181818181818182,0.18181818181818182,0.008680555555555556,0.110625,0.1623263888888889,2
pooled,recorded,high_reverse_PageRank,krishna78237984,60219,109219,129604,0,1970-01-20T06:43:12+00:00,68,13,0.19117647058823528,0.8088235294117647,0.13819444444444445,0.13819444444444445,0.1608564814814815,2
pooled,recorded,high_reverse_PageRank,bengalnewz,60219,109219,129604,0,1970-01-20T06:43:12+00:00,9,9,1.0,0.0,0.09431712962962963,0.10873842592592593,0.15913194444444445,2
pooled,recorded,high_reverse_PageRank,bhaskarsen11,60219,109219,129604,0,1970-01-20T06:43:12+00:00,77,40,0.5194805194805194,0.4805194805194805,0.003912037037037037,0.07811342592592592,0.1607060185185185,3
pooled,recorded,high_reverse_PageRank,raomeenakshi7,60219,109219,129604,0,1970-01-20T06:43:12+00:00,27,27,1.0,0.0,0.019618055555555555,0.0725462962962963,0.1463773148148148,2
pooled,recorded,high_reverse_PageRank,bengalnewzindia,60219,109219,129604,0,1970-01-20T06:43:12+00:00,9,8,0.8888888888888888,0.1111111111111111,0.09452546296296296,0.11882523148148148,0.15913194444444445,2
pooled,recorded,high_reverse_PageRank,chander75177644,60219,109219,129604,0,1970-01-20T06:43:12+00:00,40,35,0.875,0.125,0.013622685185185186,0.06125,0.15818287037037038,3
pooled,recorded,high_reverse_PageRank,nityastriker,60219,109219,129604,0,1970-01-20T06:43:12+00:00,143,32,0.22377622377622378,0.7762237762237763,0.04255787037037037,0.1295601851851852,0.15453703703703703,1
pooled,recorded,high_reverse_PageRank,nidhi17907074,60219,109219,129604,0,1970-01-20T06:43:12+00:00,14,9,0.6428571428571429,0.35714285714285715,0.09230324074074074,0.16174768518518517,0.16278935185185187,2
pooled,recorded,high_reverse_PageRank,vaakkaalan,60219,109219,129604,0,1970-01-20T06:43:12+00:00,260,20,0.07692307692307693,0.9230769230769231,0.08540509259259259,0.14207175925925927,0.1647685185185185,3
pooled,recorded,high_reverse_PageRank,pathakmedia,60219,109219,129604,0,1970-01-20T06:43:12+00:00,9,9,1.0,0.0,0.01818287037037037,0.01818287037037037,0.09414351851851852,1
pooled,recorded,high_reverse_PageRank,r3plyguy,60219,109219,129604,0,1970-01-20T06:43:12+00:00,8,6,0.75,0.25,0.1257060185185185,0.1257060185185185,0.1257060185185185,1
pooled,recorded,high_reverse_PageRank,prakashpnegi,60219,109219,129604,0,1970-01-20T06:43:12+00:00,21,17,0.8095238095238095,0.19047619047619047,0.01667824074074074,0.09194444444444444,0.13295138888888888,2
pooled,recorded,high_reverse_PageRank,adim2110,60219,109219,129604,0,1970-01-20T06:43:12+00:00,969,163,0.16821465428276575,0.8317853457172343,0.012256944444444445,0.10018518518518518,0.16539351851851852,5
pooled,recorded,high_reverse_PageRank,kubernein,60219,109219,129604,0,1970-01-20T06:43:12+00:00,3,3,1.0,0.0,0.06745370370370371,0.06745370370370371,0.06745370370370371,1
pooled,recorded,high_reverse_PageRank,realbeck_001,60219,109219,129604,0,1970-01-20T06:43:12+00:00,4,4,1.0,0.0,0.16395833333333334,0.16395833333333334,0.16395833333333334,1
pooled,recorded,high_reverse_PageRank,thunder_1817,60219,109219,129604,0,1970-01-20T06:43:12+00:00,4,4,1.0,0.0,0.1639699074074074,0.1639699074074074,0.1639699074074074,1
pooled,recorded,high_reverse_PageRank,iamkaranbachani,60219,109219,129604,0,1970-01-20T06:43:12+00:00,147,119,0.8095238095238095,0.19047619047619047,0.00020833333333333335,0.10002314814814815,0.16402777777777777,3
pooled,recorded,high_reverse_PageRank,madthak1,60219,109219,129604,0,1970-01-20T06:43:12+00:00,5,2,0.4,0.6,0.14954861111111112,0.14954861111111112,0.14954861111111112,1
pooled,recorded,high_reverse_PageRank,rveerreddy,60219,109219,129604,0,1970-01-20T06:43:12+00:00,60,55,0.9166666666666666,0.08333333333333333,0.012569444444444444,0.04570601851851852,0.13762731481481483,3
pooled,recorded,high_reverse_PageRank,sriramprasann15,60219,109219,129604,0,1970-01-20T06:43:12+00:00,55,37,0.6727272727272727,0.32727272727272727,0.005474537037037037,0.1142013888888889,0.1547337962962963,2
pooled,recorded,high_reverse_PageRank,shyjithk,60219,109219,129604,0,1970-01-20T06:43:12+00:00,50,47,0.94,0.06,0.05704861111111111,0.05704861111111111,0.13849537037037038,3
pooled,recorded,high_reverse_PageRank,narendra_nichi1,60219,109219,129604,0,1970-01-20T06:43:12+00:00,7,7,1.0,0.0,0.1567824074074074,0.1567824074074074,0.1567824074074074,1
pooled,recorded,high_reverse_PageRank,soniagurnani19,60219,109219,129604,0,1970-01-20T06:43:12+00:00,61,46,0.7540983606557377,0.2459016393442623,0.04100694444444444,0.09769675925925926,0.15893518518518518,3
pooled,recorded,high_reverse_PageRank,incashishsaini,60219,109219,129604,0,1970-01-20T06:43:12+00:00,5,3,0.6,0.4,0.03215277777777778,0.03215277777777778,0.07339120370370371,1
pooled,recorded,high_reverse_PageRank,manitagautamma1,60219,109219,129604,0,1970-01-20T06:43:12+00:00,19,19,1.0,0.0,0.0043287037037037035,0.029270833333333333,0.1411226851851852,1
pooled,recorded,high_reverse_PageRank,umoekaifiok,60219,109219,129604,0,1970-01-20T06:43:12+00:00,14,10,0.7142857142857143,0.2857142857142857,0.14541666666666667,0.15943287037037038,0.16278935185185187,2
pooled,recorded,high_reverse_PageRank,ramrajparty,60219,109219,129604,0,1970-01-20T06:43:12+00:00,8,8,1.0,0.0,0.08418981481481481,0.0921875,0.11135416666666667,1
pooled,recorded,high_reverse_PageRank,samarth_dubey29,60219,109219,129604,0,1970-01-20T06:43:12+00:00,69,53,0.7681159420289855,0.2318840579710145,0.0026157407407407405,0.026712962962962963,0.15364583333333334,4
pooled,recorded,high_reverse_PageRank,namoagain2_0,60219,109219,129604,0,1970-01-20T06:43:12+00:00,35,32,0.9142857142857143,0.08571428571428572,0.012268518518518519,0.06780092592592593,0.15542824074074074,3
pooled,recorded,high_reverse_PageRank,hoorsheikh_fiza,60219,109219,129604,0,1970-01-20T06:43:12+00:00,33,28,0.8484848484848485,0.15151515151515152,0.0005902777777777778,0.026180555555555554,0.1645601851851852,3
pooled,recorded,high_reverse_PageRank,kaleempkm,60219,109219,129604,0,1970-01-20T06:43:12+00:00,63,59,0.9365079365079365,0.06349206349206349,0.028657407407407406,0.11350694444444444,0.16539351851851852,3
pooled,recorded,high_reverse_PageRank,drjhavn1,60219,109219,129604,0,1970-01-20T06:43:12+00:00,107,45,0.4205607476635514,0.5794392523364486,0.05320601851851852,0.12752314814814814,0.1635300925925926,3
pooled,recorded,high_reverse_PageRank,bernarddmello,60219,109219,129604,0,1970-01-20T06:43:12+00:00,235,108,0.4595744680851064,0.5404255319148936,0.00037037037037037035,0.05738425925925926,0.16539351851851852,3
pooled,recorded,high_reverse_PageRank,marankothi,60219,109219,129604,0,1970-01-20T06:43:12+00:00,28,22,0.7857142857142857,0.21428571428571427,0.1605324074074074,0.1605324074074074,0.1605324074074074,1
pooled,recorded,high_reverse_PageRank,purviparwani,60219,109219,129604,0,1970-01-20T06:43:12+00:00,15,15,1.0,0.0,0.011319444444444444,0.011319444444444444,0.011319444444444444,1
pooled,recorded,high_reverse_PageRank,agra3479,60219,109219,129604,0,1970-01-20T06:43:12+00:00,2,2,1.0,0.0,0.009131944444444444,0.01052662037037037,0.011921296296296296,1
pooled,recorded,high_reverse_PageRank,aavinashchaliha,60219,109219,129604,0,1970-01-20T06:43:12+00:00,38,34,0.8947368421052632,0.10526315789473684,0.001863425925925926,0.09281828703703704,0.15922453703703704,2
pooled,recorded,high_reverse_PageRank,sivatdpsklm,60219,109219,129604,0,1970-01-20T06:43:12+00:00,21,16,0.7619047619047619,0.23809523809523808,0.09616898148148148,0.09616898148148148,0.16530092592592593,3
pooled,recorded,high_reverse_PageRank,sundarikomola,60219,109219,129604,0,1970-01-20T06:43:12+00:00,71,20,0.28169014084507044,0.7183098591549296,0.1642361111111111,0.1642361111111111,0.1642361111111111,1
pooled,recorded,high_reverse_PageRank,satpathianupam,60219,109219,129604,0,1970-01-20T06:43:12+00:00,29,28,0.9655172413793104,0.034482758620689655,0.020474537037037038,0.09972800925925926,0.16508101851851853,2
pooled,recorded,high_reverse_PageRank,kelekachilka,60219,109219,129604,0,1970-01-20T06:43:12+00:00,49,37,0.7551020408163265,0.24489795918367346,0.14171296296296296,0.14171296296296296,0.14171296296296296,1
pooled,recorded,high_reverse_PageRank,pranaydubey22,60219,109219,129604,0,1970-01-20T06:43:12+00:00,49,48,0.9795918367346939,0.02040816326530612,0.040671296296296296,0.040671296296296296,0.13849537037037038,3
pooled,recorded,high_reverse_PageRank,nikita40607591,60219,109219,129604,0,1970-01-20T06:43:12+00:00,7,4,0.5714285714285714,0.42857142857142855,0.012222222222222223,0.012222222222222223,0.012222222222222223,1
pooled,recorded,high_reverse_PageRank,wantedchinmay,60219,109219,129604,0,1970-01-20T06:43:12+00:00,7,4,0.5714285714285714,0.42857142857142855,0.012210648148148148,0.012210648148148148,0.012210648148148148,1
pooled,recorded,high_reverse_PageRank,vishnufno,60219,109219,129604,0,1970-01-20T06:43:12+00:00,61,17,0.2786885245901639,0.7213114754098361,0.14164351851851853,0.14164351851851853,0.1430787037037037,2
pooled,recorded,high_reverse_PageRank,mahesh79989822,60219,109219,129604,0,1970-01-20T06:43:12+00:00,124,24,0.1935483870967742,0.8064516129032258,0.12649305555555557,0.14207175925925927,0.1652662037037037,2
pooled,recorded,high_reverse_PageRank,jessyskaria,60219,109219,129604,0,1970-01-20T06:43:12+00:00,15,15,1.0,0.0,0.1437037037037037,0.1437037037037037,0.1437037037037037,1
pooled,recorded,high_reverse_PageRank,rcrupit,60219,109219,129604,0,1970-01-20T06:43:12+00:00,64,43,0.671875,0.328125,0.010520833333333333,0.05037037037037037,0.16555555555555557,3
pooled,recorded,high_reverse_PageRank,politics_islam,60219,109219,129604,0,1970-01-20T06:43:12+00:00,17,17,1.0,0.0,0.025833333333333333,0.041574074074074076,0.05042824074074074,1
pooled,recorded,high_reverse_PageRank,rengaaa,60219,109219,129604,0,1970-01-20T06:43:12+00:00,34,20,0.5882352941176471,0.4117647058823529,0.0365625,0.03767361111111111,0.11961805555555556,2
pooled,recorded,high_reverse_PageRank,ivijayboi,60219,109219,129604,0,1970-01-20T06:43:12+00:00,118,68,0.576271186440678,0.423728813559322,0.05002314814814815,0.09430555555555556,0.1641087962962963,3
pooled,recorded,high_reverse_PageRank,unlimited_women,60219,109219,129604,0,1970-01-20T06:43:12+00:00,18,18,1.0,0.0,0.005208333333333333,0.08314236111111112,0.13037037037037036,2
pooled,recorded,high_reverse_PageRank,cindydg17,60219,109219,129604,0,1970-01-20T06:43:12+00:00,14,14,1.0,0.0,0.1296064814814815,0.1296064814814815,0.1296064814814815,1
pooled,recorded,high_reverse_PageRank,hamara_bhavishy,60219,109219,129604,0,1970-01-20T06:43:12+00:00,14,14,1.0,0.0,0.09068287037037037,0.09068287037037037,0.09068287037037037,1
pooled,recorded,high_reverse_PageRank,crchrth,60219,109219,129604,0,1970-01-20T06:43:12+00:00,40,4,0.1,0.9,0.14126157407407408,0.14765625,0.15405092592592592,2
pooled,recorded,high_reverse_PageRank,mitra_010,60219,109219,129604,0,1970-01-20T06:43:12+00:00,6,6,1.0,0.0,0.10171296296296296,0.13853009259259258,0.13853009259259258,1
pooled,recorded,high_reverse_PageRank,narne_kumar06,60219,109219,129604,0,1970-01-20T06:43:12+00:00,210,30,0.14285714285714285,0.8571428571428571,0.07606481481481482,0.12969328703703703,0.16461805555555556,4
pooled,recorded,high_reverse_PageRank,prafulvekaria,60219,109219,129604,0,1970-01-20T06:43:12+00:00,30,19,0.6333333333333333,0.36666666666666664,0.11939814814814814,0.1368287037037037,0.16430555555555557,2
pooled,recorded,high_reverse_PageRank,vandanamegastar,60219,109219,129604,0,1970-01-20T06:43:12+00:00,138,65,0.47101449275362317,0.5289855072463768,0.01685185185185185,0.09125,0.16539351851851852,4
pooled,recorded,high_reverse_PageRank,digger_ind,60219,109219,129604,0,1970-01-20T06:43:12+00:00,29,1,0.034482758620689655,0.9655172413793104,0.16194444444444445,0.16194444444444445,0.16194444444444445,1
pooled,recorded,high_reverse_PageRank,bandrabachha,60219,109219,129604,0,1970-01-20T06:43:12+00:00,24,19,0.7916666666666666,0.20833333333333334,0.12568287037037038,0.12568287037037038,0.13267361111111112,2
pooled,recorded,high_reverse_PageRank,curiosinsight,60219,109219,129604,0,1970-01-20T06:43:12+00:00,239,32,0.13389121338912133,0.8661087866108786,0.021689814814814815,0.14891203703703704,0.16461805555555556,2
pooled,recorded,high_reverse_PageRank,fansaashieshi2,60219,109219,129604,0,1970-01-20T06:43:12+00:00,18,18,1.0,0.0,0.022407407407407407,0.022407407407407407,0.022407407407407407,1
pooled,recorded,high_reverse_PageRank,indian___hindu,60219,109219,129604,0,1970-01-20T06:43:12+00:00,8,7,0.875,0.125,0.019814814814814816,0.03140046296296296,0.11887731481481481,1
pooled,recorded,high_reverse_PageRank,sanjibkbasu,60219,109219,129604,0,1970-01-20T06:43:12+00:00,92,56,0.6086956521739131,0.391304347826087,0.010405092592592593,0.13849537037037038,0.15974537037037037,3
pooled,recorded,high_reverse_PageRank,libphobe,60219,109219,129604,0,1970-01-20T06:43:12+00:00,3,3,1.0,0.0,0.01920138888888889,0.01920138888888889,0.01920138888888889,1
pooled,recorded,high_reverse_PageRank,musingsofvivek,60219,109219,129604,0,1970-01-20T06:43:12+00:00,15,15,1.0,0.0,0.02515046296296296,0.02515046296296296,0.02515046296296296,1
pooled,recorded,high_reverse_PageRank,sirclouseau,60219,109219,129604,0,1970-01-20T06:43:12+00:00,62,46,0.7419354838709677,0.25806451612903225,0.005844907407407407,0.047690972222222225,0.15364583333333334,3
pooled,recorded,high_reverse_PageRank,bludexy,60219,109219,129604,0,1970-01-20T06:43:12+00:00,3,3,1.0,0.0,0.021770833333333333,0.021770833333333333,0.021770833333333333,1
pooled,recorded,high_reverse_PageRank,buffalodash,60219,109219,129604,0,1970-01-20T06:43:12+00:00,14,14,1.0,0.0,0.10841435185185185,0.10841435185185185,0.10841435185185185,1
pooled,recorded,high_reverse_PageRank,singh_robb,60219,109219,129604,0,1970-01-20T06:43:12+00:00,72,55,0.7638888888888888,0.2361111111111111,0.12278935185185186,0.12278935185185186,0.16424768518518518,2
pooled,recorded,high_reverse_PageRank,backbanger,60219,109219,129604,0,1970-01-20T06:43:12+00:00,5,5,1.0,0.0,0.11469907407407408,0.11469907407407408,0.13653935185185184,2
pooled,recorded,high_reverse_PageRank,zainahammedar,60219,109219,129604,0,1970-01-20T06:43:12+00:00,5,5,1.0,0.0,0.11469907407407408,0.11469907407407408,0.13653935185185184,2
pooled,recorded,high_reverse_PageRank,bipin_bhardwaj,60219,109219,129604,0,1970-01-20T06:43:12+00:00,4,4,1.0,0.0,0.02802083333333333,0.02802083333333333,0.02802083333333333,1
pooled,recorded,high_reverse_PageRank,niks_2180,60219,109219,129604,0,1970-01-20T06:43:12+00:00,13,13,1.0,0.0,0.0745949074074074,0.0745949074074074,0.14429398148148148,3
pooled,recorded,high_reverse_PageRank,parthajosh,60219,109219,129604,0,1970-01-20T06:43:12+00:00,13,3,0.23076923076923078,0.7692307692307693,0.14429398148148148,0.14429398148148148,0.14429398148148148,1
pooled,recorded,high_reverse_PageRank,arts_spacenews,60219,109219,129604,0,1970-01-20T06:43:12+00:00,1,1,1.0,0.0,0.10041666666666667,0.10041666666666667,0.10041666666666667,1
pooled,recorded,high_reverse_PageRank,easwaranrutnam,60219,109219,129604,0,1970-01-20T06:43:12+00:00,1,1,1.0,0.0,0.02627314814814815,0.02627314814814815,0.02627314814814815,1
pooled,recorded,high_reverse_PageRank,jokeyjokey7,60219,109219,129604,0,1970-01-20T06:43:12+00:00,1,1,1.0,0.0,0.0021759259259259258,0.0021759259259259258,0.0021759259259259258,1
pooled,recorded,high_reverse_PageRank,rvp,60219,109219,129604,0,1970-01-20T06:43:12+00:00,1,1,1.0,0.0,0.010289351851851852,0.010289351851851852,0.010289351851851852,1
pooled,recorded,high_reverse_PageRank,___67dawgman,60219,109219,129604,0,1970-01-20T06:43:12+00:00,3,3,1.0,0.0,0.09363425925925926,0.09363425925925926,0.09363425925925926,1
pooled,recorded,high_reverse_PageRank,dixie_jeff,60219,109219,129604,0,1970-01-20T06:43:12+00:00,3,3,1.0,0.0,0.13043981481481481,0.13043981481481481,0.13043981481481481,1
pooled,recorded,high_reverse_PageRank,faroebaldur,60219,109219,129604,0,1970-01-20T06:43:12+00:00,3,3,1.0,0.0,0.09363425925925926,0.09363425925925926,0.09363425925925926,1
pooled,recorded,high_reverse_PageRank,pothen,60219,109219,129604,0,1970-01-20T06:43:12+00:00,3,3,1.0,0.0,0.13064814814814815,0.13064814814814815,0.13064814814814815,1
pooled,recorded,high_reverse_PageRank,l_am_indian,60219,109219,129604,0,1970-01-20T06:43:12+00:00,34,24,0.7058823529411765,0.29411764705882354,0.03215277777777778,0.14092592592592593,0.1534837962962963,2
pooled,recorded,high_reverse_PageRank,amarender2412,60219,109219,129604,0,1970-01-20T06:43:12+00:00,8,7,0.875,0.125,0.028668981481481483,0.028668981481481483,0.11887731481481481,2
pooled,recorded,high_reverse_PageRank,arjuunna,60219,109219,129604,0,1970-01-20T06:43:12+00:00,3,3,1.0,0.0,0.021782407407407407,0.021782407407407407,0.021782407407407407,1
pooled,recorded,high_reverse_PageRank,azaadqalam,60219,109219,129604,0,1970-01-20T06:43:12+00:00,140,3,0.02142857142857143,0.9785714285714285,0.15961805555555555,0.15961805555555555,0.15961805555555555,1
pooled,recorded,high_reverse_PageRank,captassamregt,60219,109219,129604,0,1970-01-20T06:43:12+00:00,159,114,0.7169811320754716,0.2830188679245283,0.03377314814814815,0.09078125000000001,0.16539351851851852,3
pooled,recorded,high_reverse_PageRank,vittal24911706,60219,109219,129604,0,1970-01-20T06:43:12+00:00,6,6,1.0,0.0,0.10171296296296296,0.13853009259259258,0.13853009259259258,2
pooled,recorded,high_reverse_PageRank,omarali50,60219,109219,129604,0,1970-01-20T06:43:12+00:00,82,31,0.3780487804878049,0.6219512195121951,0.0077777777777777776,0.1142013888888889,0.1547337962962963,3
pooled,recorded,high_reverse_PageRank,focusedpoor,60219,109219,129604,0,1970-01-20T06:43:12+00:00,3,2,0.6666666666666666,0.3333333333333333,0.01951388888888889,0.01951388888888889,0.01951388888888889,1
pooled,recorded,high_reverse_PageRank,gst183,60219,109219,129604,0,1970-01-20T06:43:12+00:00,13,13,1.0,0.0,0.1611226851851852,0.1611226851851852,0.1611226851851852,1
pooled,recorded,high_reverse_PageRank,nandinipai1,60219,109219,129604,0,1970-01-20T06:43:12+00:00,22,22,1.0,0.0,0.04748842592592593,0.14469907407407406,0.14469907407407406,2
pooled,recorded,high_reverse_PageRank,divyaam_1979,60219,109219,129604,0,1970-01-20T06:43:12+00:00,171,83,0.4853801169590643,0.5146198830409356,0.021689814814814815,0.021689814814814815,0.15667824074074074,3
pooled,recorded,high_reverse_PageRank,mysrgan,60219,109219,129604,0,1970-01-20T06:43:12+00:00,308,48,0.15584415584415584,0.8441558441558441,0.10821759259259259,0.15193287037037037,0.16539351851851852,4
pooled,recorded,high_reverse_PageRank,amal_sachinism,60219,109219,129604,0,1970-01-20T06:43:12+00:00,12,3,0.25,0.75,0.13864583333333333,0.13864583333333333,0.15222222222222223,1
pooled,recorded,high_reverse_PageRank,sandeepgargbrw,60219,109219,129604,0,1970-01-20T06:43:12+00:00,16,16,1.0,0.0,0.12361111111111112,0.12361111111111112,0.12361111111111112,1
pooled,recorded,high_reverse_PageRank,theprintindia,60219,109219,129604,0,1970-01-20T06:43:12+00:00,39,27,0.6923076923076923,0.3076923076923077,0.0014351851851851852,0.08842592592592592,0.15938657407407408,3
pooled,recorded,high_reverse_PageRank,jangliraja,60219,109219,129604,0,1970-01-20T06:43:12+00:00,34,34,1.0,0.0,0.016064814814814816,0.062372685185185184,0.15849537037037037,3
pooled,recorded,high_reverse_PageRank,rajalakshmij11,60219,109219,129604,0,1970-01-20T06:43:12+00:00,11,11,1.0,0.0,0.09424768518518518,0.09424768518518518,0.1634837962962963,2
pooled,recorded,high_reverse_PageRank,paraskghelaanii,60219,109219,129604,0,1970-01-20T06:43:12+00:00,40,36,0.9,0.1,0.002800925925925926,0.09159722222222222,0.1316087962962963,2
pooled,recorded,high_reverse_PageRank,subshris,60219,109219,129604,0,1970-01-20T06:43:12+00:00,711,122,0.17158931082981715,0.8284106891701828,0.08120370370370371,0.10017361111111112,0.1635300925925926,3
pooled,recorded,high_reverse_PageRank,hanuman_shakti,60219,109219,129604,0,1970-01-20T06:43:12+00:00,97,13,0.13402061855670103,0.865979381443299,0.017314814814814814,0.0583912037037037,0.16077546296296297,2
pooled,recorded,high_reverse_PageRank,sunilku54677431,60219,109219,129604,0,1970-01-20T06:43:12+00:00,32,28,0.875,0.125,0.12738425925925925,0.12738425925925925,0.1596064814814815,2
pooled,recorded,high_reverse_PageRank,tweetvachan,60219,109219,129604,0,1970-01-20T06:43:12+00:00,25,19,0.76,0.24,0.012407407407407407,0.12819444444444444,0.14814814814814814,2
pooled,recorded,high_reverse_PageRank,shivanshsthakur,60219,109219,129604,0,1970-01-20T06:43:12+00:00,23,17,0.7391304347826086,0.2608695652173913,0.009780092592592592,0.15652777777777777,0.15652777777777777,2
pooled,recorded,high_reverse_PageRank,an4bharat,60219,109219,129604,0,1970-01-20T06:43:12+00:00,83,57,0.6867469879518072,0.3132530120481928,0.025173611111111112,0.13407407407407407,0.1645949074074074,3
pooled,recorded,high_reverse_PageRank,sharma__sanjay,60219,109219,129604,0,1970-01-20T06:43:12+00:00,25,25,1.0,0.0,0.026724537037037036,0.08125,0.13849537037037038,3
pooled,recorded,high_reverse_PageRank,kishanuppam,60219,109219,129604,0,1970-01-20T06:43:12+00:00,6,6,1.0,0.0,0.15068287037037037,0.15241898148148147,0.15364583333333334,1
pooled,recorded,high_reverse_PageRank,darthkot97,60219,109219,129604,0,1970-01-20T06:43:12+00:00,224,12,0.05357142857142857,0.9464285714285714,0.06128472222222222,0.10600694444444445,0.14927083333333332,2
pooled,recorded,high_reverse_PageRank,sandhumannu0476,60219,109219,129604,0,1970-01-20T06:43:12+00:00,114,28,0.24561403508771928,0.7543859649122807,0.02011574074074074,0.12317708333333334,0.1472800925925926,2
pooled,recorded,high_reverse_PageRank,eccentricraj,60219,109219,129604,0,1970-01-20T06:43:12+00:00,41,37,0.9024390243902439,0.0975609756097561,0.047372685185185184,0.09306712962962962,0.10185185185185185,1
pooled,recorded,high_reverse_PageRank,jia22071342,60219,109219,129604,0,1970-01-20T06:43:12+00:00,230,6,0.02608695652173913,0.9739130434782609,0.029548611111111112,0.053969907407407404,0.0783912037037037,2
pooled,recorded,high_reverse_PageRank,indiay20,60219,109219,129604,0,1970-01-20T06:43:12+00:00,2,2,1.0,0.0,0.08465277777777777,0.08465277777777777,0.08465277777777777,1
pooled,recorded,high_reverse_PageRank,rohitmgaikwad,60219,109219,129604,0,1970-01-20T06:43:12+00:00,118,72,0.6101694915254238,0.3898305084745763,0.0019212962962962964,0.07892361111111111,0.1635300925925926,3
pooled,recorded,high_reverse_PageRank,deep_aag,60219,109219,129604,0,1970-01-20T06:43:12+00:00,81,65,0.8024691358024691,0.19753086419753085,0.10496527777777778,0.10496527777777778,0.16424768518518518,3
pooled,recorded,high_reverse_PageRank,nepallover123,60219,109219,129604,0,1970-01-20T06:43:12+00:00,4,4,1.0,0.0,0.02230324074074074,0.02230324074074074,0.022476851851851852,1
pooled,recorded,high_reverse_PageRank,therajaputra,60219,109219,129604,0,1970-01-20T06:43:12+00:00,3,3,1.0,0.0,0.015752314814814816,0.023275462962962963,0.03450231481481481,1
pooled,recorded,high_reverse_PageRank,pklections,60219,109219,129604,0,1970-01-20T06:43:12+00:00,20,20,1.0,0.0,0.1524537037037037,0.16043402777777777,0.16398148148148148,1
pooled,recorded,high_reverse_PageRank,arundeshpande20,60219,109219,129604,0,1970-01-20T06:43:12+00:00,398,19,0.04773869346733668,0.9522613065326633,0.09592592592592593,0.10820601851851852,0.1284375,2
pooled,recorded,high_reverse_PageRank,_pratikdutta,60219,109219,129604,0,1970-01-20T06:43:12+00:00,19,14,0.7368421052631579,0.2631578947368421,0.0825,0.0825,0.16527777777777777,3
pooled,recorded,high_reverse_PageRank,jaminkhan34,60219,109219,129604,0,1970-01-20T06:43:12+00:00,103,21,0.20388349514563106,0.7961165048543689,0.05604166666666666,0.10390046296296296,0.1478587962962963,3
pooled,recorded,high_reverse_PageRank,godifyouexistaa,60219,109219,129604,0,1970-01-20T06:43:12+00:00,31,30,0.967741935483871,0.03225806451612903,0.03642361111111111,0.03642361111111111,0.16364583333333332,3
pooled,recorded,high_reverse_PageRank,rolandbr82,60219,109219,129604,0,1970-01-20T06:43:12+00:00,17,12,0.7058823529411765,0.29411764705882354,0.02505787037037037,0.12392361111111111,0.12392361111111111,2
pooled,recorded,high_reverse_PageRank,shukla1230,60219,109219,129604,0,1970-01-20T06:43:12+00:00,130,6,0.046153846153846156,0.9538461538461539,0.010486111111111111,0.010486111111111111,0.09791666666666667,1
pooled,recorded,high_reverse_PageRank,srinath46720703,60219,109219,129604,0,1970-01-20T06:43:12+00:00,11,2,0.18181818181818182,0.8181818181818182,0.10440972222222222,0.10440972222222222,0.10440972222222222,1
pooled,recorded,high_reverse_PageRank,prnmohan,60219,109219,129604,0,1970-01-20T06:43:12+00:00,893,104,0.11646136618141098,0.883538633818589,0.024155092592592593,0.12649305555555557,0.1652662037037037,4
pooled,recorded,high_reverse_PageRank,naveenn29048960,60219,109219,129604,0,1970-01-20T06:43:12+00:00,40,6,0.15,0.85,0.1467013888888889,0.1467013888888889,0.15585648148148148,2
pooled,recorded,high_reverse_PageRank,kalpeshmak16,60219,109219,129604,0,1970-01-20T06:43:12+00:00,14,9,0.6428571428571429,0.35714285714285715,0.12392361111111111,0.12392361111111111,0.12392361111111111,1
pooled,recorded,high_reverse_PageRank,bollywoodventu,60219,109219,129604,0,1970-01-20T06:43:12+00:00,74,58,0.7837837837837838,0.21621621621621623,0.10918981481481481,0.10918981481481481,0.16424768518518518,2
pooled,recorded,high_reverse_PageRank,ima_indian,60219,109219,129604,0,1970-01-20T06:43:12+00:00,82,57,0.6951219512195121,0.3048780487804878,0.0017592592592592592,0.04038194444444444,0.15841435185185185,3
pooled,recorded,high_reverse_PageRank,talwinder20,60219,109219,129604,0,1970-01-20T06:43:12+00:00,80,72,0.9,0.1,0.006550925925925926,0.006550925925925926,0.16180555555555556,4
pooled,recorded,high_reverse_PageRank,cnnnews18,60219,109219,129604,0,1970-01-20T06:43:12+00:00,28,26,0.9285714285714286,0.07142857142857142,0.0020833333333333333,0.12680555555555556,0.16539351851851852,2
pooled,recorded,high_reverse_PageRank,katheleenmitro,60219,109219,129604,0,1970-01-20T06:43:12+00:00,3,3,1.0,0.0,0.0077083333333333335,0.0077083333333333335,0.0077083333333333335,1
pooled,recorded,high_reverse_PageRank,plebeuspantomi1,60219,109219,129604,0,1970-01-20T06:43:12+00:00,3,3,1.0,0.0,0.007766203703703704,0.007766203703703704,0.007766203703703704,1
pooled,recorded,high_reverse_PageRank,dhanashree0110,60219,109219,129604,0,1970-01-20T06:43:12+00:00,34,24,0.7058823529411765,0.29411764705882354,0.050277777777777775,0.05708333333333333,0.1448148148148148,2
pooled,recorded,high_reverse_PageRank,gourishg2,60219,109219,129604,0,1970-01-20T06:43:12+00:00,251,90,0.35856573705179284,0.6414342629482072,0.046469907407407404,0.12241898148148148,0.16539351851851852,3
pooled,recorded,high_reverse_PageRank,civilkhan1,60219,109219,129604,0,1970-01-20T06:43:12+00:00,25,25,1.0,0.0,0.013009259259259259,0.12006944444444445,0.15005787037037038,2
pooled,recorded,high_reverse_PageRank,kirtithorat5,60219,109219,129604,0,1970-01-20T06:43:12+00:00,125,44,0.352,0.648,0.0005324074074074074,0.07849537037037037,0.14041666666666666,3
pooled,recorded,high_reverse_PageRank,naatil_evideya,60219,109219,129604,0,1970-01-20T06:43:12+00:00,12,12,1.0,0.0,0.04020833333333333,0.04020833333333333,0.15222222222222223,2
pooled,recorded,high_reverse_PageRank,shenoy_vishal,60219,109219,129604,0,1970-01-20T06:43:12+00:00,893,52,0.05823068309070549,0.9417693169092946,0.06225694444444444,0.13381944444444444,0.1645023148148148,3
pooled,recorded,high_reverse_PageRank,maharaj_ishu,60219,109219,129604,0,1970-01-20T06:43:12+00:00,157,33,0.21019108280254778,0.7898089171974523,0.0825462962962963,0.11671296296296296,0.1635300925925926,3
pooled,recorded,high_reverse_PageRank,lloydrodr28,60219,109219,129604,0,1970-01-20T06:43:12+00:00,127,120,0.9448818897637795,0.05511811023622047,0.0011111111111111111,0.06785879629629629,0.16539351851851852,4
pooled,recorded,high_reverse_PageRank,orbind1,60219,109219,129604,0,1970-01-20T06:43:12+00:00,46,20,0.43478260869565216,0.5652173913043478,0.11775462962962963,0.12560185185185185,0.13359953703703703,2
pooled,recorded,high_reverse_PageRank,junglijalebi,60219,109219,129604,0,1970-01-20T06:43:12+00:00,91,73,0.8021978021978022,0.1978021978021978,0.013460648148148149,0.10894675925925926,0.16539351851851852,4
pooled,recorded,high_reverse_PageRank,bhagyavanthanu,60219,109219,129604,0,1970-01-20T06:43:12+00:00,6,5,0.8333333333333334,0.16666666666666666,0.15119212962962963,0.15364583333333334,0.15364583333333334,2
pooled,recorded,high_reverse_PageRank,ajaygond04,60219,109219,129604,0,1970-01-20T06:43:12+00:00,12,12,1.0,0.0,0.09265046296296296,0.09265046296296296,0.09265046296296296,1
pooled,recorded,high_reverse_PageRank,hansragurpreet,60219,109219,129604,0,1970-01-20T06:43:12+00:00,14,12,0.8571428571428571,0.14285714285714285,0.04905092592592593,0.04905092592592593,0.04905092592592593,1
pooled,recorded,high_reverse_PageRank,abhishekindoria,60219,109219,129604,0,1970-01-20T06:43:12+00:00,20,18,0.9,0.1,0.12125,0.12125,0.1289236111111111,1
pooled,recorded,high_reverse_PageRank,roary2035,60219,109219,129604,0,1970-01-20T06:43:12+00:00,18,15,0.8333333333333334,0.16666666666666666,0.06923611111111111,0.10928240740740741,0.16037037037037036,2
pooled,recorded,high_reverse_PageRank,abhisek17191664,60219,109219,129604,0,1970-01-20T06:43:12+00:00,227,12,0.05286343612334802,0.947136563876652,0.003576388888888889,0.00365162037037037,0.0783912037037037,1
pooled,recorded,high_reverse_PageRank,priyangmenon,60219,109219,129604,0,1970-01-20T06:43:12+00:00,94,49,0.5212765957446809,0.4787234042553192,0.019085648148148147,0.13828703703703704,0.1584837962962963,2
pooled,recorded,high_reverse_PageRank,lopes_naz,60219,109219,129604,0,1970-01-20T06:43:12+00:00,937,36,0.0384204909284952,0.9615795090715048,0.15649305555555557,0.1596064814814815,0.1650925925925926,2
pooled,recorded,high_reverse_PageRank,therenndogg,60219,109219,129604,0,1970-01-20T06:43:12+00:00,8,7,0.875,0.125,0.12560185185185185,0.12560185185185185,0.1257060185185185,2
pooled,recorded,high_reverse_PageRank,passionfornews,60219,109219,129604,0,1970-01-20T06:43:12+00:00,140,85,0.6071428571428571,0.39285714285714285,0.024155092592592593,0.10659722222222222,0.1635300925925926,3
pooled,recorded,high_reverse_PageRank,mudassirrahman0,60219,109219,129604,0,1970-01-20T06:43:12+00:00,17,17,1.0,0.0,0.0962962962962963,0.0962962962962963,0.12438657407407408,1
pooled,recorded,high_reverse_PageRank,rituparnasarm10,60219,109219,129604,0,1970-01-20T06:43:12+00:00,22,22,1.0,0.0,0.0005555555555555556,0.0011168981481481481,0.04666666666666667,1
pooled,recorded,high_reverse_PageRank,so_fa_kinghappy,60219,109219,129604,0,1970-01-20T06:43:12+00:00,4,1,0.25,0.75,0.02244212962962963,0.02244212962962963,0.02244212962962963,1
pooled,recorded,high_reverse_PageRank,utsavpansari,60219,109219,129604,0,1970-01-20T06:43:12+00:00,61,41,0.6721311475409836,0.32786885245901637,0.028171296296296295,0.1237037037037037,0.15893518518518518,2
pooled,recorded,high_reverse_PageRank,parthodas_,60219,109219,129604,0,1970-01-20T06:43:12+00:00,3,3,1.0,0.0,0.01568287037037037,0.023275462962962963,0.03450231481481481,2
pooled,recorded,high_reverse_PageRank,indian_better,60219,109219,129604,0,1970-01-20T06:43:12+00:00,49,32,0.6530612244897959,0.3469387755102041,0.04476851851851852,0.14089120370370373,0.1571759259259259,1
pooled,recorded,high_reverse_PageRank,american_47,60219,109219,129604,0,1970-01-20T06:43:12+00:00,12,12,1.0,0.0,0.018229166666666668,0.018229166666666668,0.018229166666666668,1
pooled,recorded,high_reverse_PageRank,anand_kumar86,60219,109219,129604,0,1970-01-20T06:43:12+00:00,14,14,1.0,0.0,0.0027430555555555554,0.0027430555555555554,0.14825231481481482,2
pooled,recorded,high_reverse_PageRank,vanaga_mudi,60219,109219,129604,0,1970-01-20T06:43:12+00:00,5,5,1.0,0.0,0.010023148148148147,0.010023148148148147,0.010023148148148147,1
pooled,recorded,high_reverse_PageRank,vidhyas33835629,60219,109219,129604,0,1970-01-20T06:43:12+00:00,5,5,1.0,0.0,0.009953703703703704,0.009953703703703704,0.009953703703703704,1
pooled,recorded,high_reverse_PageRank,tonyjames_here,60219,109219,129604,0,1970-01-20T06:43:12+00:00,3,3,1.0,0.0,0.010671296296296297,0.010671296296296297,0.010671296296296297,1
pooled,recorded,high_reverse_PageRank,globalsitizn,60219,109219,129604,0,1970-01-20T06:43:12+00:00,8,5,0.625,0.375,0.013969907407407407,0.09871527777777778,0.12805555555555556,1
pooled,recorded,high_reverse_PageRank,jredoss,60219,109219,129604,0,1970-01-20T06:43:12+00:00,12,12,1.0,0.0,0.06731481481481481,0.06731481481481481,0.06731481481481481,1
pooled,recorded,high_reverse_PageRank,shobhasagar,60219,109219,129604,0,1970-01-20T06:43:12+00:00,29,29,1.0,0.0,0.04517361111111111,0.048761574074074075,0.14868055555555557,3
pooled,recorded,high_reverse_PageRank,deel_0072,60219,109219,129604,0,1970-01-20T06:43:12+00:00,11,11,1.0,0.0,0.10928240740740741,0.10928240740740741,0.10928240740740741,1
pooled,recorded,high_reverse_PageRank,parashramrathod,60219,109219,129604,0,1970-01-20T06:43:12+00:00,11,11,1.0,0.0,0.015601851851851851,0.015601851851851851,0.015601851851851851,1
pooled,recorded,high_reverse_PageRank,tibetpeople,60219,109219,129604,0,1970-01-20T06:43:12+00:00,11,11,1.0,0.0,0.01752314814814815,0.01752314814814815,0.01752314814814815,1
pooled,recorded,high_reverse_PageRank,varun_yad22,60219,109219,129604,0,1970-01-20T06:43:12+00:00,102,44,0.43137254901960786,0.5686274509803921,0.003460648148148148,0.09716435185185185,0.15667824074074074,3
pooled,recorded,high_reverse_PageRank,vijayhema87,60219,109219,129604,0,1970-01-20T06:43:12+00:00,338,78,0.23076923076923078,0.7692307692307693,0.0012962962962962963,0.0911400462962963,0.16366898148148148,4
pooled,recorded,high_reverse_PageRank,ejazea92,60219,109219,129604,0,1970-01-20T06:43:12+00:00,19,17,0.8947368421052632,0.10526315789473684,0.003587962962962963,0.15652777777777777,0.15652777777777777,2
pooled,recorded,high_reverse_PageRank,special_033,60219,109219,129604,0,1970-01-20T06:43:12+00:00,19,18,0.9473684210526315,0.05263157894736842,0.08537037037037037,0.08537037037037037,0.16405092592592593,2
pooled,recorded,high_reverse_PageRank,___ambassador__,60219,109219,129604,0,1970-01-20T06:43:12+00:00,14,10,0.7142857142857143,0.2857142857142857,0.037488425925925925,0.08108796296296297,0.16061342592592592,2
pooled,recorded,high_reverse_PageRank,krispwales,60219,109219,129604,0,1970-01-20T06:43:12+00:00,3,3,1.0,0.0,0.010694444444444444,0.010694444444444444,0.010694444444444444,1
pooled,recorded,high_reverse_PageRank,sivaramj7,60219,109219,129604,0,1970-01-20T06:43:12+00:00,115,22,0.19130434782608696,0.808695652173913,0.029618055555555557,0.1433449074074074,0.1628125,3
pooled,recorded,high_reverse_PageRank,ansom68,60219,109219,129604,0,1970-01-20T06:43:12+00:00,77,47,0.6103896103896104,0.38961038961038963,0.04366898148148148,0.07114583333333334,0.16539351851851852,3
pooled,recorded,high_reverse_PageRank,vineet66,60219,109219,129604,0,1970-01-20T06:43:12+00:00,65,62,0.9538461538461539,0.046153846153846156,0.0020949074074074073,0.0390625,0.16366898148148148,3
pooled,recorded,high_reverse_PageRank,indian_online,60219,109219,129604,0,1970-01-20T06:43:12+00:00,139,61,0.43884892086330934,0.5611510791366906,0.005393518518518519,0.06365740740740741,0.16358796296296296,3
pooled,recorded,high_reverse_PageRank,shaziaa222,60219,109219,129604,0,1970-01-20T06:43:12+00:00,81,67,0.8271604938271605,0.1728395061728395,0.03144675925925926,0.03144675925925926,0.16424768518518518,3
pooled,recorded,high_reverse_PageRank,rakeshp93001401,60219,109219,129604,0,1970-01-20T06:43:12+00:00,66,39,0.5909090909090909,0.4090909090909091,0.011516203703703704,0.11002314814814815,0.1547337962962963,4
pooled,recorded,high_reverse_PageRank,imdaddy2648,60219,109219,129604,0,1970-01-20T06:43:12+00:00,4,4,1.0,0.0,0.14537037037037037,0.15036458333333333,0.1553587962962963,1
pooled,recorded,high_reverse_PageRank,pradeepv21,60219,109219,129604,0,1970-01-20T06:43:12+00:00,36,36,1.0,0.0,0.016724537037037038,0.0721875,0.14435185185185184,3
pooled,recorded,high_reverse_PageRank,milveteran,60219,109219,129604,0,1970-01-20T06:43:12+00:00,30,24,0.8,0.2,0.05333333333333334,0.12717592592592591,0.1629861111111111,2
pooled,recorded,high_reverse_PageRank,rajtmulchandani,60219,109219,129604,0,1970-01-20T06:43:12+00:00,21,19,0.9047619047619048,0.09523809523809523,0.04212962962962963,0.04212962962962963,0.13328703703703704,3
pooled,recorded,high_reverse_PageRank,pauloindia,60219,109219,129604,0,1970-01-20T06:43:12+00:00,18,18,1.0,0.0,0.050416666666666665,0.14469907407407406,0.14469907407407406,1
pooled,recorded,high_reverse_PageRank,neenarichie33,60219,109219,129604,0,1970-01-20T06:43:12+00:00,15,15,1.0,0.0,0.006759259259259259,0.007511574074074074,0.03449074074074074,1
pooled,recorded,high_reverse_PageRank,srfinance2,60219,109219,129604,0,1970-01-20T06:43:12+00:00,11,11,1.0,0.0,0.07325231481481481,0.07325231481481481,0.07325231481481481,1
pooled,recorded,high_reverse_PageRank,prateekpanda441,60219,109219,129604,0,1970-01-20T06:43:12+00:00,21,16,0.7619047619047619,0.23809523809523808,0.13824074074074075,0.13824074074074075,0.13824074074074075,1
pooled,recorded,high_reverse_PageRank,dr_drsmichael,60219,109219,129604,0,1970-01-20T06:43:12+00:00,8,2,0.25,0.75,0.12733796296296296,0.12733796296296296,0.12733796296296296,1
pooled,recorded,high_reverse_PageRank,abdul72gaffar,60219,109219,129604,0,1970-01-20T06:43:12+00:00,19,18,0.9473684210526315,0.05263157894736842,0.050104166666666665,0.050104166666666665,0.15356481481481482,2
pooled,recorded,high_reverse_PageRank,dr_pammymc,60219,109219,129604,0,1970-01-20T06:43:12+00:00,15,15,1.0,0.0,0.0849074074074074,0.0849074074074074,0.09866898148148148,1
pooled,recorded,high_reverse_PageRank,cadlam,60219,109219,129604,0,1970-01-20T06:43:12+00:00,11,11,1.0,0.0,0.034131944444444444,0.034131944444444444,0.14458333333333334,2
pooled,recorded,high_reverse_PageRank,neurodoctor4,60219,109219,129604,0,1970-01-20T06:43:12+00:00,33,33,1.0,0.0,0.0006597222222222222,0.0027430555555555554,0.05938657407407407,2
pooled,recorded,high_reverse_PageRank,vasportsandent1,60219,109219,129604,0,1970-01-20T06:43:12+00:00,36,13,0.3611111111111111,0.6388888888888888,0.09175925925925926,0.14616898148148147,0.15585648148148148,1
pooled,recorded,high_reverse_PageRank,prabalghorai,60219,109219,129604,0,1970-01-20T06:43:12+00:00,30,29,0.9666666666666667,0.03333333333333333,0.004293981481481481,0.07918981481481481,0.14831018518518518,2
pooled,recorded,high_reverse_PageRank,india_on_move,60219,109219,129604,0,1970-01-20T06:43:12+00:00,172,82,0.47674418604651164,0.5232558139534884,0.0014583333333333334,0.10579282407407407,0.16472222222222221,5
pooled,recorded,high_reverse_PageRank,mindgage,60219,109219,129604,0,1970-01-20T06:43:12+00:00,2,2,1.0,0.0,0.05625,0.10978587962962963,0.16332175925925926,1
pooled,recorded,high_reverse_PageRank,otherotheryan,60219,109219,129604,0,1970-01-20T06:43:12+00:00,2,2,1.0,0.0,0.12510416666666666,0.12510416666666666,0.12510416666666666,1
pooled,recorded,high_reverse_PageRank,tulunadus,60219,109219,129604,0,1970-01-20T06:43:12+00:00,2,2,1.0,0.0,0.16180555555555556,0.16180555555555556,0.16180555555555556,1
pooled,recorded,high_reverse_PageRank,drnitinchaube,60219,109219,129604,0,1970-01-20T06:43:12+00:00,707,72,0.10183875530410184,0.8981612446958982,0.02528935185185185,0.12352430555555555,0.16539351851851852,3
pooled,recorded,high_reverse_PageRank,killwick299,60219,109219,129604,0,1970-01-20T06:43:12+00:00,342,11,0.03216374269005848,0.9678362573099415,0.09859953703703704,0.13175925925925927,0.1527199074074074,3
pooled,recorded,high_reverse_PageRank,gaulechhanitin,60219,109219,129604,0,1970-01-20T06:43:12+00:00,4,4,1.0,0.0,0.013321759259259259,0.013321759259259259,0.04717592592592593,1
pooled,recorded,high_reverse_PageRank,tilakbm,60219,109219,129604,0,1970-01-20T06:43:12+00:00,891,337,0.3782267115600449,0.621773288439955,0.0011458333333333333,0.11385416666666667,0.16539351851851852,6
pooled,recorded,high_reverse_PageRank,anikets41618905,60219,109219,129604,0,1970-01-20T06:43:12+00:00,3,3,1.0,0.0,0.04116898148148148,0.04116898148148148,0.04116898148148148,1
pooled,recorded,high_reverse_PageRank,huzaifa12916549,60219,109219,129604,0,1970-01-20T06:43:12+00:00,3,3,1.0,0.0,0.04125,0.04125,0.04125,1
pooled,recorded,high_reverse_PageRank,kannadave_usiru,60219,109219,129604,0,1970-01-20T06:43:12+00:00,70,28,0.4,0.6,0.03765046296296296,0.0994386574074074,0.16255787037037037,3
pooled,recorded,high_reverse_PageRank,vulcanjoker,60219,109219,129604,0,1970-01-20T06:43:12+00:00,4,4,1.0,0.0,0.013402777777777777,0.013402777777777777,0.04717592592592593,2
pooled,recorded,high_reverse_PageRank,basedbookshelf,60219,109219,129604,0,1970-01-20T06:43:12+00:00,11,11,1.0,0.0,0.06072916666666667,0.06072916666666667,0.06072916666666667,1
pooled,recorded,high_reverse_PageRank,nimesh_yb,60219,109219,129604,0,1970-01-20T06:43:12+00:00,23,23,1.0,0.0,0.14511574074074074,0.14511574074074074,0.14511574074074074,1
pooled,recorded,high_reverse_PageRank,kashmireahasaan,60219,109219,129604,0,1970-01-20T06:43:12+00:00,11,10,0.9090909090909091,0.09090909090909091,0.11362268518518519,0.11362268518518519,0.11362268518518519,1
pooled,recorded,high_reverse_PageRank,bomber_ant,60219,109219,129604,0,1970-01-20T06:43:12+00:00,49,29,0.5918367346938775,0.40816326530612246,0.010532407407407407,0.10699074074074075,0.16555555555555557,3
pooled,recorded,high_reverse_PageRank,legokingo,60219,109219,129604,0,1970-01-20T06:43:12+00:00,2,2,1.0,0.0,0.1247337962962963,0.1247337962962963,0.1247337962962963,1
pooled,recorded,high_reverse_PageRank,ghoshkk,60219,109219,129604,0,1970-01-20T06:43:12+00:00,206,104,0.5048543689320388,0.49514563106796117,0.015162037037037036,0.12154513888888888,0.16539351851851852,2
pooled,recorded,high_reverse_PageRank,rishijoesanu,60219,109219,129604,0,1970-01-20T06:43:12+00:00,95,43,0.45263157894736844,0.5473684210526316,0.026747685185185187,0.11002314814814815,0.16563657407407406,5
pooled,recorded,high_reverse_PageRank,akanuv108,60219,109219,129604,0,1970-01-20T06:43:12+00:00,42,15,0.35714285714285715,0.6428571428571429,0.1037037037037037,0.1553125,0.1624537037037037,2
pooled,recorded,high_reverse_PageRank,amankupa,60219,109219,129604,0,1970-01-20T06:43:12+00:00,4,4,1.0,0.0,0.14552083333333332,0.1504398148148148,0.1553587962962963,2
pooled,recorded,high_reverse_PageRank,fadasonnnamdi,60219,109219,129604,0,1970-01-20T06:43:12+00:00,14,11,0.7857142857142857,0.21428571428571427,0.1529861111111111,0.1529861111111111,0.1529861111111111,1
pooled,recorded,high_reverse_PageRank,mmjavaida,60219,109219,129604,0,1970-01-20T06:43:12+00:00,12,12,1.0,0.0,0.03960648148148148,0.03960648148148148,0.03960648148148148,1
pooled,recorded,high_reverse_PageRank,tamilkarthik75,60219,109219,129604,0,1970-01-20T06:43:12+00:00,210,50,0.23809523809523808,0.7619047619047619,0.06354166666666666,0.1297337962962963,0.16461805555555556,7
pooled,recorded,high_reverse_PageRank,dharma4x,60219,109219,129604,0,1970-01-20T06:43:12+00:00,105,72,0.6857142857142857,0.3142857142857143,0.010451388888888889,0.08155092592592593,0.16539351851851852,4
pooled,recorded,high_reverse_PageRank,penpapper2311,60219,109219,129604,0,1970-01-20T06:43:12+00:00,11,11,1.0,0.0,0.0020717592592592593,0.0020717592592592593,0.0020717592592592593,1
pooled,recorded,high_reverse_PageRank,ankurtiwari357,60219,109219,129604,0,1970-01-20T06:43:12+00:00,10,10,1.0,0.0,0.13923611111111112,0.13923611111111112,0.13923611111111112,1
pooled,recorded,high_reverse_PageRank,cssmjcksn,60219,109219,129604,0,1970-01-20T06:43:12+00:00,10,10,1.0,0.0,0.0027083333333333334,0.0027083333333333334,0.0027083333333333334,1
pooled,recorded,high_reverse_PageRank,kavita012005,60219,109219,129604,0,1970-01-20T06:43:12+00:00,10,10,1.0,0.0,0.08262731481481482,0.08262731481481482,0.08262731481481482,1
pooled,recorded,high_reverse_PageRank,adithyam125,60219,109219,129604,0,1970-01-20T06:43:12+00:00,2,2,1.0,0.0,0.053530092592592594,0.053530092592592594,0.053530092592592594,1
pooled,recorded,high_reverse_PageRank,alpha_raghav,60219,109219,129604,0,1970-01-20T06:43:12+00:00,2,2,1.0,0.0,0.013541666666666667,0.013541666666666667,0.013541666666666667,1
pooled,recorded,high_reverse_PageRank,executor451,60219,109219,129604,0,1970-01-20T06:43:12+00:00,2,2,1.0,0.0,0.05351851851851852,0.05351851851851852,0.05351851851851852,1
pooled,recorded,high_reverse_PageRank,itihaas99999,60219,109219,129604,0,1970-01-20T06:43:12+00:00,2,2,1.0,0.0,0.013530092592592592,0.013530092592592592,0.013530092592592592,1
pooled,recorded,high_reverse_PageRank,jatinpanwar2411,60219,109219,129604,0,1970-01-20T06:43:12+00:00,2,2,1.0,0.0,0.1501273148148148,0.1501273148148148,0.1501273148148148,1
pooled,recorded,high_reverse_PageRank,sanghi_hitech,60219,109219,129604,0,1970-01-20T06:43:12+00:00,2,2,1.0,0.0,0.150625,0.150625,0.150625,1
pooled,recorded,high_reverse_PageRank,rocky_coool,60219,109219,129604,0,1970-01-20T06:43:12+00:00,169,110,0.650887573964497,0.34911242603550297,0.007361111111111111,0.11464699074074074,0.16539351851851852,3
pooled,recorded,high_reverse_PageRank,gauagg,60219,109219,129604,0,1970-01-20T06:43:12+00:00,62,59,0.9516129032258065,0.04838709677419355,3.472222222222222e-05,0.0372337962962963,0.15270833333333333,3
pooled,recorded,high_reverse_PageRank,contactvvr,60219,109219,129604,0,1970-01-20T06:43:12+00:00,72,12,0.16666666666666666,0.8333333333333334,0.16135416666666666,0.16258101851851853,0.16258101851851853,1
pooled,recorded,high_reverse_PageRank,swordfish978,60219,109219,129604,0,1970-01-20T06:43:12+00:00,2,2,1.0,0.0,0.12474537037037037,0.12474537037037037,0.12474537037037037,1
pooled,recorded,high_reverse_PageRank,arnavsahil7,60219,109219,129604,0,1970-01-20T06:43:12+00:00,12,12,1.0,0.0,0.09701388888888889,0.10011574074074074,0.1171412037037037,3
pooled,recorded,high_reverse_PageRank,sauravshree,60219,109219,129604,0,1970-01-20T06:43:12+00:00,14,14,1.0,0.0,0.058784722222222224,0.058784722222222224,0.058784722222222224,1
pooled,recorded,high_reverse_PageRank,kamini777,60219,109219,129604,0,1970-01-20T06:43:12+00:00,91,27,0.2967032967032967,0.7032967032967034,0.1585763888888889,0.1585763888888889,0.1585763888888889,1
pooled,recorded,high_reverse_PageRank,saravana_2785,60219,109219,129604,0,1970-01-20T06:43:12+00:00,26,14,0.5384615384615384,0.46153846153846156,0.05115740740740741,0.14277777777777778,0.14783564814814815,2
pooled,recorded,high_reverse_PageRank,beenbanned3rd,60219,109219,129604,0,1970-01-20T06:43:12+00:00,19,7,0.3684210526315789,0.631578947368421,0.13412037037037036,0.13412037037037036,0.14123842592592592,2
pooled,recorded,high_reverse_PageRank,colamitkumar,60219,109219,129604,0,1970-01-20T06:43:12+00:00,2,2,1.0,0.0,0.1615625,0.1616840277777778,0.16180555555555556,2
pooled,recorded,high_reverse_PageRank,naiyaandinaina,60219,109219,129604,0,1970-01-20T06:43:12+00:00,2,2,1.0,0.0,0.05634259259259259,0.10983217592592592,0.16332175925925926,2
pooled,recorded,high_reverse_PageRank,trillmoregirls,60219,109219,129604,0,1970-01-20T06:43:12+00:00,2,1,0.5,0.5,0.12511574074074075,0.12511574074074075,0.12511574074074075,1
pooled,recorded,high_reverse_PageRank,indiatoday,60219,109219,129604,0,1970-01-20T06:43:12+00:00,56,50,0.8928571428571429,0.10714285714285714,0.002638888888888889,0.06365740740740741,0.1635300925925926,2
pooled,recorded,high_reverse_PageRank,gunnymikawa1,60219,109219,129604,0,1970-01-20T06:43:12+00:00,77,21,0.2727272727272727,0.7272727272727273,0.09409722222222222,0.09409722222222222,0.1635300925925926,3
pooled,recorded,high_reverse_PageRank,thetweetingpie,60219,109219,129604,0,1970-01-20T06:43:12+00:00,11,11,1.0,0.0,0.11951388888888889,0.11951388888888889,0.11951388888888889,1
pooled,recorded,high_reverse_PageRank,purivirender,60219,109219,129604,0,1970-01-20T06:43:12+00:00,84,38,0.4523809523809524,0.5476190476190477,0.019224537037037037,0.13849537037037038,0.15667824074074074,3
pooled,recorded,high_reverse_PageRank,ask07_ilu,60219,109219,129604,0,1970-01-20T06:43:12+00:00,12,12,1.0,0.0,0.1517824074074074,0.1517824074074074,0.1517824074074074,1
pooled,recorded,high_reverse_PageRank,ritikaachaudhry,60219,109219,129604,0,1970-01-20T06:43:12+00:00,13,12,0.9230769230769231,0.07692307692307693,0.0937962962962963,0.0937962962962963,0.0937962962962963,1
pooled,recorded,high_reverse_PageRank,unbrahmachari,60219,109219,129604,0,1970-01-20T06:43:12+00:00,19,19,1.0,0.0,0.06782407407407408,0.0937962962962963,0.12863425925925925,2
pooled,recorded,high_reverse_PageRank,repealtcpa1947,60219,109219,129604,0,1970-01-20T06:43:12+00:00,96,2,0.020833333333333332,0.9791666666666666,0.1638425925925926,0.16473958333333333,0.16563657407407406,2
pooled,recorded,high_reverse_PageRank,gouravpargal,60219,109219,129604,0,1970-01-20T06:43:12+00:00,19,19,1.0,0.0,0.023819444444444445,0.025219907407407406,0.11961805555555556,2
pooled,recorded,high_reverse_PageRank,tejpeer,60219,109219,129604,0,1970-01-20T06:43:12+00:00,28,27,0.9642857142857143,0.03571428571428571,0.008923611111111111,0.008923611111111111,0.1592939814814815,2
pooled,recorded,high_reverse_PageRank,murmu750,60219,109219,129604,0,1970-01-20T06:43:12+00:00,170,15,0.08823529411764706,0.9117647058823529,0.12730324074074073,0.1385648148148148,0.16366898148148148,3
pooled,recorded,high_reverse_PageRank,srinusanapathi8,60219,109219,129604,0,1970-01-20T06:43:12+00:00,24,13,0.5416666666666666,0.4583333333333333,0.028391203703703703,0.029583333333333333,0.042326388888888886,1
pooled,recorded,high_reverse_PageRank,pulkitk107,60219,109219,129604,0,1970-01-20T06:43:12+00:00,10,10,1.0,0.0,0.029363425925925925,0.029363425925925925,0.029363425925925925,1
pooled,recorded,high_reverse_PageRank,sachinkunal114,60219,109219,129604,0,1970-01-20T06:43:12+00:00,69,8,0.11594202898550725,0.8840579710144928,0.05269675925925926,0.10346643518518518,0.16243055555555555,2
pooled,recorded,high_reverse_PageRank,no4hypo,60219,109219,129604,0,1970-01-20T06:43:12+00:00,29,3,0.10344827586206896,0.896551724137931,0.16127314814814814,0.16127314814814814,0.16127314814814814,1
pooled,recorded,high_reverse_PageRank,gopalkris1983,60219,109219,129604,0,1970-01-20T06:43:12+00:00,116,59,0.5086206896551724,0.49137931034482757,0.1371412037037037,0.1371412037037037,0.16539351851851852,3
pooled,recorded,high_reverse_PageRank,kakasahebbadami,60219,109219,129604,0,1970-01-20T06:43:12+00:00,44,35,0.7954545454545454,0.20454545454545456,0.03965277777777778,0.06584490740740741,0.14747685185185186,2
pooled,recorded,high_reverse_PageRank,conradkbarwa,60219,109219,129604,0,1970-01-20T06:43:12+00:00,18,12,0.6666666666666666,0.3333333333333333,0.001875,0.04196759259259259,0.1605902777777778,2
pooled,recorded,high_reverse_PageRank,bijayku47941721,60219,109219,129604,0,1970-01-20T06:43:12+00:00,13,13,1.0,0.0,0.017673611111111112,0.017673611111111112,0.10665509259259259,1
pooled,recorded,high_reverse_PageRank,divdivdiv,60219,109219,129604,0,1970-01-20T06:43:12+00:00,22,16,0.7272727272727273,0.2727272727272727,0.010081018518518519,0.06502314814814815,0.14050925925925925,2
pooled,recorded,high_reverse_PageRank,vijnad,60219,109219,129604,0,1970-01-20T06:43:12+00:00,15,7,0.4666666666666667,0.5333333333333333,0.105,0.10684027777777778,0.13653935185185184,2
pooled,recorded,high_reverse_PageRank,abhishe55608931,60219,109219,129604,0,1970-01-20T06:43:12+00:00,16,16,1.0,0.0,0.04857638888888889,0.060266203703703704,0.10064814814814815,2
pooled,recorded,high_reverse_PageRank,nishagupta__1,60219,109219,129604,0,1970-01-20T06:43:12+00:00,25,13,0.52,0.48,0.04729166666666667,0.13119212962962962,0.15016203703703704,2
pooled,recorded,high_reverse_PageRank,riderindian08,60219,109219,129604,0,1970-01-20T06:43:12+00:00,144,78,0.5416666666666666,0.4583333333333333,0.0024074074074074076,0.08305555555555555,0.16420138888888888,5
pooled,recorded,high_reverse_PageRank,howfunnyismath,60219,109219,129604,0,1970-01-20T06:43:12+00:00,41,15,0.36585365853658536,0.6341463414634146,0.12560185185185185,0.12560185185185185,0.13359953703703703,1
pooled,recorded,high_reverse_PageRank,nikunjforinc,60219,109219,129604,0,1970-01-20T06:43:12+00:00,117,38,0.3247863247863248,0.6752136752136753,0.021736111111111112,0.12894675925925925,0.16530092592592593,3
pooled,recorded,high_reverse_PageRank,jaggu_ind,60219,109219,129604,0,1970-01-20T06:43:12+00:00,15,15,1.0,0.0,0.027905092592592592,0.027905092592592592,0.027905092592592592,1
pooled,recorded,high_reverse_PageRank,upendrasuryade1,60219,109219,129604,0,1970-01-20T06:43:12+00:00,2,2,1.0,0.0,0.027256944444444445,0.027256944444444445,0.027256944444444445,1
pooled,recorded,high_reverse_PageRank,bkmshr,60219,109219,129604,0,1970-01-20T06:43:12+00:00,19,16,0.8421052631578947,0.15789473684210525,0.05267361111111111,0.1403009259259259,0.1403009259259259,2
pooled,recorded,high_reverse_PageRank,shishir_heg,60219,109219,129604,0,1970-01-20T06:43:12+00:00,12,12,1.0,0.0,0.1361226851851852,0.1361226851851852,0.1361226851851852,1
pooled,recorded,high_reverse_PageRank,notgonnatilt,60219,109219,129604,0,1970-01-20T06:43:12+00:00,44,5,0.11363636363636363,0.8863636363636364,0.12258101851851852,0.1605324074074074,0.16554398148148147,2
pooled,recorded,high_reverse_PageRank,vikram140gulati,60219,109219,129604,0,1970-01-20T06:43:12+00:00,137,83,0.6058394160583942,0.39416058394160586,0.001724537037037037,0.10659722222222222,0.16539351851851852,3
pooled,recorded,high_reverse_PageRank,photomessenger,60219,109219,129604,0,1970-01-20T06:43:12+00:00,20,13,0.65,0.35,0.13162037037037036,0.15630787037037036,0.16480324074074074,2
pooled,recorded,high_reverse_PageRank,strangerthnredz,60219,109219,129604,0,1970-01-20T06:43:12+00:00,63,39,0.6190476190476191,0.38095238095238093,0.00980324074074074,0.11002314814814815,0.1547337962962963,3
pooled,recorded,high_reverse_PageRank,nishanth_mm,60219,109219,129604,0,1970-01-20T06:43:12+00:00,23,23,1.0,0.0,0.026284722222222223,0.03519675925925926,0.13849537037037038,3
pooled,recorded,high_reverse_PageRank,anilsharma45,60219,109219,129604,0,1970-01-20T06:43:12+00:00,50,35,0.7,0.3,0.017604166666666667,0.13849537037037038,0.16556712962962963,4
pooled,recorded,high_reverse_PageRank,observe_india,60219,109219,129604,0,1970-01-20T06:43:12+00:00,11,11,1.0,0.0,0.028287037037037038,0.028287037037037038,0.028287037037037038,1
pooled,recorded,high_reverse_PageRank,selvarajkannan9,60219,109219,129604,0,1970-01-20T06:43:12+00:00,86,43,0.5,0.5,0.017256944444444443,0.11707175925925926,0.16508101851851853,3
pooled,recorded,high_reverse_PageRank,indian_4477,60219,109219,129604,0,1970-01-20T06:43:12+00:00,82,58,0.7073170731707317,0.2926829268292683,0.013055555555555556,0.04055555555555555,0.15841435185185185,5
pooled,recorded,high_reverse_PageRank,nitishmishra387,60219,109219,129604,0,1970-01-20T06:43:12+00:00,12,12,1.0,0.0,0.15030092592592592,0.15030092592592592,0.15030092592592592,1
pooled,recorded,high_reverse_PageRank,envyk_blr,60219,109219,129604,0,1970-01-20T06:43:12+00:00,169,26,0.15384615384615385,0.8461538461538461,0.005324074074074074,0.1162037037037037,0.1553240740740741,3
pooled,recorded,high_reverse_PageRank,indian_ireland,60219,109219,129604,0,1970-01-20T06:43:12+00:00,10,10,1.0,0.0,0.0006481481481481481,0.11755787037037038,0.1608101851851852,1
pooled,recorded,high_reverse_PageRank,deepakgujarat42,60219,109219,129604,0,1970-01-20T06:43:12+00:00,9,9,1.0,0.0,0.09050925925925926,0.09050925925925926,0.09050925925925926,1
pooled,recorded,high_reverse_PageRank,faizan_khan_614,60219,109219,129604,0,1970-01-20T06:43:12+00:00,9,9,1.0,0.0,0.11673611111111111,0.11673611111111111,0.11673611111111111,1
pooled,recorded,high_reverse_PageRank,iam_real_indian,60219,109219,129604,0,1970-01-20T06:43:12+00:00,33,27,0.8181818181818182,0.18181818181818182,0.030520833333333334,0.031238425925925926,0.1625925925925926,3
pooled,recorded,high_reverse_PageRank,davidmenon14,60219,109219,129604,0,1970-01-20T06:43:12+00:00,22,22,1.0,0.0,0.13528935185185184,0.13528935185185184,0.13528935185185184,1
pooled,recorded,high_reverse_PageRank,_3c273,60219,109219,129604,0,1970-01-20T06:43:12+00:00,22,12,0.5454545454545454,0.45454545454545453,0.08987268518518518,0.1409375,0.16556712962962963,2
pooled,recorded,high_reverse_PageRank,yaduvanshi720,60219,109219,129604,0,1970-01-20T06:43:12+00:00,38,15,0.39473684210526316,0.6052631578947368,0.02454861111111111,0.08351851851851852,0.13832175925925927,3
pooled,recorded,high_reverse_PageRank,smart__indian,60219,109219,129604,0,1970-01-20T06:43:12+00:00,17,13,0.7647058823529411,0.23529411764705882,0.030439814814814815,0.1263425925925926,0.15016203703703704,1
pooled,recorded,high_reverse_PageRank,manishbpl1,60219,109219,129604,0,1970-01-20T06:43:12+00:00,45,45,1.0,0.0,0.0052893518518518515,0.11344907407407408,0.14075231481481482,3
pooled,recorded,high_reverse_PageRank,s386er1,60219,109219,129604,0,1970-01-20T06:43:12+00:00,43,42,0.9767441860465116,0.023255813953488372,0.006585648148148148,0.006585648148148148,0.13849537037037038,3
pooled,recorded,high_reverse_PageRank,connected2india,60219,109219,129604,0,1970-01-20T06:43:12+00:00,10,9,0.9,0.1,0.0032060185185185186,0.11267361111111111,0.1646527777777778,3
pooled,recorded,high_reverse_PageRank,hv_heisenberg,60219,109219,129604,0,1970-01-20T06:43:12+00:00,15,7,0.4666666666666667,0.5333333333333333,0.044710648148148145,0.044710648148148145,0.09931712962962963,2
pooled,recorded,high_reverse_PageRank,vadebloom,60219,109219,129604,0,1970-01-20T06:43:12+00:00,103,77,0.7475728155339806,0.2524271844660194,0.007523148148148148,0.057256944444444444,0.1635300925925926,4
pooled,recorded,high_reverse_PageRank,arslanpctfan,60219,109219,129604,0,1970-01-20T06:43:12+00:00,84,31,0.36904761904761907,0.6309523809523809,0.017592592592592594,0.08383101851851851,0.16508101851851853,4
pooled,recorded,high_reverse_PageRank,rjrahulrjrahul,60219,109219,129604,0,1970-01-20T06:43:12+00:00,19,18,0.9473684210526315,0.05263157894736842,0.003425925925925926,0.003425925925925926,0.07918981481481481,3
pooled,recorded,high_reverse_PageRank,adityag72118202,60219,109219,129604,0,1970-01-20T06:43:12+00:00,4,4,1.0,0.0,0.07571759259259259,0.07571759259259259,0.07571759259259259,1
pooled,recorded,high_reverse_PageRank,santoshdp,60219,109219,129604,0,1970-01-20T06:43:12+00:00,37,13,0.35135135135135137,0.6486486486486487,0.10013888888888889,0.12552083333333333,0.12784722222222222,2
pooled,recorded,high_reverse_PageRank,manish_nyk_inc,60219,109219,129604,0,1970-01-20T06:43:12+00:00,3,3,1.0,0.0,0.03167824074074074,0.03167824074074074,0.03167824074074074,1
pooled,recorded,high_reverse_PageRank,fifthforce5,60219,109219,129604,0,1970-01-20T06:43:12+00:00,26,24,0.9230769230769231,0.07692307692307693,0.015162037037037036,0.04212962962962963,0.13849537037037038,3
pooled,recorded,high_reverse_PageRank,freespeech212,60219,109219,129604,0,1970-01-20T06:43:12+00:00,11,11,1.0,0.0,0.013194444444444444,0.03173611111111111,0.1027662037037037,1
pooled,recorded,high_reverse_PageRank,harishkumar_ind,60219,109219,129604,0,1970-01-20T06:43:12+00:00,71,55,0.7746478873239436,0.22535211267605634,0.017291666666666667,0.12067129629629629,0.15667824074074074,3
pooled,recorded,high_reverse_PageRank,forexmayhem,60219,109219,129604,0,1970-01-20T06:43:12+00:00,120,67,0.5583333333333333,0.44166666666666665,0.002662037037037037,0.11560185185185186,0.16539351851851852,3
pooled,recorded,high_reverse_PageRank,zero__eight,60219,109219,129604,0,1970-01-20T06:43:12+00:00,41,5,0.12195121951219512,0.8780487804878049,0.1424652777777778,0.1424652777777778,0.16462962962962963,2
pooled,recorded,high_reverse_PageRank,sachivg,60219,109219,129604,0,1970-01-20T06:43:12+00:00,33,28,0.8484848484848485,0.15151515151515152,0.017604166666666667,0.02355324074074074,0.11267361111111111,3
pooled,recorded,high_reverse_PageRank,meetumashankar,60219,109219,129604,0,1970-01-20T06:43:12+00:00,138,123,0.8913043478260869,0.10869565217391304,0.0004398148148148148,0.07265046296296296,0.1654050925925926,3
pooled,recorded,high_reverse_PageRank,umshchndra,60219,109219,129604,0,1970-01-20T06:43:12+00:00,36,20,0.5555555555555556,0.4444444444444444,0.019791666666666666,0.09532986111111111,0.15916666666666668,2
pooled,recorded,high_reverse_PageRank,ajaysha89719829,60219,109219,129604,0,1970-01-20T06:43:12+00:00,11,11,1.0,0.0,0.005347222222222222,0.005347222222222222,0.005347222222222222,1
pooled,recorded,high_reverse_PageRank,office_das,60219,109219,129604,0,1970-01-20T06:43:12+00:00,11,11,1.0,0.0,0.021203703703703704,0.021203703703703704,0.021203703703703704,1
pooled,recorded,high_reverse_PageRank,murlimenon6,60219,109219,129604,0,1970-01-20T06:43:12+00:00,75,60,0.8,0.2,0.03266203703703704,0.051770833333333335,0.15434027777777778,3
pooled,recorded,high_reverse_PageRank,devpati74619351,60219,109219,129604,0,1970-01-20T06:43:12+00:00,9,9,1.0,0.0,0.16234953703703703,0.16234953703703703,0.16234953703703703,1
pooled,recorded,high_reverse_PageRank,sajalaitc,60219,109219,129604,0,1970-01-20T06:43:12+00:00,26,25,0.9615384615384616,0.038461538461538464,0.004560185185185185,0.008263888888888888,0.16530092592592593,3
pooled,recorded,high_reverse_PageRank,mohan41591648,60219,109219,129604,0,1970-01-20T06:43:12+00:00,90,57,0.6333333333333333,0.36666666666666664,0.07049768518518519,0.12428240740740741,0.15893518518518518,3
pooled,recorded,high_reverse_PageRank,gminakshi_sakal,60219,109219,129604,0,1970-01-20T06:43:12+00:00,18,11,0.6111111111111112,0.3888888888888889,0.07659722222222222,0.07659722222222222,0.07659722222222222,1
pooled,recorded,high_reverse_PageRank,tarunrajsingh_,60219,109219,129604,0,1970-01-20T06:43:12+00:00,31,30,0.967741935483871,0.03225806451612903,0.016122685185185184,0.11408564814814814,0.15818287037037038,1
pooled,recorded,high_reverse_PageRank,ranadebbhattac2,60219,109219,129604,0,1970-01-20T06:43:12+00:00,18,14,0.7777777777777778,0.2222222222222222,0.05226851851851852,0.13020833333333334,0.13020833333333334,1
pooled,recorded,high_reverse_PageRank,kiranvirat15,60219,109219,129604,0,1970-01-20T06:43:12+00:00,3,3,1.0,0.0,0.015613425925925926,0.015613425925925926,0.015613425925925926,1
pooled,recorded,high_reverse_PageRank,isaahhil,60219,109219,129604,0,1970-01-20T06:43:12+00:00,952,129,0.13550420168067226,0.8644957983193278,0.030601851851851852,0.12731481481481483,0.1652662037037037,5
pooled,recorded,high_reverse_PageRank,politics_2022_,60219,109219,129604,0,1970-01-20T06:43:12+00:00,82,45,0.5487804878048781,0.45121951219512196,0.024340277777777777,0.054814814814814816,0.15841435185185185,4
pooled,recorded,high_reverse_PageRank,indianbachelor,60219,109219,129604,0,1970-01-20T06:43:12+00:00,10,9,0.9,0.1,0.06027777777777778,0.1417013888888889,0.1566087962962963,2
pooled,recorded,high_reverse_PageRank,harishk04131926,60219,109219,129604,0,1970-01-20T06:43:12+00:00,35,23,0.6571428571428571,0.34285714285714286,0.1635185185185185,0.1635185185185185,0.16440972222222222,2
pooled,recorded,high_reverse_PageRank,awake1975,60219,109219,129604,0,1970-01-20T06:43:12+00:00,240,26,0.10833333333333334,0.8916666666666667,0.007233796296296296,0.1457349537037037,0.16508101851851853,4
pooled,recorded,high_reverse_PageRank,urbanvoicesin,60219,109219,129604,0,1970-01-20T06:43:12+00:00,13,13,1.0,0.0,0.03788194444444445,0.03788194444444445,0.03788194444444445,1
pooled,recorded,high_reverse_PageRank,farrookh,60219,109219,129604,0,1970-01-20T06:43:12+00:00,113,49,0.4336283185840708,0.5663716814159292,0.045196759259259256,0.09821759259259259,0.16539351851851852,4
pooled,recorded,high_reverse_PageRank,madhusudan41,60219,109219,129604,0,1970-01-20T06:43:12+00:00,40,38,0.95,0.05,0.005347222222222222,0.08125578703703704,0.16508101851851853,3
pooled,recorded,high_reverse_PageRank,abhishe34735247,60219,109219,129604,0,1970-01-20T06:43:12+00:00,13,12,0.9230769230769231,0.07692307692307693,0.11277777777777778,0.15480324074074073,0.1602662037037037,2
pooled,recorded,high_reverse_PageRank,younusakmogral,60219,109219,129604,0,1970-01-20T06:43:12+00:00,733,349,0.4761255115961801,0.5238744884038199,0.017881944444444443,0.10017361111111112,0.16539351851851852,7
pooled,recorded,high_reverse_PageRank,dux_natangiae,60219,109219,129604,0,1970-01-20T06:43:12+00:00,2,2,1.0,0.0,0.08047453703703704,0.08047453703703704,0.08047453703703704,1
pooled,recorded,high_reverse_PageRank,forchu_ifeanyi,60219,109219,129604,0,1970-01-20T06:43:12+00:00,2,2,1.0,0.0,0.0804861111111111,0.0804861111111111,0.0804861111111111,1
pooled,recorded,high_reverse_PageRank,gsapna007,60219,109219,129604,0,1970-01-20T06:43:12+00:00,2,2,1.0,0.0,0.15217592592592594,0.15217592592592594,0.15217592592592594,1
pooled,recorded,high_reverse_PageRank,kepler__22,60219,109219,129604,0,1970-01-20T06:43:12+00:00,2,2,1.0,0.0,0.0907638888888889,0.0907638888888889,0.0907638888888889,1
pooled,recorded,high_reverse_PageRank,lauraalisten,60219,109219,129604,0,1970-01-20T06:43:12+00:00,2,2,1.0,0.0,0.09148148148148148,0.09148148148148148,0.09148148148148148,1
pooled,recorded,high_reverse_PageRank,ranganaidu0,60219,109219,129604,0,1970-01-20T06:43:12+00:00,2,2,1.0,0.0,0.15224537037037036,0.15224537037037036,0.15224537037037036,1
pooled,recorded,high_reverse_PageRank,umakantsingh_in,60219,109219,129604,0,1970-01-20T06:43:12+00:00,157,82,0.5222929936305732,0.47770700636942676,0.0020601851851851853,0.10873842592592593,0.16366898148148148,3
pooled,recorded,high_reverse_PageRank,ahrispidon,60219,109219,129604,0,1970-01-20T06:43:12+00:00,43,32,0.7441860465116279,0.2558139534883721,0.008680555555555556,0.1000925925925926,0.14635416666666667,2
pooled,recorded,high_reverse_PageRank,rustymathewz,60219,109219,129604,0,1970-01-20T06:43:12+00:00,74,29,0.3918918918918919,0.6081081081081081,0.13853009259259258,0.14677083333333332,0.15667824074074074,3
pooled,recorded,high_reverse_PageRank,mserve2grow,60219,109219,129604,0,1970-01-20T06:43:12+00:00,106,38,0.3584905660377358,0.6415094339622641,0.0008564814814814815,0.022002314814814815,0.16072916666666667,2
pooled,recorded,high_reverse_PageRank,telanganasuppor,60219,109219,129604,0,1970-01-20T06:43:12+00:00,50,45,0.9,0.1,0.01675925925925926,0.07253472222222222,0.10185185185185185,2
pooled,recorded,high_reverse_PageRank,pandasaffron,60219,109219,129604,0,1970-01-20T06:43:12+00:00,10,2,0.2,0.8,0.1565625,0.1565625,0.1565625,1
pooled,recorded,high_reverse_PageRank,bharatrashtra14,60219,109219,129604,0,1970-01-20T06:43:12+00:00,79,14,0.17721518987341772,0.8227848101265823,0.06569444444444444,0.11518518518518518,0.13967592592592593,1
pooled,recorded,high_reverse_PageRank,bipin_ct,60219,109219,129604,0,1970-01-20T06:43:12+00:00,16,16,1.0,0.0,0.07225694444444444,0.07225694444444444,0.07225694444444444,1
pooled,recorded,high_reverse_PageRank,onibdadgar,60219,109219,129604,0,1970-01-20T06:43:12+00:00,10,10,1.0,0.0,0.1487615740740741,0.1503125,0.1503125,1
pooled,recorded,high_reverse_PageRank,thinkingguy6,60219,109219,129604,0,1970-01-20T06:43:12+00:00,713,168,0.23562412342215988,0.7643758765778401,0.04449074074074074,0.11577546296296297,0.16539351851851852,5
pooled,recorded,high_reverse_PageRank,ldoddannagari,60219,109219,129604,0,1970-01-20T06:43:12+00:00,85,14,0.16470588235294117,0.8352941176470589,0.12670138888888888,0.16270833333333334,0.1628125,2
pooled,recorded,high_PageRank,narendramodi,60219,109219,129604,0,1970-01-20T06:43:12+00:00,0,0,NA,NA,NA,NA,NA,0
pooled,recorded,high_PageRank,rahulgandhi,60219,109219,129604,0,1970-01-20T06:43:12+00:00,1,1,1.0,0.0,0.07918981481481481,0.07918981481481481,0.07918981481481481,1
pooled,recorded,high_PageRank,ikamalhaasan,60219,109219,129604,0,1970-01-20T06:43:12+00:00,0,0,NA,NA,NA,NA,NA,0
pooled,recorded,high_PageRank,bjp4india,60219,109219,129604,0,1970-01-20T06:43:12+00:00,0,0,NA,NA,NA,NA,NA,0
pooled,recorded,high_PageRank,arvindkejriwal,60219,109219,129604,0,1970-01-20T06:43:12+00:00,0,0,NA,NA,NA,NA,NA,0
pooled,recorded,high_PageRank,incindia,60219,109219,129604,0,1970-01-20T06:43:12+00:00,4,4,1.0,0.0,0.08332175925925926,0.13849537037037038,0.13849537037037038,2
pooled,recorded,high_PageRank,kcvenugopalmp,60219,109219,129604,0,1970-01-20T06:43:12+00:00,3,3,1.0,0.0,0.13849537037037038,0.13849537037037038,0.13849537037037038,1
pooled,recorded,high_PageRank,amitshah,60219,109219,129604,0,1970-01-20T06:43:12+00:00,1,1,1.0,0.0,0.13175925925925927,0.13175925925925927,0.13175925925925927,1
pooled,recorded,high_PageRank,bcci,60219,109219,129604,0,1970-01-20T06:43:12+00:00,0,0,NA,NA,NA,NA,NA,0
pooled,recorded,high_PageRank,ani,60219,109219,129604,0,1970-01-20T06:43:12+00:00,0,0,NA,NA,NA,NA,NA,0
pooled,recorded,high_PageRank,pmoindia,60219,109219,129604,0,1970-01-20T06:43:12+00:00,0,0,NA,NA,NA,NA,NA,0
pooled,recorded,high_PageRank,shashitharoor,60219,109219,129604,0,1970-01-20T06:43:12+00:00,2,2,1.0,0.0,0.12552083333333333,0.12552083333333333,0.12552083333333333,1
pooled,recorded,high_PageRank,ashoswai,60219,109219,129604,0,1970-01-20T06:43:12+00:00,1,1,1.0,0.0,0.13653935185185184,0.13653935185185184,0.13653935185185184,1
pooled,recorded,high_PageRank,sardesairajdeep,60219,109219,129604,0,1970-01-20T06:43:12+00:00,0,0,NA,NA,NA,NA,NA,0
pooled,recorded,high_PageRank,supriyashrinate,60219,109219,129604,0,1970-01-20T06:43:12+00:00,0,0,NA,NA,NA,NA,NA,0
pooled,recorded,high_PageRank,casmudde,60219,109219,129604,0,1970-01-20T06:43:12+00:00,0,0,NA,NA,NA,NA,NA,0
pooled,recorded,high_PageRank,aamaadmiparty,60219,109219,129604,0,1970-01-20T06:43:12+00:00,2,2,1.0,0.0,0.11961805555555556,0.11961805555555556,0.11961805555555556,1
pooled,recorded,high_PageRank,pawarspeaks,60219,109219,129604,0,1970-01-20T06:43:12+00:00,0,0,NA,NA,NA,NA,NA,0
pooled,recorded,high_PageRank,indian_analyzer,60219,109219,129604,0,1970-01-20T06:43:12+00:00,1,1,1.0,0.0,0.15916666666666668,0.15916666666666668,0.15916666666666668,1
pooled,recorded,high_PageRank,authackeray,60219,109219,129604,0,1970-01-20T06:43:12+00:00,0,0,NA,NA,NA,NA,NA,0
pooled,recorded,high_PageRank,officeofut,60219,109219,129604,0,1970-01-20T06:43:12+00:00,0,0,NA,NA,NA,NA,NA,0
pooled,recorded,high_PageRank,rishisunak,60219,109219,129604,0,1970-01-20T06:43:12+00:00,0,0,NA,NA,NA,NA,NA,0
pooled,recorded,high_PageRank,ndtv,60219,109219,129604,0,1970-01-20T06:43:12+00:00,2,2,1.0,0.0,0.028738425925925924,0.07141782407407407,0.11409722222222222,1
pooled,recorded,high_PageRank,smritiirani,60219,109219,129604,0,1970-01-20T06:43:12+00:00,0,0,NA,NA,NA,NA,NA,0
pooled,recorded,high_PageRank,elonmusk,60219,109219,129604,0,1970-01-20T06:43:12+00:00,0,0,NA,NA,NA,NA,NA,0
pooled,recorded,high_PageRank,republic,60219,109219,129604,0,1970-01-20T06:43:12+00:00,0,0,NA,NA,NA,NA,NA,0
pooled,recorded,high_PageRank,barryofarrell,60219,109219,129604,0,1970-01-20T06:43:12+00:00,0,0,NA,NA,NA,NA,NA,0
pooled,recorded,high_PageRank,sarahkirlew,60219,109219,129604,0,1970-01-20T06:43:12+00:00,0,0,NA,NA,NA,NA,NA,0
pooled,recorded,high_PageRank,swamy39,60219,109219,129604,0,1970-01-20T06:43:12+00:00,0,0,NA,NA,NA,NA,NA,0
pooled,recorded,high_PageRank,jhasanjay,60219,109219,129604,0,1970-01-20T06:43:12+00:00,2,2,1.0,0.0,0.053009259259259256,0.053009259259259256,0.053009259259259256,1
pooled,recorded,high_PageRank,priyankagandhi,60219,109219,129604,0,1970-01-20T06:43:12+00:00,2,2,1.0,0.0,0.07934027777777777,0.07934027777777777,0.07934027777777777,1
pooled,recorded,high_PageRank,mahuamoitra,60219,109219,129604,0,1970-01-20T06:43:12+00:00,0,0,NA,NA,NA,NA,NA,0
pooled,recorded,high_PageRank,annamalai_k,60219,109219,129604,0,1970-01-20T06:43:12+00:00,0,0,NA,NA,NA,NA,NA,0
pooled,recorded,high_PageRank,jairam_ramesh,60219,109219,129604,0,1970-01-20T06:43:12+00:00,0,0,NA,NA,NA,NA,NA,0
pooled,recorded,high_PageRank,bhagwantmann,60219,109219,129604,0,1970-01-20T06:43:12+00:00,0,0,NA,NA,NA,NA,NA,0
pooled,recorded,high_PageRank,raokavitha,60219,109219,129604,0,1970-01-20T06:43:12+00:00,0,0,NA,NA,NA,NA,NA,0
pooled,recorded,high_PageRank,politics_2022_,60219,109219,129604,0,1970-01-20T06:43:12+00:00,82,45,0.5487804878048781,0.45121951219512196,0.024340277777777777,0.054814814814814816,0.15841435185185185,4
pooled,recorded,high_PageRank,timesofindia,60219,109219,129604,0,1970-01-20T06:43:12+00:00,7,7,1.0,0.0,0.0004166666666666667,0.04148148148148148,0.16364583333333332,2
pooled,recorded,high_PageRank,rishibagree,60219,109219,129604,0,1970-01-20T06:43:12+00:00,0,0,NA,NA,NA,NA,NA,0
pooled,recorded,high_PageRank,puram_politics,60219,109219,129604,0,1970-01-20T06:43:12+00:00,0,0,NA,NA,NA,NA,NA,0
pooled,recorded,high_PageRank,indiatoday,60219,109219,129604,0,1970-01-20T06:43:12+00:00,56,50,0.8928571428571429,0.10714285714285714,0.002638888888888889,0.06365740740740741,0.1635300925925926,2
pooled,recorded,high_PageRank,amitmalviya,60219,109219,129604,0,1970-01-20T06:43:12+00:00,0,0,NA,NA,NA,NA,NA,0
pooled,recorded,high_PageRank,sbabones,60219,109219,129604,0,1970-01-20T06:43:12+00:00,0,0,NA,NA,NA,NA,NA,0
pooled,recorded,high_PageRank,aajtak,60219,109219,129604,0,1970-01-20T06:43:12+00:00,0,0,NA,NA,NA,NA,NA,0
pooled,recorded,high_PageRank,timesnow,60219,109219,129604,0,1970-01-20T06:43:12+00:00,49,45,0.9183673469387755,0.08163265306122448,0.0044675925925925924,0.07453703703703704,0.15667824074074074,4
pooled,recorded,high_PageRank,pbhushan1,60219,109219,129604,0,1970-01-20T06:43:12+00:00,0,0,NA,NA,NA,NA,NA,0
pooled,recorded,high_PageRank,kharge,60219,109219,129604,0,1970-01-20T06:43:12+00:00,0,0,NA,NA,NA,NA,NA,0
pooled,recorded,high_PageRank,mamataofficial,60219,109219,129604,0,1970-01-20T06:43:12+00:00,0,0,NA,NA,NA,NA,NA,0
pooled,recorded,high_PageRank,prakashraaj,60219,109219,129604,0,1970-01-20T06:43:12+00:00,0,0,NA,NA,NA,NA,NA,0
pooled,recorded,high_PageRank,youtube,60219,109219,129604,0,1970-01-20T06:43:12+00:00,0,0,NA,NA,NA,NA,NA,0
pooled,recorded,high_PageRank,tajinderbagga,60219,109219,129604,0,1970-01-20T06:43:12+00:00,0,0,NA,NA,NA,NA,NA,0
pooled,recorded,high_PageRank,vivekagnihotri,60219,109219,129604,0,1970-01-20T06:43:12+00:00,0,0,NA,NA,NA,NA,NA,0
pooled,recorded,high_PageRank,imrankhanpti,60219,109219,129604,0,1970-01-20T06:43:12+00:00,0,0,NA,NA,NA,NA,NA,0
pooled,recorded,high_PageRank,msisodia,60219,109219,129604,0,1970-01-20T06:43:12+00:00,0,0,NA,NA,NA,NA,NA,0
pooled,recorded,high_PageRank,drsjaishankar,60219,109219,129604,0,1970-01-20T06:43:12+00:00,0,0,NA,NA,NA,NA,NA,0
pooled,recorded,high_PageRank,srinivasiyc,60219,109219,129604,0,1970-01-20T06:43:12+00:00,0,0,NA,NA,NA,NA,NA,0
pooled,recorded,high_PageRank,aranganathan72,60219,109219,129604,0,1970-01-20T06:43:12+00:00,0,0,NA,NA,NA,NA,NA,0
pooled,recorded,high_PageRank,meghupdates,60219,109219,129604,0,1970-01-20T06:43:12+00:00,0,0,NA,NA,NA,NA,NA,0
pooled,recorded,high_PageRank,myogiadityanath,60219,109219,129604,0,1970-01-20T06:43:12+00:00,0,0,NA,NA,NA,NA,NA,0
pooled,recorded,high_PageRank,piyushgoyal,60219,109219,129604,0,1970-01-20T06:43:12+00:00,0,0,NA,NA,NA,NA,NA,0
pooled,recorded,high_PageRank,arunjaitley,60219,109219,129604,0,1970-01-20T06:43:12+00:00,0,0,NA,NA,NA,NA,NA,0
pooled,recorded,high_PageRank,rvcj_fb,60219,109219,129604,0,1970-01-20T06:43:12+00:00,0,0,NA,NA,NA,NA,NA,0
pooled,recorded,high_PageRank,pawankalyan,60219,109219,129604,0,1970-01-20T06:43:12+00:00,0,0,NA,NA,NA,NA,NA,0
pooled,recorded,high_PageRank,sambitswaraj,60219,109219,129604,0,1970-01-20T06:43:12+00:00,0,0,NA,NA,NA,NA,NA,0
pooled,recorded,high_PageRank,pchidambaram_in,60219,109219,129604,0,1970-01-20T06:43:12+00:00,0,0,NA,NA,NA,NA,NA,0
pooled,recorded,high_PageRank,priyankac19,60219,109219,129604,0,1970-01-20T06:43:12+00:00,0,0,NA,NA,NA,NA,NA,0
pooled,recorded,high_PageRank,nitin_gadkari,60219,109219,129604,0,1970-01-20T06:43:12+00:00,0,0,NA,NA,NA,NA,NA,0
pooled,recorded,high_PageRank,akshaykumar,60219,109219,129604,0,1970-01-20T06:43:12+00:00,0,0,NA,NA,NA,NA,NA,0
pooled,recorded,high_PageRank,mufaddal_vohra,60219,109219,129604,0,1970-01-20T06:43:12+00:00,0,0,NA,NA,NA,NA,NA,0
pooled,recorded,high_PageRank,dhruv_rathee,60219,109219,129604,0,1970-01-20T06:43:12+00:00,0,0,NA,NA,NA,NA,NA,0
pooled,recorded,high_PageRank,shehzad_ind,60219,109219,129604,0,1970-01-20T06:43:12+00:00,0,0,NA,NA,NA,NA,NA,0
pooled,recorded,high_PageRank,news24tvchannel,60219,109219,129604,0,1970-01-20T06:43:12+00:00,6,6,1.0,0.0,0.05105324074074074,0.06395833333333334,0.13766203703703703,1
pooled,recorded,high_PageRank,yadavakhilesh,60219,109219,129604,0,1970-01-20T06:43:12+00:00,0,0,NA,NA,NA,NA,NA,0
pooled,recorded,high_PageRank,tejasvi_surya,60219,109219,129604,0,1970-01-20T06:43:12+00:00,2,2,1.0,0.0,0.1323263888888889,0.1323263888888889,0.1323263888888889,1
pooled,recorded,high_PageRank,nytimes,60219,109219,129604,0,1970-01-20T06:43:12+00:00,0,0,NA,NA,NA,NA,NA,0
pooled,recorded,high_PageRank,ecisveep,60219,109219,129604,0,1970-01-20T06:43:12+00:00,0,0,NA,NA,NA,NA,NA,0
pooled,recorded,high_PageRank,imjadeja,60219,109219,129604,0,1970-01-20T06:43:12+00:00,0,0,NA,NA,NA,NA,NA,0
pooled,recorded,high_PageRank,iamsanjusamson,60219,109219,129604,0,1970-01-20T06:43:12+00:00,0,0,NA,NA,NA,NA,NA,0
pooled,recorded,high_PageRank,pawankhera,60219,109219,129604,0,1970-01-20T06:43:12+00:00,0,0,NA,NA,NA,NA,NA,0
pooled,recorded,high_PageRank,vikrantgupta73,60219,109219,129604,0,1970-01-20T06:43:12+00:00,0,0,NA,NA,NA,NA,NA,0
pooled,recorded,high_PageRank,pti_news,60219,109219,129604,0,1970-01-20T06:43:12+00:00,0,0,NA,NA,NA,NA,NA,0
pooled,recorded,high_PageRank,rohini_sgh,60219,109219,129604,0,1970-01-20T06:43:12+00:00,0,0,NA,NA,NA,NA,NA,0
pooled,recorded,high_PageRank,criccrazyjohns,60219,109219,129604,0,1970-01-20T06:43:12+00:00,0,0,NA,NA,NA,NA,NA,0
pooled,recorded,high_PageRank,ncbn,60219,109219,129604,0,1970-01-20T06:43:12+00:00,0,0,NA,NA,NA,NA,NA,0
pooled,recorded,high_PageRank,shekhargupta,60219,109219,129604,0,1970-01-20T06:43:12+00:00,6,5,0.8333333333333334,0.16666666666666666,0.04221064814814815,0.07533564814814815,0.14725694444444445,2
pooled,recorded,high_PageRank,rokhanna,60219,109219,129604,0,1970-01-20T06:43:12+00:00,1,1,1.0,0.0,0.009652777777777777,0.009652777777777777,0.009652777777777777,1
pooled,recorded,high_PageRank,rajnathsingh,60219,109219,129604,0,1970-01-20T06:43:12+00:00,0,0,NA,NA,NA,NA,NA,0
pooled,recorded,high_PageRank,jayshah,60219,109219,129604,0,1970-01-20T06:43:12+00:00,0,0,NA,NA,NA,NA,NA,0
pooled,recorded,high_PageRank,sanjayazadsln,60219,109219,129604,0,1970-01-20T06:43:12+00:00,0,0,NA,NA,NA,NA,NA,0
pooled,recorded,high_PageRank,raghav_chadha,60219,109219,129604,0,1970-01-20T06:43:12+00:00,0,0,NA,NA,NA,NA,NA,0
pooled,recorded,high_PageRank,nsitharaman,60219,109219,129604,0,1970-01-20T06:43:12+00:00,0,0,NA,NA,NA,NA,NA,0
pooled,recorded,high_PageRank,indianexpress,60219,109219,129604,0,1970-01-20T06:43:12+00:00,7,7,1.0,0.0,0.003414351851851852,0.15252314814814816,0.16508101851851853,1
pooled,recorded,high_PageRank,thewire_in,60219,109219,129604,0,1970-01-20T06:43:12+00:00,5,3,0.6,0.4,0.06233796296296296,0.1062037037037037,0.10760416666666667,1
pooled,recorded,high_PageRank,zoo_bear,60219,109219,129604,0,1970-01-20T06:43:12+00:00,0,0,NA,NA,NA,NA,NA,0
pooled,recorded,high_PageRank,mrsgandhi,60219,109219,129604,0,1970-01-20T06:43:12+00:00,1,1,1.0,0.0,0.08979166666666667,0.08979166666666667,0.08979166666666667,1
pooled,recorded,high_PageRank,_faridkhan,60219,109219,129604,0,1970-01-20T06:43:12+00:00,0,0,NA,NA,NA,NA,NA,0
pooled,recorded,high_PageRank,mkstalin,60219,109219,129604,0,1970-01-20T06:43:12+00:00,0,0,NA,NA,NA,NA,NA,0
pooled,recorded,high_PageRank,drshamamohd,60219,109219,129604,0,1970-01-20T06:43:12+00:00,84,59,0.7023809523809523,0.2976190476190476,0.006712962962962963,0.09821759259259259,0.16539351851851852,3
pooled,recorded,high_PageRank,httweets,60219,109219,129604,0,1970-01-20T06:43:12+00:00,0,0,NA,NA,NA,NA,NA,0
pooled,recorded,high_PageRank,sagarikaghose,60219,109219,129604,0,1970-01-20T06:43:12+00:00,12,6,0.5,0.5,0.1412037037037037,0.1463136574074074,0.16364583333333332,2
pooled,recorded,high_PageRank,imvkohli,60219,109219,129604,0,1970-01-20T06:43:12+00:00,0,0,NA,NA,NA,NA,NA,0
pooled,recorded,high_PageRank,ktrtrs,60219,109219,129604,0,1970-01-20T06:43:12+00:00,0,0,NA,NA,NA,NA,NA,0
pooled,recorded,high_PageRank,jpnadda,60219,109219,129604,0,1970-01-20T06:43:12+00:00,0,0,NA,NA,NA,NA,NA,0
pooled,recorded,high_PageRank,richachadha,60219,109219,129604,0,1970-01-20T06:43:12+00:00,0,0,NA,NA,NA,NA,NA,0
pooled,recorded,high_PageRank,martina,60219,109219,129604,0,1970-01-20T06:43:12+00:00,0,0,NA,NA,NA,NA,NA,0
pooled,recorded,high_PageRank,bhogleharsha,60219,109219,129604,0,1970-01-20T06:43:12+00:00,0,0,NA,NA,NA,NA,NA,0
pooled,recorded,high_PageRank,gautamgambhir,60219,109219,129604,0,1970-01-20T06:43:12+00:00,0,0,NA,NA,NA,NA,NA,0
pooled,recorded,high_PageRank,sudhirchaudhary,60219,109219,129604,0,1970-01-20T06:43:12+00:00,2,2,1.0,0.0,0.11748842592592593,0.11748842592592593,0.11748842592592593,1
pooled,recorded,high_PageRank,rubikaliyaquat,60219,109219,129604,0,1970-01-20T06:43:12+00:00,0,0,NA,NA,NA,NA,NA,0
pooled,recorded,high_PageRank,bbchindi,60219,109219,129604,0,1970-01-20T06:43:12+00:00,0,0,NA,NA,NA,NA,NA,0
pooled,recorded,high_PageRank,dev_fadnavis,60219,109219,129604,0,1970-01-20T06:43:12+00:00,1,1,1.0,0.0,0.0587962962962963,0.0587962962962963,0.0587962962962963,1
pooled,recorded,high_PageRank,enraged_indian,60219,109219,129604,0,1970-01-20T06:43:12+00:00,891,106,0.11896745230078563,0.8810325476992144,0.0032060185185185186,0.12600694444444444,0.1652662037037037,3
pooled,recorded,high_PageRank,bdutt,60219,109219,129604,0,1970-01-20T06:43:12+00:00,1,1,1.0,0.0,0.0036226851851851854,0.0036226851851851854,0.0036226851851851854,1
pooled,recorded,high_PageRank,sumanthraman,60219,109219,129604,0,1970-01-20T06:43:12+00:00,0,0,NA,NA,NA,NA,NA,0
pooled,recorded,high_PageRank,espncricinfo,60219,109219,129604,0,1970-01-20T06:43:12+00:00,0,0,NA,NA,NA,NA,NA,0
pooled,recorded,high_PageRank,kirenrijiju,60219,109219,129604,0,1970-01-20T06:43:12+00:00,0,0,NA,NA,NA,NA,NA,0
pooled,recorded,high_PageRank,sushmaswaraj,60219,109219,129604,0,1970-01-20T06:43:12+00:00,0,0,NA,NA,NA,NA,NA,0
pooled,recorded,high_PageRank,arfasays_,60219,109219,129604,0,1970-01-20T06:43:12+00:00,0,0,NA,NA,NA,NA,NA,0
pooled,recorded,high_PageRank,majorgauravarya,60219,109219,129604,0,1970-01-20T06:43:12+00:00,0,0,NA,NA,NA,NA,NA,0
pooled,recorded,high_PageRank,kapilmishra_ind,60219,109219,129604,0,1970-01-20T06:43:12+00:00,0,0,NA,NA,NA,NA,NA,0
pooled,recorded,high_PageRank,kapilsibal,60219,109219,129604,0,1970-01-20T06:43:12+00:00,0,0,NA,NA,NA,NA,NA,0
pooled,recorded,high_PageRank,aditisinghinc,60219,109219,129604,0,1970-01-20T06:43:12+00:00,0,0,NA,NA,NA,NA,NA,0
pooled,recorded,high_PageRank,ysjagan,60219,109219,129604,0,1970-01-20T06:43:12+00:00,0,0,NA,NA,NA,NA,NA,0
pooled,recorded,high_PageRank,anandmahindra,60219,109219,129604,0,1970-01-20T06:43:12+00:00,0,0,NA,NA,NA,NA,NA,0
pooled,recorded,high_PageRank,shefvaidya,60219,109219,129604,0,1970-01-20T06:43:12+00:00,5,5,1.0,0.0,0.055185185185185184,0.07918981481481481,0.12545138888888888,2
pooled,recorded,high_PageRank,semafor,60219,109219,129604,0,1970-01-20T06:43:12+00:00,0,0,NA,NA,NA,NA,NA,0
pooled,recorded,high_PageRank,zeenews,60219,109219,129604,0,1970-01-20T06:43:12+00:00,0,0,NA,NA,NA,NA,NA,0
pooled,recorded,high_PageRank,aitcofficial,60219,109219,129604,0,1970-01-20T06:43:12+00:00,0,0,NA,NA,NA,NA,NA,0
pooled,recorded,high_PageRank,theprintindia,60219,109219,129604,0,1970-01-20T06:43:12+00:00,39,27,0.6923076923076923,0.3076923076923077,0.0014351851851851852,0.08842592592592592,0.15938657407407408,3
pooled,recorded,high_PageRank,majorpoonia,60219,109219,129604,0,1970-01-20T06:43:12+00:00,0,0,NA,NA,NA,NA,NA,0
pooled,recorded,high_PageRank,himantabiswa,60219,109219,129604,0,1970-01-20T06:43:12+00:00,1,1,1.0,0.0,0.061446759259259257,0.061446759259259257,0.061446759259259257,1
pooled,recorded,high_PageRank,officialdgispr,60219,109219,129604,0,1970-01-20T06:43:12+00:00,0,0,NA,NA,NA,NA,NA,0
pooled,recorded,high_PageRank,imro45,60219,109219,129604,0,1970-01-20T06:43:12+00:00,0,0,NA,NA,NA,NA,NA,0
pooled,recorded,high_PageRank,bjp4karnataka,60219,109219,129604,0,1970-01-20T06:43:12+00:00,1,1,1.0,0.0,0.16144675925925925,0.16144675925925925,0.16144675925925925,1
pooled,recorded,high_PageRank,profdilipmandal,60219,109219,129604,0,1970-01-20T06:43:12+00:00,1,1,1.0,0.0,0.06251157407407408,0.06251157407407408,0.06251157407407408,1
pooled,recorded,high_PageRank,seharshinwari,60219,109219,129604,0,1970-01-20T06:43:12+00:00,0,0,NA,NA,NA,NA,NA,0
pooled,recorded,high_PageRank,klrahul,60219,109219,129604,0,1970-01-20T06:43:12+00:00,0,0,NA,NA,NA,NA,NA,0
pooled,recorded,high_PageRank,the_hindu,60219,109219,129604,0,1970-01-20T06:43:12+00:00,9,9,1.0,0.0,0.015625,0.06427083333333333,0.11729166666666667,2
pooled,recorded,high_PageRank,venkateshprasad,60219,109219,129604,0,1970-01-20T06:43:12+00:00,0,0,NA,NA,NA,NA,NA,0
pooled,recorded,high_PageRank,bainjal,60219,109219,129604,0,1970-01-20T06:43:12+00:00,0,0,NA,NA,NA,NA,NA,0
pooled,recorded,high_PageRank,asadowaisi,60219,109219,129604,0,1970-01-20T06:43:12+00:00,0,0,NA,NA,NA,NA,NA,0
pooled,recorded,high_PageRank,khanumarfa,60219,109219,129604,0,1970-01-20T06:43:12+00:00,0,0,NA,NA,NA,NA,NA,0
pooled,recorded,high_PageRank,narendramodi_in,60219,109219,129604,0,1970-01-20T06:43:12+00:00,0,0,NA,NA,NA,NA,NA,0
pooled,recorded,high_PageRank,jaankari,60219,109219,129604,0,1970-01-20T06:43:12+00:00,0,0,NA,NA,NA,NA,NA,0
pooled,recorded,high_PageRank,thejagmeetsingh,60219,109219,129604,0,1970-01-20T06:43:12+00:00,0,0,NA,NA,NA,NA,NA,0
pooled,recorded,high_PageRank,icc,60219,109219,129604,0,1970-01-20T06:43:12+00:00,0,0,NA,NA,NA,NA,NA,0
pooled,recorded,high_PageRank,cnnnews18,60219,109219,129604,0,1970-01-20T06:43:12+00:00,28,26,0.9285714285714286,0.07142857142857142,0.0020833333333333333,0.12680555555555556,0.16539351851851852,2
pooled,recorded,high_PageRank,rashtrapatibhvn,60219,109219,129604,0,1970-01-20T06:43:12+00:00,0,0,NA,NA,NA,NA,NA,0
pooled,recorded,high_PageRank,avinasharya09,60219,109219,129604,0,1970-01-20T06:43:12+00:00,0,0,NA,NA,NA,NA,NA,0
pooled,recorded,high_PageRank,tehseenp,60219,109219,129604,0,1970-01-20T06:43:12+00:00,0,0,NA,NA,NA,NA,NA,0
pooled,recorded,high_PageRank,kanhaiyakumar,60219,109219,129604,0,1970-01-20T06:43:12+00:00,0,0,NA,NA,NA,NA,NA,0
pooled,recorded,high_PageRank,abpnewstv,60219,109219,129604,0,1970-01-20T06:43:12+00:00,0,0,NA,NA,NA,NA,NA,0
pooled,recorded,high_PageRank,rahulkanwal,60219,109219,129604,0,1970-01-20T06:43:12+00:00,0,0,NA,NA,NA,NA,NA,0
pooled,recorded,high_PageRank,iamajaysehrawat,60219,109219,129604,0,1970-01-20T06:43:12+00:00,0,0,NA,NA,NA,NA,NA,0
pooled,recorded,high_PageRank,iyervval,60219,109219,129604,0,1970-01-20T06:43:12+00:00,0,0,NA,NA,NA,NA,NA,0
pooled,recorded,high_PageRank,smitaprakash,60219,109219,129604,0,1970-01-20T06:43:12+00:00,0,0,NA,NA,NA,NA,NA,0
pooled,recorded,high_PageRank,bbcindia,60219,109219,129604,0,1970-01-20T06:43:12+00:00,0,0,NA,NA,NA,NA,NA,0
pooled,recorded,high_PageRank,newsarenaindia,60219,109219,129604,0,1970-01-20T06:43:12+00:00,0,0,NA,NA,NA,NA,NA,0
pooled,recorded,high_PageRank,indiatvnews,60219,109219,129604,0,1970-01-20T06:43:12+00:00,7,7,1.0,0.0,0.016481481481481482,0.04287037037037037,0.16366898148148148,2
pooled,recorded,high_PageRank,kunalkamra88,60219,109219,129604,0,1970-01-20T06:43:12+00:00,0,0,NA,NA,NA,NA,NA,0
pooled,recorded,high_PageRank,irfanpathan,60219,109219,129604,0,1970-01-20T06:43:12+00:00,0,0,NA,NA,NA,NA,NA,0
pooled,recorded,high_PageRank,ajitdatta,60219,109219,129604,0,1970-01-20T06:43:12+00:00,0,0,NA,NA,NA,NA,NA,0
pooled,recorded,high_PageRank,lambaalka,60219,109219,129604,0,1970-01-20T06:43:12+00:00,0,0,NA,NA,NA,NA,NA,0
pooled,recorded,high_PageRank,rsprasad,60219,109219,129604,0,1970-01-20T06:43:12+00:00,0,0,NA,NA,NA,NA,NA,0
pooled,recorded,high_PageRank,activistsandeep,60219,109219,129604,0,1970-01-20T06:43:12+00:00,0,0,NA,NA,NA,NA,NA,0
pooled,recorded,high_PageRank,nikkihaley,60219,109219,129604,0,1970-01-20T06:43:12+00:00,0,0,NA,NA,NA,NA,NA,0
pooled,recorded,high_PageRank,vijaygajera,60219,109219,129604,0,1970-01-20T06:43:12+00:00,0,0,NA,NA,NA,NA,NA,0
pooled,recorded,high_PageRank,opindia_com,60219,109219,129604,0,1970-01-20T06:43:12+00:00,0,0,NA,NA,NA,NA,NA,0
pooled,recorded,high_PageRank,hmoindia,60219,109219,129604,0,1970-01-20T06:43:12+00:00,0,0,NA,NA,NA,NA,NA,0
pooled,recorded,high_PageRank,rssurjewala,60219,109219,129604,0,1970-01-20T06:43:12+00:00,0,0,NA,NA,NA,NA,NA,0
pooled,recorded,high_PageRank,ktrbrs,60219,109219,129604,0,1970-01-20T06:43:12+00:00,0,0,NA,NA,NA,NA,NA,0
pooled,recorded,high_PageRank,abhishbanerj,60219,109219,129604,0,1970-01-20T06:43:12+00:00,1,1,1.0,0.0,0.03650462962962963,0.03650462962962963,0.03650462962962963,1
pooled,recorded,high_PageRank,waglenikhil,60219,109219,129604,0,1970-01-20T06:43:12+00:00,1,1,1.0,0.0,0.12315972222222223,0.12315972222222223,0.12315972222222223,1
pooled,recorded,high_PageRank,tavleen_singh,60219,109219,129604,0,1970-01-20T06:43:12+00:00,0,0,NA,NA,NA,NA,NA,0
pooled,recorded,high_PageRank,adnansamilive,60219,109219,129604,0,1970-01-20T06:43:12+00:00,0,0,NA,NA,NA,NA,NA,0
pooled,recorded,high_PageRank,ewarren,60219,109219,129604,0,1970-01-20T06:43:12+00:00,0,0,NA,NA,NA,NA,NA,0
pooled,recorded,high_PageRank,t_d_h_nair,60219,109219,129604,0,1970-01-20T06:43:12+00:00,0,0,NA,NA,NA,NA,NA,0
pooled,recorded,high_PageRank,virsanghvi,60219,109219,129604,0,1970-01-20T06:43:12+00:00,2,2,1.0,0.0,0.10440972222222222,0.12583333333333335,0.14725694444444445,1
pooled,recorded,high_PageRank,atishiaap,60219,109219,129604,0,1970-01-20T06:43:12+00:00,0,0,NA,NA,NA,NA,NA,0
pooled,recorded,high_PageRank,bharatjodo,60219,109219,129604,0,1970-01-20T06:43:12+00:00,0,0,NA,NA,NA,NA,NA,0
pooled,recorded,high_PageRank,cricketaakash,60219,109219,129604,0,1970-01-20T06:43:12+00:00,0,0,NA,NA,NA,NA,NA,0
pooled,recorded,high_PageRank,hindenburgres,60219,109219,129604,0,1970-01-20T06:43:12+00:00,0,0,NA,NA,NA,NA,NA,0
pooled,recorded,high_PageRank,mastercardindia,60219,109219,129604,0,1970-01-20T06:43:12+00:00,0,0,NA,NA,NA,NA,NA,0
pooled,recorded,high_PageRank,twitter,60219,109219,129604,0,1970-01-20T06:43:12+00:00,0,0,NA,NA,NA,NA,NA,0
pooled,recorded,high_PageRank,bjp4delhi,60219,109219,129604,0,1970-01-20T06:43:12+00:00,0,0,NA,NA,NA,NA,NA,0
pooled,recorded,high_PageRank,divyaspandana,60219,109219,129604,0,1970-01-20T06:43:12+00:00,0,0,NA,NA,NA,NA,NA,0
pooled,recorded,high_PageRank,bbcworld,60219,109219,129604,0,1970-01-20T06:43:12+00:00,0,0,NA,NA,NA,NA,NA,0
pooled,recorded,high_PageRank,lakotaman1,60219,109219,129604,0,1970-01-20T06:43:12+00:00,0,0,NA,NA,NA,NA,NA,0
pooled,recorded,high_PageRank,rshivshankar,60219,109219,129604,0,1970-01-20T06:43:12+00:00,0,0,NA,NA,NA,NA,NA,0
pooled,recorded,high_PageRank,_pallavighosh,60219,109219,129604,0,1970-01-20T06:43:12+00:00,0,0,NA,NA,NA,NA,NA,0
pooled,recorded,high_PageRank,shubhankrmishra,60219,109219,129604,0,1970-01-20T06:43:12+00:00,0,0,NA,NA,NA,NA,NA,0
pooled,recorded,high_PageRank,mayawati,60219,109219,129604,0,1970-01-20T06:43:12+00:00,0,0,NA,NA,NA,NA,NA,0
pooled,recorded,high_PageRank,economictimes,60219,109219,129604,0,1970-01-20T06:43:12+00:00,2,2,1.0,0.0,0.05511574074074074,0.05511574074074074,0.05511574074074074,1
pooled,recorded,high_PageRank,iamsrk,60219,109219,129604,0,1970-01-20T06:43:12+00:00,0,0,NA,NA,NA,NA,NA,0
pooled,recorded,high_PageRank,nitishkumar,60219,109219,129604,0,1970-01-20T06:43:12+00:00,0,0,NA,NA,NA,NA,NA,0
pooled,recorded,high_PageRank,georgesoros,60219,109219,129604,0,1970-01-20T06:43:12+00:00,0,0,NA,NA,NA,NA,NA,0
pooled,recorded,high_PageRank,narundarm,60219,109219,129604,0,1970-01-20T06:43:12+00:00,0,0,NA,NA,NA,NA,NA,0
pooled,recorded,high_PageRank,ravisutanjani,60219,109219,129604,0,1970-01-20T06:43:12+00:00,0,0,NA,NA,NA,NA,NA,0
pooled,recorded,high_PageRank,naorgilon,60219,109219,129604,0,1970-01-20T06:43:12+00:00,0,0,NA,NA,NA,NA,NA,0
pooled,recorded,high_PageRank,palkisu,60219,109219,129604,0,1970-01-20T06:43:12+00:00,0,0,NA,NA,NA,NA,NA,0
pooled,recorded,high_PageRank,askanshul,60219,109219,129604,0,1970-01-20T06:43:12+00:00,0,0,NA,NA,NA,NA,NA,0
pooled,recorded,high_PageRank,thehawkeyex,60219,109219,129604,0,1970-01-20T06:43:12+00:00,1,1,1.0,0.0,0.12560185185185185,0.12560185185185185,0.12560185185185185,1
pooled,recorded,high_PageRank,abhishekaitc,60219,109219,129604,0,1970-01-20T06:43:12+00:00,0,0,NA,NA,NA,NA,NA,0
pooled,recorded,high_PageRank,elijahschaffer,60219,109219,129604,0,1970-01-20T06:43:12+00:00,0,0,NA,NA,NA,NA,NA,0
pooled,recorded,high_PageRank,deependershooda,60219,109219,129604,0,1970-01-20T06:43:12+00:00,0,0,NA,NA,NA,NA,NA,0
pooled,recorded,high_PageRank,amitshahoffice,60219,109219,129604,0,1970-01-20T06:43:12+00:00,0,0,NA,NA,NA,NA,NA,0
pooled,recorded,high_PageRank,kamaalrkhan,60219,109219,129604,0,1970-01-20T06:43:12+00:00,2,1,0.5,0.5,0.14362268518518517,0.14362268518518517,0.14362268518518517,1
pooled,recorded,high_PageRank,cricketracker,60219,109219,129604,0,1970-01-20T06:43:12+00:00,0,0,NA,NA,NA,NA,NA,0
pooled,recorded,high_PageRank,indian_nagrik,60219,109219,129604,0,1970-01-20T06:43:12+00:00,47,36,0.7659574468085106,0.23404255319148937,0.00400462962962963,0.12634837962962964,0.1645949074074074,3
pooled,recorded,high_PageRank,adgpi,60219,109219,129604,0,1970-01-20T06:43:12+00:00,0,0,NA,NA,NA,NA,NA,0
pooled,recorded,high_PageRank,arivalayam,60219,109219,129604,0,1970-01-20T06:43:12+00:00,0,0,NA,NA,NA,NA,NA,0
pooled,recorded,high_PageRank,vivekoberoi,60219,109219,129604,0,1970-01-20T06:43:12+00:00,0,0,NA,NA,NA,NA,NA,0
pooled,recorded,high_PageRank,voice_for_india,60219,109219,129604,0,1970-01-20T06:43:12+00:00,0,0,NA,NA,NA,NA,NA,0
pooled,recorded,high_PageRank,iaf_mcc,60219,109219,129604,0,1970-01-20T06:43:12+00:00,0,0,NA,NA,NA,NA,NA,0
pooled,recorded,high_PageRank,_yogendrayadav,60219,109219,129604,0,1970-01-20T06:43:12+00:00,0,0,NA,NA,NA,NA,NA,0
pooled,recorded,high_PageRank,shatrugansinha,60219,109219,129604,0,1970-01-20T06:43:12+00:00,0,0,NA,NA,NA,NA,NA,0
pooled,recorded,high_PageRank,sportskeeda,60219,109219,129604,0,1970-01-20T06:43:12+00:00,0,0,NA,NA,NA,NA,NA,0
pooled,recorded,high_PageRank,_sabanaqvi,60219,109219,129604,0,1970-01-20T06:43:12+00:00,0,0,NA,NA,NA,NA,NA,0
pooled,recorded,high_PageRank,sidhant,60219,109219,129604,0,1970-01-20T06:43:12+00:00,2,2,1.0,0.0,0.13025462962962964,0.13025462962962964,0.13025462962962964,1
pooled,recorded,high_PageRank,omarali50,60219,109219,129604,0,1970-01-20T06:43:12+00:00,82,31,0.3780487804878049,0.6219512195121951,0.0077777777777777776,0.1142013888888889,0.1547337962962963,3
pooled,recorded,high_PageRank,davidfrawleyved,60219,109219,129604,0,1970-01-20T06:43:12+00:00,0,0,NA,NA,NA,NA,NA,0
pooled,recorded,high_PageRank,mehboobamufti,60219,109219,129604,0,1970-01-20T06:43:12+00:00,0,0,NA,NA,NA,NA,NA,0
pooled,recorded,high_PageRank,dr_rizwanahmed,60219,109219,129604,0,1970-01-20T06:43:12+00:00,1,1,1.0,0.0,0.15947916666666667,0.15947916666666667,0.15947916666666667,1
pooled,recorded,high_PageRank,khushsundar,60219,109219,129604,0,1970-01-20T06:43:12+00:00,1,1,1.0,0.0,0.15487268518518518,0.15487268518518518,0.15487268518518518,1
pooled,recorded,high_PageRank,tvmohandaspai,60219,109219,129604,0,1970-01-20T06:43:12+00:00,143,6,0.04195804195804196,0.958041958041958,0.011423611111111112,0.011423611111111112,0.1437152777777778,1
pooled,recorded,high_PageRank,iyc,60219,109219,129604,0,1970-01-20T06:43:12+00:00,6,2,0.3333333333333333,0.6666666666666666,0.1608449074074074,0.1611111111111111,0.16137731481481482,1
pooled,recorded,high_PageRank,rssorg,60219,109219,129604,0,1970-01-20T06:43:12+00:00,0,0,NA,NA,NA,NA,NA,0
pooled,recorded,high_PageRank,ravishndtv,60219,109219,129604,0,1970-01-20T06:43:12+00:00,0,0,NA,NA,NA,NA,NA,0
pooled,recorded,high_PageRank,bsybjp,60219,109219,129604,0,1970-01-20T06:43:12+00:00,0,0,NA,NA,NA,NA,NA,0
pooled,recorded,high_PageRank,svaradarajan,60219,109219,129604,0,1970-01-20T06:43:12+00:00,5,5,1.0,0.0,0.012233796296296296,0.012233796296296296,0.10760416666666667,2
pooled,recorded,high_PageRank,ashokgehlot51,60219,109219,129604,0,1970-01-20T06:43:12+00:00,0,0,NA,NA,NA,NA,NA,0
pooled,recorded,high_PageRank,asyounotwish,60219,109219,129604,0,1970-01-20T06:43:12+00:00,1,1,1.0,0.0,0.16538194444444446,0.16538194444444446,0.16538194444444446,1
pooled,recorded,high_PageRank,mkatju,60219,109219,129604,0,1970-01-20T06:43:12+00:00,71,70,0.9859154929577465,0.014084507042253521,0.008773148148148148,0.008784722222222222,0.16508101851851853,2
pooled,recorded,high_PageRank,prafull_mbachai,60219,109219,129604,0,1970-01-20T06:43:12+00:00,0,0,NA,NA,NA,NA,NA,0
pooled,recorded,high_PageRank,reallyswara,60219,109219,129604,0,1970-01-20T06:43:12+00:00,0,0,NA,NA,NA,NA,NA,0
pooled,recorded,high_PageRank,akshayalladi,60219,109219,129604,0,1970-01-20T06:43:12+00:00,210,36,0.17142857142857143,0.8285714285714286,0.005115740740740741,0.13947337962962963,0.16461805555555556,5
pooled,recorded,high_PageRank,boltahindustan,60219,109219,129604,0,1970-01-20T06:43:12+00:00,0,0,NA,NA,NA,NA,NA,0
pooled,recorded,high_PageRank,delhiite_,60219,109219,129604,0,1970-01-20T06:43:12+00:00,1,1,1.0,0.0,0.08844907407407407,0.08844907407407407,0.08844907407407407,1
pooled,recorded,high_PageRank,smitadeshmukh,60219,109219,129604,0,1970-01-20T06:43:12+00:00,5,5,1.0,0.0,0.0512962962962963,0.0512962962962963,0.15975694444444444,1
pooled,recorded,high_PageRank,bhavikakapoor5,60219,109219,129604,0,1970-01-20T06:43:12+00:00,0,0,NA,NA,NA,NA,NA,0
pooled,recorded,high_PageRank,ianuragthakur,60219,109219,129604,0,1970-01-20T06:43:12+00:00,0,0,NA,NA,NA,NA,NA,0
pooled,recorded,high_PageRank,janasenaparty,60219,109219,129604,0,1970-01-20T06:43:12+00:00,0,0,NA,NA,NA,NA,NA,0
pooled,recorded,high_PageRank,ajay43,60219,109219,129604,0,1970-01-20T06:43:12+00:00,0,0,NA,NA,NA,NA,NA,0
pooled,recorded,high_PageRank,rajatsharmalive,60219,109219,129604,0,1970-01-20T06:43:12+00:00,0,0,NA,NA,NA,NA,NA,0
pooled,recorded,high_PageRank,gganeshhh,60219,109219,129604,0,1970-01-20T06:43:12+00:00,0,0,NA,NA,NA,NA,NA,0
pooled,recorded,high_PageRank,spiritofcongres,60219,109219,129604,0,1970-01-20T06:43:12+00:00,0,0,NA,NA,NA,NA,NA,0
pooled,recorded,high_PageRank,saurabh_mlagk,60219,109219,129604,0,1970-01-20T06:43:12+00:00,0,0,NA,NA,NA,NA,NA,0
pooled,recorded,high_PageRank,yadavtejashwi,60219,109219,129604,0,1970-01-20T06:43:12+00:00,0,0,NA,NA,NA,NA,NA,0
pooled,recorded,high_PageRank,indiahistorypic,60219,109219,129604,0,1970-01-20T06:43:12+00:00,0,0,NA,NA,NA,NA,NA,0
pooled,recorded,high_PageRank,bhupindershooda,60219,109219,129604,0,1970-01-20T06:43:12+00:00,0,0,NA,NA,NA,NA,NA,0
pooled,recorded,high_PageRank,minicnair,60219,109219,129604,0,1970-01-20T06:43:12+00:00,10,10,1.0,0.0,0.010416666666666666,0.1233912037037037,0.13849537037037038,3
pooled,recorded,high_PageRank,amarprasadreddy,60219,109219,129604,0,1970-01-20T06:43:12+00:00,0,0,NA,NA,NA,NA,NA,0
pooled,recorded,high_PageRank,ranaayyub,60219,109219,129604,0,1970-01-20T06:43:12+00:00,0,0,NA,NA,NA,NA,NA,0
pooled,recorded,high_PageRank,ndtvfeed,60219,109219,129604,0,1970-01-20T06:43:12+00:00,0,0,NA,NA,NA,NA,NA,0
pooled,recorded,high_PageRank,sudhanshutrived,60219,109219,129604,0,1970-01-20T06:43:12+00:00,0,0,NA,NA,NA,NA,NA,0
pooled,recorded,high_PageRank,_sayema,60219,109219,129604,0,1970-01-20T06:43:12+00:00,0,0,NA,NA,NA,NA,NA,0
pooled,recorded,high_PageRank,nistula,60219,109219,129604,0,1970-01-20T06:43:12+00:00,9,5,0.5555555555555556,0.4444444444444444,0.07862268518518518,0.110625,0.11729166666666667,1
pooled,recorded,high_PageRank,alok_bhatt,60219,109219,129604,0,1970-01-20T06:43:12+00:00,7,6,0.8571428571428571,0.14285714285714285,0.0015046296296296296,0.0409375,0.10049768518518519,1
pooled,recorded,high_PageRank,potus,60219,109219,129604,0,1970-01-20T06:43:12+00:00,0,0,NA,NA,NA,NA,NA,0
pooled,recorded,high_PageRank,besurataansane,60219,109219,129604,0,1970-01-20T06:43:12+00:00,4,4,1.0,0.0,0.050868055555555555,0.050868055555555555,0.050868055555555555,1
pooled,recorded,high_PageRank,mariaa_awd,60219,109219,129604,0,1970-01-20T06:43:12+00:00,0,0,NA,NA,NA,NA,NA,0
pooled,recorded,high_PageRank,abpnews,60219,109219,129604,0,1970-01-20T06:43:12+00:00,8,8,1.0,0.0,0.04273148148148148,0.08161458333333334,0.13849537037037038,3
pooled,recorded,high_PageRank,mumbaichadon,60219,109219,129604,0,1970-01-20T06:43:12+00:00,0,0,NA,NA,NA,NA,NA,0
pooled,recorded,high_PageRank,ajenglish,60219,109219,129604,0,1970-01-20T06:43:12+00:00,0,0,NA,NA,NA,NA,NA,0
pooled,recorded,high_PageRank,unsubtledesi,60219,109219,129604,0,1970-01-20T06:43:12+00:00,0,0,NA,NA,NA,NA,NA,0
pooled,recorded,high_PageRank,naveen_odisha,60219,109219,129604,0,1970-01-20T06:43:12+00:00,0,0,NA,NA,NA,NA,NA,0
pooled,recorded,high_PageRank,bbc,60219,109219,129604,0,1970-01-20T06:43:12+00:00,0,0,NA,NA,NA,NA,NA,0
pooled,recorded,high_PageRank,prashantkishor,60219,109219,129604,0,1970-01-20T06:43:12+00:00,0,0,NA,NA,NA,NA,NA,0
pooled,recorded,high_PageRank,bbcnews,60219,109219,129604,0,1970-01-20T06:43:12+00:00,0,0,NA,NA,NA,NA,NA,0
pooled,recorded,high_PageRank,gabbbarsingh,60219,109219,129604,0,1970-01-20T06:43:12+00:00,0,0,NA,NA,NA,NA,NA,0
pooled,recorded,high_PageRank,theskindoctor13,60219,109219,129604,0,1970-01-20T06:43:12+00:00,0,0,NA,NA,NA,NA,NA,0
pooled,recorded,high_PageRank,countercurrents,60219,109219,129604,0,1970-01-20T06:43:12+00:00,1,1,1.0,0.0,0.018518518518518517,0.018518518518518517,0.018518518518518517,1
pooled,recorded,high_PageRank,rajthackeray,60219,109219,129604,0,1970-01-20T06:43:12+00:00,0,0,NA,NA,NA,NA,NA,0
pooled,recorded,high_PageRank,omarabdullah,60219,109219,129604,0,1970-01-20T06:43:12+00:00,0,0,NA,NA,NA,NA,NA,0
pooled,recorded,high_PageRank,sirpareshrawal,60219,109219,129604,0,1970-01-20T06:43:12+00:00,0,0,NA,NA,NA,NA,NA,0
pooled,recorded,high_PageRank,sushantbsinha,60219,109219,129604,0,1970-01-20T06:43:12+00:00,0,0,NA,NA,NA,NA,NA,0
pooled,recorded,high_PageRank,kaushikcbasu,60219,109219,129604,0,1970-01-20T06:43:12+00:00,0,0,NA,NA,NA,NA,NA,0
pooled,recorded,high_PageRank,varungandhi80,60219,109219,129604,0,1970-01-20T06:43:12+00:00,0,0,NA,NA,NA,NA,NA,0
pooled,recorded,high_PageRank,un,60219,109219,129604,0,1970-01-20T06:43:12+00:00,0,0,NA,NA,NA,NA,NA,0
pooled,recorded,high_PageRank,krisnair1,60219,109219,129604,0,1970-01-20T06:43:12+00:00,0,0,NA,NA,NA,NA,NA,0
pooled,recorded,high_PageRank,bjp4tamilnadu,60219,109219,129604,0,1970-01-20T06:43:12+00:00,0,0,NA,NA,NA,NA,NA,0
pooled,recorded,high_PageRank,dhume,60219,109219,129604,0,1970-01-20T06:43:12+00:00,218,10,0.045871559633027525,0.9541284403669725,0.06369212962962963,0.14666666666666667,0.16366898148148148,3
pooled,recorded,high_PageRank,ambkcsingh,60219,109219,129604,0,1970-01-20T06:43:12+00:00,0,0,NA,NA,NA,NA,NA,0
pooled,recorded,high_PageRank,sansbarrier,60219,109219,129604,0,1970-01-20T06:43:12+00:00,0,0,NA,NA,NA,NA,NA,0
pooled,recorded,high_PageRank,fispahani,60219,109219,129604,0,1970-01-20T06:43:12+00:00,0,0,NA,NA,NA,NA,NA,0
pooled,recorded,high_PageRank,nidhi,60219,109219,129604,0,1970-01-20T06:43:12+00:00,0,0,NA,NA,NA,NA,NA,0
pooled,recorded,high_PageRank,_garrywalia,60219,109219,129604,0,1970-01-20T06:43:12+00:00,0,0,NA,NA,NA,NA,NA,0
pooled,recorded,high_PageRank,jaipurdialogues,60219,109219,129604,0,1970-01-20T06:43:12+00:00,0,0,NA,NA,NA,NA,NA,0
pooled,recorded,high_PageRank,tarekfatah,60219,109219,129604,0,1970-01-20T06:43:12+00:00,0,0,NA,NA,NA,NA,NA,0
pooled,recorded,high_PageRank,kanchangupta,60219,109219,129604,0,1970-01-20T06:43:12+00:00,7,7,1.0,0.0,0.007592592592592593,0.08332175925925926,0.13849537037037038,3
pooled,recorded,high_PageRank,shoaibdaniyal,60219,109219,129604,0,1970-01-20T06:43:12+00:00,0,0,NA,NA,NA,NA,NA,0
pooled,recorded,high_PageRank,gargac,60219,109219,129604,0,1970-01-20T06:43:12+00:00,1,1,1.0,0.0,0.05371527777777778,0.05371527777777778,0.05371527777777778,1
pooled,recorded,high_PageRank,lavanyaballal,60219,109219,129604,0,1970-01-20T06:43:12+00:00,721,335,0.4646324549237171,0.5353675450762829,0.026643518518518518,0.10017361111111112,0.16539351851851852,6
pooled,recorded,high_PageRank,hvgoenka,60219,109219,129604,0,1970-01-20T06:43:12+00:00,0,0,NA,NA,NA,NA,NA,0
pooled,recorded,high_PageRank,sitaramyechury,60219,109219,129604,0,1970-01-20T06:43:12+00:00,0,0,NA,NA,NA,NA,NA,0
pooled,recorded,high_PageRank,jaipurlitfest,60219,109219,129604,0,1970-01-20T06:43:12+00:00,0,0,NA,NA,NA,NA,NA,0
pooled,recorded,high_PageRank,mrsinha_,60219,109219,129604,0,1970-01-20T06:43:12+00:00,0,0,NA,NA,NA,NA,NA,0
pooled,recorded,high_PageRank,brsparty,60219,109219,129604,0,1970-01-20T06:43:12+00:00,0,0,NA,NA,NA,NA,NA,0
pooled,recorded,high_PageRank,samkhan999,60219,109219,129604,0,1970-01-20T06:43:12+00:00,0,0,NA,NA,NA,NA,NA,0
pooled,recorded,high_PageRank,sampitroda,60219,109219,129604,0,1970-01-20T06:43:12+00:00,0,0,NA,NA,NA,NA,NA,0
pooled,recorded,high_PageRank,inckarnataka,60219,109219,129604,0,1970-01-20T06:43:12+00:00,3,3,1.0,0.0,0.051145833333333335,0.051145833333333335,0.07918981481481481,2
pooled,recorded,high_PageRank,toiindianews,60219,109219,129604,0,1970-01-20T06:43:12+00:00,0,0,NA,NA,NA,NA,NA,0
pooled,recorded,high_PageRank,sushantnmehta,60219,109219,129604,0,1970-01-20T06:43:12+00:00,0,0,NA,NA,NA,NA,NA,0
pooled,recorded,high_PageRank,drkumarvishwas,60219,109219,129604,0,1970-01-20T06:43:12+00:00,0,0,NA,NA,NA,NA,NA,0
pooled,recorded,high_PageRank,bjplive,60219,109219,129604,0,1970-01-20T06:43:12+00:00,0,0,NA,NA,NA,NA,NA,0
pooled,recorded,high_PageRank,kvishreddy,60219,109219,129604,0,1970-01-20T06:43:12+00:00,1,1,1.0,0.0,0.011168981481481481,0.011168981481481481,0.011168981481481481,1
pooled,recorded,high_PageRank,cpimspeak,60219,109219,129604,0,1970-01-20T06:43:12+00:00,0,0,NA,NA,NA,NA,NA,0
pooled,recorded,high_PageRank,indian__doctor,60219,109219,129604,0,1970-01-20T06:43:12+00:00,3,3,1.0,0.0,0.015601851851851851,0.015601851851851851,0.05938657407407407,1
pooled,recorded,high_PageRank,qamarcheema,60219,109219,129604,0,1970-01-20T06:43:12+00:00,0,0,NA,NA,NA,NA,NA,0
pooled,recorded,high_PageRank,senwarren,60219,109219,129604,0,1970-01-20T06:43:12+00:00,0,0,NA,NA,NA,NA,NA,0
pooled,recorded,high_PageRank,barmansamannay,60219,109219,129604,0,1970-01-20T06:43:12+00:00,0,0,NA,NA,NA,NA,NA,0
pooled,recorded,high_PageRank,befittingfacts,60219,109219,129604,0,1970-01-20T06:43:12+00:00,0,0,NA,NA,NA,NA,NA,0
pooled,recorded,high_PageRank,ipl,60219,109219,129604,0,1970-01-20T06:43:12+00:00,0,0,NA,NA,NA,NA,NA,0
pooled,recorded,high_PageRank,desimojito,60219,109219,129604,0,1970-01-20T06:43:12+00:00,0,0,NA,NA,NA,NA,NA,0
pooled,recorded,high_PageRank,virendersehwag,60219,109219,129604,0,1970-01-20T06:43:12+00:00,0,0,NA,NA,NA,NA,NA,0
pooled,recorded,high_PageRank,derekobrienmp,60219,109219,129604,0,1970-01-20T06:43:12+00:00,0,0,NA,NA,NA,NA,NA,0
pooled,recorded,high_PageRank,sohamdraws,60219,109219,129604,0,1970-01-20T06:43:12+00:00,0,0,NA,NA,NA,NA,NA,0
pooled,recorded,high_PageRank,sherryontopp,60219,109219,129604,0,1970-01-20T06:43:12+00:00,0,0,NA,NA,NA,NA,NA,0
pooled,recorded,high_PageRank,anupampkher,60219,109219,129604,0,1970-01-20T06:43:12+00:00,0,0,NA,NA,NA,NA,NA,0
pooled,recorded,high_PageRank,hd_kumaraswamy,60219,109219,129604,0,1970-01-20T06:43:12+00:00,0,0,NA,NA,NA,NA,NA,0
pooled,recorded,high_PageRank,bjp4bengal,60219,109219,129604,0,1970-01-20T06:43:12+00:00,0,0,NA,NA,NA,NA,NA,0
pooled,recorded,high_PageRank,time,60219,109219,129604,0,1970-01-20T06:43:12+00:00,0,0,NA,NA,NA,NA,NA,0
pooled,recorded,high_PageRank,anshumansail,60219,109219,129604,0,1970-01-20T06:43:12+00:00,0,0,NA,NA,NA,NA,NA,0
pooled,recorded,high_PageRank,deepanshu_1810,60219,109219,129604,0,1970-01-20T06:43:12+00:00,0,0,NA,NA,NA,NA,NA,0
pooled,recorded,high_PageRank,viceapologist,60219,109219,129604,0,1970-01-20T06:43:12+00:00,0,0,NA,NA,NA,NA,NA,0
pooled,recorded,high_PageRank,starboy2079,60219,109219,129604,0,1970-01-20T06:43:12+00:00,0,0,NA,NA,NA,NA,NA,0
pooled,recorded,high_PageRank,drgpradhan,60219,109219,129604,0,1970-01-20T06:43:12+00:00,0,0,NA,NA,NA,NA,NA,0
pooled,recorded,high_PageRank,shivsena,60219,109219,129604,0,1970-01-20T06:43:12+00:00,0,0,NA,NA,NA,NA,NA,0
pooled,recorded,high_PageRank,siddaramaiah,60219,109219,129604,0,1970-01-20T06:43:12+00:00,3,3,1.0,0.0,0.010115740740740741,0.010115740740740741,0.010115740740740741,1
pooled,recorded,high_PageRank,digvijaya_28,60219,109219,129604,0,1970-01-20T06:43:12+00:00,0,0,NA,NA,NA,NA,NA,0
pooled,recorded,high_PageRank,supriya_sule,60219,109219,129604,0,1970-01-20T06:43:12+00:00,0,0,NA,NA,NA,NA,NA,0
pooled,recorded,high_PageRank,indian_index,60219,109219,129604,0,1970-01-20T06:43:12+00:00,0,0,NA,NA,NA,NA,NA,0
pooled,recorded,high_PageRank,brutindia,60219,109219,129604,0,1970-01-20T06:43:12+00:00,0,0,NA,NA,NA,NA,NA,0
pooled,recorded,high_PageRank,umakanthgopalb1,60219,109219,129604,0,1970-01-20T06:43:12+00:00,1,1,1.0,0.0,0.011134259259259259,0.011134259259259259,0.011134259259259259,1
pooled,recorded,high_PageRank,navikakumar,60219,109219,129604,0,1970-01-20T06:43:12+00:00,0,0,NA,NA,NA,NA,NA,0
pooled,recorded,high_PageRank,elizatweetz,60219,109219,129604,0,1970-01-20T06:43:12+00:00,0,0,NA,NA,NA,NA,NA,0
pooled,recorded,high_PageRank,sirkazamjeevi,60219,109219,129604,0,1970-01-20T06:43:12+00:00,0,0,NA,NA,NA,NA,NA,0
pooled,recorded,high_PageRank,chouhanshivraj,60219,109219,129604,0,1970-01-20T06:43:12+00:00,0,0,NA,NA,NA,NA,NA,0
pooled,recorded,high_PageRank,samajwadiparty,60219,109219,129604,0,1970-01-20T06:43:12+00:00,0,0,NA,NA,NA,NA,NA,0
pooled,recorded,high_PageRank,gautam_adani,60219,109219,129604,0,1970-01-20T06:43:12+00:00,0,0,NA,NA,NA,NA,NA,0
pooled,recorded,high_PageRank,ashokepandit,60219,109219,129604,0,1970-01-20T06:43:12+00:00,0,0,NA,NA,NA,NA,NA,0
pooled,recorded,high_PageRank,sachinpilot,60219,109219,129604,0,1970-01-20T06:43:12+00:00,0,0,NA,NA,NA,NA,NA,0
pooled,recorded,high_PageRank,profbabones,60219,109219,129604,0,1970-01-20T06:43:12+00:00,139,64,0.460431654676259,0.539568345323741,0.02375,0.1165914351851852,0.1654050925925926,3
pooled,recorded,high_PageRank,thedailyshow,60219,109219,129604,0,1970-01-20T06:43:12+00:00,0,0,NA,NA,NA,NA,NA,0
pooled,recorded,high_PageRank,nan_dini_,60219,109219,129604,0,1970-01-20T06:43:12+00:00,0,0,NA,NA,NA,NA,NA,0
pooled,recorded,high_PageRank,derekjgrossman,60219,109219,129604,0,1970-01-20T06:43:12+00:00,0,0,NA,NA,NA,NA,NA,0
pooled,recorded,high_PageRank,being_humor,60219,109219,129604,0,1970-01-20T06:43:12+00:00,0,0,NA,NA,NA,NA,NA,0
pooled,recorded,high_PageRank,paul_koshy,60219,109219,129604,0,1970-01-20T06:43:12+00:00,5,5,1.0,0.0,0.010613425925925925,0.043125,0.15949074074074074,1
pooled,recorded,high_PageRank,pandajay,60219,109219,129604,0,1970-01-20T06:43:12+00:00,0,0,NA,NA,NA,NA,NA,0
pooled,recorded,high_PageRank,satishacharya,60219,109219,129604,0,1970-01-20T06:43:12+00:00,0,0,NA,NA,NA,NA,NA,0
pooled,recorded,high_PageRank,thedeshbhakt,60219,109219,129604,0,1970-01-20T06:43:12+00:00,0,0,NA,NA,NA,NA,NA,0
pooled,recorded,high_PageRank,epanchjanya,60219,109219,129604,0,1970-01-20T06:43:12+00:00,0,0,NA,NA,NA,NA,NA,0
pooled,recorded,high_PageRank,scroll_in,60219,109219,129604,0,1970-01-20T06:43:12+00:00,2,2,1.0,0.0,0.0021875,0.03469907407407407,0.06721064814814814,1
pooled,recorded,high_PageRank,adityarajkaul,60219,109219,129604,0,1970-01-20T06:43:12+00:00,1,1,1.0,0.0,0.10547453703703703,0.10547453703703703,0.10547453703703703,1
pooled,recorded,high_PageRank,cmshehbaz,60219,109219,129604,0,1970-01-20T06:43:12+00:00,0,0,NA,NA,NA,NA,NA,0
pooled,recorded,high_PageRank,sadhvi_prachi,60219,109219,129604,0,1970-01-20T06:43:12+00:00,0,0,NA,NA,NA,NA,NA,0
pooled,recorded,high_PageRank,shivaroor,60219,109219,129604,0,1970-01-20T06:43:12+00:00,0,0,NA,NA,NA,NA,NA,0
pooled,recorded,high_PageRank,meaindia,60219,109219,129604,0,1970-01-20T06:43:12+00:00,0,0,NA,NA,NA,NA,NA,0
pooled,recorded,high_PageRank,hardikpandya7,60219,109219,129604,0,1970-01-20T06:43:12+00:00,0,0,NA,NA,NA,NA,NA,0
pooled,recorded,high_PageRank,dgisprurdu,60219,109219,129604,0,1970-01-20T06:43:12+00:00,0,0,NA,NA,NA,NA,NA,0
pooled,recorded,high_PageRank,prakashjavdekar,60219,109219,129604,0,1970-01-20T06:43:12+00:00,0,0,NA,NA,NA,NA,NA,0
pooled,recorded,high_PageRank,suhelseth,60219,109219,129604,0,1970-01-20T06:43:12+00:00,0,0,NA,NA,NA,NA,NA,0
pooled,recorded,high_PageRank,bbhuttozardari,60219,109219,129604,0,1970-01-20T06:43:12+00:00,0,0,NA,NA,NA,NA,NA,0
pooled,recorded,high_PageRank,sanginamby,60219,109219,129604,0,1970-01-20T06:43:12+00:00,0,0,NA,NA,NA,NA,NA,0
pooled,recorded,high_PageRank,rohiniacharya2,60219,109219,129604,0,1970-01-20T06:43:12+00:00,0,0,NA,NA,NA,NA,NA,0
pooled,recorded,high_PageRank,karthikgnath,60219,109219,129604,0,1970-01-20T06:43:12+00:00,0,0,NA,NA,NA,NA,NA,0
pooled,recorded,high_PageRank,reuters,60219,109219,129604,0,1970-01-20T06:43:12+00:00,0,0,NA,NA,NA,NA,NA,0
pooled,recorded,high_PageRank,veera284,60219,109219,129604,0,1970-01-20T06:43:12+00:00,0,0,NA,NA,NA,NA,NA,0
pooled,recorded,high_PageRank,bjp4gujarat,60219,109219,129604,0,1970-01-20T06:43:12+00:00,0,0,NA,NA,NA,NA,NA,0
pooled,recorded,high_PageRank,ani_digital,60219,109219,129604,0,1970-01-20T06:43:12+00:00,1,1,1.0,0.0,0.09615740740740741,0.09615740740740741,0.09615740740740741,1
pooled,recorded,high_PageRank,alongimna,60219,109219,129604,0,1970-01-20T06:43:12+00:00,0,0,NA,NA,NA,NA,NA,0
pooled,recorded,high_PageRank,gauravsabnis,60219,109219,129604,0,1970-01-20T06:43:12+00:00,2,2,1.0,0.0,0.13825231481481481,0.13825231481481481,0.13825231481481481,1
pooled,recorded,high_PageRank,pinarayivijayan,60219,109219,129604,0,1970-01-20T06:43:12+00:00,0,0,NA,NA,NA,NA,NA,0
pooled,recorded,high_PageRank,cvkrishnan,60219,109219,129604,0,1970-01-20T06:43:12+00:00,210,32,0.1523809523809524,0.8476190476190476,0.08975694444444444,0.13947337962962963,0.16461805555555556,6
pooled,recorded,high_PageRank,rvaidya2000,60219,109219,129604,0,1970-01-20T06:43:12+00:00,0,0,NA,NA,NA,NA,NA,0
pooled,recorded,high_PageRank,mohansinha,60219,109219,129604,0,1970-01-20T06:43:12+00:00,6,6,1.0,0.0,0.009479166666666667,0.0512962962962963,0.15975694444444444,2
pooled,recorded,high_PageRank,thakkar_sameet,60219,109219,129604,0,1970-01-20T06:43:12+00:00,0,0,NA,NA,NA,NA,NA,0
pooled,recorded,high_PageRank,vikaslohia,60219,109219,129604,0,1970-01-20T06:43:12+00:00,0,0,NA,NA,NA,NA,NA,0
pooled,recorded,high_PageRank,ndtvindia,60219,109219,129604,0,1970-01-20T06:43:12+00:00,0,0,NA,NA,NA,NA,NA,0
pooled,recorded,high_PageRank,newindianxpress,60219,109219,129604,0,1970-01-20T06:43:12+00:00,20,13,0.65,0.35,0.035451388888888886,0.11015046296296296,0.16315972222222222,1
pooled,recorded,high_PageRank,desi_thug1,60219,109219,129604,0,1970-01-20T06:43:12+00:00,0,0,NA,NA,NA,NA,NA,0
pooled,recorded,high_PageRank,minhazmerchant,60219,109219,129604,0,1970-01-20T06:43:12+00:00,0,0,NA,NA,NA,NA,NA,0
pooled,recorded,high_PageRank,kanwalsibal,60219,109219,129604,0,1970-01-20T06:43:12+00:00,0,0,NA,NA,NA,NA,NA,0
pooled,recorded,high_PageRank,gauravbh,60219,109219,129604,0,1970-01-20T06:43:12+00:00,0,0,NA,NA,NA,NA,NA,0
pooled,recorded,high_PageRank,abhijitmajumder,60219,109219,129604,0,1970-01-20T06:43:12+00:00,4,4,1.0,0.0,0.10167824074074074,0.10167824074074074,0.10167824074074074,1
pooled,recorded,high_PageRank,irogerbinny,60219,109219,129604,0,1970-01-20T06:43:12+00:00,0,0,NA,NA,NA,NA,NA,0
pooled,recorded,high_PageRank,jaffrelotc,60219,109219,129604,0,1970-01-20T06:43:12+00:00,0,0,NA,NA,NA,NA,NA,0
pooled,recorded,high_PageRank,jm_scindia,60219,109219,129604,0,1970-01-20T06:43:12+00:00,0,0,NA,NA,NA,NA,NA,0
pooled,recorded,high_PageRank,ranvijaylive,60219,109219,129604,0,1970-01-20T06:43:12+00:00,0,0,NA,NA,NA,NA,NA,0
pooled,recorded,high_PageRank,cambridgejbs,60219,109219,129604,0,1970-01-20T06:43:12+00:00,0,0,NA,NA,NA,NA,NA,0
pooled,recorded,high_PageRank,hazharoon,60219,109219,129604,0,1970-01-20T06:43:12+00:00,0,0,NA,NA,NA,NA,NA,0
pooled,recorded,high_PageRank,cryptic_miind,60219,109219,129604,0,1970-01-20T06:43:12+00:00,0,0,NA,NA,NA,NA,NA,0
pooled,recorded,high_PageRank,thelallantop,60219,109219,129604,0,1970-01-20T06:43:12+00:00,0,0,NA,NA,NA,NA,NA,0
pooled,recorded,high_PageRank,bjp4up,60219,109219,129604,0,1970-01-20T06:43:12+00:00,0,0,NA,NA,NA,NA,NA,0
pooled,recorded,high_PageRank,blsanthosh,60219,109219,129604,0,1970-01-20T06:43:12+00:00,0,0,NA,NA,NA,NA,NA,0
pooled,recorded,high_PageRank,kakar_harsha,60219,109219,129604,0,1970-01-20T06:43:12+00:00,0,0,NA,NA,NA,NA,NA,0
pooled,recorded,high_PageRank,israelinindia,60219,109219,129604,0,1970-01-20T06:43:12+00:00,0,0,NA,NA,NA,NA,NA,0
pooled,recorded,high_PageRank,vishaldadlani,60219,109219,129604,0,1970-01-20T06:43:12+00:00,0,0,NA,NA,NA,NA,NA,0
pooled,recorded,high_PageRank,beingarun28,60219,109219,129604,0,1970-01-20T06:43:12+00:00,0,0,NA,NA,NA,NA,NA,0
pooled,recorded,high_PageRank,dr_uditraj,60219,109219,129604,0,1970-01-20T06:43:12+00:00,0,0,NA,NA,NA,NA,NA,0
pooled,recorded,high_PageRank,anjanaomkashyap,60219,109219,129604,0,1970-01-20T06:43:12+00:00,0,0,NA,NA,NA,NA,NA,0
pooled,recorded,high_PageRank,savoices,60219,109219,129604,0,1970-01-20T06:43:12+00:00,1,1,1.0,0.0,0.15552083333333333,0.15552083333333333,0.15552083333333333,1
pooled,recorded,high_PageRank,zeenewshindi,60219,109219,129604,0,1970-01-20T06:43:12+00:00,0,0,NA,NA,NA,NA,NA,0
pooled,recorded,high_PageRank,ptiofficial,60219,109219,129604,0,1970-01-20T06:43:12+00:00,0,0,NA,NA,NA,NA,NA,0
pooled,recorded,high_PageRank,happymonjacob,60219,109219,129604,0,1970-01-20T06:43:12+00:00,0,0,NA,NA,NA,NA,NA,0
pooled,recorded,high_PageRank,bjp4maharashtra,60219,109219,129604,0,1970-01-20T06:43:12+00:00,0,0,NA,NA,NA,NA,NA,0
pooled,recorded,high_PageRank,talk2anuradha,60219,109219,129604,0,1970-01-20T06:43:12+00:00,0,0,NA,NA,NA,NA,NA,0
pooled,recorded,high_PageRank,abhisar_sharma,60219,109219,129604,0,1970-01-20T06:43:12+00:00,0,0,NA,NA,NA,NA,NA,0
pooled,recorded,high_PageRank,aapnareshbalyan,60219,109219,129604,0,1970-01-20T06:43:12+00:00,1,1,1.0,0.0,0.043506944444444445,0.043506944444444445,0.043506944444444445,1
pooled,recorded,high_PageRank,dmuthuk,60219,109219,129604,0,1970-01-20T06:43:12+00:00,0,0,NA,NA,NA,NA,NA,0
pooled,recorded,high_PageRank,surya_14kumar,60219,109219,129604,0,1970-01-20T06:43:12+00:00,0,0,NA,NA,NA,NA,NA,0
pooled,recorded,high_PageRank,puneetsinghlive,60219,109219,129604,0,1970-01-20T06:43:12+00:00,0,0,NA,NA,NA,NA,NA,0
pooled,recorded,high_PageRank,livelawindia,60219,109219,129604,0,1970-01-20T06:43:12+00:00,0,0,NA,NA,NA,NA,NA,0
pooled,recorded,high_PageRank,dillidurast,60219,109219,129604,0,1970-01-20T06:43:12+00:00,0,0,NA,NA,NA,NA,NA,0
pooled,recorded,high_PageRank,saliltripathi,60219,109219,129604,0,1970-01-20T06:43:12+00:00,10,3,0.3,0.7,0.030046296296296297,0.030046296296296297,0.11013888888888888,1
pooled,recorded,high_PageRank,bansuriswaraj,60219,109219,129604,0,1970-01-20T06:43:12+00:00,0,0,NA,NA,NA,NA,NA,0
pooled,recorded,high_PageRank,roflgandhi_,60219,109219,129604,0,1970-01-20T06:43:12+00:00,0,0,NA,NA,NA,NA,NA,0
pooled,recorded,high_PageRank,tathagata2,60219,109219,129604,0,1970-01-20T06:43:12+00:00,1,1,1.0,0.0,0.0992824074074074,0.0992824074074074,0.0992824074074074,1
pooled,recorded,high_PageRank,pathakkalpana,60219,109219,129604,0,1970-01-20T06:43:12+00:00,0,0,NA,NA,NA,NA,NA,0
pooled,recorded,high_PageRank,sanjeev_news,60219,109219,129604,0,1970-01-20T06:43:12+00:00,0,0,NA,NA,NA,NA,NA,0
pooled,recorded,high_PageRank,ashajadeja325,60219,109219,129604,0,1970-01-20T06:43:12+00:00,0,0,NA,NA,NA,NA,NA,0
pooled,recorded,high_PageRank,softgrowl,60219,109219,129604,0,1970-01-20T06:43:12+00:00,0,0,NA,NA,NA,NA,NA,0
pooled,recorded,high_PageRank,swatijaihind,60219,109219,129604,0,1970-01-20T06:43:12+00:00,0,0,NA,NA,NA,NA,NA,0
pooled,recorded,high_PageRank,kirronkherbjp,60219,109219,129604,0,1970-01-20T06:43:12+00:00,0,0,NA,NA,NA,NA,NA,0
pooled,recorded,high_PageRank,d_jaishankar,60219,109219,129604,0,1970-01-20T06:43:12+00:00,1,1,1.0,0.0,0.004768518518518518,0.004768518518518518,0.004768518518518518,1
pooled,recorded,high_PageRank,imkuldeep18,60219,109219,129604,0,1970-01-20T06:43:12+00:00,0,0,NA,NA,NA,NA,NA,0
pooled,recorded,high_PageRank,abhiandniyu,60219,109219,129604,0,1970-01-20T06:43:12+00:00,0,0,NA,NA,NA,NA,NA,0
pooled,recorded,high_PageRank,ladhuchoudhary,60219,109219,129604,0,1970-01-20T06:43:12+00:00,1,1,1.0,0.0,0.11777777777777777,0.11777777777777777,0.11777777777777777,1
pooled,recorded,high_PageRank,ssrajamouli,60219,109219,129604,0,1970-01-20T06:43:12+00:00,0,0,NA,NA,NA,NA,NA,0
pooled,recorded,high_PageRank,amymek,60219,109219,129604,0,1970-01-20T06:43:12+00:00,0,0,NA,NA,NA,NA,NA,0
pooled,recorded,high_PageRank,ptrmadurai,60219,109219,129604,0,1970-01-20T06:43:12+00:00,0,0,NA,NA,NA,NA,NA,0
pooled,recorded,high_PageRank,jawharsircar,60219,109219,129604,0,1970-01-20T06:43:12+00:00,0,0,NA,NA,NA,NA,NA,0
pooled,recorded,high_PageRank,subbaraotn,60219,109219,129604,0,1970-01-20T06:43:12+00:00,3,3,1.0,0.0,0.09811342592592592,0.12552083333333333,0.12552083333333333,2
pooled,recorded,high_PageRank,ashutosh83b,60219,109219,129604,0,1970-01-20T06:43:12+00:00,0,0,NA,NA,NA,NA,NA,0
pooled,recorded,high_PageRank,teslaanddoge,60219,109219,129604,0,1970-01-20T06:43:12+00:00,1,1,1.0,0.0,0.08017361111111111,0.08017361111111111,0.08017361111111111,1
pooled,recorded,high_PageRank,nitishrajpute,60219,109219,129604,0,1970-01-20T06:43:12+00:00,0,0,NA,NA,NA,NA,NA,0
pooled,recorded,high_PageRank,republic_bharat,60219,109219,129604,0,1970-01-20T06:43:12+00:00,0,0,NA,NA,NA,NA,NA,0
pooled,recorded,high_PageRank,ranvirshorey,60219,109219,129604,0,1970-01-20T06:43:12+00:00,0,0,NA,NA,NA,NA,NA,0
pooled,recorded,high_PageRank,fltltanoopverma,60219,109219,129604,0,1970-01-20T06:43:12+00:00,0,0,NA,NA,NA,NA,NA,0
pooled,recorded,high_PageRank,akashpo30183389,60219,109219,129604,0,1970-01-20T06:43:12+00:00,0,0,NA,NA,NA,NA,NA,0
pooled,recorded,high_PageRank,mxtaverse,60219,109219,129604,0,1970-01-20T06:43:12+00:00,0,0,NA,NA,NA,NA,NA,0
pooled,recorded,high_PageRank,laluprasadrjd,60219,109219,129604,0,1970-01-20T06:43:12+00:00,0,0,NA,NA,NA,NA,NA,0
pooled,recorded,high_PageRank,catale7a,60219,109219,129604,0,1970-01-20T06:43:12+00:00,82,20,0.24390243902439024,0.7560975609756098,0.08236111111111111,0.12244791666666667,0.1635300925925926,3
pooled,recorded,high_PageRank,meghamohan,60219,109219,129604,0,1970-01-20T06:43:12+00:00,0,0,NA,NA,NA,NA,NA,0
pooled,recorded,high_PageRank,thepolllady,60219,109219,129604,0,1970-01-20T06:43:12+00:00,2,2,1.0,0.0,0.0017592592592592592,0.0017592592592592592,0.0017592592592592592,1
pooled,recorded,high_PageRank,shaandelhite,60219,109219,129604,0,1970-01-20T06:43:12+00:00,2,2,1.0,0.0,0.07561342592592593,0.11148726851851852,0.1473611111111111,1
pooled,recorded,high_PageRank,dpradhanbjp,60219,109219,129604,0,1970-01-20T06:43:12+00:00,0,0,NA,NA,NA,NA,NA,0
pooled,recorded,high_PageRank,telanganacmo,60219,109219,129604,0,1970-01-20T06:43:12+00:00,0,0,NA,NA,NA,NA,NA,0
pooled,recorded,high_PageRank,amit_gujju,60219,109219,129604,0,1970-01-20T06:43:12+00:00,0,0,NA,NA,NA,NA,NA,0
pooled,recorded,high_PageRank,gopal_italia,60219,109219,129604,0,1970-01-20T06:43:12+00:00,0,0,NA,NA,NA,NA,NA,0
pooled,recorded,high_PageRank,mlkhattar,60219,109219,129604,0,1970-01-20T06:43:12+00:00,0,0,NA,NA,NA,NA,NA,0
pooled,recorded,high_PageRank,sakshijoshii,60219,109219,129604,0,1970-01-20T06:43:12+00:00,0,0,NA,NA,NA,NA,NA,0
pooled,recorded,high_PageRank,ashwinravi99,60219,109219,129604,0,1970-01-20T06:43:12+00:00,0,0,NA,NA,NA,NA,NA,0
pooled,recorded,high_PageRank,amanchopra_,60219,109219,129604,0,1970-01-20T06:43:12+00:00,0,0,NA,NA,NA,NA,NA,0
pooled,recorded,high_PageRank,sharadyadavmp,60219,109219,129604,0,1970-01-20T06:43:12+00:00,0,0,NA,NA,NA,NA,NA,0
pooled,recorded,high_PageRank,ctravi_bjp,60219,109219,129604,0,1970-01-20T06:43:12+00:00,16,11,0.6875,0.3125,0.021944444444444444,0.07918981481481481,0.08991898148148147,2
pooled,recorded,high_PageRank,happyjesse,60219,109219,129604,0,1970-01-20T06:43:12+00:00,1,1,1.0,0.0,0.08018518518518518,0.08018518518518518,0.08018518518518518,1
pooled,recorded,high_PageRank,malpani,60219,109219,129604,0,1970-01-20T06:43:12+00:00,0,0,NA,NA,NA,NA,NA,0
pooled,recorded,high_PageRank,anumavidisha,60219,109219,129604,0,1970-01-20T06:43:12+00:00,0,0,NA,NA,NA,NA,NA,0
pooled,recorded,high_PageRank,aroonpurie,60219,109219,129604,0,1970-01-20T06:43:12+00:00,0,0,NA,NA,NA,NA,NA,0
pooled,recorded,high_PageRank,imranriazkhan,60219,109219,129604,0,1970-01-20T06:43:12+00:00,0,0,NA,NA,NA,NA,NA,0
pooled,recorded,high_PageRank,tusharg,60219,109219,129604,0,1970-01-20T06:43:12+00:00,0,0,NA,NA,NA,NA,NA,0
pooled,recorded,high_PageRank,indian_fairy77,60219,109219,129604,0,1970-01-20T06:43:12+00:00,0,0,NA,NA,NA,NA,NA,0
pooled,recorded,high_PageRank,subhashini_12b,60219,109219,129604,0,1970-01-20T06:43:12+00:00,2,2,1.0,0.0,0.01599537037037037,0.07653935185185186,0.13708333333333333,1
pooled,recorded,high_PageRank,bjp,60219,109219,129604,0,1970-01-20T06:43:12+00:00,0,0,NA,NA,NA,NA,NA,0
pooled,recorded,high_PageRank,thenewshour,60219,109219,129604,0,1970-01-20T06:43:12+00:00,0,0,NA,NA,NA,NA,NA,0
pooled,recorded,high_PageRank,sunny_hundal,60219,109219,129604,0,1970-01-20T06:43:12+00:00,0,0,NA,NA,NA,NA,NA,0
pooled,recorded,high_PageRank,sanket,60219,109219,129604,0,1970-01-20T06:43:12+00:00,0,0,NA,NA,NA,NA,NA,0
pooled,recorded,high_PageRank,battakashmiri,60219,109219,129604,0,1970-01-20T06:43:12+00:00,0,0,NA,NA,NA,NA,NA,0
pooled,recorded,high_PageRank,sanjeevsanyal,60219,109219,129604,0,1970-01-20T06:43:12+00:00,0,0,NA,NA,NA,NA,NA,0
pooled,recorded,high_PageRank,shyammeerasingh,60219,109219,129604,0,1970-01-20T06:43:12+00:00,0,0,NA,NA,NA,NA,NA,0
pooled,recorded,high_PageRank,sganguly99,60219,109219,129604,0,1970-01-20T06:43:12+00:00,0,0,NA,NA,NA,NA,NA,0
pooled,recorded,high_PageRank,quinthindi,60219,109219,129604,0,1970-01-20T06:43:12+00:00,0,0,NA,NA,NA,NA,NA,0
pooled,recorded,high_PageRank,denniscricket_,60219,109219,129604,0,1970-01-20T06:43:12+00:00,0,0,NA,NA,NA,NA,NA,0
pooled,recorded,high_PageRank,dineshkumarlive,60219,109219,129604,0,1970-01-20T06:43:12+00:00,0,0,NA,NA,NA,NA,NA,0
pooled,recorded,high_PageRank,railminindia,60219,109219,129604,0,1970-01-20T06:43:12+00:00,0,0,NA,NA,NA,NA,NA,0
pooled,recorded,high_PageRank,msdhoni,60219,109219,129604,0,1970-01-20T06:43:12+00:00,0,0,NA,NA,NA,NA,NA,0
pooled,recorded,high_PageRank,joebiden,60219,109219,129604,0,1970-01-20T06:43:12+00:00,0,0,NA,NA,NA,NA,NA,0
pooled,recorded,high_PageRank,gauravcsawant,60219,109219,129604,0,1970-01-20T06:43:12+00:00,0,0,NA,NA,NA,NA,NA,0
pooled,recorded,high_PageRank,thequint,60219,109219,129604,0,1970-01-20T06:43:12+00:00,1,1,1.0,0.0,0.026203703703703705,0.026203703703703705,0.026203703703703705,1
pooled,recorded,high_PageRank,bjym,60219,109219,129604,0,1970-01-20T06:43:12+00:00,0,0,NA,NA,NA,NA,NA,0
pooled,recorded,high_PageRank,hamidmirpak,60219,109219,129604,0,1970-01-20T06:43:12+00:00,2,2,1.0,0.0,0.019224537037037037,0.019224537037037037,0.019224537037037037,1
pooled,recorded,high_PageRank,agentsaffron,60219,109219,129604,0,1970-01-20T06:43:12+00:00,4,4,1.0,0.0,0.023530092592592592,0.09574074074074074,0.09574074074074074,1
pooled,recorded,high_PageRank,amitlelislayer,60219,109219,129604,0,1970-01-20T06:43:12+00:00,2,2,1.0,0.0,0.02738425925925926,0.02738425925925926,0.02738425925925926,1
pooled,recorded,high_PageRank,zahacktanvir,60219,109219,129604,0,1970-01-20T06:43:12+00:00,0,0,NA,NA,NA,NA,NA,0
pooled,recorded,high_PageRank,ra_thore,60219,109219,129604,0,1970-01-20T06:43:12+00:00,0,0,NA,NA,NA,NA,NA,0
pooled,recorded,high_PageRank,sardanarohit,60219,109219,129604,0,1970-01-20T06:43:12+00:00,0,0,NA,NA,NA,NA,NA,0
pooled,recorded,high_PageRank,nitinagarwalinc,60219,109219,129604,0,1970-01-20T06:43:12+00:00,0,0,NA,NA,NA,NA,NA,0
pooled,recorded,high_PageRank,capt_amarinder,60219,109219,129604,0,1970-01-20T06:43:12+00:00,0,0,NA,NA,NA,NA,NA,0
pooled,recorded,high_PageRank,rajivmessage,60219,109219,129604,0,1970-01-20T06:43:12+00:00,0,0,NA,NA,NA,NA,NA,0
pooled,recorded,high_PageRank,vivekgramaswamy,60219,109219,129604,0,1970-01-20T06:43:12+00:00,0,0,NA,NA,NA,NA,NA,0
pooled,recorded,high_PageRank,swamigeetika,60219,109219,129604,0,1970-01-20T06:43:12+00:00,0,0,NA,NA,NA,NA,NA,0
pooled,recorded,high_PageRank,muglikar_,60219,109219,129604,0,1970-01-20T06:43:12+00:00,0,0,NA,NA,NA,NA,NA,0
pooled,recorded,high_PageRank,me_predictor,60219,109219,129604,0,1970-01-20T06:43:12+00:00,210,9,0.04285714285714286,0.9571428571428572,0.13333333333333333,0.16159722222222223,0.16461805555555556,3
pooled,recorded,high_PageRank,cjwerleman,60219,109219,129604,0,1970-01-20T06:43:12+00:00,0,0,NA,NA,NA,NA,NA,0
pooled,recorded,high_PageRank,jsnaipaul,60219,109219,129604,0,1970-01-20T06:43:12+00:00,1,1,1.0,0.0,0.07280092592592592,0.07280092592592592,0.07280092592592592,1
pooled,recorded,high_PageRank,kanthan2030,60219,109219,129604,0,1970-01-20T06:43:12+00:00,2,2,1.0,0.0,0.057511574074074076,0.06913194444444445,0.08075231481481482,1
pooled,recorded,high_PageRank,love_liv_laf,60219,109219,129604,0,1970-01-20T06:43:12+00:00,13,9,0.6923076923076923,0.3076923076923077,0.032546296296296295,0.09467592592592593,0.16243055555555555,2
pooled,recorded,high_PageRank,dramsinghvi,60219,109219,129604,0,1970-01-20T06:43:12+00:00,0,0,NA,NA,NA,NA,NA,0
pooled,recorded,high_PageRank,ima_indian,60219,109219,129604,0,1970-01-20T06:43:12+00:00,82,57,0.6951219512195121,0.3048780487804878,0.0017592592592592592,0.04038194444444444,0.15841435185185185,3
pooled,layer_aware,random,0xgoutham,60219,109220,129604,0,1970-01-20T06:43:12+00:00,4,4,1.0,0.0,0.044270833333333336,0.08194444444444444,0.11961805555555556,2
pooled,layer_aware,random,10daoningst,60219,109220,129604,0,1970-01-20T06:43:12+00:00,0,0,NA,NA,NA,NA,NA,0
pooled,layer_aware,random,1116sen,60219,109220,129604,0,1970-01-20T06:43:12+00:00,0,0,NA,NA,NA,NA,NA,0
pooled,layer_aware,random,24onlive,60219,109220,129604,0,1970-01-20T06:43:12+00:00,0,0,NA,NA,NA,NA,NA,0
pooled,layer_aware,random,2bhktimes,60219,109220,129604,0,1970-01-20T06:43:12+00:00,1,1,1.0,0.0,0.0024074074074074076,0.0024074074074074076,0.0024074074074074076,1
pooled,layer_aware,random,6icasso,60219,109220,129604,0,1970-01-20T06:43:12+00:00,0,0,NA,NA,NA,NA,NA,0
pooled,layer_aware,random,87allahabad,60219,109220,129604,0,1970-01-20T06:43:12+00:00,10,5,0.5,0.5,0.08712962962962963,0.08712962962962963,0.16366898148148148,2
pooled,layer_aware,random,9829991qw,60219,109220,129604,0,1970-01-20T06:43:12+00:00,0,0,NA,NA,NA,NA,NA,0
pooled,layer_aware,random,_avykt,60219,109220,129604,0,1970-01-20T06:43:12+00:00,0,0,NA,NA,NA,NA,NA,0
pooled,layer_aware,random,_rimal,60219,109220,129604,0,1970-01-20T06:43:12+00:00,4,4,1.0,0.0,0.1404513888888889,0.1404513888888889,0.1404513888888889,1
pooled,layer_aware,random,_somu17nov,60219,109220,129604,0,1970-01-20T06:43:12+00:00,1,1,1.0,0.0,0.09041666666666667,0.09041666666666667,0.09041666666666667,1
pooled,layer_aware,random,aadvika_,60219,109220,129604,0,1970-01-20T06:43:12+00:00,2,1,0.5,0.5,0.08157407407407408,0.08157407407407408,0.08157407407407408,1
pooled,layer_aware,random,aashutoshachary,60219,109220,129604,0,1970-01-20T06:43:12+00:00,3,3,1.0,0.0,0.13413194444444446,0.13413194444444446,0.13413194444444446,1
pooled,layer_aware,random,abdurozikartist,60219,109220,129604,0,1970-01-20T06:43:12+00:00,0,0,NA,NA,NA,NA,NA,0
pooled,layer_aware,random,abhagup69695892,60219,109220,129604,0,1970-01-20T06:43:12+00:00,3,3,1.0,0.0,0.010578703703703703,0.018287037037037036,0.10804398148148148,1
pooled,layer_aware,random,abhishe90142709,60219,109220,129604,0,1970-01-20T06:43:12+00:00,1,1,1.0,0.0,0.16369212962962962,0.16369212962962962,0.16369212962962962,1
pooled,layer_aware,random,abhishek_b_fc,60219,109220,129604,0,1970-01-20T06:43:12+00:00,0,0,NA,NA,NA,NA,NA,0
pooled,layer_aware,random,addisudemekeb,60219,109220,129604,0,1970-01-20T06:43:12+00:00,1,1,1.0,0.0,0.10469907407407407,0.10469907407407407,0.10469907407407407,1
pooled,layer_aware,random,adikuva,60219,109220,129604,0,1970-01-20T06:43:12+00:00,2,2,1.0,0.0,0.1406712962962963,0.1406712962962963,0.1406712962962963,1
pooled,layer_aware,random,advmonikaarora,60219,109220,129604,0,1970-01-20T06:43:12+00:00,0,0,NA,NA,NA,NA,NA,0
pooled,layer_aware,random,advocatekannan,60219,109220,129604,0,1970-01-20T06:43:12+00:00,0,0,NA,NA,NA,NA,NA,0
pooled,layer_aware,random,advosushildixit,60219,109220,129604,0,1970-01-20T06:43:12+00:00,1,1,1.0,0.0,0.11601851851851852,0.11601851851851852,0.11601851851851852,1
pooled,layer_aware,random,advyashomati,60219,109220,129604,0,1970-01-20T06:43:12+00:00,0,0,NA,NA,NA,NA,NA,0
pooled,layer_aware,random,agyaatshiv,60219,109220,129604,0,1970-01-20T06:43:12+00:00,0,0,NA,NA,NA,NA,NA,0
pooled,layer_aware,random,aitcprovat,60219,109220,129604,0,1970-01-20T06:43:12+00:00,0,0,NA,NA,NA,NA,NA,0
pooled,layer_aware,random,ajaybhartiya10,60219,109220,129604,0,1970-01-20T06:43:12+00:00,1,1,1.0,0.0,0.0509375,0.0509375,0.0509375,1
pooled,layer_aware,random,ajayghorawat,60219,109220,129604,0,1970-01-20T06:43:12+00:00,2,2,1.0,0.0,0.03305555555555555,0.03305555555555555,0.03305555555555555,1
pooled,layer_aware,random,ajitkavatkar,60219,109220,129604,0,1970-01-20T06:43:12+00:00,4,4,1.0,0.0,0.04017361111111111,0.04017361111111111,0.04017361111111111,1
pooled,layer_aware,random,ajitsinghrathi,60219,109220,129604,0,1970-01-20T06:43:12+00:00,0,0,NA,NA,NA,NA,NA,0
pooled,layer_aware,random,akhilgooner,60219,109220,129604,0,1970-01-20T06:43:12+00:00,0,0,NA,NA,NA,NA,NA,0
pooled,layer_aware,random,akidoit,60219,109220,129604,0,1970-01-20T06:43:12+00:00,0,0,NA,NA,NA,NA,NA,0
pooled,layer_aware,random,akkirango,60219,109220,129604,0,1970-01-20T06:43:12+00:00,5,5,1.0,0.0,0.02287037037037037,0.02287037037037037,0.04262731481481481,2
pooled,layer_aware,random,aksuera,60219,109220,129604,0,1970-01-20T06:43:12+00:00,1,1,1.0,0.0,0.15056712962962962,0.15056712962962962,0.15056712962962962,1
pooled,layer_aware,random,alianhunter001,60219,109220,129604,0,1970-01-20T06:43:12+00:00,1,1,1.0,0.0,0.06622685185185186,0.06622685185185186,0.06622685185185186,1
pooled,layer_aware,random,alimdar82,60219,109220,129604,0,1970-01-20T06:43:12+00:00,0,0,NA,NA,NA,NA,NA,0
pooled,layer_aware,random,alimirajuk,60219,109220,129604,0,1970-01-20T06:43:12+00:00,0,0,NA,NA,NA,NA,NA,0
pooled,layer_aware,random,amansaini8007,60219,109220,129604,0,1970-01-20T06:43:12+00:00,1,1,1.0,0.0,0.1353587962962963,0.1353587962962963,0.1353587962962963,1
pooled,layer_aware,random,amardeepsarai,60219,109220,129604,0,1970-01-20T06:43:12+00:00,0,0,NA,NA,NA,NA,NA,0
pooled,layer_aware,random,amazingannieee,60219,109220,129604,0,1970-01-20T06:43:12+00:00,0,0,NA,NA,NA,NA,NA,0
pooled,layer_aware,random,amitgyantv,60219,109220,129604,0,1970-01-20T06:43:12+00:00,0,0,NA,NA,NA,NA,NA,0
pooled,layer_aware,random,ammaralijan,60219,109220,129604,0,1970-01-20T06:43:12+00:00,0,0,NA,NA,NA,NA,NA,0
pooled,layer_aware,random,ammusavithri,60219,109220,129604,0,1970-01-20T06:43:12+00:00,1,1,1.0,0.0,0.09506944444444444,0.09506944444444444,0.09506944444444444,1
pooled,layer_aware,random,anamyid,60219,109220,129604,0,1970-01-20T06:43:12+00:00,0,0,NA,NA,NA,NA,NA,0
pooled,layer_aware,random,anandgupta6595,60219,109220,129604,0,1970-01-20T06:43:12+00:00,0,0,NA,NA,NA,NA,NA,0
pooled,layer_aware,random,andcouldheplay7,60219,109220,129604,0,1970-01-20T06:43:12+00:00,0,0,NA,NA,NA,NA,NA,0
pooled,layer_aware,random,aniketrameshba2,60219,109220,129604,0,1970-01-20T06:43:12+00:00,3,3,1.0,0.0,0.014641203703703703,0.014641203703703703,0.014641203703703703,1
pooled,layer_aware,random,anilkum44770414,60219,109220,129604,0,1970-01-20T06:43:12+00:00,1,1,1.0,0.0,0.08613425925925926,0.08613425925925926,0.08613425925925926,1
pooled,layer_aware,random,aniltalwar2,60219,109220,129604,0,1970-01-20T06:43:12+00:00,0,0,NA,NA,NA,NA,NA,0
pooled,layer_aware,random,anilyeola,60219,109220,129604,0,1970-01-20T06:43:12+00:00,0,0,NA,NA,NA,NA,NA,0
pooled,layer_aware,random,archu243,60219,109220,129604,0,1970-01-20T06:43:12+00:00,3,3,1.0,0.0,0.01716435185185185,0.13037037037037036,0.13037037037037036,1
pooled,layer_aware,random,argentinacred,60219,109220,129604,0,1970-01-20T06:43:12+00:00,0,0,NA,NA,NA,NA,NA,0
pooled,layer_aware,random,arivuaravindhan,60219,109220,129604,0,1970-01-20T06:43:12+00:00,0,0,NA,NA,NA,NA,NA,0
pooled,layer_aware,random,arjun65432,60219,109220,129604,0,1970-01-20T06:43:12+00:00,2,2,1.0,0.0,0.06743055555555555,0.06743055555555555,0.06743055555555555,1
pooled,layer_aware,random,arnabroy99,60219,109220,129604,0,1970-01-20T06:43:12+00:00,2,2,1.0,0.0,0.1257175925925926,0.1257175925925926,0.1257175925925926,1
pooled,layer_aware,random,artimpasag,60219,109220,129604,0,1970-01-20T06:43:12+00:00,1,1,1.0,0.0,0.10251157407407407,0.10251157407407407,0.10251157407407407,1
pooled,layer_aware,random,arunpalsiliguri,60219,109220,129604,0,1970-01-20T06:43:12+00:00,2,2,1.0,0.0,0.046203703703703705,0.07884837962962962,0.11149305555555555,1
pooled,layer_aware,random,aryavlog,60219,109220,129604,0,1970-01-20T06:43:12+00:00,9,9,1.0,0.0,0.007141203703703703,0.04767361111111111,0.13637731481481483,3
pooled,layer_aware,random,asalamdadabhoy,60219,109220,129604,0,1970-01-20T06:43:12+00:00,0,0,NA,NA,NA,NA,NA,0
pooled,layer_aware,random,asgarhid,60219,109220,129604,0,1970-01-20T06:43:12+00:00,0,0,NA,NA,NA,NA,NA,0
pooled,layer_aware,random,ashishc97432652,60219,109220,129604,0,1970-01-20T06:43:12+00:00,1,1,1.0,0.0,0.033761574074074076,0.033761574074074076,0.033761574074074076,1
pooled,layer_aware,random,ashishr65843895,60219,109220,129604,0,1970-01-20T06:43:12+00:00,0,0,NA,NA,NA,NA,NA,0
pooled,layer_aware,random,ashok269,60219,109220,129604,0,1970-01-20T06:43:12+00:00,1,1,1.0,0.0,0.07252314814814814,0.07252314814814814,0.07252314814814814,1
pooled,layer_aware,random,ashwinisahaya,60219,109220,129604,0,1970-01-20T06:43:12+00:00,0,0,NA,NA,NA,NA,NA,0
pooled,layer_aware,random,ashwinravi99,60219,109220,129604,0,1970-01-20T06:43:12+00:00,0,0,NA,NA,NA,NA,NA,0
pooled,layer_aware,random,asifdurrani20,60219,109220,129604,0,1970-01-20T06:43:12+00:00,1,1,1.0,0.0,0.05856481481481481,0.05856481481481481,0.05856481481481481,1
pooled,layer_aware,random,athuljoju,60219,109220,129604,0,1970-01-20T06:43:12+00:00,0,0,NA,NA,NA,NA,NA,0
pooled,layer_aware,random,aviatorspk,60219,109220,129604,0,1970-01-20T06:43:12+00:00,1,1,1.0,0.0,0.12614583333333335,0.12614583333333335,0.12614583333333335,1
pooled,layer_aware,random,babaundertaker,60219,109220,129604,0,1970-01-20T06:43:12+00:00,7,7,1.0,0.0,0.1296064814814815,0.12980324074074073,0.13025462962962964,2
pooled,layer_aware,random,bajrangpunia,60219,109220,129604,0,1970-01-20T06:43:12+00:00,0,0,NA,NA,NA,NA,NA,0
pooled,layer_aware,random,banditonyour6,60219,109220,129604,0,1970-01-20T06:43:12+00:00,3,3,1.0,0.0,0.06931712962962963,0.13707175925925927,0.13707175925925927,1
pooled,layer_aware,random,bansuriswaraj,60219,109220,129604,0,1970-01-20T06:43:12+00:00,0,0,NA,NA,NA,NA,NA,0
pooled,layer_aware,random,barot_prathit,60219,109220,129604,0,1970-01-20T06:43:12+00:00,0,0,NA,NA,NA,NA,NA,0
pooled,layer_aware,random,basweshwarsh,60219,109220,129604,0,1970-01-20T06:43:12+00:00,14,3,0.21428571428571427,0.7857142857142857,0.15421296296296297,0.16337962962962962,0.16337962962962962,1
pooled,layer_aware,random,beyondfest,60219,109220,129604,0,1970-01-20T06:43:12+00:00,0,0,NA,NA,NA,NA,NA,0
pooled,layer_aware,random,bhaktriot,60219,109220,129604,0,1970-01-20T06:43:12+00:00,2,2,1.0,0.0,0.05952546296296296,0.05952546296296296,0.05952546296296296,1
pooled,layer_aware,random,bharat_sms,60219,109220,129604,0,1970-01-20T06:43:12+00:00,152,100,0.6578947368421053,0.34210526315789475,0.0012152777777777778,0.06365740740740741,0.1635300925925926,4
pooled,layer_aware,random,bharati_putra,60219,109220,129604,0,1970-01-20T06:43:12+00:00,2,2,1.0,0.0,0.14719907407407407,0.14719907407407407,0.14719907407407407,1
pooled,layer_aware,random,bhat_vijay,60219,109220,129604,0,1970-01-20T06:43:12+00:00,0,0,NA,NA,NA,NA,NA,0
pooled,layer_aware,random,bipin_bhardwaj,60219,109220,129604,0,1970-01-20T06:43:12+00:00,4,4,1.0,0.0,0.02802083333333333,0.02802083333333333,0.02802083333333333,1
pooled,layer_aware,random,bipinkurade,60219,109220,129604,0,1970-01-20T06:43:12+00:00,1,1,1.0,0.0,0.12539351851851852,0.12539351851851852,0.12539351851851852,1
pooled,layer_aware,random,bjp4keralam,60219,109220,129604,0,1970-01-20T06:43:12+00:00,0,0,NA,NA,NA,NA,NA,0
pooled,layer_aware,random,bluepilgrims,60219,109220,129604,0,1970-01-20T06:43:12+00:00,0,0,NA,NA,NA,NA,NA,0
pooled,layer_aware,random,bogotadays,60219,109220,129604,0,1970-01-20T06:43:12+00:00,3,3,1.0,0.0,0.10866898148148148,0.10866898148148148,0.10866898148148148,1
pooled,layer_aware,random,bonejail,60219,109220,129604,0,1970-01-20T06:43:12+00:00,1,1,1.0,0.0,0.10829861111111111,0.10829861111111111,0.10829861111111111,1
pooled,layer_aware,random,brockreiss,60219,109220,129604,0,1970-01-20T06:43:12+00:00,0,0,NA,NA,NA,NA,NA,0
pooled,layer_aware,random,brsharish,60219,109220,129604,0,1970-01-20T06:43:12+00:00,0,0,NA,NA,NA,NA,NA,0
pooled,layer_aware,random,bunkybun,60219,109220,129604,0,1970-01-20T06:43:12+00:00,2,2,1.0,0.0,0.16158564814814816,0.16158564814814816,0.16158564814814816,1
pooled,layer_aware,random,cartoonistrrs,60219,109220,129604,0,1970-01-20T06:43:12+00:00,0,0,NA,NA,NA,NA,NA,0
pooled,layer_aware,random,cbhanp,60219,109220,129604,0,1970-01-20T06:43:12+00:00,0,0,NA,NA,NA,NA,NA,0
pooled,layer_aware,random,celler1chris,60219,109220,129604,0,1970-01-20T06:43:12+00:00,1,1,1.0,0.0,0.14497685185185186,0.14497685185185186,0.14497685185185186,1
pooled,layer_aware,random,chandnayogesh1,60219,109220,129604,0,1970-01-20T06:43:12+00:00,1,1,1.0,0.0,0.05237268518518518,0.05237268518518518,0.05237268518518518,1
pooled,layer_aware,random,chandrani_murmu,60219,109220,129604,0,1970-01-20T06:43:12+00:00,0,0,NA,NA,NA,NA,NA,0
pooled,layer_aware,random,charsoath,60219,109220,129604,0,1970-01-20T06:43:12+00:00,0,0,NA,NA,NA,NA,NA,0
pooled,layer_aware,random,chmehta,60219,109220,129604,0,1970-01-20T06:43:12+00:00,167,6,0.03592814371257485,0.9640718562874252,0.04019675925925926,0.1226388888888889,0.1226388888888889,1
pooled,layer_aware,random,ciaus07725,60219,109220,129604,0,1970-01-20T06:43:12+00:00,0,0,NA,NA,NA,NA,NA,0
pooled,layer_aware,random,commandercrash,60219,109220,129604,0,1970-01-20T06:43:12+00:00,0,0,NA,NA,NA,NA,NA,0
pooled,layer_aware,random,comradedevr,60219,109220,129604,0,1970-01-20T06:43:12+00:00,2,2,1.0,0.0,0.12267361111111111,0.12267361111111111,0.12267361111111111,1
pooled,layer_aware,random,curesmaindia,60219,109220,129604,0,1970-01-20T06:43:12+00:00,3,3,1.0,0.0,0.014375,0.014375,0.014375,1
pooled,layer_aware,random,damodar18091831,60219,109220,129604,0,1970-01-20T06:43:12+00:00,1,1,1.0,0.0,0.004363425925925926,0.004363425925925926,0.004363425925925926,1
pooled,layer_aware,random,darkwraithe2304,60219,109220,129604,0,1970-01-20T06:43:12+00:00,1,1,1.0,0.0,0.028761574074074075,0.028761574074074075,0.028761574074074075,1
pooled,layer_aware,random,deeptake,60219,109220,129604,0,1970-01-20T06:43:12+00:00,1,1,1.0,0.0,0.1135300925925926,0.1135300925925926,0.1135300925925926,1
pooled,layer_aware,random,delhi7,60219,109220,129604,0,1970-01-20T06:43:12+00:00,0,0,NA,NA,NA,NA,NA,0
pooled,layer_aware,random,dermister4,60219,109220,129604,0,1970-01-20T06:43:12+00:00,1,1,1.0,0.0,0.012905092592592593,0.012905092592592593,0.012905092592592593,1
pooled,layer_aware,random,desi_brat,60219,109220,129604,0,1970-01-20T06:43:12+00:00,0,0,NA,NA,NA,NA,NA,0
pooled,layer_aware,random,dev__sun,60219,109220,129604,0,1970-01-20T06:43:12+00:00,1,1,1.0,0.0,0.11582175925925926,0.11582175925925926,0.11582175925925926,1
pooled,layer_aware,random,devouit1,60219,109220,129604,0,1970-01-20T06:43:12+00:00,0,0,NA,NA,NA,NA,NA,0
pooled,layer_aware,random,dextryl,60219,109220,129604,0,1970-01-20T06:43:12+00:00,3,1,0.3333333333333333,0.6666666666666666,0.14461805555555557,0.14461805555555557,0.14461805555555557,1
pooled,layer_aware,random,dfatirl,60219,109220,129604,0,1970-01-20T06:43:12+00:00,0,0,NA,NA,NA,NA,NA,0
pooled,layer_aware,random,dheeraj59276909,60219,109220,129604,0,1970-01-20T06:43:12+00:00,1,1,1.0,0.0,0.05361111111111111,0.05361111111111111,0.05361111111111111,1
pooled,layer_aware,random,dheeraj_bharat,60219,109220,129604,0,1970-01-20T06:43:12+00:00,0,0,NA,NA,NA,NA,NA,0
pooled,layer_aware,random,dhrmlptel1,60219,109220,129604,0,1970-01-20T06:43:12+00:00,0,0,NA,NA,NA,NA,NA,0
pooled,layer_aware,random,dhruvkillawala,60219,109220,129604,0,1970-01-20T06:43:12+00:00,1,1,1.0,0.0,0.16480324074074074,0.16480324074074074,0.16480324074074074,1
pooled,layer_aware,random,digitalsaksham_,60219,109220,129604,0,1970-01-20T06:43:12+00:00,3,3,1.0,0.0,0.13582175925925927,0.13582175925925927,0.13708333333333333,2
pooled,layer_aware,random,dineshdivekar,60219,109220,129604,0,1970-01-20T06:43:12+00:00,10,10,1.0,0.0,0.020555555555555556,0.09142939814814816,0.13368055555555555,1
pooled,layer_aware,random,djwmarathonman,60219,109220,129604,0,1970-01-20T06:43:12+00:00,1,1,1.0,0.0,0.046655092592592595,0.046655092592592595,0.046655092592592595,1
pooled,layer_aware,random,dordiitk,60219,109220,129604,0,1970-01-20T06:43:12+00:00,0,0,NA,NA,NA,NA,NA,0
pooled,layer_aware,random,dr_deepakaanjna,60219,109220,129604,0,1970-01-20T06:43:12+00:00,3,3,1.0,0.0,0.08285879629629629,0.08285879629629629,0.08285879629629629,1
pooled,layer_aware,random,drborkar,60219,109220,129604,0,1970-01-20T06:43:12+00:00,1,1,1.0,0.0,0.024733796296296295,0.024733796296296295,0.024733796296296295,1
pooled,layer_aware,random,drpramukh,60219,109220,129604,0,1970-01-20T06:43:12+00:00,3,3,1.0,0.0,0.045127314814814815,0.045127314814814815,0.07918981481481481,2
pooled,layer_aware,random,drshakilakhter,60219,109220,129604,0,1970-01-20T06:43:12+00:00,1,1,1.0,0.0,0.08550925925925926,0.08550925925925926,0.08550925925925926,1
pooled,layer_aware,random,drushan,60219,109220,129604,0,1970-01-20T06:43:12+00:00,1,1,1.0,0.0,0.08133101851851852,0.08133101851851852,0.08133101851851852,1
pooled,layer_aware,random,dudeitsokay,60219,109220,129604,0,1970-01-20T06:43:12+00:00,0,0,NA,NA,NA,NA,NA,0
pooled,layer_aware,random,duggu_tweets,60219,109220,129604,0,1970-01-20T06:43:12+00:00,0,0,NA,NA,NA,NA,NA,0
pooled,layer_aware,random,dur_hatt_be,60219,109220,129604,0,1970-01-20T06:43:12+00:00,0,0,NA,NA,NA,NA,NA,0
pooled,layer_aware,random,elvinbaruah,60219,109220,129604,0,1970-01-20T06:43:12+00:00,8,7,0.875,0.125,0.019039351851851852,0.08898148148148148,0.16340277777777779,1
pooled,layer_aware,random,emofficeup,60219,109220,129604,0,1970-01-20T06:43:12+00:00,0,0,NA,NA,NA,NA,NA,0
pooled,layer_aware,random,er1,60219,109220,129604,0,1970-01-20T06:43:12+00:00,0,0,NA,NA,NA,NA,NA,0
pooled,layer_aware,random,eswararaokolli,60219,109220,129604,0,1970-01-20T06:43:12+00:00,8,7,0.875,0.125,0.051099537037037034,0.051099537037037034,0.11409722222222222,2
pooled,layer_aware,random,falanadikanahus,60219,109220,129604,0,1970-01-20T06:43:12+00:00,1,1,1.0,0.0,0.08931712962962964,0.08931712962962964,0.08931712962962964,1
pooled,layer_aware,random,fansaristo,60219,109220,129604,0,1970-01-20T06:43:12+00:00,1,1,1.0,0.0,0.15131944444444445,0.15131944444444445,0.15131944444444445,1
pooled,layer_aware,random,farkhademi,60219,109220,129604,0,1970-01-20T06:43:12+00:00,0,0,NA,NA,NA,NA,NA,0
pooled,layer_aware,random,ficklemind77,60219,109220,129604,0,1970-01-20T06:43:12+00:00,1,1,1.0,0.0,0.011226851851851852,0.011226851851851852,0.011226851851851852,1
pooled,layer_aware,random,fmunit,60219,109220,129604,0,1970-01-20T06:43:12+00:00,0,0,NA,NA,NA,NA,NA,0
pooled,layer_aware,random,foo_benjamin,60219,109220,129604,0,1970-01-20T06:43:12+00:00,2,2,1.0,0.0,0.039189814814814816,0.039189814814814816,0.039189814814814816,1
pooled,layer_aware,random,frydevil,60219,109220,129604,0,1970-01-20T06:43:12+00:00,2,2,1.0,0.0,0.08739583333333334,0.08739583333333334,0.08739583333333334,1
pooled,layer_aware,random,gajanankirtikar,60219,109220,129604,0,1970-01-20T06:43:12+00:00,0,0,NA,NA,NA,NA,NA,0
pooled,layer_aware,random,ganesan312,60219,109220,129604,0,1970-01-20T06:43:12+00:00,0,0,NA,NA,NA,NA,NA,0
pooled,layer_aware,random,garimak22,60219,109220,129604,0,1970-01-20T06:43:12+00:00,0,0,NA,NA,NA,NA,NA,0
pooled,layer_aware,random,gaungooshabbir,60219,109220,129604,0,1970-01-20T06:43:12+00:00,4,3,0.75,0.25,0.09033564814814815,0.09033564814814815,0.09033564814814815,1
pooled,layer_aware,random,gaurav__tyagi,60219,109220,129604,0,1970-01-20T06:43:12+00:00,0,0,NA,NA,NA,NA,NA,0
pooled,layer_aware,random,gautam_kashyap3,60219,109220,129604,0,1970-01-20T06:43:12+00:00,105,5,0.047619047619047616,0.9523809523809523,0.12545138888888888,0.12545138888888888,0.13376157407407407,1
pooled,layer_aware,random,gayathrinair191,60219,109220,129604,0,1970-01-20T06:43:12+00:00,4,4,1.0,0.0,0.02550925925925926,0.02550925925925926,0.02550925925925926,1
pooled,layer_aware,random,geetsun,60219,109220,129604,0,1970-01-20T06:43:12+00:00,116,19,0.16379310344827586,0.8362068965517241,0.03666666666666667,0.08761574074074074,0.15861111111111112,2
pooled,layer_aware,random,georgesoros,60219,109220,129604,0,1970-01-20T06:43:12+00:00,0,0,NA,NA,NA,NA,NA,0
pooled,layer_aware,random,ghar_info,60219,109220,129604,0,1970-01-20T06:43:12+00:00,1,1,1.0,0.0,0.04777777777777778,0.04777777777777778,0.04777777777777778,1
pooled,layer_aware,random,ghoshkk,60219,109220,129604,0,1970-01-20T06:43:12+00:00,237,104,0.4388185654008439,0.5611814345991561,0.015162037037037036,0.12154513888888888,0.16539351851851852,2
pooled,layer_aware,random,glasgow_31,60219,109220,129604,0,1970-01-20T06:43:12+00:00,1,1,1.0,0.0,0.12952546296296297,0.12952546296296297,0.12952546296296297,1
pooled,layer_aware,random,gollapudi89,60219,109220,129604,0,1970-01-20T06:43:12+00:00,2,2,1.0,0.0,0.03643518518518519,0.04296875,0.04950231481481481,2
pooled,layer_aware,random,goodmehmood,60219,109220,129604,0,1970-01-20T06:43:12+00:00,1,1,1.0,0.0,0.012337962962962964,0.012337962962962964,0.012337962962962964,1
pooled,layer_aware,random,gopal22463400,60219,109220,129604,0,1970-01-20T06:43:12+00:00,111,30,0.2702702702702703,0.7297297297297297,0.03697916666666667,0.13849537037037038,0.16508101851851853,3
pooled,layer_aware,random,govindsabita,60219,109220,129604,0,1970-01-20T06:43:12+00:00,4,4,1.0,0.0,0.06783564814814814,0.06783564814814814,0.06783564814814814,1
pooled,layer_aware,random,gsubramaniam18,60219,109220,129604,0,1970-01-20T06:43:12+00:00,4,4,1.0,0.0,0.025243055555555557,0.025243055555555557,0.025243055555555557,1
pooled,layer_aware,random,guddush36192085,60219,109220,129604,0,1970-01-20T06:43:12+00:00,0,0,NA,NA,NA,NA,NA,0
pooled,layer_aware,random,guru18,60219,109220,129604,0,1970-01-20T06:43:12+00:00,4,4,1.0,0.0,0.11414351851851852,0.11414351851851852,0.11414351851851852,1
pooled,layer_aware,random,h_narayan_,60219,109220,129604,0,1970-01-20T06:43:12+00:00,2,2,1.0,0.0,0.1439699074074074,0.1439699074074074,0.1439699074074074,1
pooled,layer_aware,random,haha3035,60219,109220,129604,0,1970-01-20T06:43:12+00:00,0,0,NA,NA,NA,NA,NA,0
pooled,layer_aware,random,hanifchaniya,60219,109220,129604,0,1970-01-20T06:43:12+00:00,2,2,1.0,0.0,0.1221875,0.1221875,0.1221875,1
pooled,layer_aware,random,harish151192,60219,109220,129604,0,1970-01-20T06:43:12+00:00,2,2,1.0,0.0,0.007210648148148148,0.06948495370370371,0.13175925925925927,2
pooled,layer_aware,random,harryj4justice,60219,109220,129604,0,1970-01-20T06:43:12+00:00,0,0,NA,NA,NA,NA,NA,0
pooled,layer_aware,random,harsh_r_shah,60219,109220,129604,0,1970-01-20T06:43:12+00:00,0,0,NA,NA,NA,NA,NA,0
pooled,layer_aware,random,harshsh69067901,60219,109220,129604,0,1970-01-20T06:43:12+00:00,921,4,0.004343105320304018,0.995656894679696,0.0415625,0.050104166666666665,0.07354166666666667,3
pooled,layer_aware,random,hellomightyking,60219,109220,129604,0,1970-01-20T06:43:12+00:00,2,2,1.0,0.0,0.066875,0.07303240740740741,0.07918981481481481,2
pooled,layer_aware,random,hemant_1110_,60219,109220,129604,0,1970-01-20T06:43:12+00:00,0,0,NA,NA,NA,NA,NA,0
pooled,layer_aware,random,hethadgekund,60219,109220,129604,0,1970-01-20T06:43:12+00:00,0,0,NA,NA,NA,NA,NA,0
pooled,layer_aware,random,himesh_ss,60219,109220,129604,0,1970-01-20T06:43:12+00:00,16,16,1.0,0.0,0.009756944444444445,0.009756944444444445,0.12315972222222223,2
pooled,layer_aware,random,hinduzionist,60219,109220,129604,0,1970-01-20T06:43:12+00:00,2,2,1.0,0.0,0.009756944444444445,0.009756944444444445,0.009756944444444445,1
pooled,layer_aware,random,historyculture1,60219,109220,129604,0,1970-01-20T06:43:12+00:00,108,9,0.08333333333333333,0.9166666666666666,0.1303125,0.14244212962962963,0.14715277777777777,2
pooled,layer_aware,random,homelessvets24,60219,109220,129604,0,1970-01-20T06:43:12+00:00,0,0,NA,NA,NA,NA,NA,0
pooled,layer_aware,random,houseofcommons,60219,109220,129604,0,1970-01-20T06:43:12+00:00,0,0,NA,NA,NA,NA,NA,0
pooled,layer_aware,random,hr_profession,60219,109220,129604,0,1970-01-20T06:43:12+00:00,6,6,1.0,0.0,0.015277777777777777,0.015277777777777777,0.11409722222222222,2
pooled,layer_aware,random,hrsavofficial,60219,109220,129604,0,1970-01-20T06:43:12+00:00,4,4,1.0,0.0,0.02550925925925926,0.02550925925925926,0.02550925925925926,1
pooled,layer_aware,random,hydertext,60219,109220,129604,0,1970-01-20T06:43:12+00:00,168,32,0.19047619047619047,0.8095238095238095,0.005601851851851852,0.11277199074074074,0.1547337962962963,4
pooled,layer_aware,random,idsaindia,60219,109220,129604,0,1970-01-20T06:43:12+00:00,1,1,1.0,0.0,0.06041666666666667,0.06041666666666667,0.06041666666666667,1
pooled,layer_aware,random,ijazahmedfaroo2,60219,109220,129604,0,1970-01-20T06:43:12+00:00,1,1,1.0,0.0,0.030787037037037036,0.030787037037037036,0.030787037037037036,1
pooled,layer_aware,random,ijoooolly,60219,109220,129604,0,1970-01-20T06:43:12+00:00,0,0,NA,NA,NA,NA,NA,0
pooled,layer_aware,random,imankitrajendra,60219,109220,129604,0,1970-01-20T06:43:12+00:00,0,0,NA,NA,NA,NA,NA,0
pooled,layer_aware,random,imarti_o,60219,109220,129604,0,1970-01-20T06:43:12+00:00,11,6,0.5454545454545454,0.45454545454545453,0.10744212962962962,0.15196759259259257,0.16364583333333332,2
pooled,layer_aware,random,imkalpraj,60219,109220,129604,0,1970-01-20T06:43:12+00:00,127,46,0.36220472440944884,0.6377952755905512,0.06424768518518519,0.13394675925925925,0.16539351851851852,3
pooled,layer_aware,random,imravi42,60219,109220,129604,0,1970-01-20T06:43:12+00:00,4,4,1.0,0.0,0.06690972222222222,0.06690972222222222,0.06690972222222222,1
pooled,layer_aware,random,indianpanda69,60219,109220,129604,0,1970-01-20T06:43:12+00:00,6,6,1.0,0.0,0.0590162037037037,0.0590162037037037,0.11409722222222222,2
pooled,layer_aware,random,indiansoul22,60219,109220,129604,0,1970-01-20T06:43:12+00:00,73,2,0.0273972602739726,0.9726027397260274,0.05709490740740741,0.08915509259259259,0.12121527777777778,1
pooled,layer_aware,random,indindad,60219,109220,129604,0,1970-01-20T06:43:12+00:00,2,2,1.0,0.0,0.04384259259259259,0.04384259259259259,0.04384259259259259,1
pooled,layer_aware,random,inqindian,60219,109220,129604,0,1970-01-20T06:43:12+00:00,1,1,1.0,0.0,0.160625,0.160625,0.160625,1
pooled,layer_aware,random,intelecttragedy,60219,109220,129604,0,1970-01-20T06:43:12+00:00,1,1,1.0,0.0,0.1302199074074074,0.1302199074074074,0.1302199074074074,1
pooled,layer_aware,random,introvertozee,60219,109220,129604,0,1970-01-20T06:43:12+00:00,1,1,1.0,0.0,0.13300925925925927,0.13300925925925927,0.13300925925925927,1
pooled,layer_aware,random,ishaniis,60219,109220,129604,0,1970-01-20T06:43:12+00:00,4,4,1.0,0.0,0.09744212962962963,0.09744212962962963,0.09744212962962963,1
pooled,layer_aware,random,ishivkumarasamy,60219,109220,129604,0,1970-01-20T06:43:12+00:00,102,3,0.029411764705882353,0.9705882352941176,0.1117361111111111,0.1117361111111111,0.1117361111111111,1
pooled,layer_aware,random,isunilagnihotri,60219,109220,129604,0,1970-01-20T06:43:12+00:00,6,6,1.0,0.0,0.034837962962962966,0.06666666666666667,0.07918981481481481,2
pooled,layer_aware,random,itihaas99999,60219,109220,129604,0,1970-01-20T06:43:12+00:00,2,2,1.0,0.0,0.013530092592592592,0.013530092592592592,0.013530092592592592,1
pooled,layer_aware,random,itsnotok2019,60219,109220,129604,0,1970-01-20T06:43:12+00:00,0,0,NA,NA,NA,NA,NA,0
pooled,layer_aware,random,ivijayboi,60219,109220,129604,0,1970-01-20T06:43:12+00:00,161,68,0.422360248447205,0.577639751552795,0.05002314814814815,0.09430555555555556,0.1641087962962963,3
pooled,layer_aware,random,iycjammukashmir,60219,109220,129604,0,1970-01-20T06:43:12+00:00,0,0,NA,NA,NA,NA,NA,0
pooled,layer_aware,random,jagrutnagr1k,60219,109220,129604,0,1970-01-20T06:43:12+00:00,1,1,1.0,0.0,0.16302083333333334,0.16302083333333334,0.16302083333333334,1
pooled,layer_aware,random,jamwalsardar,60219,109220,129604,0,1970-01-20T06:43:12+00:00,1,1,1.0,0.0,0.06913194444444444,0.06913194444444444,0.06913194444444444,1
pooled,layer_aware,random,jatinder_tur,60219,109220,129604,0,1970-01-20T06:43:12+00:00,0,0,NA,NA,NA,NA,NA,0
pooled,layer_aware,random,jayminsofficial,60219,109220,129604,0,1970-01-20T06:43:12+00:00,0,0,NA,NA,NA,NA,NA,0
pooled,layer_aware,random,jayraksha23,60219,109220,129604,0,1970-01-20T06:43:12+00:00,2,2,1.0,0.0,0.16135416666666666,0.1613599537037037,0.16136574074074075,1
pooled,layer_aware,random,jeevan_2000,60219,109220,129604,0,1970-01-20T06:43:12+00:00,1,1,1.0,0.0,0.07623842592592593,0.07623842592592593,0.07623842592592593,1
pooled,layer_aware,random,jesperxfahey,60219,109220,129604,0,1970-01-20T06:43:12+00:00,2,2,1.0,0.0,0.08731481481481482,0.08731481481481482,0.08731481481481482,1
pooled,layer_aware,random,jethalalbapu,60219,109220,129604,0,1970-01-20T06:43:12+00:00,3,3,1.0,0.0,0.0534375,0.0534375,0.05440972222222222,2
pooled,layer_aware,random,jhawar2811,60219,109220,129604,0,1970-01-20T06:43:12+00:00,7,7,1.0,0.0,0.04802083333333333,0.04802083333333333,0.16012731481481482,2
pooled,layer_aware,random,jiboyv,60219,109220,129604,0,1970-01-20T06:43:12+00:00,105,23,0.21904761904761905,0.780952380952381,0.01902777777777778,0.13587962962962963,0.16273148148148148,3
pooled,layer_aware,random,jiffons,60219,109220,129604,0,1970-01-20T06:43:12+00:00,0,0,NA,NA,NA,NA,NA,0
pooled,layer_aware,random,jitendr37502078,60219,109220,129604,0,1970-01-20T06:43:12+00:00,1,1,1.0,0.0,0.022511574074074073,0.022511574074074073,0.022511574074074073,1
pooled,layer_aware,random,jkvinay,60219,109220,129604,0,1970-01-20T06:43:12+00:00,7,7,1.0,0.0,0.014675925925925926,0.014675925925925926,0.12552083333333333,2
pooled,layer_aware,random,jogalshailaja,60219,109220,129604,0,1970-01-20T06:43:12+00:00,0,0,NA,NA,NA,NA,NA,0
pooled,layer_aware,random,jokidu2007,60219,109220,129604,0,1970-01-20T06:43:12+00:00,1,1,1.0,0.0,0.1605324074074074,0.1605324074074074,0.1605324074074074,1
pooled,layer_aware,random,joydeepghosh,60219,109220,129604,0,1970-01-20T06:43:12+00:00,3,3,1.0,0.0,0.08291666666666667,0.14381944444444444,0.14381944444444444,1
pooled,layer_aware,random,june12born,60219,109220,129604,0,1970-01-20T06:43:12+00:00,0,0,NA,NA,NA,NA,NA,0
pooled,layer_aware,random,jvoffl,60219,109220,129604,0,1970-01-20T06:43:12+00:00,2,2,1.0,0.0,0.08497685185185185,0.08738425925925926,0.08979166666666667,2
pooled,layer_aware,random,kabulnewstv,60219,109220,129604,0,1970-01-20T06:43:12+00:00,0,0,NA,NA,NA,NA,NA,0
pooled,layer_aware,random,kaeshour,60219,109220,129604,0,1970-01-20T06:43:12+00:00,0,0,NA,NA,NA,NA,NA,0
pooled,layer_aware,random,kalaingarism,60219,109220,129604,0,1970-01-20T06:43:12+00:00,2,2,1.0,0.0,0.1322222222222222,0.1322222222222222,0.1322222222222222,1
pooled,layer_aware,random,kalpanadivith,60219,109220,129604,0,1970-01-20T06:43:12+00:00,7,7,1.0,0.0,0.1353125,0.1353125,0.1353125,1
pooled,layer_aware,random,kapilpandey09,60219,109220,129604,0,1970-01-20T06:43:12+00:00,1,1,1.0,0.0,0.08732638888888888,0.08732638888888888,0.08732638888888888,1
pooled,layer_aware,random,kapoor98352376,60219,109220,129604,0,1970-01-20T06:43:12+00:00,3,3,1.0,0.0,0.09524305555555555,0.13825231481481481,0.14866898148148147,1
pooled,layer_aware,random,kashmir_monitor,60219,109220,129604,0,1970-01-20T06:43:12+00:00,0,0,NA,NA,NA,NA,NA,0
pooled,layer_aware,random,kaskpakdo,60219,109220,129604,0,1970-01-20T06:43:12+00:00,103,5,0.04854368932038835,0.9514563106796117,0.0871875,0.11265046296296297,0.15552083333333333,1
pooled,layer_aware,random,kavithalankesh,60219,109220,129604,0,1970-01-20T06:43:12+00:00,0,0,NA,NA,NA,NA,NA,0
pooled,layer_aware,random,kbb1947,60219,109220,129604,0,1970-01-20T06:43:12+00:00,4,3,0.75,0.25,0.15149305555555556,0.15149305555555556,0.15149305555555556,1
pooled,layer_aware,random,kchirutweets,60219,109220,129604,0,1970-01-20T06:43:12+00:00,0,0,NA,NA,NA,NA,NA,0
pooled,layer_aware,random,kennethlobo11,60219,109220,129604,0,1970-01-20T06:43:12+00:00,0,0,NA,NA,NA,NA,NA,0
pooled,layer_aware,random,keswani_bhagesh,60219,109220,129604,0,1970-01-20T06:43:12+00:00,2,2,1.0,0.0,0.08626157407407407,0.08626157407407407,0.08626157407407407,1
pooled,layer_aware,random,ketanmishra7,60219,109220,129604,0,1970-01-20T06:43:12+00:00,2,2,1.0,0.0,0.005578703703703704,0.005578703703703704,0.005578703703703704,1
pooled,layer_aware,random,kevin2kelly,60219,109220,129604,0,1970-01-20T06:43:12+00:00,0,0,NA,NA,NA,NA,NA,0
pooled,layer_aware,random,khernal1,60219,109220,129604,0,1970-01-20T06:43:12+00:00,1,1,1.0,0.0,0.10185185185185185,0.10185185185185185,0.10185185185185185,1
pooled,layer_aware,random,kingranyama,60219,109220,129604,0,1970-01-20T06:43:12+00:00,2,2,1.0,0.0,0.10503472222222222,0.10503472222222222,0.10503472222222222,1
pooled,layer_aware,random,kkrishna_r11,60219,109220,129604,0,1970-01-20T06:43:12+00:00,6,6,1.0,0.0,0.1239699074074074,0.1239699074074074,0.1239699074074074,1
pooled,layer_aware,random,kr_sourav10,60219,109220,129604,0,1970-01-20T06:43:12+00:00,6,6,1.0,0.0,0.08741898148148149,0.08741898148148149,0.11748842592592593,2
pooled,layer_aware,random,kraval20,60219,109220,129604,0,1970-01-20T06:43:12+00:00,0,0,NA,NA,NA,NA,NA,0
pooled,layer_aware,random,krkravi3,60219,109220,129604,0,1970-01-20T06:43:12+00:00,1,1,1.0,0.0,0.12310185185185185,0.12310185185185185,0.12310185185185185,1
pooled,layer_aware,random,ksf_h1,60219,109220,129604,0,1970-01-20T06:43:12+00:00,1,1,1.0,0.0,0.027349537037037037,0.027349537037037037,0.027349537037037037,1
pooled,layer_aware,random,kumar0_1,60219,109220,129604,0,1970-01-20T06:43:12+00:00,0,0,NA,NA,NA,NA,NA,0
pooled,layer_aware,random,ladyfromny1,60219,109220,129604,0,1970-01-20T06:43:12+00:00,3,3,1.0,0.0,0.052002314814814814,0.052002314814814814,0.052002314814814814,1
pooled,layer_aware,random,lakhans68492860,60219,109220,129604,0,1970-01-20T06:43:12+00:00,1,1,1.0,0.0,0.02696759259259259,0.02696759259259259,0.02696759259259259,1
pooled,layer_aware,random,lalchand__moond,60219,109220,129604,0,1970-01-20T06:43:12+00:00,0,0,NA,NA,NA,NA,NA,0
pooled,layer_aware,random,lazywrite,60219,109220,129604,0,1970-01-20T06:43:12+00:00,0,0,NA,NA,NA,NA,NA,0
pooled,layer_aware,random,likender,60219,109220,129604,0,1970-01-20T06:43:12+00:00,10,4,0.4,0.6,0.004756944444444445,0.15962962962962962,0.16365740740740742,1
pooled,layer_aware,random,lokniticsds,60219,109220,129604,0,1970-01-20T06:43:12+00:00,0,0,NA,NA,NA,NA,NA,0
pooled,layer_aware,random,loneranger9new,60219,109220,129604,0,1970-01-20T06:43:12+00:00,0,0,NA,NA,NA,NA,NA,0
pooled,layer_aware,random,lovesfootball3,60219,109220,129604,0,1970-01-20T06:43:12+00:00,3,3,1.0,0.0,0.01326388888888889,0.028738425925925924,0.11409722222222222,2
pooled,layer_aware,random,lszl44730738,60219,109220,129604,0,1970-01-20T06:43:12+00:00,1,1,1.0,0.0,0.08699074074074074,0.08699074074074074,0.08699074074074074,1
pooled,layer_aware,random,ltcolanilduhoon,60219,109220,129604,0,1970-01-20T06:43:12+00:00,0,0,NA,NA,NA,NA,NA,0
pooled,layer_aware,random,lubabalo_gn,60219,109220,129604,0,1970-01-20T06:43:12+00:00,1,1,1.0,0.0,0.006261574074074074,0.006261574074074074,0.006261574074074074,1
pooled,layer_aware,random,madhusudan41,60219,109220,129604,0,1970-01-20T06:43:12+00:00,128,51,0.3984375,0.6015625,0.005347222222222222,0.13201388888888888,0.16508101851851853,3
pooled,layer_aware,random,mahaapatr,60219,109220,129604,0,1970-01-20T06:43:12+00:00,2,2,1.0,0.0,0.10775462962962963,0.10775462962962963,0.10775462962962963,1
pooled,layer_aware,random,mahadichand,60219,109220,129604,0,1970-01-20T06:43:12+00:00,2,2,1.0,0.0,0.025694444444444443,0.025694444444444443,0.025694444444444443,1
pooled,layer_aware,random,maheshlavate4,60219,109220,129604,0,1970-01-20T06:43:12+00:00,2,2,1.0,0.0,0.011296296296296296,0.011296296296296296,0.011296296296296296,1
pooled,layer_aware,random,mairaltanishq,60219,109220,129604,0,1970-01-20T06:43:12+00:00,0,0,NA,NA,NA,NA,NA,0
pooled,layer_aware,random,maisonset,60219,109220,129604,0,1970-01-20T06:43:12+00:00,5,5,1.0,0.0,0.011400462962962963,0.011400462962962963,0.01824074074074074,1
pooled,layer_aware,random,mallelakrishn13,60219,109220,129604,0,1970-01-20T06:43:12+00:00,13,11,0.8461538461538461,0.15384615384615385,0.1487615740740741,0.1487615740740741,0.1487615740740741,1
pooled,layer_aware,random,mallikvr,60219,109220,129604,0,1970-01-20T06:43:12+00:00,2,2,1.0,0.0,0.15126157407407406,0.15126157407407406,0.15126157407407406,1
pooled,layer_aware,random,mandeepvijh,60219,109220,129604,0,1970-01-20T06:43:12+00:00,0,0,NA,NA,NA,NA,NA,0
pooled,layer_aware,random,manek302,60219,109220,129604,0,1970-01-20T06:43:12+00:00,0,0,NA,NA,NA,NA,NA,0
pooled,layer_aware,random,manis_kumar,60219,109220,129604,0,1970-01-20T06:43:12+00:00,23,18,0.782608695652174,0.21739130434782608,0.0019097222222222222,0.08156828703703704,0.1613888888888889,3
pooled,layer_aware,random,manjit2007,60219,109220,129604,0,1970-01-20T06:43:12+00:00,0,0,NA,NA,NA,NA,NA,0
pooled,layer_aware,random,manjusvoice,60219,109220,129604,0,1970-01-20T06:43:12+00:00,103,4,0.038834951456310676,0.9611650485436893,0.12266203703703704,0.12266203703703704,0.12266203703703704,1
pooled,layer_aware,random,manuv_human,60219,109220,129604,0,1970-01-20T06:43:12+00:00,3,3,1.0,0.0,0.011655092592592592,0.011655092592592592,0.011655092592592592,1
pooled,layer_aware,random,manzoorz2,60219,109220,129604,0,1970-01-20T06:43:12+00:00,0,0,NA,NA,NA,NA,NA,0
pooled,layer_aware,random,marathi_rash,60219,109220,129604,0,1970-01-20T06:43:12+00:00,0,0,NA,NA,NA,NA,NA,0
pooled,layer_aware,random,markruffalo,60219,109220,129604,0,1970-01-20T06:43:12+00:00,0,0,NA,NA,NA,NA,NA,0
pooled,layer_aware,random,maryamshkhan,60219,109220,129604,0,1970-01-20T06:43:12+00:00,0,0,NA,NA,NA,NA,NA,0
pooled,layer_aware,random,masterstuff2,60219,109220,129604,0,1970-01-20T06:43:12+00:00,6,4,0.6666666666666666,0.3333333333333333,0.06891203703703704,0.10298611111111111,0.10681712962962962,1
pooled,layer_aware,random,mates112,60219,109220,129604,0,1970-01-20T06:43:12+00:00,182,10,0.054945054945054944,0.945054945054945,0.05920138888888889,0.06559027777777778,0.06559027777777778,2
pooled,layer_aware,random,mdbhat,60219,109220,129604,0,1970-01-20T06:43:12+00:00,3,3,1.0,0.0,0.14765046296296297,0.14765046296296297,0.14765046296296297,1
pooled,layer_aware,random,meaindia1,60219,109220,129604,0,1970-01-20T06:43:12+00:00,0,0,NA,NA,NA,NA,NA,0
pooled,layer_aware,random,mediaventus,60219,109220,129604,0,1970-01-20T06:43:12+00:00,0,0,NA,NA,NA,NA,NA,0
pooled,layer_aware,random,meyy_admk,60219,109220,129604,0,1970-01-20T06:43:12+00:00,0,0,NA,NA,NA,NA,NA,0
pooled,layer_aware,random,mgansar64614420,60219,109220,129604,0,1970-01-20T06:43:12+00:00,4,4,1.0,0.0,0.0038194444444444443,0.0038194444444444443,0.0038194444444444443,1
pooled,layer_aware,random,mgnayak5,60219,109220,129604,0,1970-01-20T06:43:12+00:00,0,0,NA,NA,NA,NA,NA,0
pooled,layer_aware,random,mhd_abdulla,60219,109220,129604,0,1970-01-20T06:43:12+00:00,4,3,0.75,0.25,0.15375,0.15375,0.15375,1
pooled,layer_aware,random,mimi25683734,60219,109220,129604,0,1970-01-20T06:43:12+00:00,2,2,1.0,0.0,0.13633101851851853,0.13633101851851853,0.13633101851851853,1
pooled,layer_aware,random,mini_707070,60219,109220,129604,0,1970-01-20T06:43:12+00:00,0,0,NA,NA,NA,NA,NA,0
pooled,layer_aware,random,mituaie,60219,109220,129604,0,1970-01-20T06:43:12+00:00,4,4,1.0,0.0,0.0571412037037037,0.0571412037037037,0.0571412037037037,1
pooled,layer_aware,random,mmoheimany,60219,109220,129604,0,1970-01-20T06:43:12+00:00,0,0,NA,NA,NA,NA,NA,0
pooled,layer_aware,random,modifanatics,60219,109220,129604,0,1970-01-20T06:43:12+00:00,3,3,1.0,0.0,0.03930555555555556,0.15936342592592592,0.15936342592592592,1
pooled,layer_aware,random,mpchalia,60219,109220,129604,0,1970-01-20T06:43:12+00:00,0,0,NA,NA,NA,NA,NA,0
pooled,layer_aware,random,mrigya1,60219,109220,129604,0,1970-01-20T06:43:12+00:00,5,5,1.0,0.0,0.08579861111111112,0.08579861111111112,0.08579861111111112,1
pooled,layer_aware,random,mrkandasamy,60219,109220,129604,0,1970-01-20T06:43:12+00:00,0,0,NA,NA,NA,NA,NA,0
pooled,layer_aware,random,mrterryjamesjr,60219,109220,129604,0,1970-01-20T06:43:12+00:00,0,0,NA,NA,NA,NA,NA,0
pooled,layer_aware,random,msatamil21,60219,109220,129604,0,1970-01-20T06:43:12+00:00,54,30,0.5555555555555556,0.4444444444444444,0.06962962962962962,0.12364583333333334,0.15667824074074074,2
pooled,layer_aware,random,mshahaccusol,60219,109220,129604,0,1970-01-20T06:43:12+00:00,1,1,1.0,0.0,0.036284722222222225,0.036284722222222225,0.036284722222222225,1
pooled,layer_aware,random,msmelchen,60219,109220,129604,0,1970-01-20T06:43:12+00:00,0,0,NA,NA,NA,NA,NA,0
pooled,layer_aware,random,mspalmch2017,60219,109220,129604,0,1970-01-20T06:43:12+00:00,0,0,NA,NA,NA,NA,NA,0
pooled,layer_aware,random,muralimbhat,60219,109220,129604,0,1970-01-20T06:43:12+00:00,107,27,0.2523364485981308,0.7476635514018691,0.06608796296296296,0.12125,0.1603125,3
pooled,layer_aware,random,muskansaddie,60219,109220,129604,0,1970-01-20T06:43:12+00:00,0,0,NA,NA,NA,NA,NA,0
pooled,layer_aware,random,muslimleaguebjp,60219,109220,129604,0,1970-01-20T06:43:12+00:00,0,0,NA,NA,NA,NA,NA,0
pooled,layer_aware,random,mutrejav,60219,109220,129604,0,1970-01-20T06:43:12+00:00,4,4,1.0,0.0,0.1134375,0.1134375,0.11930555555555555,2
pooled,layer_aware,random,myselfashwin,60219,109220,129604,0,1970-01-20T06:43:12+00:00,4,4,1.0,0.0,0.1323263888888889,0.1323263888888889,0.1323263888888889,1
pooled,layer_aware,random,naomi_purie,60219,109220,129604,0,1970-01-20T06:43:12+00:00,148,25,0.16891891891891891,0.831081081081081,0.057025462962962965,0.09153935185185186,0.1635300925925926,3
pooled,layer_aware,random,narenpet,60219,109220,129604,0,1970-01-20T06:43:12+00:00,1,1,1.0,0.0,0.09092592592592592,0.09092592592592592,0.09092592592592592,1
pooled,layer_aware,random,nayyarsanjeev,60219,109220,129604,0,1970-01-20T06:43:12+00:00,0,0,NA,NA,NA,NA,NA,0
pooled,layer_aware,random,neerajyajnik,60219,109220,129604,0,1970-01-20T06:43:12+00:00,3,3,1.0,0.0,0.04633101851851852,0.04633101851851852,0.04633101851851852,1
pooled,layer_aware,random,nehru,60219,109220,129604,0,1970-01-20T06:43:12+00:00,0,0,NA,NA,NA,NA,NA,0
pooled,layer_aware,random,nene_indian,60219,109220,129604,0,1970-01-20T06:43:12+00:00,1,1,1.0,0.0,0.1485300925925926,0.1485300925925926,0.1485300925925926,1
pooled,layer_aware,random,nidhii_singh,60219,109220,129604,0,1970-01-20T06:43:12+00:00,0,0,NA,NA,NA,NA,NA,0
pooled,layer_aware,random,nielsteyn1,60219,109220,129604,0,1970-01-20T06:43:12+00:00,1,1,1.0,0.0,0.0966550925925926,0.0966550925925926,0.0966550925925926,1
pooled,layer_aware,random,nikhil_inc,60219,109220,129604,0,1970-01-20T06:43:12+00:00,0,0,NA,NA,NA,NA,NA,0
pooled,layer_aware,random,nirmalansun,60219,109220,129604,0,1970-01-20T06:43:12+00:00,1,1,1.0,0.0,0.11888888888888889,0.11888888888888889,0.11888888888888889,1
pooled,layer_aware,random,nishbha27,60219,109220,129604,0,1970-01-20T06:43:12+00:00,2,2,1.0,0.0,0.008391203703703705,0.008391203703703705,0.008391203703703705,1
pooled,layer_aware,random,nithees73324547,60219,109220,129604,0,1970-01-20T06:43:12+00:00,0,0,NA,NA,NA,NA,NA,0
pooled,layer_aware,random,nsshree,60219,109220,129604,0,1970-01-20T06:43:12+00:00,102,2,0.0196078431372549,0.9803921568627451,0.13145833333333334,0.1362673611111111,0.14107638888888888,1
pooled,layer_aware,random,officialm670,60219,109220,129604,0,1970-01-20T06:43:12+00:00,1,1,1.0,0.0,0.03644675925925926,0.03644675925925926,0.03644675925925926,1
pooled,layer_aware,random,ola71766927,60219,109220,129604,0,1970-01-20T06:43:12+00:00,3,3,1.0,0.0,0.12637731481481482,0.12637731481481482,0.12637731481481482,1
pooled,layer_aware,random,packragu,60219,109220,129604,0,1970-01-20T06:43:12+00:00,0,0,NA,NA,NA,NA,NA,0
pooled,layer_aware,random,palakkkks,60219,109220,129604,0,1970-01-20T06:43:12+00:00,0,0,NA,NA,NA,NA,NA,0
pooled,layer_aware,random,pammywani,60219,109220,129604,0,1970-01-20T06:43:12+00:00,1,1,1.0,0.0,0.07278935185185186,0.07278935185185186,0.07278935185185186,1
pooled,layer_aware,random,pandey_bhuvesh,60219,109220,129604,0,1970-01-20T06:43:12+00:00,4,4,1.0,0.0,0.12751157407407407,0.12751157407407407,0.12751157407407407,1
pooled,layer_aware,random,parshub,60219,109220,129604,0,1970-01-20T06:43:12+00:00,8,2,0.25,0.75,0.08016203703703703,0.08016203703703703,0.08016203703703703,1
pooled,layer_aware,random,patel_dilip,60219,109220,129604,0,1970-01-20T06:43:12+00:00,1,1,1.0,0.0,0.09452546296296296,0.09452546296296296,0.09452546296296296,1
pooled,layer_aware,random,pathakrajat11,60219,109220,129604,0,1970-01-20T06:43:12+00:00,3,1,0.3333333333333333,0.6666666666666666,0.16380787037037037,0.16380787037037037,0.16380787037037037,1
pooled,layer_aware,random,pavanvemuluri2,60219,109220,129604,0,1970-01-20T06:43:12+00:00,2,2,1.0,0.0,0.14731481481481482,0.14731481481481482,0.14731481481481482,1
pooled,layer_aware,random,peacefulhind,60219,109220,129604,0,1970-01-20T06:43:12+00:00,0,0,NA,NA,NA,NA,NA,0
pooled,layer_aware,random,peepoye_,60219,109220,129604,0,1970-01-20T06:43:12+00:00,101,4,0.039603960396039604,0.9603960396039604,0.11232638888888889,0.11232638888888889,0.11232638888888889,1
pooled,layer_aware,random,pennsylvaniapa7,60219,109220,129604,0,1970-01-20T06:43:12+00:00,1,1,1.0,0.0,0.11694444444444445,0.11694444444444445,0.11694444444444445,1
pooled,layer_aware,random,pepevineyard,60219,109220,129604,0,1970-01-20T06:43:12+00:00,0,0,NA,NA,NA,NA,NA,0
pooled,layer_aware,random,peterguest,60219,109220,129604,0,1970-01-20T06:43:12+00:00,0,0,NA,NA,NA,NA,NA,0
pooled,layer_aware,random,philibertleslie,60219,109220,129604,0,1970-01-20T06:43:12+00:00,0,0,NA,NA,NA,NA,NA,0
pooled,layer_aware,random,philospherrishi,60219,109220,129604,0,1970-01-20T06:43:12+00:00,2,2,1.0,0.0,0.004131944444444444,0.041660879629629624,0.07918981481481481,2
pooled,layer_aware,random,poonams52649875,60219,109220,129604,0,1970-01-20T06:43:12+00:00,1,1,1.0,0.0,0.11351851851851852,0.11351851851851852,0.11351851851851852,1
pooled,layer_aware,random,ppareek8837,60219,109220,129604,0,1970-01-20T06:43:12+00:00,4,4,1.0,0.0,0.005983796296296296,0.005983796296296296,0.005983796296296296,1
pooled,layer_aware,random,ppkaushik1,60219,109220,129604,0,1970-01-20T06:43:12+00:00,3,1,0.3333333333333333,0.6666666666666666,0.13547453703703705,0.13547453703703705,0.13547453703703705,1
pooled,layer_aware,random,prabhakar1641,60219,109220,129604,0,1970-01-20T06:43:12+00:00,7,7,1.0,0.0,1.1574074074074073e-05,0.055185185185185184,0.12545138888888888,3
pooled,layer_aware,random,prabhsharanbir,60219,109220,129604,0,1970-01-20T06:43:12+00:00,0,0,NA,NA,NA,NA,NA,0
pooled,layer_aware,random,prakash_dassc,60219,109220,129604,0,1970-01-20T06:43:12+00:00,2,2,1.0,0.0,0.08348379629629629,0.08348379629629629,0.08348379629629629,1
pooled,layer_aware,random,pramilajayapal,60219,109220,129604,0,1970-01-20T06:43:12+00:00,0,0,NA,NA,NA,NA,NA,0
pooled,layer_aware,random,pramod92772246,60219,109220,129604,0,1970-01-20T06:43:12+00:00,2,2,1.0,0.0,0.053495370370370374,0.053495370370370374,0.053495370370370374,1
pooled,layer_aware,random,prasadvedpathak,60219,109220,129604,0,1970-01-20T06:43:12+00:00,0,0,NA,NA,NA,NA,NA,0
pooled,layer_aware,random,priyaaaansh,60219,109220,129604,0,1970-01-20T06:43:12+00:00,6,6,1.0,0.0,0.06524305555555555,0.06524305555555555,0.07918981481481481,2
pooled,layer_aware,random,pronamo1,60219,109220,129604,0,1970-01-20T06:43:12+00:00,0,0,NA,NA,NA,NA,NA,0
pooled,layer_aware,random,puducherri,60219,109220,129604,0,1970-01-20T06:43:12+00:00,3,3,1.0,0.0,0.05449074074074074,0.05449074074074074,0.05449074074074074,1
pooled,layer_aware,random,puneet60002458,60219,109220,129604,0,1970-01-20T06:43:12+00:00,6,6,1.0,0.0,0.005416666666666667,0.10663194444444445,0.1476851851851852,2
pooled,layer_aware,random,punith_kumarn,60219,109220,129604,0,1970-01-20T06:43:12+00:00,1,1,1.0,0.0,0.12225694444444445,0.12225694444444445,0.12225694444444445,1
pooled,layer_aware,random,puvvada_ajay,60219,109220,129604,0,1970-01-20T06:43:12+00:00,0,0,NA,NA,NA,NA,NA,0
pooled,layer_aware,random,pvrreddy69,60219,109220,129604,0,1970-01-20T06:43:12+00:00,11,8,0.7272727272727273,0.2727272727272727,0.14600694444444445,0.14600694444444445,0.14600694444444445,1
pooled,layer_aware,random,qasimkhansuri,60219,109220,129604,0,1970-01-20T06:43:12+00:00,0,0,NA,NA,NA,NA,NA,0
pooled,layer_aware,random,qwrklicios,60219,109220,129604,0,1970-01-20T06:43:12+00:00,3,2,0.6666666666666666,0.3333333333333333,0.14927083333333332,0.14927083333333332,0.14927083333333332,1
pooled,layer_aware,random,radhamohanbjp,60219,109220,129604,0,1970-01-20T06:43:12+00:00,0,0,NA,NA,NA,NA,NA,0
pooled,layer_aware,random,rahulhbti08,60219,109220,129604,0,1970-01-20T06:43:12+00:00,4,4,1.0,0.0,0.046203703703703705,0.046203703703703705,0.05047453703703704,1
pooled,layer_aware,random,rainbowleena,60219,109220,129604,0,1970-01-20T06:43:12+00:00,0,0,NA,NA,NA,NA,NA,0
pooled,layer_aware,random,rajanbrantly,60219,109220,129604,0,1970-01-20T06:43:12+00:00,1,1,1.0,0.0,0.027662037037037037,0.027662037037037037,0.027662037037037037,1
pooled,layer_aware,random,rakeshk20959893,60219,109220,129604,0,1970-01-20T06:43:12+00:00,1,1,1.0,0.0,0.009398148148148149,0.009398148148148149,0.009398148148148149,1
pooled,layer_aware,random,rakeshrbag,60219,109220,129604,0,1970-01-20T06:43:12+00:00,0,0,NA,NA,NA,NA,NA,0
pooled,layer_aware,random,ramacha73117494,60219,109220,129604,0,1970-01-20T06:43:12+00:00,7,4,0.5714285714285714,0.42857142857142855,0.06925925925925926,0.0696412037037037,0.09135416666666667,1
pooled,layer_aware,random,ramakrushnarou2,60219,109220,129604,0,1970-01-20T06:43:12+00:00,1,1,1.0,0.0,0.14559027777777778,0.14559027777777778,0.14559027777777778,1
pooled,layer_aware,random,ramaswamie,60219,109220,129604,0,1970-01-20T06:43:12+00:00,15,11,0.7333333333333333,0.26666666666666666,0.02960648148148148,0.13052083333333334,0.14313657407407407,2
pooled,layer_aware,random,ramendr42011516,60219,109220,129604,0,1970-01-20T06:43:12+00:00,105,24,0.22857142857142856,0.7714285714285715,0.0753125,0.13587962962962963,0.16273148148148148,3
pooled,layer_aware,random,ramyacalm,60219,109220,129604,0,1970-01-20T06:43:12+00:00,3,3,1.0,0.0,0.051284722222222225,0.055532407407407405,0.06775462962962962,1
pooled,layer_aware,random,ranjithrajan,60219,109220,129604,0,1970-01-20T06:43:12+00:00,0,0,NA,NA,NA,NA,NA,0
pooled,layer_aware,random,rapemuktindia,60219,109220,129604,0,1970-01-20T06:43:12+00:00,1,1,1.0,0.0,0.059305555555555556,0.059305555555555556,0.059305555555555556,1
pooled,layer_aware,random,raveshkrishan,60219,109220,129604,0,1970-01-20T06:43:12+00:00,2,2,1.0,0.0,0.1284375,0.1284375,0.1284375,1
pooled,layer_aware,random,ravichandranc1,60219,109220,129604,0,1970-01-20T06:43:12+00:00,0,0,NA,NA,NA,NA,NA,0
pooled,layer_aware,random,read_nareshk,60219,109220,129604,0,1970-01-20T06:43:12+00:00,104,5,0.04807692307692308,0.9519230769230769,0.1307060185185185,0.1307060185185185,0.1307060185185185,1
pooled,layer_aware,random,realpritesh,60219,109220,129604,0,1970-01-20T06:43:12+00:00,4,4,1.0,0.0,0.08912037037037036,0.08912037037037036,0.08912037037037036,1
pooled,layer_aware,random,reddygives,60219,109220,129604,0,1970-01-20T06:43:12+00:00,0,0,NA,NA,NA,NA,NA,0
pooled,layer_aware,random,remainsstellar,60219,109220,129604,0,1970-01-20T06:43:12+00:00,1,1,1.0,0.0,0.008981481481481481,0.008981481481481481,0.008981481481481481,1
pooled,layer_aware,random,ride_l_t_wind,60219,109220,129604,0,1970-01-20T06:43:12+00:00,1,1,1.0,0.0,0.040740740740740744,0.040740740740740744,0.040740740740740744,1
pooled,layer_aware,random,rishi_iha,60219,109220,129604,0,1970-01-20T06:43:12+00:00,0,0,NA,NA,NA,NA,NA,0
pooled,layer_aware,random,rithvik_15,60219,109220,129604,0,1970-01-20T06:43:12+00:00,1,1,1.0,0.0,0.12363425925925926,0.12363425925925926,0.12363425925925926,1
pooled,layer_aware,random,rj18vac,60219,109220,129604,0,1970-01-20T06:43:12+00:00,1,1,1.0,0.0,0.12944444444444445,0.12944444444444445,0.12944444444444445,1
pooled,layer_aware,random,rjamanpandey,60219,109220,129604,0,1970-01-20T06:43:12+00:00,5,5,1.0,0.0,0.04402777777777778,0.04402777777777778,0.04402777777777778,1
pooled,layer_aware,random,rmrajkumar,60219,109220,129604,0,1970-01-20T06:43:12+00:00,8,8,1.0,0.0,0.05241898148148148,0.09043981481481482,0.09043981481481482,2
pooled,layer_aware,random,rohitjoycpa,60219,109220,129604,0,1970-01-20T06:43:12+00:00,3,3,1.0,0.0,0.14278935185185185,0.14278935185185185,0.14278935185185185,1
pooled,layer_aware,random,rohitmanaktala,60219,109220,129604,0,1970-01-20T06:43:12+00:00,974,40,0.04106776180698152,0.9589322381930184,0.016689814814814814,0.10684027777777778,0.1645949074074074,3
pooled,layer_aware,random,rohitsh020678,60219,109220,129604,0,1970-01-20T06:43:12+00:00,0,0,NA,NA,NA,NA,NA,0
pooled,layer_aware,random,rony_marwa,60219,109220,129604,0,1970-01-20T06:43:12+00:00,2,2,1.0,0.0,0.04826388888888889,0.04828125,0.04829861111111111,1
pooled,layer_aware,random,rose_k01,60219,109220,129604,0,1970-01-20T06:43:12+00:00,0,0,NA,NA,NA,NA,NA,0
pooled,layer_aware,random,rphealth007,60219,109220,129604,0,1970-01-20T06:43:12+00:00,3,2,0.6666666666666666,0.3333333333333333,0.01019675925925926,0.08238425925925925,0.15457175925925926,1
pooled,layer_aware,random,ruzindanaa,60219,109220,129604,0,1970-01-20T06:43:12+00:00,1,1,1.0,0.0,0.12327546296296296,0.12327546296296296,0.12327546296296296,1
pooled,layer_aware,random,s0ymalia,60219,109220,129604,0,1970-01-20T06:43:12+00:00,1,1,1.0,0.0,0.08564814814814815,0.08564814814814815,0.08564814814814815,1
pooled,layer_aware,random,sachin_yb,60219,109220,129604,0,1970-01-20T06:43:12+00:00,0,0,NA,NA,NA,NA,NA,0
pooled,layer_aware,random,sachinderrao,60219,109220,129604,0,1970-01-20T06:43:12+00:00,3,3,1.0,0.0,0.05966435185185185,0.05966435185185185,0.05966435185185185,1
pooled,layer_aware,random,sachinsoliya,60219,109220,129604,0,1970-01-20T06:43:12+00:00,1,1,1.0,0.0,0.1597337962962963,0.1597337962962963,0.1597337962962963,1
pooled,layer_aware,random,sajalaitc,60219,109220,129604,0,1970-01-20T06:43:12+00:00,120,37,0.30833333333333335,0.6916666666666667,0.004560185185185185,0.02420138888888889,0.16530092592592593,3
pooled,layer_aware,random,sakaltimes,60219,109220,129604,0,1970-01-20T06:43:12+00:00,0,0,NA,NA,NA,NA,NA,0
pooled,layer_aware,random,sakthi19031988,60219,109220,129604,0,1970-01-20T06:43:12+00:00,0,0,NA,NA,NA,NA,NA,0
pooled,layer_aware,random,samajhdar_insan,60219,109220,129604,0,1970-01-20T06:43:12+00:00,17,9,0.5294117647058824,0.47058823529411764,0.06118055555555556,0.0922337962962963,0.16364583333333332,2
pooled,layer_aware,random,sanatan_hindu14,60219,109220,129604,0,1970-01-20T06:43:12+00:00,3,3,1.0,0.0,0.07775462962962963,0.07775462962962963,0.07775462962962963,1
pooled,layer_aware,random,sandeep110270,60219,109220,129604,0,1970-01-20T06:43:12+00:00,1,1,1.0,0.0,0.1646412037037037,0.1646412037037037,0.1646412037037037,1
pooled,layer_aware,random,sandesh_samant,60219,109220,129604,0,1970-01-20T06:43:12+00:00,4,4,1.0,0.0,0.15450231481481483,0.1642361111111111,0.16527777777777777,2
pooled,layer_aware,random,sanjays88414943,60219,109220,129604,0,1970-01-20T06:43:12+00:00,3,3,1.0,0.0,0.15166666666666667,0.15166666666666667,0.15166666666666667,1
pooled,layer_aware,random,sankarshantah,60219,109220,129604,0,1970-01-20T06:43:12+00:00,1,1,1.0,0.0,0.05146990740740741,0.05146990740740741,0.05146990740740741,1
pooled,layer_aware,random,santadracula,60219,109220,129604,0,1970-01-20T06:43:12+00:00,2,2,1.0,0.0,0.08372685185185186,0.08372685185185186,0.08372685185185186,1
pooled,layer_aware,random,saravanangee,60219,109220,129604,0,1970-01-20T06:43:12+00:00,3,3,1.0,0.0,0.1312037037037037,0.14655092592592592,0.16350694444444444,1
pooled,layer_aware,random,sarbanandsonwal,60219,109220,129604,0,1970-01-20T06:43:12+00:00,0,0,NA,NA,NA,NA,NA,0
pooled,layer_aware,random,sarmaway,60219,109220,129604,0,1970-01-20T06:43:12+00:00,162,24,0.14814814814814814,0.8518518518518519,0.005115740740740741,0.13462962962962963,0.1635300925925926,2
pooled,layer_aware,random,sarvesh15287,60219,109220,129604,0,1970-01-20T06:43:12+00:00,1,1,1.0,0.0,0.16444444444444445,0.16444444444444445,0.16444444444444445,1
pooled,layer_aware,random,sathyaraghum,60219,109220,129604,0,1970-01-20T06:43:12+00:00,3,3,1.0,0.0,0.032789351851851854,0.032789351851851854,0.07918981481481481,2
pooled,layer_aware,random,satyam1819,60219,109220,129604,0,1970-01-20T06:43:12+00:00,2,2,1.0,0.0,0.01965277777777778,0.01965277777777778,0.01965277777777778,1
pooled,layer_aware,random,saxenaaditya321,60219,109220,129604,0,1970-01-20T06:43:12+00:00,1,1,1.0,0.0,0.1653125,0.1653125,0.1653125,1
pooled,layer_aware,random,sdeep80,60219,109220,129604,0,1970-01-20T06:43:12+00:00,3,3,1.0,0.0,0.07415509259259259,0.07415509259259259,0.07415509259259259,1
pooled,layer_aware,random,sdesh01,60219,109220,129604,0,1970-01-20T06:43:12+00:00,1,1,1.0,0.0,0.13127314814814814,0.13127314814814814,0.13127314814814814,1
pooled,layer_aware,random,secretariatmda,60219,109220,129604,0,1970-01-20T06:43:12+00:00,0,0,NA,NA,NA,NA,NA,0
pooled,layer_aware,random,secularwakanada,60219,109220,129604,0,1970-01-20T06:43:12+00:00,1,1,1.0,0.0,0.16399305555555554,0.16399305555555554,0.16399305555555554,1
pooled,layer_aware,random,senthil_aiadmk,60219,109220,129604,0,1970-01-20T06:43:12+00:00,0,0,NA,NA,NA,NA,NA,0
pooled,layer_aware,random,shafeeq_17,60219,109220,129604,0,1970-01-20T06:43:12+00:00,7,6,0.8571428571428571,0.14285714285714285,0.005555555555555556,0.11467592592592593,0.12403935185185185,1
pooled,layer_aware,random,shaiksu32344789,60219,109220,129604,0,1970-01-20T06:43:12+00:00,174,37,0.21264367816091953,0.7873563218390804,0.03333333333333333,0.0587962962962963,0.15841435185185185,4
pooled,layer_aware,random,shaji4football,60219,109220,129604,0,1970-01-20T06:43:12+00:00,0,0,NA,NA,NA,NA,NA,0
pooled,layer_aware,random,shakeelgs_utats,60219,109220,129604,0,1970-01-20T06:43:12+00:00,3,3,1.0,0.0,0.08700231481481481,0.08700231481481481,0.08700231481481481,1
pooled,layer_aware,random,shantanu_katre,60219,109220,129604,0,1970-01-20T06:43:12+00:00,0,0,NA,NA,NA,NA,NA,0
pooled,layer_aware,random,shastrisuyal,60219,109220,129604,0,1970-01-20T06:43:12+00:00,103,22,0.21359223300970873,0.7864077669902912,0.02300925925925926,0.13718750000000002,0.16273148148148148,3
pooled,layer_aware,random,shaunking,60219,109220,129604,0,1970-01-20T06:43:12+00:00,0,0,NA,NA,NA,NA,NA,0
pooled,layer_aware,random,shivveekay,60219,109220,129604,0,1970-01-20T06:43:12+00:00,2,2,1.0,0.0,0.027314814814814816,0.08587962962962963,0.14444444444444443,1
pooled,layer_aware,random,shree711,60219,109220,129604,0,1970-01-20T06:43:12+00:00,1,1,1.0,0.0,0.16369212962962962,0.16369212962962962,0.16369212962962962,1
pooled,layer_aware,random,shubha42566820,60219,109220,129604,0,1970-01-20T06:43:12+00:00,1,1,1.0,0.0,0.1625,0.1625,0.1625,1
pooled,layer_aware,random,shujathalisufi,60219,109220,129604,0,1970-01-20T06:43:12+00:00,183,101,0.5519125683060109,0.44808743169398907,0.021909722222222223,0.10938657407407408,0.16508101851851853,3
pooled,layer_aware,random,sibi999,60219,109220,129604,0,1970-01-20T06:43:12+00:00,3,2,0.6666666666666666,0.3333333333333333,0.13363425925925926,0.13440393518518517,0.13517361111111112,1
pooled,layer_aware,random,sk97_tweets,60219,109220,129604,0,1970-01-20T06:43:12+00:00,11,11,1.0,0.0,0.03319444444444444,0.03319444444444444,0.0908449074074074,1
pooled,layer_aware,random,skdwive95573933,60219,109220,129604,0,1970-01-20T06:43:12+00:00,50,22,0.44,0.56,0.051527777777777777,0.14686342592592594,0.1645949074074074,2
pooled,layer_aware,random,skhann20155,60219,109220,129604,0,1970-01-20T06:43:12+00:00,1,1,1.0,0.0,0.12974537037037037,0.12974537037037037,0.12974537037037037,1
pooled,layer_aware,random,smartkabir,60219,109220,129604,0,1970-01-20T06:43:12+00:00,1,1,1.0,0.0,0.11853009259259259,0.11853009259259259,0.11853009259259259,1
pooled,layer_aware,random,smwarriorofinc,60219,109220,129604,0,1970-01-20T06:43:12+00:00,0,0,NA,NA,NA,NA,NA,0
pooled,layer_aware,random,sohailakber71,60219,109220,129604,0,1970-01-20T06:43:12+00:00,2,2,1.0,0.0,0.0036689814814814814,0.0036689814814814814,0.0036689814814814814,1
pooled,layer_aware,random,somdatta,60219,109220,129604,0,1970-01-20T06:43:12+00:00,1,1,1.0,0.0,0.0521875,0.0521875,0.0521875,1
pooled,layer_aware,random,sonam18963159,60219,109220,129604,0,1970-01-20T06:43:12+00:00,1,1,1.0,0.0,0.1554976851851852,0.1554976851851852,0.1554976851851852,1
pooled,layer_aware,random,sovietspacebat,60219,109220,129604,0,1970-01-20T06:43:12+00:00,6,6,1.0,0.0,0.010636574074074074,0.01842013888888889,0.12552083333333333,2
pooled,layer_aware,random,sowathreya,60219,109220,129604,0,1970-01-20T06:43:12+00:00,0,0,NA,NA,NA,NA,NA,0
pooled,layer_aware,random,sportyvishai,60219,109220,129604,0,1970-01-20T06:43:12+00:00,0,0,NA,NA,NA,NA,NA,0
pooled,layer_aware,random,sreedharmkkris1,60219,109220,129604,0,1970-01-20T06:43:12+00:00,2,2,1.0,0.0,0.05986111111111111,0.10265625,0.1454513888888889,1
pooled,layer_aware,random,srikanth__u,60219,109220,129604,0,1970-01-20T06:43:12+00:00,1,1,1.0,0.0,0.005208333333333333,0.005208333333333333,0.005208333333333333,1
pooled,layer_aware,random,srinivasangopal,60219,109220,129604,0,1970-01-20T06:43:12+00:00,233,26,0.11158798283261803,0.8884120171673819,0.010671296296296297,0.06847222222222223,0.1437152777777778,3
pooled,layer_aware,random,srinivasiyc,60219,109220,129604,0,1970-01-20T06:43:12+00:00,0,0,NA,NA,NA,NA,NA,0
pooled,layer_aware,random,sris26923104,60219,109220,129604,0,1970-01-20T06:43:12+00:00,0,0,NA,NA,NA,NA,NA,0
pooled,layer_aware,random,srkhosla,60219,109220,129604,0,1970-01-20T06:43:12+00:00,1,1,1.0,0.0,0.06160879629629629,0.06160879629629629,0.06160879629629629,1
pooled,layer_aware,random,ssrpillai,60219,109220,129604,0,1970-01-20T06:43:12+00:00,1,1,1.0,0.0,0.04304398148148148,0.04304398148148148,0.04304398148148148,1
pooled,layer_aware,random,ssuresh_b,60219,109220,129604,0,1970-01-20T06:43:12+00:00,0,0,NA,NA,NA,NA,NA,0
pooled,layer_aware,random,stephenmcdine,60219,109220,129604,0,1970-01-20T06:43:12+00:00,1,1,1.0,0.0,0.028391203703703703,0.028391203703703703,0.028391203703703703,1
pooled,layer_aware,random,stonedsisyphus,60219,109220,129604,0,1970-01-20T06:43:12+00:00,292,5,0.017123287671232876,0.9828767123287672,0.12414351851851851,0.12414351851851851,0.16012731481481482,2
pooled,layer_aware,random,suchi_sharma_,60219,109220,129604,0,1970-01-20T06:43:12+00:00,0,0,NA,NA,NA,NA,NA,0
pooled,layer_aware,random,sudhir_bisht,60219,109220,129604,0,1970-01-20T06:43:12+00:00,1,1,1.0,0.0,0.14177083333333335,0.14177083333333335,0.14177083333333335,1
pooled,layer_aware,random,sudipnaikgoa,60219,109220,129604,0,1970-01-20T06:43:12+00:00,3,3,1.0,0.0,0.007141203703703703,0.007141203703703703,0.13175925925925927,2
pooled,layer_aware,random,sufilucifer,60219,109220,129604,0,1970-01-20T06:43:12+00:00,3,3,1.0,0.0,0.06657407407407408,0.06657407407407408,0.10416666666666667,1
pooled,layer_aware,random,sugandha111111,60219,109220,129604,0,1970-01-20T06:43:12+00:00,3,2,0.6666666666666666,0.3333333333333333,0.16525462962962964,0.16525462962962964,0.16525462962962964,1
pooled,layer_aware,random,sujit_phatak,60219,109220,129604,0,1970-01-20T06:43:12+00:00,2,2,1.0,0.0,0.04972222222222222,0.04972222222222222,0.04972222222222222,1
pooled,layer_aware,random,sunnyrajaryan2,60219,109220,129604,0,1970-01-20T06:43:12+00:00,1,1,1.0,0.0,0.12332175925925926,0.12332175925925926,0.12332175925925926,1
pooled,layer_aware,random,surajshetty99,60219,109220,129604,0,1970-01-20T06:43:12+00:00,1,1,1.0,0.0,0.09952546296296297,0.09952546296296297,0.09952546296296297,1
pooled,layer_aware,random,sureshnmenon,60219,109220,129604,0,1970-01-20T06:43:12+00:00,0,0,NA,NA,NA,NA,NA,0
pooled,layer_aware,random,suryaku29923417,60219,109220,129604,0,1970-01-20T06:43:12+00:00,0,0,NA,NA,NA,NA,NA,0
pooled,layer_aware,random,swagatsarangi07,60219,109220,129604,0,1970-01-20T06:43:12+00:00,117,6,0.05128205128205128,0.9487179487179487,0.1412962962962963,0.1622222222222222,0.16315972222222222,3
pooled,layer_aware,random,swamiramsarnac4,60219,109220,129604,0,1970-01-20T06:43:12+00:00,0,0,NA,NA,NA,NA,NA,0
pooled,layer_aware,random,tajindersts,60219,109220,129604,0,1970-01-20T06:43:12+00:00,8,8,1.0,0.0,0.012256944444444445,0.012256944444444445,0.02638888888888889,2
pooled,layer_aware,random,tanayboxer,60219,109220,129604,0,1970-01-20T06:43:12+00:00,1,1,1.0,0.0,0.01425925925925926,0.01425925925925926,0.01425925925925926,1
pooled,layer_aware,random,tayrianabarbie,60219,109220,129604,0,1970-01-20T06:43:12+00:00,0,0,NA,NA,NA,NA,NA,0
pooled,layer_aware,random,tenzinglamsang,60219,109220,129604,0,1970-01-20T06:43:12+00:00,0,0,NA,NA,NA,NA,NA,0
pooled,layer_aware,random,tharunraj2307,60219,109220,129604,0,1970-01-20T06:43:12+00:00,0,0,NA,NA,NA,NA,NA,0
pooled,layer_aware,random,the1real_saif,60219,109220,129604,0,1970-01-20T06:43:12+00:00,0,0,NA,NA,NA,NA,NA,0
pooled,layer_aware,random,theaibbi,60219,109220,129604,0,1970-01-20T06:43:12+00:00,1,1,1.0,0.0,0.011342592592592593,0.011342592592592593,0.011342592592592593,1
pooled,layer_aware,random,thecitizen_pak,60219,109220,129604,0,1970-01-20T06:43:12+00:00,0,0,NA,NA,NA,NA,NA,0
pooled,layer_aware,random,theemiller2002,60219,109220,129604,0,1970-01-20T06:43:12+00:00,0,0,NA,NA,NA,NA,NA,0
pooled,layer_aware,random,thejagmeetsingh,60219,109220,129604,0,1970-01-20T06:43:12+00:00,0,0,NA,NA,NA,NA,NA,0
pooled,layer_aware,random,thekanikakapoor,60219,109220,129604,0,1970-01-20T06:43:12+00:00,0,0,NA,NA,NA,NA,NA,0
pooled,layer_aware,random,thepunemirror,60219,109220,129604,0,1970-01-20T06:43:12+00:00,0,0,NA,NA,NA,NA,NA,0
pooled,layer_aware,random,therantinggola,60219,109220,129604,0,1970-01-20T06:43:12+00:00,0,0,NA,NA,NA,NA,NA,0
pooled,layer_aware,random,thewaally,60219,109220,129604,0,1970-01-20T06:43:12+00:00,1,1,1.0,0.0,0.10706018518518519,0.10706018518518519,0.10706018518518519,1
pooled,layer_aware,random,tiwarinivedita,60219,109220,129604,0,1970-01-20T06:43:12+00:00,0,0,NA,NA,NA,NA,NA,0
pooled,layer_aware,random,tkunicorns_613,60219,109220,129604,0,1970-01-20T06:43:12+00:00,1,1,1.0,0.0,0.009756944444444445,0.009756944444444445,0.009756944444444445,1
pooled,layer_aware,random,tmkoc_ntf,60219,109220,129604,0,1970-01-20T06:43:12+00:00,0,0,NA,NA,NA,NA,NA,0
pooled,layer_aware,random,tnwatch1,60219,109220,129604,0,1970-01-20T06:43:12+00:00,0,0,NA,NA,NA,NA,NA,0
pooled,layer_aware,random,toiagra,60219,109220,129604,0,1970-01-20T06:43:12+00:00,0,0,NA,NA,NA,NA,NA,0
pooled,layer_aware,random,trishankkarthik,60219,109220,129604,0,1970-01-20T06:43:12+00:00,0,0,NA,NA,NA,NA,NA,0
pooled,layer_aware,random,truthlife16,60219,109220,129604,0,1970-01-20T06:43:12+00:00,2,2,1.0,0.0,0.06895833333333333,0.06895833333333333,0.06895833333333333,1
pooled,layer_aware,random,turbulentflow31,60219,109220,129604,0,1970-01-20T06:43:12+00:00,0,0,NA,NA,NA,NA,NA,0
pooled,layer_aware,random,tx_vishal,60219,109220,129604,0,1970-01-20T06:43:12+00:00,1,1,1.0,0.0,0.08248842592592592,0.08248842592592592,0.08248842592592592,1
pooled,layer_aware,random,uditkhar,60219,109220,129604,0,1970-01-20T06:43:12+00:00,0,0,NA,NA,NA,NA,NA,0
pooled,layer_aware,random,upma23,60219,109220,129604,0,1970-01-20T06:43:12+00:00,0,0,NA,NA,NA,NA,NA,0
pooled,layer_aware,random,urpramodindian,60219,109220,129604,0,1970-01-20T06:43:12+00:00,1,1,1.0,0.0,0.11726851851851852,0.11726851851851852,0.11726851851851852,1
pooled,layer_aware,random,utsavtechie,60219,109220,129604,0,1970-01-20T06:43:12+00:00,0,0,NA,NA,NA,NA,NA,0
pooled,layer_aware,random,verbubbly,60219,109220,129604,0,1970-01-20T06:43:12+00:00,1,1,1.0,0.0,0.08046296296296296,0.08046296296296296,0.08046296296296296,1
pooled,layer_aware,random,vermsnaren,60219,109220,129604,0,1970-01-20T06:43:12+00:00,2,2,1.0,0.0,0.1102199074074074,0.1102199074074074,0.1102199074074074,1
pooled,layer_aware,random,vhsaustralia,60219,109220,129604,0,1970-01-20T06:43:12+00:00,0,0,NA,NA,NA,NA,NA,0
pooled,layer_aware,random,vidyalad,60219,109220,129604,0,1970-01-20T06:43:12+00:00,106,24,0.22641509433962265,0.7735849056603774,0.02771990740740741,0.13587962962962963,0.16273148148148148,3
pooled,layer_aware,random,vidyaraj51,60219,109220,129604,0,1970-01-20T06:43:12+00:00,2,2,1.0,0.0,0.13630787037037037,0.13642361111111112,0.13653935185185184,2
pooled,layer_aware,random,vijaythottathil,60219,109220,129604,0,1970-01-20T06:43:12+00:00,0,0,NA,NA,NA,NA,NA,0
pooled,layer_aware,random,vikrammittalbjp,60219,109220,129604,0,1970-01-20T06:43:12+00:00,0,0,NA,NA,NA,NA,NA,0
pooled,layer_aware,random,vikramsamvat6,60219,109220,129604,0,1970-01-20T06:43:12+00:00,2,2,1.0,0.0,0.022233796296296297,0.04344907407407407,0.06466435185185185,1
pooled,layer_aware,random,vinayakvbhatta,60219,109220,129604,0,1970-01-20T06:43:12+00:00,0,0,NA,NA,NA,NA,NA,0
pooled,layer_aware,random,vinayma66261558,60219,109220,129604,0,1970-01-20T06:43:12+00:00,1,1,1.0,0.0,0.1489236111111111,0.1489236111111111,0.1489236111111111,1
pooled,layer_aware,random,vinaysinghthane,60219,109220,129604,0,1970-01-20T06:43:12+00:00,1,1,1.0,0.0,0.11009259259259259,0.11009259259259259,0.11009259259259259,1
pooled,layer_aware,random,vinod_bansal,60219,109220,129604,0,1970-01-20T06:43:12+00:00,0,0,NA,NA,NA,NA,NA,0
pooled,layer_aware,random,vinodreddy128,60219,109220,129604,0,1970-01-20T06:43:12+00:00,1,1,1.0,0.0,0.04162037037037037,0.04162037037037037,0.04162037037037037,1
pooled,layer_aware,random,vishnufno,60219,109220,129604,0,1970-01-20T06:43:12+00:00,61,17,0.2786885245901639,0.7213114754098361,0.14164351851851853,0.14164351851851853,0.1430787037037037,2
pooled,layer_aware,random,vishvandy,60219,109220,129604,0,1970-01-20T06:43:12+00:00,0,0,NA,NA,NA,NA,NA,0
pooled,layer_aware,random,vvl_official,60219,109220,129604,0,1970-01-20T06:43:12+00:00,0,0,NA,NA,NA,NA,NA,0
pooled,layer_aware,random,waseemqahmad,60219,109220,129604,0,1970-01-20T06:43:12+00:00,103,22,0.21359223300970873,0.7864077669902912,0.06891203703703704,0.13718750000000002,0.16273148148148148,3
pooled,layer_aware,random,wasimakramlive,60219,109220,129604,0,1970-01-20T06:43:12+00:00,0,0,NA,NA,NA,NA,NA,0
pooled,layer_aware,random,westtigersdc,60219,109220,129604,0,1970-01-20T06:43:12+00:00,0,0,NA,NA,NA,NA,NA,0
pooled,layer_aware,random,whowpro,60219,109220,129604,0,1970-01-20T06:43:12+00:00,0,0,NA,NA,NA,NA,NA,0
pooled,layer_aware,random,whytheer,60219,109220,129604,0,1970-01-20T06:43:12+00:00,1,1,1.0,0.0,0.14635416666666667,0.14635416666666667,0.14635416666666667,1
pooled,layer_aware,random,wired,60219,109220,129604,0,1970-01-20T06:43:12+00:00,0,0,NA,NA,NA,NA,NA,0
pooled,layer_aware,random,wmpsentinel,60219,109220,129604,0,1970-01-20T06:43:12+00:00,0,0,NA,NA,NA,NA,NA,0
pooled,layer_aware,random,woahbarman,60219,109220,129604,0,1970-01-20T06:43:12+00:00,5,5,1.0,0.0,0.022337962962962962,0.022337962962962962,0.11409722222222222,2
pooled,layer_aware,random,wpenner3,60219,109220,129604,0,1970-01-20T06:43:12+00:00,2,2,1.0,0.0,0.04266203703703704,0.04266203703703704,0.04266203703703704,1
pooled,layer_aware,random,writetodipen,60219,109220,129604,0,1970-01-20T06:43:12+00:00,1,1,1.0,0.0,0.03962962962962963,0.03962962962962963,0.03962962962962963,1
pooled,layer_aware,random,yasirbdn,60219,109220,129604,0,1970-01-20T06:43:12+00:00,0,0,NA,NA,NA,NA,NA,0
pooled,layer_aware,random,yelloflash29,60219,109220,129604,0,1970-01-20T06:43:12+00:00,2,2,1.0,0.0,0.1613888888888889,0.1613888888888889,0.1613888888888889,1
pooled,layer_aware,random,yoursomaga,60219,109220,129604,0,1970-01-20T06:43:12+00:00,1,1,1.0,0.0,0.02607638888888889,0.02607638888888889,0.02607638888888889,1
pooled,layer_aware,random,yrnishi,60219,109220,129604,0,1970-01-20T06:43:12+00:00,2,2,1.0,0.0,0.0584837962962963,0.0584837962962963,0.0584837962962963,1
pooled,layer_aware,random,yssr2023,60219,109220,129604,0,1970-01-20T06:43:12+00:00,0,0,NA,NA,NA,NA,NA,0
pooled,layer_aware,random,yvchakradhar,60219,109220,129604,0,1970-01-20T06:43:12+00:00,2,2,1.0,0.0,0.15133101851851852,0.15133101851851852,0.15133101851851852,1
pooled,layer_aware,random,zaidzamanhamid,60219,109220,129604,0,1970-01-20T06:43:12+00:00,0,0,NA,NA,NA,NA,NA,0
pooled,layer_aware,high_out_strength,mani24sjcpl,60219,109220,129604,0,1970-01-20T06:43:12+00:00,958,364,0.37995824634655534,0.6200417536534447,0.004780092592592593,0.07263888888888889,0.16539351851851852,3
pooled,layer_aware,high_out_strength,profsrk,60219,109220,129604,0,1970-01-20T06:43:12+00:00,351,206,0.5868945868945868,0.4131054131054131,0.0013194444444444445,0.06440972222222222,0.1654050925925926,3
pooled,layer_aware,high_out_strength,makebharatmahan,60219,109220,129604,0,1970-01-20T06:43:12+00:00,817,391,0.4785801713586291,0.5214198286413708,0.005069444444444444,0.049039351851851855,0.16539351851851852,4
pooled,layer_aware,high_out_strength,laksshyaadvani,60219,109220,129604,0,1970-01-20T06:43:12+00:00,339,286,0.8436578171091446,0.15634218289085547,0.00016203703703703703,0.06580439814814815,0.1654050925925926,3
pooled,layer_aware,high_out_strength,spkathirvel1,60219,109220,129604,0,1970-01-20T06:43:12+00:00,469,190,0.4051172707889126,0.5948827292110874,0.00045138888888888887,0.011261574074074075,0.16377314814814814,3
pooled,layer_aware,high_out_strength,trendsetting123,60219,109220,129604,0,1970-01-20T06:43:12+00:00,734,436,0.5940054495912807,0.40599455040871935,0.008194444444444445,0.07150462962962963,0.16539351851851852,4
pooled,layer_aware,high_out_strength,satishrathod100,60219,109220,129604,0,1970-01-20T06:43:12+00:00,383,217,0.566579634464752,0.43342036553524804,0.009085648148148148,0.053969907407407404,0.1654050925925926,4
pooled,layer_aware,high_out_strength,aklalb,60219,109220,129604,0,1970-01-20T06:43:12+00:00,208,109,0.5240384615384616,0.47596153846153844,0.009351851851851853,0.10327546296296296,0.16315972222222222,3
pooled,layer_aware,high_out_strength,news9tweets,60219,109220,129604,0,1970-01-20T06:43:12+00:00,159,81,0.5094339622641509,0.49056603773584906,0.009027777777777777,0.10194444444444445,0.1632523148148148,3
pooled,layer_aware,high_out_strength,ictcimpact,60219,109220,129604,0,1970-01-20T06:43:12+00:00,212,98,0.46226415094339623,0.5377358490566038,0.0053125,0.11682291666666667,0.1633449074074074,3
pooled,layer_aware,high_out_strength,pkm1999,60219,109220,129604,0,1970-01-20T06:43:12+00:00,483,206,0.42650103519668736,0.5734989648033126,0.0029976851851851853,0.08883680555555556,0.16539351851851852,3
pooled,layer_aware,high_out_strength,incdilse,60219,109220,129604,0,1970-01-20T06:43:12+00:00,1071,368,0.34360410830999066,0.6563958916900093,0.002349537037037037,0.09973379629629629,0.16539351851851852,4
pooled,layer_aware,high_out_strength,spksalem2,60219,109220,129604,0,1970-01-20T06:43:12+00:00,94,94,1.0,0.0,0.07436342592592593,0.11819444444444445,0.1642361111111111,1
pooled,layer_aware,high_out_strength,sandipghose,60219,109220,129604,0,1970-01-20T06:43:12+00:00,265,157,0.5924528301886792,0.4075471698113208,0.00494212962962963,0.08461805555555556,0.16539351851851852,3
pooled,layer_aware,high_out_strength,terence_fdes,60219,109220,129604,0,1970-01-20T06:43:12+00:00,734,382,0.5204359673024523,0.47956403269754766,0.009837962962962963,0.07869212962962963,0.16539351851851852,5
pooled,layer_aware,high_out_strength,puneetvizh,60219,109220,129604,0,1970-01-20T06:43:12+00:00,734,426,0.5803814713896458,0.4196185286103542,0.012326388888888888,0.07150462962962963,0.16539351851851852,5
pooled,layer_aware,high_out_strength,ranajig,60219,109220,129604,0,1970-01-20T06:43:12+00:00,802,473,0.5897755610972568,0.4102244389027431,0.030520833333333334,0.09324074074074074,0.1654050925925926,5
pooled,layer_aware,high_out_strength,pkv07288764,60219,109220,129604,0,1970-01-20T06:43:12+00:00,260,169,0.65,0.35,0.01170138888888889,0.01175925925925926,0.16508101851851853,4
pooled,layer_aware,high_out_strength,gujunrupsas,60219,109220,129604,0,1970-01-20T06:43:12+00:00,278,152,0.5467625899280576,0.45323741007194246,0.005439814814814815,0.07361111111111111,0.16508101851851853,3
pooled,layer_aware,high_out_strength,iamdipsi,60219,109220,129604,0,1970-01-20T06:43:12+00:00,141,60,0.425531914893617,0.574468085106383,0.03512731481481481,0.03512731481481481,0.16273148148148148,3
pooled,layer_aware,high_out_strength,55659754bhaskar,60219,109220,129604,0,1970-01-20T06:43:12+00:00,83,80,0.963855421686747,0.03614457831325301,0.008159722222222223,0.008159722222222223,0.1608449074074074,3
pooled,layer_aware,high_out_strength,iamkaranbachani,60219,109220,129604,0,1970-01-20T06:43:12+00:00,189,127,0.671957671957672,0.328042328042328,0.00020833333333333335,0.10021990740740741,0.16402777777777777,3
pooled,layer_aware,high_out_strength,_a_j_i_t,60219,109220,129604,0,1970-01-20T06:43:12+00:00,230,169,0.7347826086956522,0.26521739130434785,0.008020833333333333,0.06866898148148148,0.16539351851851852,3
pooled,layer_aware,high_out_strength,emperorofhind,60219,109220,129604,0,1970-01-20T06:43:12+00:00,56,56,1.0,0.0,0.04793981481481482,0.04793981481481482,0.14596064814814816,1
pooled,layer_aware,high_out_strength,roardworld,60219,109220,129604,0,1970-01-20T06:43:12+00:00,267,141,0.5280898876404494,0.47191011235955055,0.0038194444444444443,0.0922337962962963,0.16539351851851852,3
pooled,layer_aware,high_out_strength,mageshw57341284,60219,109220,129604,0,1970-01-20T06:43:12+00:00,196,65,0.33163265306122447,0.6683673469387755,9.259259259259259e-05,0.11675925925925926,0.1635300925925926,2
pooled,layer_aware,high_out_strength,rajeshk39804978,60219,109220,129604,0,1970-01-20T06:43:12+00:00,225,74,0.3288888888888889,0.6711111111111111,0.0415625,0.0415625,0.1603125,3
pooled,layer_aware,high_out_strength,umakantsingh_in,60219,109220,129604,0,1970-01-20T06:43:12+00:00,191,82,0.4293193717277487,0.5706806282722513,0.0020601851851851853,0.10873842592592593,0.16366898148148148,3
pooled,layer_aware,high_out_strength,meragurgaon,60219,109220,129604,0,1970-01-20T06:43:12+00:00,65,65,1.0,0.0,0.02820601851851852,0.032650462962962964,0.12775462962962963,3
pooled,layer_aware,high_out_strength,srmane20mane,60219,109220,129604,0,1970-01-20T06:43:12+00:00,81,80,0.9876543209876543,0.012345679012345678,0.008622685185185185,0.0655613425925926,0.1604398148148148,3
pooled,layer_aware,high_out_strength,kumardurgesh262,60219,109220,129604,0,1970-01-20T06:43:12+00:00,4,4,1.0,0.0,0.00018518518518518518,0.02158564814814815,0.040949074074074075,1
pooled,layer_aware,high_out_strength,iamtapanpandya,60219,109220,129604,0,1970-01-20T06:43:12+00:00,129,50,0.3875968992248062,0.6124031007751938,0.002662037037037037,0.08267361111111111,0.16273148148148148,3
pooled,layer_aware,high_out_strength,ravipolara,60219,109220,129604,0,1970-01-20T06:43:12+00:00,162,83,0.5123456790123457,0.4876543209876543,0.0009143518518518518,0.010763888888888889,0.16273148148148148,3
pooled,layer_aware,high_out_strength,sociopoliticalw,60219,109220,129604,0,1970-01-20T06:43:12+00:00,734,472,0.6430517711171662,0.3569482288828338,0.006273148148148148,0.07150462962962963,0.16539351851851852,6
pooled,layer_aware,high_out_strength,vikram140gulati,60219,109220,129604,0,1970-01-20T06:43:12+00:00,217,83,0.3824884792626728,0.6175115207373272,0.001724537037037037,0.10659722222222222,0.16539351851851852,3
pooled,layer_aware,high_out_strength,chowkidarchokra,60219,109220,129604,0,1970-01-20T06:43:12+00:00,714,346,0.484593837535014,0.5154061624649859,0.020775462962962964,0.06762731481481482,0.1654050925925926,4
pooled,layer_aware,high_out_strength,meetumashankar,60219,109220,129604,0,1970-01-20T06:43:12+00:00,220,132,0.6,0.4,0.0004398148148148148,0.08125578703703704,0.1654050925925926,3
pooled,layer_aware,high_out_strength,toiahmedabad,60219,109220,129604,0,1970-01-20T06:43:12+00:00,108,28,0.25925925925925924,0.7407407407407407,0.0002546296296296296,0.13394675925925925,0.16273148148148148,3
pooled,layer_aware,high_out_strength,triptirtiwari,60219,109220,129604,0,1970-01-20T06:43:12+00:00,241,35,0.14522821576763487,0.8547717842323651,0.0017939814814814815,0.11961805555555556,0.15601851851851853,2
pooled,layer_aware,high_out_strength,ajaychat555,60219,109220,129604,0,1970-01-20T06:43:12+00:00,117,35,0.29914529914529914,0.7008547008547008,0.007280092592592592,0.09585648148148149,0.16366898148148148,3
pooled,layer_aware,high_out_strength,jacobmathewlive,60219,109220,129604,0,1970-01-20T06:43:12+00:00,113,32,0.2831858407079646,0.7168141592920354,0.01733796296296296,0.13394675925925925,0.16273148148148148,3
pooled,layer_aware,high_out_strength,julushah,60219,109220,129604,0,1970-01-20T06:43:12+00:00,408,198,0.4852941176470588,0.5147058823529411,0.021145833333333332,0.04590277777777778,0.1654050925925926,4
pooled,layer_aware,high_out_strength,rohitmgaikwad,60219,109220,129604,0,1970-01-20T06:43:12+00:00,205,72,0.35121951219512193,0.6487804878048781,0.0019212962962962964,0.07892361111111111,0.1635300925925926,3
pooled,layer_aware,high_out_strength,scorpion1007,60219,109220,129604,0,1970-01-20T06:43:12+00:00,180,109,0.6055555555555555,0.39444444444444443,0.004618055555555556,0.07918981481481481,0.16539351851851852,3
pooled,layer_aware,high_out_strength,bhupendra26,60219,109220,129604,0,1970-01-20T06:43:12+00:00,714,436,0.6106442577030813,0.38935574229691877,0.006793981481481482,0.05734953703703704,0.1654050925925926,5
pooled,layer_aware,high_out_strength,s386er1,60219,109220,129604,0,1970-01-20T06:43:12+00:00,132,54,0.4090909090909091,0.5909090909090909,0.006585648148148148,0.006585648148148148,0.16273148148148148,3
pooled,layer_aware,high_out_strength,bernarddmello,60219,109220,129604,0,1970-01-20T06:43:12+00:00,308,117,0.37987012987012986,0.6201298701298701,0.00037037037037037035,0.06060185185185185,0.16539351851851852,3
pooled,layer_aware,high_out_strength,timesnow,60219,109220,129604,0,1970-01-20T06:43:12+00:00,52,45,0.8653846153846154,0.1346153846153846,0.0044675925925925924,0.07453703703703704,0.15667824074074074,4
pooled,layer_aware,high_out_strength,vineet66,60219,109220,129604,0,1970-01-20T06:43:12+00:00,145,73,0.503448275862069,0.496551724137931,0.0020949074074074073,0.05741898148148148,0.16366898148148148,3
pooled,layer_aware,high_out_strength,gauagg,60219,109220,129604,0,1970-01-20T06:43:12+00:00,152,70,0.4605263157894737,0.5394736842105263,3.472222222222222e-05,0.03770833333333334,0.16273148148148148,3
pooled,layer_aware,high_out_strength,lloydrodr28,60219,109220,129604,0,1970-01-20T06:43:12+00:00,168,128,0.7619047619047619,0.23809523809523808,0.0011111111111111111,0.0707986111111111,0.16539351851851852,4
pooled,layer_aware,high_out_strength,pmaliens,60219,109220,129604,0,1970-01-20T06:43:12+00:00,817,235,0.2876376988984088,0.7123623011015912,0.017141203703703704,0.08366898148148148,0.1635300925925926,4
pooled,layer_aware,high_out_strength,rds750044,60219,109220,129604,0,1970-01-20T06:43:12+00:00,179,77,0.4301675977653631,0.5698324022346368,0.11733796296296296,0.15938657407407408,0.15938657407407408,2
pooled,layer_aware,high_out_strength,har1aum,60219,109220,129604,0,1970-01-20T06:43:12+00:00,319,104,0.32601880877742945,0.6739811912225705,0.0591087962962963,0.06549768518518519,0.16539351851851852,4
pooled,layer_aware,high_out_strength,kirolalalit,60219,109220,129604,0,1970-01-20T06:43:12+00:00,172,67,0.38953488372093026,0.6104651162790697,0.00625,0.08439814814814815,0.1635300925925926,3
pooled,layer_aware,high_out_strength,manishbpl1,60219,109220,129604,0,1970-01-20T06:43:12+00:00,133,55,0.41353383458646614,0.5864661654135338,0.0052893518518518515,0.11560185185185186,0.16273148148148148,3
pooled,layer_aware,high_out_strength,mbtheguide,60219,109220,129604,0,1970-01-20T06:43:12+00:00,113,34,0.3008849557522124,0.6991150442477876,0.013055555555555556,0.11553819444444445,0.16273148148148148,3
pooled,layer_aware,high_out_strength,pradeepkunche,60219,109220,129604,0,1970-01-20T06:43:12+00:00,199,109,0.5477386934673367,0.45226130653266333,1.1574074074074073e-05,0.06027777777777778,0.16539351851851852,3
pooled,layer_aware,high_out_strength,amitakjain,60219,109220,129604,0,1970-01-20T06:43:12+00:00,156,74,0.47435897435897434,0.5256410256410257,0.10185185185185185,0.10185185185185185,0.15211805555555555,2
pooled,layer_aware,high_out_strength,libertarian196,60219,109220,129604,0,1970-01-20T06:43:12+00:00,857,500,0.5834305717619603,0.41656942823803966,0.024270833333333332,0.07260416666666666,0.16539351851851852,5
pooled,layer_aware,high_out_strength,aamirsy61653294,60219,109220,129604,0,1970-01-20T06:43:12+00:00,144,65,0.4513888888888889,0.5486111111111112,0.01545138888888889,0.11961805555555556,0.16366898148148148,3
pooled,layer_aware,high_out_strength,mkatju,60219,109220,129604,0,1970-01-20T06:43:12+00:00,71,70,0.9859154929577465,0.014084507042253521,0.008773148148148148,0.008784722222222222,0.16508101851851853,2
pooled,layer_aware,high_out_strength,vijendra1verma,60219,109220,129604,0,1970-01-20T06:43:12+00:00,201,137,0.681592039800995,0.31840796019900497,0.002650462962962963,0.07453703703703704,0.1635300925925926,3
pooled,layer_aware,high_out_strength,rocky_coool,60219,109220,129604,0,1970-01-20T06:43:12+00:00,213,110,0.5164319248826291,0.4835680751173709,0.007361111111111111,0.11464699074074074,0.16539351851851852,3
pooled,layer_aware,high_out_strength,rveerreddy,60219,109220,129604,0,1970-01-20T06:43:12+00:00,60,55,0.9166666666666666,0.08333333333333333,0.012569444444444444,0.04570601851851852,0.13762731481481483,3
pooled,layer_aware,high_out_strength,ecityrising,60219,109220,129604,0,1970-01-20T06:43:12+00:00,141,61,0.4326241134751773,0.5673758865248227,0.011643518518518518,0.011643518518518518,0.16273148148148148,3
pooled,layer_aware,high_out_strength,iyer_rn,60219,109220,129604,0,1970-01-20T06:43:12+00:00,399,85,0.21303258145363407,0.7869674185463659,0.002372685185185185,0.09231481481481481,0.1462152777777778,3
pooled,layer_aware,high_out_strength,enraged_indian,60219,109220,129604,0,1970-01-20T06:43:12+00:00,915,106,0.11584699453551912,0.8841530054644808,0.0032060185185185186,0.12600694444444444,0.1652662037037037,3
pooled,layer_aware,high_out_strength,rangats,60219,109220,129604,0,1970-01-20T06:43:12+00:00,16,16,1.0,0.0,0.002025462962962963,0.01379050925925926,0.1366087962962963,1
pooled,layer_aware,high_out_strength,adarsh_appa,60219,109220,129604,0,1970-01-20T06:43:12+00:00,207,114,0.5507246376811594,0.4492753623188406,0.000625,0.10804398148148148,0.16539351851851852,3
pooled,layer_aware,high_out_strength,murali76133156,60219,109220,129604,0,1970-01-20T06:43:12+00:00,714,266,0.37254901960784315,0.6274509803921569,0.06925925925925926,0.08450231481481481,0.16508101851851853,4
pooled,layer_aware,high_out_strength,preethiiyer6,60219,109220,129604,0,1970-01-20T06:43:12+00:00,49,46,0.9387755102040817,0.061224489795918366,0.012256944444444445,0.10877314814814815,0.1654050925925926,3
pooled,layer_aware,high_out_strength,perspicacite,60219,109220,129604,0,1970-01-20T06:43:12+00:00,77,60,0.7792207792207793,0.22077922077922077,0.16212962962962962,0.1622222222222222,0.16365740740740742,1
pooled,layer_aware,high_out_strength,doctoredspeech,60219,109220,129604,0,1970-01-20T06:43:12+00:00,141,58,0.41134751773049644,0.5886524822695035,0.0013194444444444445,0.0837673611111111,0.16273148148148148,3
pooled,layer_aware,high_out_strength,skshukla01inc,60219,109220,129604,0,1970-01-20T06:43:12+00:00,187,121,0.6470588235294118,0.35294117647058826,0.03881944444444444,0.07918981481481481,0.1635300925925926,3
pooled,layer_aware,high_out_strength,navin4nation,60219,109220,129604,0,1970-01-20T06:43:12+00:00,83,72,0.8674698795180723,0.13253012048192772,0.014074074074074074,0.014074074074074074,0.09261574074074073,2
pooled,layer_aware,high_out_strength,crazysatire,60219,109220,129604,0,1970-01-20T06:43:12+00:00,245,70,0.2857142857142857,0.7142857142857143,0.05162037037037037,0.09909722222222223,0.15667824074074074,3
pooled,layer_aware,high_out_strength,kiran_m_kumar,60219,109220,129604,0,1970-01-20T06:43:12+00:00,145,64,0.4413793103448276,0.5586206896551724,0.015219907407407408,0.08125578703703704,0.1603125,3
pooled,layer_aware,high_out_strength,prithabandyop10,60219,109220,129604,0,1970-01-20T06:43:12+00:00,251,85,0.3386454183266932,0.6613545816733067,0.010810185185185185,0.09155092592592592,0.16273148148148148,3
pooled,layer_aware,high_out_strength,satyavadin,60219,109220,129604,0,1970-01-20T06:43:12+00:00,42,32,0.7619047619047619,0.23809523809523808,0.00931712962962963,0.10315972222222222,0.1546412037037037,2
pooled,layer_aware,high_out_strength,jagadgurupeeth,60219,109220,129604,0,1970-01-20T06:43:12+00:00,63,53,0.8412698412698413,0.15873015873015872,0.018020833333333333,0.0784837962962963,0.1654050925925926,2
pooled,layer_aware,high_out_strength,manis_kumar,60219,109220,129604,0,1970-01-20T06:43:12+00:00,23,18,0.782608695652174,0.21739130434782608,0.0019097222222222222,0.08156828703703704,0.1613888888888889,3
pooled,layer_aware,high_out_strength,dharma4x,60219,109220,129604,0,1970-01-20T06:43:12+00:00,195,72,0.36923076923076925,0.6307692307692307,0.010451388888888889,0.08155092592592593,0.16539351851851852,4
pooled,layer_aware,high_out_strength,indiatoday,60219,109220,129604,0,1970-01-20T06:43:12+00:00,146,50,0.3424657534246575,0.6575342465753424,0.002638888888888889,0.06365740740740741,0.1635300925925926,2
pooled,layer_aware,high_out_strength,shahzadasadiqr,60219,109220,129604,0,1970-01-20T06:43:12+00:00,48,42,0.875,0.125,0.02236111111111111,0.08060185185185186,0.16137731481481482,2
pooled,layer_aware,high_out_strength,vijayhema87,60219,109220,129604,0,1970-01-20T06:43:12+00:00,409,89,0.2176039119804401,0.78239608801956,0.0012962962962962963,0.09174768518518518,0.16366898148148148,4
pooled,layer_aware,high_out_strength,himansh07883075,60219,109220,129604,0,1970-01-20T06:43:12+00:00,128,51,0.3984375,0.6015625,0.01597222222222222,0.062453703703703706,0.16273148148148148,3
pooled,layer_aware,high_out_strength,_umakantsingh,60219,109220,129604,0,1970-01-20T06:43:12+00:00,31,29,0.9354838709677419,0.06451612903225806,0.0035069444444444445,0.060648148148148145,0.15997685185185184,3
pooled,layer_aware,high_out_strength,mayamadhava,60219,109220,129604,0,1970-01-20T06:43:12+00:00,245,28,0.11428571428571428,0.8857142857142857,0.003171296296296296,0.04815972222222222,0.16484953703703703,2
pooled,layer_aware,high_out_strength,shubhamr528,60219,109220,129604,0,1970-01-20T06:43:12+00:00,134,82,0.6119402985074627,0.3880597014925373,0.001875,0.09859375000000001,0.16366898148148148,3
pooled,layer_aware,high_out_strength,amytisd1,60219,109220,129604,0,1970-01-20T06:43:12+00:00,164,82,0.5,0.5,0.018368055555555554,0.025590277777777778,0.16364583333333332,3
pooled,layer_aware,high_out_strength,scroll_in,60219,109220,129604,0,1970-01-20T06:43:12+00:00,2,2,1.0,0.0,0.0021875,0.03469907407407407,0.06721064814814814,1
pooled,layer_aware,high_out_strength,pvenkatgandhi,60219,109220,129604,0,1970-01-20T06:43:12+00:00,126,47,0.373015873015873,0.626984126984127,0.0004861111111111111,0.08667824074074074,0.16333333333333333,3
pooled,layer_aware,high_out_strength,vaguelyright,60219,109220,129604,0,1970-01-20T06:43:12+00:00,45,42,0.9333333333333333,0.06666666666666667,0.002766203703703704,0.10895833333333334,0.1654050925925926,3
pooled,layer_aware,high_out_strength,0ld_m0nk,60219,109220,129604,0,1970-01-20T06:43:12+00:00,166,99,0.5963855421686747,0.4036144578313253,0.004872685185185185,0.09158564814814815,0.1635300925925926,4
pooled,layer_aware,high_out_strength,eccentricraj,60219,109220,129604,0,1970-01-20T06:43:12+00:00,132,37,0.2803030303030303,0.7196969696969697,0.047372685185185184,0.09306712962962962,0.10185185185185185,1
pooled,layer_aware,high_out_strength,financialbrdm,60219,109220,129604,0,1970-01-20T06:43:12+00:00,14,14,1.0,0.0,0.0004166666666666667,0.0004166666666666667,0.15050925925925926,1
pooled,layer_aware,high_out_strength,harmeetjolly1,60219,109220,129604,0,1970-01-20T06:43:12+00:00,18,18,1.0,0.0,0.10732638888888889,0.10732638888888889,0.14737268518518518,1
pooled,layer_aware,high_out_strength,prateekjain28,60219,109220,129604,0,1970-01-20T06:43:12+00:00,40,40,1.0,0.0,0.0009143518518518518,0.07652777777777778,0.15270833333333333,2
pooled,layer_aware,high_out_strength,subodhs_93,60219,109220,129604,0,1970-01-20T06:43:12+00:00,125,28,0.224,0.776,0.018333333333333333,0.06736111111111111,0.1457638888888889,1
pooled,layer_aware,high_out_strength,iamsudhish,60219,109220,129604,0,1970-01-20T06:43:12+00:00,147,87,0.5918367346938775,0.40816326530612246,0.02400462962962963,0.08990740740740741,0.16484953703703703,4
pooled,layer_aware,high_out_strength,ima_indian,60219,109220,129604,0,1970-01-20T06:43:12+00:00,173,57,0.32947976878612717,0.6705202312138728,0.0017592592592592592,0.04038194444444444,0.15841435185185185,3
pooled,layer_aware,high_out_strength,msgn15,60219,109220,129604,0,1970-01-20T06:43:12+00:00,121,43,0.35537190082644626,0.6446280991735537,0.008576388888888889,0.010185185185185186,0.16273148148148148,3
pooled,layer_aware,high_out_strength,rajubistabjp,60219,109220,129604,0,1970-01-20T06:43:12+00:00,7,7,1.0,0.0,0.00568287037037037,0.00568287037037037,0.04435185185185185,1
pooled,layer_aware,high_out_strength,tfarcdrow,60219,109220,129604,0,1970-01-20T06:43:12+00:00,27,27,1.0,0.0,0.008553240740740741,0.04743055555555555,0.15519675925925927,2
pooled,layer_aware,high_out_strength,ashurai123,60219,109220,129604,0,1970-01-20T06:43:12+00:00,119,39,0.3277310924369748,0.6722689075630253,0.013310185185185185,0.10939814814814815,0.16273148148148148,3
pooled,layer_aware,high_out_strength,psmanwatkar,60219,109220,129604,0,1970-01-20T06:43:12+00:00,734,168,0.22888283378746593,0.771117166212534,0.04739583333333333,0.11577546296296297,0.16539351851851852,4
pooled,layer_aware,high_out_strength,jangliraja,60219,109220,129604,0,1970-01-20T06:43:12+00:00,124,45,0.3629032258064516,0.6370967741935484,0.016064814814814816,0.08461805555555556,0.16273148148148148,3
pooled,layer_aware,high_out_strength,sanjibkbasu,60219,109220,129604,0,1970-01-20T06:43:12+00:00,180,68,0.37777777777777777,0.6222222222222222,0.010405092592592593,0.14390625,0.1603125,3
pooled,layer_aware,high_out_strength,maheshk20600708,60219,109220,129604,0,1970-01-20T06:43:12+00:00,80,51,0.6375,0.3625,0.0067708333333333336,0.11091435185185185,0.15667824074074074,2
pooled,layer_aware,high_out_strength,priyangmenon,60219,109220,129604,0,1970-01-20T06:43:12+00:00,99,49,0.494949494949495,0.5050505050505051,0.019085648148148147,0.13828703703703704,0.1584837962962963,2
pooled,layer_aware,high_out_strength,dknair4bjp,60219,109220,129604,0,1970-01-20T06:43:12+00:00,787,160,0.20330368487928843,0.7966963151207116,0.02351851851851852,0.11519675925925926,0.1629861111111111,3
pooled,layer_aware,high_out_strength,dontstageit,60219,109220,129604,0,1970-01-20T06:43:12+00:00,92,61,0.6630434782608695,0.33695652173913043,0.01244212962962963,0.09778935185185185,0.16364583333333332,3
pooled,layer_aware,high_out_strength,justbeingvk,60219,109220,129604,0,1970-01-20T06:43:12+00:00,135,57,0.4222222222222222,0.5777777777777777,0.022893518518518518,0.08563657407407407,0.16273148148148148,3
pooled,layer_aware,high_out_strength,justin23448669,60219,109220,129604,0,1970-01-20T06:43:12+00:00,155,63,0.4064516129032258,0.5935483870967742,0.007442129629629629,0.12446759259259259,0.16539351851851852,3
pooled,layer_aware,high_out_strength,karthikthiru126,60219,109220,129604,0,1970-01-20T06:43:12+00:00,115,18,0.1565217391304348,0.8434782608695652,0.010069444444444445,0.048894675925925925,0.14630787037037038,3
pooled,layer_aware,high_out_strength,madhusudan41,60219,109220,129604,0,1970-01-20T06:43:12+00:00,128,51,0.3984375,0.6015625,0.005347222222222222,0.13201388888888888,0.16508101851851853,3
pooled,layer_aware,high_out_strength,ravispeaking,60219,109220,129604,0,1970-01-20T06:43:12+00:00,44,44,1.0,0.0,0.00019675925925925926,0.0753587962962963,0.146875,2
pooled,layer_aware,high_out_strength,shemin_joy,60219,109220,129604,0,1970-01-20T06:43:12+00:00,116,22,0.1896551724137931,0.8103448275862069,0.01778935185185185,0.025034722222222222,0.15922453703703704,2
pooled,layer_aware,high_out_strength,venuds23,60219,109220,129604,0,1970-01-20T06:43:12+00:00,28,28,1.0,0.0,0.014537037037037038,0.1147511574074074,0.15726851851851853,1
pooled,layer_aware,high_out_strength,arungupta4760,60219,109220,129604,0,1970-01-20T06:43:12+00:00,176,72,0.4090909090909091,0.5909090909090909,0.056435185185185185,0.10725694444444445,0.16539351851851852,3
pooled,layer_aware,high_out_strength,champrose,60219,109220,129604,0,1970-01-20T06:43:12+00:00,22,22,1.0,0.0,0.01940972222222222,0.05228009259259259,0.15725694444444444,1
pooled,layer_aware,high_out_strength,helppolitics,60219,109220,129604,0,1970-01-20T06:43:12+00:00,55,52,0.9454545454545454,0.05454545454545454,0.0042361111111111115,0.07164930555555554,0.16539351851851852,3
pooled,layer_aware,high_out_strength,kakasahebbadami,60219,109220,129604,0,1970-01-20T06:43:12+00:00,134,35,0.26119402985074625,0.7388059701492538,0.03965277777777778,0.06584490740740741,0.14747685185185186,2
pooled,layer_aware,high_out_strength,kumarj9,60219,109220,129604,0,1970-01-20T06:43:12+00:00,194,44,0.2268041237113402,0.7731958762886598,0.024722222222222222,0.13849537037037038,0.1635300925925926,3
pooled,layer_aware,high_out_strength,sanathanyodhaa,60219,109220,129604,0,1970-01-20T06:43:12+00:00,827,72,0.08706166868198308,0.9129383313180169,0.07590277777777778,0.11901620370370371,0.15373842592592593,3
pooled,layer_aware,high_out_strength,thippeswamy1967,60219,109220,129604,0,1970-01-20T06:43:12+00:00,11,11,1.0,0.0,0.003576388888888889,0.03596064814814815,0.15162037037037038,1
pooled,layer_aware,high_out_strength,alokrai2001,60219,109220,129604,0,1970-01-20T06:43:12+00:00,125,29,0.232,0.768,0.0347337962962963,0.04097222222222222,0.15810185185185185,2
pooled,layer_aware,high_out_strength,bhaskarsen11,60219,109220,129604,0,1970-01-20T06:43:12+00:00,170,52,0.3058823529411765,0.6941176470588235,0.003912037037037037,0.08461805555555556,0.16273148148148148,3
pooled,layer_aware,high_out_strength,captassamregt,60219,109220,129604,0,1970-01-20T06:43:12+00:00,201,114,0.5671641791044776,0.43283582089552236,0.03377314814814815,0.09078125000000001,0.16539351851851852,3
pooled,layer_aware,high_out_strength,imridul2k,60219,109220,129604,0,1970-01-20T06:43:12+00:00,40,38,0.95,0.05,0.0003125,0.08502893518518517,0.16508101851851853,2
pooled,layer_aware,high_out_strength,junglijalebi,60219,109220,129604,0,1970-01-20T06:43:12+00:00,172,73,0.42441860465116277,0.5755813953488372,0.013460648148148149,0.10894675925925926,0.16539351851851852,4
pooled,layer_aware,high_out_strength,metoosurya,60219,109220,129604,0,1970-01-20T06:43:12+00:00,798,400,0.5012531328320802,0.49874686716791977,0.012430555555555556,0.09454282407407408,0.16539351851851852,7
pooled,layer_aware,high_out_strength,mukeshkmkurup,60219,109220,129604,0,1970-01-20T06:43:12+00:00,10,10,1.0,0.0,0.05167824074074074,0.05167824074074074,0.05277777777777778,1
pooled,layer_aware,high_out_strength,simashah26,60219,109220,129604,0,1970-01-20T06:43:12+00:00,167,53,0.31736526946107785,0.6826347305389222,0.09215277777777778,0.15153935185185186,0.16424768518518518,2
pooled,layer_aware,high_out_strength,2_drac,60219,109220,129604,0,1970-01-20T06:43:12+00:00,50,50,1.0,0.0,0.07074074074074074,0.07074074074074074,0.07074074074074074,1
pooled,layer_aware,high_out_strength,bollywoodventu,60219,109220,129604,0,1970-01-20T06:43:12+00:00,163,58,0.3558282208588957,0.6441717791411042,0.10918981481481481,0.10918981481481481,0.16424768518518518,2
pooled,layer_aware,high_out_strength,dazzlingsnehal,60219,109220,129604,0,1970-01-20T06:43:12+00:00,174,66,0.3793103448275862,0.6206896551724138,0.0749537037037037,0.0749537037037037,0.16424768518518518,3
pooled,layer_aware,high_out_strength,foolishapathy,60219,109220,129604,0,1970-01-20T06:43:12+00:00,175,105,0.6,0.4,0.013356481481481481,0.08133101851851852,0.16508101851851853,3
pooled,layer_aware,high_out_strength,ghoshkk,60219,109220,129604,0,1970-01-20T06:43:12+00:00,237,104,0.4388185654008439,0.5611814345991561,0.015162037037037036,0.12154513888888888,0.16539351851851852,2
pooled,layer_aware,high_out_strength,guruprasadgovi1,60219,109220,129604,0,1970-01-20T06:43:12+00:00,817,216,0.26438188494492043,0.7356181150550796,0.03894675925925926,0.09153935185185186,0.1635300925925926,4
pooled,layer_aware,high_out_strength,hisamuddink51,60219,109220,129604,0,1970-01-20T06:43:12+00:00,83,74,0.891566265060241,0.10843373493975904,0.011747685185185186,0.011747685185185186,0.09261574074074073,2
pooled,layer_aware,high_out_strength,johnrphlab,60219,109220,129604,0,1970-01-20T06:43:12+00:00,50,50,1.0,0.0,0.13510416666666666,0.13510416666666666,0.13510416666666666,1
pooled,layer_aware,high_out_strength,majumdarsid,60219,109220,129604,0,1970-01-20T06:43:12+00:00,126,31,0.24603174603174602,0.753968253968254,0.05690972222222222,0.10760416666666667,0.16364583333333332,3
pooled,layer_aware,high_out_strength,mukesh_ambanii_,60219,109220,129604,0,1970-01-20T06:43:12+00:00,961,50,0.05202913631633715,0.9479708636836629,0.08209490740740741,0.08209490740740741,0.08209490740740741,1
pooled,layer_aware,high_out_strength,omdkhaleel,60219,109220,129604,0,1970-01-20T06:43:12+00:00,114,56,0.49122807017543857,0.5087719298245614,0.007488425925925926,0.12662037037037038,0.16273148148148148,3
pooled,layer_aware,high_out_strength,orgmunch69,60219,109220,129604,0,1970-01-20T06:43:12+00:00,819,76,0.0927960927960928,0.9072039072039072,0.11894675925925927,0.11894675925925927,0.16246527777777778,2
pooled,layer_aware,high_out_strength,purivirender,60219,109220,129604,0,1970-01-20T06:43:12+00:00,129,49,0.3798449612403101,0.6201550387596899,0.019224537037037037,0.13849537037037038,0.16273148148148148,3
pooled,layer_aware,high_out_strength,radpoll,60219,109220,129604,0,1970-01-20T06:43:12+00:00,120,40,0.3333333333333333,0.6666666666666666,0.01150462962962963,0.06289351851851852,0.1603125,3
pooled,layer_aware,high_out_strength,revanasiddeshr,60219,109220,129604,0,1970-01-20T06:43:12+00:00,353,89,0.2521246458923513,0.7478753541076487,0.16145833333333334,0.16145833333333334,0.16440972222222222,3
pooled,layer_aware,high_out_strength,secular_hoon,60219,109220,129604,0,1970-01-20T06:43:12+00:00,734,50,0.0681198910081744,0.9318801089918256,0.1621875,0.1621875,0.1621875,1
pooled,layer_aware,high_out_strength,singh_robb,60219,109220,129604,0,1970-01-20T06:43:12+00:00,161,55,0.3416149068322981,0.6583850931677019,0.12278935185185186,0.12278935185185186,0.16424768518518518,2
pooled,layer_aware,high_out_strength,sunilku54677431,60219,109220,129604,0,1970-01-20T06:43:12+00:00,32,28,0.875,0.125,0.12738425925925925,0.12738425925925925,0.1596064814814815,2
pooled,layer_aware,high_out_strength,swwagatam,60219,109220,129604,0,1970-01-20T06:43:12+00:00,817,200,0.24479804161566707,0.7552019583843329,0.05586805555555555,0.10189814814814815,0.1635300925925926,4
pooled,layer_aware,high_out_strength,talwinder20,60219,109220,129604,0,1970-01-20T06:43:12+00:00,169,84,0.4970414201183432,0.5029585798816568,0.006550925925925926,0.006550925925925926,0.16273148148148148,4
pooled,layer_aware,high_out_strength,thiagaraj_star,60219,109220,129604,0,1970-01-20T06:43:12+00:00,218,60,0.27522935779816515,0.7247706422018348,0.14131944444444444,0.14613425925925927,0.16539351851851852,2
pooled,layer_aware,high_out_strength,vpanchamukhi,60219,109220,129604,0,1970-01-20T06:43:12+00:00,152,58,0.3815789473684211,0.618421052631579,0.006875,0.006875,0.13931712962962964,2
pooled,layer_aware,high_out_strength,yganeshrao,60219,109220,129604,0,1970-01-20T06:43:12+00:00,352,178,0.5056818181818182,0.4943181818181818,0.03596064814814815,0.06474537037037037,0.16440972222222222,3
pooled,layer_aware,high_out_strength,deep_aag,60219,109220,129604,0,1970-01-20T06:43:12+00:00,170,65,0.38235294117647056,0.6176470588235294,0.10496527777777778,0.10496527777777778,0.16424768518518518,3
pooled,layer_aware,high_out_strength,diptidange,60219,109220,129604,0,1970-01-20T06:43:12+00:00,167,57,0.3413173652694611,0.6586826347305389,0.09655092592592593,0.09655092592592593,0.16366898148148148,3
pooled,layer_aware,high_out_strength,indian_online,60219,109220,129604,0,1970-01-20T06:43:12+00:00,216,61,0.2824074074074074,0.7175925925925926,0.005393518518518519,0.06365740740740741,0.16358796296296296,3
pooled,layer_aware,high_out_strength,kirti_sd,60219,109220,129604,0,1970-01-20T06:43:12+00:00,734,71,0.09673024523160763,0.9032697547683923,0.11519675925925926,0.11519675925925926,0.1627199074074074,2
pooled,layer_aware,high_out_strength,passionfornews,60219,109220,129604,0,1970-01-20T06:43:12+00:00,183,85,0.4644808743169399,0.5355191256830601,0.024155092592592593,0.10659722222222222,0.1635300925925926,3
pooled,layer_aware,high_out_strength,rachitaprasad,60219,109220,129604,0,1970-01-20T06:43:12+00:00,2,2,1.0,0.0,0.010231481481481482,0.010231481481481482,0.010231481481481482,1
pooled,layer_aware,high_out_strength,utsavpansari,60219,109220,129604,0,1970-01-20T06:43:12+00:00,150,41,0.2733333333333333,0.7266666666666667,0.028171296296296295,0.1237037037037037,0.15893518518518518,2
pooled,layer_aware,high_out_strength,vishnu_suresh_2,60219,109220,129604,0,1970-01-20T06:43:12+00:00,71,64,0.9014084507042254,0.09859154929577464,0.11924768518518518,0.11924768518518518,0.14596064814814816,2
pooled,layer_aware,high_out_strength,amit_an_indian,60219,109220,129604,0,1970-01-20T06:43:12+00:00,199,81,0.40703517587939697,0.592964824120603,0.03466435185185185,0.11409722222222222,0.16539351851851852,3
pooled,layer_aware,high_out_strength,arviindk,60219,109220,129604,0,1970-01-20T06:43:12+00:00,111,31,0.27927927927927926,0.7207207207207207,0.0052893518518518515,0.12460648148148148,0.16364583333333332,3
pooled,layer_aware,high_out_strength,bela_pal,60219,109220,129604,0,1970-01-20T06:43:12+00:00,12,12,1.0,0.0,0.0030208333333333333,0.0030208333333333333,0.05489583333333333,1
pooled,layer_aware,high_out_strength,lonighaziabadup,60219,109220,129604,0,1970-01-20T06:43:12+00:00,149,68,0.4563758389261745,0.5436241610738255,0.06454861111111111,0.06454861111111111,0.16364583333333332,3
pooled,layer_aware,high_out_strength,thegrimbarian,60219,109220,129604,0,1970-01-20T06:43:12+00:00,56,56,1.0,0.0,0.0478125,0.0478125,0.14596064814814816,2
pooled,layer_aware,high_out_strength,vyasa1968,60219,109220,129604,0,1970-01-20T06:43:12+00:00,352,69,0.19602272727272727,0.8039772727272727,0.00875,0.09950231481481482,0.16461805555555556,5
pooled,layer_aware,high_out_strength,yasir_bangalore,60219,109220,129604,0,1970-01-20T06:43:12+00:00,118,38,0.3220338983050847,0.6779661016949152,0.006273148148148148,0.04402777777777778,0.1603125,3
pooled,layer_aware,high_out_strength,asktamal,60219,109220,129604,0,1970-01-20T06:43:12+00:00,259,59,0.2277992277992278,0.7722007722007722,0.0024189814814814816,0.0798611111111111,0.16315972222222222,3
pooled,layer_aware,high_out_strength,divyaam_1979,60219,109220,129604,0,1970-01-20T06:43:12+00:00,214,92,0.42990654205607476,0.5700934579439252,0.021689814814814815,0.021689814814814815,0.16273148148148148,3
pooled,layer_aware,high_out_strength,drbmsinghal12,60219,109220,129604,0,1970-01-20T06:43:12+00:00,161,102,0.6335403726708074,0.36645962732919257,0.011342592592592593,0.07570023148148149,0.16366898148148148,3
pooled,layer_aware,high_out_strength,javiqbal09,60219,109220,129604,0,1970-01-20T06:43:12+00:00,48,48,1.0,0.0,0.039328703703703706,0.039328703703703706,0.09678240740740741,2
pooled,layer_aware,high_out_strength,modiji_helpus,60219,109220,129604,0,1970-01-20T06:43:12+00:00,149,47,0.31543624161073824,0.6845637583892618,0.15938657407407408,0.15938657407407408,0.15938657407407408,1
pooled,layer_aware,high_out_strength,paraskghelaanii,60219,109220,129604,0,1970-01-20T06:43:12+00:00,134,36,0.26865671641791045,0.7313432835820896,0.002800925925925926,0.09159722222222222,0.1316087962962963,2
pooled,layer_aware,high_out_strength,rst986,60219,109220,129604,0,1970-01-20T06:43:12+00:00,125,48,0.384,0.616,0.01824074074074074,0.08984953703703703,0.16273148148148148,3
pooled,layer_aware,high_out_strength,shaziaa222,60219,109220,129604,0,1970-01-20T06:43:12+00:00,170,67,0.3941176470588235,0.6058823529411764,0.03144675925925926,0.03144675925925926,0.16424768518518518,3
pooled,layer_aware,high_out_strength,vibhu_prabhu,60219,109220,129604,0,1970-01-20T06:43:12+00:00,53,48,0.9056603773584906,0.09433962264150944,0.05319444444444445,0.05319444444444445,0.0682175925925926,2
pooled,layer_aware,high_out_strength,feardis11,60219,109220,129604,0,1970-01-20T06:43:12+00:00,46,46,1.0,0.0,0.010717592592592593,0.010717592592592593,0.010717592592592593,1
pooled,layer_aware,high_out_strength,howardroark25,60219,109220,129604,0,1970-01-20T06:43:12+00:00,56,51,0.9107142857142857,0.08928571428571429,0.01576388888888889,0.04972222222222222,0.1267824074074074,3
pooled,layer_aware,high_out_strength,ivijayboi,60219,109220,129604,0,1970-01-20T06:43:12+00:00,161,68,0.422360248447205,0.577639751552795,0.05002314814814815,0.09430555555555556,0.1641087962962963,3
pooled,layer_aware,high_out_strength,jyoti_kothari,60219,109220,129604,0,1970-01-20T06:43:12+00:00,11,11,1.0,0.0,0.013101851851851852,0.05453703703703704,0.15594907407407407,2
pooled,layer_aware,high_out_strength,mandy_sanghera1,60219,109220,129604,0,1970-01-20T06:43:12+00:00,46,46,1.0,0.0,0.16284722222222223,0.16284722222222223,0.16284722222222223,1
pooled,layer_aware,high_out_strength,profpratap,60219,109220,129604,0,1970-01-20T06:43:12+00:00,134,50,0.373134328358209,0.6268656716417911,0.0036805555555555554,0.11086226851851852,0.16364583333333332,3
pooled,layer_aware,high_out_strength,shujathalisufi,60219,109220,129604,0,1970-01-20T06:43:12+00:00,183,101,0.5519125683060109,0.44808743169398907,0.021909722222222223,0.10938657407407408,0.16508101851851853,3
pooled,layer_aware,high_out_strength,thatindicmonk,60219,109220,129604,0,1970-01-20T06:43:12+00:00,166,63,0.3795180722891566,0.6204819277108434,0.025173611111111112,0.05417824074074074,0.1634837962962963,3
pooled,layer_aware,high_out_strength,asarpotar,60219,109220,129604,0,1970-01-20T06:43:12+00:00,290,74,0.25517241379310346,0.7448275862068966,0.007523148148148148,0.12471064814814815,0.16539351851851852,3
pooled,layer_aware,high_out_strength,barbarajdurkin,60219,109220,129604,0,1970-01-20T06:43:12+00:00,45,45,1.0,0.0,0.13859953703703703,0.13859953703703703,0.13859953703703703,1
pooled,layer_aware,high_out_strength,bhaavinpurohit,60219,109220,129604,0,1970-01-20T06:43:12+00:00,111,31,0.27927927927927926,0.7207207207207207,0.005185185185185185,0.07918981481481481,0.1603125,3
pooled,layer_aware,high_out_strength,tiger_of_bengal,60219,109220,129604,0,1970-01-20T06:43:12+00:00,158,38,0.24050632911392406,0.759493670886076,0.015034722222222222,0.09109375,0.1635300925925926,3
pooled,layer_aware,high_out_strength,manitagautamma1,60219,109220,129604,0,1970-01-20T06:43:12+00:00,19,19,1.0,0.0,0.0043287037037037035,0.029270833333333333,0.1411226851851852,1
pooled,layer_aware,high_out_strength,rnels1201,60219,109220,129604,0,1970-01-20T06:43:12+00:00,252,42,0.16666666666666666,0.8333333333333334,0.060833333333333336,0.13853587962962965,0.16364583333333332,2
pooled,layer_aware,high_out_strength,saying_as_it_is,60219,109220,129604,0,1970-01-20T06:43:12+00:00,131,51,0.3893129770992366,0.6106870229007634,4.6296296296296294e-05,0.053009259259259256,0.16273148148148148,3
pooled,layer_aware,high_out_strength,vishal_filmbuff,60219,109220,129604,0,1970-01-20T06:43:12+00:00,151,36,0.23841059602649006,0.7615894039735099,0.003761574074074074,0.07265046296296296,0.1635300925925926,3
pooled,layer_aware,high_out_strength,bhagatcingh,60219,109220,129604,0,1970-01-20T06:43:12+00:00,108,28,0.25925925925925924,0.7407407407407407,0.0019560185185185184,0.1121875,0.16273148148148148,3
pooled,layer_aware,high_out_strength,ctravi_bjp,60219,109220,129604,0,1970-01-20T06:43:12+00:00,108,11,0.10185185185185185,0.8981481481481481,0.021944444444444444,0.07918981481481481,0.08991898148148147,2
pooled,layer_aware,high_out_strength,forexmayhem,60219,109220,129604,0,1970-01-20T06:43:12+00:00,202,76,0.37623762376237624,0.6237623762376238,0.002662037037037037,0.12038194444444444,0.16539351851851852,3
pooled,layer_aware,high_out_strength,nallaganesh,60219,109220,129604,0,1970-01-20T06:43:12+00:00,368,107,0.2907608695652174,0.7092391304347826,0.001388888888888889,0.11819444444444445,0.16539351851851852,4
pooled,layer_aware,high_out_strength,palaumesh,60219,109220,129604,0,1970-01-20T06:43:12+00:00,133,60,0.45112781954887216,0.5488721804511278,0.010138888888888888,0.0882986111111111,0.16273148148148148,3
pooled,layer_aware,high_out_strength,siddg19,60219,109220,129604,0,1970-01-20T06:43:12+00:00,114,34,0.2982456140350877,0.7017543859649122,0.02045138888888889,0.1339699074074074,0.16273148148148148,3
pooled,layer_aware,high_out_strength,soniagurnani19,60219,109220,129604,0,1970-01-20T06:43:12+00:00,150,46,0.30666666666666664,0.6933333333333334,0.04100694444444444,0.09769675925925926,0.15893518518518518,3
pooled,layer_aware,high_out_strength,tarunrajsingh_,60219,109220,129604,0,1970-01-20T06:43:12+00:00,31,30,0.967741935483871,0.03225806451612903,0.016122685185185184,0.11408564814814814,0.15818287037037038,1
pooled,layer_aware,high_out_strength,yashwanthpnaik,60219,109220,129604,0,1970-01-20T06:43:12+00:00,164,88,0.5365853658536586,0.4634146341463415,0.021747685185185186,0.10952546296296296,0.1635300925925926,3
pooled,layer_aware,high_out_strength,cdhar7,60219,109220,129604,0,1970-01-20T06:43:12+00:00,213,59,0.27699530516431925,0.7230046948356808,0.0196875,0.06280092592592593,0.16273148148148148,3
pooled,layer_aware,high_out_strength,geetdhirbjp,60219,109220,129604,0,1970-01-20T06:43:12+00:00,129,27,0.20930232558139536,0.7906976744186046,0.01724537037037037,0.036828703703703704,0.12996527777777778,3
pooled,layer_aware,high_out_strength,kaleempkm,60219,109220,129604,0,1970-01-20T06:43:12+00:00,153,71,0.46405228758169936,0.5359477124183006,0.028657407407407406,0.11350694444444444,0.16539351851851852,3
pooled,layer_aware,high_out_strength,longmangill,60219,109220,129604,0,1970-01-20T06:43:12+00:00,128,29,0.2265625,0.7734375,0.02826388888888889,0.13116898148148148,0.1607060185185185,1
pooled,layer_aware,high_out_strength,mserve2grow,60219,109220,129604,0,1970-01-20T06:43:12+00:00,195,49,0.2512820512820513,0.7487179487179487,0.0008564814814814815,0.07918981481481481,0.16273148148148148,3
pooled,layer_aware,high_out_strength,pradeepv21,60219,109220,129604,0,1970-01-20T06:43:12+00:00,127,48,0.3779527559055118,0.6220472440944882,0.016724537037037038,0.0756886574074074,0.16273148148148148,3
pooled,layer_aware,high_out_strength,sareenamar,60219,109220,129604,0,1970-01-20T06:43:12+00:00,35,30,0.8571428571428571,0.14285714285714285,0.002511574074074074,0.0980613425925926,0.16006944444444443,2
pooled,layer_aware,high_out_strength,sumonseng,60219,109220,129604,0,1970-01-20T06:43:12+00:00,53,50,0.9433962264150944,0.05660377358490566,0.009143518518518518,0.12446759259259259,0.16539351851851852,3
pooled,layer_aware,high_out_strength,abdul_nazeeb8,60219,109220,129604,0,1970-01-20T06:43:12+00:00,10,10,1.0,0.0,0.08859953703703703,0.08861111111111111,0.14928240740740742,1
pooled,layer_aware,high_out_strength,an4bharat,60219,109220,129604,0,1970-01-20T06:43:12+00:00,83,57,0.6867469879518072,0.3132530120481928,0.025173611111111112,0.13407407407407407,0.1645949074074074,3
pooled,layer_aware,high_out_strength,ashokgirnara,60219,109220,129604,0,1970-01-20T06:43:12+00:00,141,25,0.1773049645390071,0.8226950354609929,0.12232638888888889,0.12802083333333333,0.1553125,2
pooled,layer_aware,high_out_strength,asimtwitt,60219,109220,129604,0,1970-01-20T06:43:12+00:00,257,67,0.2607003891050584,0.7392996108949417,0.007465277777777778,0.10241898148148149,0.1635300925925926,3
pooled,layer_aware,high_out_strength,iampkgupta,60219,109220,129604,0,1970-01-20T06:43:12+00:00,119,23,0.19327731092436976,0.8067226890756303,0.0077083333333333335,0.052766203703703704,0.16538194444444446,2
pooled,layer_aware,high_out_strength,jaydeep_bapat,60219,109220,129604,0,1970-01-20T06:43:12+00:00,36,30,0.8333333333333334,0.16666666666666666,0.008842592592592593,0.13065393518518517,0.15609953703703705,2
pooled,layer_aware,high_out_strength,mallikarjunros,60219,109220,129604,0,1970-01-20T06:43:12+00:00,120,40,0.3333333333333333,0.6666666666666666,0.024328703703703703,0.09841435185185185,0.16273148148148148,3
pooled,layer_aware,high_out_strength,possible_a1,60219,109220,129604,0,1970-01-20T06:43:12+00:00,41,41,1.0,0.0,0.05978009259259259,0.05978009259259259,0.05978009259259259,1
pooled,layer_aware,high_out_strength,prafful_sarda,60219,109220,129604,0,1970-01-20T06:43:12+00:00,26,26,1.0,0.0,0.0019328703703703704,0.07920138888888889,0.13708333333333333,3
pooled,layer_aware,high_out_strength,pravingandhino1,60219,109220,129604,0,1970-01-20T06:43:12+00:00,100,84,0.84,0.16,0.002662037037037037,0.07361111111111111,0.1603125,4
pooled,layer_aware,high_out_strength,r_p_khare,60219,109220,129604,0,1970-01-20T06:43:12+00:00,175,103,0.5885714285714285,0.4114285714285714,0.017013888888888887,0.08461805555555556,0.16366898148148148,3
pooled,layer_aware,high_out_strength,ragmal108,60219,109220,129604,0,1970-01-20T06:43:12+00:00,19,19,1.0,0.0,0.02849537037037037,0.06512731481481482,0.15203703703703703,1
pooled,layer_aware,high_out_strength,adim2110,60219,109220,129604,0,1970-01-20T06:43:12+00:00,993,163,0.16414904330312186,0.8358509566968781,0.012256944444444445,0.10018518518518518,0.16539351851851852,5
pooled,layer_aware,high_out_strength,anilsharma45,60219,109220,129604,0,1970-01-20T06:43:12+00:00,139,47,0.3381294964028777,0.6618705035971223,0.017604166666666667,0.13849537037037038,0.16556712962962963,4
pooled,layer_aware,high_out_strength,avikjindal,60219,109220,129604,0,1970-01-20T06:43:12+00:00,21,20,0.9523809523809523,0.047619047619047616,0.05533564814814815,0.05533564814814815,0.09256944444444444,1
pooled,layer_aware,high_out_strength,jaikumarjha,60219,109220,129604,0,1970-01-20T06:43:12+00:00,129,47,0.3643410852713178,0.6356589147286822,0.002337962962962963,0.06465277777777778,0.16273148148148148,3
pooled,layer_aware,high_out_strength,joerave,60219,109220,129604,0,1970-01-20T06:43:12+00:00,734,324,0.44141689373297005,0.55858310626703,0.06922453703703704,0.10017361111111112,0.16539351851851852,5
pooled,layer_aware,high_out_strength,od_vigilante,60219,109220,129604,0,1970-01-20T06:43:12+00:00,10,10,1.0,0.0,0.024293981481481482,0.05438657407407407,0.1459375,2
pooled,layer_aware,high_out_strength,raomeenakshi7,60219,109220,129604,0,1970-01-20T06:43:12+00:00,27,27,1.0,0.0,0.019618055555555555,0.0725462962962963,0.1463773148148148,2
pooled,layer_aware,high_out_strength,rndram,60219,109220,129604,0,1970-01-20T06:43:12+00:00,119,23,0.19327731092436976,0.8067226890756303,0.02861111111111111,0.07190972222222222,0.14461805555555557,2
pooled,layer_aware,high_out_strength,yashwanth21g,60219,109220,129604,0,1970-01-20T06:43:12+00:00,111,15,0.13513513513513514,0.8648648648648649,0.006076388888888889,0.045925925925925926,0.15246527777777777,2
pooled,layer_aware,high_out_strength,gopalkris1983,60219,109220,129604,0,1970-01-20T06:43:12+00:00,206,59,0.28640776699029125,0.7135922330097088,0.1371412037037037,0.1371412037037037,0.16539351851851852,3
pooled,layer_aware,high_out_strength,itsmeohgod,60219,109220,129604,0,1970-01-20T06:43:12+00:00,127,28,0.2204724409448819,0.7795275590551181,0.011435185185185185,0.05924768518518519,0.16466435185185185,2
pooled,layer_aware,high_out_strength,khels2u,60219,109220,129604,0,1970-01-20T06:43:12+00:00,114,68,0.5964912280701754,0.40350877192982454,0.01056712962962963,0.09013310185185186,0.16366898148148148,3
pooled,layer_aware,high_out_strength,krish_in,60219,109220,129604,0,1970-01-20T06:43:12+00:00,114,33,0.2894736842105263,0.7105263157894737,0.008842592592592593,0.13587962962962963,0.16273148148148148,3
pooled,layer_aware,high_out_strength,pyrobors,60219,109220,129604,0,1970-01-20T06:43:12+00:00,165,38,0.23030303030303031,0.7696969696969697,0.04652777777777778,0.09899305555555556,0.1635300925925926,3
pooled,layer_aware,high_out_strength,siddharthroy25,60219,109220,129604,0,1970-01-20T06:43:12+00:00,125,45,0.36,0.64,0.004618055555555556,0.0715625,0.16273148148148148,3
pooled,layer_aware,high_out_strength,sovividyadharan,60219,109220,129604,0,1970-01-20T06:43:12+00:00,115,17,0.14782608695652175,0.8521739130434782,0.025891203703703704,0.11015046296296296,0.16315972222222222,2
pooled,layer_aware,high_out_strength,sukhwinder_03,60219,109220,129604,0,1970-01-20T06:43:12+00:00,161,79,0.4906832298136646,0.5093167701863354,0.011238425925925926,0.07934027777777777,0.1635300925925926,3
pooled,layer_aware,high_out_strength,tinybutfierce1,60219,109220,129604,0,1970-01-20T06:43:12+00:00,39,39,1.0,0.0,0.13054398148148147,0.13054398148148147,0.13054398148148147,1
pooled,layer_aware,high_out_strength,abdulra99443551,60219,109220,129604,0,1970-01-20T06:43:12+00:00,111,32,0.2882882882882883,0.7117117117117117,0.004074074074074074,0.0957349537037037,0.16273148148148148,3
pooled,layer_aware,high_out_strength,abhinavsr,60219,109220,129604,0,1970-01-20T06:43:12+00:00,116,17,0.14655172413793102,0.853448275862069,0.0033564814814814816,0.04287037037037037,0.16366898148148148,2
pooled,layer_aware,high_out_strength,activefromusa,60219,109220,129604,0,1970-01-20T06:43:12+00:00,119,39,0.3277310924369748,0.6722689075630253,0.028275462962962964,0.110625,0.16273148148148148,3
pooled,layer_aware,high_out_strength,adityagharge8,60219,109220,129604,0,1970-01-20T06:43:12+00:00,252,37,0.14682539682539683,0.8531746031746031,0.0303125,0.07777777777777778,0.1627199074074074,2
pooled,layer_aware,high_out_strength,ghosh1s,60219,109220,129604,0,1970-01-20T06:43:12+00:00,277,136,0.49097472924187724,0.5090252707581228,0.011041666666666667,0.09074074074074073,0.16539351851851852,3
pooled,layer_aware,high_out_strength,gouravpargal,60219,109220,129604,0,1970-01-20T06:43:12+00:00,19,19,1.0,0.0,0.023819444444444445,0.025219907407407406,0.11961805555555556,2
pooled,layer_aware,high_out_strength,indian_nagrik,60219,109220,129604,0,1970-01-20T06:43:12+00:00,47,36,0.7659574468085106,0.23404255319148937,0.00400462962962963,0.12634837962962964,0.1645949074074074,3
pooled,layer_aware,high_out_strength,kambakht_bhakt,60219,109220,129604,0,1970-01-20T06:43:12+00:00,31,30,0.967741935483871,0.03225806451612903,0.03163194444444444,0.031643518518518515,0.031643518518518515,1
pooled,layer_aware,high_out_strength,mrbenzworld,60219,109220,129604,0,1970-01-20T06:43:12+00:00,202,56,0.27722772277227725,0.7227722772277227,0.13032407407407406,0.13032407407407406,0.16539351851851852,3
pooled,layer_aware,high_out_strength,riyazn123,60219,109220,129604,0,1970-01-20T06:43:12+00:00,83,49,0.5903614457831325,0.40963855421686746,0.0440625,0.13828703703703704,0.15667824074074074,2
pooled,layer_aware,high_out_strength,shyjithk,60219,109220,129604,0,1970-01-20T06:43:12+00:00,142,60,0.4225352112676056,0.5774647887323944,0.05704861111111111,0.05704861111111111,0.16273148148148148,3
pooled,layer_aware,high_out_strength,virathu7,60219,109220,129604,0,1970-01-20T06:43:12+00:00,205,67,0.32682926829268294,0.6731707317073171,0.06329861111111111,0.06329861111111111,0.16539351851851852,4
pooled,layer_aware,high_out_strength,bengapinto,60219,109220,129604,0,1970-01-20T06:43:12+00:00,123,30,0.24390243902439024,0.7560975609756098,0.0024305555555555556,0.09581018518518518,0.15697916666666667,2
pooled,layer_aware,high_out_strength,ekta0001,60219,109220,129604,0,1970-01-20T06:43:12+00:00,52,43,0.8269230769230769,0.17307692307692307,0.013865740740740741,0.08802083333333334,0.11267361111111111,2
pooled,layer_aware,high_out_strength,grovervj,60219,109220,129604,0,1970-01-20T06:43:12+00:00,200,126,0.63,0.37,0.013125,0.10127314814814814,0.16539351851851852,3
pooled,layer_aware,high_out_strength,keencrack,60219,109220,129604,0,1970-01-20T06:43:12+00:00,116,32,0.27586206896551724,0.7241379310344828,0.023136574074074073,0.13587962962962963,0.1654050925925926,3
pooled,layer_aware,high_out_strength,kelekachilka,60219,109220,129604,0,1970-01-20T06:43:12+00:00,141,37,0.2624113475177305,0.7375886524822695,0.14171296296296296,0.14171296296296296,0.14171296296296296,1
pooled,layer_aware,high_out_strength,keval_magiya,60219,109220,129604,0,1970-01-20T06:43:12+00:00,13,13,1.0,0.0,0.02420138888888889,0.02420138888888889,0.09916666666666667,2
pooled,layer_aware,high_out_strength,lopes_naz,60219,109220,129604,0,1970-01-20T06:43:12+00:00,961,36,0.037460978147762745,0.9625390218522373,0.15649305555555557,0.1596064814814815,0.1650925925925926,2
pooled,layer_aware,high_out_strength,manatrue,60219,109220,129604,0,1970-01-20T06:43:12+00:00,38,37,0.9736842105263158,0.02631578947368421,0.011423611111111112,0.011423611111111112,0.011423611111111112,1
pooled,layer_aware,high_out_strength,maqbool_sm,60219,109220,129604,0,1970-01-20T06:43:12+00:00,112,36,0.32142857142857145,0.6785714285714286,0.005763888888888889,0.10383680555555555,0.16273148148148148,3
pooled,layer_aware,high_out_strength,mayursejpal,60219,109220,129604,0,1970-01-20T06:43:12+00:00,106,27,0.25471698113207547,0.7452830188679245,0.006435185185185185,0.08461805555555556,0.16273148148148148,3
pooled,layer_aware,high_out_strength,namoagain2_0,60219,109220,129604,0,1970-01-20T06:43:12+00:00,35,32,0.9142857142857143,0.08571428571428572,0.012268518518518519,0.06780092592592593,0.15542824074074074,3
pooled,layer_aware,high_out_strength,pranaydubey22,60219,109220,129604,0,1970-01-20T06:43:12+00:00,141,60,0.425531914893617,0.574468085106383,0.040671296296296296,0.040671296296296296,0.16273148148148148,3
pooled,layer_aware,high_out_strength,reddy__b,60219,109220,129604,0,1970-01-20T06:43:12+00:00,47,29,0.6170212765957447,0.3829787234042553,0.04521990740740741,0.06362268518518518,0.11409722222222222,2
pooled,layer_aware,high_out_strength,shivuniq,60219,109220,129604,0,1970-01-20T06:43:12+00:00,30,25,0.8333333333333334,0.16666666666666666,0.00949074074074074,0.06475694444444445,0.14783564814814815,2
pooled,layer_aware,high_out_strength,swachhravi,60219,109220,129604,0,1970-01-20T06:43:12+00:00,130,50,0.38461538461538464,0.6153846153846154,0.010960648148148148,0.026817129629629628,0.16273148148148148,3
pooled,layer_aware,high_out_strength,te5s3ract,60219,109220,129604,0,1970-01-20T06:43:12+00:00,198,89,0.4494949494949495,0.5505050505050505,0.007048611111111111,0.12067129629629629,0.16539351851851852,3
pooled,layer_aware,high_out_strength,vijapandey,60219,109220,129604,0,1970-01-20T06:43:12+00:00,116,36,0.3103448275862069,0.6896551724137931,0.01306712962962963,0.08396990740740741,0.16273148148148148,3
pooled,layer_aware,high_out_strength,chetreeraju,60219,109220,129604,0,1970-01-20T06:43:12+00:00,115,17,0.14782608695652175,0.8521739130434782,0.09253472222222223,0.10006944444444445,0.16068287037037038,1
pooled,layer_aware,high_out_strength,cnnnews18,60219,109220,129604,0,1970-01-20T06:43:12+00:00,28,26,0.9285714285714286,0.07142857142857142,0.0020833333333333333,0.12680555555555556,0.16539351851851852,2
pooled,layer_aware,high_out_strength,conspiratorfeku,60219,109220,129604,0,1970-01-20T06:43:12+00:00,79,65,0.8227848101265823,0.17721518987341772,0.0006828703703703704,0.0006828703703703704,0.15938657407407408,4
pooled,layer_aware,high_out_strength,firensour1011,60219,109220,129604,0,1970-01-20T06:43:12+00:00,149,95,0.6375838926174496,0.3624161073825503,0.02079861111111111,0.1062037037037037,0.16539351851851852,3
pooled,layer_aware,high_out_strength,gmjecks,60219,109220,129604,0,1970-01-20T06:43:12+00:00,29,20,0.6896551724137931,0.3103448275862069,0.0010185185185185184,0.08113425925925927,0.15795138888888888,2
pooled,layer_aware,high_out_strength,kishan591,60219,109220,129604,0,1970-01-20T06:43:12+00:00,113,18,0.1592920353982301,0.8407079646017699,0.01318287037037037,0.05333333333333334,0.16543981481481482,2
pooled,layer_aware,high_out_strength,lawgate_in,60219,109220,129604,0,1970-01-20T06:43:12+00:00,119,37,0.31092436974789917,0.6890756302521008,0.01005787037037037,0.09973379629629629,0.16273148148148148,3
pooled,layer_aware,high_out_strength,nishantavasthi1,60219,109220,129604,0,1970-01-20T06:43:12+00:00,125,24,0.192,0.808,0.001388888888888889,0.09163194444444445,0.16458333333333333,3
pooled,layer_aware,high_out_strength,satapur,60219,109220,129604,0,1970-01-20T06:43:12+00:00,256,39,0.15234375,0.84765625,0.026412037037037036,0.16283564814814816,0.16560185185185186,2
pooled,layer_aware,high_out_strength,tamilnaadulive,60219,109220,129604,0,1970-01-20T06:43:12+00:00,3,2,0.6666666666666666,0.3333333333333333,0.014594907407407407,0.07124421296296296,0.12789351851851852,1
pooled,layer_aware,high_out_strength,theprintindia,60219,109220,129604,0,1970-01-20T06:43:12+00:00,39,27,0.6923076923076923,0.3076923076923077,0.0014351851851851852,0.08842592592592592,0.15938657407407408,3
pooled,layer_aware,high_out_strength,80sarmybrat,60219,109220,129604,0,1970-01-20T06:43:12+00:00,171,46,0.26900584795321636,0.7309941520467836,0.001099537037037037,0.1322685185185185,0.1635300925925926,3
pooled,layer_aware,high_out_strength,ahrispidon,60219,109220,129604,0,1970-01-20T06:43:12+00:00,133,32,0.24060150375939848,0.7593984962406015,0.008680555555555556,0.1000925925925926,0.14635416666666667,2
pooled,layer_aware,high_out_strength,anirban_aitc,60219,109220,129604,0,1970-01-20T06:43:12+00:00,25,25,1.0,0.0,0.02991898148148148,0.030625,0.16344907407407408,2
pooled,layer_aware,high_out_strength,buravllei,60219,109220,129604,0,1970-01-20T06:43:12+00:00,117,22,0.18803418803418803,0.811965811965812,0.0031944444444444446,0.05917824074074074,0.1582523148148148,1
pooled,layer_aware,high_out_strength,dr_rupani,60219,109220,129604,0,1970-01-20T06:43:12+00:00,70,36,0.5142857142857142,0.4857142857142857,0.027488425925925927,0.08292824074074075,0.15938657407407408,2
pooled,layer_aware,high_out_strength,drnitinchaube,60219,109220,129604,0,1970-01-20T06:43:12+00:00,734,72,0.09809264305177112,0.9019073569482289,0.02528935185185185,0.12352430555555555,0.16539351851851852,3
pooled,layer_aware,high_out_strength,nishantandrews,60219,109220,129604,0,1970-01-20T06:43:12+00:00,165,74,0.4484848484848485,0.5515151515151515,0.0065625,0.12785300925925924,0.1635300925925926,3
pooled,layer_aware,high_out_strength,proudhindups,60219,109220,129604,0,1970-01-20T06:43:12+00:00,22,22,1.0,0.0,0.009560185185185185,0.0775,0.1346412037037037,1
pooled,layer_aware,high_out_strength,raayar,60219,109220,129604,0,1970-01-20T06:43:12+00:00,32,31,0.96875,0.03125,0.0028819444444444444,0.0028819444444444444,0.1021875,3
pooled,layer_aware,high_out_strength,sanjitneer,60219,109220,129604,0,1970-01-20T06:43:12+00:00,118,37,0.3135593220338983,0.6864406779661016,0.013368055555555555,0.08693287037037037,0.16273148148148148,3
pooled,layer_aware,high_out_strength,subcontinent111,60219,109220,129604,0,1970-01-20T06:43:12+00:00,37,31,0.8378378378378378,0.16216216216216217,0.022662037037037036,0.13321759259259258,0.16324074074074074,1
pooled,layer_aware,high_out_strength,umakantpandey_,60219,109220,129604,0,1970-01-20T06:43:12+00:00,157,58,0.36942675159235666,0.6305732484076433,0.04318287037037037,0.04318287037037037,0.16440972222222222,3
pooled,layer_aware,high_out_strength,aavinashchaliha,60219,109220,129604,0,1970-01-20T06:43:12+00:00,38,34,0.8947368421052632,0.10526315789473684,0.001863425925925926,0.09281828703703704,0.15922453703703704,2
pooled,layer_aware,high_out_strength,cmankad,60219,109220,129604,0,1970-01-20T06:43:12+00:00,146,39,0.2671232876712329,0.7328767123287672,0.03818287037037037,0.07965277777777778,0.16364583333333332,3
pooled,layer_aware,high_out_strength,cnpawar,60219,109220,129604,0,1970-01-20T06:43:12+00:00,124,39,0.31451612903225806,0.6854838709677419,0.027280092592592592,0.12310185185185185,0.16273148148148148,3
pooled,layer_aware,high_out_strength,indiclogic,60219,109220,129604,0,1970-01-20T06:43:12+00:00,157,88,0.5605095541401274,0.4394904458598726,0.025717592592592594,0.12607060185185187,0.16539351851851852,3
pooled,layer_aware,high_out_strength,missartola,60219,109220,129604,0,1970-01-20T06:43:12+00:00,112,15,0.13392857142857142,0.8660714285714286,0.0027430555555555554,0.023587962962962963,0.15100694444444446,2
pooled,layer_aware,high_out_strength,noendingsight,60219,109220,129604,0,1970-01-20T06:43:12+00:00,158,103,0.6518987341772152,0.34810126582278483,0.007349537037037037,0.06365740740740741,0.16366898148148148,4
pooled,layer_aware,high_out_strength,pradeepr1981,60219,109220,129604,0,1970-01-20T06:43:12+00:00,25,25,1.0,0.0,0.047592592592592596,0.051493055555555556,0.08521990740740741,1
pooled,layer_aware,high_out_strength,roshansdrprop,60219,109220,129604,0,1970-01-20T06:43:12+00:00,147,67,0.4557823129251701,0.54421768707483,0.036689814814814814,0.05859953703703704,0.1603125,4
pooled,layer_aware,high_out_strength,selvarajkannan9,60219,109220,129604,0,1970-01-20T06:43:12+00:00,86,43,0.5,0.5,0.017256944444444443,0.11707175925925926,0.16508101851851853,3
pooled,layer_aware,high_out_strength,suresh15021941,60219,109220,129604,0,1970-01-20T06:43:12+00:00,18,18,1.0,0.0,0.009016203703703703,0.05105324074074074,0.13766203703703703,2
pooled,layer_aware,high_out_strength,zan27739009,60219,109220,129604,0,1970-01-20T06:43:12+00:00,116,38,0.3275862068965517,0.6724137931034483,0.016342592592592593,0.07114004629629629,0.16273148148148148,3
pooled,layer_aware,high_out_strength,614chirag,60219,109220,129604,0,1970-01-20T06:43:12+00:00,197,101,0.5126903553299492,0.4873096446700508,0.017280092592592593,0.06743055555555555,0.16539351851851852,5
pooled,layer_aware,high_out_strength,bharativamsi,60219,109220,129604,0,1970-01-20T06:43:12+00:00,170,44,0.25882352941176473,0.7411764705882353,0.03449074074074074,0.08639467592592592,0.16273148148148148,3
pooled,layer_aware,high_out_strength,civilkhan1,60219,109220,129604,0,1970-01-20T06:43:12+00:00,25,25,1.0,0.0,0.013009259259259259,0.12006944444444445,0.15005787037037038,2
pooled,layer_aware,high_out_strength,draamudhan,60219,109220,129604,0,1970-01-20T06:43:12+00:00,263,84,0.3193916349809886,0.6806083650190115,0.05108796296296296,0.10065972222222222,0.16508101851851853,3
pooled,layer_aware,high_out_strength,gulshanrainbt,60219,109220,129604,0,1970-01-20T06:43:12+00:00,7,7,1.0,0.0,0.012673611111111111,0.015243055555555555,0.16434027777777777,1
pooled,layer_aware,high_out_strength,indian_better,60219,109220,129604,0,1970-01-20T06:43:12+00:00,140,32,0.22857142857142856,0.7714285714285715,0.04476851851851852,0.14089120370370373,0.1571759259259259,1
pooled,layer_aware,high_out_strength,jain0bhavesh,60219,109220,129604,0,1970-01-20T06:43:12+00:00,158,54,0.34177215189873417,0.6582278481012658,0.006412037037037037,0.09822916666666667,0.1635300925925926,2
pooled,layer_aware,high_out_strength,lavanyaballal,60219,109220,129604,0,1970-01-20T06:43:12+00:00,748,342,0.4572192513368984,0.5427807486631016,0.026643518518518518,0.10017361111111112,0.16539351851851852,6
pooled,layer_aware,high_out_strength,morpheusmaxx,60219,109220,129604,0,1970-01-20T06:43:12+00:00,122,24,0.19672131147540983,0.8032786885245902,0.06668981481481481,0.1439699074074074,0.1551736111111111,1
pooled,layer_aware,high_out_strength,nityastriker,60219,109220,129604,0,1970-01-20T06:43:12+00:00,228,32,0.14035087719298245,0.8596491228070176,0.04255787037037037,0.1295601851851852,0.15453703703703703,1
pooled,layer_aware,high_out_strength,politics_islam,60219,109220,129604,0,1970-01-20T06:43:12+00:00,17,17,1.0,0.0,0.025833333333333333,0.041574074074074076,0.05042824074074074,1
pooled,layer_aware,high_out_strength,randallmaloney5,60219,109220,129604,0,1970-01-20T06:43:12+00:00,230,29,0.12608695652173912,0.8739130434782608,0.055150462962962964,0.12640046296296295,0.15476851851851853,2
pooled,layer_aware,high_out_strength,retamaldas,60219,109220,129604,0,1970-01-20T06:43:12+00:00,21,21,1.0,0.0,0.009675925925925926,0.009675925925925926,0.1266898148148148,1
pooled,layer_aware,high_out_strength,suumandey,60219,109220,129604,0,1970-01-20T06:43:12+00:00,117,21,0.1794871794871795,0.8205128205128205,0.012233796296296296,0.016527777777777777,0.12922453703703704,2
pooled,layer_aware,high_out_strength,vandanamegastar,60219,109220,129604,0,1970-01-20T06:43:12+00:00,213,65,0.3051643192488263,0.6948356807511737,0.01685185185185185,0.09125,0.16539351851851852,4
pooled,layer_aware,high_out_strength,anjaligurav16,60219,109220,129604,0,1970-01-20T06:43:12+00:00,18,18,1.0,0.0,0.018865740740740742,0.02153935185185185,0.11572916666666666,1
pooled,layer_aware,high_out_strength,ashwin_vara,60219,109220,129604,0,1970-01-20T06:43:12+00:00,146,61,0.4178082191780822,0.5821917808219178,0.011921296296296296,0.12552083333333333,0.16273148148148148,3
pooled,layer_aware,high_out_strength,avanees44189486,60219,109220,129604,0,1970-01-20T06:43:12+00:00,123,27,0.21951219512195122,0.7804878048780488,0.09423611111111112,0.09423611111111112,0.16355324074074074,2
pooled,layer_aware,high_out_strength,hoorsheikh_fiza,60219,109220,129604,0,1970-01-20T06:43:12+00:00,33,28,0.8484848484848485,0.15151515151515152,0.0005902777777777778,0.026180555555555554,0.1645601851851852,3
pooled,layer_aware,high_out_strength,indian_brawls,60219,109220,129604,0,1970-01-20T06:43:12+00:00,206,105,0.5097087378640777,0.49029126213592233,0.0030092592592592593,0.08461805555555556,0.16539351851851852,4
pooled,layer_aware,high_out_strength,jeevanbhatia,60219,109220,129604,0,1970-01-20T06:43:12+00:00,121,41,0.33884297520661155,0.6611570247933884,0.0014814814814814814,0.13201388888888888,0.16508101851851853,3
pooled,layer_aware,high_out_strength,krishind07,60219,109220,129604,0,1970-01-20T06:43:12+00:00,109,42,0.3853211009174312,0.6146788990825688,0.02238425925925926,0.0980324074074074,0.15667824074074074,2
pooled,layer_aware,high_out_strength,kumarreddych,60219,109220,129604,0,1970-01-20T06:43:12+00:00,21,19,0.9047619047619048,0.09523809523809523,0.00032407407407407406,0.09700231481481482,0.16508101851851853,2
pooled,layer_aware,high_out_strength,mehtacee,60219,109220,129604,0,1970-01-20T06:43:12+00:00,122,25,0.20491803278688525,0.7950819672131147,0.024444444444444446,0.08505787037037037,0.15497685185185187,1
pooled,layer_aware,high_out_strength,mirajeshpatil,60219,109220,129604,0,1970-01-20T06:43:12+00:00,120,22,0.18333333333333332,0.8166666666666667,0.014525462962962962,0.11003472222222221,0.143125,1
pooled,layer_aware,high_out_strength,rajveer34567,60219,109220,129604,0,1970-01-20T06:43:12+00:00,112,31,0.2767857142857143,0.7232142857142857,0.004421296296296296,0.0996875,0.16273148148148148,3
pooled,layer_aware,high_out_strength,sriramprasann15,60219,109220,129604,0,1970-01-20T06:43:12+00:00,146,37,0.2534246575342466,0.7465753424657534,0.005474537037037037,0.1142013888888889,0.1547337962962963,2
pooled,layer_aware,high_out_strength,sudeep__sinha,60219,109220,129604,0,1970-01-20T06:43:12+00:00,11,11,1.0,0.0,0.0052199074074074075,0.022060185185185186,0.05921296296296296,1
pooled,layer_aware,high_out_strength,surienderkhalsa,60219,109220,129604,0,1970-01-20T06:43:12+00:00,24,21,0.875,0.125,0.0190625,0.053009259259259256,0.1307523148148148,2
pooled,layer_aware,high_out_strength,suryamariappa,60219,109220,129604,0,1970-01-20T06:43:12+00:00,129,51,0.3953488372093023,0.6046511627906976,0.061828703703703705,0.061828703703703705,0.16273148148148148,3
pooled,layer_aware,high_out_strength,tarun_bhuyan,60219,109220,129604,0,1970-01-20T06:43:12+00:00,134,46,0.34328358208955223,0.6567164179104478,0.03201388888888889,0.12206018518518519,0.16273148148148148,3
pooled,layer_aware,high_out_strength,vinaydokania,60219,109220,129604,0,1970-01-20T06:43:12+00:00,11,11,1.0,0.0,0.022928240740740742,0.08554398148148148,0.1629861111111111,1
pooled,layer_aware,high_out_strength,abhayrawal,60219,109220,129604,0,1970-01-20T06:43:12+00:00,114,75,0.6578947368421053,0.34210526315789475,0.006759259259259259,0.1002662037037037,0.16273148148148148,4
pooled,layer_aware,high_out_strength,abhishekkatiyar,60219,109220,129604,0,1970-01-20T06:43:12+00:00,34,28,0.8235294117647058,0.17647058823529413,0.008148148148148147,0.06942129629629629,0.16366898148148148,3
pooled,layer_aware,high_out_strength,amberkischub,60219,109220,129604,0,1970-01-20T06:43:12+00:00,160,33,0.20625,0.79375,0.018055555555555554,0.1057638888888889,0.1635300925925926,3
pooled,layer_aware,high_out_strength,chandansri1986,60219,109220,129604,0,1970-01-20T06:43:12+00:00,163,38,0.2331288343558282,0.7668711656441718,0.014282407407407407,0.0915625,0.1635300925925926,3
pooled,layer_aware,high_out_strength,dipantos,60219,109220,129604,0,1970-01-20T06:43:12+00:00,8,8,1.0,0.0,0.00920138888888889,0.07430555555555556,0.07430555555555556,1
pooled,layer_aware,high_out_strength,girishcshastry,60219,109220,129604,0,1970-01-20T06:43:12+00:00,29,28,0.9655172413793104,0.034482758620689655,0.005509259259259259,0.04023726851851852,0.1490162037037037,3
pooled,layer_aware,high_out_strength,golu_rana1980,60219,109220,129604,0,1970-01-20T06:43:12+00:00,244,22,0.09016393442622951,0.9098360655737705,0.10215277777777777,0.12325810185185185,0.16366898148148148,2
pooled,layer_aware,high_out_strength,harishkumar_ind,60219,109220,129604,0,1970-01-20T06:43:12+00:00,115,65,0.5652173913043478,0.43478260869565216,0.017291666666666667,0.12752314814814814,0.16273148148148148,3
pooled,layer_aware,high_out_strength,kshama1703,60219,109220,129604,0,1970-01-20T06:43:12+00:00,117,38,0.3247863247863248,0.6752136752136753,0.012175925925925925,0.06088541666666667,0.16273148148148148,3
pooled,layer_aware,high_out_strength,mallikarjunacb,60219,109220,129604,0,1970-01-20T06:43:12+00:00,112,32,0.2857142857142857,0.7142857142857143,0.06152777777777778,0.08125578703703704,0.16273148148148148,3
pooled,layer_aware,high_out_strength,mohan41591648,60219,109220,129604,0,1970-01-20T06:43:12+00:00,175,57,0.32571428571428573,0.6742857142857143,0.07049768518518519,0.12428240740740741,0.15893518518518518,3
pooled,layer_aware,high_out_strength,prabhatchoubey5,60219,109220,129604,0,1970-01-20T06:43:12+00:00,114,36,0.3157894736842105,0.6842105263157895,0.05171296296296296,0.1291087962962963,0.16418981481481482,2
pooled,layer_aware,high_out_strength,robyrych,60219,109220,129604,0,1970-01-20T06:43:12+00:00,11,11,1.0,0.0,0.03831018518518518,0.03832175925925926,0.038344907407407404,1
pooled,layer_aware,high_out_strength,suhas_sawant85,60219,109220,129604,0,1970-01-20T06:43:12+00:00,120,23,0.19166666666666668,0.8083333333333333,0.016724537037037038,0.11936342592592593,0.15383101851851852,1
pooled,layer_aware,high_out_strength,tabrez125,60219,109220,129604,0,1970-01-20T06:43:12+00:00,108,15,0.1388888888888889,0.8611111111111112,0.01068287037037037,0.06988425925925926,0.10436342592592593,2
pooled,layer_aware,high_out_strength,zualisailo,60219,109220,129604,0,1970-01-20T06:43:12+00:00,117,21,0.1794871794871795,0.8205128205128205,0.03836805555555556,0.12644675925925927,0.1492013888888889,1
pooled,layer_aware,high_out_strength,___invisible_1,60219,109220,129604,0,1970-01-20T06:43:12+00:00,18,16,0.8888888888888888,0.1111111111111111,0.033680555555555554,0.05077546296296296,0.12763888888888889,2
pooled,layer_aware,high_out_strength,a_vinash__,60219,109220,129604,0,1970-01-20T06:43:12+00:00,32,25,0.78125,0.21875,0.00318287037037037,0.110625,0.1628587962962963,3
pooled,layer_aware,high_out_strength,amanpradyuman,60219,109220,129604,0,1970-01-20T06:43:12+00:00,108,29,0.26851851851851855,0.7314814814814815,0.018692129629629628,0.13201388888888888,0.16273148148148148,3
pooled,layer_aware,high_out_strength,ashish_singh386,60219,109220,129604,0,1970-01-20T06:43:12+00:00,12,12,1.0,0.0,0.034386574074074076,0.03996527777777778,0.09725694444444444,1
pooled,layer_aware,high_out_strength,avyukttt,60219,109220,129604,0,1970-01-20T06:43:12+00:00,124,39,0.31451612903225806,0.6854838709677419,0.013148148148148148,0.053668981481481484,0.16273148148148148,3
pooled,layer_aware,high_out_strength,captakj,60219,109220,129604,0,1970-01-20T06:43:12+00:00,162,25,0.15432098765432098,0.845679012345679,0.01636574074074074,0.08663194444444444,0.1635300925925926,2
pooled,layer_aware,high_out_strength,johncheeran,60219,109220,129604,0,1970-01-20T06:43:12+00:00,108,28,0.25925925925925924,0.7407407407407407,0.008159722222222223,0.1295775462962963,0.16273148148148148,3
pooled,layer_aware,high_out_strength,kirtithorat5,60219,109220,129604,0,1970-01-20T06:43:12+00:00,214,56,0.2616822429906542,0.7383177570093458,0.0005324074074074074,0.07849537037037037,0.1603125,3
pooled,layer_aware,high_out_strength,lakshmiprashan7,60219,109220,129604,0,1970-01-20T06:43:12+00:00,161,37,0.22981366459627328,0.7701863354037267,0.009571759259259259,0.12818287037037038,0.1635300925925926,3
pooled,layer_aware,high_out_strength,nishanth_mm,60219,109220,129604,0,1970-01-20T06:43:12+00:00,119,37,0.31092436974789917,0.6890756302521008,0.026284722222222223,0.07619212962962962,0.16273148148148148,3
pooled,layer_aware,high_out_strength,sandeshgupta_,60219,109220,129604,0,1970-01-20T06:43:12+00:00,31,28,0.9032258064516129,0.0967741935483871,0.08274305555555556,0.10862268518518518,0.11333333333333333,2
pooled,layer_aware,high_out_strength,sharmagandharvv,60219,109220,129604,0,1970-01-20T06:43:12+00:00,27,27,1.0,0.0,0.017280092592592593,0.020694444444444446,0.13025462962962964,2
pooled,layer_aware,high_out_strength,skjk34114427,60219,109220,129604,0,1970-01-20T06:43:12+00:00,115,35,0.30434782608695654,0.6956521739130435,0.0039004629629629628,0.08461805555555556,0.1635648148148148,3
pooled,layer_aware,high_out_strength,tamilan2indian,60219,109220,129604,0,1970-01-20T06:43:12+00:00,8,8,1.0,0.0,0.0022916666666666667,0.017899305555555554,0.07918981481481481,2
pooled,layer_aware,high_out_strength,_amused_indian,60219,109220,129604,0,1970-01-20T06:43:12+00:00,56,42,0.75,0.25,0.01050925925925926,0.11560185185185186,0.16539351851851852,3
pooled,layer_aware,high_out_strength,amij24,60219,109220,129604,0,1970-01-20T06:43:12+00:00,162,75,0.46296296296296297,0.5370370370370371,0.0027314814814814814,0.0725462962962963,0.1635300925925926,3
pooled,layer_aware,high_out_strength,ansom68,60219,109220,129604,0,1970-01-20T06:43:12+00:00,165,47,0.28484848484848485,0.7151515151515152,0.04366898148148148,0.07114583333333334,0.16539351851851852,3
pooled,layer_aware,high_out_strength,imshreeshail,60219,109220,129604,0,1970-01-20T06:43:12+00:00,233,39,0.16738197424892703,0.8326180257510729,0.002013888888888889,0.13201388888888888,0.16273148148148148,3
pooled,layer_aware,high_out_strength,inishant4,60219,109220,129604,0,1970-01-20T06:43:12+00:00,13,13,1.0,0.0,0.01244212962962963,0.08226851851851852,0.16440972222222222,1
pooled,layer_aware,high_out_strength,ishtiaq787,60219,109220,129604,0,1970-01-20T06:43:12+00:00,160,40,0.25,0.75,0.00537037037037037,0.13394675925925925,0.1635300925925926,3
pooled,layer_aware,high_out_strength,mahesh79989822,60219,109220,129604,0,1970-01-20T06:43:12+00:00,205,24,0.11707317073170732,0.8829268292682927,0.12649305555555557,0.14207175925925927,0.1652662037037037,2
pooled,layer_aware,high_out_strength,nalini51purohit,60219,109220,129604,0,1970-01-20T06:43:12+00:00,37,33,0.8918918918918919,0.10810810810810811,0.0635300925925926,0.0635300925925926,0.13849537037037038,2
pooled,layer_aware,high_out_strength,prism_anand,60219,109220,129604,0,1970-01-20T06:43:12+00:00,132,25,0.1893939393939394,0.8106060606060606,0.014189814814814815,0.11288194444444444,0.14554398148148148,3
pooled,layer_aware,high_out_strength,rajeetsinha,60219,109220,129604,0,1970-01-20T06:43:12+00:00,18,18,1.0,0.0,0.013935185185185186,0.013935185185185186,0.13321759259259258,3
pooled,layer_aware,high_out_strength,ravigunaje,60219,109220,129604,0,1970-01-20T06:43:12+00:00,165,53,0.3212121212121212,0.6787878787878788,0.0019444444444444444,0.10659722222222222,0.1635300925925926,3
pooled,layer_aware,high_out_strength,suren_para,60219,109220,129604,0,1970-01-20T06:43:12+00:00,13,11,0.8461538461538461,0.15384615384615385,0.09559027777777777,0.09559027777777777,0.09637731481481482,1
pooled,layer_aware,high_out_strength,upwala_bhaiya,60219,109220,129604,0,1970-01-20T06:43:12+00:00,28,27,0.9642857142857143,0.03571428571428571,0.05282407407407407,0.05282407407407407,0.13269675925925925,2
pooled,layer_aware,high_out_strength,aggarwal_kunal7,60219,109220,129604,0,1970-01-20T06:43:12+00:00,167,65,0.38922155688622756,0.6107784431137725,0.009733796296296296,0.06027777777777778,0.16508101851851853,3
pooled,layer_aware,high_out_strength,anandstdas,60219,109220,129604,0,1970-01-20T06:43:12+00:00,118,18,0.15254237288135594,0.847457627118644,0.0021643518518518518,0.10113425925925926,0.16315972222222222,2
pooled,layer_aware,high_out_strength,arunapatel000,60219,109220,129604,0,1970-01-20T06:43:12+00:00,215,93,0.4325581395348837,0.5674418604651162,0.015462962962962963,0.09153935185185186,0.16539351851851852,3
pooled,layer_aware,high_out_strength,bjp4mathuram,60219,109220,129604,0,1970-01-20T06:43:12+00:00,9,9,1.0,0.0,0.039016203703703706,0.039016203703703706,0.1445949074074074,1
pooled,layer_aware,high_out_strength,chandrakbose,60219,109220,129604,0,1970-01-20T06:43:12+00:00,116,19,0.16379310344827586,0.8362068965517241,0.00798611111111111,0.00798611111111111,0.08997685185185185,1
pooled,layer_aware,high_out_strength,curiosinsight,60219,109220,129604,0,1970-01-20T06:43:12+00:00,317,32,0.10094637223974763,0.8990536277602523,0.021689814814814815,0.14891203703703704,0.16461805555555556,2
pooled,layer_aware,high_out_strength,dr_rajpurohit,60219,109220,129604,0,1970-01-20T06:43:12+00:00,127,43,0.33858267716535434,0.6614173228346457,0.04244212962962963,0.13849537037037038,0.16556712962962963,3
pooled,layer_aware,high_out_strength,drrinadas,60219,109220,129604,0,1970-01-20T06:43:12+00:00,118,39,0.3305084745762712,0.6694915254237288,0.02515046296296296,0.0794212962962963,0.16273148148148148,3
pooled,layer_aware,high_out_strength,ejitheesh,60219,109220,129604,0,1970-01-20T06:43:12+00:00,18,18,1.0,0.0,0.036828703703703704,0.1002025462962963,0.15871527777777777,2
pooled,layer_aware,high_out_strength,khmaniranjansin,60219,109220,129604,0,1970-01-20T06:43:12+00:00,112,39,0.3482142857142857,0.6517857142857143,0.03716435185185185,0.12067129629629629,0.16366898148148148,3
pooled,layer_aware,high_out_strength,nanibnb,60219,109220,129604,0,1970-01-20T06:43:12+00:00,2,2,1.0,0.0,0.004143518518518519,0.004143518518518519,0.004143518518518519,1
pooled,layer_aware,high_out_strength,neerajs13318461,60219,109220,129604,0,1970-01-20T06:43:12+00:00,112,66,0.5892857142857143,0.4107142857142857,0.010300925925925925,0.07686342592592593,0.16273148148148148,3
pooled,layer_aware,high_out_strength,plingem,60219,109220,129604,0,1970-01-20T06:43:12+00:00,68,40,0.5882352941176471,0.4117647058823529,0.004039351851851852,0.12333333333333332,0.15667824074074074,2
pooled,layer_aware,high_out_strength,rahulvatsa,60219,109220,129604,0,1970-01-20T06:43:12+00:00,114,20,0.17543859649122806,0.8245614035087719,0.011006944444444444,0.07186342592592593,0.16143518518518518,1
pooled,layer_aware,high_out_strength,rajivsabharwal5,60219,109220,129604,0,1970-01-20T06:43:12+00:00,56,26,0.4642857142857143,0.5357142857142857,0.015601851851851851,0.12707175925925926,0.15667824074074074,2
pooled,layer_aware,high_out_strength,sajalaitc,60219,109220,129604,0,1970-01-20T06:43:12+00:00,120,37,0.30833333333333335,0.6916666666666667,0.004560185185185185,0.02420138888888889,0.16530092592592593,3
pooled,layer_aware,high_out_strength,sampathsharda,60219,109220,129604,0,1970-01-20T06:43:12+00:00,116,36,0.3103448275862069,0.6896551724137931,0.0012152777777777778,0.08912037037037036,0.16273148148148148,3
pooled,layer_aware,high_out_strength,sdeora601,60219,109220,129604,0,1970-01-20T06:43:12+00:00,14,14,1.0,0.0,0.0001273148148148148,0.006736111111111111,0.14649305555555556,1
pooled,layer_aware,high_out_strength,shailocee,60219,109220,129604,0,1970-01-20T06:43:12+00:00,57,33,0.5789473684210527,0.42105263157894735,0.01587962962962963,0.12067129629629629,0.15667824074074074,2
pooled,layer_aware,high_out_strength,shivauggera,60219,109220,129604,0,1970-01-20T06:43:12+00:00,118,38,0.3220338983050847,0.6779661016949152,0.021863425925925925,0.08125578703703704,0.16273148148148148,3
pooled,layer_aware,high_out_strength,smalltownerr,60219,109220,129604,0,1970-01-20T06:43:12+00:00,138,41,0.2971014492753623,0.7028985507246377,0.02335648148148148,0.13256944444444443,0.16273148148148148,3
pooled,layer_aware,high_out_strength,srikuttanmural2,60219,109220,129604,0,1970-01-20T06:43:12+00:00,17,17,1.0,0.0,0.026712962962962963,0.039467592592592596,0.12552083333333333,2
pooled,layer_aware,high_out_strength,tk24dutta_india,60219,109220,129604,0,1970-01-20T06:43:12+00:00,116,35,0.3017241379310345,0.6982758620689655,0.020775462962962964,0.09576388888888888,0.16273148148148148,3
pooled,layer_aware,high_out_strength,udayrajsinghbo1,60219,109220,129604,0,1970-01-20T06:43:12+00:00,112,36,0.32142857142857145,0.6785714285714286,0.021493055555555557,0.12364583333333334,0.15667824074074074,2
pooled,layer_aware,high_out_strength,ankitmeswani,60219,109220,129604,0,1970-01-20T06:43:12+00:00,108,27,0.25,0.75,0.0005208333333333333,0.13587962962962963,0.16273148148148148,3
pooled,layer_aware,high_out_strength,dksharma358,60219,109220,129604,0,1970-01-20T06:43:12+00:00,122,40,0.32786885245901637,0.6721311475409836,0.008518518518518519,0.13718750000000002,0.16273148148148148,3
pooled,layer_aware,high_out_strength,doctor_csr,60219,109220,129604,0,1970-01-20T06:43:12+00:00,16,16,1.0,0.0,0.013460648148148149,0.07914351851851852,0.13296296296296295,2
pooled,layer_aware,high_out_strength,futureequals,60219,109220,129604,0,1970-01-20T06:43:12+00:00,112,17,0.15178571428571427,0.8482142857142857,0.03991898148148148,0.10016203703703704,0.10016203703703704,2
pooled,layer_aware,high_out_strength,hharshvardhan,60219,109220,129604,0,1970-01-20T06:43:12+00:00,13,12,0.9230769230769231,0.07692307692307693,0.041527777777777775,0.06686342592592592,0.10949074074074074,1
pooled,layer_aware,high_out_strength,kamini777,60219,109220,129604,0,1970-01-20T06:43:12+00:00,135,27,0.2,0.8,0.1585763888888889,0.1585763888888889,0.1585763888888889,1
pooled,layer_aware,high_out_strength,mr_dutta1984,60219,109220,129604,0,1970-01-20T06:43:12+00:00,64,56,0.875,0.125,0.0043287037037037035,0.08699652777777778,0.15667824074074074,4
pooled,layer_aware,high_out_strength,nationnowo,60219,109220,129604,0,1970-01-20T06:43:12+00:00,8,8,1.0,0.0,0.14042824074074073,0.14042824074074073,0.14247685185185185,1
pooled,layer_aware,high_out_strength,prabalghorai,60219,109220,129604,0,1970-01-20T06:43:12+00:00,30,29,0.9666666666666667,0.03333333333333333,0.004293981481481481,0.07918981481481481,0.14831018518518518,2
pooled,layer_aware,high_out_strength,praveeenag,60219,109220,129604,0,1970-01-20T06:43:12+00:00,108,13,0.12037037037037036,0.8796296296296297,0.008993055555555556,0.04099537037037037,0.13825231481481481,2
pooled,layer_aware,high_out_strength,rsmoni007,60219,109220,129604,0,1970-01-20T06:43:12+00:00,124,42,0.3387096774193548,0.6612903225806451,0.06520833333333333,0.08402199074074074,0.16273148148148148,3
pooled,layer_aware,high_out_strength,sanjaykumar_99,60219,109220,129604,0,1970-01-20T06:43:12+00:00,22,22,1.0,0.0,0.07376157407407408,0.07376157407407408,0.13666666666666666,2
pooled,layer_aware,high_out_strength,shivans72506219,60219,109220,129604,0,1970-01-20T06:43:12+00:00,8,8,1.0,0.0,0.04431712962962963,0.04431712962962963,0.04431712962962963,1
pooled,layer_aware,high_out_strength,stardeenu,60219,109220,129604,0,1970-01-20T06:43:12+00:00,11,11,1.0,0.0,0.013206018518518518,0.013206018518518518,0.07506944444444444,1
pooled,layer_aware,high_out_strength,subshris,60219,109220,129604,0,1970-01-20T06:43:12+00:00,738,131,0.17750677506775067,0.8224932249322493,0.08120370370370371,0.10017361111111112,0.1635300925925926,3
pooled,layer_aware,high_out_strength,vadebloom,60219,109220,129604,0,1970-01-20T06:43:12+00:00,190,77,0.4052631578947368,0.5947368421052631,0.007523148148148148,0.057256944444444444,0.1635300925925926,4
pooled,layer_aware,high_out_strength,watsonbrettlee,60219,109220,129604,0,1970-01-20T06:43:12+00:00,36,24,0.6666666666666666,0.3333333333333333,0.1304861111111111,0.1380324074074074,0.14958333333333335,1
pooled,layer_aware,high_out_strength,yeshwantmpuran1,60219,109220,129604,0,1970-01-20T06:43:12+00:00,318,44,0.13836477987421383,0.8616352201257862,0.054675925925925926,0.09960069444444444,0.16461805555555556,5
pooled,layer_aware,high_out_strength,aasharr,60219,109220,129604,0,1970-01-20T06:43:12+00:00,29,24,0.8275862068965517,0.1724137931034483,0.025266203703703704,0.03840277777777778,0.10061342592592593,2
pooled,layer_aware,high_out_strength,abmohanty858,60219,109220,129604,0,1970-01-20T06:43:12+00:00,15,15,1.0,0.0,0.001712962962962963,0.024814814814814814,0.13766203703703703,2
pooled,layer_aware,high_out_strength,anup071254,60219,109220,129604,0,1970-01-20T06:43:12+00:00,140,38,0.2714285714285714,0.7285714285714285,0.010891203703703703,0.118125,0.1607060185185185,2
pooled,layer_aware,high_out_strength,caarpit83,60219,109220,129604,0,1970-01-20T06:43:12+00:00,121,40,0.3305785123966942,0.6694214876033058,0.003298611111111111,0.09646990740740741,0.16273148148148148,3
pooled,layer_aware,high_out_strength,chandramohanup6,60219,109220,129604,0,1970-01-20T06:43:12+00:00,9,9,1.0,0.0,0.02306712962962963,0.048969907407407406,0.1355787037037037,1
pooled,layer_aware,high_out_strength,charmer_nku,60219,109220,129604,0,1970-01-20T06:43:12+00:00,114,19,0.16666666666666666,0.8333333333333334,0.02802083333333333,0.13697916666666668,0.15890046296296295,1
pooled,layer_aware,high_out_strength,fifthforce5,60219,109220,129604,0,1970-01-20T06:43:12+00:00,119,37,0.31092436974789917,0.6890756302521008,0.015162037037037036,0.07918981481481481,0.16273148148148148,3
pooled,layer_aware,high_out_strength,gauri_sidhanthi,60219,109220,129604,0,1970-01-20T06:43:12+00:00,13,13,1.0,0.0,0.005844907407407407,0.031469907407407405,0.13979166666666668,2
pooled,layer_aware,high_out_strength,hrithiksaini1,60219,109220,129604,0,1970-01-20T06:43:12+00:00,112,16,0.14285714285714285,0.8571428571428571,0.003969907407407407,0.07970486111111111,0.16386574074074073,2
pooled,layer_aware,high_out_strength,iamsiddrajput,60219,109220,129604,0,1970-01-20T06:43:12+00:00,120,20,0.16666666666666666,0.8333333333333334,0.10289351851851852,0.11363425925925925,0.15508101851851852,1
pooled,layer_aware,high_out_strength,imastermindian,60219,109220,129604,0,1970-01-20T06:43:12+00:00,110,29,0.2636363636363636,0.7363636363636363,0.001261574074074074,0.10895833333333334,0.16273148148148148,3
pooled,layer_aware,high_out_strength,jamalmydeen19,60219,109220,129604,0,1970-01-20T06:43:12+00:00,128,26,0.203125,0.796875,0.13224537037037037,0.13224537037037037,0.13224537037037037,1
pooled,layer_aware,high_out_strength,kauschiku,60219,109220,129604,0,1970-01-20T06:43:12+00:00,197,21,0.1065989847715736,0.8934010152284264,0.09649305555555555,0.10141203703703704,0.14025462962962962,1
pooled,layer_aware,high_out_strength,r04han,60219,109220,129604,0,1970-01-20T06:43:12+00:00,123,43,0.34959349593495936,0.6504065040650406,0.03239583333333333,0.13587962962962963,0.16273148148148148,3
pooled,layer_aware,high_out_strength,rashmi21044,60219,109220,129604,0,1970-01-20T06:43:12+00:00,256,58,0.2265625,0.7734375,0.011307870370370371,0.06438657407407407,0.16273148148148148,3
pooled,layer_aware,high_out_strength,shauviks_space,60219,109220,129604,0,1970-01-20T06:43:12+00:00,164,50,0.3048780487804878,0.6951219512195121,0.009108796296296297,0.08041666666666666,0.16364583333333332,3
pooled,layer_aware,high_out_strength,shivaaniktalwar,60219,109220,129604,0,1970-01-20T06:43:12+00:00,115,35,0.30434782608695654,0.6956521739130435,0.02474537037037037,0.08956018518518519,0.16273148148148148,3
pooled,layer_aware,high_out_strength,spick_media,60219,109220,129604,0,1970-01-20T06:43:12+00:00,119,21,0.17647058823529413,0.8235294117647058,0.026180555555555554,0.06133101851851852,0.14554398148148148,2
pooled,layer_aware,high_out_strength,viki_im,60219,109220,129604,0,1970-01-20T06:43:12+00:00,17,15,0.8823529411764706,0.11764705882352941,0.0036342592592592594,0.07918981481481481,0.14929398148148149,2
pooled,layer_aware,high_out_strength,a1mit,60219,109220,129604,0,1970-01-20T06:43:12+00:00,22,20,0.9090909090909091,0.09090909090909091,0.10483796296296297,0.10483796296296297,0.145625,1
pooled,layer_aware,high_out_strength,aagan86,60219,109220,129604,0,1970-01-20T06:43:12+00:00,23,21,0.9130434782608695,0.08695652173913043,0.01,0.12226851851851851,0.13777777777777778,1
pooled,layer_aware,high_out_strength,aazaadsatyam,60219,109220,129604,0,1970-01-20T06:43:12+00:00,62,30,0.4838709677419355,0.5161290322580645,0.008854166666666666,0.13684027777777777,0.16539351851851852,2
pooled,layer_aware,high_out_strength,ajay36mittal,60219,109220,129604,0,1970-01-20T06:43:12+00:00,13,11,0.8461538461538461,0.15384615384615385,0.026678240740740742,0.03827546296296296,0.16234953703703703,1
pooled,layer_aware,high_out_strength,anu_iyengar_,60219,109220,129604,0,1970-01-20T06:43:12+00:00,256,50,0.1953125,0.8046875,0.032546296296296295,0.1283449074074074,0.16486111111111112,3
pooled,layer_aware,high_out_strength,anxioushours7,60219,109220,129604,0,1970-01-20T06:43:12+00:00,25,22,0.88,0.12,0.0022453703703703702,0.06298032407407407,0.1605902777777778,2
pooled,layer_aware,high_out_strength,chander75177644,60219,109220,129604,0,1970-01-20T06:43:12+00:00,40,35,0.875,0.125,0.013622685185185186,0.06125,0.15818287037037038,3
pooled,layer_aware,high_out_strength,daspeakz,60219,109220,129604,0,1970-01-20T06:43:12+00:00,43,40,0.9302325581395349,0.06976744186046512,0.023344907407407408,0.10780092592592593,0.16539351851851852,2
pooled,layer_aware,high_out_strength,deepakbudki,60219,109220,129604,0,1970-01-20T06:43:12+00:00,124,22,0.1774193548387097,0.8225806451612904,0.014525462962962962,0.11623842592592593,0.16337962962962962,2
pooled,layer_aware,high_out_strength,godifyouexistaa,60219,109220,129604,0,1970-01-20T06:43:12+00:00,31,30,0.967741935483871,0.03225806451612903,0.03642361111111111,0.03642361111111111,0.16364583333333332,3
pooled,layer_aware,high_out_strength,iambcdas,60219,109220,129604,0,1970-01-20T06:43:12+00:00,62,22,0.3548387096774194,0.6451612903225806,0.03563657407407408,0.13451967592592592,0.15667824074074074,2
pooled,layer_aware,high_out_strength,jvidyasagar,60219,109220,129604,0,1970-01-20T06:43:12+00:00,10,9,0.9,0.1,0.026157407407407407,0.0758449074074074,0.11186342592592592,1
pooled,layer_aware,high_out_strength,kashivar,60219,109220,129604,0,1970-01-20T06:43:12+00:00,16,15,0.9375,0.0625,0.004131944444444444,0.06844907407407408,0.1381712962962963,2
pooled,layer_aware,high_out_strength,kdinku,60219,109220,129604,0,1970-01-20T06:43:12+00:00,292,51,0.17465753424657535,0.8253424657534246,0.018275462962962962,0.14890046296296297,0.16539351851851852,3
pooled,layer_aware,high_out_strength,nalinmehta,60219,109220,129604,0,1970-01-20T06:43:12+00:00,29,26,0.896551724137931,0.10344827586206896,0.018425925925925925,0.048211805555555556,0.13539351851851852,3
pooled,layer_aware,high_out_strength,padiyar_u,60219,109220,129604,0,1970-01-20T06:43:12+00:00,216,51,0.2361111111111111,0.7638888888888888,0.018125,0.12914351851851852,0.16539351851851852,3
pooled,layer_aware,high_out_strength,pravinparas,60219,109220,129604,0,1970-01-20T06:43:12+00:00,9,9,1.0,0.0,0.029236111111111112,0.0719212962962963,0.15059027777777778,1
pooled,layer_aware,high_out_strength,proudjosephite,60219,109220,129604,0,1970-01-20T06:43:12+00:00,14,14,1.0,0.0,0.042395833333333334,0.042395833333333334,0.1631365740740741,1
pooled,layer_aware,high_out_strength,rangiyasanjiv,60219,109220,129604,0,1970-01-20T06:43:12+00:00,19,19,1.0,0.0,0.004363425925925926,0.037627314814814815,0.14050925925925925,1
pooled,layer_aware,high_out_strength,ravi_shimoga,60219,109220,129604,0,1970-01-20T06:43:12+00:00,228,17,0.07456140350877193,0.9254385964912281,0.055775462962962964,0.09331018518518519,0.1437152777777778,2
pooled,layer_aware,high_out_strength,ravikikan,60219,109220,129604,0,1970-01-20T06:43:12+00:00,121,23,0.19008264462809918,0.8099173553719008,0.06798611111111111,0.1114699074074074,0.1114699074074074,1
pooled,layer_aware,high_out_strength,riddle_me_thiss,60219,109220,129604,0,1970-01-20T06:43:12+00:00,132,26,0.19696969696969696,0.803030303030303,0.00625,0.11101273148148148,0.16366898148148148,2
pooled,layer_aware,high_out_strength,roypp22,60219,109220,129604,0,1970-01-20T06:43:12+00:00,48,42,0.875,0.125,0.028576388888888887,0.09052083333333333,0.16539351851851852,3
pooled,layer_aware,high_out_strength,sankapadma,60219,109220,129604,0,1970-01-20T06:43:12+00:00,113,33,0.2920353982300885,0.7079646017699115,0.014351851851851852,0.11311342592592592,0.16446759259259258,3
pooled,layer_aware,high_out_strength,sudhirpa3,60219,109220,129604,0,1970-01-20T06:43:12+00:00,161,32,0.19875776397515527,0.8012422360248447,0.04662037037037037,0.11405092592592592,0.1635300925925926,3
pooled,layer_aware,high_out_strength,twitvishy,60219,109220,129604,0,1970-01-20T06:43:12+00:00,136,55,0.40441176470588236,0.5955882352941176,0.01545138888888889,0.12446759259259259,0.16539351851851852,3
pooled,layer_aware,high_out_strength,vidhya_mpys,60219,109220,129604,0,1970-01-20T06:43:12+00:00,119,21,0.17647058823529413,0.8235294117647058,0.009293981481481481,0.05140046296296296,0.16189814814814815,2
pooled,layer_aware,high_out_strength,aham_vritti,60219,109220,129604,0,1970-01-20T06:43:12+00:00,124,42,0.3387096774193548,0.6612903225806451,0.02144675925925926,0.0725925925925926,0.16273148148148148,3
pooled,layer_aware,high_out_strength,arsalaqureishi,60219,109220,129604,0,1970-01-20T06:43:12+00:00,19,15,0.7894736842105263,0.21052631578947367,0.0016898148148148148,0.10518518518518519,0.15863425925925925,2
pooled,layer_aware,high_out_strength,atthidevarajan,60219,109220,129604,0,1970-01-20T06:43:12+00:00,62,14,0.22580645161290322,0.7741935483870968,0.0028703703703703703,0.09243634259259259,0.1594675925925926,1
pooled,layer_aware,high_out_strength,bjpkrishnasagar,60219,109220,129604,0,1970-01-20T06:43:12+00:00,65,20,0.3076923076923077,0.6923076923076923,0.13844907407407409,0.13844907407407409,0.15667824074074074,2
pooled,layer_aware,high_out_strength,cleopatra2878,60219,109220,129604,0,1970-01-20T06:43:12+00:00,159,53,0.3333333333333333,0.6666666666666666,0.012141203703703704,0.11671296296296296,0.16508101851851853,3
pooled,layer_aware,high_out_strength,india_on_move,60219,109220,129604,0,1970-01-20T06:43:12+00:00,255,82,0.3215686274509804,0.6784313725490196,0.0014583333333333334,0.10579282407407407,0.16472222222222221,5
pooled,layer_aware,high_out_strength,indian_marathi,60219,109220,129604,0,1970-01-20T06:43:12+00:00,32,29,0.90625,0.09375,0.004722222222222222,0.04255787037037037,0.13923611111111112,2
pooled,layer_aware,high_out_strength,jdumde,60219,109220,129604,0,1970-01-20T06:43:12+00:00,112,13,0.11607142857142858,0.8839285714285714,0.15875,0.16025462962962964,0.1613888888888889,1
pooled,layer_aware,high_out_strength,lavanyanivasini,60219,109220,129604,0,1970-01-20T06:43:12+00:00,24,24,1.0,0.0,0.11472222222222223,0.11472222222222223,0.15325231481481483,1
pooled,layer_aware,high_out_strength,lionsroar6,60219,109220,129604,0,1970-01-20T06:43:12+00:00,165,40,0.24242424242424243,0.7575757575757576,0.0275,0.14721643518518518,0.16539351851851852,2
pooled,layer_aware,high_out_strength,madhavpriyaa,60219,109220,129604,0,1970-01-20T06:43:12+00:00,20,15,0.75,0.25,0.03359953703703704,0.07291666666666667,0.16025462962962964,2
pooled,layer_aware,high_out_strength,mindaside,60219,109220,129604,0,1970-01-20T06:43:12+00:00,12,12,1.0,0.0,0.13672453703703705,0.13672453703703705,0.13672453703703705,1
pooled,layer_aware,high_out_strength,nagharaaj,60219,109220,129604,0,1970-01-20T06:43:12+00:00,14,11,0.7857142857142857,0.21428571428571427,0.10424768518518518,0.10424768518518518,0.12738425925925925,1
pooled,layer_aware,high_out_strength,onkarbhutada,60219,109220,129604,0,1970-01-20T06:43:12+00:00,18,17,0.9444444444444444,0.05555555555555555,0.014178240740740741,0.12158564814814815,0.1643287037037037,1
pooled,layer_aware,high_out_strength,raja_africa,60219,109220,129604,0,1970-01-20T06:43:12+00:00,14,14,1.0,0.0,0.008923611111111111,0.13525462962962964,0.13528935185185184,1
pooled,layer_aware,high_out_strength,riderindian08,60219,109220,129604,0,1970-01-20T06:43:12+00:00,232,78,0.33620689655172414,0.6637931034482759,0.0024074074074074076,0.08305555555555555,0.16420138888888888,5
pooled,layer_aware,high_out_strength,ritam_alhuwalia,60219,109220,129604,0,1970-01-20T06:43:12+00:00,41,36,0.8780487804878049,0.12195121951219512,0.07149305555555556,0.09719907407407408,0.13777777777777778,2
pooled,layer_aware,high_out_strength,rohithomas,60219,109220,129604,0,1970-01-20T06:43:12+00:00,6,6,1.0,0.0,0.0128125,0.03798611111111111,0.11409722222222222,2
pooled,layer_aware,high_out_strength,satpathianupam,60219,109220,129604,0,1970-01-20T06:43:12+00:00,29,28,0.9655172413793104,0.034482758620689655,0.020474537037037038,0.09972800925925926,0.16508101851851853,2
pooled,layer_aware,high_out_strength,surasen3,60219,109220,129604,0,1970-01-20T06:43:12+00:00,140,36,0.2571428571428571,0.7428571428571429,0.037349537037037035,0.13718750000000002,0.16539351851851852,3
pooled,layer_aware,high_out_strength,thetribunechd,60219,109220,129604,0,1970-01-20T06:43:12+00:00,107,11,0.102803738317757,0.897196261682243,0.0005208333333333333,0.07934027777777777,0.12172453703703703,2
pooled,layer_aware,high_out_strength,thevaibhavag,60219,109220,129604,0,1970-01-20T06:43:12+00:00,158,44,0.27848101265822783,0.7215189873417721,0.07491898148148148,0.0882175925925926,0.16364583333333332,3
pooled,layer_aware,high_out_strength,varun_yad22,60219,109220,129604,0,1970-01-20T06:43:12+00:00,146,44,0.3013698630136986,0.6986301369863014,0.003460648148148148,0.09716435185185185,0.15667824074074074,3
pooled,layer_aware,high_out_strength,warrier_anjana,60219,109220,129604,0,1970-01-20T06:43:12+00:00,312,49,0.15705128205128205,0.842948717948718,0.005914351851851852,0.13201388888888888,0.16508101851851853,3
pooled,layer_aware,high_out_strength,xs2partner,60219,109220,129604,0,1970-01-20T06:43:12+00:00,27,27,1.0,0.0,0.029502314814814815,0.05255787037037037,0.12545138888888888,3
pooled,layer_aware,high_out_strength,_aashutosh_,60219,109220,129604,0,1970-01-20T06:43:12+00:00,17,16,0.9411764705882353,0.058823529411764705,0.020358796296296295,0.03478009259259259,0.1228587962962963,1
pooled,layer_aware,high_out_strength,abhijeetborgao3,60219,109220,129604,0,1970-01-20T06:43:12+00:00,119,18,0.15126050420168066,0.8487394957983193,0.1540277777777778,0.1540277777777778,0.16337962962962962,1
pooled,layer_aware,high_out_strength,aman2800x,60219,109220,129604,0,1970-01-20T06:43:12+00:00,161,47,0.2919254658385093,0.7080745341614907,0.0024652777777777776,0.06365740740740741,0.1635300925925926,3
pooled,layer_aware,high_out_strength,arunabhalahiri,60219,109220,129604,0,1970-01-20T06:43:12+00:00,325,52,0.16,0.84,0.01673611111111111,0.045405092592592594,0.16324074074074074,4
pooled,layer_aware,high_reverse_PageRank,makebharatmahan,60219,109220,129604,0,1970-01-20T06:43:12+00:00,817,391,0.4785801713586291,0.5214198286413708,0.005069444444444444,0.049039351851851855,0.16539351851851852,4
pooled,layer_aware,high_reverse_PageRank,chowkidarchokra,60219,109220,129604,0,1970-01-20T06:43:12+00:00,714,346,0.484593837535014,0.5154061624649859,0.020775462962962964,0.06762731481481482,0.1654050925925926,4
pooled,layer_aware,high_reverse_PageRank,bhupendra26,60219,109220,129604,0,1970-01-20T06:43:12+00:00,714,436,0.6106442577030813,0.38935574229691877,0.006793981481481482,0.05734953703703704,0.1654050925925926,5
pooled,layer_aware,high_reverse_PageRank,55659754bhaskar,60219,109220,129604,0,1970-01-20T06:43:12+00:00,83,80,0.963855421686747,0.03614457831325301,0.008159722222222223,0.008159722222222223,0.1608449074074074,3
pooled,layer_aware,high_reverse_PageRank,murali76133156,60219,109220,129604,0,1970-01-20T06:43:12+00:00,714,266,0.37254901960784315,0.6274509803921569,0.06925925925925926,0.08450231481481481,0.16508101851851853,4
pooled,layer_aware,high_reverse_PageRank,ictcimpact,60219,109220,129604,0,1970-01-20T06:43:12+00:00,212,98,0.46226415094339623,0.5377358490566038,0.0053125,0.11682291666666667,0.1633449074074074,3
pooled,layer_aware,high_reverse_PageRank,trendsetting123,60219,109220,129604,0,1970-01-20T06:43:12+00:00,734,436,0.5940054495912807,0.40599455040871935,0.008194444444444445,0.07150462962962963,0.16539351851851852,4
pooled,layer_aware,high_reverse_PageRank,puneetvizh,60219,109220,129604,0,1970-01-20T06:43:12+00:00,734,426,0.5803814713896458,0.4196185286103542,0.012326388888888888,0.07150462962962963,0.16539351851851852,5
pooled,layer_aware,high_reverse_PageRank,spkathirvel1,60219,109220,129604,0,1970-01-20T06:43:12+00:00,469,190,0.4051172707889126,0.5948827292110874,0.00045138888888888887,0.011261574074074075,0.16377314814814814,3
pooled,layer_aware,high_reverse_PageRank,navin4nation,60219,109220,129604,0,1970-01-20T06:43:12+00:00,83,72,0.8674698795180723,0.13253012048192772,0.014074074074074074,0.014074074074074074,0.09261574074074073,2
pooled,layer_aware,high_reverse_PageRank,hisamuddink51,60219,109220,129604,0,1970-01-20T06:43:12+00:00,83,74,0.891566265060241,0.10843373493975904,0.011747685185185186,0.011747685185185186,0.09261574074074073,2
pooled,layer_aware,high_reverse_PageRank,terence_fdes,60219,109220,129604,0,1970-01-20T06:43:12+00:00,734,382,0.5204359673024523,0.47956403269754766,0.009837962962962963,0.07869212962962963,0.16539351851851852,5
pooled,layer_aware,high_reverse_PageRank,profsrk,60219,109220,129604,0,1970-01-20T06:43:12+00:00,351,206,0.5868945868945868,0.4131054131054131,0.0013194444444444445,0.06440972222222222,0.1654050925925926,3
pooled,layer_aware,high_reverse_PageRank,mani24sjcpl,60219,109220,129604,0,1970-01-20T06:43:12+00:00,958,364,0.37995824634655534,0.6200417536534447,0.004780092592592593,0.07263888888888889,0.16539351851851852,3
pooled,layer_aware,high_reverse_PageRank,satishrathod100,60219,109220,129604,0,1970-01-20T06:43:12+00:00,383,217,0.566579634464752,0.43342036553524804,0.009085648148148148,0.053969907407407404,0.1654050925925926,4
pooled,layer_aware,high_reverse_PageRank,libertarian196,60219,109220,129604,0,1970-01-20T06:43:12+00:00,857,500,0.5834305717619603,0.41656942823803966,0.024270833333333332,0.07260416666666666,0.16539351851851852,5
pooled,layer_aware,high_reverse_PageRank,incdilse,60219,109220,129604,0,1970-01-20T06:43:12+00:00,1071,368,0.34360410830999066,0.6563958916900093,0.002349537037037037,0.09973379629629629,0.16539351851851852,4
pooled,layer_aware,high_reverse_PageRank,ranajig,60219,109220,129604,0,1970-01-20T06:43:12+00:00,802,473,0.5897755610972568,0.4102244389027431,0.030520833333333334,0.09324074074074074,0.1654050925925926,5
pooled,layer_aware,high_reverse_PageRank,spksalem2,60219,109220,129604,0,1970-01-20T06:43:12+00:00,94,94,1.0,0.0,0.07436342592592593,0.11819444444444445,0.1642361111111111,1
pooled,layer_aware,high_reverse_PageRank,emperorofhind,60219,109220,129604,0,1970-01-20T06:43:12+00:00,56,56,1.0,0.0,0.04793981481481482,0.04793981481481482,0.14596064814814816,1
pooled,layer_aware,high_reverse_PageRank,vishnu_suresh_2,60219,109220,129604,0,1970-01-20T06:43:12+00:00,71,64,0.9014084507042254,0.09859154929577464,0.11924768518518518,0.11924768518518518,0.14596064814814816,2
pooled,layer_aware,high_reverse_PageRank,pmaliens,60219,109220,129604,0,1970-01-20T06:43:12+00:00,817,235,0.2876376988984088,0.7123623011015912,0.017141203703703704,0.08366898148148148,0.1635300925925926,4
pooled,layer_aware,high_reverse_PageRank,2_drac,60219,109220,129604,0,1970-01-20T06:43:12+00:00,50,50,1.0,0.0,0.07074074074074074,0.07074074074074074,0.07074074074074074,1
pooled,layer_aware,high_reverse_PageRank,johnrphlab,60219,109220,129604,0,1970-01-20T06:43:12+00:00,50,50,1.0,0.0,0.13510416666666666,0.13510416666666666,0.13510416666666666,1
pooled,layer_aware,high_reverse_PageRank,swwagatam,60219,109220,129604,0,1970-01-20T06:43:12+00:00,817,200,0.24479804161566707,0.7552019583843329,0.05586805555555555,0.10189814814814815,0.1635300925925926,4
pooled,layer_aware,high_reverse_PageRank,orgmunch69,60219,109220,129604,0,1970-01-20T06:43:12+00:00,819,76,0.0927960927960928,0.9072039072039072,0.11894675925925927,0.11894675925925927,0.16246527777777778,2
pooled,layer_aware,high_reverse_PageRank,ukitco,60219,109220,129604,0,1970-01-20T06:43:12+00:00,6,6,1.0,0.0,0.15502314814814816,0.15502314814814816,0.15502314814814816,1
pooled,layer_aware,high_reverse_PageRank,ranjitsamantar2,60219,109220,129604,0,1970-01-20T06:43:12+00:00,737,28,0.037991858887381276,0.9620081411126187,0.05113425925925926,0.05113425925925926,0.14444444444444443,2
pooled,layer_aware,high_reverse_PageRank,feardis11,60219,109220,129604,0,1970-01-20T06:43:12+00:00,46,46,1.0,0.0,0.010717592592592593,0.010717592592592593,0.010717592592592593,1
pooled,layer_aware,high_reverse_PageRank,sanathanyodhaa,60219,109220,129604,0,1970-01-20T06:43:12+00:00,827,72,0.08706166868198308,0.9129383313180169,0.07590277777777778,0.11901620370370371,0.15373842592592593,3
pooled,layer_aware,high_reverse_PageRank,barbarajdurkin,60219,109220,129604,0,1970-01-20T06:43:12+00:00,45,45,1.0,0.0,0.13859953703703703,0.13859953703703703,0.13859953703703703,1
pooled,layer_aware,high_reverse_PageRank,meragurgaon,60219,109220,129604,0,1970-01-20T06:43:12+00:00,65,65,1.0,0.0,0.02820601851851852,0.032650462962962964,0.12775462962962963,3
pooled,layer_aware,high_reverse_PageRank,mandy_sanghera1,60219,109220,129604,0,1970-01-20T06:43:12+00:00,46,46,1.0,0.0,0.16284722222222223,0.16284722222222223,0.16284722222222223,1
pooled,layer_aware,high_reverse_PageRank,leeamott1,60219,109220,129604,0,1970-01-20T06:43:12+00:00,12,12,1.0,0.0,0.15175925925925926,0.15175925925925926,0.15175925925925926,1
pooled,layer_aware,high_reverse_PageRank,theprizeforce,60219,109220,129604,0,1970-01-20T06:43:12+00:00,12,12,1.0,0.0,0.15143518518518517,0.15143518518518517,0.15143518518518517,1
pooled,layer_aware,high_reverse_PageRank,guruprasadgovi1,60219,109220,129604,0,1970-01-20T06:43:12+00:00,817,216,0.26438188494492043,0.7356181150550796,0.03894675925925926,0.09153935185185186,0.1635300925925926,4
pooled,layer_aware,high_reverse_PageRank,dipdil,60219,109220,129604,0,1970-01-20T06:43:12+00:00,858,501,0.583916083916084,0.4160839160839161,0.013657407407407408,0.07200231481481481,0.16539351851851852,6
pooled,layer_aware,high_reverse_PageRank,javiqbal09,60219,109220,129604,0,1970-01-20T06:43:12+00:00,48,48,1.0,0.0,0.039328703703703706,0.039328703703703706,0.09678240740740741,2
pooled,layer_aware,high_reverse_PageRank,randallmaloney5,60219,109220,129604,0,1970-01-20T06:43:12+00:00,230,29,0.12608695652173912,0.8739130434782608,0.055150462962962964,0.12640046296296295,0.15476851851851853,2
pooled,layer_aware,high_reverse_PageRank,f3arl3ssindian,60219,109220,129604,0,1970-01-20T06:43:12+00:00,725,19,0.02620689655172414,0.9737931034482759,0.051724537037037034,0.08869212962962963,0.16409722222222223,3
pooled,layer_aware,high_reverse_PageRank,prabu95222,60219,109220,129604,0,1970-01-20T06:43:12+00:00,771,23,0.029831387808041506,0.9701686121919585,0.018703703703703705,0.07258101851851852,0.1616550925925926,2
pooled,layer_aware,high_reverse_PageRank,_amused_indian,60219,109220,129604,0,1970-01-20T06:43:12+00:00,56,42,0.75,0.25,0.01050925925925926,0.11560185185185186,0.16539351851851852,3
pooled,layer_aware,high_reverse_PageRank,enraged_indian,60219,109220,129604,0,1970-01-20T06:43:12+00:00,915,106,0.11584699453551912,0.8841530054644808,0.0032060185185185186,0.12600694444444444,0.1652662037037037,3
pooled,layer_aware,high_reverse_PageRank,har1aum,60219,109220,129604,0,1970-01-20T06:43:12+00:00,319,104,0.32601880877742945,0.6739811912225705,0.0591087962962963,0.06549768518518519,0.16539351851851852,4
pooled,layer_aware,high_reverse_PageRank,iamdipsi,60219,109220,129604,0,1970-01-20T06:43:12+00:00,141,60,0.425531914893617,0.574468085106383,0.03512731481481481,0.03512731481481481,0.16273148148148148,3
pooled,layer_aware,high_reverse_PageRank,julushah,60219,109220,129604,0,1970-01-20T06:43:12+00:00,408,198,0.4852941176470588,0.5147058823529411,0.021145833333333332,0.04590277777777778,0.1654050925925926,4
pooled,layer_aware,high_reverse_PageRank,tinybutfierce1,60219,109220,129604,0,1970-01-20T06:43:12+00:00,39,39,1.0,0.0,0.13054398148148147,0.13054398148148147,0.13054398148148147,1
pooled,layer_aware,high_reverse_PageRank,vaidhiy4v,60219,109220,129604,0,1970-01-20T06:43:12+00:00,771,7,0.009079118028534372,0.9909208819714657,0.04653935185185185,0.04653935185185185,0.07258101851851852,2
pooled,layer_aware,high_reverse_PageRank,perspicacite,60219,109220,129604,0,1970-01-20T06:43:12+00:00,77,60,0.7792207792207793,0.22077922077922077,0.16212962962962962,0.1622222222222222,0.16365740740740742,1
pooled,layer_aware,high_reverse_PageRank,nalinmehta,60219,109220,129604,0,1970-01-20T06:43:12+00:00,29,26,0.896551724137931,0.10344827586206896,0.018425925925925925,0.048211805555555556,0.13539351851851852,3
pooled,layer_aware,high_reverse_PageRank,manatrue,60219,109220,129604,0,1970-01-20T06:43:12+00:00,38,37,0.9736842105263158,0.02631578947368421,0.011423611111111112,0.011423611111111112,0.011423611111111112,1
pooled,layer_aware,high_reverse_PageRank,chandramouliea1,60219,109220,129604,0,1970-01-20T06:43:12+00:00,921,19,0.02062975027144408,0.9793702497285559,0.05557870370370371,0.15413194444444445,0.16355324074074074,3
pooled,layer_aware,high_reverse_PageRank,vazeindian,60219,109220,129604,0,1970-01-20T06:43:12+00:00,734,360,0.4904632152588556,0.5095367847411444,0.046064814814814815,0.10017361111111112,0.16539351851851852,6
pooled,layer_aware,high_reverse_PageRank,sociopoliticalw,60219,109220,129604,0,1970-01-20T06:43:12+00:00,734,472,0.6430517711171662,0.3569482288828338,0.006273148148148148,0.07150462962962963,0.16539351851851852,6
pooled,layer_aware,high_reverse_PageRank,secular_hoon,60219,109220,129604,0,1970-01-20T06:43:12+00:00,734,50,0.0681198910081744,0.9318801089918256,0.1621875,0.1621875,0.1621875,1
pooled,layer_aware,high_reverse_PageRank,jagadgurupeeth,60219,109220,129604,0,1970-01-20T06:43:12+00:00,63,53,0.8412698412698413,0.15873015873015872,0.018020833333333333,0.0784837962962963,0.1654050925925926,2
pooled,layer_aware,high_reverse_PageRank,agencytamil,60219,109220,129604,0,1970-01-20T06:43:12+00:00,7,7,1.0,0.0,0.0035416666666666665,0.12422453703703704,0.1631712962962963,1
pooled,layer_aware,high_reverse_PageRank,rds750044,60219,109220,129604,0,1970-01-20T06:43:12+00:00,179,77,0.4301675977653631,0.5698324022346368,0.11733796296296296,0.15938657407407408,0.15938657407407408,2
pooled,layer_aware,high_reverse_PageRank,ammu_maanu,60219,109220,129604,0,1970-01-20T06:43:12+00:00,337,40,0.11869436201780416,0.8813056379821959,0.008506944444444444,0.13179398148148147,0.1647685185185185,3
pooled,layer_aware,high_reverse_PageRank,kalyanaramansi1,60219,109220,129604,0,1970-01-20T06:43:12+00:00,56,34,0.6071428571428571,0.39285714285714285,0.0843287037037037,0.13092013888888887,0.16539351851851852,4
pooled,layer_aware,high_reverse_PageRank,thegrimbarian,60219,109220,129604,0,1970-01-20T06:43:12+00:00,56,56,1.0,0.0,0.0478125,0.0478125,0.14596064814814816,2
pooled,layer_aware,high_reverse_PageRank,westlandbooks,60219,109220,129604,0,1970-01-20T06:43:12+00:00,29,26,0.896551724137931,0.10344827586206896,0.0012847222222222223,0.048211805555555556,0.13539351851851852,4
pooled,layer_aware,high_reverse_PageRank,possible_a1,60219,109220,129604,0,1970-01-20T06:43:12+00:00,41,41,1.0,0.0,0.05978009259259259,0.05978009259259259,0.05978009259259259,1
pooled,layer_aware,high_reverse_PageRank,vpanchamukhi,60219,109220,129604,0,1970-01-20T06:43:12+00:00,152,58,0.3815789473684211,0.618421052631579,0.006875,0.006875,0.13931712962962964,2
pooled,layer_aware,high_reverse_PageRank,revanasiddeshr,60219,109220,129604,0,1970-01-20T06:43:12+00:00,353,89,0.2521246458923513,0.7478753541076487,0.16145833333333334,0.16145833333333334,0.16440972222222222,3
pooled,layer_aware,high_reverse_PageRank,mkatju,60219,109220,129604,0,1970-01-20T06:43:12+00:00,71,70,0.9859154929577465,0.014084507042253521,0.008773148148148148,0.008784722222222222,0.16508101851851853,2
pooled,layer_aware,high_reverse_PageRank,psmanwatkar,60219,109220,129604,0,1970-01-20T06:43:12+00:00,734,168,0.22888283378746593,0.771117166212534,0.04739583333333333,0.11577546296296297,0.16539351851851852,4
pooled,layer_aware,high_reverse_PageRank,vibhu_prabhu,60219,109220,129604,0,1970-01-20T06:43:12+00:00,53,48,0.9056603773584906,0.09433962264150944,0.05319444444444445,0.05319444444444445,0.0682175925925926,2
pooled,layer_aware,high_reverse_PageRank,a_man8888,60219,109220,129604,0,1970-01-20T06:43:12+00:00,921,4,0.004343105320304018,0.995656894679696,0.1624537037037037,0.1624537037037037,0.1624537037037037,1
pooled,layer_aware,high_reverse_PageRank,amitakjain,60219,109220,129604,0,1970-01-20T06:43:12+00:00,156,74,0.47435897435897434,0.5256410256410257,0.10185185185185185,0.10185185185185185,0.15211805555555555,2
pooled,layer_aware,high_reverse_PageRank,verpratech,60219,109220,129604,0,1970-01-20T06:43:12+00:00,821,291,0.35444579780755175,0.6455542021924482,0.017638888888888888,0.07918981481481481,0.16539351851851852,5
pooled,layer_aware,high_reverse_PageRank,adityagharge8,60219,109220,129604,0,1970-01-20T06:43:12+00:00,252,37,0.14682539682539683,0.8531746031746031,0.0303125,0.07777777777777778,0.1627199074074074,2
pooled,layer_aware,high_reverse_PageRank,yganeshrao,60219,109220,129604,0,1970-01-20T06:43:12+00:00,352,178,0.5056818181818182,0.4943181818181818,0.03596064814814815,0.06474537037037037,0.16440972222222222,3
pooled,layer_aware,high_reverse_PageRank,sandipghose,60219,109220,129604,0,1970-01-20T06:43:12+00:00,265,157,0.5924528301886792,0.4075471698113208,0.00494212962962963,0.08461805555555556,0.16539351851851852,3
pooled,layer_aware,high_reverse_PageRank,indian_nagrik,60219,109220,129604,0,1970-01-20T06:43:12+00:00,47,36,0.7659574468085106,0.23404255319148937,0.00400462962962963,0.12634837962962964,0.1645949074074074,3
pooled,layer_aware,high_reverse_PageRank,newindiaabroad,60219,109220,129604,0,1970-01-20T06:43:12+00:00,8,8,1.0,0.0,0.12763888888888889,0.12763888888888889,0.12763888888888889,1
pooled,layer_aware,high_reverse_PageRank,joerave,60219,109220,129604,0,1970-01-20T06:43:12+00:00,734,324,0.44141689373297005,0.55858310626703,0.06922453703703704,0.10017361111111112,0.16539351851851852,5
pooled,layer_aware,high_reverse_PageRank,amytisd1,60219,109220,129604,0,1970-01-20T06:43:12+00:00,164,82,0.5,0.5,0.018368055555555554,0.025590277777777778,0.16364583333333332,3
pooled,layer_aware,high_reverse_PageRank,kirti_sd,60219,109220,129604,0,1970-01-20T06:43:12+00:00,734,71,0.09673024523160763,0.9032697547683923,0.11519675925925926,0.11519675925925926,0.1627199074074074,2
pooled,layer_aware,high_reverse_PageRank,laksshyaadvani,60219,109220,129604,0,1970-01-20T06:43:12+00:00,339,286,0.8436578171091446,0.15634218289085547,0.00016203703703703703,0.06580439814814815,0.1654050925925926,3
pooled,layer_aware,high_reverse_PageRank,pkv07288764,60219,109220,129604,0,1970-01-20T06:43:12+00:00,260,169,0.65,0.35,0.01170138888888889,0.01175925925925926,0.16508101851851853,4
pooled,layer_aware,high_reverse_PageRank,bharathimagdum,60219,109220,129604,0,1970-01-20T06:43:12+00:00,353,171,0.48441926345609065,0.5155807365439093,0.007175925925925926,0.09916666666666667,0.16440972222222222,4
pooled,layer_aware,high_reverse_PageRank,roardworld,60219,109220,129604,0,1970-01-20T06:43:12+00:00,267,141,0.5280898876404494,0.47191011235955055,0.0038194444444444443,0.0922337962962963,0.16539351851851852,3
pooled,layer_aware,high_reverse_PageRank,diptidange,60219,109220,129604,0,1970-01-20T06:43:12+00:00,167,57,0.3413173652694611,0.6586826347305389,0.09655092592592593,0.09655092592592593,0.16366898148148148,3
pooled,layer_aware,high_reverse_PageRank,sunil2819,60219,109220,129604,0,1970-01-20T06:43:12+00:00,119,36,0.3025210084033613,0.6974789915966386,0.004363425925925926,0.12128472222222222,0.16486111111111112,3
pooled,layer_aware,high_reverse_PageRank,dknair4bjp,60219,109220,129604,0,1970-01-20T06:43:12+00:00,787,160,0.20330368487928843,0.7966963151207116,0.02351851851851852,0.11519675925925926,0.1629861111111111,3
pooled,layer_aware,high_reverse_PageRank,dhanushjsp2003,60219,109220,129604,0,1970-01-20T06:43:12+00:00,3,3,1.0,0.0,0.15459490740740742,0.15459490740740742,0.15459490740740742,1
pooled,layer_aware,high_reverse_PageRank,drrkmohanty,60219,109220,129604,0,1970-01-20T06:43:12+00:00,3,3,1.0,0.0,0.12861111111111112,0.12861111111111112,0.12861111111111112,1
pooled,layer_aware,high_reverse_PageRank,perthusasia,60219,109220,129604,0,1970-01-20T06:43:12+00:00,3,3,1.0,0.0,0.07398148148148148,0.07398148148148148,0.07398148148148148,1
pooled,layer_aware,high_reverse_PageRank,aklalb,60219,109220,129604,0,1970-01-20T06:43:12+00:00,208,109,0.5240384615384616,0.47596153846153844,0.009351851851851853,0.10327546296296296,0.16315972222222222,3
pooled,layer_aware,high_reverse_PageRank,thatindicmonk,60219,109220,129604,0,1970-01-20T06:43:12+00:00,166,63,0.3795180722891566,0.6204819277108434,0.025173611111111112,0.05417824074074074,0.1634837962962963,3
pooled,layer_aware,high_reverse_PageRank,vyasa1968,60219,109220,129604,0,1970-01-20T06:43:12+00:00,352,69,0.19602272727272727,0.8039772727272727,0.00875,0.09950231481481482,0.16461805555555556,5
pooled,layer_aware,high_reverse_PageRank,umakantpandey_,60219,109220,129604,0,1970-01-20T06:43:12+00:00,157,58,0.36942675159235666,0.6305732484076433,0.04318287037037037,0.04318287037037037,0.16440972222222222,3
pooled,layer_aware,high_reverse_PageRank,ecityrising,60219,109220,129604,0,1970-01-20T06:43:12+00:00,141,61,0.4326241134751773,0.5673758865248227,0.011643518518518518,0.011643518518518518,0.16273148148148148,3
pooled,layer_aware,high_reverse_PageRank,iyer_rn,60219,109220,129604,0,1970-01-20T06:43:12+00:00,399,85,0.21303258145363407,0.7869674185463659,0.002372685185185185,0.09231481481481481,0.1462152777777778,3
pooled,layer_aware,high_reverse_PageRank,subcontinent111,60219,109220,129604,0,1970-01-20T06:43:12+00:00,37,31,0.8378378378378378,0.16216216216216217,0.022662037037037036,0.13321759259259258,0.16324074074074074,1
pooled,layer_aware,high_reverse_PageRank,kambakht_bhakt,60219,109220,129604,0,1970-01-20T06:43:12+00:00,31,30,0.967741935483871,0.03225806451612903,0.03163194444444444,0.031643518518518515,0.031643518518518515,1
pooled,layer_aware,high_reverse_PageRank,mukesh_ambanii_,60219,109220,129604,0,1970-01-20T06:43:12+00:00,961,50,0.05202913631633715,0.9479708636836629,0.08209490740740741,0.08209490740740741,0.08209490740740741,1
pooled,layer_aware,high_reverse_PageRank,simashah26,60219,109220,129604,0,1970-01-20T06:43:12+00:00,167,53,0.31736526946107785,0.6826347305389222,0.09215277777777778,0.15153935185185186,0.16424768518518518,2
pooled,layer_aware,high_reverse_PageRank,rajasantosh3,60219,109220,129604,0,1970-01-20T06:43:12+00:00,337,13,0.03857566765578635,0.9614243323442137,0.1310185185185185,0.1437037037037037,0.1645023148148148,2
pooled,layer_aware,high_reverse_PageRank,jpgmys,60219,109220,129604,0,1970-01-20T06:43:12+00:00,272,25,0.09191176470588236,0.9080882352941176,0.10784722222222222,0.10784722222222222,0.16538194444444446,2
pooled,layer_aware,high_reverse_PageRank,arungupta4760,60219,109220,129604,0,1970-01-20T06:43:12+00:00,176,72,0.4090909090909091,0.5909090909090909,0.056435185185185185,0.10725694444444445,0.16539351851851852,3
pooled,layer_aware,high_reverse_PageRank,rachitattweet,60219,109220,129604,0,1970-01-20T06:43:12+00:00,867,511,0.5893886966551326,0.41061130334486734,0.009189814814814816,0.071875,0.16539351851851852,6
pooled,layer_aware,high_reverse_PageRank,shashafrass,60219,109220,129604,0,1970-01-20T06:43:12+00:00,8,7,0.875,0.125,0.12565972222222221,0.12565972222222221,0.1257060185185185,1
pooled,layer_aware,high_reverse_PageRank,conspiratorfeku,60219,109220,129604,0,1970-01-20T06:43:12+00:00,79,65,0.8227848101265823,0.17721518987341772,0.0006828703703703704,0.0006828703703703704,0.15938657407407408,4
pooled,layer_aware,high_reverse_PageRank,dazzlingsnehal,60219,109220,129604,0,1970-01-20T06:43:12+00:00,174,66,0.3793103448275862,0.6206896551724138,0.0749537037037037,0.0749537037037037,0.16424768518518518,3
pooled,layer_aware,high_reverse_PageRank,pkm1999,60219,109220,129604,0,1970-01-20T06:43:12+00:00,483,206,0.42650103519668736,0.5734989648033126,0.0029976851851851853,0.08883680555555556,0.16539351851851852,3
pooled,layer_aware,high_reverse_PageRank,anu_iyengar_,60219,109220,129604,0,1970-01-20T06:43:12+00:00,256,50,0.1953125,0.8046875,0.032546296296296295,0.1283449074074074,0.16486111111111112,3
pooled,layer_aware,high_reverse_PageRank,rajeshk39804978,60219,109220,129604,0,1970-01-20T06:43:12+00:00,225,74,0.3288888888888889,0.6711111111111111,0.0415625,0.0415625,0.1603125,3
pooled,layer_aware,high_reverse_PageRank,kumarj9,60219,109220,129604,0,1970-01-20T06:43:12+00:00,194,44,0.2268041237113402,0.7731958762886598,0.024722222222222222,0.13849537037037038,0.1635300925925926,3
pooled,layer_aware,high_reverse_PageRank,pradeepr1981,60219,109220,129604,0,1970-01-20T06:43:12+00:00,25,25,1.0,0.0,0.047592592592592596,0.051493055555555556,0.08521990740740741,1
pooled,layer_aware,high_reverse_PageRank,ravipolara,60219,109220,129604,0,1970-01-20T06:43:12+00:00,162,83,0.5123456790123457,0.4876543209876543,0.0009143518518518518,0.010763888888888889,0.16273148148148148,3
pooled,layer_aware,high_reverse_PageRank,thepostnews11,60219,109220,129604,0,1970-01-20T06:43:12+00:00,11,11,1.0,0.0,0.015601851851851851,0.015601851851851851,0.15916666666666668,2
pooled,layer_aware,high_reverse_PageRank,venuds23,60219,109220,129604,0,1970-01-20T06:43:12+00:00,28,28,1.0,0.0,0.014537037037037038,0.1147511574074074,0.15726851851851853,1
pooled,layer_aware,high_reverse_PageRank,prithabandyop10,60219,109220,129604,0,1970-01-20T06:43:12+00:00,251,85,0.3386454183266932,0.6613545816733067,0.010810185185185185,0.09155092592592592,0.16273148148148148,3
pooled,layer_aware,high_reverse_PageRank,abhigyasharma97,60219,109220,129604,0,1970-01-20T06:43:12+00:00,186,36,0.1935483870967742,0.8064516129032258,0.0946412037037037,0.0946412037037037,0.1083449074074074,2
pooled,layer_aware,high_reverse_PageRank,aapkanarang,60219,109220,129604,0,1970-01-20T06:43:12+00:00,4,4,1.0,0.0,0.08177083333333333,0.08177083333333333,0.08177083333333333,1
pooled,layer_aware,high_reverse_PageRank,storizenmag,60219,109220,129604,0,1970-01-20T06:43:12+00:00,6,6,1.0,0.0,0.09530092592592593,0.10776041666666666,0.12552083333333333,2
pooled,layer_aware,high_reverse_PageRank,lonighaziabadup,60219,109220,129604,0,1970-01-20T06:43:12+00:00,149,68,0.4563758389261745,0.5436241610738255,0.06454861111111111,0.06454861111111111,0.16364583333333332,3
pooled,layer_aware,high_reverse_PageRank,drdavidgk,60219,109220,129604,0,1970-01-20T06:43:12+00:00,233,29,0.12446351931330472,0.8755364806866953,0.09251157407407408,0.12640046296296295,0.15476851851851853,3
pooled,layer_aware,high_reverse_PageRank,tirumuru_87,60219,109220,129604,0,1970-01-20T06:43:12+00:00,290,53,0.18275862068965518,0.8172413793103448,0.011631944444444445,0.12314814814814815,0.16461805555555556,8
pooled,layer_aware,high_reverse_PageRank,howardroark25,60219,109220,129604,0,1970-01-20T06:43:12+00:00,56,51,0.9107142857142857,0.08928571428571429,0.01576388888888889,0.04972222222222222,0.1267824074074074,3
pooled,layer_aware,high_reverse_PageRank,galattadotcom,60219,109220,129604,0,1970-01-20T06:43:12+00:00,2,2,1.0,0.0,0.015486111111111112,0.015486111111111112,0.015486111111111112,1
pooled,layer_aware,high_reverse_PageRank,marioiaguilar,60219,109220,129604,0,1970-01-20T06:43:12+00:00,2,2,1.0,0.0,0.15038194444444444,0.15038194444444444,0.15038194444444444,1
pooled,layer_aware,high_reverse_PageRank,khawajazaidman1,60219,109220,129604,0,1970-01-20T06:43:12+00:00,5,5,1.0,0.0,0.12778935185185186,0.12778935185185186,0.12778935185185186,1
pooled,layer_aware,high_reverse_PageRank,koshur_koul,60219,109220,129604,0,1970-01-20T06:43:12+00:00,5,5,1.0,0.0,0.1278125,0.1278125,0.1278125,1
pooled,layer_aware,high_reverse_PageRank,sanjaygupts1996,60219,109220,129604,0,1970-01-20T06:43:12+00:00,30,26,0.8666666666666667,0.13333333333333333,0.029548611111111112,0.08842592592592592,0.1605324074074074,2
pooled,layer_aware,high_reverse_PageRank,arunabhalahiri,60219,109220,129604,0,1970-01-20T06:43:12+00:00,325,52,0.16,0.84,0.01673611111111111,0.045405092592592594,0.16324074074074074,4
pooled,layer_aware,high_reverse_PageRank,somdipdey,60219,109220,129604,0,1970-01-20T06:43:12+00:00,2,2,1.0,0.0,0.09128472222222223,0.09128472222222223,0.09128472222222223,1
pooled,layer_aware,high_reverse_PageRank,timesnow,60219,109220,129604,0,1970-01-20T06:43:12+00:00,52,45,0.8653846153846154,0.1346153846153846,0.0044675925925925924,0.07453703703703704,0.15667824074074074,4
pooled,layer_aware,high_reverse_PageRank,vijh_naveen,60219,109220,129604,0,1970-01-20T06:43:12+00:00,27,22,0.8148148148148148,0.18518518518518517,0.16409722222222223,0.16409722222222223,0.16505787037037037,2
pooled,layer_aware,high_reverse_PageRank,karanva55756722,60219,109220,129604,0,1970-01-20T06:43:12+00:00,230,4,0.017391304347826087,0.9826086956521739,0.13041666666666665,0.13175925925925927,0.14878472222222222,2
pooled,layer_aware,high_reverse_PageRank,modiji_helpus,60219,109220,129604,0,1970-01-20T06:43:12+00:00,149,47,0.31543624161073824,0.6845637583892618,0.15938657407407408,0.15938657407407408,0.15938657407407408,1
pooled,layer_aware,high_reverse_PageRank,aniket12346139,60219,109220,129604,0,1970-01-20T06:43:12+00:00,19,19,1.0,0.0,0.12254629629629629,0.12254629629629629,0.12254629629629629,1
pooled,layer_aware,high_reverse_PageRank,_raghave,60219,109220,129604,0,1970-01-20T06:43:12+00:00,454,26,0.05726872246696035,0.9427312775330396,0.01542824074074074,0.01542824074074074,0.1647685185185185,3
pooled,layer_aware,high_reverse_PageRank,ekta0001,60219,109220,129604,0,1970-01-20T06:43:12+00:00,52,43,0.8269230769230769,0.17307692307692307,0.013865740740740741,0.08802083333333334,0.11267361111111111,2
pooled,layer_aware,high_reverse_PageRank,shahzadasadiqr,60219,109220,129604,0,1970-01-20T06:43:12+00:00,48,42,0.875,0.125,0.02236111111111111,0.08060185185185186,0.16137731481481482,2
pooled,layer_aware,high_reverse_PageRank,yeshwantmpuran1,60219,109220,129604,0,1970-01-20T06:43:12+00:00,318,44,0.13836477987421383,0.8616352201257862,0.054675925925925926,0.09960069444444444,0.16461805555555556,5
pooled,layer_aware,high_reverse_PageRank,tanejalawoffice,60219,109220,129604,0,1970-01-20T06:43:12+00:00,40,37,0.925,0.075,0.011712962962962963,0.08842592592592592,0.1605324074074074,3
pooled,layer_aware,high_reverse_PageRank,lavanyanivasini,60219,109220,129604,0,1970-01-20T06:43:12+00:00,24,24,1.0,0.0,0.11472222222222223,0.11472222222222223,0.15325231481481483,1
pooled,layer_aware,high_reverse_PageRank,indian_marathi,60219,109220,129604,0,1970-01-20T06:43:12+00:00,32,29,0.90625,0.09375,0.004722222222222222,0.04255787037037037,0.13923611111111112,2
pooled,layer_aware,high_reverse_PageRank,lokeshsharma085,60219,109220,129604,0,1970-01-20T06:43:12+00:00,21,17,0.8095238095238095,0.19047619047619047,0.008148148148148147,0.09194444444444444,0.13962962962962963,1
pooled,layer_aware,high_reverse_PageRank,gujunrupsas,60219,109220,129604,0,1970-01-20T06:43:12+00:00,278,152,0.5467625899280576,0.45323741007194246,0.005439814814814815,0.07361111111111111,0.16508101851851853,3
pooled,layer_aware,high_reverse_PageRank,srmane20mane,60219,109220,129604,0,1970-01-20T06:43:12+00:00,81,80,0.9876543209876543,0.012345679012345678,0.008622685185185185,0.0655613425925926,0.1604398148148148,3
pooled,layer_aware,high_reverse_PageRank,aadvikforu,60219,109220,129604,0,1970-01-20T06:43:12+00:00,26,13,0.5,0.5,0.14065972222222223,0.15325231481481483,0.15325231481481483,2
pooled,layer_aware,high_reverse_PageRank,baboobabli,60219,109220,129604,0,1970-01-20T06:43:12+00:00,5,5,1.0,0.0,0.054594907407407404,0.054594907407407404,0.05460648148148148,1
pooled,layer_aware,high_reverse_PageRank,sujournalist,60219,109220,129604,0,1970-01-20T06:43:12+00:00,116,13,0.11206896551724138,0.8879310344827587,0.15219907407407407,0.15219907407407407,0.15667824074074074,2
pooled,layer_aware,high_reverse_PageRank,roshansdrprop,60219,109220,129604,0,1970-01-20T06:43:12+00:00,147,67,0.4557823129251701,0.54421768707483,0.036689814814814814,0.05859953703703704,0.1603125,4
pooled,layer_aware,high_reverse_PageRank,twstopsfreespch,60219,109220,129604,0,1970-01-20T06:43:12+00:00,22,18,0.8181818181818182,0.18181818181818182,0.008680555555555556,0.110625,0.1623263888888889,2
pooled,layer_aware,high_reverse_PageRank,krishna78237984,60219,109220,129604,0,1970-01-20T06:43:12+00:00,162,13,0.08024691358024691,0.9197530864197531,0.13819444444444445,0.13819444444444445,0.1608564814814815,2
pooled,layer_aware,high_reverse_PageRank,bengalnewz,60219,109220,129604,0,1970-01-20T06:43:12+00:00,9,9,1.0,0.0,0.09431712962962963,0.10873842592592593,0.15913194444444445,2
pooled,layer_aware,high_reverse_PageRank,bhaskarsen11,60219,109220,129604,0,1970-01-20T06:43:12+00:00,170,52,0.3058823529411765,0.6941176470588235,0.003912037037037037,0.08461805555555556,0.16273148148148148,3
pooled,layer_aware,high_reverse_PageRank,raomeenakshi7,60219,109220,129604,0,1970-01-20T06:43:12+00:00,27,27,1.0,0.0,0.019618055555555555,0.0725462962962963,0.1463773148148148,2
pooled,layer_aware,high_reverse_PageRank,bengalnewzindia,60219,109220,129604,0,1970-01-20T06:43:12+00:00,9,8,0.8888888888888888,0.1111111111111111,0.09452546296296296,0.11882523148148148,0.15913194444444445,2
pooled,layer_aware,high_reverse_PageRank,chander75177644,60219,109220,129604,0,1970-01-20T06:43:12+00:00,40,35,0.875,0.125,0.013622685185185186,0.06125,0.15818287037037038,3
pooled,layer_aware,high_reverse_PageRank,nityastriker,60219,109220,129604,0,1970-01-20T06:43:12+00:00,228,32,0.14035087719298245,0.8596491228070176,0.04255787037037037,0.1295601851851852,0.15453703703703703,1
pooled,layer_aware,high_reverse_PageRank,nidhi17907074,60219,109220,129604,0,1970-01-20T06:43:12+00:00,14,9,0.6428571428571429,0.35714285714285715,0.09230324074074074,0.16174768518518517,0.16278935185185187,2
pooled,layer_aware,high_reverse_PageRank,vaakkaalan,60219,109220,129604,0,1970-01-20T06:43:12+00:00,339,20,0.058997050147492625,0.9410029498525073,0.08540509259259259,0.14207175925925927,0.1647685185185185,3
pooled,layer_aware,high_reverse_PageRank,pathakmedia,60219,109220,129604,0,1970-01-20T06:43:12+00:00,9,9,1.0,0.0,0.01818287037037037,0.01818287037037037,0.09414351851851852,1
pooled,layer_aware,high_reverse_PageRank,r3plyguy,60219,109220,129604,0,1970-01-20T06:43:12+00:00,8,6,0.75,0.25,0.1257060185185185,0.1257060185185185,0.1257060185185185,1
pooled,layer_aware,high_reverse_PageRank,prakashpnegi,60219,109220,129604,0,1970-01-20T06:43:12+00:00,21,17,0.8095238095238095,0.19047619047619047,0.01667824074074074,0.09194444444444444,0.13295138888888888,2
pooled,layer_aware,high_reverse_PageRank,adim2110,60219,109220,129604,0,1970-01-20T06:43:12+00:00,993,163,0.16414904330312186,0.8358509566968781,0.012256944444444445,0.10018518518518518,0.16539351851851852,5
pooled,layer_aware,high_reverse_PageRank,kubernein,60219,109220,129604,0,1970-01-20T06:43:12+00:00,3,3,1.0,0.0,0.06745370370370371,0.06745370370370371,0.06745370370370371,1
pooled,layer_aware,high_reverse_PageRank,realbeck_001,60219,109220,129604,0,1970-01-20T06:43:12+00:00,4,4,1.0,0.0,0.16395833333333334,0.16395833333333334,0.16395833333333334,1
pooled,layer_aware,high_reverse_PageRank,thunder_1817,60219,109220,129604,0,1970-01-20T06:43:12+00:00,4,4,1.0,0.0,0.1639699074074074,0.1639699074074074,0.1639699074074074,1
pooled,layer_aware,high_reverse_PageRank,iamkaranbachani,60219,109220,129604,0,1970-01-20T06:43:12+00:00,189,127,0.671957671957672,0.328042328042328,0.00020833333333333335,0.10021990740740741,0.16402777777777777,3
pooled,layer_aware,high_reverse_PageRank,madthak1,60219,109220,129604,0,1970-01-20T06:43:12+00:00,5,2,0.4,0.6,0.14954861111111112,0.14954861111111112,0.14954861111111112,1
pooled,layer_aware,high_reverse_PageRank,rveerreddy,60219,109220,129604,0,1970-01-20T06:43:12+00:00,60,55,0.9166666666666666,0.08333333333333333,0.012569444444444444,0.04570601851851852,0.13762731481481483,3
pooled,layer_aware,high_reverse_PageRank,sriramprasann15,60219,109220,129604,0,1970-01-20T06:43:12+00:00,146,37,0.2534246575342466,0.7465753424657534,0.005474537037037037,0.1142013888888889,0.1547337962962963,2
pooled,layer_aware,high_reverse_PageRank,shyjithk,60219,109220,129604,0,1970-01-20T06:43:12+00:00,142,60,0.4225352112676056,0.5774647887323944,0.05704861111111111,0.05704861111111111,0.16273148148148148,3
pooled,layer_aware,high_reverse_PageRank,narendra_nichi1,60219,109220,129604,0,1970-01-20T06:43:12+00:00,7,7,1.0,0.0,0.1567824074074074,0.1567824074074074,0.1567824074074074,1
pooled,layer_aware,high_reverse_PageRank,soniagurnani19,60219,109220,129604,0,1970-01-20T06:43:12+00:00,150,46,0.30666666666666664,0.6933333333333334,0.04100694444444444,0.09769675925925926,0.15893518518518518,3
pooled,layer_aware,high_reverse_PageRank,incashishsaini,60219,109220,129604,0,1970-01-20T06:43:12+00:00,5,3,0.6,0.4,0.03215277777777778,0.03215277777777778,0.07339120370370371,1
pooled,layer_aware,high_reverse_PageRank,manitagautamma1,60219,109220,129604,0,1970-01-20T06:43:12+00:00,19,19,1.0,0.0,0.0043287037037037035,0.029270833333333333,0.1411226851851852,1
pooled,layer_aware,high_reverse_PageRank,umoekaifiok,60219,109220,129604,0,1970-01-20T06:43:12+00:00,14,10,0.7142857142857143,0.2857142857142857,0.14541666666666667,0.15943287037037038,0.16278935185185187,2
pooled,layer_aware,high_reverse_PageRank,ramrajparty,60219,109220,129604,0,1970-01-20T06:43:12+00:00,8,8,1.0,0.0,0.08418981481481481,0.0921875,0.11135416666666667,1
pooled,layer_aware,high_reverse_PageRank,samarth_dubey29,60219,109220,129604,0,1970-01-20T06:43:12+00:00,69,53,0.7681159420289855,0.2318840579710145,0.0026157407407407405,0.026712962962962963,0.15364583333333334,4
pooled,layer_aware,high_reverse_PageRank,namoagain2_0,60219,109220,129604,0,1970-01-20T06:43:12+00:00,35,32,0.9142857142857143,0.08571428571428572,0.012268518518518519,0.06780092592592593,0.15542824074074074,3
pooled,layer_aware,high_reverse_PageRank,hoorsheikh_fiza,60219,109220,129604,0,1970-01-20T06:43:12+00:00,33,28,0.8484848484848485,0.15151515151515152,0.0005902777777777778,0.026180555555555554,0.1645601851851852,3
pooled,layer_aware,high_reverse_PageRank,kaleempkm,60219,109220,129604,0,1970-01-20T06:43:12+00:00,153,71,0.46405228758169936,0.5359477124183006,0.028657407407407406,0.11350694444444444,0.16539351851851852,3
pooled,layer_aware,high_reverse_PageRank,drjhavn1,60219,109220,129604,0,1970-01-20T06:43:12+00:00,151,56,0.3708609271523179,0.6291390728476821,0.05320601851851852,0.13135416666666666,0.1635300925925926,3
pooled,layer_aware,high_reverse_PageRank,bernarddmello,60219,109220,129604,0,1970-01-20T06:43:12+00:00,308,117,0.37987012987012986,0.6201298701298701,0.00037037037037037035,0.06060185185185185,0.16539351851851852,3
pooled,layer_aware,high_reverse_PageRank,marankothi,60219,109220,129604,0,1970-01-20T06:43:12+00:00,122,22,0.18032786885245902,0.819672131147541,0.1605324074074074,0.1605324074074074,0.1605324074074074,1
pooled,layer_aware,high_reverse_PageRank,purviparwani,60219,109220,129604,0,1970-01-20T06:43:12+00:00,15,15,1.0,0.0,0.011319444444444444,0.011319444444444444,0.011319444444444444,1
pooled,layer_aware,high_reverse_PageRank,agra3479,60219,109220,129604,0,1970-01-20T06:43:12+00:00,2,2,1.0,0.0,0.009131944444444444,0.01052662037037037,0.011921296296296296,1
pooled,layer_aware,high_reverse_PageRank,aavinashchaliha,60219,109220,129604,0,1970-01-20T06:43:12+00:00,38,34,0.8947368421052632,0.10526315789473684,0.001863425925925926,0.09281828703703704,0.15922453703703704,2
pooled,layer_aware,high_reverse_PageRank,sivatdpsklm,60219,109220,129604,0,1970-01-20T06:43:12+00:00,21,16,0.7619047619047619,0.23809523809523808,0.09616898148148148,0.09616898148148148,0.16530092592592593,3
pooled,layer_aware,high_reverse_PageRank,sundarikomola,60219,109220,129604,0,1970-01-20T06:43:12+00:00,74,20,0.2702702702702703,0.7297297297297297,0.1642361111111111,0.1642361111111111,0.1642361111111111,1
pooled,layer_aware,high_reverse_PageRank,satpathianupam,60219,109220,129604,0,1970-01-20T06:43:12+00:00,29,28,0.9655172413793104,0.034482758620689655,0.020474537037037038,0.09972800925925926,0.16508101851851853,2
pooled,layer_aware,high_reverse_PageRank,kelekachilka,60219,109220,129604,0,1970-01-20T06:43:12+00:00,141,37,0.2624113475177305,0.7375886524822695,0.14171296296296296,0.14171296296296296,0.14171296296296296,1
pooled,layer_aware,high_reverse_PageRank,pranaydubey22,60219,109220,129604,0,1970-01-20T06:43:12+00:00,141,60,0.425531914893617,0.574468085106383,0.040671296296296296,0.040671296296296296,0.16273148148148148,3
pooled,layer_aware,high_reverse_PageRank,nikita40607591,60219,109220,129604,0,1970-01-20T06:43:12+00:00,7,4,0.5714285714285714,0.42857142857142855,0.012222222222222223,0.012222222222222223,0.012222222222222223,1
pooled,layer_aware,high_reverse_PageRank,wantedchinmay,60219,109220,129604,0,1970-01-20T06:43:12+00:00,7,4,0.5714285714285714,0.42857142857142855,0.012210648148148148,0.012210648148148148,0.012210648148148148,1
pooled,layer_aware,high_reverse_PageRank,mahesh79989822,60219,109220,129604,0,1970-01-20T06:43:12+00:00,205,24,0.11707317073170732,0.8829268292682927,0.12649305555555557,0.14207175925925927,0.1652662037037037,2
pooled,layer_aware,high_reverse_PageRank,vishnufno,60219,109220,129604,0,1970-01-20T06:43:12+00:00,61,17,0.2786885245901639,0.7213114754098361,0.14164351851851853,0.14164351851851853,0.1430787037037037,2
pooled,layer_aware,high_reverse_PageRank,jessyskaria,60219,109220,129604,0,1970-01-20T06:43:12+00:00,15,15,1.0,0.0,0.1437037037037037,0.1437037037037037,0.1437037037037037,1
pooled,layer_aware,high_reverse_PageRank,rcrupit,60219,109220,129604,0,1970-01-20T06:43:12+00:00,64,43,0.671875,0.328125,0.010520833333333333,0.05037037037037037,0.16555555555555557,3
pooled,layer_aware,high_reverse_PageRank,politics_islam,60219,109220,129604,0,1970-01-20T06:43:12+00:00,17,17,1.0,0.0,0.025833333333333333,0.041574074074074076,0.05042824074074074,1
pooled,layer_aware,high_reverse_PageRank,rengaaa,60219,109220,129604,0,1970-01-20T06:43:12+00:00,34,20,0.5882352941176471,0.4117647058823529,0.0365625,0.03767361111111111,0.11961805555555556,2
pooled,layer_aware,high_reverse_PageRank,ivijayboi,60219,109220,129604,0,1970-01-20T06:43:12+00:00,161,68,0.422360248447205,0.577639751552795,0.05002314814814815,0.09430555555555556,0.1641087962962963,3
pooled,layer_aware,high_reverse_PageRank,unlimited_women,60219,109220,129604,0,1970-01-20T06:43:12+00:00,18,18,1.0,0.0,0.005208333333333333,0.08314236111111112,0.13037037037037036,2
pooled,layer_aware,high_reverse_PageRank,cindydg17,60219,109220,129604,0,1970-01-20T06:43:12+00:00,14,14,1.0,0.0,0.1296064814814815,0.1296064814814815,0.1296064814814815,1
pooled,layer_aware,high_reverse_PageRank,hamara_bhavishy,60219,109220,129604,0,1970-01-20T06:43:12+00:00,14,14,1.0,0.0,0.09068287037037037,0.09068287037037037,0.09068287037037037,1
pooled,layer_aware,high_reverse_PageRank,crchrth,60219,109220,129604,0,1970-01-20T06:43:12+00:00,40,4,0.1,0.9,0.14126157407407408,0.14765625,0.15405092592592592,2
pooled,layer_aware,high_reverse_PageRank,mitra_010,60219,109220,129604,0,1970-01-20T06:43:12+00:00,6,6,1.0,0.0,0.10171296296296296,0.13853009259259258,0.13853009259259258,1
pooled,layer_aware,high_reverse_PageRank,prafulvekaria,60219,109220,129604,0,1970-01-20T06:43:12+00:00,118,19,0.16101694915254236,0.8389830508474576,0.11939814814814814,0.1368287037037037,0.16430555555555557,2
pooled,layer_aware,high_reverse_PageRank,narne_kumar06,60219,109220,129604,0,1970-01-20T06:43:12+00:00,290,30,0.10344827586206896,0.896551724137931,0.07606481481481482,0.12969328703703703,0.16461805555555556,4
pooled,layer_aware,high_reverse_PageRank,vandanamegastar,60219,109220,129604,0,1970-01-20T06:43:12+00:00,213,65,0.3051643192488263,0.6948356807511737,0.01685185185185185,0.09125,0.16539351851851852,4
pooled,layer_aware,high_reverse_PageRank,digger_ind,60219,109220,129604,0,1970-01-20T06:43:12+00:00,123,1,0.008130081300813009,0.991869918699187,0.16194444444444445,0.16194444444444445,0.16194444444444445,1
pooled,layer_aware,high_reverse_PageRank,bandrabachha,60219,109220,129604,0,1970-01-20T06:43:12+00:00,24,19,0.7916666666666666,0.20833333333333334,0.12568287037037038,0.12568287037037038,0.13267361111111112,2
pooled,layer_aware,high_reverse_PageRank,curiosinsight,60219,109220,129604,0,1970-01-20T06:43:12+00:00,317,32,0.10094637223974763,0.8990536277602523,0.021689814814814815,0.14891203703703704,0.16461805555555556,2
pooled,layer_aware,high_reverse_PageRank,fansaashieshi2,60219,109220,129604,0,1970-01-20T06:43:12+00:00,18,18,1.0,0.0,0.022407407407407407,0.022407407407407407,0.022407407407407407,1
pooled,layer_aware,high_reverse_PageRank,indian___hindu,60219,109220,129604,0,1970-01-20T06:43:12+00:00,8,7,0.875,0.125,0.019814814814814816,0.03140046296296296,0.11887731481481481,1
pooled,layer_aware,high_reverse_PageRank,sanjibkbasu,60219,109220,129604,0,1970-01-20T06:43:12+00:00,180,68,0.37777777777777777,0.6222222222222222,0.010405092592592593,0.14390625,0.1603125,3
pooled,layer_aware,high_reverse_PageRank,libphobe,60219,109220,129604,0,1970-01-20T06:43:12+00:00,3,3,1.0,0.0,0.01920138888888889,0.01920138888888889,0.01920138888888889,1
pooled,layer_aware,high_reverse_PageRank,musingsofvivek,60219,109220,129604,0,1970-01-20T06:43:12+00:00,15,15,1.0,0.0,0.02515046296296296,0.02515046296296296,0.02515046296296296,1
pooled,layer_aware,high_reverse_PageRank,sirclouseau,60219,109220,129604,0,1970-01-20T06:43:12+00:00,62,46,0.7419354838709677,0.25806451612903225,0.005844907407407407,0.047690972222222225,0.15364583333333334,3
pooled,layer_aware,high_reverse_PageRank,bludexy,60219,109220,129604,0,1970-01-20T06:43:12+00:00,3,3,1.0,0.0,0.021770833333333333,0.021770833333333333,0.021770833333333333,1
pooled,layer_aware,high_reverse_PageRank,buffalodash,60219,109220,129604,0,1970-01-20T06:43:12+00:00,14,14,1.0,0.0,0.10841435185185185,0.10841435185185185,0.10841435185185185,1
pooled,layer_aware,high_reverse_PageRank,singh_robb,60219,109220,129604,0,1970-01-20T06:43:12+00:00,161,55,0.3416149068322981,0.6583850931677019,0.12278935185185186,0.12278935185185186,0.16424768518518518,2
pooled,layer_aware,high_reverse_PageRank,backbanger,60219,109220,129604,0,1970-01-20T06:43:12+00:00,5,5,1.0,0.0,0.11469907407407408,0.11469907407407408,0.13653935185185184,2
pooled,layer_aware,high_reverse_PageRank,zainahammedar,60219,109220,129604,0,1970-01-20T06:43:12+00:00,5,5,1.0,0.0,0.11469907407407408,0.11469907407407408,0.13653935185185184,2
pooled,layer_aware,high_reverse_PageRank,niks_2180,60219,109220,129604,0,1970-01-20T06:43:12+00:00,105,25,0.23809523809523808,0.7619047619047619,0.0745949074074074,0.13587962962962963,0.16273148148148148,3
pooled,layer_aware,high_reverse_PageRank,parthajosh,60219,109220,129604,0,1970-01-20T06:43:12+00:00,105,3,0.02857142857142857,0.9714285714285714,0.14429398148148148,0.14429398148148148,0.14429398148148148,1
pooled,layer_aware,high_reverse_PageRank,bipin_bhardwaj,60219,109220,129604,0,1970-01-20T06:43:12+00:00,4,4,1.0,0.0,0.02802083333333333,0.02802083333333333,0.02802083333333333,1
pooled,layer_aware,high_reverse_PageRank,arts_spacenews,60219,109220,129604,0,1970-01-20T06:43:12+00:00,1,1,1.0,0.0,0.10041666666666667,0.10041666666666667,0.10041666666666667,1
pooled,layer_aware,high_reverse_PageRank,easwaranrutnam,60219,109220,129604,0,1970-01-20T06:43:12+00:00,1,1,1.0,0.0,0.02627314814814815,0.02627314814814815,0.02627314814814815,1
pooled,layer_aware,high_reverse_PageRank,jokeyjokey7,60219,109220,129604,0,1970-01-20T06:43:12+00:00,1,1,1.0,0.0,0.0021759259259259258,0.0021759259259259258,0.0021759259259259258,1
pooled,layer_aware,high_reverse_PageRank,rvp,60219,109220,129604,0,1970-01-20T06:43:12+00:00,1,1,1.0,0.0,0.010289351851851852,0.010289351851851852,0.010289351851851852,1
pooled,layer_aware,high_reverse_PageRank,___67dawgman,60219,109220,129604,0,1970-01-20T06:43:12+00:00,3,3,1.0,0.0,0.09363425925925926,0.09363425925925926,0.09363425925925926,1
pooled,layer_aware,high_reverse_PageRank,dixie_jeff,60219,109220,129604,0,1970-01-20T06:43:12+00:00,3,3,1.0,0.0,0.13043981481481481,0.13043981481481481,0.13043981481481481,1
pooled,layer_aware,high_reverse_PageRank,faroebaldur,60219,109220,129604,0,1970-01-20T06:43:12+00:00,3,3,1.0,0.0,0.09363425925925926,0.09363425925925926,0.09363425925925926,1
pooled,layer_aware,high_reverse_PageRank,pothen,60219,109220,129604,0,1970-01-20T06:43:12+00:00,3,3,1.0,0.0,0.13064814814814815,0.13064814814814815,0.13064814814814815,1
pooled,layer_aware,high_reverse_PageRank,l_am_indian,60219,109220,129604,0,1970-01-20T06:43:12+00:00,126,24,0.19047619047619047,0.8095238095238095,0.03215277777777778,0.14092592592592593,0.1534837962962963,2
pooled,layer_aware,high_reverse_PageRank,amarender2412,60219,109220,129604,0,1970-01-20T06:43:12+00:00,8,7,0.875,0.125,0.028668981481481483,0.028668981481481483,0.11887731481481481,2
pooled,layer_aware,high_reverse_PageRank,azaadqalam,60219,109220,129604,0,1970-01-20T06:43:12+00:00,215,3,0.013953488372093023,0.986046511627907,0.15961805555555555,0.15961805555555555,0.15961805555555555,1
pooled,layer_aware,high_reverse_PageRank,arjuunna,60219,109220,129604,0,1970-01-20T06:43:12+00:00,3,3,1.0,0.0,0.021782407407407407,0.021782407407407407,0.021782407407407407,1
pooled,layer_aware,high_reverse_PageRank,captassamregt,60219,109220,129604,0,1970-01-20T06:43:12+00:00,201,114,0.5671641791044776,0.43283582089552236,0.03377314814814815,0.09078125000000001,0.16539351851851852,3
pooled,layer_aware,high_reverse_PageRank,vittal24911706,60219,109220,129604,0,1970-01-20T06:43:12+00:00,6,6,1.0,0.0,0.10171296296296296,0.13853009259259258,0.13853009259259258,2
pooled,layer_aware,high_reverse_PageRank,omarali50,60219,109220,129604,0,1970-01-20T06:43:12+00:00,168,31,0.18452380952380953,0.8154761904761905,0.0077777777777777776,0.1142013888888889,0.1547337962962963,3
pooled,layer_aware,high_reverse_PageRank,focusedpoor,60219,109220,129604,0,1970-01-20T06:43:12+00:00,3,2,0.6666666666666666,0.3333333333333333,0.01951388888888889,0.01951388888888889,0.01951388888888889,1
pooled,layer_aware,high_reverse_PageRank,gst183,60219,109220,129604,0,1970-01-20T06:43:12+00:00,13,13,1.0,0.0,0.1611226851851852,0.1611226851851852,0.1611226851851852,1
pooled,layer_aware,high_reverse_PageRank,nandinipai1,60219,109220,129604,0,1970-01-20T06:43:12+00:00,22,22,1.0,0.0,0.04748842592592593,0.14469907407407406,0.14469907407407406,2
pooled,layer_aware,high_reverse_PageRank,divyaam_1979,60219,109220,129604,0,1970-01-20T06:43:12+00:00,214,92,0.42990654205607476,0.5700934579439252,0.021689814814814815,0.021689814814814815,0.16273148148148148,3
pooled,layer_aware,high_reverse_PageRank,mysrgan,60219,109220,129604,0,1970-01-20T06:43:12+00:00,338,48,0.14201183431952663,0.8579881656804734,0.10821759259259259,0.15193287037037037,0.16539351851851852,4
pooled,layer_aware,high_reverse_PageRank,amal_sachinism,60219,109220,129604,0,1970-01-20T06:43:12+00:00,12,3,0.25,0.75,0.13864583333333333,0.13864583333333333,0.15222222222222223,1
pooled,layer_aware,high_reverse_PageRank,sandeepgargbrw,60219,109220,129604,0,1970-01-20T06:43:12+00:00,16,16,1.0,0.0,0.12361111111111112,0.12361111111111112,0.12361111111111112,1
pooled,layer_aware,high_reverse_PageRank,theprintindia,60219,109220,129604,0,1970-01-20T06:43:12+00:00,39,27,0.6923076923076923,0.3076923076923077,0.0014351851851851852,0.08842592592592592,0.15938657407407408,3
pooled,layer_aware,high_reverse_PageRank,jangliraja,60219,109220,129604,0,1970-01-20T06:43:12+00:00,124,45,0.3629032258064516,0.6370967741935484,0.016064814814814816,0.08461805555555556,0.16273148148148148,3
pooled,layer_aware,high_reverse_PageRank,rajalakshmij11,60219,109220,129604,0,1970-01-20T06:43:12+00:00,11,11,1.0,0.0,0.09424768518518518,0.09424768518518518,0.1634837962962963,2
pooled,layer_aware,high_reverse_PageRank,subshris,60219,109220,129604,0,1970-01-20T06:43:12+00:00,738,131,0.17750677506775067,0.8224932249322493,0.08120370370370371,0.10017361111111112,0.1635300925925926,3
pooled,layer_aware,high_reverse_PageRank,paraskghelaanii,60219,109220,129604,0,1970-01-20T06:43:12+00:00,134,36,0.26865671641791045,0.7313432835820896,0.002800925925925926,0.09159722222222222,0.1316087962962963,2
pooled,layer_aware,high_reverse_PageRank,hanuman_shakti,60219,109220,129604,0,1970-01-20T06:43:12+00:00,187,13,0.06951871657754011,0.93048128342246,0.017314814814814814,0.0583912037037037,0.16077546296296297,2
pooled,layer_aware,high_reverse_PageRank,sunilku54677431,60219,109220,129604,0,1970-01-20T06:43:12+00:00,32,28,0.875,0.125,0.12738425925925925,0.12738425925925925,0.1596064814814815,2
pooled,layer_aware,high_reverse_PageRank,tweetvachan,60219,109220,129604,0,1970-01-20T06:43:12+00:00,25,19,0.76,0.24,0.012407407407407407,0.12819444444444444,0.14814814814814814,2
pooled,layer_aware,high_reverse_PageRank,shivanshsthakur,60219,109220,129604,0,1970-01-20T06:43:12+00:00,23,17,0.7391304347826086,0.2608695652173913,0.009780092592592592,0.15652777777777777,0.15652777777777777,2
pooled,layer_aware,high_reverse_PageRank,an4bharat,60219,109220,129604,0,1970-01-20T06:43:12+00:00,83,57,0.6867469879518072,0.3132530120481928,0.025173611111111112,0.13407407407407407,0.1645949074074074,3
pooled,layer_aware,high_reverse_PageRank,sharma__sanjay,60219,109220,129604,0,1970-01-20T06:43:12+00:00,119,38,0.31932773109243695,0.680672268907563,0.026724537037037036,0.08125,0.16273148148148148,3
pooled,layer_aware,high_reverse_PageRank,kishanuppam,60219,109220,129604,0,1970-01-20T06:43:12+00:00,6,6,1.0,0.0,0.15068287037037037,0.15241898148148147,0.15364583333333334,1
pooled,layer_aware,high_reverse_PageRank,darthkot97,60219,109220,129604,0,1970-01-20T06:43:12+00:00,304,12,0.039473684210526314,0.9605263157894737,0.06128472222222222,0.10600694444444445,0.14927083333333332,2
pooled,layer_aware,high_reverse_PageRank,sandhumannu0476,60219,109220,129604,0,1970-01-20T06:43:12+00:00,205,28,0.13658536585365855,0.8634146341463415,0.02011574074074074,0.12317708333333334,0.1472800925925926,2
pooled,layer_aware,high_reverse_PageRank,eccentricraj,60219,109220,129604,0,1970-01-20T06:43:12+00:00,132,37,0.2803030303030303,0.7196969696969697,0.047372685185185184,0.09306712962962962,0.10185185185185185,1
pooled,layer_aware,high_reverse_PageRank,jia22071342,60219,109220,129604,0,1970-01-20T06:43:12+00:00,310,6,0.01935483870967742,0.9806451612903225,0.029548611111111112,0.053969907407407404,0.0783912037037037,2
pooled,layer_aware,high_reverse_PageRank,indiay20,60219,109220,129604,0,1970-01-20T06:43:12+00:00,2,2,1.0,0.0,0.08465277777777777,0.08465277777777777,0.08465277777777777,1
pooled,layer_aware,high_reverse_PageRank,rohitmgaikwad,60219,109220,129604,0,1970-01-20T06:43:12+00:00,205,72,0.35121951219512193,0.6487804878048781,0.0019212962962962964,0.07892361111111111,0.1635300925925926,3
pooled,layer_aware,high_reverse_PageRank,deep_aag,60219,109220,129604,0,1970-01-20T06:43:12+00:00,170,65,0.38235294117647056,0.6176470588235294,0.10496527777777778,0.10496527777777778,0.16424768518518518,3
pooled,layer_aware,high_reverse_PageRank,nepallover123,60219,109220,129604,0,1970-01-20T06:43:12+00:00,4,4,1.0,0.0,0.02230324074074074,0.02230324074074074,0.022476851851851852,1
pooled,layer_aware,high_reverse_PageRank,therajaputra,60219,109220,129604,0,1970-01-20T06:43:12+00:00,3,3,1.0,0.0,0.015752314814814816,0.023275462962962963,0.03450231481481481,1
pooled,layer_aware,high_reverse_PageRank,pklections,60219,109220,129604,0,1970-01-20T06:43:12+00:00,20,20,1.0,0.0,0.1524537037037037,0.16043402777777777,0.16398148148148148,1
pooled,layer_aware,high_reverse_PageRank,arundeshpande20,60219,109220,129604,0,1970-01-20T06:43:12+00:00,426,19,0.04460093896713615,0.9553990610328639,0.09592592592592593,0.10820601851851852,0.1284375,2
pooled,layer_aware,high_reverse_PageRank,_pratikdutta,60219,109220,129604,0,1970-01-20T06:43:12+00:00,19,14,0.7368421052631579,0.2631578947368421,0.0825,0.0825,0.16527777777777777,3
pooled,layer_aware,high_reverse_PageRank,jaminkhan34,60219,109220,129604,0,1970-01-20T06:43:12+00:00,189,21,0.1111111111111111,0.8888888888888888,0.05604166666666666,0.10390046296296296,0.1478587962962963,3
pooled,layer_aware,high_reverse_PageRank,godifyouexistaa,60219,109220,129604,0,1970-01-20T06:43:12+00:00,31,30,0.967741935483871,0.03225806451612903,0.03642361111111111,0.03642361111111111,0.16364583333333332,3
pooled,layer_aware,high_reverse_PageRank,rolandbr82,60219,109220,129604,0,1970-01-20T06:43:12+00:00,17,12,0.7058823529411765,0.29411764705882354,0.02505787037037037,0.12392361111111111,0.12392361111111111,2
pooled,layer_aware,high_reverse_PageRank,shukla1230,60219,109220,129604,0,1970-01-20T06:43:12+00:00,219,6,0.0273972602739726,0.9726027397260274,0.010486111111111111,0.010486111111111111,0.09791666666666667,1
pooled,layer_aware,high_reverse_PageRank,srinath46720703,60219,109220,129604,0,1970-01-20T06:43:12+00:00,11,2,0.18181818181818182,0.8181818181818182,0.10440972222222222,0.10440972222222222,0.10440972222222222,1
pooled,layer_aware,high_reverse_PageRank,prnmohan,60219,109220,129604,0,1970-01-20T06:43:12+00:00,917,104,0.1134133042529989,0.8865866957470011,0.024155092592592593,0.12649305555555557,0.1652662037037037,4
pooled,layer_aware,high_reverse_PageRank,naveenn29048960,60219,109220,129604,0,1970-01-20T06:43:12+00:00,40,6,0.15,0.85,0.1467013888888889,0.1467013888888889,0.15585648148148148,2
pooled,layer_aware,high_reverse_PageRank,kalpeshmak16,60219,109220,129604,0,1970-01-20T06:43:12+00:00,14,9,0.6428571428571429,0.35714285714285715,0.12392361111111111,0.12392361111111111,0.12392361111111111,1
pooled,layer_aware,high_reverse_PageRank,bollywoodventu,60219,109220,129604,0,1970-01-20T06:43:12+00:00,163,58,0.3558282208588957,0.6441717791411042,0.10918981481481481,0.10918981481481481,0.16424768518518518,2
pooled,layer_aware,high_reverse_PageRank,ima_indian,60219,109220,129604,0,1970-01-20T06:43:12+00:00,173,57,0.32947976878612717,0.6705202312138728,0.0017592592592592592,0.04038194444444444,0.15841435185185185,3
pooled,layer_aware,high_reverse_PageRank,talwinder20,60219,109220,129604,0,1970-01-20T06:43:12+00:00,169,84,0.4970414201183432,0.5029585798816568,0.006550925925925926,0.006550925925925926,0.16273148148148148,4
pooled,layer_aware,high_reverse_PageRank,cnnnews18,60219,109220,129604,0,1970-01-20T06:43:12+00:00,28,26,0.9285714285714286,0.07142857142857142,0.0020833333333333333,0.12680555555555556,0.16539351851851852,2
pooled,layer_aware,high_reverse_PageRank,katheleenmitro,60219,109220,129604,0,1970-01-20T06:43:12+00:00,3,3,1.0,0.0,0.0077083333333333335,0.0077083333333333335,0.0077083333333333335,1
pooled,layer_aware,high_reverse_PageRank,plebeuspantomi1,60219,109220,129604,0,1970-01-20T06:43:12+00:00,3,3,1.0,0.0,0.007766203703703704,0.007766203703703704,0.007766203703703704,1
pooled,layer_aware,high_reverse_PageRank,dhanashree0110,60219,109220,129604,0,1970-01-20T06:43:12+00:00,34,24,0.7058823529411765,0.29411764705882354,0.050277777777777775,0.05708333333333333,0.1448148148148148,2
pooled,layer_aware,high_reverse_PageRank,gourishg2,60219,109220,129604,0,1970-01-20T06:43:12+00:00,281,90,0.3202846975088968,0.6797153024911032,0.046469907407407404,0.12241898148148148,0.16539351851851852,3
pooled,layer_aware,high_reverse_PageRank,civilkhan1,60219,109220,129604,0,1970-01-20T06:43:12+00:00,25,25,1.0,0.0,0.013009259259259259,0.12006944444444445,0.15005787037037038,2
pooled,layer_aware,high_reverse_PageRank,kirtithorat5,60219,109220,129604,0,1970-01-20T06:43:12+00:00,214,56,0.2616822429906542,0.7383177570093458,0.0005324074074074074,0.07849537037037037,0.1603125,3
pooled,layer_aware,high_reverse_PageRank,naatil_evideya,60219,109220,129604,0,1970-01-20T06:43:12+00:00,12,12,1.0,0.0,0.04020833333333333,0.04020833333333333,0.15222222222222223,2
pooled,layer_aware,high_reverse_PageRank,shenoy_vishal,60219,109220,129604,0,1970-01-20T06:43:12+00:00,917,52,0.05670665212649945,0.9432933478735005,0.06225694444444444,0.13381944444444444,0.1645023148148148,3
pooled,layer_aware,high_reverse_PageRank,maharaj_ishu,60219,109220,129604,0,1970-01-20T06:43:12+00:00,244,33,0.13524590163934427,0.8647540983606558,0.0825462962962963,0.11671296296296296,0.1635300925925926,3
pooled,layer_aware,high_reverse_PageRank,lloydrodr28,60219,109220,129604,0,1970-01-20T06:43:12+00:00,168,128,0.7619047619047619,0.23809523809523808,0.0011111111111111111,0.0707986111111111,0.16539351851851852,4
pooled,layer_aware,high_reverse_PageRank,orbind1,60219,109220,129604,0,1970-01-20T06:43:12+00:00,138,20,0.14492753623188406,0.855072463768116,0.11775462962962963,0.12560185185185185,0.13359953703703703,2
pooled,layer_aware,high_reverse_PageRank,junglijalebi,60219,109220,129604,0,1970-01-20T06:43:12+00:00,172,73,0.42441860465116277,0.5755813953488372,0.013460648148148149,0.10894675925925926,0.16539351851851852,4
pooled,layer_aware,high_reverse_PageRank,bhagyavanthanu,60219,109220,129604,0,1970-01-20T06:43:12+00:00,6,5,0.8333333333333334,0.16666666666666666,0.15119212962962963,0.15364583333333334,0.15364583333333334,2
pooled,layer_aware,high_reverse_PageRank,ajaygond04,60219,109220,129604,0,1970-01-20T06:43:12+00:00,12,12,1.0,0.0,0.09265046296296296,0.09265046296296296,0.09265046296296296,1
pooled,layer_aware,high_reverse_PageRank,hansragurpreet,60219,109220,129604,0,1970-01-20T06:43:12+00:00,14,12,0.8571428571428571,0.14285714285714285,0.04905092592592593,0.04905092592592593,0.04905092592592593,1
pooled,layer_aware,high_reverse_PageRank,abhishekindoria,60219,109220,129604,0,1970-01-20T06:43:12+00:00,20,18,0.9,0.1,0.12125,0.12125,0.1289236111111111,1
pooled,layer_aware,high_reverse_PageRank,roary2035,60219,109220,129604,0,1970-01-20T06:43:12+00:00,18,15,0.8333333333333334,0.16666666666666666,0.06923611111111111,0.10928240740740741,0.16037037037037036,2
pooled,layer_aware,high_reverse_PageRank,abhisek17191664,60219,109220,129604,0,1970-01-20T06:43:12+00:00,307,12,0.03908794788273615,0.9609120521172638,0.003576388888888889,0.00365162037037037,0.0783912037037037,1
pooled,layer_aware,high_reverse_PageRank,priyangmenon,60219,109220,129604,0,1970-01-20T06:43:12+00:00,99,49,0.494949494949495,0.5050505050505051,0.019085648148148147,0.13828703703703704,0.1584837962962963,2
pooled,layer_aware,high_reverse_PageRank,lopes_naz,60219,109220,129604,0,1970-01-20T06:43:12+00:00,961,36,0.037460978147762745,0.9625390218522373,0.15649305555555557,0.1596064814814815,0.1650925925925926,2
pooled,layer_aware,high_reverse_PageRank,therenndogg,60219,109220,129604,0,1970-01-20T06:43:12+00:00,8,7,0.875,0.125,0.12560185185185185,0.12560185185185185,0.1257060185185185,2
pooled,layer_aware,high_reverse_PageRank,passionfornews,60219,109220,129604,0,1970-01-20T06:43:12+00:00,183,85,0.4644808743169399,0.5355191256830601,0.024155092592592593,0.10659722222222222,0.1635300925925926,3
pooled,layer_aware,high_reverse_PageRank,mudassirrahman0,60219,109220,129604,0,1970-01-20T06:43:12+00:00,17,17,1.0,0.0,0.0962962962962963,0.0962962962962963,0.12438657407407408,1
pooled,layer_aware,high_reverse_PageRank,rituparnasarm10,60219,109220,129604,0,1970-01-20T06:43:12+00:00,22,22,1.0,0.0,0.0005555555555555556,0.0011168981481481481,0.04666666666666667,1
pooled,layer_aware,high_reverse_PageRank,so_fa_kinghappy,60219,109220,129604,0,1970-01-20T06:43:12+00:00,4,1,0.25,0.75,0.02244212962962963,0.02244212962962963,0.02244212962962963,1
pooled,layer_aware,high_reverse_PageRank,utsavpansari,60219,109220,129604,0,1970-01-20T06:43:12+00:00,150,41,0.2733333333333333,0.7266666666666667,0.028171296296296295,0.1237037037037037,0.15893518518518518,2
pooled,layer_aware,high_reverse_PageRank,parthodas_,60219,109220,129604,0,1970-01-20T06:43:12+00:00,3,3,1.0,0.0,0.01568287037037037,0.023275462962962963,0.03450231481481481,2
pooled,layer_aware,high_reverse_PageRank,indian_better,60219,109220,129604,0,1970-01-20T06:43:12+00:00,140,32,0.22857142857142856,0.7714285714285715,0.04476851851851852,0.14089120370370373,0.1571759259259259,1
pooled,layer_aware,high_reverse_PageRank,american_47,60219,109220,129604,0,1970-01-20T06:43:12+00:00,12,12,1.0,0.0,0.018229166666666668,0.018229166666666668,0.018229166666666668,1
pooled,layer_aware,high_reverse_PageRank,anand_kumar86,60219,109220,129604,0,1970-01-20T06:43:12+00:00,14,14,1.0,0.0,0.0027430555555555554,0.0027430555555555554,0.14825231481481482,2
pooled,layer_aware,high_reverse_PageRank,vanaga_mudi,60219,109220,129604,0,1970-01-20T06:43:12+00:00,5,5,1.0,0.0,0.010023148148148147,0.010023148148148147,0.010023148148148147,1
pooled,layer_aware,high_reverse_PageRank,vidhyas33835629,60219,109220,129604,0,1970-01-20T06:43:12+00:00,5,5,1.0,0.0,0.009953703703703704,0.009953703703703704,0.009953703703703704,1
pooled,layer_aware,high_reverse_PageRank,tonyjames_here,60219,109220,129604,0,1970-01-20T06:43:12+00:00,3,3,1.0,0.0,0.010671296296296297,0.010671296296296297,0.010671296296296297,1
pooled,layer_aware,high_reverse_PageRank,shobhasagar,60219,109220,129604,0,1970-01-20T06:43:12+00:00,125,41,0.328,0.672,0.04517361111111111,0.08332175925925926,0.16273148148148148,3
pooled,layer_aware,high_reverse_PageRank,globalsitizn,60219,109220,129604,0,1970-01-20T06:43:12+00:00,8,5,0.625,0.375,0.013969907407407407,0.09871527777777778,0.12805555555555556,1
pooled,layer_aware,high_reverse_PageRank,jredoss,60219,109220,129604,0,1970-01-20T06:43:12+00:00,12,12,1.0,0.0,0.06731481481481481,0.06731481481481481,0.06731481481481481,1
pooled,layer_aware,high_reverse_PageRank,deel_0072,60219,109220,129604,0,1970-01-20T06:43:12+00:00,11,11,1.0,0.0,0.10928240740740741,0.10928240740740741,0.10928240740740741,1
pooled,layer_aware,high_reverse_PageRank,parashramrathod,60219,109220,129604,0,1970-01-20T06:43:12+00:00,11,11,1.0,0.0,0.015601851851851851,0.015601851851851851,0.015601851851851851,1
pooled,layer_aware,high_reverse_PageRank,tibetpeople,60219,109220,129604,0,1970-01-20T06:43:12+00:00,11,11,1.0,0.0,0.01752314814814815,0.01752314814814815,0.01752314814814815,1
pooled,layer_aware,high_reverse_PageRank,varun_yad22,60219,109220,129604,0,1970-01-20T06:43:12+00:00,146,44,0.3013698630136986,0.6986301369863014,0.003460648148148148,0.09716435185185185,0.15667824074074074,3
pooled,layer_aware,high_reverse_PageRank,vijayhema87,60219,109220,129604,0,1970-01-20T06:43:12+00:00,409,89,0.2176039119804401,0.78239608801956,0.0012962962962962963,0.09174768518518518,0.16366898148148148,4
pooled,layer_aware,high_reverse_PageRank,ejazea92,60219,109220,129604,0,1970-01-20T06:43:12+00:00,19,17,0.8947368421052632,0.10526315789473684,0.003587962962962963,0.15652777777777777,0.15652777777777777,2
pooled,layer_aware,high_reverse_PageRank,special_033,60219,109220,129604,0,1970-01-20T06:43:12+00:00,19,18,0.9473684210526315,0.05263157894736842,0.08537037037037037,0.08537037037037037,0.16405092592592593,2
pooled,layer_aware,high_reverse_PageRank,___ambassador__,60219,109220,129604,0,1970-01-20T06:43:12+00:00,14,10,0.7142857142857143,0.2857142857142857,0.037488425925925925,0.08108796296296297,0.16061342592592592,2
pooled,layer_aware,high_reverse_PageRank,krispwales,60219,109220,129604,0,1970-01-20T06:43:12+00:00,3,3,1.0,0.0,0.010694444444444444,0.010694444444444444,0.010694444444444444,1
pooled,layer_aware,high_reverse_PageRank,sivaramj7,60219,109220,129604,0,1970-01-20T06:43:12+00:00,199,22,0.11055276381909548,0.8894472361809045,0.029618055555555557,0.1433449074074074,0.1628125,3
pooled,layer_aware,high_reverse_PageRank,ansom68,60219,109220,129604,0,1970-01-20T06:43:12+00:00,165,47,0.28484848484848485,0.7151515151515152,0.04366898148148148,0.07114583333333334,0.16539351851851852,3
pooled,layer_aware,high_reverse_PageRank,vineet66,60219,109220,129604,0,1970-01-20T06:43:12+00:00,145,73,0.503448275862069,0.496551724137931,0.0020949074074074073,0.05741898148148148,0.16366898148148148,3
pooled,layer_aware,high_reverse_PageRank,indian_online,60219,109220,129604,0,1970-01-20T06:43:12+00:00,216,61,0.2824074074074074,0.7175925925925926,0.005393518518518519,0.06365740740740741,0.16358796296296296,3
pooled,layer_aware,high_reverse_PageRank,shaziaa222,60219,109220,129604,0,1970-01-20T06:43:12+00:00,170,67,0.3941176470588235,0.6058823529411764,0.03144675925925926,0.03144675925925926,0.16424768518518518,3
pooled,layer_aware,high_reverse_PageRank,rakeshp93001401,60219,109220,129604,0,1970-01-20T06:43:12+00:00,157,39,0.2484076433121019,0.7515923566878981,0.011516203703703704,0.11002314814814815,0.1547337962962963,4
pooled,layer_aware,high_reverse_PageRank,imdaddy2648,60219,109220,129604,0,1970-01-20T06:43:12+00:00,4,4,1.0,0.0,0.14537037037037037,0.15036458333333333,0.1553587962962963,1
pooled,layer_aware,high_reverse_PageRank,pradeepv21,60219,109220,129604,0,1970-01-20T06:43:12+00:00,127,48,0.3779527559055118,0.6220472440944882,0.016724537037037038,0.0756886574074074,0.16273148148148148,3
pooled,layer_aware,high_reverse_PageRank,milveteran,60219,109220,129604,0,1970-01-20T06:43:12+00:00,30,24,0.8,0.2,0.05333333333333334,0.12717592592592591,0.1629861111111111,2
pooled,layer_aware,high_reverse_PageRank,rajtmulchandani,60219,109220,129604,0,1970-01-20T06:43:12+00:00,21,19,0.9047619047619048,0.09523809523809523,0.04212962962962963,0.04212962962962963,0.13328703703703704,3
pooled,layer_aware,high_reverse_PageRank,pauloindia,60219,109220,129604,0,1970-01-20T06:43:12+00:00,18,18,1.0,0.0,0.050416666666666665,0.14469907407407406,0.14469907407407406,1
pooled,layer_aware,high_reverse_PageRank,neenarichie33,60219,109220,129604,0,1970-01-20T06:43:12+00:00,15,15,1.0,0.0,0.006759259259259259,0.007511574074074074,0.03449074074074074,1
pooled,layer_aware,high_reverse_PageRank,srfinance2,60219,109220,129604,0,1970-01-20T06:43:12+00:00,11,11,1.0,0.0,0.07325231481481481,0.07325231481481481,0.07325231481481481,1
pooled,layer_aware,high_reverse_PageRank,prateekpanda441,60219,109220,129604,0,1970-01-20T06:43:12+00:00,114,16,0.14035087719298245,0.8596491228070176,0.13824074074074075,0.13824074074074075,0.13824074074074075,1
pooled,layer_aware,high_reverse_PageRank,dr_drsmichael,60219,109220,129604,0,1970-01-20T06:43:12+00:00,8,2,0.25,0.75,0.12733796296296296,0.12733796296296296,0.12733796296296296,1
pooled,layer_aware,high_reverse_PageRank,abdul72gaffar,60219,109220,129604,0,1970-01-20T06:43:12+00:00,19,18,0.9473684210526315,0.05263157894736842,0.050104166666666665,0.050104166666666665,0.15356481481481482,2
pooled,layer_aware,high_reverse_PageRank,dr_pammymc,60219,109220,129604,0,1970-01-20T06:43:12+00:00,15,15,1.0,0.0,0.0849074074074074,0.0849074074074074,0.09866898148148148,1
pooled,layer_aware,high_reverse_PageRank,cadlam,60219,109220,129604,0,1970-01-20T06:43:12+00:00,11,11,1.0,0.0,0.034131944444444444,0.034131944444444444,0.14458333333333334,2
pooled,layer_aware,high_reverse_PageRank,neurodoctor4,60219,109220,129604,0,1970-01-20T06:43:12+00:00,33,33,1.0,0.0,0.0006597222222222222,0.0027430555555555554,0.05938657407407407,2
pooled,layer_aware,high_reverse_PageRank,vasportsandent1,60219,109220,129604,0,1970-01-20T06:43:12+00:00,36,13,0.3611111111111111,0.6388888888888888,0.09175925925925926,0.14616898148148147,0.15585648148148148,1
pooled,layer_aware,high_reverse_PageRank,prabalghorai,60219,109220,129604,0,1970-01-20T06:43:12+00:00,30,29,0.9666666666666667,0.03333333333333333,0.004293981481481481,0.07918981481481481,0.14831018518518518,2
pooled,layer_aware,high_reverse_PageRank,india_on_move,60219,109220,129604,0,1970-01-20T06:43:12+00:00,255,82,0.3215686274509804,0.6784313725490196,0.0014583333333333334,0.10579282407407407,0.16472222222222221,5
pooled,layer_aware,high_reverse_PageRank,drnitinchaube,60219,109220,129604,0,1970-01-20T06:43:12+00:00,734,72,0.09809264305177112,0.9019073569482289,0.02528935185185185,0.12352430555555555,0.16539351851851852,3
pooled,layer_aware,high_reverse_PageRank,mindgage,60219,109220,129604,0,1970-01-20T06:43:12+00:00,2,2,1.0,0.0,0.05625,0.10978587962962963,0.16332175925925926,1
pooled,layer_aware,high_reverse_PageRank,otherotheryan,60219,109220,129604,0,1970-01-20T06:43:12+00:00,2,2,1.0,0.0,0.12510416666666666,0.12510416666666666,0.12510416666666666,1
pooled,layer_aware,high_reverse_PageRank,tulunadus,60219,109220,129604,0,1970-01-20T06:43:12+00:00,2,2,1.0,0.0,0.16180555555555556,0.16180555555555556,0.16180555555555556,1
pooled,layer_aware,high_reverse_PageRank,killwick299,60219,109220,129604,0,1970-01-20T06:43:12+00:00,420,11,0.02619047619047619,0.9738095238095238,0.09859953703703704,0.13175925925925927,0.1527199074074074,3
pooled,layer_aware,high_reverse_PageRank,gaulechhanitin,60219,109220,129604,0,1970-01-20T06:43:12+00:00,4,4,1.0,0.0,0.013321759259259259,0.013321759259259259,0.04717592592592593,1
pooled,layer_aware,high_reverse_PageRank,tilakbm,60219,109220,129604,0,1970-01-20T06:43:12+00:00,915,337,0.36830601092896176,0.6316939890710382,0.0011458333333333333,0.11385416666666667,0.16539351851851852,6
pooled,layer_aware,high_reverse_PageRank,anikets41618905,60219,109220,129604,0,1970-01-20T06:43:12+00:00,3,3,1.0,0.0,0.04116898148148148,0.04116898148148148,0.04116898148148148,1
pooled,layer_aware,high_reverse_PageRank,huzaifa12916549,60219,109220,129604,0,1970-01-20T06:43:12+00:00,3,3,1.0,0.0,0.04125,0.04125,0.04125,1
pooled,layer_aware,high_reverse_PageRank,kannadave_usiru,60219,109220,129604,0,1970-01-20T06:43:12+00:00,160,28,0.175,0.825,0.03765046296296296,0.0994386574074074,0.16255787037037037,3
pooled,layer_aware,high_reverse_PageRank,vulcanjoker,60219,109220,129604,0,1970-01-20T06:43:12+00:00,4,4,1.0,0.0,0.013402777777777777,0.013402777777777777,0.04717592592592593,2
pooled,layer_aware,high_reverse_PageRank,basedbookshelf,60219,109220,129604,0,1970-01-20T06:43:12+00:00,11,11,1.0,0.0,0.06072916666666667,0.06072916666666667,0.06072916666666667,1
pooled,layer_aware,high_reverse_PageRank,nimesh_yb,60219,109220,129604,0,1970-01-20T06:43:12+00:00,23,23,1.0,0.0,0.14511574074074074,0.14511574074074074,0.14511574074074074,1
pooled,layer_aware,high_reverse_PageRank,kashmireahasaan,60219,109220,129604,0,1970-01-20T06:43:12+00:00,11,10,0.9090909090909091,0.09090909090909091,0.11362268518518519,0.11362268518518519,0.11362268518518519,1
pooled,layer_aware,high_reverse_PageRank,bomber_ant,60219,109220,129604,0,1970-01-20T06:43:12+00:00,49,29,0.5918367346938775,0.40816326530612246,0.010532407407407407,0.10699074074074075,0.16555555555555557,3
pooled,layer_aware,high_reverse_PageRank,legokingo,60219,109220,129604,0,1970-01-20T06:43:12+00:00,2,2,1.0,0.0,0.1247337962962963,0.1247337962962963,0.1247337962962963,1
pooled,layer_aware,high_reverse_PageRank,ghoshkk,60219,109220,129604,0,1970-01-20T06:43:12+00:00,237,104,0.4388185654008439,0.5611814345991561,0.015162037037037036,0.12154513888888888,0.16539351851851852,2
pooled,layer_aware,high_reverse_PageRank,rishijoesanu,60219,109220,129604,0,1970-01-20T06:43:12+00:00,181,43,0.23756906077348067,0.7624309392265194,0.026747685185185187,0.11002314814814815,0.16563657407407406,5
pooled,layer_aware,high_reverse_PageRank,akanuv108,60219,109220,129604,0,1970-01-20T06:43:12+00:00,42,15,0.35714285714285715,0.6428571428571429,0.1037037037037037,0.1553125,0.1624537037037037,2
pooled,layer_aware,high_reverse_PageRank,amankupa,60219,109220,129604,0,1970-01-20T06:43:12+00:00,4,4,1.0,0.0,0.14552083333333332,0.1504398148148148,0.1553587962962963,2
pooled,layer_aware,high_reverse_PageRank,fadasonnnamdi,60219,109220,129604,0,1970-01-20T06:43:12+00:00,14,11,0.7857142857142857,0.21428571428571427,0.1529861111111111,0.1529861111111111,0.1529861111111111,1
pooled,layer_aware,high_reverse_PageRank,mmjavaida,60219,109220,129604,0,1970-01-20T06:43:12+00:00,12,12,1.0,0.0,0.03960648148148148,0.03960648148148148,0.03960648148148148,1
pooled,layer_aware,high_reverse_PageRank,dharma4x,60219,109220,129604,0,1970-01-20T06:43:12+00:00,195,72,0.36923076923076925,0.6307692307692307,0.010451388888888889,0.08155092592592593,0.16539351851851852,4
pooled,layer_aware,high_reverse_PageRank,tamilkarthik75,60219,109220,129604,0,1970-01-20T06:43:12+00:00,290,50,0.1724137931034483,0.8275862068965517,0.06354166666666666,0.1297337962962963,0.16461805555555556,7
pooled,layer_aware,high_reverse_PageRank,penpapper2311,60219,109220,129604,0,1970-01-20T06:43:12+00:00,11,11,1.0,0.0,0.0020717592592592593,0.0020717592592592593,0.0020717592592592593,1
pooled,layer_aware,high_reverse_PageRank,ankurtiwari357,60219,109220,129604,0,1970-01-20T06:43:12+00:00,10,10,1.0,0.0,0.13923611111111112,0.13923611111111112,0.13923611111111112,1
pooled,layer_aware,high_reverse_PageRank,cssmjcksn,60219,109220,129604,0,1970-01-20T06:43:12+00:00,10,10,1.0,0.0,0.0027083333333333334,0.0027083333333333334,0.0027083333333333334,1
pooled,layer_aware,high_reverse_PageRank,kavita012005,60219,109220,129604,0,1970-01-20T06:43:12+00:00,10,10,1.0,0.0,0.08262731481481482,0.08262731481481482,0.08262731481481482,1
pooled,layer_aware,high_reverse_PageRank,adithyam125,60219,109220,129604,0,1970-01-20T06:43:12+00:00,2,2,1.0,0.0,0.053530092592592594,0.053530092592592594,0.053530092592592594,1
pooled,layer_aware,high_reverse_PageRank,alpha_raghav,60219,109220,129604,0,1970-01-20T06:43:12+00:00,2,2,1.0,0.0,0.013541666666666667,0.013541666666666667,0.013541666666666667,1
pooled,layer_aware,high_reverse_PageRank,executor451,60219,109220,129604,0,1970-01-20T06:43:12+00:00,2,2,1.0,0.0,0.05351851851851852,0.05351851851851852,0.05351851851851852,1
pooled,layer_aware,high_reverse_PageRank,itihaas99999,60219,109220,129604,0,1970-01-20T06:43:12+00:00,2,2,1.0,0.0,0.013530092592592592,0.013530092592592592,0.013530092592592592,1
pooled,layer_aware,high_reverse_PageRank,jatinpanwar2411,60219,109220,129604,0,1970-01-20T06:43:12+00:00,2,2,1.0,0.0,0.1501273148148148,0.1501273148148148,0.1501273148148148,1
pooled,layer_aware,high_reverse_PageRank,sanghi_hitech,60219,109220,129604,0,1970-01-20T06:43:12+00:00,2,2,1.0,0.0,0.150625,0.150625,0.150625,1
pooled,layer_aware,high_reverse_PageRank,rocky_coool,60219,109220,129604,0,1970-01-20T06:43:12+00:00,213,110,0.5164319248826291,0.4835680751173709,0.007361111111111111,0.11464699074074074,0.16539351851851852,3
pooled,layer_aware,high_reverse_PageRank,gauagg,60219,109220,129604,0,1970-01-20T06:43:12+00:00,152,70,0.4605263157894737,0.5394736842105263,3.472222222222222e-05,0.03770833333333334,0.16273148148148148,3
pooled,layer_aware,high_reverse_PageRank,contactvvr,60219,109220,129604,0,1970-01-20T06:43:12+00:00,72,12,0.16666666666666666,0.8333333333333334,0.16135416666666666,0.16258101851851853,0.16258101851851853,1
pooled,layer_aware,high_reverse_PageRank,swordfish978,60219,109220,129604,0,1970-01-20T06:43:12+00:00,2,2,1.0,0.0,0.12474537037037037,0.12474537037037037,0.12474537037037037,1
pooled,layer_aware,high_reverse_PageRank,arnavsahil7,60219,109220,129604,0,1970-01-20T06:43:12+00:00,12,12,1.0,0.0,0.09701388888888889,0.10011574074074074,0.1171412037037037,3
pooled,layer_aware,high_reverse_PageRank,sauravshree,60219,109220,129604,0,1970-01-20T06:43:12+00:00,14,14,1.0,0.0,0.058784722222222224,0.058784722222222224,0.058784722222222224,1
pooled,layer_aware,high_reverse_PageRank,kamini777,60219,109220,129604,0,1970-01-20T06:43:12+00:00,135,27,0.2,0.8,0.1585763888888889,0.1585763888888889,0.1585763888888889,1
pooled,layer_aware,high_reverse_PageRank,saravana_2785,60219,109220,129604,0,1970-01-20T06:43:12+00:00,26,14,0.5384615384615384,0.46153846153846156,0.05115740740740741,0.14277777777777778,0.14783564814814815,2
pooled,layer_aware,high_reverse_PageRank,beenbanned3rd,60219,109220,129604,0,1970-01-20T06:43:12+00:00,19,7,0.3684210526315789,0.631578947368421,0.13412037037037036,0.13412037037037036,0.14123842592592592,2
pooled,layer_aware,high_reverse_PageRank,colamitkumar,60219,109220,129604,0,1970-01-20T06:43:12+00:00,2,2,1.0,0.0,0.1615625,0.1616840277777778,0.16180555555555556,2
pooled,layer_aware,high_reverse_PageRank,naiyaandinaina,60219,109220,129604,0,1970-01-20T06:43:12+00:00,2,2,1.0,0.0,0.05634259259259259,0.10983217592592592,0.16332175925925926,2
pooled,layer_aware,high_reverse_PageRank,trillmoregirls,60219,109220,129604,0,1970-01-20T06:43:12+00:00,2,1,0.5,0.5,0.12511574074074075,0.12511574074074075,0.12511574074074075,1
pooled,layer_aware,high_reverse_PageRank,indiatoday,60219,109220,129604,0,1970-01-20T06:43:12+00:00,146,50,0.3424657534246575,0.6575342465753424,0.002638888888888889,0.06365740740740741,0.1635300925925926,2
pooled,layer_aware,high_reverse_PageRank,gunnymikawa1,60219,109220,129604,0,1970-01-20T06:43:12+00:00,167,21,0.12574850299401197,0.874251497005988,0.09409722222222222,0.09409722222222222,0.1635300925925926,3
pooled,layer_aware,high_reverse_PageRank,thetweetingpie,60219,109220,129604,0,1970-01-20T06:43:12+00:00,11,11,1.0,0.0,0.11951388888888889,0.11951388888888889,0.11951388888888889,1
pooled,layer_aware,high_reverse_PageRank,purivirender,60219,109220,129604,0,1970-01-20T06:43:12+00:00,129,49,0.3798449612403101,0.6201550387596899,0.019224537037037037,0.13849537037037038,0.16273148148148148,3
pooled,layer_aware,high_reverse_PageRank,ask07_ilu,60219,109220,129604,0,1970-01-20T06:43:12+00:00,12,12,1.0,0.0,0.1517824074074074,0.1517824074074074,0.1517824074074074,1
pooled,layer_aware,high_reverse_PageRank,ritikaachaudhry,60219,109220,129604,0,1970-01-20T06:43:12+00:00,13,12,0.9230769230769231,0.07692307692307693,0.0937962962962963,0.0937962962962963,0.0937962962962963,1
pooled,layer_aware,high_reverse_PageRank,unbrahmachari,60219,109220,129604,0,1970-01-20T06:43:12+00:00,19,19,1.0,0.0,0.06782407407407408,0.0937962962962963,0.12863425925925925,2
pooled,layer_aware,high_reverse_PageRank,repealtcpa1947,60219,109220,129604,0,1970-01-20T06:43:12+00:00,182,2,0.01098901098901099,0.989010989010989,0.1638425925925926,0.16473958333333333,0.16563657407407406,2
pooled,layer_aware,high_reverse_PageRank,gouravpargal,60219,109220,129604,0,1970-01-20T06:43:12+00:00,19,19,1.0,0.0,0.023819444444444445,0.025219907407407406,0.11961805555555556,2
pooled,layer_aware,high_reverse_PageRank,tejpeer,60219,109220,129604,0,1970-01-20T06:43:12+00:00,28,27,0.9642857142857143,0.03571428571428571,0.008923611111111111,0.008923611111111111,0.1592939814814815,2
pooled,layer_aware,high_reverse_PageRank,murmu750,60219,109220,129604,0,1970-01-20T06:43:12+00:00,214,15,0.07009345794392523,0.9299065420560748,0.12730324074074073,0.1385648148148148,0.16366898148148148,3
pooled,layer_aware,high_reverse_PageRank,srinusanapathi8,60219,109220,129604,0,1970-01-20T06:43:12+00:00,116,13,0.11206896551724138,0.8879310344827587,0.028391203703703703,0.029583333333333333,0.042326388888888886,1
pooled,layer_aware,high_reverse_PageRank,pulkitk107,60219,109220,129604,0,1970-01-20T06:43:12+00:00,10,10,1.0,0.0,0.029363425925925925,0.029363425925925925,0.029363425925925925,1
pooled,layer_aware,high_reverse_PageRank,sachinkunal114,60219,109220,129604,0,1970-01-20T06:43:12+00:00,69,8,0.11594202898550725,0.8840579710144928,0.05269675925925926,0.10346643518518518,0.16243055555555555,2
pooled,layer_aware,high_reverse_PageRank,no4hypo,60219,109220,129604,0,1970-01-20T06:43:12+00:00,29,3,0.10344827586206896,0.896551724137931,0.16127314814814814,0.16127314814814814,0.16127314814814814,1
pooled,layer_aware,high_reverse_PageRank,gopalkris1983,60219,109220,129604,0,1970-01-20T06:43:12+00:00,206,59,0.28640776699029125,0.7135922330097088,0.1371412037037037,0.1371412037037037,0.16539351851851852,3
pooled,layer_aware,high_reverse_PageRank,kakasahebbadami,60219,109220,129604,0,1970-01-20T06:43:12+00:00,134,35,0.26119402985074625,0.7388059701492538,0.03965277777777778,0.06584490740740741,0.14747685185185186,2
pooled,layer_aware,high_reverse_PageRank,conradkbarwa,60219,109220,129604,0,1970-01-20T06:43:12+00:00,18,12,0.6666666666666666,0.3333333333333333,0.001875,0.04196759259259259,0.1605902777777778,2
pooled,layer_aware,high_reverse_PageRank,bijayku47941721,60219,109220,129604,0,1970-01-20T06:43:12+00:00,13,13,1.0,0.0,0.017673611111111112,0.017673611111111112,0.10665509259259259,1
pooled,layer_aware,high_reverse_PageRank,divdivdiv,60219,109220,129604,0,1970-01-20T06:43:12+00:00,115,16,0.1391304347826087,0.8608695652173913,0.010081018518518519,0.06502314814814815,0.14050925925925925,2
pooled,layer_aware,high_reverse_PageRank,vijnad,60219,109220,129604,0,1970-01-20T06:43:12+00:00,15,7,0.4666666666666667,0.5333333333333333,0.105,0.10684027777777778,0.13653935185185184,2
pooled,layer_aware,high_reverse_PageRank,abhishe55608931,60219,109220,129604,0,1970-01-20T06:43:12+00:00,16,16,1.0,0.0,0.04857638888888889,0.060266203703703704,0.10064814814814815,2
pooled,layer_aware,high_reverse_PageRank,nishagupta__1,60219,109220,129604,0,1970-01-20T06:43:12+00:00,25,13,0.52,0.48,0.04729166666666667,0.13119212962962962,0.15016203703703704,2
pooled,layer_aware,high_reverse_PageRank,riderindian08,60219,109220,129604,0,1970-01-20T06:43:12+00:00,232,78,0.33620689655172414,0.6637931034482759,0.0024074074074074076,0.08305555555555555,0.16420138888888888,5
pooled,layer_aware,high_reverse_PageRank,howfunnyismath,60219,109220,129604,0,1970-01-20T06:43:12+00:00,133,15,0.11278195488721804,0.8872180451127819,0.12560185185185185,0.12560185185185185,0.13359953703703703,1
pooled,layer_aware,high_reverse_PageRank,nikunjforinc,60219,109220,129604,0,1970-01-20T06:43:12+00:00,208,38,0.18269230769230768,0.8173076923076923,0.021736111111111112,0.12894675925925925,0.16530092592592593,3
pooled,layer_aware,high_reverse_PageRank,jaggu_ind,60219,109220,129604,0,1970-01-20T06:43:12+00:00,15,15,1.0,0.0,0.027905092592592592,0.027905092592592592,0.027905092592592592,1
pooled,layer_aware,high_reverse_PageRank,upendrasuryade1,60219,109220,129604,0,1970-01-20T06:43:12+00:00,2,2,1.0,0.0,0.027256944444444445,0.027256944444444445,0.027256944444444445,1
pooled,layer_aware,high_reverse_PageRank,bkmshr,60219,109220,129604,0,1970-01-20T06:43:12+00:00,19,16,0.8421052631578947,0.15789473684210525,0.05267361111111111,0.1403009259259259,0.1403009259259259,2
pooled,layer_aware,high_reverse_PageRank,shishir_heg,60219,109220,129604,0,1970-01-20T06:43:12+00:00,12,12,1.0,0.0,0.1361226851851852,0.1361226851851852,0.1361226851851852,1
pooled,layer_aware,high_reverse_PageRank,notgonnatilt,60219,109220,129604,0,1970-01-20T06:43:12+00:00,136,5,0.03676470588235294,0.9632352941176471,0.12258101851851852,0.1605324074074074,0.16554398148148147,2
pooled,layer_aware,high_reverse_PageRank,vikram140gulati,60219,109220,129604,0,1970-01-20T06:43:12+00:00,217,83,0.3824884792626728,0.6175115207373272,0.001724537037037037,0.10659722222222222,0.16539351851851852,3
pooled,layer_aware,high_reverse_PageRank,photomessenger,60219,109220,129604,0,1970-01-20T06:43:12+00:00,20,13,0.65,0.35,0.13162037037037036,0.15630787037037036,0.16480324074074074,2
pooled,layer_aware,high_reverse_PageRank,strangerthnredz,60219,109220,129604,0,1970-01-20T06:43:12+00:00,154,39,0.2532467532467532,0.7467532467532467,0.00980324074074074,0.11002314814814815,0.1547337962962963,3
pooled,layer_aware,high_reverse_PageRank,anilsharma45,60219,109220,129604,0,1970-01-20T06:43:12+00:00,139,47,0.3381294964028777,0.6618705035971223,0.017604166666666667,0.13849537037037038,0.16556712962962963,4
pooled,layer_aware,high_reverse_PageRank,nishanth_mm,60219,109220,129604,0,1970-01-20T06:43:12+00:00,119,37,0.31092436974789917,0.6890756302521008,0.026284722222222223,0.07619212962962962,0.16273148148148148,3
pooled,layer_aware,high_reverse_PageRank,observe_india,60219,109220,129604,0,1970-01-20T06:43:12+00:00,11,11,1.0,0.0,0.028287037037037038,0.028287037037037038,0.028287037037037038,1
pooled,layer_aware,high_reverse_PageRank,selvarajkannan9,60219,109220,129604,0,1970-01-20T06:43:12+00:00,86,43,0.5,0.5,0.017256944444444443,0.11707175925925926,0.16508101851851853,3
pooled,layer_aware,high_reverse_PageRank,indian_4477,60219,109220,129604,0,1970-01-20T06:43:12+00:00,173,58,0.3352601156069364,0.6647398843930635,0.013055555555555556,0.04055555555555555,0.15841435185185185,5
pooled,layer_aware,high_reverse_PageRank,nitishmishra387,60219,109220,129604,0,1970-01-20T06:43:12+00:00,12,12,1.0,0.0,0.15030092592592592,0.15030092592592592,0.15030092592592592,1
pooled,layer_aware,high_reverse_PageRank,envyk_blr,60219,109220,129604,0,1970-01-20T06:43:12+00:00,245,26,0.10612244897959183,0.8938775510204081,0.005324074074074074,0.1162037037037037,0.1553240740740741,3
pooled,layer_aware,high_reverse_PageRank,indian_ireland,60219,109220,129604,0,1970-01-20T06:43:12+00:00,10,10,1.0,0.0,0.0006481481481481481,0.11755787037037038,0.1608101851851852,1
pooled,layer_aware,high_reverse_PageRank,deepakgujarat42,60219,109220,129604,0,1970-01-20T06:43:12+00:00,9,9,1.0,0.0,0.09050925925925926,0.09050925925925926,0.09050925925925926,1
pooled,layer_aware,high_reverse_PageRank,faizan_khan_614,60219,109220,129604,0,1970-01-20T06:43:12+00:00,9,9,1.0,0.0,0.11673611111111111,0.11673611111111111,0.11673611111111111,1
pooled,layer_aware,high_reverse_PageRank,iam_real_indian,60219,109220,129604,0,1970-01-20T06:43:12+00:00,123,27,0.21951219512195122,0.7804878048780488,0.030520833333333334,0.031238425925925926,0.1625925925925926,3
pooled,layer_aware,high_reverse_PageRank,davidmenon14,60219,109220,129604,0,1970-01-20T06:43:12+00:00,22,22,1.0,0.0,0.13528935185185184,0.13528935185185184,0.13528935185185184,1
pooled,layer_aware,high_reverse_PageRank,_3c273,60219,109220,129604,0,1970-01-20T06:43:12+00:00,22,12,0.5454545454545454,0.45454545454545453,0.08987268518518518,0.1409375,0.16556712962962963,2
pooled,layer_aware,high_reverse_PageRank,yaduvanshi720,60219,109220,129604,0,1970-01-20T06:43:12+00:00,131,15,0.11450381679389313,0.8854961832061069,0.02454861111111111,0.08351851851851852,0.13832175925925927,3
pooled,layer_aware,high_reverse_PageRank,smart__indian,60219,109220,129604,0,1970-01-20T06:43:12+00:00,17,13,0.7647058823529411,0.23529411764705882,0.030439814814814815,0.1263425925925926,0.15016203703703704,1
pooled,layer_aware,high_reverse_PageRank,manishbpl1,60219,109220,129604,0,1970-01-20T06:43:12+00:00,133,55,0.41353383458646614,0.5864661654135338,0.0052893518518518515,0.11560185185185186,0.16273148148148148,3
pooled,layer_aware,high_reverse_PageRank,s386er1,60219,109220,129604,0,1970-01-20T06:43:12+00:00,132,54,0.4090909090909091,0.5909090909090909,0.006585648148148148,0.006585648148148148,0.16273148148148148,3
pooled,layer_aware,high_reverse_PageRank,connected2india,60219,109220,129604,0,1970-01-20T06:43:12+00:00,104,22,0.21153846153846154,0.7884615384615384,0.0032060185185185186,0.13718750000000002,0.16273148148148148,3
pooled,layer_aware,high_reverse_PageRank,hv_heisenberg,60219,109220,129604,0,1970-01-20T06:43:12+00:00,15,7,0.4666666666666667,0.5333333333333333,0.044710648148148145,0.044710648148148145,0.09931712962962963,2
pooled,layer_aware,high_reverse_PageRank,vadebloom,60219,109220,129604,0,1970-01-20T06:43:12+00:00,190,77,0.4052631578947368,0.5947368421052631,0.007523148148148148,0.057256944444444444,0.1635300925925926,4
pooled,layer_aware,high_reverse_PageRank,arslanpctfan,60219,109220,129604,0,1970-01-20T06:43:12+00:00,173,43,0.24855491329479767,0.7514450867052023,0.017592592592592594,0.13587962962962963,0.16508101851851853,5
pooled,layer_aware,high_reverse_PageRank,rjrahulrjrahul,60219,109220,129604,0,1970-01-20T06:43:12+00:00,19,18,0.9473684210526315,0.05263157894736842,0.003425925925925926,0.003425925925925926,0.07918981481481481,3
pooled,layer_aware,high_reverse_PageRank,santoshdp,60219,109220,129604,0,1970-01-20T06:43:12+00:00,133,13,0.09774436090225563,0.9022556390977443,0.10013888888888889,0.12552083333333333,0.12784722222222222,2
pooled,layer_aware,high_reverse_PageRank,adityag72118202,60219,109220,129604,0,1970-01-20T06:43:12+00:00,4,4,1.0,0.0,0.07571759259259259,0.07571759259259259,0.07571759259259259,1
pooled,layer_aware,high_reverse_PageRank,manish_nyk_inc,60219,109220,129604,0,1970-01-20T06:43:12+00:00,3,3,1.0,0.0,0.03167824074074074,0.03167824074074074,0.03167824074074074,1
pooled,layer_aware,high_reverse_PageRank,fifthforce5,60219,109220,129604,0,1970-01-20T06:43:12+00:00,119,37,0.31092436974789917,0.6890756302521008,0.015162037037037036,0.07918981481481481,0.16273148148148148,3
pooled,layer_aware,high_reverse_PageRank,freespeech212,60219,109220,129604,0,1970-01-20T06:43:12+00:00,11,11,1.0,0.0,0.013194444444444444,0.03173611111111111,0.1027662037037037,1
pooled,layer_aware,high_reverse_PageRank,harishkumar_ind,60219,109220,129604,0,1970-01-20T06:43:12+00:00,115,65,0.5652173913043478,0.43478260869565216,0.017291666666666667,0.12752314814814814,0.16273148148148148,3
pooled,layer_aware,high_reverse_PageRank,forexmayhem,60219,109220,129604,0,1970-01-20T06:43:12+00:00,202,76,0.37623762376237624,0.6237623762376238,0.002662037037037037,0.12038194444444444,0.16539351851851852,3
pooled,layer_aware,high_reverse_PageRank,zero__eight,60219,109220,129604,0,1970-01-20T06:43:12+00:00,132,5,0.03787878787878788,0.9621212121212122,0.1424652777777778,0.1424652777777778,0.16462962962962963,2
pooled,layer_aware,high_reverse_PageRank,sachivg,60219,109220,129604,0,1970-01-20T06:43:12+00:00,33,28,0.8484848484848485,0.15151515151515152,0.017604166666666667,0.02355324074074074,0.11267361111111111,3
pooled,layer_aware,high_reverse_PageRank,meetumashankar,60219,109220,129604,0,1970-01-20T06:43:12+00:00,220,132,0.6,0.4,0.0004398148148148148,0.08125578703703704,0.1654050925925926,3
pooled,layer_aware,high_reverse_PageRank,umshchndra,60219,109220,129604,0,1970-01-20T06:43:12+00:00,36,20,0.5555555555555556,0.4444444444444444,0.019791666666666666,0.09532986111111111,0.15916666666666668,2
pooled,layer_aware,high_reverse_PageRank,ajaysha89719829,60219,109220,129604,0,1970-01-20T06:43:12+00:00,11,11,1.0,0.0,0.005347222222222222,0.005347222222222222,0.005347222222222222,1
pooled,layer_aware,high_reverse_PageRank,office_das,60219,109220,129604,0,1970-01-20T06:43:12+00:00,11,11,1.0,0.0,0.021203703703703704,0.021203703703703704,0.021203703703703704,1
pooled,layer_aware,high_reverse_PageRank,murlimenon6,60219,109220,129604,0,1970-01-20T06:43:12+00:00,164,60,0.36585365853658536,0.6341463414634146,0.03266203703703704,0.051770833333333335,0.15434027777777778,3
pooled,layer_aware,high_reverse_PageRank,devpati74619351,60219,109220,129604,0,1970-01-20T06:43:12+00:00,9,9,1.0,0.0,0.16234953703703703,0.16234953703703703,0.16234953703703703,1
pooled,layer_aware,high_reverse_PageRank,sajalaitc,60219,109220,129604,0,1970-01-20T06:43:12+00:00,120,37,0.30833333333333335,0.6916666666666667,0.004560185185185185,0.02420138888888889,0.16530092592592593,3
pooled,layer_aware,high_reverse_PageRank,mohan41591648,60219,109220,129604,0,1970-01-20T06:43:12+00:00,175,57,0.32571428571428573,0.6742857142857143,0.07049768518518519,0.12428240740740741,0.15893518518518518,3
pooled,layer_aware,high_reverse_PageRank,gminakshi_sakal,60219,109220,129604,0,1970-01-20T06:43:12+00:00,18,11,0.6111111111111112,0.3888888888888889,0.07659722222222222,0.07659722222222222,0.07659722222222222,1
pooled,layer_aware,high_reverse_PageRank,tarunrajsingh_,60219,109220,129604,0,1970-01-20T06:43:12+00:00,31,30,0.967741935483871,0.03225806451612903,0.016122685185185184,0.11408564814814814,0.15818287037037038,1
pooled,layer_aware,high_reverse_PageRank,ranadebbhattac2,60219,109220,129604,0,1970-01-20T06:43:12+00:00,18,14,0.7777777777777778,0.2222222222222222,0.05226851851851852,0.13020833333333334,0.13020833333333334,1
pooled,layer_aware,high_reverse_PageRank,kiranvirat15,60219,109220,129604,0,1970-01-20T06:43:12+00:00,3,3,1.0,0.0,0.015613425925925926,0.015613425925925926,0.015613425925925926,1
pooled,layer_aware,high_reverse_PageRank,awake1975,60219,109220,129604,0,1970-01-20T06:43:12+00:00,317,26,0.08201892744479496,0.917981072555205,0.007233796296296296,0.1457349537037037,0.16508101851851853,4
pooled,layer_aware,high_reverse_PageRank,isaahhil,60219,109220,129604,0,1970-01-20T06:43:12+00:00,976,129,0.13217213114754098,0.867827868852459,0.030601851851851852,0.12731481481481483,0.1652662037037037,5
pooled,layer_aware,high_reverse_PageRank,harishk04131926,60219,109220,129604,0,1970-01-20T06:43:12+00:00,125,23,0.184,0.816,0.1635185185185185,0.1635185185185185,0.16440972222222222,2
pooled,layer_aware,high_reverse_PageRank,politics_2022_,60219,109220,129604,0,1970-01-20T06:43:12+00:00,173,45,0.26011560693641617,0.7398843930635838,0.024340277777777777,0.054814814814814816,0.15841435185185185,4
pooled,layer_aware,high_reverse_PageRank,indianbachelor,60219,109220,129604,0,1970-01-20T06:43:12+00:00,10,9,0.9,0.1,0.06027777777777778,0.1417013888888889,0.1566087962962963,2
pooled,layer_aware,high_reverse_PageRank,madhusudan41,60219,109220,129604,0,1970-01-20T06:43:12+00:00,128,51,0.3984375,0.6015625,0.005347222222222222,0.13201388888888888,0.16508101851851853,3
pooled,layer_aware,high_reverse_PageRank,urbanvoicesin,60219,109220,129604,0,1970-01-20T06:43:12+00:00,13,13,1.0,0.0,0.03788194444444445,0.03788194444444445,0.03788194444444445,1
pooled,layer_aware,high_reverse_PageRank,farrookh,60219,109220,129604,0,1970-01-20T06:43:12+00:00,200,49,0.245,0.755,0.045196759259259256,0.09821759259259259,0.16539351851851852,4
pooled,layer_aware,high_reverse_PageRank,abhishe34735247,60219,109220,129604,0,1970-01-20T06:43:12+00:00,13,12,0.9230769230769231,0.07692307692307693,0.11277777777777778,0.15480324074074073,0.1602662037037037,2
pooled,layer_aware,high_reverse_PageRank,younusakmogral,60219,109220,129604,0,1970-01-20T06:43:12+00:00,760,356,0.46842105263157896,0.531578947368421,0.017881944444444443,0.10017361111111112,0.16539351851851852,7
pooled,layer_aware,high_reverse_PageRank,dux_natangiae,60219,109220,129604,0,1970-01-20T06:43:12+00:00,2,2,1.0,0.0,0.08047453703703704,0.08047453703703704,0.08047453703703704,1
pooled,layer_aware,high_reverse_PageRank,forchu_ifeanyi,60219,109220,129604,0,1970-01-20T06:43:12+00:00,2,2,1.0,0.0,0.0804861111111111,0.0804861111111111,0.0804861111111111,1
pooled,layer_aware,high_reverse_PageRank,gsapna007,60219,109220,129604,0,1970-01-20T06:43:12+00:00,2,2,1.0,0.0,0.15217592592592594,0.15217592592592594,0.15217592592592594,1
pooled,layer_aware,high_reverse_PageRank,kepler__22,60219,109220,129604,0,1970-01-20T06:43:12+00:00,2,2,1.0,0.0,0.0907638888888889,0.0907638888888889,0.0907638888888889,1
pooled,layer_aware,high_reverse_PageRank,lauraalisten,60219,109220,129604,0,1970-01-20T06:43:12+00:00,2,2,1.0,0.0,0.09148148148148148,0.09148148148148148,0.09148148148148148,1
pooled,layer_aware,high_reverse_PageRank,ranganaidu0,60219,109220,129604,0,1970-01-20T06:43:12+00:00,2,2,1.0,0.0,0.15224537037037036,0.15224537037037036,0.15224537037037036,1
pooled,layer_aware,high_reverse_PageRank,umakantsingh_in,60219,109220,129604,0,1970-01-20T06:43:12+00:00,191,82,0.4293193717277487,0.5706806282722513,0.0020601851851851853,0.10873842592592593,0.16366898148148148,3
pooled,layer_aware,high_reverse_PageRank,ahrispidon,60219,109220,129604,0,1970-01-20T06:43:12+00:00,133,32,0.24060150375939848,0.7593984962406015,0.008680555555555556,0.1000925925925926,0.14635416666666667,2
pooled,layer_aware,high_reverse_PageRank,rustymathewz,60219,109220,129604,0,1970-01-20T06:43:12+00:00,120,29,0.24166666666666667,0.7583333333333333,0.13853009259259258,0.14677083333333332,0.15667824074074074,3
pooled,layer_aware,high_reverse_PageRank,mserve2grow,60219,109220,129604,0,1970-01-20T06:43:12+00:00,195,49,0.2512820512820513,0.7487179487179487,0.0008564814814814815,0.07918981481481481,0.16273148148148148,3
pooled,layer_aware,high_reverse_PageRank,telanganasuppor,60219,109220,129604,0,1970-01-20T06:43:12+00:00,141,45,0.3191489361702128,0.6808510638297872,0.01675925925925926,0.07253472222222222,0.10185185185185185,2
pooled,layer_aware,high_reverse_PageRank,pandasaffron,60219,109220,129604,0,1970-01-20T06:43:12+00:00,10,2,0.2,0.8,0.1565625,0.1565625,0.1565625,1
pooled,layer_aware,high_reverse_PageRank,bharatrashtra14,60219,109220,129604,0,1970-01-20T06:43:12+00:00,166,14,0.08433734939759036,0.9156626506024096,0.06569444444444444,0.11518518518518518,0.13967592592592593,1
pooled,layer_aware,high_reverse_PageRank,bipin_ct,60219,109220,129604,0,1970-01-20T06:43:12+00:00,16,16,1.0,0.0,0.07225694444444444,0.07225694444444444,0.07225694444444444,1
pooled,layer_aware,high_reverse_PageRank,onibdadgar,60219,109220,129604,0,1970-01-20T06:43:12+00:00,10,10,1.0,0.0,0.1487615740740741,0.1503125,0.1503125,1
pooled,layer_aware,high_reverse_PageRank,thinkingguy6,60219,109220,129604,0,1970-01-20T06:43:12+00:00,740,168,0.22702702702702704,0.772972972972973,0.04449074074074074,0.11577546296296297,0.16539351851851852,5
pooled,layer_aware,high_reverse_PageRank,rst986,60219,109220,129604,0,1970-01-20T06:43:12+00:00,125,48,0.384,0.616,0.01824074074074074,0.08984953703703703,0.16273148148148148,3
pooled,layer_aware,high_PageRank,narendramodi,60219,109220,129604,0,1970-01-20T06:43:12+00:00,0,0,NA,NA,NA,NA,NA,0
pooled,layer_aware,high_PageRank,rahulgandhi,60219,109220,129604,0,1970-01-20T06:43:12+00:00,1,1,1.0,0.0,0.07918981481481481,0.07918981481481481,0.07918981481481481,1
pooled,layer_aware,high_PageRank,ikamalhaasan,60219,109220,129604,0,1970-01-20T06:43:12+00:00,0,0,NA,NA,NA,NA,NA,0
pooled,layer_aware,high_PageRank,bjp4india,60219,109220,129604,0,1970-01-20T06:43:12+00:00,0,0,NA,NA,NA,NA,NA,0
pooled,layer_aware,high_PageRank,arvindkejriwal,60219,109220,129604,0,1970-01-20T06:43:12+00:00,0,0,NA,NA,NA,NA,NA,0
pooled,layer_aware,high_PageRank,incindia,60219,109220,129604,0,1970-01-20T06:43:12+00:00,100,18,0.18,0.82,0.08332175925925926,0.13849537037037038,0.16273148148148148,2
pooled,layer_aware,high_PageRank,amitshah,60219,109220,129604,0,1970-01-20T06:43:12+00:00,1,1,1.0,0.0,0.13175925925925927,0.13175925925925927,0.13175925925925927,1
pooled,layer_aware,high_PageRank,bcci,60219,109220,129604,0,1970-01-20T06:43:12+00:00,0,0,NA,NA,NA,NA,NA,0
pooled,layer_aware,high_PageRank,ani,60219,109220,129604,0,1970-01-20T06:43:12+00:00,0,0,NA,NA,NA,NA,NA,0
pooled,layer_aware,high_PageRank,pmoindia,60219,109220,129604,0,1970-01-20T06:43:12+00:00,0,0,NA,NA,NA,NA,NA,0
pooled,layer_aware,high_PageRank,kcvenugopalmp,60219,109220,129604,0,1970-01-20T06:43:12+00:00,3,3,1.0,0.0,0.13849537037037038,0.13849537037037038,0.13849537037037038,1
pooled,layer_aware,high_PageRank,pravingandhino1,60219,109220,129604,0,1970-01-20T06:43:12+00:00,100,84,0.84,0.16,0.002662037037037037,0.07361111111111111,0.1603125,4
pooled,layer_aware,high_PageRank,shashitharoor,60219,109220,129604,0,1970-01-20T06:43:12+00:00,2,2,1.0,0.0,0.12552083333333333,0.12552083333333333,0.12552083333333333,1
pooled,layer_aware,high_PageRank,ashoswai,60219,109220,129604,0,1970-01-20T06:43:12+00:00,1,1,1.0,0.0,0.13653935185185184,0.13653935185185184,0.13653935185185184,1
pooled,layer_aware,high_PageRank,sardesairajdeep,60219,109220,129604,0,1970-01-20T06:43:12+00:00,0,0,NA,NA,NA,NA,NA,0
pooled,layer_aware,high_PageRank,supriyashrinate,60219,109220,129604,0,1970-01-20T06:43:12+00:00,0,0,NA,NA,NA,NA,NA,0
pooled,layer_aware,high_PageRank,casmudde,60219,109220,129604,0,1970-01-20T06:43:12+00:00,0,0,NA,NA,NA,NA,NA,0
pooled,layer_aware,high_PageRank,aamaadmiparty,60219,109220,129604,0,1970-01-20T06:43:12+00:00,2,2,1.0,0.0,0.11961805555555556,0.11961805555555556,0.11961805555555556,1
pooled,layer_aware,high_PageRank,indian_analyzer,60219,109220,129604,0,1970-01-20T06:43:12+00:00,1,1,1.0,0.0,0.15916666666666668,0.15916666666666668,0.15916666666666668,1
pooled,layer_aware,high_PageRank,ndtv,60219,109220,129604,0,1970-01-20T06:43:12+00:00,2,2,1.0,0.0,0.028738425925925924,0.07141782407407407,0.11409722222222222,1
pooled,layer_aware,high_PageRank,rishisunak,60219,109220,129604,0,1970-01-20T06:43:12+00:00,0,0,NA,NA,NA,NA,NA,0
pooled,layer_aware,high_PageRank,smritiirani,60219,109220,129604,0,1970-01-20T06:43:12+00:00,0,0,NA,NA,NA,NA,NA,0
pooled,layer_aware,high_PageRank,elonmusk,60219,109220,129604,0,1970-01-20T06:43:12+00:00,0,0,NA,NA,NA,NA,NA,0
pooled,layer_aware,high_PageRank,republic,60219,109220,129604,0,1970-01-20T06:43:12+00:00,0,0,NA,NA,NA,NA,NA,0
pooled,layer_aware,high_PageRank,barryofarrell,60219,109220,129604,0,1970-01-20T06:43:12+00:00,0,0,NA,NA,NA,NA,NA,0
pooled,layer_aware,high_PageRank,sarahkirlew,60219,109220,129604,0,1970-01-20T06:43:12+00:00,0,0,NA,NA,NA,NA,NA,0
pooled,layer_aware,high_PageRank,swamy39,60219,109220,129604,0,1970-01-20T06:43:12+00:00,0,0,NA,NA,NA,NA,NA,0
pooled,layer_aware,high_PageRank,jhasanjay,60219,109220,129604,0,1970-01-20T06:43:12+00:00,5,5,1.0,0.0,0.013020833333333334,0.013020833333333334,0.053009259259259256,2
pooled,layer_aware,high_PageRank,pawarspeaks,60219,109220,129604,0,1970-01-20T06:43:12+00:00,0,0,NA,NA,NA,NA,NA,0
pooled,layer_aware,high_PageRank,priyankagandhi,60219,109220,129604,0,1970-01-20T06:43:12+00:00,2,2,1.0,0.0,0.07934027777777777,0.07934027777777777,0.07934027777777777,1
pooled,layer_aware,high_PageRank,mahuamoitra,60219,109220,129604,0,1970-01-20T06:43:12+00:00,0,0,NA,NA,NA,NA,NA,0
pooled,layer_aware,high_PageRank,annamalai_k,60219,109220,129604,0,1970-01-20T06:43:12+00:00,0,0,NA,NA,NA,NA,NA,0
pooled,layer_aware,high_PageRank,jairam_ramesh,60219,109220,129604,0,1970-01-20T06:43:12+00:00,0,0,NA,NA,NA,NA,NA,0
pooled,layer_aware,high_PageRank,authackeray,60219,109220,129604,0,1970-01-20T06:43:12+00:00,0,0,NA,NA,NA,NA,NA,0
pooled,layer_aware,high_PageRank,bhagwantmann,60219,109220,129604,0,1970-01-20T06:43:12+00:00,0,0,NA,NA,NA,NA,NA,0
pooled,layer_aware,high_PageRank,raokavitha,60219,109220,129604,0,1970-01-20T06:43:12+00:00,0,0,NA,NA,NA,NA,NA,0
pooled,layer_aware,high_PageRank,politics_2022_,60219,109220,129604,0,1970-01-20T06:43:12+00:00,173,45,0.26011560693641617,0.7398843930635838,0.024340277777777777,0.054814814814814816,0.15841435185185185,4
pooled,layer_aware,high_PageRank,timesofindia,60219,109220,129604,0,1970-01-20T06:43:12+00:00,7,7,1.0,0.0,0.0004166666666666667,0.04148148148148148,0.16364583333333332,2
pooled,layer_aware,high_PageRank,rishibagree,60219,109220,129604,0,1970-01-20T06:43:12+00:00,0,0,NA,NA,NA,NA,NA,0
pooled,layer_aware,high_PageRank,timesnow,60219,109220,129604,0,1970-01-20T06:43:12+00:00,52,45,0.8653846153846154,0.1346153846153846,0.0044675925925925924,0.07453703703703704,0.15667824074074074,4
pooled,layer_aware,high_PageRank,officeofut,60219,109220,129604,0,1970-01-20T06:43:12+00:00,0,0,NA,NA,NA,NA,NA,0
pooled,layer_aware,high_PageRank,puram_politics,60219,109220,129604,0,1970-01-20T06:43:12+00:00,0,0,NA,NA,NA,NA,NA,0
pooled,layer_aware,high_PageRank,indiatoday,60219,109220,129604,0,1970-01-20T06:43:12+00:00,146,50,0.3424657534246575,0.6575342465753424,0.002638888888888889,0.06365740740740741,0.1635300925925926,2
pooled,layer_aware,high_PageRank,amitmalviya,60219,109220,129604,0,1970-01-20T06:43:12+00:00,0,0,NA,NA,NA,NA,NA,0
pooled,layer_aware,high_PageRank,sbabones,60219,109220,129604,0,1970-01-20T06:43:12+00:00,0,0,NA,NA,NA,NA,NA,0
pooled,layer_aware,high_PageRank,aajtak,60219,109220,129604,0,1970-01-20T06:43:12+00:00,0,0,NA,NA,NA,NA,NA,0
pooled,layer_aware,high_PageRank,mamataofficial,60219,109220,129604,0,1970-01-20T06:43:12+00:00,0,0,NA,NA,NA,NA,NA,0
pooled,layer_aware,high_PageRank,pbhushan1,60219,109220,129604,0,1970-01-20T06:43:12+00:00,0,0,NA,NA,NA,NA,NA,0
pooled,layer_aware,high_PageRank,kharge,60219,109220,129604,0,1970-01-20T06:43:12+00:00,0,0,NA,NA,NA,NA,NA,0
pooled,layer_aware,high_PageRank,priyankac19,60219,109220,129604,0,1970-01-20T06:43:12+00:00,0,0,NA,NA,NA,NA,NA,0
pooled,layer_aware,high_PageRank,prakashraaj,60219,109220,129604,0,1970-01-20T06:43:12+00:00,0,0,NA,NA,NA,NA,NA,0
pooled,layer_aware,high_PageRank,youtube,60219,109220,129604,0,1970-01-20T06:43:12+00:00,0,0,NA,NA,NA,NA,NA,0
pooled,layer_aware,high_PageRank,tajinderbagga,60219,109220,129604,0,1970-01-20T06:43:12+00:00,0,0,NA,NA,NA,NA,NA,0
pooled,layer_aware,high_PageRank,vivekagnihotri,60219,109220,129604,0,1970-01-20T06:43:12+00:00,0,0,NA,NA,NA,NA,NA,0
pooled,layer_aware,high_PageRank,imrankhanpti,60219,109220,129604,0,1970-01-20T06:43:12+00:00,0,0,NA,NA,NA,NA,NA,0
pooled,layer_aware,high_PageRank,drsjaishankar,60219,109220,129604,0,1970-01-20T06:43:12+00:00,0,0,NA,NA,NA,NA,NA,0
pooled,layer_aware,high_PageRank,msisodia,60219,109220,129604,0,1970-01-20T06:43:12+00:00,0,0,NA,NA,NA,NA,NA,0
pooled,layer_aware,high_PageRank,srinivasiyc,60219,109220,129604,0,1970-01-20T06:43:12+00:00,0,0,NA,NA,NA,NA,NA,0
pooled,layer_aware,high_PageRank,aranganathan72,60219,109220,129604,0,1970-01-20T06:43:12+00:00,0,0,NA,NA,NA,NA,NA,0
pooled,layer_aware,high_PageRank,meghupdates,60219,109220,129604,0,1970-01-20T06:43:12+00:00,0,0,NA,NA,NA,NA,NA,0
pooled,layer_aware,high_PageRank,sambitswaraj,60219,109220,129604,0,1970-01-20T06:43:12+00:00,0,0,NA,NA,NA,NA,NA,0
pooled,layer_aware,high_PageRank,pchidambaram_in,60219,109220,129604,0,1970-01-20T06:43:12+00:00,0,0,NA,NA,NA,NA,NA,0
pooled,layer_aware,high_PageRank,myogiadityanath,60219,109220,129604,0,1970-01-20T06:43:12+00:00,0,0,NA,NA,NA,NA,NA,0
pooled,layer_aware,high_PageRank,piyushgoyal,60219,109220,129604,0,1970-01-20T06:43:12+00:00,0,0,NA,NA,NA,NA,NA,0
pooled,layer_aware,high_PageRank,arunjaitley,60219,109220,129604,0,1970-01-20T06:43:12+00:00,0,0,NA,NA,NA,NA,NA,0
pooled,layer_aware,high_PageRank,rvcj_fb,60219,109220,129604,0,1970-01-20T06:43:12+00:00,0,0,NA,NA,NA,NA,NA,0
pooled,layer_aware,high_PageRank,pawankalyan,60219,109220,129604,0,1970-01-20T06:43:12+00:00,0,0,NA,NA,NA,NA,NA,0
pooled,layer_aware,high_PageRank,nitin_gadkari,60219,109220,129604,0,1970-01-20T06:43:12+00:00,0,0,NA,NA,NA,NA,NA,0
pooled,layer_aware,high_PageRank,nsitharaman,60219,109220,129604,0,1970-01-20T06:43:12+00:00,0,0,NA,NA,NA,NA,NA,0
pooled,layer_aware,high_PageRank,akshaykumar,60219,109220,129604,0,1970-01-20T06:43:12+00:00,0,0,NA,NA,NA,NA,NA,0
pooled,layer_aware,high_PageRank,mufaddal_vohra,60219,109220,129604,0,1970-01-20T06:43:12+00:00,0,0,NA,NA,NA,NA,NA,0
pooled,layer_aware,high_PageRank,shehzad_ind,60219,109220,129604,0,1970-01-20T06:43:12+00:00,0,0,NA,NA,NA,NA,NA,0
pooled,layer_aware,high_PageRank,dhruv_rathee,60219,109220,129604,0,1970-01-20T06:43:12+00:00,0,0,NA,NA,NA,NA,NA,0
pooled,layer_aware,high_PageRank,news24tvchannel,60219,109220,129604,0,1970-01-20T06:43:12+00:00,6,6,1.0,0.0,0.05105324074074074,0.06395833333333334,0.13766203703703703,1
pooled,layer_aware,high_PageRank,yadavakhilesh,60219,109220,129604,0,1970-01-20T06:43:12+00:00,0,0,NA,NA,NA,NA,NA,0
pooled,layer_aware,high_PageRank,shekhargupta,60219,109220,129604,0,1970-01-20T06:43:12+00:00,6,5,0.8333333333333334,0.16666666666666666,0.04221064814814815,0.07533564814814815,0.14725694444444445,2
pooled,layer_aware,high_PageRank,tejasvi_surya,60219,109220,129604,0,1970-01-20T06:43:12+00:00,2,2,1.0,0.0,0.1323263888888889,0.1323263888888889,0.1323263888888889,1
pooled,layer_aware,high_PageRank,nytimes,60219,109220,129604,0,1970-01-20T06:43:12+00:00,0,0,NA,NA,NA,NA,NA,0
pooled,layer_aware,high_PageRank,ecisveep,60219,109220,129604,0,1970-01-20T06:43:12+00:00,0,0,NA,NA,NA,NA,NA,0
pooled,layer_aware,high_PageRank,imjadeja,60219,109220,129604,0,1970-01-20T06:43:12+00:00,0,0,NA,NA,NA,NA,NA,0
pooled,layer_aware,high_PageRank,iamsanjusamson,60219,109220,129604,0,1970-01-20T06:43:12+00:00,0,0,NA,NA,NA,NA,NA,0
pooled,layer_aware,high_PageRank,pawankhera,60219,109220,129604,0,1970-01-20T06:43:12+00:00,0,0,NA,NA,NA,NA,NA,0
pooled,layer_aware,high_PageRank,vikrantgupta73,60219,109220,129604,0,1970-01-20T06:43:12+00:00,0,0,NA,NA,NA,NA,NA,0
pooled,layer_aware,high_PageRank,thewire_in,60219,109220,129604,0,1970-01-20T06:43:12+00:00,5,3,0.6,0.4,0.06233796296296296,0.1062037037037037,0.10760416666666667,1
pooled,layer_aware,high_PageRank,pti_news,60219,109220,129604,0,1970-01-20T06:43:12+00:00,0,0,NA,NA,NA,NA,NA,0
pooled,layer_aware,high_PageRank,rohini_sgh,60219,109220,129604,0,1970-01-20T06:43:12+00:00,0,0,NA,NA,NA,NA,NA,0
pooled,layer_aware,high_PageRank,criccrazyjohns,60219,109220,129604,0,1970-01-20T06:43:12+00:00,0,0,NA,NA,NA,NA,NA,0
pooled,layer_aware,high_PageRank,ncbn,60219,109220,129604,0,1970-01-20T06:43:12+00:00,0,0,NA,NA,NA,NA,NA,0
pooled,layer_aware,high_PageRank,rokhanna,60219,109220,129604,0,1970-01-20T06:43:12+00:00,1,1,1.0,0.0,0.009652777777777777,0.009652777777777777,0.009652777777777777,1
pooled,layer_aware,high_PageRank,rajnathsingh,60219,109220,129604,0,1970-01-20T06:43:12+00:00,0,0,NA,NA,NA,NA,NA,0
pooled,layer_aware,high_PageRank,jayshah,60219,109220,129604,0,1970-01-20T06:43:12+00:00,0,0,NA,NA,NA,NA,NA,0
pooled,layer_aware,high_PageRank,sanjayazadsln,60219,109220,129604,0,1970-01-20T06:43:12+00:00,0,0,NA,NA,NA,NA,NA,0
pooled,layer_aware,high_PageRank,raghav_chadha,60219,109220,129604,0,1970-01-20T06:43:12+00:00,0,0,NA,NA,NA,NA,NA,0
pooled,layer_aware,high_PageRank,sumanthraman,60219,109220,129604,0,1970-01-20T06:43:12+00:00,0,0,NA,NA,NA,NA,NA,0
pooled,layer_aware,high_PageRank,indianexpress,60219,109220,129604,0,1970-01-20T06:43:12+00:00,7,7,1.0,0.0,0.003414351851851852,0.15252314814814816,0.16508101851851853,1
pooled,layer_aware,high_PageRank,zoo_bear,60219,109220,129604,0,1970-01-20T06:43:12+00:00,0,0,NA,NA,NA,NA,NA,0
pooled,layer_aware,high_PageRank,mrsgandhi,60219,109220,129604,0,1970-01-20T06:43:12+00:00,1,1,1.0,0.0,0.08979166666666667,0.08979166666666667,0.08979166666666667,1
pooled,layer_aware,high_PageRank,incvaniyambadi,60219,109220,129604,0,1970-01-20T06:43:12+00:00,3,3,1.0,0.0,0.013020833333333334,0.013020833333333334,0.013020833333333334,1
pooled,layer_aware,high_PageRank,_faridkhan,60219,109220,129604,0,1970-01-20T06:43:12+00:00,0,0,NA,NA,NA,NA,NA,0
pooled,layer_aware,high_PageRank,mkstalin,60219,109220,129604,0,1970-01-20T06:43:12+00:00,0,0,NA,NA,NA,NA,NA,0
pooled,layer_aware,high_PageRank,drshamamohd,60219,109220,129604,0,1970-01-20T06:43:12+00:00,173,59,0.34104046242774566,0.6589595375722543,0.006712962962962963,0.09821759259259259,0.16539351851851852,3
pooled,layer_aware,high_PageRank,httweets,60219,109220,129604,0,1970-01-20T06:43:12+00:00,0,0,NA,NA,NA,NA,NA,0
pooled,layer_aware,high_PageRank,sagarikaghose,60219,109220,129604,0,1970-01-20T06:43:12+00:00,12,6,0.5,0.5,0.1412037037037037,0.1463136574074074,0.16364583333333332,2
pooled,layer_aware,high_PageRank,imvkohli,60219,109220,129604,0,1970-01-20T06:43:12+00:00,0,0,NA,NA,NA,NA,NA,0
pooled,layer_aware,high_PageRank,ktrtrs,60219,109220,129604,0,1970-01-20T06:43:12+00:00,0,0,NA,NA,NA,NA,NA,0
pooled,layer_aware,high_PageRank,jpnadda,60219,109220,129604,0,1970-01-20T06:43:12+00:00,0,0,NA,NA,NA,NA,NA,0
pooled,layer_aware,high_PageRank,richachadha,60219,109220,129604,0,1970-01-20T06:43:12+00:00,0,0,NA,NA,NA,NA,NA,0
pooled,layer_aware,high_PageRank,martina,60219,109220,129604,0,1970-01-20T06:43:12+00:00,0,0,NA,NA,NA,NA,NA,0
pooled,layer_aware,high_PageRank,bhogleharsha,60219,109220,129604,0,1970-01-20T06:43:12+00:00,0,0,NA,NA,NA,NA,NA,0
pooled,layer_aware,high_PageRank,gautamgambhir,60219,109220,129604,0,1970-01-20T06:43:12+00:00,0,0,NA,NA,NA,NA,NA,0
pooled,layer_aware,high_PageRank,sudhirchaudhary,60219,109220,129604,0,1970-01-20T06:43:12+00:00,2,2,1.0,0.0,0.11748842592592593,0.11748842592592593,0.11748842592592593,1
pooled,layer_aware,high_PageRank,rubikaliyaquat,60219,109220,129604,0,1970-01-20T06:43:12+00:00,0,0,NA,NA,NA,NA,NA,0
pooled,layer_aware,high_PageRank,bbchindi,60219,109220,129604,0,1970-01-20T06:43:12+00:00,0,0,NA,NA,NA,NA,NA,0
pooled,layer_aware,high_PageRank,dev_fadnavis,60219,109220,129604,0,1970-01-20T06:43:12+00:00,1,1,1.0,0.0,0.0587962962962963,0.0587962962962963,0.0587962962962963,1
pooled,layer_aware,high_PageRank,enraged_indian,60219,109220,129604,0,1970-01-20T06:43:12+00:00,915,106,0.11584699453551912,0.8841530054644808,0.0032060185185185186,0.12600694444444444,0.1652662037037037,3
pooled,layer_aware,high_PageRank,bdutt,60219,109220,129604,0,1970-01-20T06:43:12+00:00,1,1,1.0,0.0,0.0036226851851851854,0.0036226851851851854,0.0036226851851851854,1
pooled,layer_aware,high_PageRank,espncricinfo,60219,109220,129604,0,1970-01-20T06:43:12+00:00,0,0,NA,NA,NA,NA,NA,0
pooled,layer_aware,high_PageRank,bainjal,60219,109220,129604,0,1970-01-20T06:43:12+00:00,0,0,NA,NA,NA,NA,NA,0
pooled,layer_aware,high_PageRank,kirenrijiju,60219,109220,129604,0,1970-01-20T06:43:12+00:00,0,0,NA,NA,NA,NA,NA,0
pooled,layer_aware,high_PageRank,sushmaswaraj,60219,109220,129604,0,1970-01-20T06:43:12+00:00,0,0,NA,NA,NA,NA,NA,0
pooled,layer_aware,high_PageRank,arfasays_,60219,109220,129604,0,1970-01-20T06:43:12+00:00,0,0,NA,NA,NA,NA,NA,0
pooled,layer_aware,high_PageRank,majorgauravarya,60219,109220,129604,0,1970-01-20T06:43:12+00:00,0,0,NA,NA,NA,NA,NA,0
pooled,layer_aware,high_PageRank,kapilmishra_ind,60219,109220,129604,0,1970-01-20T06:43:12+00:00,0,0,NA,NA,NA,NA,NA,0
pooled,layer_aware,high_PageRank,kapilsibal,60219,109220,129604,0,1970-01-20T06:43:12+00:00,0,0,NA,NA,NA,NA,NA,0
pooled,layer_aware,high_PageRank,ysjagan,60219,109220,129604,0,1970-01-20T06:43:12+00:00,0,0,NA,NA,NA,NA,NA,0
pooled,layer_aware,high_PageRank,anandmahindra,60219,109220,129604,0,1970-01-20T06:43:12+00:00,0,0,NA,NA,NA,NA,NA,0
pooled,layer_aware,high_PageRank,shefvaidya,60219,109220,129604,0,1970-01-20T06:43:12+00:00,5,5,1.0,0.0,0.055185185185185184,0.07918981481481481,0.12545138888888888,2
pooled,layer_aware,high_PageRank,semafor,60219,109220,129604,0,1970-01-20T06:43:12+00:00,0,0,NA,NA,NA,NA,NA,0
pooled,layer_aware,high_PageRank,profdilipmandal,60219,109220,129604,0,1970-01-20T06:43:12+00:00,1,1,1.0,0.0,0.06251157407407408,0.06251157407407408,0.06251157407407408,1
pooled,layer_aware,high_PageRank,zeenews,60219,109220,129604,0,1970-01-20T06:43:12+00:00,0,0,NA,NA,NA,NA,NA,0
pooled,layer_aware,high_PageRank,tavleen_singh,60219,109220,129604,0,1970-01-20T06:43:12+00:00,0,0,NA,NA,NA,NA,NA,0
pooled,layer_aware,high_PageRank,aitcofficial,60219,109220,129604,0,1970-01-20T06:43:12+00:00,0,0,NA,NA,NA,NA,NA,0
pooled,layer_aware,high_PageRank,theprintindia,60219,109220,129604,0,1970-01-20T06:43:12+00:00,39,27,0.6923076923076923,0.3076923076923077,0.0014351851851851852,0.08842592592592592,0.15938657407407408,3
pooled,layer_aware,high_PageRank,majorpoonia,60219,109220,129604,0,1970-01-20T06:43:12+00:00,0,0,NA,NA,NA,NA,NA,0
pooled,layer_aware,high_PageRank,himantabiswa,60219,109220,129604,0,1970-01-20T06:43:12+00:00,1,1,1.0,0.0,0.061446759259259257,0.061446759259259257,0.061446759259259257,1
pooled,layer_aware,high_PageRank,officialdgispr,60219,109220,129604,0,1970-01-20T06:43:12+00:00,0,0,NA,NA,NA,NA,NA,0
pooled,layer_aware,high_PageRank,imro45,60219,109220,129604,0,1970-01-20T06:43:12+00:00,0,0,NA,NA,NA,NA,NA,0
pooled,layer_aware,high_PageRank,bjp4karnataka,60219,109220,129604,0,1970-01-20T06:43:12+00:00,1,1,1.0,0.0,0.16144675925925925,0.16144675925925925,0.16144675925925925,1
pooled,layer_aware,high_PageRank,seharshinwari,60219,109220,129604,0,1970-01-20T06:43:12+00:00,0,0,NA,NA,NA,NA,NA,0
pooled,layer_aware,high_PageRank,klrahul,60219,109220,129604,0,1970-01-20T06:43:12+00:00,0,0,NA,NA,NA,NA,NA,0
pooled,layer_aware,high_PageRank,the_hindu,60219,109220,129604,0,1970-01-20T06:43:12+00:00,9,9,1.0,0.0,0.015625,0.06427083333333333,0.11729166666666667,2
pooled,layer_aware,high_PageRank,jaankari,60219,109220,129604,0,1970-01-20T06:43:12+00:00,0,0,NA,NA,NA,NA,NA,0
pooled,layer_aware,high_PageRank,venkateshprasad,60219,109220,129604,0,1970-01-20T06:43:12+00:00,0,0,NA,NA,NA,NA,NA,0
pooled,layer_aware,high_PageRank,asadowaisi,60219,109220,129604,0,1970-01-20T06:43:12+00:00,0,0,NA,NA,NA,NA,NA,0
pooled,layer_aware,high_PageRank,khanumarfa,60219,109220,129604,0,1970-01-20T06:43:12+00:00,0,0,NA,NA,NA,NA,NA,0
pooled,layer_aware,high_PageRank,narendramodi_in,60219,109220,129604,0,1970-01-20T06:43:12+00:00,0,0,NA,NA,NA,NA,NA,0
pooled,layer_aware,high_PageRank,thejagmeetsingh,60219,109220,129604,0,1970-01-20T06:43:12+00:00,0,0,NA,NA,NA,NA,NA,0
pooled,layer_aware,high_PageRank,icc,60219,109220,129604,0,1970-01-20T06:43:12+00:00,0,0,NA,NA,NA,NA,NA,0
pooled,layer_aware,high_PageRank,cnnnews18,60219,109220,129604,0,1970-01-20T06:43:12+00:00,28,26,0.9285714285714286,0.07142857142857142,0.0020833333333333333,0.12680555555555556,0.16539351851851852,2
pooled,layer_aware,high_PageRank,tehseenp,60219,109220,129604,0,1970-01-20T06:43:12+00:00,0,0,NA,NA,NA,NA,NA,0
pooled,layer_aware,high_PageRank,rashtrapatibhvn,60219,109220,129604,0,1970-01-20T06:43:12+00:00,0,0,NA,NA,NA,NA,NA,0
pooled,layer_aware,high_PageRank,avinasharya09,60219,109220,129604,0,1970-01-20T06:43:12+00:00,0,0,NA,NA,NA,NA,NA,0
pooled,layer_aware,high_PageRank,kanhaiyakumar,60219,109220,129604,0,1970-01-20T06:43:12+00:00,0,0,NA,NA,NA,NA,NA,0
pooled,layer_aware,high_PageRank,abpnewstv,60219,109220,129604,0,1970-01-20T06:43:12+00:00,0,0,NA,NA,NA,NA,NA,0
pooled,layer_aware,high_PageRank,rahulkanwal,60219,109220,129604,0,1970-01-20T06:43:12+00:00,0,0,NA,NA,NA,NA,NA,0
pooled,layer_aware,high_PageRank,iamajaysehrawat,60219,109220,129604,0,1970-01-20T06:43:12+00:00,0,0,NA,NA,NA,NA,NA,0
pooled,layer_aware,high_PageRank,iyervval,60219,109220,129604,0,1970-01-20T06:43:12+00:00,0,0,NA,NA,NA,NA,NA,0
pooled,layer_aware,high_PageRank,smitaprakash,60219,109220,129604,0,1970-01-20T06:43:12+00:00,0,0,NA,NA,NA,NA,NA,0
pooled,layer_aware,high_PageRank,bbcindia,60219,109220,129604,0,1970-01-20T06:43:12+00:00,0,0,NA,NA,NA,NA,NA,0
pooled,layer_aware,high_PageRank,newsarenaindia,60219,109220,129604,0,1970-01-20T06:43:12+00:00,0,0,NA,NA,NA,NA,NA,0
pooled,layer_aware,high_PageRank,indiatvnews,60219,109220,129604,0,1970-01-20T06:43:12+00:00,7,7,1.0,0.0,0.016481481481481482,0.04287037037037037,0.16366898148148148,2
pooled,layer_aware,high_PageRank,kunalkamra88,60219,109220,129604,0,1970-01-20T06:43:12+00:00,0,0,NA,NA,NA,NA,NA,0
pooled,layer_aware,high_PageRank,irfanpathan,60219,109220,129604,0,1970-01-20T06:43:12+00:00,0,0,NA,NA,NA,NA,NA,0
pooled,layer_aware,high_PageRank,rsprasad,60219,109220,129604,0,1970-01-20T06:43:12+00:00,0,0,NA,NA,NA,NA,NA,0
pooled,layer_aware,high_PageRank,ajitdatta,60219,109220,129604,0,1970-01-20T06:43:12+00:00,0,0,NA,NA,NA,NA,NA,0
pooled,layer_aware,high_PageRank,lambaalka,60219,109220,129604,0,1970-01-20T06:43:12+00:00,0,0,NA,NA,NA,NA,NA,0
pooled,layer_aware,high_PageRank,virsanghvi,60219,109220,129604,0,1970-01-20T06:43:12+00:00,2,2,1.0,0.0,0.10440972222222222,0.12583333333333335,0.14725694444444445,1
pooled,layer_aware,high_PageRank,activistsandeep,60219,109220,129604,0,1970-01-20T06:43:12+00:00,0,0,NA,NA,NA,NA,NA,0
pooled,layer_aware,high_PageRank,nikkihaley,60219,109220,129604,0,1970-01-20T06:43:12+00:00,0,0,NA,NA,NA,NA,NA,0
pooled,layer_aware,high_PageRank,vijaygajera,60219,109220,129604,0,1970-01-20T06:43:12+00:00,0,0,NA,NA,NA,NA,NA,0
pooled,layer_aware,high_PageRank,opindia_com,60219,109220,129604,0,1970-01-20T06:43:12+00:00,0,0,NA,NA,NA,NA,NA,0
pooled,layer_aware,high_PageRank,hmoindia,60219,109220,129604,0,1970-01-20T06:43:12+00:00,0,0,NA,NA,NA,NA,NA,0
pooled,layer_aware,high_PageRank,rssurjewala,60219,109220,129604,0,1970-01-20T06:43:12+00:00,0,0,NA,NA,NA,NA,NA,0
pooled,layer_aware,high_PageRank,ktrbrs,60219,109220,129604,0,1970-01-20T06:43:12+00:00,0,0,NA,NA,NA,NA,NA,0
pooled,layer_aware,high_PageRank,abhishbanerj,60219,109220,129604,0,1970-01-20T06:43:12+00:00,1,1,1.0,0.0,0.03650462962962963,0.03650462962962963,0.03650462962962963,1
pooled,layer_aware,high_PageRank,waglenikhil,60219,109220,129604,0,1970-01-20T06:43:12+00:00,1,1,1.0,0.0,0.12315972222222223,0.12315972222222223,0.12315972222222223,1
pooled,layer_aware,high_PageRank,rshivshankar,60219,109220,129604,0,1970-01-20T06:43:12+00:00,0,0,NA,NA,NA,NA,NA,0
pooled,layer_aware,high_PageRank,adnansamilive,60219,109220,129604,0,1970-01-20T06:43:12+00:00,0,0,NA,NA,NA,NA,NA,0
pooled,layer_aware,high_PageRank,ewarren,60219,109220,129604,0,1970-01-20T06:43:12+00:00,0,0,NA,NA,NA,NA,NA,0
pooled,layer_aware,high_PageRank,t_d_h_nair,60219,109220,129604,0,1970-01-20T06:43:12+00:00,0,0,NA,NA,NA,NA,NA,0
pooled,layer_aware,high_PageRank,atishiaap,60219,109220,129604,0,1970-01-20T06:43:12+00:00,0,0,NA,NA,NA,NA,NA,0
pooled,layer_aware,high_PageRank,bharatjodo,60219,109220,129604,0,1970-01-20T06:43:12+00:00,0,0,NA,NA,NA,NA,NA,0
pooled,layer_aware,high_PageRank,cricketaakash,60219,109220,129604,0,1970-01-20T06:43:12+00:00,0,0,NA,NA,NA,NA,NA,0
pooled,layer_aware,high_PageRank,hindenburgres,60219,109220,129604,0,1970-01-20T06:43:12+00:00,0,0,NA,NA,NA,NA,NA,0
pooled,layer_aware,high_PageRank,mastercardindia,60219,109220,129604,0,1970-01-20T06:43:12+00:00,0,0,NA,NA,NA,NA,NA,0
pooled,layer_aware,high_PageRank,twitter,60219,109220,129604,0,1970-01-20T06:43:12+00:00,0,0,NA,NA,NA,NA,NA,0
pooled,layer_aware,high_PageRank,bjp4delhi,60219,109220,129604,0,1970-01-20T06:43:12+00:00,0,0,NA,NA,NA,NA,NA,0
pooled,layer_aware,high_PageRank,divyaspandana,60219,109220,129604,0,1970-01-20T06:43:12+00:00,0,0,NA,NA,NA,NA,NA,0
pooled,layer_aware,high_PageRank,bbcworld,60219,109220,129604,0,1970-01-20T06:43:12+00:00,0,0,NA,NA,NA,NA,NA,0
pooled,layer_aware,high_PageRank,lakotaman1,60219,109220,129604,0,1970-01-20T06:43:12+00:00,0,0,NA,NA,NA,NA,NA,0
pooled,layer_aware,high_PageRank,_pallavighosh,60219,109220,129604,0,1970-01-20T06:43:12+00:00,0,0,NA,NA,NA,NA,NA,0
pooled,layer_aware,high_PageRank,shubhankrmishra,60219,109220,129604,0,1970-01-20T06:43:12+00:00,0,0,NA,NA,NA,NA,NA,0
pooled,layer_aware,high_PageRank,mayawati,60219,109220,129604,0,1970-01-20T06:43:12+00:00,0,0,NA,NA,NA,NA,NA,0
pooled,layer_aware,high_PageRank,economictimes,60219,109220,129604,0,1970-01-20T06:43:12+00:00,2,2,1.0,0.0,0.05511574074074074,0.05511574074074074,0.05511574074074074,1
pooled,layer_aware,high_PageRank,iamsrk,60219,109220,129604,0,1970-01-20T06:43:12+00:00,0,0,NA,NA,NA,NA,NA,0
pooled,layer_aware,high_PageRank,nitishkumar,60219,109220,129604,0,1970-01-20T06:43:12+00:00,0,0,NA,NA,NA,NA,NA,0
pooled,layer_aware,high_PageRank,_sabanaqvi,60219,109220,129604,0,1970-01-20T06:43:12+00:00,0,0,NA,NA,NA,NA,NA,0
pooled,layer_aware,high_PageRank,unsubtledesi,60219,109220,129604,0,1970-01-20T06:43:12+00:00,0,0,NA,NA,NA,NA,NA,0
pooled,layer_aware,high_PageRank,georgesoros,60219,109220,129604,0,1970-01-20T06:43:12+00:00,0,0,NA,NA,NA,NA,NA,0
pooled,layer_aware,high_PageRank,narundarm,60219,109220,129604,0,1970-01-20T06:43:12+00:00,0,0,NA,NA,NA,NA,NA,0
pooled,layer_aware,high_PageRank,ravisutanjani,60219,109220,129604,0,1970-01-20T06:43:12+00:00,0,0,NA,NA,NA,NA,NA,0
pooled,layer_aware,high_PageRank,naorgilon,60219,109220,129604,0,1970-01-20T06:43:12+00:00,0,0,NA,NA,NA,NA,NA,0
pooled,layer_aware,high_PageRank,palkisu,60219,109220,129604,0,1970-01-20T06:43:12+00:00,0,0,NA,NA,NA,NA,NA,0
pooled,layer_aware,high_PageRank,askanshul,60219,109220,129604,0,1970-01-20T06:43:12+00:00,0,0,NA,NA,NA,NA,NA,0
pooled,layer_aware,high_PageRank,thehawkeyex,60219,109220,129604,0,1970-01-20T06:43:12+00:00,1,1,1.0,0.0,0.12560185185185185,0.12560185185185185,0.12560185185185185,1
pooled,layer_aware,high_PageRank,abhishekaitc,60219,109220,129604,0,1970-01-20T06:43:12+00:00,0,0,NA,NA,NA,NA,NA,0
pooled,layer_aware,high_PageRank,elijahschaffer,60219,109220,129604,0,1970-01-20T06:43:12+00:00,0,0,NA,NA,NA,NA,NA,0
pooled,layer_aware,high_PageRank,omarabdullah,60219,109220,129604,0,1970-01-20T06:43:12+00:00,4,4,1.0,0.0,0.04767361111111111,0.04767361111111111,0.04767361111111111,2
pooled,layer_aware,high_PageRank,deependershooda,60219,109220,129604,0,1970-01-20T06:43:12+00:00,0,0,NA,NA,NA,NA,NA,0
pooled,layer_aware,high_PageRank,amitshahoffice,60219,109220,129604,0,1970-01-20T06:43:12+00:00,0,0,NA,NA,NA,NA,NA,0
pooled,layer_aware,high_PageRank,kamaalrkhan,60219,109220,129604,0,1970-01-20T06:43:12+00:00,2,1,0.5,0.5,0.14362268518518517,0.14362268518518517,0.14362268518518517,1
pooled,layer_aware,high_PageRank,cricketracker,60219,109220,129604,0,1970-01-20T06:43:12+00:00,0,0,NA,NA,NA,NA,NA,0
pooled,layer_aware,high_PageRank,indian_nagrik,60219,109220,129604,0,1970-01-20T06:43:12+00:00,47,36,0.7659574468085106,0.23404255319148937,0.00400462962962963,0.12634837962962964,0.1645949074074074,3
pooled,layer_aware,high_PageRank,adgpi,60219,109220,129604,0,1970-01-20T06:43:12+00:00,0,0,NA,NA,NA,NA,NA,0
pooled,layer_aware,high_PageRank,arivalayam,60219,109220,129604,0,1970-01-20T06:43:12+00:00,0,0,NA,NA,NA,NA,NA,0
pooled,layer_aware,high_PageRank,vivekoberoi,60219,109220,129604,0,1970-01-20T06:43:12+00:00,0,0,NA,NA,NA,NA,NA,0
pooled,layer_aware,high_PageRank,svaradarajan,60219,109220,129604,0,1970-01-20T06:43:12+00:00,5,5,1.0,0.0,0.012233796296296296,0.012233796296296296,0.10760416666666667,2
pooled,layer_aware,high_PageRank,voice_for_india,60219,109220,129604,0,1970-01-20T06:43:12+00:00,0,0,NA,NA,NA,NA,NA,0
pooled,layer_aware,high_PageRank,iaf_mcc,60219,109220,129604,0,1970-01-20T06:43:12+00:00,0,0,NA,NA,NA,NA,NA,0
pooled,layer_aware,high_PageRank,_yogendrayadav,60219,109220,129604,0,1970-01-20T06:43:12+00:00,0,0,NA,NA,NA,NA,NA,0
pooled,layer_aware,high_PageRank,shatrugansinha,60219,109220,129604,0,1970-01-20T06:43:12+00:00,0,0,NA,NA,NA,NA,NA,0
pooled,layer_aware,high_PageRank,sampitroda,60219,109220,129604,0,1970-01-20T06:43:12+00:00,0,0,NA,NA,NA,NA,NA,0
pooled,layer_aware,high_PageRank,sportskeeda,60219,109220,129604,0,1970-01-20T06:43:12+00:00,0,0,NA,NA,NA,NA,NA,0
pooled,layer_aware,high_PageRank,sidhant,60219,109220,129604,0,1970-01-20T06:43:12+00:00,2,2,1.0,0.0,0.13025462962962964,0.13025462962962964,0.13025462962962964,1
pooled,layer_aware,high_PageRank,omarali50,60219,109220,129604,0,1970-01-20T06:43:12+00:00,168,31,0.18452380952380953,0.8154761904761905,0.0077777777777777776,0.1142013888888889,0.1547337962962963,3
pooled,layer_aware,high_PageRank,davidfrawleyved,60219,109220,129604,0,1970-01-20T06:43:12+00:00,0,0,NA,NA,NA,NA,NA,0
pooled,layer_aware,high_PageRank,aditisinghinc,60219,109220,129604,0,1970-01-20T06:43:12+00:00,0,0,NA,NA,NA,NA,NA,0
pooled,layer_aware,high_PageRank,mehboobamufti,60219,109220,129604,0,1970-01-20T06:43:12+00:00,0,0,NA,NA,NA,NA,NA,0
pooled,layer_aware,high_PageRank,dr_rizwanahmed,60219,109220,129604,0,1970-01-20T06:43:12+00:00,1,1,1.0,0.0,0.15947916666666667,0.15947916666666667,0.15947916666666667,1
pooled,layer_aware,high_PageRank,khushsundar,60219,109220,129604,0,1970-01-20T06:43:12+00:00,1,1,1.0,0.0,0.15487268518518518,0.15487268518518518,0.15487268518518518,1
pooled,layer_aware,high_PageRank,tvmohandaspai,60219,109220,129604,0,1970-01-20T06:43:12+00:00,220,6,0.02727272727272727,0.9727272727272728,0.011423611111111112,0.011423611111111112,0.1437152777777778,1
pooled,layer_aware,high_PageRank,smitadeshmukh,60219,109220,129604,0,1970-01-20T06:43:12+00:00,5,5,1.0,0.0,0.0512962962962963,0.0512962962962963,0.15975694444444444,1
pooled,layer_aware,high_PageRank,iyc,60219,109220,129604,0,1970-01-20T06:43:12+00:00,6,2,0.3333333333333333,0.6666666666666666,0.1608449074074074,0.1611111111111111,0.16137731481481482,1
pooled,layer_aware,high_PageRank,rssorg,60219,109220,129604,0,1970-01-20T06:43:12+00:00,0,0,NA,NA,NA,NA,NA,0
pooled,layer_aware,high_PageRank,ravishndtv,60219,109220,129604,0,1970-01-20T06:43:12+00:00,0,0,NA,NA,NA,NA,NA,0
pooled,layer_aware,high_PageRank,kashmiri_faroq,60219,109220,129604,0,1970-01-20T06:43:12+00:00,3,3,1.0,0.0,0.04767361111111111,0.04767361111111111,0.04767361111111111,1
pooled,layer_aware,high_PageRank,navikakumar,60219,109220,129604,0,1970-01-20T06:43:12+00:00,0,0,NA,NA,NA,NA,NA,0
pooled,layer_aware,high_PageRank,bsybjp,60219,109220,129604,0,1970-01-20T06:43:12+00:00,0,0,NA,NA,NA,NA,NA,0
pooled,layer_aware,high_PageRank,ashokgehlot51,60219,109220,129604,0,1970-01-20T06:43:12+00:00,0,0,NA,NA,NA,NA,NA,0
pooled,layer_aware,high_PageRank,asyounotwish,60219,109220,129604,0,1970-01-20T06:43:12+00:00,1,1,1.0,0.0,0.16538194444444446,0.16538194444444446,0.16538194444444446,1
pooled,layer_aware,high_PageRank,mkatju,60219,109220,129604,0,1970-01-20T06:43:12+00:00,71,70,0.9859154929577465,0.014084507042253521,0.008773148148148148,0.008784722222222222,0.16508101851851853,2
pooled,layer_aware,high_PageRank,prafull_mbachai,60219,109220,129604,0,1970-01-20T06:43:12+00:00,0,0,NA,NA,NA,NA,NA,0
pooled,layer_aware,high_PageRank,reallyswara,60219,109220,129604,0,1970-01-20T06:43:12+00:00,0,0,NA,NA,NA,NA,NA,0
pooled,layer_aware,high_PageRank,akshayalladi,60219,109220,129604,0,1970-01-20T06:43:12+00:00,290,36,0.12413793103448276,0.8758620689655172,0.005115740740740741,0.13947337962962963,0.16461805555555556,5
pooled,layer_aware,high_PageRank,boltahindustan,60219,109220,129604,0,1970-01-20T06:43:12+00:00,0,0,NA,NA,NA,NA,NA,0
pooled,layer_aware,high_PageRank,delhiite_,60219,109220,129604,0,1970-01-20T06:43:12+00:00,1,1,1.0,0.0,0.08844907407407407,0.08844907407407407,0.08844907407407407,1
pooled,layer_aware,high_PageRank,bhavikakapoor5,60219,109220,129604,0,1970-01-20T06:43:12+00:00,0,0,NA,NA,NA,NA,NA,0
pooled,layer_aware,high_PageRank,ianuragthakur,60219,109220,129604,0,1970-01-20T06:43:12+00:00,0,0,NA,NA,NA,NA,NA,0
pooled,layer_aware,high_PageRank,janasenaparty,60219,109220,129604,0,1970-01-20T06:43:12+00:00,0,0,NA,NA,NA,NA,NA,0
pooled,layer_aware,high_PageRank,ajay43,60219,109220,129604,0,1970-01-20T06:43:12+00:00,0,0,NA,NA,NA,NA,NA,0
pooled,layer_aware,high_PageRank,rajatsharmalive,60219,109220,129604,0,1970-01-20T06:43:12+00:00,0,0,NA,NA,NA,NA,NA,0
pooled,layer_aware,high_PageRank,gganeshhh,60219,109220,129604,0,1970-01-20T06:43:12+00:00,0,0,NA,NA,NA,NA,NA,0
pooled,layer_aware,high_PageRank,spiritofcongres,60219,109220,129604,0,1970-01-20T06:43:12+00:00,0,0,NA,NA,NA,NA,NA,0
pooled,layer_aware,high_PageRank,saurabh_mlagk,60219,109220,129604,0,1970-01-20T06:43:12+00:00,0,0,NA,NA,NA,NA,NA,0
pooled,layer_aware,high_PageRank,yadavtejashwi,60219,109220,129604,0,1970-01-20T06:43:12+00:00,0,0,NA,NA,NA,NA,NA,0
pooled,layer_aware,high_PageRank,indiahistorypic,60219,109220,129604,0,1970-01-20T06:43:12+00:00,0,0,NA,NA,NA,NA,NA,0
pooled,layer_aware,high_PageRank,bhupindershooda,60219,109220,129604,0,1970-01-20T06:43:12+00:00,0,0,NA,NA,NA,NA,NA,0
pooled,layer_aware,high_PageRank,minicnair,60219,109220,129604,0,1970-01-20T06:43:12+00:00,105,23,0.21904761904761905,0.780952380952381,0.010416666666666666,0.13587962962962963,0.1603125,3
pooled,layer_aware,high_PageRank,amarprasadreddy,60219,109220,129604,0,1970-01-20T06:43:12+00:00,0,0,NA,NA,NA,NA,NA,0
pooled,layer_aware,high_PageRank,ranaayyub,60219,109220,129604,0,1970-01-20T06:43:12+00:00,0,0,NA,NA,NA,NA,NA,0
pooled,layer_aware,high_PageRank,ndtvfeed,60219,109220,129604,0,1970-01-20T06:43:12+00:00,0,0,NA,NA,NA,NA,NA,0
pooled,layer_aware,high_PageRank,gauravbh,60219,109220,129604,0,1970-01-20T06:43:12+00:00,0,0,NA,NA,NA,NA,NA,0
pooled,layer_aware,high_PageRank,sudhanshutrived,60219,109220,129604,0,1970-01-20T06:43:12+00:00,0,0,NA,NA,NA,NA,NA,0
pooled,layer_aware,high_PageRank,_sayema,60219,109220,129604,0,1970-01-20T06:43:12+00:00,0,0,NA,NA,NA,NA,NA,0
pooled,layer_aware,high_PageRank,nistula,60219,109220,129604,0,1970-01-20T06:43:12+00:00,9,5,0.5555555555555556,0.4444444444444444,0.07862268518518518,0.110625,0.11729166666666667,1
pooled,layer_aware,high_PageRank,alok_bhatt,60219,109220,129604,0,1970-01-20T06:43:12+00:00,7,6,0.8571428571428571,0.14285714285714285,0.0015046296296296296,0.0409375,0.10049768518518519,1
pooled,layer_aware,high_PageRank,fispahani,60219,109220,129604,0,1970-01-20T06:43:12+00:00,0,0,NA,NA,NA,NA,NA,0
pooled,layer_aware,high_PageRank,potus,60219,109220,129604,0,1970-01-20T06:43:12+00:00,0,0,NA,NA,NA,NA,NA,0
pooled,layer_aware,high_PageRank,besurataansane,60219,109220,129604,0,1970-01-20T06:43:12+00:00,4,4,1.0,0.0,0.050868055555555555,0.050868055555555555,0.050868055555555555,1
pooled,layer_aware,high_PageRank,mariaa_awd,60219,109220,129604,0,1970-01-20T06:43:12+00:00,0,0,NA,NA,NA,NA,NA,0
pooled,layer_aware,high_PageRank,abpnews,60219,109220,129604,0,1970-01-20T06:43:12+00:00,102,21,0.20588235294117646,0.7941176470588235,0.04273148148148148,0.13849537037037038,0.16273148148148148,3
pooled,layer_aware,high_PageRank,mumbaichadon,60219,109220,129604,0,1970-01-20T06:43:12+00:00,0,0,NA,NA,NA,NA,NA,0
pooled,layer_aware,high_PageRank,ajenglish,60219,109220,129604,0,1970-01-20T06:43:12+00:00,0,0,NA,NA,NA,NA,NA,0
pooled,layer_aware,high_PageRank,naveen_odisha,60219,109220,129604,0,1970-01-20T06:43:12+00:00,0,0,NA,NA,NA,NA,NA,0
pooled,layer_aware,high_PageRank,bbc,60219,109220,129604,0,1970-01-20T06:43:12+00:00,0,0,NA,NA,NA,NA,NA,0
pooled,layer_aware,high_PageRank,prashantkishor,60219,109220,129604,0,1970-01-20T06:43:12+00:00,0,0,NA,NA,NA,NA,NA,0
pooled,layer_aware,high_PageRank,saliltripathi,60219,109220,129604,0,1970-01-20T06:43:12+00:00,10,3,0.3,0.7,0.030046296296296297,0.030046296296296297,0.11013888888888888,1
pooled,layer_aware,high_PageRank,bbcnews,60219,109220,129604,0,1970-01-20T06:43:12+00:00,0,0,NA,NA,NA,NA,NA,0
pooled,layer_aware,high_PageRank,gabbbarsingh,60219,109220,129604,0,1970-01-20T06:43:12+00:00,0,0,NA,NA,NA,NA,NA,0
pooled,layer_aware,high_PageRank,theskindoctor13,60219,109220,129604,0,1970-01-20T06:43:12+00:00,0,0,NA,NA,NA,NA,NA,0
pooled,layer_aware,high_PageRank,ambkcsingh,60219,109220,129604,0,1970-01-20T06:43:12+00:00,0,0,NA,NA,NA,NA,NA,0
pooled,layer_aware,high_PageRank,countercurrents,60219,109220,129604,0,1970-01-20T06:43:12+00:00,1,1,1.0,0.0,0.018518518518518517,0.018518518518518517,0.018518518518518517,1
pooled,layer_aware,high_PageRank,shahid_siddiqui,60219,109220,129604,0,1970-01-20T06:43:12+00:00,0,0,NA,NA,NA,NA,NA,0
pooled,layer_aware,high_PageRank,rajthackeray,60219,109220,129604,0,1970-01-20T06:43:12+00:00,0,0,NA,NA,NA,NA,NA,0
pooled,layer_aware,high_PageRank,sirpareshrawal,60219,109220,129604,0,1970-01-20T06:43:12+00:00,0,0,NA,NA,NA,NA,NA,0
pooled,layer_aware,high_PageRank,sushantbsinha,60219,109220,129604,0,1970-01-20T06:43:12+00:00,0,0,NA,NA,NA,NA,NA,0
pooled,layer_aware,high_PageRank,kaushikcbasu,60219,109220,129604,0,1970-01-20T06:43:12+00:00,0,0,NA,NA,NA,NA,NA,0
pooled,layer_aware,high_PageRank,jaipurlitfest,60219,109220,129604,0,1970-01-20T06:43:12+00:00,0,0,NA,NA,NA,NA,NA,0
pooled,layer_aware,high_PageRank,varungandhi80,60219,109220,129604,0,1970-01-20T06:43:12+00:00,0,0,NA,NA,NA,NA,NA,0
pooled,layer_aware,high_PageRank,un,60219,109220,129604,0,1970-01-20T06:43:12+00:00,0,0,NA,NA,NA,NA,NA,0
pooled,layer_aware,high_PageRank,krisnair1,60219,109220,129604,0,1970-01-20T06:43:12+00:00,0,0,NA,NA,NA,NA,NA,0
pooled,layer_aware,high_PageRank,bjp4tamilnadu,60219,109220,129604,0,1970-01-20T06:43:12+00:00,0,0,NA,NA,NA,NA,NA,0
pooled,layer_aware,high_PageRank,dhume,60219,109220,129604,0,1970-01-20T06:43:12+00:00,298,10,0.03355704697986577,0.9664429530201343,0.06369212962962963,0.14666666666666667,0.16366898148148148,3
pooled,layer_aware,high_PageRank,sansbarrier,60219,109220,129604,0,1970-01-20T06:43:12+00:00,0,0,NA,NA,NA,NA,NA,0
pooled,layer_aware,high_PageRank,deepanshu_1810,60219,109220,129604,0,1970-01-20T06:43:12+00:00,0,0,NA,NA,NA,NA,NA,0
pooled,layer_aware,high_PageRank,nidhi,60219,109220,129604,0,1970-01-20T06:43:12+00:00,0,0,NA,NA,NA,NA,NA,0
pooled,layer_aware,high_PageRank,sohamdraws,60219,109220,129604,0,1970-01-20T06:43:12+00:00,0,0,NA,NA,NA,NA,NA,0
pooled,layer_aware,high_PageRank,_garrywalia,60219,109220,129604,0,1970-01-20T06:43:12+00:00,0,0,NA,NA,NA,NA,NA,0
pooled,layer_aware,high_PageRank,jaipurdialogues,60219,109220,129604,0,1970-01-20T06:43:12+00:00,0,0,NA,NA,NA,NA,NA,0
pooled,layer_aware,high_PageRank,tarekfatah,60219,109220,129604,0,1970-01-20T06:43:12+00:00,0,0,NA,NA,NA,NA,NA,0
pooled,layer_aware,high_PageRank,kanchangupta,60219,109220,129604,0,1970-01-20T06:43:12+00:00,101,20,0.19801980198019803,0.801980198019802,0.007592592592592593,0.13849537037037038,0.16273148148148148,3
pooled,layer_aware,high_PageRank,shoaibdaniyal,60219,109220,129604,0,1970-01-20T06:43:12+00:00,0,0,NA,NA,NA,NA,NA,0
pooled,layer_aware,high_PageRank,gargac,60219,109220,129604,0,1970-01-20T06:43:12+00:00,1,1,1.0,0.0,0.05371527777777778,0.05371527777777778,0.05371527777777778,1
pooled,layer_aware,high_PageRank,lavanyaballal,60219,109220,129604,0,1970-01-20T06:43:12+00:00,748,342,0.4572192513368984,0.5427807486631016,0.026643518518518518,0.10017361111111112,0.16539351851851852,6
pooled,layer_aware,high_PageRank,hvgoenka,60219,109220,129604,0,1970-01-20T06:43:12+00:00,0,0,NA,NA,NA,NA,NA,0
pooled,layer_aware,high_PageRank,sitaramyechury,60219,109220,129604,0,1970-01-20T06:43:12+00:00,0,0,NA,NA,NA,NA,NA,0
pooled,layer_aware,high_PageRank,mrsinha_,60219,109220,129604,0,1970-01-20T06:43:12+00:00,0,0,NA,NA,NA,NA,NA,0
pooled,layer_aware,high_PageRank,brsparty,60219,109220,129604,0,1970-01-20T06:43:12+00:00,0,0,NA,NA,NA,NA,NA,0
pooled,layer_aware,high_PageRank,samkhan999,60219,109220,129604,0,1970-01-20T06:43:12+00:00,0,0,NA,NA,NA,NA,NA,0
pooled,layer_aware,high_PageRank,inckarnataka,60219,109220,129604,0,1970-01-20T06:43:12+00:00,3,3,1.0,0.0,0.051145833333333335,0.051145833333333335,0.07918981481481481,2
pooled,layer_aware,high_PageRank,toiindianews,60219,109220,129604,0,1970-01-20T06:43:12+00:00,0,0,NA,NA,NA,NA,NA,0
pooled,layer_aware,high_PageRank,sushantnmehta,60219,109220,129604,0,1970-01-20T06:43:12+00:00,0,0,NA,NA,NA,NA,NA,0
pooled,layer_aware,high_PageRank,drkumarvishwas,60219,109220,129604,0,1970-01-20T06:43:12+00:00,0,0,NA,NA,NA,NA,NA,0
pooled,layer_aware,high_PageRank,bjplive,60219,109220,129604,0,1970-01-20T06:43:12+00:00,0,0,NA,NA,NA,NA,NA,0
pooled,layer_aware,high_PageRank,kvishreddy,60219,109220,129604,0,1970-01-20T06:43:12+00:00,1,1,1.0,0.0,0.011168981481481481,0.011168981481481481,0.011168981481481481,1
pooled,layer_aware,high_PageRank,cpimspeak,60219,109220,129604,0,1970-01-20T06:43:12+00:00,0,0,NA,NA,NA,NA,NA,0
pooled,layer_aware,high_PageRank,indian__doctor,60219,109220,129604,0,1970-01-20T06:43:12+00:00,3,3,1.0,0.0,0.015601851851851851,0.015601851851851851,0.05938657407407407,1
pooled,layer_aware,high_PageRank,qamarcheema,60219,109220,129604,0,1970-01-20T06:43:12+00:00,0,0,NA,NA,NA,NA,NA,0
pooled,layer_aware,high_PageRank,senwarren,60219,109220,129604,0,1970-01-20T06:43:12+00:00,0,0,NA,NA,NA,NA,NA,0
pooled,layer_aware,high_PageRank,barmansamannay,60219,109220,129604,0,1970-01-20T06:43:12+00:00,0,0,NA,NA,NA,NA,NA,0
pooled,layer_aware,high_PageRank,befittingfacts,60219,109220,129604,0,1970-01-20T06:43:12+00:00,0,0,NA,NA,NA,NA,NA,0
pooled,layer_aware,high_PageRank,ipl,60219,109220,129604,0,1970-01-20T06:43:12+00:00,0,0,NA,NA,NA,NA,NA,0
pooled,layer_aware,high_PageRank,desimojito,60219,109220,129604,0,1970-01-20T06:43:12+00:00,0,0,NA,NA,NA,NA,NA,0
pooled,layer_aware,high_PageRank,virendersehwag,60219,109220,129604,0,1970-01-20T06:43:12+00:00,0,0,NA,NA,NA,NA,NA,0
pooled,layer_aware,high_PageRank,derekobrienmp,60219,109220,129604,0,1970-01-20T06:43:12+00:00,0,0,NA,NA,NA,NA,NA,0
pooled,layer_aware,high_PageRank,sherryontopp,60219,109220,129604,0,1970-01-20T06:43:12+00:00,0,0,NA,NA,NA,NA,NA,0
pooled,layer_aware,high_PageRank,anupampkher,60219,109220,129604,0,1970-01-20T06:43:12+00:00,0,0,NA,NA,NA,NA,NA,0
pooled,layer_aware,high_PageRank,hd_kumaraswamy,60219,109220,129604,0,1970-01-20T06:43:12+00:00,0,0,NA,NA,NA,NA,NA,0
pooled,layer_aware,high_PageRank,bjp4bengal,60219,109220,129604,0,1970-01-20T06:43:12+00:00,0,0,NA,NA,NA,NA,NA,0
pooled,layer_aware,high_PageRank,time,60219,109220,129604,0,1970-01-20T06:43:12+00:00,0,0,NA,NA,NA,NA,NA,0
pooled,layer_aware,high_PageRank,anshumansail,60219,109220,129604,0,1970-01-20T06:43:12+00:00,0,0,NA,NA,NA,NA,NA,0
pooled,layer_aware,high_PageRank,viceapologist,60219,109220,129604,0,1970-01-20T06:43:12+00:00,0,0,NA,NA,NA,NA,NA,0
pooled,layer_aware,high_PageRank,starboy2079,60219,109220,129604,0,1970-01-20T06:43:12+00:00,0,0,NA,NA,NA,NA,NA,0
pooled,layer_aware,high_PageRank,shivsena,60219,109220,129604,0,1970-01-20T06:43:12+00:00,0,0,NA,NA,NA,NA,NA,0
pooled,layer_aware,high_PageRank,siddaramaiah,60219,109220,129604,0,1970-01-20T06:43:12+00:00,3,3,1.0,0.0,0.010115740740740741,0.010115740740740741,0.010115740740740741,1
pooled,layer_aware,high_PageRank,digvijaya_28,60219,109220,129604,0,1970-01-20T06:43:12+00:00,0,0,NA,NA,NA,NA,NA,0
pooled,layer_aware,high_PageRank,supriya_sule,60219,109220,129604,0,1970-01-20T06:43:12+00:00,0,0,NA,NA,NA,NA,NA,0
pooled,layer_aware,high_PageRank,indian_index,60219,109220,129604,0,1970-01-20T06:43:12+00:00,0,0,NA,NA,NA,NA,NA,0
pooled,layer_aware,high_PageRank,drgpradhan,60219,109220,129604,0,1970-01-20T06:43:12+00:00,6,6,1.0,0.0,0.007974537037037037,0.007974537037037037,0.1641087962962963,3
pooled,layer_aware,high_PageRank,mohansinha,60219,109220,129604,0,1970-01-20T06:43:12+00:00,6,6,1.0,0.0,0.009479166666666667,0.0512962962962963,0.15975694444444444,2
pooled,layer_aware,high_PageRank,brutindia,60219,109220,129604,0,1970-01-20T06:43:12+00:00,0,0,NA,NA,NA,NA,NA,0
pooled,layer_aware,high_PageRank,umakanthgopalb1,60219,109220,129604,0,1970-01-20T06:43:12+00:00,1,1,1.0,0.0,0.011134259259259259,0.011134259259259259,0.011134259259259259,1
pooled,layer_aware,high_PageRank,milinddeora,60219,109220,129604,0,1970-01-20T06:43:12+00:00,0,0,NA,NA,NA,NA,NA,0
pooled,layer_aware,high_PageRank,elizatweetz,60219,109220,129604,0,1970-01-20T06:43:12+00:00,0,0,NA,NA,NA,NA,NA,0
pooled,layer_aware,high_PageRank,sirkazamjeevi,60219,109220,129604,0,1970-01-20T06:43:12+00:00,0,0,NA,NA,NA,NA,NA,0
pooled,layer_aware,high_PageRank,chouhanshivraj,60219,109220,129604,0,1970-01-20T06:43:12+00:00,0,0,NA,NA,NA,NA,NA,0
pooled,layer_aware,high_PageRank,samajwadiparty,60219,109220,129604,0,1970-01-20T06:43:12+00:00,0,0,NA,NA,NA,NA,NA,0
pooled,layer_aware,high_PageRank,gautam_adani,60219,109220,129604,0,1970-01-20T06:43:12+00:00,0,0,NA,NA,NA,NA,NA,0
pooled,layer_aware,high_PageRank,ashokepandit,60219,109220,129604,0,1970-01-20T06:43:12+00:00,0,0,NA,NA,NA,NA,NA,0
pooled,layer_aware,high_PageRank,sachinpilot,60219,109220,129604,0,1970-01-20T06:43:12+00:00,0,0,NA,NA,NA,NA,NA,0
pooled,layer_aware,high_PageRank,profbabones,60219,109220,129604,0,1970-01-20T06:43:12+00:00,216,64,0.2962962962962963,0.7037037037037037,0.02375,0.1165914351851852,0.1654050925925926,3
pooled,layer_aware,high_PageRank,thedailyshow,60219,109220,129604,0,1970-01-20T06:43:12+00:00,0,0,NA,NA,NA,NA,NA,0
pooled,layer_aware,high_PageRank,nan_dini_,60219,109220,129604,0,1970-01-20T06:43:12+00:00,0,0,NA,NA,NA,NA,NA,0
pooled,layer_aware,high_PageRank,derekjgrossman,60219,109220,129604,0,1970-01-20T06:43:12+00:00,0,0,NA,NA,NA,NA,NA,0
pooled,layer_aware,high_PageRank,being_humor,60219,109220,129604,0,1970-01-20T06:43:12+00:00,0,0,NA,NA,NA,NA,NA,0
pooled,layer_aware,high_PageRank,paul_koshy,60219,109220,129604,0,1970-01-20T06:43:12+00:00,5,5,1.0,0.0,0.010613425925925925,0.043125,0.15949074074074074,1
pooled,layer_aware,high_PageRank,pandajay,60219,109220,129604,0,1970-01-20T06:43:12+00:00,0,0,NA,NA,NA,NA,NA,0
pooled,layer_aware,high_PageRank,satishacharya,60219,109220,129604,0,1970-01-20T06:43:12+00:00,0,0,NA,NA,NA,NA,NA,0
pooled,layer_aware,high_PageRank,thedeshbhakt,60219,109220,129604,0,1970-01-20T06:43:12+00:00,0,0,NA,NA,NA,NA,NA,0
pooled,layer_aware,high_PageRank,epanchjanya,60219,109220,129604,0,1970-01-20T06:43:12+00:00,0,0,NA,NA,NA,NA,NA,0
pooled,layer_aware,high_PageRank,scroll_in,60219,109220,129604,0,1970-01-20T06:43:12+00:00,2,2,1.0,0.0,0.0021875,0.03469907407407407,0.06721064814814814,1
pooled,layer_aware,high_PageRank,adityarajkaul,60219,109220,129604,0,1970-01-20T06:43:12+00:00,1,1,1.0,0.0,0.10547453703703703,0.10547453703703703,0.10547453703703703,1
pooled,layer_aware,high_PageRank,cmshehbaz,60219,109220,129604,0,1970-01-20T06:43:12+00:00,0,0,NA,NA,NA,NA,NA,0
pooled,layer_aware,high_PageRank,tpofw14,60219,109220,129604,0,1970-01-20T06:43:12+00:00,5,5,1.0,0.0,0.007974537037037037,0.007974537037037037,0.1641087962962963,2
pooled,layer_aware,high_PageRank,sadhvi_prachi,60219,109220,129604,0,1970-01-20T06:43:12+00:00,0,0,NA,NA,NA,NA,NA,0
pooled,layer_aware,high_PageRank,shivaroor,60219,109220,129604,0,1970-01-20T06:43:12+00:00,0,0,NA,NA,NA,NA,NA,0
pooled,layer_aware,high_PageRank,meaindia,60219,109220,129604,0,1970-01-20T06:43:12+00:00,0,0,NA,NA,NA,NA,NA,0
pooled,layer_aware,high_PageRank,hardikpandya7,60219,109220,129604,0,1970-01-20T06:43:12+00:00,0,0,NA,NA,NA,NA,NA,0
pooled,layer_aware,high_PageRank,dgisprurdu,60219,109220,129604,0,1970-01-20T06:43:12+00:00,0,0,NA,NA,NA,NA,NA,0
pooled,layer_aware,high_PageRank,prakashjavdekar,60219,109220,129604,0,1970-01-20T06:43:12+00:00,0,0,NA,NA,NA,NA,NA,0
pooled,layer_aware,high_PageRank,suhelseth,60219,109220,129604,0,1970-01-20T06:43:12+00:00,0,0,NA,NA,NA,NA,NA,0
pooled,layer_aware,high_PageRank,bbhuttozardari,60219,109220,129604,0,1970-01-20T06:43:12+00:00,0,0,NA,NA,NA,NA,NA,0
pooled,layer_aware,high_PageRank,sanginamby,60219,109220,129604,0,1970-01-20T06:43:12+00:00,0,0,NA,NA,NA,NA,NA,0
pooled,layer_aware,high_PageRank,rohiniacharya2,60219,109220,129604,0,1970-01-20T06:43:12+00:00,0,0,NA,NA,NA,NA,NA,0
pooled,layer_aware,high_PageRank,karthikgnath,60219,109220,129604,0,1970-01-20T06:43:12+00:00,0,0,NA,NA,NA,NA,NA,0
pooled,layer_aware,high_PageRank,reuters,60219,109220,129604,0,1970-01-20T06:43:12+00:00,0,0,NA,NA,NA,NA,NA,0
pooled,layer_aware,high_PageRank,veera284,60219,109220,129604,0,1970-01-20T06:43:12+00:00,0,0,NA,NA,NA,NA,NA,0
pooled,layer_aware,high_PageRank,bjp4gujarat,60219,109220,129604,0,1970-01-20T06:43:12+00:00,0,0,NA,NA,NA,NA,NA,0
pooled,layer_aware,high_PageRank,ani_digital,60219,109220,129604,0,1970-01-20T06:43:12+00:00,1,1,1.0,0.0,0.09615740740740741,0.09615740740740741,0.09615740740740741,1
pooled,layer_aware,high_PageRank,alongimna,60219,109220,129604,0,1970-01-20T06:43:12+00:00,0,0,NA,NA,NA,NA,NA,0
pooled,layer_aware,high_PageRank,gauravsabnis,60219,109220,129604,0,1970-01-20T06:43:12+00:00,2,2,1.0,0.0,0.13825231481481481,0.13825231481481481,0.13825231481481481,1
pooled,layer_aware,high_PageRank,pinarayivijayan,60219,109220,129604,0,1970-01-20T06:43:12+00:00,0,0,NA,NA,NA,NA,NA,0
pooled,layer_aware,high_PageRank,cvkrishnan,60219,109220,129604,0,1970-01-20T06:43:12+00:00,290,32,0.1103448275862069,0.8896551724137931,0.08975694444444444,0.13947337962962963,0.16461805555555556,6
pooled,layer_aware,high_PageRank,rvaidya2000,60219,109220,129604,0,1970-01-20T06:43:12+00:00,0,0,NA,NA,NA,NA,NA,0
pooled,layer_aware,high_PageRank,thakkar_sameet,60219,109220,129604,0,1970-01-20T06:43:12+00:00,0,0,NA,NA,NA,NA,NA,0
pooled,layer_aware,high_PageRank,vikaslohia,60219,109220,129604,0,1970-01-20T06:43:12+00:00,0,0,NA,NA,NA,NA,NA,0
pooled,layer_aware,high_PageRank,ratansharda55,60219,109220,129604,0,1970-01-20T06:43:12+00:00,2,2,1.0,0.0,0.020405092592592593,0.036041666666666666,0.05167824074074074,1
pooled,layer_aware,high_PageRank,ndtvindia,60219,109220,129604,0,1970-01-20T06:43:12+00:00,0,0,NA,NA,NA,NA,NA,0
pooled,layer_aware,high_PageRank,newindianxpress,60219,109220,129604,0,1970-01-20T06:43:12+00:00,114,13,0.11403508771929824,0.8859649122807017,0.035451388888888886,0.11015046296296296,0.16315972222222222,1
pooled,layer_aware,high_PageRank,desi_thug1,60219,109220,129604,0,1970-01-20T06:43:12+00:00,0,0,NA,NA,NA,NA,NA,0
pooled,layer_aware,high_PageRank,minhazmerchant,60219,109220,129604,0,1970-01-20T06:43:12+00:00,0,0,NA,NA,NA,NA,NA,0
pooled,layer_aware,high_PageRank,kanwalsibal,60219,109220,129604,0,1970-01-20T06:43:12+00:00,0,0,NA,NA,NA,NA,NA,0
pooled,layer_aware,high_PageRank,abhijitmajumder,60219,109220,129604,0,1970-01-20T06:43:12+00:00,4,4,1.0,0.0,0.10167824074074074,0.10167824074074074,0.10167824074074074,1
pooled,layer_aware,high_PageRank,irogerbinny,60219,109220,129604,0,1970-01-20T06:43:12+00:00,0,0,NA,NA,NA,NA,NA,0
pooled,layer_aware,high_PageRank,jaffrelotc,60219,109220,129604,0,1970-01-20T06:43:12+00:00,0,0,NA,NA,NA,NA,NA,0
pooled,layer_aware,high_PageRank,jm_scindia,60219,109220,129604,0,1970-01-20T06:43:12+00:00,0,0,NA,NA,NA,NA,NA,0
pooled,layer_aware,high_PageRank,ranvijaylive,60219,109220,129604,0,1970-01-20T06:43:12+00:00,0,0,NA,NA,NA,NA,NA,0
pooled,layer_aware,high_PageRank,cambridgejbs,60219,109220,129604,0,1970-01-20T06:43:12+00:00,0,0,NA,NA,NA,NA,NA,0
pooled,layer_aware,high_PageRank,hazharoon,60219,109220,129604,0,1970-01-20T06:43:12+00:00,0,0,NA,NA,NA,NA,NA,0
pooled,layer_aware,high_PageRank,cryptic_miind,60219,109220,129604,0,1970-01-20T06:43:12+00:00,0,0,NA,NA,NA,NA,NA,0
pooled,layer_aware,high_PageRank,thelallantop,60219,109220,129604,0,1970-01-20T06:43:12+00:00,0,0,NA,NA,NA,NA,NA,0
pooled,layer_aware,high_PageRank,bjp4up,60219,109220,129604,0,1970-01-20T06:43:12+00:00,0,0,NA,NA,NA,NA,NA,0
pooled,layer_aware,high_PageRank,blsanthosh,60219,109220,129604,0,1970-01-20T06:43:12+00:00,0,0,NA,NA,NA,NA,NA,0
pooled,layer_aware,high_PageRank,kakar_harsha,60219,109220,129604,0,1970-01-20T06:43:12+00:00,0,0,NA,NA,NA,NA,NA,0
pooled,layer_aware,high_PageRank,israelinindia,60219,109220,129604,0,1970-01-20T06:43:12+00:00,0,0,NA,NA,NA,NA,NA,0
pooled,layer_aware,high_PageRank,vishaldadlani,60219,109220,129604,0,1970-01-20T06:43:12+00:00,0,0,NA,NA,NA,NA,NA,0
pooled,layer_aware,high_PageRank,beingarun28,60219,109220,129604,0,1970-01-20T06:43:12+00:00,0,0,NA,NA,NA,NA,NA,0
pooled,layer_aware,high_PageRank,dr_uditraj,60219,109220,129604,0,1970-01-20T06:43:12+00:00,0,0,NA,NA,NA,NA,NA,0
pooled,layer_aware,high_PageRank,anjanaomkashyap,60219,109220,129604,0,1970-01-20T06:43:12+00:00,0,0,NA,NA,NA,NA,NA,0
pooled,layer_aware,high_PageRank,savoices,60219,109220,129604,0,1970-01-20T06:43:12+00:00,1,1,1.0,0.0,0.15552083333333333,0.15552083333333333,0.15552083333333333,1
pooled,layer_aware,high_PageRank,zeenewshindi,60219,109220,129604,0,1970-01-20T06:43:12+00:00,0,0,NA,NA,NA,NA,NA,0
pooled,layer_aware,high_PageRank,ptiofficial,60219,109220,129604,0,1970-01-20T06:43:12+00:00,0,0,NA,NA,NA,NA,NA,0
pooled,layer_aware,high_PageRank,happymonjacob,60219,109220,129604,0,1970-01-20T06:43:12+00:00,0,0,NA,NA,NA,NA,NA,0
pooled,layer_aware,high_PageRank,bjp4maharashtra,60219,109220,129604,0,1970-01-20T06:43:12+00:00,0,0,NA,NA,NA,NA,NA,0
pooled,layer_aware,high_PageRank,thenewshour,60219,109220,129604,0,1970-01-20T06:43:12+00:00,0,0,NA,NA,NA,NA,NA,0
pooled,layer_aware,high_PageRank,talk2anuradha,60219,109220,129604,0,1970-01-20T06:43:12+00:00,0,0,NA,NA,NA,NA,NA,0
pooled,layer_aware,high_PageRank,abhisar_sharma,60219,109220,129604,0,1970-01-20T06:43:12+00:00,0,0,NA,NA,NA,NA,NA,0
pooled,layer_aware,high_PageRank,aapnareshbalyan,60219,109220,129604,0,1970-01-20T06:43:12+00:00,1,1,1.0,0.0,0.043506944444444445,0.043506944444444445,0.043506944444444445,1
pooled,layer_aware,high_PageRank,dmuthuk,60219,109220,129604,0,1970-01-20T06:43:12+00:00,0,0,NA,NA,NA,NA,NA,0
pooled,layer_aware,high_PageRank,surya_14kumar,60219,109220,129604,0,1970-01-20T06:43:12+00:00,0,0,NA,NA,NA,NA,NA,0
pooled,layer_aware,high_PageRank,puneetsinghlive,60219,109220,129604,0,1970-01-20T06:43:12+00:00,0,0,NA,NA,NA,NA,NA,0
pooled,layer_aware,high_PageRank,livelawindia,60219,109220,129604,0,1970-01-20T06:43:12+00:00,0,0,NA,NA,NA,NA,NA,0
pooled,layer_aware,high_PageRank,dillidurast,60219,109220,129604,0,1970-01-20T06:43:12+00:00,0,0,NA,NA,NA,NA,NA,0
pooled,layer_aware,high_PageRank,ashokchavaninc,60219,109220,129604,0,1970-01-20T06:43:12+00:00,0,0,NA,NA,NA,NA,NA,0
pooled,layer_aware,high_PageRank,bansuriswaraj,60219,109220,129604,0,1970-01-20T06:43:12+00:00,0,0,NA,NA,NA,NA,NA,0
pooled,layer_aware,high_PageRank,roflgandhi_,60219,109220,129604,0,1970-01-20T06:43:12+00:00,0,0,NA,NA,NA,NA,NA,0
pooled,layer_aware,high_PageRank,tathagata2,60219,109220,129604,0,1970-01-20T06:43:12+00:00,1,1,1.0,0.0,0.0992824074074074,0.0992824074074074,0.0992824074074074,1
pooled,layer_aware,high_PageRank,pathakkalpana,60219,109220,129604,0,1970-01-20T06:43:12+00:00,0,0,NA,NA,NA,NA,NA,0
pooled,layer_aware,high_PageRank,sanjeev_news,60219,109220,129604,0,1970-01-20T06:43:12+00:00,0,0,NA,NA,NA,NA,NA,0
pooled,layer_aware,high_PageRank,ashajadeja325,60219,109220,129604,0,1970-01-20T06:43:12+00:00,0,0,NA,NA,NA,NA,NA,0
pooled,layer_aware,high_PageRank,softgrowl,60219,109220,129604,0,1970-01-20T06:43:12+00:00,0,0,NA,NA,NA,NA,NA,0
pooled,layer_aware,high_PageRank,swatijaihind,60219,109220,129604,0,1970-01-20T06:43:12+00:00,0,0,NA,NA,NA,NA,NA,0
pooled,layer_aware,high_PageRank,kirronkherbjp,60219,109220,129604,0,1970-01-20T06:43:12+00:00,0,0,NA,NA,NA,NA,NA,0
pooled,layer_aware,high_PageRank,d_jaishankar,60219,109220,129604,0,1970-01-20T06:43:12+00:00,1,1,1.0,0.0,0.004768518518518518,0.004768518518518518,0.004768518518518518,1
pooled,layer_aware,high_PageRank,imkuldeep18,60219,109220,129604,0,1970-01-20T06:43:12+00:00,0,0,NA,NA,NA,NA,NA,0
pooled,layer_aware,high_PageRank,abhiandniyu,60219,109220,129604,0,1970-01-20T06:43:12+00:00,0,0,NA,NA,NA,NA,NA,0
pooled,layer_aware,high_PageRank,ladhuchoudhary,60219,109220,129604,0,1970-01-20T06:43:12+00:00,1,1,1.0,0.0,0.11777777777777777,0.11777777777777777,0.11777777777777777,1
pooled,layer_aware,high_PageRank,ssrajamouli,60219,109220,129604,0,1970-01-20T06:43:12+00:00,0,0,NA,NA,NA,NA,NA,0
pooled,layer_aware,high_PageRank,amymek,60219,109220,129604,0,1970-01-20T06:43:12+00:00,0,0,NA,NA,NA,NA,NA,0
pooled,layer_aware,high_PageRank,ptrmadurai,60219,109220,129604,0,1970-01-20T06:43:12+00:00,0,0,NA,NA,NA,NA,NA,0
pooled,layer_aware,high_PageRank,jawharsircar,60219,109220,129604,0,1970-01-20T06:43:12+00:00,0,0,NA,NA,NA,NA,NA,0
pooled,layer_aware,high_PageRank,subbaraotn,60219,109220,129604,0,1970-01-20T06:43:12+00:00,3,3,1.0,0.0,0.09811342592592592,0.12552083333333333,0.12552083333333333,2
pooled,layer_aware,high_PageRank,ashutosh83b,60219,109220,129604,0,1970-01-20T06:43:12+00:00,0,0,NA,NA,NA,NA,NA,0
pooled,layer_aware,high_PageRank,teslaanddoge,60219,109220,129604,0,1970-01-20T06:43:12+00:00,1,1,1.0,0.0,0.08017361111111111,0.08017361111111111,0.08017361111111111,1
pooled,layer_aware,high_PageRank,nitishrajpute,60219,109220,129604,0,1970-01-20T06:43:12+00:00,0,0,NA,NA,NA,NA,NA,0
pooled,layer_aware,high_PageRank,republic_bharat,60219,109220,129604,0,1970-01-20T06:43:12+00:00,0,0,NA,NA,NA,NA,NA,0
pooled,layer_aware,high_PageRank,ranvirshorey,60219,109220,129604,0,1970-01-20T06:43:12+00:00,0,0,NA,NA,NA,NA,NA,0
pooled,layer_aware,high_PageRank,fltltanoopverma,60219,109220,129604,0,1970-01-20T06:43:12+00:00,0,0,NA,NA,NA,NA,NA,0
pooled,layer_aware,high_PageRank,akashpo30183389,60219,109220,129604,0,1970-01-20T06:43:12+00:00,0,0,NA,NA,NA,NA,NA,0
pooled,layer_aware,high_PageRank,mxtaverse,60219,109220,129604,0,1970-01-20T06:43:12+00:00,0,0,NA,NA,NA,NA,NA,0
pooled,layer_aware,high_PageRank,laluprasadrjd,60219,109220,129604,0,1970-01-20T06:43:12+00:00,0,0,NA,NA,NA,NA,NA,0
pooled,layer_aware,high_PageRank,catale7a,60219,109220,129604,0,1970-01-20T06:43:12+00:00,171,20,0.11695906432748537,0.8830409356725146,0.08236111111111111,0.12244791666666667,0.1635300925925926,3
pooled,layer_aware,high_PageRank,meghamohan,60219,109220,129604,0,1970-01-20T06:43:12+00:00,0,0,NA,NA,NA,NA,NA,0
pooled,layer_aware,high_PageRank,thepolllady,60219,109220,129604,0,1970-01-20T06:43:12+00:00,2,2,1.0,0.0,0.0017592592592592592,0.0017592592592592592,0.0017592592592592592,1
pooled,layer_aware,high_PageRank,shaandelhite,60219,109220,129604,0,1970-01-20T06:43:12+00:00,2,2,1.0,0.0,0.07561342592592593,0.11148726851851852,0.1473611111111111,1
pooled,layer_aware,high_PageRank,dpradhanbjp,60219,109220,129604,0,1970-01-20T06:43:12+00:00,0,0,NA,NA,NA,NA,NA,0
pooled,layer_aware,high_PageRank,telanganacmo,60219,109220,129604,0,1970-01-20T06:43:12+00:00,0,0,NA,NA,NA,NA,NA,0
pooled,layer_aware,high_PageRank,amit_gujju,60219,109220,129604,0,1970-01-20T06:43:12+00:00,0,0,NA,NA,NA,NA,NA,0
pooled,layer_aware,high_PageRank,gopal_italia,60219,109220,129604,0,1970-01-20T06:43:12+00:00,0,0,NA,NA,NA,NA,NA,0
pooled,layer_aware,high_PageRank,mlkhattar,60219,109220,129604,0,1970-01-20T06:43:12+00:00,0,0,NA,NA,NA,NA,NA,0
pooled,layer_aware,high_PageRank,sakshijoshii,60219,109220,129604,0,1970-01-20T06:43:12+00:00,0,0,NA,NA,NA,NA,NA,0
pooled,layer_aware,high_PageRank,ashwinravi99,60219,109220,129604,0,1970-01-20T06:43:12+00:00,0,0,NA,NA,NA,NA,NA,0
pooled,layer_aware,high_PageRank,amanchopra_,60219,109220,129604,0,1970-01-20T06:43:12+00:00,0,0,NA,NA,NA,NA,NA,0
pooled,layer_aware,high_PageRank,sharadyadavmp,60219,109220,129604,0,1970-01-20T06:43:12+00:00,0,0,NA,NA,NA,NA,NA,0
pooled,layer_aware,high_PageRank,ctravi_bjp,60219,109220,129604,0,1970-01-20T06:43:12+00:00,108,11,0.10185185185185185,0.8981481481481481,0.021944444444444444,0.07918981481481481,0.08991898148148147,2
pooled,layer_aware,high_PageRank,happyjesse,60219,109220,129604,0,1970-01-20T06:43:12+00:00,1,1,1.0,0.0,0.08018518518518518,0.08018518518518518,0.08018518518518518,1
pooled,layer_aware,high_PageRank,malpani,60219,109220,129604,0,1970-01-20T06:43:12+00:00,0,0,NA,NA,NA,NA,NA,0
pooled,layer_aware,high_PageRank,anumavidisha,60219,109220,129604,0,1970-01-20T06:43:12+00:00,0,0,NA,NA,NA,NA,NA,0
pooled,layer_aware,high_PageRank,aroonpurie,60219,109220,129604,0,1970-01-20T06:43:12+00:00,0,0,NA,NA,NA,NA,NA,0
pooled,layer_aware,high_PageRank,imranriazkhan,60219,109220,129604,0,1970-01-20T06:43:12+00:00,0,0,NA,NA,NA,NA,NA,0
pooled,layer_aware,high_PageRank,tusharg,60219,109220,129604,0,1970-01-20T06:43:12+00:00,0,0,NA,NA,NA,NA,NA,0
pooled,layer_aware,high_PageRank,indian_fairy77,60219,109220,129604,0,1970-01-20T06:43:12+00:00,0,0,NA,NA,NA,NA,NA,0
pooled,layer_aware,high_PageRank,subhashini_12b,60219,109220,129604,0,1970-01-20T06:43:12+00:00,2,2,1.0,0.0,0.01599537037037037,0.07653935185185186,0.13708333333333333,1
pooled,layer_aware,high_PageRank,bjp,60219,109220,129604,0,1970-01-20T06:43:12+00:00,0,0,NA,NA,NA,NA,NA,0
pooled,layer_aware,high_PageRank,sunny_hundal,60219,109220,129604,0,1970-01-20T06:43:12+00:00,0,0,NA,NA,NA,NA,NA,0
pooled,layer_aware,high_PageRank,sanket,60219,109220,129604,0,1970-01-20T06:43:12+00:00,0,0,NA,NA,NA,NA,NA,0
pooled,layer_aware,high_PageRank,sanju_verma_,60219,109220,129604,0,1970-01-20T06:43:12+00:00,0,0,NA,NA,NA,NA,NA,0
pooled,layer_aware,high_PageRank,deepduttajourno,60219,109220,129604,0,1970-01-20T06:43:12+00:00,0,0,NA,NA,NA,NA,NA,0
pooled,layer_aware,high_PageRank,battakashmiri,60219,109220,129604,0,1970-01-20T06:43:12+00:00,0,0,NA,NA,NA,NA,NA,0
pooled,layer_aware,high_PageRank,sanjeevsanyal,60219,109220,129604,0,1970-01-20T06:43:12+00:00,0,0,NA,NA,NA,NA,NA,0
pooled,layer_aware,high_PageRank,shyammeerasingh,60219,109220,129604,0,1970-01-20T06:43:12+00:00,0,0,NA,NA,NA,NA,NA,0
pooled,layer_aware,high_PageRank,sganguly99,60219,109220,129604,0,1970-01-20T06:43:12+00:00,0,0,NA,NA,NA,NA,NA,0
pooled,layer_aware,high_PageRank,quinthindi,60219,109220,129604,0,1970-01-20T06:43:12+00:00,0,0,NA,NA,NA,NA,NA,0
pooled,layer_aware,high_PageRank,denniscricket_,60219,109220,129604,0,1970-01-20T06:43:12+00:00,0,0,NA,NA,NA,NA,NA,0
pooled,layer_aware,high_PageRank,dineshkumarlive,60219,109220,129604,0,1970-01-20T06:43:12+00:00,0,0,NA,NA,NA,NA,NA,0
pooled,layer_aware,high_PageRank,railminindia,60219,109220,129604,0,1970-01-20T06:43:12+00:00,0,0,NA,NA,NA,NA,NA,0
pooled,layer_aware,high_PageRank,msdhoni,60219,109220,129604,0,1970-01-20T06:43:12+00:00,0,0,NA,NA,NA,NA,NA,0
pooled,layer_aware,high_PageRank,joebiden,60219,109220,129604,0,1970-01-20T06:43:12+00:00,0,0,NA,NA,NA,NA,NA,0
pooled,layer_aware,high_PageRank,gauravcsawant,60219,109220,129604,0,1970-01-20T06:43:12+00:00,0,0,NA,NA,NA,NA,NA,0
pooled,layer_aware,high_PageRank,thequint,60219,109220,129604,0,1970-01-20T06:43:12+00:00,1,1,1.0,0.0,0.026203703703703705,0.026203703703703705,0.026203703703703705,1
pooled,layer_aware,high_PageRank,bjym,60219,109220,129604,0,1970-01-20T06:43:12+00:00,0,0,NA,NA,NA,NA,NA,0
pooled,layer_aware,high_PageRank,hamidmirpak,60219,109220,129604,0,1970-01-20T06:43:12+00:00,2,2,1.0,0.0,0.019224537037037037,0.019224537037037037,0.019224537037037037,1
pooled,layer_aware,high_PageRank,agentsaffron,60219,109220,129604,0,1970-01-20T06:43:12+00:00,4,4,1.0,0.0,0.023530092592592592,0.09574074074074074,0.09574074074074074,1
pooled,layer_aware,high_PageRank,amitlelislayer,60219,109220,129604,0,1970-01-20T06:43:12+00:00,2,2,1.0,0.0,0.02738425925925926,0.02738425925925926,0.02738425925925926,1
pooled,layer_aware,high_PageRank,zahacktanvir,60219,109220,129604,0,1970-01-20T06:43:12+00:00,0,0,NA,NA,NA,NA,NA,0
pooled,layer_aware,high_PageRank,ra_thore,60219,109220,129604,0,1970-01-20T06:43:12+00:00,0,0,NA,NA,NA,NA,NA,0
pooled,layer_aware,high_PageRank,sardanarohit,60219,109220,129604,0,1970-01-20T06:43:12+00:00,0,0,NA,NA,NA,NA,NA,0
pooled,layer_aware,high_PageRank,nitinagarwalinc,60219,109220,129604,0,1970-01-20T06:43:12+00:00,0,0,NA,NA,NA,NA,NA,0
pooled,layer_aware,high_PageRank,capt_amarinder,60219,109220,129604,0,1970-01-20T06:43:12+00:00,0,0,NA,NA,NA,NA,NA,0
pooled,layer_aware,high_PageRank,rajivmessage,60219,109220,129604,0,1970-01-20T06:43:12+00:00,0,0,NA,NA,NA,NA,NA,0
pooled,reversed,random,038degrees,60219,109219,129604,0,1970-01-20T06:43:12+00:00,1,1,1.0,0.0,0.1613888888888889,0.1613888888888889,0.1613888888888889,1
pooled,reversed,random,0ld_monk,60219,109219,129604,0,1970-01-20T06:43:12+00:00,0,0,NA,NA,NA,NA,NA,0
pooled,reversed,random,0xgoutham,60219,109219,129604,0,1970-01-20T06:43:12+00:00,0,0,NA,NA,NA,NA,NA,0
pooled,reversed,random,567shankar,60219,109219,129604,0,1970-01-20T06:43:12+00:00,0,0,NA,NA,NA,NA,NA,0
pooled,reversed,random,7384nikky,60219,109219,129604,0,1970-01-20T06:43:12+00:00,0,0,NA,NA,NA,NA,NA,0
pooled,reversed,random,__kosire,60219,109219,129604,0,1970-01-20T06:43:12+00:00,1,1,1.0,0.0,0.10627314814814814,0.10627314814814814,0.10627314814814814,1
pooled,reversed,random,aapbalbir,60219,109219,129604,0,1970-01-20T06:43:12+00:00,1,1,1.0,0.0,0.10673611111111111,0.10673611111111111,0.10673611111111111,1
pooled,reversed,random,aaptelangana,60219,109219,129604,0,1970-01-20T06:43:12+00:00,3,3,1.0,0.0,0.09634259259259259,0.13620370370370372,0.15068287037037037,1
pooled,reversed,random,abb_entrainment,60219,109219,129604,0,1970-01-20T06:43:12+00:00,0,0,NA,NA,NA,NA,NA,0
pooled,reversed,random,abcdrf_,60219,109219,129604,0,1970-01-20T06:43:12+00:00,1,1,1.0,0.0,0.07016203703703704,0.07016203703703704,0.07016203703703704,1
pooled,reversed,random,abhi_s_rathore,60219,109219,129604,0,1970-01-20T06:43:12+00:00,0,0,NA,NA,NA,NA,NA,0
pooled,reversed,random,abhichn06,60219,109219,129604,0,1970-01-20T06:43:12+00:00,0,0,NA,NA,NA,NA,NA,0
pooled,reversed,random,abhijeetmukhere,60219,109219,129604,0,1970-01-20T06:43:12+00:00,0,0,NA,NA,NA,NA,NA,0
pooled,reversed,random,abishkarbjp,60219,109219,129604,0,1970-01-20T06:43:12+00:00,0,0,NA,NA,NA,NA,NA,0
pooled,reversed,random,acutetroll1,60219,109219,129604,0,1970-01-20T06:43:12+00:00,2,2,1.0,0.0,0.021689814814814815,0.06177083333333333,0.10185185185185185,1
pooled,reversed,random,adityarathod71,60219,109219,129604,0,1970-01-20T06:43:12+00:00,0,0,NA,NA,NA,NA,NA,0
pooled,reversed,random,adreammerchant1,60219,109219,129604,0,1970-01-20T06:43:12+00:00,0,0,NA,NA,NA,NA,NA,0
pooled,reversed,random,aggala,60219,109219,129604,0,1970-01-20T06:43:12+00:00,0,0,NA,NA,NA,NA,NA,0
pooled,reversed,random,agnt_krishna12,60219,109219,129604,0,1970-01-20T06:43:12+00:00,0,0,NA,NA,NA,NA,NA,0
pooled,reversed,random,ajaypat92007843,60219,109219,129604,0,1970-01-20T06:43:12+00:00,0,0,NA,NA,NA,NA,NA,0
pooled,reversed,random,ajitsourot,60219,109219,129604,0,1970-01-20T06:43:12+00:00,0,0,NA,NA,NA,NA,NA,0
pooled,reversed,random,akanksh81816715,60219,109219,129604,0,1970-01-20T06:43:12+00:00,0,0,NA,NA,NA,NA,NA,0
pooled,reversed,random,akj170707,60219,109219,129604,0,1970-01-20T06:43:12+00:00,0,0,NA,NA,NA,NA,NA,0
pooled,reversed,random,alexmcet84,60219,109219,129604,0,1970-01-20T06:43:12+00:00,1,1,1.0,0.0,0.01915509259259259,0.01915509259259259,0.01915509259259259,1
pooled,reversed,random,alivitali,60219,109219,129604,0,1970-01-20T06:43:12+00:00,1,1,1.0,0.0,0.12304398148148148,0.12304398148148148,0.12304398148148148,1
pooled,reversed,random,allanwalter,60219,109219,129604,0,1970-01-20T06:43:12+00:00,0,0,NA,NA,NA,NA,NA,0
pooled,reversed,random,alwar2014,60219,109219,129604,0,1970-01-20T06:43:12+00:00,0,0,NA,NA,NA,NA,NA,0
pooled,reversed,random,amanchopra_,60219,109219,129604,0,1970-01-20T06:43:12+00:00,23,22,0.9565217391304348,0.043478260869565216,0.010671296296296297,0.09016782407407407,0.15961805555555555,1
pooled,reversed,random,amardeepp111,60219,109219,129604,0,1970-01-20T06:43:12+00:00,1,1,1.0,0.0,0.16431712962962963,0.16431712962962963,0.16431712962962963,1
pooled,reversed,random,ambarammeenainc,60219,109219,129604,0,1970-01-20T06:43:12+00:00,0,0,NA,NA,NA,NA,NA,0
pooled,reversed,random,amirkha05345016,60219,109219,129604,0,1970-01-20T06:43:12+00:00,0,0,NA,NA,NA,NA,NA,0
pooled,reversed,random,amitnayak4u,60219,109219,129604,0,1970-01-20T06:43:12+00:00,0,0,NA,NA,NA,NA,NA,0
pooled,reversed,random,anandsathy,60219,109219,129604,0,1970-01-20T06:43:12+00:00,0,0,NA,NA,NA,NA,NA,0
pooled,reversed,random,anishks29,60219,109219,129604,0,1970-01-20T06:43:12+00:00,0,0,NA,NA,NA,NA,NA,0
pooled,reversed,random,anjan22,60219,109219,129604,0,1970-01-20T06:43:12+00:00,0,0,NA,NA,NA,NA,NA,0
pooled,reversed,random,annamali_k,60219,109219,129604,0,1970-01-20T06:43:12+00:00,1,1,1.0,0.0,0.10429398148148149,0.10429398148148149,0.10429398148148149,1
pooled,reversed,random,anoopdk,60219,109219,129604,0,1970-01-20T06:43:12+00:00,0,0,NA,NA,NA,NA,NA,0
pooled,reversed,random,anshupandeyy,60219,109219,129604,0,1970-01-20T06:43:12+00:00,0,0,NA,NA,NA,NA,NA,0
pooled,reversed,random,anumitaroychowd,60219,109219,129604,0,1970-01-20T06:43:12+00:00,1,1,1.0,0.0,0.032650462962962964,0.032650462962962964,0.032650462962962964,1
pooled,reversed,random,anup_malani,60219,109219,129604,0,1970-01-20T06:43:12+00:00,2,2,1.0,0.0,0.044583333333333336,0.10402777777777777,0.1634722222222222,2
pooled,reversed,random,anuraagmuskaan,60219,109219,129604,0,1970-01-20T06:43:12+00:00,2,2,1.0,0.0,0.03478009259259259,0.08083333333333334,0.12688657407407408,1
pooled,reversed,random,apnarajeevnigam,60219,109219,129604,0,1970-01-20T06:43:12+00:00,4,4,1.0,0.0,0.005046296296296296,0.09773148148148147,0.15458333333333332,1
pooled,reversed,random,appyg99,60219,109219,129604,0,1970-01-20T06:43:12+00:00,3,3,1.0,0.0,0.0431712962962963,0.043263888888888886,0.06018518518518518,1
pooled,reversed,random,arjyabratapande,60219,109219,129604,0,1970-01-20T06:43:12+00:00,1,1,1.0,0.0,0.06491898148148148,0.06491898148148148,0.06491898148148148,1
pooled,reversed,random,aroondeep,60219,109219,129604,0,1970-01-20T06:43:12+00:00,1,1,1.0,0.0,0.026412037037037036,0.026412037037037036,0.026412037037037036,1
pooled,reversed,random,aroopbiswasaitc,60219,109219,129604,0,1970-01-20T06:43:12+00:00,4,4,1.0,0.0,0.008449074074074074,0.008622685185185185,0.06836805555555556,1
pooled,reversed,random,arqam_ibn,60219,109219,129604,0,1970-01-20T06:43:12+00:00,1,1,1.0,0.0,0.10233796296296296,0.10233796296296296,0.10233796296296296,1
pooled,reversed,random,asadowaisi,60219,109219,129604,0,1970-01-20T06:43:12+00:00,216,89,0.41203703703703703,0.5879629629629629,0.0008333333333333334,0.08427083333333334,0.16555555555555557,3
pooled,reversed,random,ashmehta_fin,60219,109219,129604,0,1970-01-20T06:43:12+00:00,0,0,NA,NA,NA,NA,NA,0
pooled,reversed,random,ashok_kashmir,60219,109219,129604,0,1970-01-20T06:43:12+00:00,7,7,1.0,0.0,0.043506944444444445,0.09188657407407408,0.13425925925925927,1
pooled,reversed,random,ashutosh83b,60219,109219,129604,0,1970-01-20T06:43:12+00:00,81,64,0.7901234567901234,0.20987654320987653,0.002650462962962963,0.07730902777777779,0.16224537037037037,3
pooled,reversed,random,ashwini_menon,60219,109219,129604,0,1970-01-20T06:43:12+00:00,0,0,NA,NA,NA,NA,NA,0
pooled,reversed,random,atulkum73362979,60219,109219,129604,0,1970-01-20T06:43:12+00:00,1,1,1.0,0.0,0.06549768518518519,0.06549768518518519,0.06549768518518519,1
pooled,reversed,random,avinashdilliwar,60219,109219,129604,0,1970-01-20T06:43:12+00:00,0,0,NA,NA,NA,NA,NA,0
pooled,reversed,random,avispeaking,60219,109219,129604,0,1970-01-20T06:43:12+00:00,0,0,NA,NA,NA,NA,NA,0
pooled,reversed,random,ayku_7,60219,109219,129604,0,1970-01-20T06:43:12+00:00,0,0,NA,NA,NA,NA,NA,0
pooled,reversed,random,azeembarchiwale,60219,109219,129604,0,1970-01-20T06:43:12+00:00,0,0,NA,NA,NA,NA,NA,0
pooled,reversed,random,baba58485602,60219,109219,129604,0,1970-01-20T06:43:12+00:00,0,0,NA,NA,NA,NA,NA,0
pooled,reversed,random,babuv0707,60219,109219,129604,0,1970-01-20T06:43:12+00:00,1,1,1.0,0.0,0.12515046296296295,0.12515046296296295,0.12515046296296295,1
pooled,reversed,random,bala66248644,60219,109219,129604,0,1970-01-20T06:43:12+00:00,7,4,0.5714285714285714,0.42857142857142855,0.04883101851851852,0.0874074074074074,0.11901620370370371,2
pooled,reversed,random,balajikaushal,60219,109219,129604,0,1970-01-20T06:43:12+00:00,0,0,NA,NA,NA,NA,NA,0
pooled,reversed,random,balaks68,60219,109219,129604,0,1970-01-20T06:43:12+00:00,0,0,NA,NA,NA,NA,NA,0
pooled,reversed,random,balananda2007,60219,109219,129604,0,1970-01-20T06:43:12+00:00,0,0,NA,NA,NA,NA,NA,0
pooled,reversed,random,bavaluefinder,60219,109219,129604,0,1970-01-20T06:43:12+00:00,263,47,0.17870722433460076,0.8212927756653993,0.1075,0.15025462962962963,0.1652199074074074,3
pooled,reversed,random,being_pahadi,60219,109219,129604,0,1970-01-20T06:43:12+00:00,0,0,NA,NA,NA,NA,NA,0
pooled,reversed,random,bennetteagle,60219,109219,129604,0,1970-01-20T06:43:12+00:00,0,0,NA,NA,NA,NA,NA,0
pooled,reversed,random,bhairavinachiya,60219,109219,129604,0,1970-01-20T06:43:12+00:00,1,1,1.0,0.0,0.05319444444444445,0.05319444444444445,0.05319444444444445,1
pooled,reversed,random,bhanwarlalsuth7,60219,109219,129604,0,1970-01-20T06:43:12+00:00,0,0,NA,NA,NA,NA,NA,0
pooled,reversed,random,bharatham2022,60219,109219,129604,0,1970-01-20T06:43:12+00:00,0,0,NA,NA,NA,NA,NA,0
pooled,reversed,random,bharathsvkn,60219,109219,129604,0,1970-01-20T06:43:12+00:00,0,0,NA,NA,NA,NA,NA,0
pooled,reversed,random,bhaskarvasistha,60219,109219,129604,0,1970-01-20T06:43:12+00:00,0,0,NA,NA,NA,NA,NA,0
pooled,reversed,random,bholabacha21,60219,109219,129604,0,1970-01-20T06:43:12+00:00,0,0,NA,NA,NA,NA,NA,0
pooled,reversed,random,bills_roma,60219,109219,129604,0,1970-01-20T06:43:12+00:00,1,1,1.0,0.0,0.012303240740740741,0.012303240740740741,0.012303240740740741,1
pooled,reversed,random,bindramanjot,60219,109219,129604,0,1970-01-20T06:43:12+00:00,1,1,1.0,0.0,0.13677083333333334,0.13677083333333334,0.13677083333333334,1
pooled,reversed,random,bintehassan,60219,109219,129604,0,1970-01-20T06:43:12+00:00,0,0,NA,NA,NA,NA,NA,0
pooled,reversed,random,bjptarunchugh,60219,109219,129604,0,1970-01-20T06:43:12+00:00,4,2,0.5,0.5,0.05670138888888889,0.10907986111111112,0.16145833333333334,2
pooled,reversed,random,bjptheonlyhope,60219,109219,129604,0,1970-01-20T06:43:12+00:00,1,1,1.0,0.0,0.0853587962962963,0.0853587962962963,0.0853587962962963,1
pooled,reversed,random,bkp51475192,60219,109219,129604,0,1970-01-20T06:43:12+00:00,0,0,NA,NA,NA,NA,NA,0
pooled,reversed,random,bogotadays,60219,109219,129604,0,1970-01-20T06:43:12+00:00,0,0,NA,NA,NA,NA,NA,0
pooled,reversed,random,bohemiansarthak,60219,109219,129604,0,1970-01-20T06:43:12+00:00,0,0,NA,NA,NA,NA,NA,0
pooled,reversed,random,bonniem66,60219,109219,129604,0,1970-01-20T06:43:12+00:00,163,3,0.018404907975460124,0.9815950920245399,0.08753472222222222,0.11215277777777778,0.1621875,3
pooled,reversed,random,breaking_24x7,60219,109219,129604,0,1970-01-20T06:43:12+00:00,2,1,0.5,0.5,0.1273263888888889,0.1273263888888889,0.1273263888888889,1
pooled,reversed,random,brickprimary,60219,109219,129604,0,1970-01-20T06:43:12+00:00,0,0,NA,NA,NA,NA,NA,0
pooled,reversed,random,brighameed,60219,109219,129604,0,1970-01-20T06:43:12+00:00,1,1,1.0,0.0,0.12438657407407408,0.12438657407407408,0.12438657407407408,1
pooled,reversed,random,brijbmthakur,60219,109219,129604,0,1970-01-20T06:43:12+00:00,0,0,NA,NA,NA,NA,NA,0
pooled,reversed,random,brijesh0410,60219,109219,129604,0,1970-01-20T06:43:12+00:00,0,0,NA,NA,NA,NA,NA,0
pooled,reversed,random,brijeshsinghrc1,60219,109219,129604,0,1970-01-20T06:43:12+00:00,1,1,1.0,0.0,0.07428240740740741,0.07428240740740741,0.07428240740740741,1
pooled,reversed,random,brsparty_news,60219,109219,129604,0,1970-01-20T06:43:12+00:00,14,14,1.0,0.0,0.08923611111111111,0.10292824074074074,0.15219907407407407,2
pooled,reversed,random,bugs_bhargava,60219,109219,129604,0,1970-01-20T06:43:12+00:00,0,0,NA,NA,NA,NA,NA,0
pooled,reversed,random,burnolreloaded,60219,109219,129604,0,1970-01-20T06:43:12+00:00,1,1,1.0,0.0,0.011284722222222222,0.011284722222222222,0.011284722222222222,1
pooled,reversed,random,canindian_bro,60219,109219,129604,0,1970-01-20T06:43:12+00:00,4,3,0.75,0.25,0.01070601851851852,0.12392361111111111,0.1595023148148148,1
pooled,reversed,random,ch_anilkumarinc,60219,109219,129604,0,1970-01-20T06:43:12+00:00,1,1,1.0,0.0,0.004722222222222222,0.004722222222222222,0.004722222222222222,1
pooled,reversed,random,chandrumlpt,60219,109219,129604,0,1970-01-20T06:43:12+00:00,1,1,1.0,0.0,0.15561342592592592,0.15561342592592592,0.15561342592592592,1
pooled,reversed,random,changeisthekey,60219,109219,129604,0,1970-01-20T06:43:12+00:00,0,0,NA,NA,NA,NA,NA,0
pooled,reversed,random,chetanc75495924,60219,109219,129604,0,1970-01-20T06:43:12+00:00,2,2,1.0,0.0,0.04434027777777778,0.04538773148148148,0.046435185185185184,1
pooled,reversed,random,chicku0810,60219,109219,129604,0,1970-01-20T06:43:12+00:00,0,0,NA,NA,NA,NA,NA,0
pooled,reversed,random,chrominant,60219,109219,129604,0,1970-01-20T06:43:12+00:00,0,0,NA,NA,NA,NA,NA,0
pooled,reversed,random,chulbulchaubey,60219,109219,129604,0,1970-01-20T06:43:12+00:00,0,0,NA,NA,NA,NA,NA,0
pooled,reversed,random,co_phae,60219,109219,129604,0,1970-01-20T06:43:12+00:00,0,0,NA,NA,NA,NA,NA,0
pooled,reversed,random,comm0nman1,60219,109219,129604,0,1970-01-20T06:43:12+00:00,0,0,NA,NA,NA,NA,NA,0
pooled,reversed,random,congresshands,60219,109219,129604,0,1970-01-20T06:43:12+00:00,0,0,NA,NA,NA,NA,NA,0
pooled,reversed,random,copechandani,60219,109219,129604,0,1970-01-20T06:43:12+00:00,3,2,0.6666666666666666,0.3333333333333333,0.06952546296296297,0.10939236111111111,0.14925925925925926,1
pooled,reversed,random,criccrazyb,60219,109219,129604,0,1970-01-20T06:43:12+00:00,1,1,1.0,0.0,0.10793981481481481,0.10793981481481481,0.10793981481481481,1
pooled,reversed,random,crypticyogi,60219,109219,129604,0,1970-01-20T06:43:12+00:00,0,0,NA,NA,NA,NA,NA,0
pooled,reversed,random,cueteducation,60219,109219,129604,0,1970-01-20T06:43:12+00:00,0,0,NA,NA,NA,NA,NA,0
pooled,reversed,random,dahiyayogesh81,60219,109219,129604,0,1970-01-20T06:43:12+00:00,1,1,1.0,0.0,0.13914351851851853,0.13914351851851853,0.13914351851851853,1
pooled,reversed,random,daljeet1954,60219,109219,129604,0,1970-01-20T06:43:12+00:00,1,1,1.0,0.0,0.09231481481481481,0.09231481481481481,0.09231481481481481,1
pooled,reversed,random,danyalgilani,60219,109219,129604,0,1970-01-20T06:43:12+00:00,1,1,1.0,0.0,0.010648148148148148,0.010648148148148148,0.010648148148148148,1
pooled,reversed,random,darshan210488,60219,109219,129604,0,1970-01-20T06:43:12+00:00,0,0,NA,NA,NA,NA,NA,0
pooled,reversed,random,dave61164,60219,109219,129604,0,1970-01-20T06:43:12+00:00,0,0,NA,NA,NA,NA,NA,0
pooled,reversed,random,debajoytik,60219,109219,129604,0,1970-01-20T06:43:12+00:00,0,0,NA,NA,NA,NA,NA,0
pooled,reversed,random,dembe098,60219,109219,129604,0,1970-01-20T06:43:12+00:00,1,1,1.0,0.0,0.13546296296296295,0.13546296296296295,0.13546296296296295,1
pooled,reversed,random,deshbhaktjain,60219,109219,129604,0,1970-01-20T06:43:12+00:00,0,0,NA,NA,NA,NA,NA,0
pooled,reversed,random,destinedwith875,60219,109219,129604,0,1970-01-20T06:43:12+00:00,1,1,1.0,0.0,0.08388888888888889,0.08388888888888889,0.08388888888888889,1
pooled,reversed,random,dhar_dc,60219,109219,129604,0,1970-01-20T06:43:12+00:00,0,0,NA,NA,NA,NA,NA,0
pooled,reversed,random,dhunji,60219,109219,129604,0,1970-01-20T06:43:12+00:00,1,1,1.0,0.0,0.13123842592592594,0.13123842592592594,0.13123842592592594,1
pooled,reversed,random,di_lipb,60219,109219,129604,0,1970-01-20T06:43:12+00:00,0,0,NA,NA,NA,NA,NA,0
pooled,reversed,random,dil1506,60219,109219,129604,0,1970-01-20T06:43:12+00:00,0,0,NA,NA,NA,NA,NA,0
pooled,reversed,random,dillipk79824811,60219,109219,129604,0,1970-01-20T06:43:12+00:00,0,0,NA,NA,NA,NA,NA,0
pooled,reversed,random,divajain2,60219,109219,129604,0,1970-01-20T06:43:12+00:00,5,5,1.0,0.0,0.05550925925925926,0.10719907407407407,0.1622222222222222,1
pooled,reversed,random,dna,60219,109219,129604,0,1970-01-20T06:43:12+00:00,43,30,0.6976744186046512,0.3023255813953488,0.0006712962962962962,0.10190393518518519,0.15952546296296297,4
pooled,reversed,random,dontkno62997384,60219,109219,129604,0,1970-01-20T06:43:12+00:00,0,0,NA,NA,NA,NA,NA,0
pooled,reversed,random,draj8910,60219,109219,129604,0,1970-01-20T06:43:12+00:00,1,1,1.0,0.0,0.13050925925925927,0.13050925925925927,0.13050925925925927,1
pooled,reversed,random,dramitavadas,60219,109219,129604,0,1970-01-20T06:43:12+00:00,0,0,NA,NA,NA,NA,NA,0
pooled,reversed,random,dramoldeshmukh,60219,109219,129604,0,1970-01-20T06:43:12+00:00,1,1,1.0,0.0,0.002916666666666667,0.002916666666666667,0.002916666666666667,1
pooled,reversed,random,drdeepakneo,60219,109219,129604,0,1970-01-20T06:43:12+00:00,0,0,NA,NA,NA,NA,NA,0
pooled,reversed,random,drjpreddyreddy,60219,109219,129604,0,1970-01-20T06:43:12+00:00,0,0,NA,NA,NA,NA,NA,0
pooled,reversed,random,drucp,60219,109219,129604,0,1970-01-20T06:43:12+00:00,0,0,NA,NA,NA,NA,NA,0
pooled,reversed,random,duckbyface,60219,109219,129604,0,1970-01-20T06:43:12+00:00,0,0,NA,NA,NA,NA,NA,0
pooled,reversed,random,dush63479939,60219,109219,129604,0,1970-01-20T06:43:12+00:00,0,0,NA,NA,NA,NA,NA,0
pooled,reversed,random,earlarushy,60219,109219,129604,0,1970-01-20T06:43:12+00:00,1,1,1.0,0.0,0.11327546296296297,0.11327546296296297,0.11327546296296297,1
pooled,reversed,random,economictimes,60219,109219,129604,0,1970-01-20T06:43:12+00:00,63,59,0.9365079365079365,0.06349206349206349,0.001238425925925926,0.07615740740740741,0.1632986111111111,2
pooled,reversed,random,elijahschaffer,60219,109219,129604,0,1970-01-20T06:43:12+00:00,51,8,0.1568627450980392,0.8431372549019608,0.14925925925925926,0.16485532407407408,0.16538194444444446,1
pooled,reversed,random,enkayjee2,60219,109219,129604,0,1970-01-20T06:43:12+00:00,0,0,NA,NA,NA,NA,NA,0
pooled,reversed,random,essveen,60219,109219,129604,0,1970-01-20T06:43:12+00:00,0,0,NA,NA,NA,NA,NA,0
pooled,reversed,random,etdefence,60219,109219,129604,0,1970-01-20T06:43:12+00:00,1,1,1.0,0.0,0.02722222222222222,0.02722222222222222,0.02722222222222222,1
pooled,reversed,random,ethicalstep,60219,109219,129604,0,1970-01-20T06:43:12+00:00,3,2,0.6666666666666666,0.3333333333333333,0.14099537037037038,0.15222800925925928,0.16346064814814815,2
pooled,reversed,random,evasec93,60219,109219,129604,0,1970-01-20T06:43:12+00:00,0,0,NA,NA,NA,NA,NA,0
pooled,reversed,random,evolving_string,60219,109219,129604,0,1970-01-20T06:43:12+00:00,0,0,NA,NA,NA,NA,NA,0
pooled,reversed,random,fahmii_pak,60219,109219,129604,0,1970-01-20T06:43:12+00:00,0,0,NA,NA,NA,NA,NA,0
pooled,reversed,random,fatimak77576514,60219,109219,129604,0,1970-01-20T06:43:12+00:00,0,0,NA,NA,NA,NA,NA,0
pooled,reversed,random,fawadchaudhry,60219,109219,129604,0,1970-01-20T06:43:12+00:00,271,59,0.2177121771217712,0.7822878228782287,0.003958333333333334,0.1449652777777778,0.1652199074074074,4
pooled,reversed,random,filmcriticmaybe,60219,109219,129604,0,1970-01-20T06:43:12+00:00,4,4,1.0,0.0,0.12469907407407407,0.12505787037037036,0.12675925925925927,2
pooled,reversed,random,financialreview,60219,109219,129604,0,1970-01-20T06:43:12+00:00,1,1,1.0,0.0,0.1617361111111111,0.1617361111111111,0.1617361111111111,1
pooled,reversed,random,finspiration001,60219,109219,129604,0,1970-01-20T06:43:12+00:00,1,1,1.0,0.0,0.08055555555555556,0.08055555555555556,0.08055555555555556,1
pooled,reversed,random,firekbarmodiji,60219,109219,129604,0,1970-01-20T06:43:12+00:00,0,0,NA,NA,NA,NA,NA,0
pooled,reversed,random,fisherlady111,60219,109219,129604,0,1970-01-20T06:43:12+00:00,1,1,1.0,0.0,0.10972222222222222,0.10972222222222222,0.10972222222222222,1
pooled,reversed,random,floopybits,60219,109219,129604,0,1970-01-20T06:43:12+00:00,0,0,NA,NA,NA,NA,NA,0
pooled,reversed,random,fundntohate,60219,109219,129604,0,1970-01-20T06:43:12+00:00,0,0,NA,NA,NA,NA,NA,0
pooled,reversed,random,gallerygrandeur,60219,109219,129604,0,1970-01-20T06:43:12+00:00,164,12,0.07317073170731707,0.926829268292683,0.07150462962962963,0.09872685185185184,0.1637037037037037,3
pooled,reversed,random,gauravp99709756,60219,109219,129604,0,1970-01-20T06:43:12+00:00,0,0,NA,NA,NA,NA,NA,0
pooled,reversed,random,gauravsh06,60219,109219,129604,0,1970-01-20T06:43:12+00:00,0,0,NA,NA,NA,NA,NA,0
pooled,reversed,random,gautam21bawalia,60219,109219,129604,0,1970-01-20T06:43:12+00:00,0,0,NA,NA,NA,NA,NA,0
pooled,reversed,random,geeta_mohan,60219,109219,129604,0,1970-01-20T06:43:12+00:00,5,5,1.0,0.0,0.005543981481481481,0.029166666666666667,0.15980324074074073,1
pooled,reversed,random,geniusbrain8,60219,109219,129604,0,1970-01-20T06:43:12+00:00,0,0,NA,NA,NA,NA,NA,0
pooled,reversed,random,ghosh1s,60219,109219,129604,0,1970-01-20T06:43:12+00:00,0,0,NA,NA,NA,NA,NA,0
pooled,reversed,random,giri3suraj,60219,109219,129604,0,1970-01-20T06:43:12+00:00,0,0,NA,NA,NA,NA,NA,0
pooled,reversed,random,gkgupta81555587,60219,109219,129604,0,1970-01-20T06:43:12+00:00,0,0,NA,NA,NA,NA,NA,0
pooled,reversed,random,gouthampendyal2,60219,109219,129604,0,1970-01-20T06:43:12+00:00,1,1,1.0,0.0,0.01726851851851852,0.01726851851851852,0.01726851851851852,1
pooled,reversed,random,governorga_,60219,109219,129604,0,1970-01-20T06:43:12+00:00,0,0,NA,NA,NA,NA,NA,0
pooled,reversed,random,greatestneeraj,60219,109219,129604,0,1970-01-20T06:43:12+00:00,0,0,NA,NA,NA,NA,NA,0
pooled,reversed,random,gregmackett,60219,109219,129604,0,1970-01-20T06:43:12+00:00,1,1,1.0,0.0,0.008506944444444444,0.008506944444444444,0.008506944444444444,1
pooled,reversed,random,gssjodhpur,60219,109219,129604,0,1970-01-20T06:43:12+00:00,11,11,1.0,0.0,0.0022569444444444442,0.0765625,0.16217592592592592,1
pooled,reversed,random,guestspout,60219,109219,129604,0,1970-01-20T06:43:12+00:00,0,0,NA,NA,NA,NA,NA,0
pooled,reversed,random,gunderaoj11,60219,109219,129604,0,1970-01-20T06:43:12+00:00,0,0,NA,NA,NA,NA,NA,0
pooled,reversed,random,gundug8,60219,109219,129604,0,1970-01-20T06:43:12+00:00,0,0,NA,NA,NA,NA,NA,0
pooled,reversed,random,gunikamahendru,60219,109219,129604,0,1970-01-20T06:43:12+00:00,0,0,NA,NA,NA,NA,NA,0
pooled,reversed,random,gururaj_ellur,60219,109219,129604,0,1970-01-20T06:43:12+00:00,0,0,NA,NA,NA,NA,NA,0
pooled,reversed,random,gurusam22264832,60219,109219,129604,0,1970-01-20T06:43:12+00:00,0,0,NA,NA,NA,NA,NA,0
pooled,reversed,random,hackerlog_,60219,109219,129604,0,1970-01-20T06:43:12+00:00,0,0,NA,NA,NA,NA,NA,0
pooled,reversed,random,haidermq2,60219,109219,129604,0,1970-01-20T06:43:12+00:00,1,1,1.0,0.0,0.08886574074074075,0.08886574074074075,0.08886574074074075,1
pooled,reversed,random,handeabhay,60219,109219,129604,0,1970-01-20T06:43:12+00:00,0,0,NA,NA,NA,NA,NA,0
pooled,reversed,random,hannah80236,60219,109219,129604,0,1970-01-20T06:43:12+00:00,0,0,NA,NA,NA,NA,NA,0
pooled,reversed,random,harendr93359212,60219,109219,129604,0,1970-01-20T06:43:12+00:00,1,1,1.0,0.0,0.005347222222222222,0.005347222222222222,0.005347222222222222,1
pooled,reversed,random,harshd0shi,60219,109219,129604,0,1970-01-20T06:43:12+00:00,0,0,NA,NA,NA,NA,NA,0
pooled,reversed,random,hath_subke_sath,60219,109219,129604,0,1970-01-20T06:43:12+00:00,1,1,1.0,0.0,0.04663194444444444,0.04663194444444444,0.04663194444444444,1
pooled,reversed,random,helloworld0603,60219,109219,129604,0,1970-01-20T06:43:12+00:00,0,0,NA,NA,NA,NA,NA,0
pooled,reversed,random,hemant_patel_ca,60219,109219,129604,0,1970-01-20T06:43:12+00:00,0,0,NA,NA,NA,NA,NA,0
pooled,reversed,random,hihyderabad,60219,109219,129604,0,1970-01-20T06:43:12+00:00,3,3,1.0,0.0,0.059537037037037034,0.06569444444444444,0.09883101851851851,1
pooled,reversed,random,hikibria,60219,109219,129604,0,1970-01-20T06:43:12+00:00,0,0,NA,NA,NA,NA,NA,0
pooled,reversed,random,hillaryclinton,60219,109219,129604,0,1970-01-20T06:43:12+00:00,3,1,0.3333333333333333,0.6666666666666666,0.14526620370370372,0.14526620370370372,0.14526620370370372,1
pooled,reversed,random,hind108108108,60219,109219,129604,0,1970-01-20T06:43:12+00:00,0,0,NA,NA,NA,NA,NA,0
pooled,reversed,random,hindustanijain1,60219,109219,129604,0,1970-01-20T06:43:12+00:00,0,0,NA,NA,NA,NA,NA,0
pooled,reversed,random,hitpun15,60219,109219,129604,0,1970-01-20T06:43:12+00:00,0,0,NA,NA,NA,NA,NA,0
pooled,reversed,random,huma_raza1,60219,109219,129604,0,1970-01-20T06:43:12+00:00,0,0,NA,NA,NA,NA,NA,0
pooled,reversed,random,i_younglord,60219,109219,129604,0,1970-01-20T06:43:12+00:00,0,0,NA,NA,NA,NA,NA,0
pooled,reversed,random,iamrijoy,60219,109219,129604,0,1970-01-20T06:43:12+00:00,0,0,NA,NA,NA,NA,NA,0
pooled,reversed,random,iamsusovan367,60219,109219,129604,0,1970-01-20T06:43:12+00:00,0,0,NA,NA,NA,NA,NA,0
pooled,reversed,random,ibne_sena,60219,109219,129604,0,1970-01-20T06:43:12+00:00,5,5,1.0,0.0,0.0840162037037037,0.11636574074074074,0.12457175925925926,1
pooled,reversed,random,icanseeyourpix2,60219,109219,129604,0,1970-01-20T06:43:12+00:00,3,3,1.0,0.0,0.017233796296296296,0.021597222222222223,0.1423148148148148,2
pooled,reversed,random,idl0fgl32l,60219,109219,129604,0,1970-01-20T06:43:12+00:00,0,0,NA,NA,NA,NA,NA,0
pooled,reversed,random,iiakobos,60219,109219,129604,0,1970-01-20T06:43:12+00:00,1,1,1.0,0.0,0.10775462962962963,0.10775462962962963,0.10775462962962963,1
pooled,reversed,random,iitsprincegill,60219,109219,129604,0,1970-01-20T06:43:12+00:00,0,0,NA,NA,NA,NA,NA,0
pooled,reversed,random,imaghaziabad,60219,109219,129604,0,1970-01-20T06:43:12+00:00,1,1,1.0,0.0,0.16533564814814813,0.16533564814814813,0.16533564814814813,1
pooled,reversed,random,imanandshukla,60219,109219,129604,0,1970-01-20T06:43:12+00:00,0,0,NA,NA,NA,NA,NA,0
pooled,reversed,random,implausibleblog,60219,109219,129604,0,1970-01-20T06:43:12+00:00,1,1,1.0,0.0,0.13755787037037037,0.13755787037037037,0.13755787037037037,1
pooled,reversed,random,imrjoy,60219,109219,129604,0,1970-01-20T06:43:12+00:00,0,0,NA,NA,NA,NA,NA,0
pooled,reversed,random,ineelesh,60219,109219,129604,0,1970-01-20T06:43:12+00:00,0,0,NA,NA,NA,NA,NA,0
pooled,reversed,random,instigate_in,60219,109219,129604,0,1970-01-20T06:43:12+00:00,163,12,0.0736196319018405,0.9263803680981595,0.006273148148148148,0.07930555555555556,0.1637037037037037,3
pooled,reversed,random,irrinkinani222,60219,109219,129604,0,1970-01-20T06:43:12+00:00,0,0,NA,NA,NA,NA,NA,0
pooled,reversed,random,ishikafanclub,60219,109219,129604,0,1970-01-20T06:43:12+00:00,0,0,NA,NA,NA,NA,NA,0
pooled,reversed,random,isuccessprabhu,60219,109219,129604,0,1970-01-20T06:43:12+00:00,0,0,NA,NA,NA,NA,NA,0
pooled,reversed,random,itisprashanth,60219,109219,129604,0,1970-01-20T06:43:12+00:00,6,6,1.0,0.0,0.009953703703703704,0.04398148148148148,0.153125,1
pooled,reversed,random,itsiopr,60219,109219,129604,0,1970-01-20T06:43:12+00:00,0,0,NA,NA,NA,NA,NA,0
pooled,reversed,random,itskumaraman,60219,109219,129604,0,1970-01-20T06:43:12+00:00,0,0,NA,NA,NA,NA,NA,0
pooled,reversed,random,itssaimaism,60219,109219,129604,0,1970-01-20T06:43:12+00:00,0,0,NA,NA,NA,NA,NA,0
pooled,reversed,random,jaago69,60219,109219,129604,0,1970-01-20T06:43:12+00:00,0,0,NA,NA,NA,NA,NA,0
pooled,reversed,random,jack_ribadiyaj,60219,109219,129604,0,1970-01-20T06:43:12+00:00,0,0,NA,NA,NA,NA,NA,0
pooled,reversed,random,jagdevsinghass1,60219,109219,129604,0,1970-01-20T06:43:12+00:00,0,0,NA,NA,NA,NA,NA,0
pooled,reversed,random,jaglantarun,60219,109219,129604,0,1970-01-20T06:43:12+00:00,0,0,NA,NA,NA,NA,NA,0
pooled,reversed,random,jahanvi_vyasbjp,60219,109219,129604,0,1970-01-20T06:43:12+00:00,1,1,1.0,0.0,0.05618055555555555,0.05618055555555555,0.05618055555555555,1
pooled,reversed,random,jai_parkash_jp,60219,109219,129604,0,1970-01-20T06:43:12+00:00,1,1,1.0,0.0,0.12361111111111112,0.12361111111111112,0.12361111111111112,1
pooled,reversed,random,janne_rams,60219,109219,129604,0,1970-01-20T06:43:12+00:00,0,0,NA,NA,NA,NA,NA,0
pooled,reversed,random,jay_bhadrakali1,60219,109219,129604,0,1970-01-20T06:43:12+00:00,1,1,1.0,0.0,0.13792824074074075,0.13792824074074075,0.13792824074074075,1
pooled,reversed,random,jb_08nala,60219,109219,129604,0,1970-01-20T06:43:12+00:00,0,0,NA,NA,NA,NA,NA,0
pooled,reversed,random,jhasanjay,60219,109219,129604,0,1970-01-20T06:43:12+00:00,841,356,0.4233055885850178,0.5766944114149821,0.0008680555555555555,0.10927662037037036,0.16555555555555557,4
pooled,reversed,random,jihadwatchrs,60219,109219,129604,0,1970-01-20T06:43:12+00:00,13,13,1.0,0.0,0.04640046296296296,0.10703703703703704,0.16284722222222223,2
pooled,reversed,random,jit_xyz,60219,109219,129604,0,1970-01-20T06:43:12+00:00,0,0,NA,NA,NA,NA,NA,0
pooled,reversed,random,jm29813joydip,60219,109219,129604,0,1970-01-20T06:43:12+00:00,0,0,NA,NA,NA,NA,NA,0
pooled,reversed,random,joaojpfx1,60219,109219,129604,0,1970-01-20T06:43:12+00:00,1,1,1.0,0.0,0.011226851851851852,0.011226851851851852,0.011226851851851852,1
pooled,reversed,random,johnson97053963,60219,109219,129604,0,1970-01-20T06:43:12+00:00,0,0,NA,NA,NA,NA,NA,0
pooled,reversed,random,jonjonecrypto,60219,109219,129604,0,1970-01-20T06:43:12+00:00,1,1,1.0,0.0,0.008680555555555556,0.008680555555555556,0.008680555555555556,1
pooled,reversed,random,joseph_jerish,60219,109219,129604,0,1970-01-20T06:43:12+00:00,0,0,NA,NA,NA,NA,NA,0
pooled,reversed,random,joshi1sanat,60219,109219,129604,0,1970-01-20T06:43:12+00:00,0,0,NA,NA,NA,NA,NA,0
pooled,reversed,random,jotvf,60219,109219,129604,0,1970-01-20T06:43:12+00:00,0,0,NA,NA,NA,NA,NA,0
pooled,reversed,random,kabadi_wala_,60219,109219,129604,0,1970-01-20T06:43:12+00:00,0,0,NA,NA,NA,NA,NA,0
pooled,reversed,random,kamilkazani,60219,109219,129604,0,1970-01-20T06:43:12+00:00,1,1,1.0,0.0,0.08422453703703704,0.08422453703703704,0.08422453703703704,1
pooled,reversed,random,kansaratva,60219,109219,129604,0,1970-01-20T06:43:12+00:00,5,4,0.8,0.2,0.0290625,0.04867476851851851,0.08019675925925926,1
pooled,reversed,random,kapilgogia4,60219,109219,129604,0,1970-01-20T06:43:12+00:00,0,0,NA,NA,NA,NA,NA,0
pooled,reversed,random,karthick_198221,60219,109219,129604,0,1970-01-20T06:43:12+00:00,0,0,NA,NA,NA,NA,NA,0
pooled,reversed,random,kartiraag,60219,109219,129604,0,1970-01-20T06:43:12+00:00,2,1,0.5,0.5,0.15962962962962962,0.15962962962962962,0.15962962962962962,1
pooled,reversed,random,kcgarg19,60219,109219,129604,0,1970-01-20T06:43:12+00:00,0,0,NA,NA,NA,NA,NA,0
pooled,reversed,random,kerakha5,60219,109219,129604,0,1970-01-20T06:43:12+00:00,0,0,NA,NA,NA,NA,NA,0
pooled,reversed,random,keshda,60219,109219,129604,0,1970-01-20T06:43:12+00:00,25,16,0.64,0.36,0.05310185185185185,0.12655671296296295,0.1622800925925926,3
pooled,reversed,random,kewalroshan,60219,109219,129604,0,1970-01-20T06:43:12+00:00,0,0,NA,NA,NA,NA,NA,0
pooled,reversed,random,khaalnaayaak,60219,109219,129604,0,1970-01-20T06:43:12+00:00,0,0,NA,NA,NA,NA,NA,0
pooled,reversed,random,khalidmunawar6,60219,109219,129604,0,1970-01-20T06:43:12+00:00,0,0,NA,NA,NA,NA,NA,0
pooled,reversed,random,khels2u,60219,109219,129604,0,1970-01-20T06:43:12+00:00,0,0,NA,NA,NA,NA,NA,0
pooled,reversed,random,kicvn,60219,109219,129604,0,1970-01-20T06:43:12+00:00,0,0,NA,NA,NA,NA,NA,0
pooled,reversed,random,kiiowambua,60219,109219,129604,0,1970-01-20T06:43:12+00:00,1,1,1.0,0.0,0.10841435185185185,0.10841435185185185,0.10841435185185185,1
pooled,reversed,random,kimuramakiko,60219,109219,129604,0,1970-01-20T06:43:12+00:00,1,1,1.0,0.0,0.11960648148148148,0.11960648148148148,0.11960648148148148,1
pooled,reversed,random,kingforamoment,60219,109219,129604,0,1970-01-20T06:43:12+00:00,0,0,NA,NA,NA,NA,NA,0
pooled,reversed,random,kishorevaid,60219,109219,129604,0,1970-01-20T06:43:12+00:00,1,1,1.0,0.0,0.009965277777777778,0.009965277777777778,0.009965277777777778,1
pooled,reversed,random,kmurali58774700,60219,109219,129604,0,1970-01-20T06:43:12+00:00,1,1,1.0,0.0,0.053148148148148146,0.053148148148148146,0.053148148148148146,1
pooled,reversed,random,knaveenm,60219,109219,129604,0,1970-01-20T06:43:12+00:00,0,0,NA,NA,NA,NA,NA,0
pooled,reversed,random,konykhan,60219,109219,129604,0,1970-01-20T06:43:12+00:00,0,0,NA,NA,NA,NA,NA,0
pooled,reversed,random,kravishankar16,60219,109219,129604,0,1970-01-20T06:43:12+00:00,1,1,1.0,0.0,0.12378472222222223,0.12378472222222223,0.12378472222222223,1
pooled,reversed,random,kreauniversity,60219,109219,129604,0,1970-01-20T06:43:12+00:00,0,0,NA,NA,NA,NA,NA,0
pooled,reversed,random,kri2kumar,60219,109219,129604,0,1970-01-20T06:43:12+00:00,1,1,1.0,0.0,0.05969907407407407,0.05969907407407407,0.05969907407407407,1
pooled,reversed,random,kuldeepshuklauk,60219,109219,129604,0,1970-01-20T06:43:12+00:00,0,0,NA,NA,NA,NA,NA,0
pooled,reversed,random,kumaarsaagar,60219,109219,129604,0,1970-01-20T06:43:12+00:00,2,2,1.0,0.0,0.008622685185185185,0.06086805555555555,0.11311342592592592,1
pooled,reversed,random,kunalstwits,60219,109219,129604,0,1970-01-20T06:43:12+00:00,0,0,NA,NA,NA,NA,NA,0
pooled,reversed,random,kvlnswamy,60219,109219,129604,0,1970-01-20T06:43:12+00:00,0,0,NA,NA,NA,NA,NA,0
pooled,reversed,random,kwelsh69513201,60219,109219,129604,0,1970-01-20T06:43:12+00:00,1,1,1.0,0.0,0.022939814814814816,0.022939814814814816,0.022939814814814816,1
pooled,reversed,random,kyivindependent,60219,109219,129604,0,1970-01-20T06:43:12+00:00,3,3,1.0,0.0,0.012268518518518519,0.02386574074074074,0.04739583333333333,1
pooled,reversed,random,lakotaman1,60219,109219,129604,0,1970-01-20T06:43:12+00:00,24,24,1.0,0.0,0.00787037037037037,0.057123842592592594,0.15197916666666667,1
pooled,reversed,random,larryelder,60219,109219,129604,0,1970-01-20T06:43:12+00:00,2,2,1.0,0.0,0.08006944444444444,0.10064814814814815,0.12122685185185185,1
pooled,reversed,random,lmao_aims,60219,109219,129604,0,1970-01-20T06:43:12+00:00,1,1,1.0,0.0,0.056747685185185186,0.056747685185185186,0.056747685185185186,1
pooled,reversed,random,lokmat,60219,109219,129604,0,1970-01-20T06:43:12+00:00,2,2,1.0,0.0,0.13224537037037037,0.14230324074074074,0.1523611111111111,1
pooled,reversed,random,lowcarblyfstyle,60219,109219,129604,0,1970-01-20T06:43:12+00:00,0,0,NA,NA,NA,NA,NA,0
pooled,reversed,random,maaran_pandi,60219,109219,129604,0,1970-01-20T06:43:12+00:00,1,1,1.0,0.0,0.024988425925925924,0.024988425925925924,0.024988425925925924,1
pooled,reversed,random,mahinranawat,60219,109219,129604,0,1970-01-20T06:43:12+00:00,0,0,NA,NA,NA,NA,NA,0
pooled,reversed,random,mamta_duttainc,60219,109219,129604,0,1970-01-20T06:43:12+00:00,0,0,NA,NA,NA,NA,NA,0
pooled,reversed,random,mandarhulawale,60219,109219,129604,0,1970-01-20T06:43:12+00:00,0,0,NA,NA,NA,NA,NA,0
pooled,reversed,random,mani_tvmi,60219,109219,129604,0,1970-01-20T06:43:12+00:00,0,0,NA,NA,NA,NA,NA,0
pooled,reversed,random,manjunathnaidu_,60219,109219,129604,0,1970-01-20T06:43:12+00:00,1,1,1.0,0.0,0.05431712962962963,0.05431712962962963,0.05431712962962963,1
pooled,reversed,random,martand777,60219,109219,129604,0,1970-01-20T06:43:12+00:00,2,2,1.0,0.0,0.046875,0.10445023148148148,0.16202546296296297,2
pooled,reversed,random,mathgc30,60219,109219,129604,0,1970-01-20T06:43:12+00:00,0,0,NA,NA,NA,NA,NA,0
pooled,reversed,random,mdaltafali15,60219,109219,129604,0,1970-01-20T06:43:12+00:00,1,1,1.0,0.0,0.11597222222222223,0.11597222222222223,0.11597222222222223,1
pooled,reversed,random,mdasmumbai,60219,109219,129604,0,1970-01-20T06:43:12+00:00,0,0,NA,NA,NA,NA,NA,0
pooled,reversed,random,mdghalibrizwan,60219,109219,129604,0,1970-01-20T06:43:12+00:00,0,0,NA,NA,NA,NA,NA,0
pooled,reversed,random,mehdirhasan,60219,109219,129604,0,1970-01-20T06:43:12+00:00,12,12,1.0,0.0,0.04027777777777778,0.12535879629629632,0.16082175925925926,1
pooled,reversed,random,mertyyyyy,60219,109219,129604,0,1970-01-20T06:43:12+00:00,0,0,NA,NA,NA,NA,NA,0
pooled,reversed,random,michelletandler,60219,109219,129604,0,1970-01-20T06:43:12+00:00,1,1,1.0,0.0,0.08677083333333334,0.08677083333333334,0.08677083333333334,1
pooled,reversed,random,mimij9,60219,109219,129604,0,1970-01-20T06:43:12+00:00,1,1,1.0,0.0,0.1165162037037037,0.1165162037037037,0.1165162037037037,1
pooled,reversed,random,mithunda_off,60219,109219,129604,0,1970-01-20T06:43:12+00:00,4,2,0.5,0.5,0.06268518518518519,0.06320601851851852,0.06372685185185185,1
pooled,reversed,random,mlcharishkumar,60219,109219,129604,0,1970-01-20T06:43:12+00:00,1,1,1.0,0.0,0.057233796296296297,0.057233796296296297,0.057233796296296297,1
pooled,reversed,random,mlchavis58,60219,109219,129604,0,1970-01-20T06:43:12+00:00,1,1,1.0,0.0,0.010717592592592593,0.010717592592592593,0.010717592592592593,1
pooled,reversed,random,mnj__17,60219,109219,129604,0,1970-01-20T06:43:12+00:00,0,0,NA,NA,NA,NA,NA,0
pooled,reversed,random,mohammedwasil71,60219,109219,129604,0,1970-01-20T06:43:12+00:00,0,0,NA,NA,NA,NA,NA,0
pooled,reversed,random,mohana2024,60219,109219,129604,0,1970-01-20T06:43:12+00:00,0,0,NA,NA,NA,NA,NA,0
pooled,reversed,random,mohdsohail03,60219,109219,129604,0,1970-01-20T06:43:12+00:00,0,0,NA,NA,NA,NA,NA,0
pooled,reversed,random,moinkhan_hyd,60219,109219,129604,0,1970-01-20T06:43:12+00:00,1,1,1.0,0.0,0.01769675925925926,0.01769675925925926,0.01769675925925926,1
pooled,reversed,random,mrd_shukla,60219,109219,129604,0,1970-01-20T06:43:12+00:00,0,0,NA,NA,NA,NA,NA,0
pooled,reversed,random,mrdifferentary1,60219,109219,129604,0,1970-01-20T06:43:12+00:00,0,0,NA,NA,NA,NA,NA,0
pooled,reversed,random,mrobertsqld,60219,109219,129604,0,1970-01-20T06:43:12+00:00,1,1,1.0,0.0,0.00755787037037037,0.00755787037037037,0.00755787037037037,1
pooled,reversed,random,mrrao_rb,60219,109219,129604,0,1970-01-20T06:43:12+00:00,2,2,1.0,0.0,0.12099537037037036,0.13383101851851853,0.14666666666666667,1
pooled,reversed,random,mulaylalit,60219,109219,129604,0,1970-01-20T06:43:12+00:00,0,0,NA,NA,NA,NA,NA,0
pooled,reversed,random,musing_4m_hills,60219,109219,129604,0,1970-01-20T06:43:12+00:00,1,1,1.0,0.0,0.1575925925925926,0.1575925925925926,0.1575925925925926,1
pooled,reversed,random,myreflection9,60219,109219,129604,0,1970-01-20T06:43:12+00:00,0,0,NA,NA,NA,NA,NA,0
pooled,reversed,random,nabiyakhan11,60219,109219,129604,0,1970-01-20T06:43:12+00:00,1,1,1.0,0.0,0.06988425925925926,0.06988425925925926,0.06988425925925926,1
pooled,reversed,random,nairshilpa1308,60219,109219,129604,0,1970-01-20T06:43:12+00:00,2,2,1.0,0.0,0.014027777777777778,0.04034143518518519,0.0666550925925926,1
pooled,reversed,random,najamali2020,60219,109219,129604,0,1970-01-20T06:43:12+00:00,0,0,NA,NA,NA,NA,NA,0
pooled,reversed,random,narendranojha,60219,109219,129604,0,1970-01-20T06:43:12+00:00,1,1,1.0,0.0,0.09616898148148148,0.09616898148148148,0.09616898148148148,1
pooled,reversed,random,navneetsingh18,60219,109219,129604,0,1970-01-20T06:43:12+00:00,0,0,NA,NA,NA,NA,NA,0
pooled,reversed,random,nayabgjan,60219,109219,129604,0,1970-01-20T06:43:12+00:00,2,2,1.0,0.0,0.022754629629629628,0.04424189814814815,0.06572916666666667,2
pooled,reversed,random,neetfiles,60219,109219,129604,0,1970-01-20T06:43:12+00:00,0,0,NA,NA,NA,NA,NA,0
pooled,reversed,random,newage_firefly,60219,109219,129604,0,1970-01-20T06:43:12+00:00,2,1,0.5,0.5,0.10106481481481482,0.10106481481481482,0.10106481481481482,1
pooled,reversed,random,newfigurehunter,60219,109219,129604,0,1970-01-20T06:43:12+00:00,0,0,NA,NA,NA,NA,NA,0
pooled,reversed,random,news7tamil,60219,109219,129604,0,1970-01-20T06:43:12+00:00,17,17,1.0,0.0,0.004386574074074074,0.10519675925925925,0.1578125,1
pooled,reversed,random,news9plus,60219,109219,129604,0,1970-01-20T06:43:12+00:00,1,1,1.0,0.0,0.09519675925925926,0.09519675925925926,0.09519675925925926,1
pooled,reversed,random,nishantchat,60219,109219,129604,0,1970-01-20T06:43:12+00:00,5,5,1.0,0.0,0.000925925925925926,0.08123842592592592,0.15498842592592593,1
pooled,reversed,random,nitishrajpute,60219,109219,129604,0,1970-01-20T06:43:12+00:00,12,11,0.9166666666666666,0.08333333333333333,0.011539351851851851,0.05439814814814815,0.14166666666666666,1
pooled,reversed,random,noland_nyc,60219,109219,129604,0,1970-01-20T06:43:12+00:00,0,0,NA,NA,NA,NA,NA,0
pooled,reversed,random,nostalgiaultra7,60219,109219,129604,0,1970-01-20T06:43:12+00:00,0,0,NA,NA,NA,NA,NA,0
pooled,reversed,random,nowme_datta,60219,109219,129604,0,1970-01-20T06:43:12+00:00,1,1,1.0,0.0,0.12100694444444444,0.12100694444444444,0.12100694444444444,1
pooled,reversed,random,nyasen008,60219,109219,129604,0,1970-01-20T06:43:12+00:00,0,0,NA,NA,NA,NA,NA,0
pooled,reversed,random,nz_voter,60219,109219,129604,0,1970-01-20T06:43:12+00:00,1,1,1.0,0.0,0.04390046296296296,0.04390046296296296,0.04390046296296296,1
pooled,reversed,random,ofthepeople5,60219,109219,129604,0,1970-01-20T06:43:12+00:00,0,0,NA,NA,NA,NA,NA,0
pooled,reversed,random,oldyesbutwise,60219,109219,129604,0,1970-01-20T06:43:12+00:00,1,1,1.0,0.0,0.10981481481481481,0.10981481481481481,0.10981481481481481,1
pooled,reversed,random,oxfordwords,60219,109219,129604,0,1970-01-20T06:43:12+00:00,2,2,1.0,0.0,0.05673611111111111,0.08763310185185186,0.11853009259259259,1
pooled,reversed,random,p_sahibsingh,60219,109219,129604,0,1970-01-20T06:43:12+00:00,48,31,0.6458333333333334,0.3541666666666667,0.011342592592592593,0.09780092592592593,0.16409722222222223,4
pooled,reversed,random,paisabarbaadbc1,60219,109219,129604,0,1970-01-20T06:43:12+00:00,0,0,NA,NA,NA,NA,NA,0
pooled,reversed,random,pankajb63611382,60219,109219,129604,0,1970-01-20T06:43:12+00:00,0,0,NA,NA,NA,NA,NA,0
pooled,reversed,random,papaka_paraa,60219,109219,129604,0,1970-01-20T06:43:12+00:00,0,0,NA,NA,NA,NA,NA,0
pooled,reversed,random,parashramrathod,60219,109219,129604,0,1970-01-20T06:43:12+00:00,0,0,NA,NA,NA,NA,NA,0
pooled,reversed,random,passportsevamea,60219,109219,129604,0,1970-01-20T06:43:12+00:00,1,1,1.0,0.0,0.11258101851851852,0.11258101851851852,0.11258101851851852,1
pooled,reversed,random,patnaikt,60219,109219,129604,0,1970-01-20T06:43:12+00:00,0,0,NA,NA,NA,NA,NA,0
pooled,reversed,random,paulocoelho,60219,109219,129604,0,1970-01-20T06:43:12+00:00,1,1,1.0,0.0,0.043263888888888886,0.043263888888888886,0.043263888888888886,1
pooled,reversed,random,pavanthebreeze,60219,109219,129604,0,1970-01-20T06:43:12+00:00,0,0,NA,NA,NA,NA,NA,0
pooled,reversed,random,pius_ngobs,60219,109219,129604,0,1970-01-20T06:43:12+00:00,0,0,NA,NA,NA,NA,NA,0
pooled,reversed,random,pmg1960,60219,109219,129604,0,1970-01-20T06:43:12+00:00,0,0,NA,NA,NA,NA,NA,0
pooled,reversed,random,podapo3,60219,109219,129604,0,1970-01-20T06:43:12+00:00,1,1,1.0,0.0,0.09236111111111112,0.09236111111111112,0.09236111111111112,1
pooled,reversed,random,podilasathish,60219,109219,129604,0,1970-01-20T06:43:12+00:00,0,0,NA,NA,NA,NA,NA,0
pooled,reversed,random,porusv,60219,109219,129604,0,1970-01-20T06:43:12+00:00,0,0,NA,NA,NA,NA,NA,0
pooled,reversed,random,prabhakar1641,60219,109219,129604,0,1970-01-20T06:43:12+00:00,0,0,NA,NA,NA,NA,NA,0
pooled,reversed,random,prafulm1307,60219,109219,129604,0,1970-01-20T06:43:12+00:00,0,0,NA,NA,NA,NA,NA,0
pooled,reversed,random,pragyaatweets,60219,109219,129604,0,1970-01-20T06:43:12+00:00,0,0,NA,NA,NA,NA,NA,0
pooled,reversed,random,prakash3456,60219,109219,129604,0,1970-01-20T06:43:12+00:00,0,0,NA,NA,NA,NA,NA,0
pooled,reversed,random,prakashjavdekar,60219,109219,129604,0,1970-01-20T06:43:12+00:00,67,62,0.9253731343283582,0.07462686567164178,0.0007523148148148148,0.07984375,0.16217592592592592,1
pooled,reversed,random,pramilajayapal,60219,109219,129604,0,1970-01-20T06:43:12+00:00,27,10,0.37037037037037035,0.6296296296296297,0.09662037037037037,0.12277199074074074,0.14672453703703703,2
pooled,reversed,random,pranav_paji,60219,109219,129604,0,1970-01-20T06:43:12+00:00,0,0,NA,NA,NA,NA,NA,0
pooled,reversed,random,prasad_abbayya,60219,109219,129604,0,1970-01-20T06:43:12+00:00,1,1,1.0,0.0,0.05461805555555556,0.05461805555555556,0.05461805555555556,1
pooled,reversed,random,prasannakd97,60219,109219,129604,0,1970-01-20T06:43:12+00:00,2,1,0.5,0.5,0.1602199074074074,0.1602199074074074,0.1602199074074074,1
pooled,reversed,random,prasarbharati,60219,109219,129604,0,1970-01-20T06:43:12+00:00,1,1,1.0,0.0,0.09322916666666667,0.09322916666666667,0.09322916666666667,1
pooled,reversed,random,prasenpune,60219,109219,129604,0,1970-01-20T06:43:12+00:00,0,0,NA,NA,NA,NA,NA,0
pooled,reversed,random,pratsahaysahay,60219,109219,129604,0,1970-01-20T06:43:12+00:00,0,0,NA,NA,NA,NA,NA,0
pooled,reversed,random,preetishenoy,60219,109219,129604,0,1970-01-20T06:43:12+00:00,1,1,1.0,0.0,0.14913194444444444,0.14913194444444444,0.14913194444444444,1
pooled,reversed,random,pritesh_stox,60219,109219,129604,0,1970-01-20T06:43:12+00:00,0,0,NA,NA,NA,NA,NA,0
pooled,reversed,random,priyaaaansh,60219,109219,129604,0,1970-01-20T06:43:12+00:00,0,0,NA,NA,NA,NA,NA,0
pooled,reversed,random,pulkit2491001,60219,109219,129604,0,1970-01-20T06:43:12+00:00,0,0,NA,NA,NA,NA,NA,0
pooled,reversed,random,puneetkc,60219,109219,129604,0,1970-01-20T06:43:12+00:00,1,1,1.0,0.0,0.032650462962962964,0.032650462962962964,0.032650462962962964,1
pooled,reversed,random,pvajaykumar,60219,109219,129604,0,1970-01-20T06:43:12+00:00,0,0,NA,NA,NA,NA,NA,0
pooled,reversed,random,raa_onee,60219,109219,129604,0,1970-01-20T06:43:12+00:00,0,0,NA,NA,NA,NA,NA,0
pooled,reversed,random,raghabendra123,60219,109219,129604,0,1970-01-20T06:43:12+00:00,0,0,NA,NA,NA,NA,NA,0
pooled,reversed,random,raghavg0309,60219,109219,129604,0,1970-01-20T06:43:12+00:00,0,0,NA,NA,NA,NA,NA,0
pooled,reversed,random,rahimsh08930225,60219,109219,129604,0,1970-01-20T06:43:12+00:00,1,1,1.0,0.0,0.09579861111111111,0.09579861111111111,0.09579861111111111,1
pooled,reversed,random,rahul4cat,60219,109219,129604,0,1970-01-20T06:43:12+00:00,0,0,NA,NA,NA,NA,NA,0
pooled,reversed,random,rahulontheedge,60219,109219,129604,0,1970-01-20T06:43:12+00:00,0,0,NA,NA,NA,NA,NA,0
pooled,reversed,random,rajeshktripathy,60219,109219,129604,0,1970-01-20T06:43:12+00:00,1,1,1.0,0.0,0.14427083333333332,0.14427083333333332,0.14427083333333332,1
pooled,reversed,random,raju_gudime,60219,109219,129604,0,1970-01-20T06:43:12+00:00,0,0,NA,NA,NA,NA,NA,0
pooled,reversed,random,rajutrived,60219,109219,129604,0,1970-01-20T06:43:12+00:00,2,2,1.0,0.0,0.028217592592592593,0.06784722222222223,0.10747685185185185,2
pooled,reversed,random,rajvbhagat16,60219,109219,129604,0,1970-01-20T06:43:12+00:00,0,0,NA,NA,NA,NA,NA,0
pooled,reversed,random,rakesh27061,60219,109219,129604,0,1970-01-20T06:43:12+00:00,0,0,NA,NA,NA,NA,NA,0
pooled,reversed,random,rakeshmalhotra,60219,109219,129604,0,1970-01-20T06:43:12+00:00,0,0,NA,NA,NA,NA,NA,0
pooled,reversed,random,ramcharana86,60219,109219,129604,0,1970-01-20T06:43:12+00:00,0,0,NA,NA,NA,NA,NA,0
pooled,reversed,random,rashika1808,60219,109219,129604,0,1970-01-20T06:43:12+00:00,0,0,NA,NA,NA,NA,NA,0
pooled,reversed,random,rationalsapien,60219,109219,129604,0,1970-01-20T06:43:12+00:00,0,0,NA,NA,NA,NA,NA,0
pooled,reversed,random,ratnil198,60219,109219,129604,0,1970-01-20T06:43:12+00:00,0,0,NA,NA,NA,NA,NA,0
pooled,reversed,random,ravindr99596593,60219,109219,129604,0,1970-01-20T06:43:12+00:00,1,1,1.0,0.0,0.08060185185185186,0.08060185185185186,0.08060185185185186,1
pooled,reversed,random,ravirao83,60219,109219,129604,0,1970-01-20T06:43:12+00:00,0,0,NA,NA,NA,NA,NA,0
pooled,reversed,random,raxm__,60219,109219,129604,0,1970-01-20T06:43:12+00:00,0,0,NA,NA,NA,NA,NA,0
pooled,reversed,random,rayjudd7,60219,109219,129604,0,1970-01-20T06:43:12+00:00,3,3,1.0,0.0,0.0478125,0.04793981481481482,0.11924768518518518,1
pooled,reversed,random,rbhamaria,60219,109219,129604,0,1970-01-20T06:43:12+00:00,9,8,0.8888888888888888,0.1111111111111111,0.011307870370370371,0.047407407407407405,0.14931712962962962,3
pooled,reversed,random,rehimshafi,60219,109219,129604,0,1970-01-20T06:43:12+00:00,1,1,1.0,0.0,0.02636574074074074,0.02636574074074074,0.02636574074074074,1
pooled,reversed,random,relaxing_buddha,60219,109219,129604,0,1970-01-20T06:43:12+00:00,1,1,1.0,0.0,0.10972222222222222,0.10972222222222222,0.10972222222222222,1
pooled,reversed,random,rickyybehal,60219,109219,129604,0,1970-01-20T06:43:12+00:00,0,0,NA,NA,NA,NA,NA,0
pooled,reversed,random,rishiumehta,60219,109219,129604,0,1970-01-20T06:43:12+00:00,0,0,NA,NA,NA,NA,NA,0
pooled,reversed,random,rituchoudhryinc,60219,109219,129604,0,1970-01-20T06:43:12+00:00,1,1,1.0,0.0,0.14917824074074074,0.14917824074074074,0.14917824074074074,1
pooled,reversed,random,rnels1201,60219,109219,129604,0,1970-01-20T06:43:12+00:00,0,0,NA,NA,NA,NA,NA,0
pooled,reversed,random,robertdowneyjr,60219,109219,129604,0,1970-01-20T06:43:12+00:00,2,2,1.0,0.0,0.07387731481481481,0.08086226851851852,0.08784722222222222,1
pooled,reversed,random,rohit22501456,60219,109219,129604,0,1970-01-20T06:43:12+00:00,0,0,NA,NA,NA,NA,NA,0
pooled,reversed,random,rohitkhadilkar1,60219,109219,129604,0,1970-01-20T06:43:12+00:00,0,0,NA,NA,NA,NA,NA,0
pooled,reversed,random,royujjwal84,60219,109219,129604,0,1970-01-20T06:43:12+00:00,0,0,NA,NA,NA,NA,NA,0
pooled,reversed,random,rpfecr,60219,109219,129604,0,1970-01-20T06:43:12+00:00,1,1,1.0,0.0,0.10699074074074075,0.10699074074074075,0.10699074074074075,1
pooled,reversed,random,rpfnfrkir,60219,109219,129604,0,1970-01-20T06:43:12+00:00,0,0,NA,NA,NA,NA,NA,0
pooled,reversed,random,ruchikamkhanna,60219,109219,129604,0,1970-01-20T06:43:12+00:00,5,3,0.6,0.4,0.1032986111111111,0.10644675925925925,0.13293981481481482,2
pooled,reversed,random,rudreshscharma,60219,109219,129604,0,1970-01-20T06:43:12+00:00,0,0,NA,NA,NA,NA,NA,0
pooled,reversed,random,rukmi86,60219,109219,129604,0,1970-01-20T06:43:12+00:00,2,2,1.0,0.0,0.061828703703703705,0.08036458333333334,0.09890046296296297,2
pooled,reversed,random,rupalishah_ragi,60219,109219,129604,0,1970-01-20T06:43:12+00:00,4,3,0.75,0.25,0.050416666666666665,0.05638888888888889,0.16145833333333334,2
pooled,reversed,random,rust_in_peace82,60219,109219,129604,0,1970-01-20T06:43:12+00:00,0,0,NA,NA,NA,NA,NA,0
pooled,reversed,random,rustedcadets,60219,109219,129604,0,1970-01-20T06:43:12+00:00,0,0,NA,NA,NA,NA,NA,0
pooled,reversed,random,s_satire,60219,109219,129604,0,1970-01-20T06:43:12+00:00,0,0,NA,NA,NA,NA,NA,0
pooled,reversed,random,sachasadhu,60219,109219,129604,0,1970-01-20T06:43:12+00:00,0,0,NA,NA,NA,NA,NA,0
pooled,reversed,random,sachinderrao,60219,109219,129604,0,1970-01-20T06:43:12+00:00,0,0,NA,NA,NA,NA,NA,0
pooled,reversed,random,sagarsr24496251,60219,109219,129604,0,1970-01-20T06:43:12+00:00,0,0,NA,NA,NA,NA,NA,0
pooled,reversed,random,saisreenu35,60219,109219,129604,0,1970-01-20T06:43:12+00:00,1,1,1.0,0.0,0.14430555555555555,0.14430555555555555,0.14430555555555555,1
pooled,reversed,random,sakshibharadwa9,60219,109219,129604,0,1970-01-20T06:43:12+00:00,0,0,NA,NA,NA,NA,NA,0
pooled,reversed,random,salamciputih,60219,109219,129604,0,1970-01-20T06:43:12+00:00,1,1,1.0,0.0,0.13398148148148148,0.13398148148148148,0.13398148148148148,1
pooled,reversed,random,samarjeet_n,60219,109219,129604,0,1970-01-20T06:43:12+00:00,20,15,0.75,0.25,0.009050925925925926,0.07097222222222223,0.1462152777777778,3
pooled,reversed,random,samavi2707,60219,109219,129604,0,1970-01-20T06:43:12+00:00,0,0,NA,NA,NA,NA,NA,0
pooled,reversed,random,sambrani,60219,109219,129604,0,1970-01-20T06:43:12+00:00,1,1,1.0,0.0,0.09621527777777777,0.09621527777777777,0.09621527777777777,1
pooled,reversed,random,sanataniameric1,60219,109219,129604,0,1970-01-20T06:43:12+00:00,0,0,NA,NA,NA,NA,NA,0
pooled,reversed,random,sanjaypatil4bjp,60219,109219,129604,0,1970-01-20T06:43:12+00:00,0,0,NA,NA,NA,NA,NA,0
pooled,reversed,random,sanjivdas74,60219,109219,129604,0,1970-01-20T06:43:12+00:00,1,1,1.0,0.0,0.09059027777777778,0.09059027777777778,0.09059027777777778,1
pooled,reversed,random,sanjusamsonfp,60219,109219,129604,0,1970-01-20T06:43:12+00:00,1,1,1.0,0.0,0.04324074074074074,0.04324074074074074,0.04324074074074074,1
pooled,reversed,random,sankalp101010,60219,109219,129604,0,1970-01-20T06:43:12+00:00,1,1,1.0,0.0,0.145625,0.145625,0.145625,1
pooled,reversed,random,sardarchand3,60219,109219,129604,0,1970-01-20T06:43:12+00:00,0,0,NA,NA,NA,NA,NA,0
pooled,reversed,random,satishm08287011,60219,109219,129604,0,1970-01-20T06:43:12+00:00,0,0,NA,NA,NA,NA,NA,0
pooled,reversed,random,saurabh_mlagk,60219,109219,129604,0,1970-01-20T06:43:12+00:00,147,41,0.2789115646258503,0.7210884353741497,0.011319444444444444,0.09577546296296297,0.16505787037037037,2
pooled,reversed,random,sayyadafatima8,60219,109219,129604,0,1970-01-20T06:43:12+00:00,1,1,1.0,0.0,0.15765046296296295,0.15765046296296295,0.15765046296296295,1
pooled,reversed,random,seemash20300325,60219,109219,129604,0,1970-01-20T06:43:12+00:00,0,0,NA,NA,NA,NA,NA,0
pooled,reversed,random,sensitivityinc,60219,109219,129604,0,1970-01-20T06:43:12+00:00,0,0,NA,NA,NA,NA,NA,0
pooled,reversed,random,senwarren,60219,109219,129604,0,1970-01-20T06:43:12+00:00,21,21,1.0,0.0,0.03162037037037037,0.06696759259259259,0.15181712962962962,1
pooled,reversed,random,shaivya_mishra,60219,109219,129604,0,1970-01-20T06:43:12+00:00,1,1,1.0,0.0,0.08439814814814815,0.08439814814814815,0.08439814814814815,1
pooled,reversed,random,shalini0313,60219,109219,129604,0,1970-01-20T06:43:12+00:00,0,0,NA,NA,NA,NA,NA,0
pooled,reversed,random,shankarshanmugh,60219,109219,129604,0,1970-01-20T06:43:12+00:00,4,4,1.0,0.0,0.04040509259259259,0.16315393518518517,0.16321759259259258,1
pooled,reversed,random,shashibk,60219,109219,129604,0,1970-01-20T06:43:12+00:00,1,1,1.0,0.0,0.011909722222222223,0.011909722222222223,0.011909722222222223,1
pooled,reversed,random,shibin_twitz,60219,109219,129604,0,1970-01-20T06:43:12+00:00,3,3,1.0,0.0,0.006099537037037037,0.015694444444444445,0.13929398148148148,1
pooled,reversed,random,shivani1_111,60219,109219,129604,0,1970-01-20T06:43:12+00:00,0,0,NA,NA,NA,NA,NA,0
pooled,reversed,random,shriramnayaka7,60219,109219,129604,0,1970-01-20T06:43:12+00:00,0,0,NA,NA,NA,NA,NA,0
pooled,reversed,random,shubham_ri,60219,109219,129604,0,1970-01-20T06:43:12+00:00,1,1,1.0,0.0,0.025590277777777778,0.025590277777777778,0.025590277777777778,1
pooled,reversed,random,sibanand1,60219,109219,129604,0,1970-01-20T06:43:12+00:00,0,0,NA,NA,NA,NA,NA,0
pooled,reversed,random,sibi_sathyaraj,60219,109219,129604,0,1970-01-20T06:43:12+00:00,1,1,1.0,0.0,0.047592592592592596,0.047592592592592596,0.047592592592592596,1
pooled,reversed,random,siddarthnatara2,60219,109219,129604,0,1970-01-20T06:43:12+00:00,1,1,1.0,0.0,0.10420138888888889,0.10420138888888889,0.10420138888888889,1
pooled,reversed,random,siddesh70252954,60219,109219,129604,0,1970-01-20T06:43:12+00:00,0,0,NA,NA,NA,NA,NA,0
pooled,reversed,random,singh_biswajeet,60219,109219,129604,0,1970-01-20T06:43:12+00:00,1,1,1.0,0.0,0.011423611111111112,0.011423611111111112,0.011423611111111112,1
pooled,reversed,random,sinhanss1,60219,109219,129604,0,1970-01-20T06:43:12+00:00,0,0,NA,NA,NA,NA,NA,0
pooled,reversed,random,sivashanker_26,60219,109219,129604,0,1970-01-20T06:43:12+00:00,0,0,NA,NA,NA,NA,NA,0
pooled,reversed,random,siwachsukhbir,60219,109219,129604,0,1970-01-20T06:43:12+00:00,1,1,1.0,0.0,0.13033564814814816,0.13033564814814816,0.13033564814814816,1
pooled,reversed,random,sjamruta,60219,109219,129604,0,1970-01-20T06:43:12+00:00,0,0,NA,NA,NA,NA,NA,0
pooled,reversed,random,smtank2,60219,109219,129604,0,1970-01-20T06:43:12+00:00,0,0,NA,NA,NA,NA,NA,0
pooled,reversed,random,somitmakar,60219,109219,129604,0,1970-01-20T06:43:12+00:00,0,0,NA,NA,NA,NA,NA,0
pooled,reversed,random,sonalen,60219,109219,129604,0,1970-01-20T06:43:12+00:00,0,0,NA,NA,NA,NA,NA,0
pooled,reversed,random,sonam_chaudhri,60219,109219,129604,0,1970-01-20T06:43:12+00:00,1,1,1.0,0.0,0.1203125,0.1203125,0.1203125,1
pooled,reversed,random,soniagurnani19,60219,109219,129604,0,1970-01-20T06:43:12+00:00,12,12,1.0,0.0,0.006793981481481482,0.08114583333333333,0.16409722222222223,3
pooled,reversed,random,sourabhkhs23,60219,109219,129604,0,1970-01-20T06:43:12+00:00,0,0,NA,NA,NA,NA,NA,0
pooled,reversed,random,sp271290,60219,109219,129604,0,1970-01-20T06:43:12+00:00,0,0,NA,NA,NA,NA,NA,0
pooled,reversed,random,sridhar59343408,60219,109219,129604,0,1970-01-20T06:43:12+00:00,0,0,NA,NA,NA,NA,NA,0
pooled,reversed,random,srikantsingh51,60219,109219,129604,0,1970-01-20T06:43:12+00:00,0,0,NA,NA,NA,NA,NA,0
pooled,reversed,random,srs14756,60219,109219,129604,0,1970-01-20T06:43:12+00:00,0,0,NA,NA,NA,NA,NA,0
pooled,reversed,random,srvs123451,60219,109219,129604,0,1970-01-20T06:43:12+00:00,0,0,NA,NA,NA,NA,NA,0
pooled,reversed,random,steeve_shyam,60219,109219,129604,0,1970-01-20T06:43:12+00:00,0,0,NA,NA,NA,NA,NA,0
pooled,reversed,random,stop_hindi_mh,60219,109219,129604,0,1970-01-20T06:43:12+00:00,1,1,1.0,0.0,0.14050925925925925,0.14050925925925925,0.14050925925925925,1
pooled,reversed,random,subhashitani1,60219,109219,129604,0,1970-01-20T06:43:12+00:00,0,0,NA,NA,NA,NA,NA,0
pooled,reversed,random,sudalai_twitz,60219,109219,129604,0,1970-01-20T06:43:12+00:00,1,1,1.0,0.0,0.14443287037037036,0.14443287037037036,0.14443287037037036,1
pooled,reversed,random,sumanjramesh,60219,109219,129604,0,1970-01-20T06:43:12+00:00,0,0,NA,NA,NA,NA,NA,0
pooled,reversed,random,sunilpherwani,60219,109219,129604,0,1970-01-20T06:43:12+00:00,1,1,1.0,0.0,0.12675925925925927,0.12675925925925927,0.12675925925925927,1
pooled,reversed,random,sunny52832927,60219,109219,129604,0,1970-01-20T06:43:12+00:00,0,0,NA,NA,NA,NA,NA,0
pooled,reversed,random,sunnypratap02,60219,109219,129604,0,1970-01-20T06:43:12+00:00,0,0,NA,NA,NA,NA,NA,0
pooled,reversed,random,suren0905,60219,109219,129604,0,1970-01-20T06:43:12+00:00,0,0,NA,NA,NA,NA,NA,0
pooled,reversed,random,surendrafdr,60219,109219,129604,0,1970-01-20T06:43:12+00:00,0,0,NA,NA,NA,NA,NA,0
pooled,reversed,random,sus39057121,60219,109219,129604,0,1970-01-20T06:43:12+00:00,1,1,1.0,0.0,0.013657407407407408,0.013657407407407408,0.013657407407407408,1
pooled,reversed,random,swekrathi,60219,109219,129604,0,1970-01-20T06:43:12+00:00,0,0,NA,NA,NA,NA,NA,0
pooled,reversed,random,swimmingsolo1,60219,109219,129604,0,1970-01-20T06:43:12+00:00,1,1,1.0,0.0,0.11924768518518518,0.11924768518518518,0.11924768518518518,1
pooled,reversed,random,tanejalawoffice,60219,109219,129604,0,1970-01-20T06:43:12+00:00,0,0,NA,NA,NA,NA,NA,0
pooled,reversed,random,tariquehashraf,60219,109219,129604,0,1970-01-20T06:43:12+00:00,1,1,1.0,0.0,0.056435185185185185,0.056435185185185185,0.056435185185185185,1
pooled,reversed,random,tarunkhanna2000,60219,109219,129604,0,1970-01-20T06:43:12+00:00,3,2,0.6666666666666666,0.3333333333333333,0.01070601851851852,0.06731481481481481,0.12392361111111111,2
pooled,reversed,random,tcs,60219,109219,129604,0,1970-01-20T06:43:12+00:00,5,5,1.0,0.0,0.011643518518518518,0.040671296296296296,0.14171296296296296,1
pooled,reversed,random,teamcait,60219,109219,129604,0,1970-01-20T06:43:12+00:00,3,2,0.6666666666666666,0.3333333333333333,0.056921296296296296,0.06042824074074074,0.06393518518518519,1
pooled,reversed,random,telanganacmo,60219,109219,129604,0,1970-01-20T06:43:12+00:00,50,50,1.0,0.0,0.0027314814814814814,0.10344328703703703,0.16439814814814815,2
pooled,reversed,random,tgbharath,60219,109219,129604,0,1970-01-20T06:43:12+00:00,1,1,1.0,0.0,0.1474537037037037,0.1474537037037037,0.1474537037037037,1
pooled,reversed,random,theheartofindia,60219,109219,129604,0,1970-01-20T06:43:12+00:00,0,0,NA,NA,NA,NA,NA,0
pooled,reversed,random,thenameis_bruce,60219,109219,129604,0,1970-01-20T06:43:12+00:00,3,3,1.0,0.0,0.005902777777777778,0.018032407407407407,0.13412037037037036,3
pooled,reversed,random,therajaputra,60219,109219,129604,0,1970-01-20T06:43:12+00:00,1,1,1.0,0.0,0.01568287037037037,0.01568287037037037,0.01568287037037037,1
pooled,reversed,random,thevijaymahajan,60219,109219,129604,0,1970-01-20T06:43:12+00:00,0,0,NA,NA,NA,NA,NA,0
pooled,reversed,random,thewirehindi,60219,109219,129604,0,1970-01-20T06:43:12+00:00,5,5,1.0,0.0,0.06032407407407407,0.09513888888888888,0.1180324074074074,2
pooled,reversed,random,thirumalwnp,60219,109219,129604,0,1970-01-20T06:43:12+00:00,1,1,1.0,0.0,0.04362268518518519,0.04362268518518519,0.04362268518518519,1
pooled,reversed,random,tkramanathan,60219,109219,129604,0,1970-01-20T06:43:12+00:00,0,0,NA,NA,NA,NA,NA,0
pooled,reversed,random,tomar_vik,60219,109219,129604,0,1970-01-20T06:43:12+00:00,0,0,NA,NA,NA,NA,NA,0
pooled,reversed,random,touqiramalik,60219,109219,129604,0,1970-01-20T06:43:12+00:00,0,0,NA,NA,NA,NA,NA,0
pooled,reversed,random,tripsan007,60219,109219,129604,0,1970-01-20T06:43:12+00:00,0,0,NA,NA,NA,NA,NA,0
pooled,reversed,random,ujjawal_athrav,60219,109219,129604,0,1970-01-20T06:43:12+00:00,1,1,1.0,0.0,0.029363425925925925,0.029363425925925925,0.029363425925925925,1
pooled,reversed,random,ukraine,60219,109219,129604,0,1970-01-20T06:43:12+00:00,1,1,1.0,0.0,0.07078703703703704,0.07078703703703704,0.07078703703703704,1
pooled,reversed,random,umakamath9,60219,109219,129604,0,1970-01-20T06:43:12+00:00,0,0,NA,NA,NA,NA,NA,0
pooled,reversed,random,umeshhuman,60219,109219,129604,0,1970-01-20T06:43:12+00:00,0,0,NA,NA,NA,NA,NA,0
pooled,reversed,random,umsshukla,60219,109219,129604,0,1970-01-20T06:43:12+00:00,0,0,NA,NA,NA,NA,NA,0
pooled,reversed,random,unwomenindia,60219,109219,129604,0,1970-01-20T06:43:12+00:00,1,1,1.0,0.0,0.0051736111111111115,0.0051736111111111115,0.0051736111111111115,1
pooled,reversed,random,upasanatigress,60219,109219,129604,0,1970-01-20T06:43:12+00:00,1,1,1.0,0.0,0.14212962962962963,0.14212962962962963,0.14212962962962963,1
pooled,reversed,random,urbannaakushal,60219,109219,129604,0,1970-01-20T06:43:12+00:00,0,0,NA,NA,NA,NA,NA,0
pooled,reversed,random,urstrulypujith,60219,109219,129604,0,1970-01-20T06:43:12+00:00,0,0,NA,NA,NA,NA,NA,0
pooled,reversed,random,vampirkaninchen,60219,109219,129604,0,1970-01-20T06:43:12+00:00,0,0,NA,NA,NA,NA,NA,0
pooled,reversed,random,varanasiboy_,60219,109219,129604,0,1970-01-20T06:43:12+00:00,2,1,0.5,0.5,0.0900925925925926,0.0900925925925926,0.0900925925925926,1
pooled,reversed,random,varunarorainc,60219,109219,129604,0,1970-01-20T06:43:12+00:00,1,1,1.0,0.0,0.04212962962962963,0.04212962962962963,0.04212962962962963,1
pooled,reversed,random,vdubeyofficials,60219,109219,129604,0,1970-01-20T06:43:12+00:00,0,0,NA,NA,NA,NA,NA,0
pooled,reversed,random,venkat8127,60219,109219,129604,0,1970-01-20T06:43:12+00:00,0,0,NA,NA,NA,NA,NA,0
pooled,reversed,random,vgm07513216,60219,109219,129604,0,1970-01-20T06:43:12+00:00,0,0,NA,NA,NA,NA,NA,0
pooled,reversed,random,vidurb93,60219,109219,129604,0,1970-01-20T06:43:12+00:00,0,0,NA,NA,NA,NA,NA,0
pooled,reversed,random,vijayraman10,60219,109219,129604,0,1970-01-20T06:43:12+00:00,1,1,1.0,0.0,0.02707175925925926,0.02707175925925926,0.02707175925925926,1
pooled,reversed,random,vijeeshvincen1,60219,109219,129604,0,1970-01-20T06:43:12+00:00,0,0,NA,NA,NA,NA,NA,0
pooled,reversed,random,vikram___gautam,60219,109219,129604,0,1970-01-20T06:43:12+00:00,0,0,NA,NA,NA,NA,NA,0
pooled,reversed,random,vineetmohali,60219,109219,129604,0,1970-01-20T06:43:12+00:00,0,0,NA,NA,NA,NA,NA,0
pooled,reversed,random,vlkaspr0nam0,60219,109219,129604,0,1970-01-20T06:43:12+00:00,9,9,1.0,0.0,0.03754629629629629,0.060821759259259256,0.15104166666666666,1
pooled,reversed,random,vsamson_dc,60219,109219,129604,0,1970-01-20T06:43:12+00:00,1,1,1.0,0.0,0.10266203703703704,0.10266203703703704,0.10266203703703704,1
pooled,reversed,random,vsengupta,60219,109219,129604,0,1970-01-20T06:43:12+00:00,1,1,1.0,0.0,0.05482638888888889,0.05482638888888889,0.05482638888888889,1
pooled,reversed,random,vvinunama,60219,109219,129604,0,1970-01-20T06:43:12+00:00,1,1,1.0,0.0,0.049386574074074076,0.049386574074074076,0.049386574074074076,1
pooled,reversed,random,warmonitors,60219,109219,129604,0,1970-01-20T06:43:12+00:00,1,1,1.0,0.0,0.020520833333333332,0.020520833333333332,0.020520833333333332,1
pooled,reversed,random,wesuportmodi4pm,60219,109219,129604,0,1970-01-20T06:43:12+00:00,1,1,1.0,0.0,0.007372685185185185,0.007372685185185185,0.007372685185185185,1
pooled,reversed,random,wildindian_jazz,60219,109219,129604,0,1970-01-20T06:43:12+00:00,0,0,NA,NA,NA,NA,NA,0
pooled,reversed,random,wurzel260654,60219,109219,129604,0,1970-01-20T06:43:12+00:00,1,1,1.0,0.0,0.13863425925925926,0.13863425925925926,0.13863425925925926,1
pooled,reversed,random,yaash_aadi,60219,109219,129604,0,1970-01-20T06:43:12+00:00,0,0,NA,NA,NA,NA,NA,0
pooled,reversed,random,yasiralihashmi1,60219,109219,129604,0,1970-01-20T06:43:12+00:00,1,1,1.0,0.0,0.07568287037037037,0.07568287037037037,0.07568287037037037,1
pooled,reversed,random,yaswantsinha,60219,109219,129604,0,1970-01-20T06:43:12+00:00,1,1,1.0,0.0,0.003414351851851852,0.003414351851851852,0.003414351851851852,1
pooled,reversed,random,yogeshygp,60219,109219,129604,0,1970-01-20T06:43:12+00:00,1,1,1.0,0.0,0.012118055555555556,0.012118055555555556,0.012118055555555556,1
pooled,reversed,random,yudhvirsethibjp,60219,109219,129604,0,1970-01-20T06:43:12+00:00,1,1,1.0,0.0,0.013865740740740741,0.013865740740740741,0.013865740740740741,1
pooled,reversed,random,zafarkhanjklf,60219,109219,129604,0,1970-01-20T06:43:12+00:00,0,0,NA,NA,NA,NA,NA,0
pooled,reversed,random,zealjordan,60219,109219,129604,0,1970-01-20T06:43:12+00:00,0,0,NA,NA,NA,NA,NA,0
pooled,reversed,random,zeeobserver,60219,109219,129604,0,1970-01-20T06:43:12+00:00,0,0,NA,NA,NA,NA,NA,0
pooled,reversed,random,zemo6_ictian,60219,109219,129604,0,1970-01-20T06:43:12+00:00,0,0,NA,NA,NA,NA,NA,0
pooled,reversed,random,zunairainam,60219,109219,129604,0,1970-01-20T06:43:12+00:00,2,2,1.0,0.0,0.06931712962962963,0.08694444444444444,0.10457175925925925,1
pooled,reversed,high_out_strength,narendramodi,60219,109219,129604,0,1970-01-20T06:43:12+00:00,13251,11438,0.8631801373481247,0.13681986265187532,0.0,0.07811342592592592,0.16563657407407406,5
pooled,reversed,high_out_strength,rahulgandhi,60219,109219,129604,0,1970-01-20T06:43:12+00:00,6140,4471,0.7281758957654723,0.2718241042345277,1.1574074074074073e-05,0.09171296296296297,0.16564814814814816,5
pooled,reversed,high_out_strength,bjp4india,60219,109219,129604,0,1970-01-20T06:43:12+00:00,4515,3377,0.7479512735326689,0.2520487264673311,1.1574074074074073e-05,0.08128472222222222,0.16555555555555557,3
pooled,reversed,high_out_strength,incindia,60219,109219,129604,0,1970-01-20T06:43:12+00:00,3838,2646,0.689421573736321,0.310578426263679,8.101851851851852e-05,0.09763310185185185,0.16559027777777777,4
pooled,reversed,high_out_strength,amitshah,60219,109219,129604,0,1970-01-20T06:43:12+00:00,4026,2239,0.5561351217088922,0.4438648782911078,1.1574074074074073e-05,0.0828125,0.16559027777777777,4
pooled,reversed,high_out_strength,pmoindia,60219,109219,129604,0,1970-01-20T06:43:12+00:00,1924,1658,0.8617463617463618,0.13825363825363826,8.101851851851852e-05,0.08267939814814815,0.16534722222222223,4
pooled,reversed,high_out_strength,arvindkejriwal,60219,109219,129604,0,1970-01-20T06:43:12+00:00,3690,2174,0.589159891598916,0.41084010840108404,0.0006365740740740741,0.08669560185185185,0.16560185185185186,6
pooled,reversed,high_out_strength,bcci,60219,109219,129604,0,1970-01-20T06:43:12+00:00,1153,910,0.7892454466608847,0.21075455333911536,0.0008796296296296296,0.05046296296296296,0.16555555555555557,4
pooled,reversed,high_out_strength,ani,60219,109219,129604,0,1970-01-20T06:43:12+00:00,1170,944,0.8068376068376069,0.19316239316239317,0.0003125,0.10090856481481482,0.16555555555555557,4
pooled,reversed,high_out_strength,aamaadmiparty,60219,109219,129604,0,1970-01-20T06:43:12+00:00,1002,650,0.6487025948103793,0.35129740518962077,0.0011805555555555556,0.08525462962962962,0.165625,4
pooled,reversed,high_out_strength,shashitharoor,60219,109219,129604,0,1970-01-20T06:43:12+00:00,1553,1277,0.8222794591113973,0.1777205408886027,0.00037037037037037035,0.09619212962962963,0.16556712962962963,5
pooled,reversed,high_out_strength,sardesairajdeep,60219,109219,129604,0,1970-01-20T06:43:12+00:00,1394,1081,0.7754662840746055,0.22453371592539456,3.472222222222222e-05,0.09565972222222222,0.16555555555555557,5
pooled,reversed,high_out_strength,ndtv,60219,109219,129604,0,1970-01-20T06:43:12+00:00,679,593,0.8733431516936672,0.12665684830633284,0.0010763888888888889,0.07214120370370371,0.16555555555555557,4
pooled,reversed,high_out_strength,republic,60219,109219,129604,0,1970-01-20T06:43:12+00:00,473,416,0.879492600422833,0.12050739957716702,0.0009837962962962962,0.08888888888888888,0.16512731481481482,3
pooled,reversed,high_out_strength,priyankagandhi,60219,109219,129604,0,1970-01-20T06:43:12+00:00,1859,1217,0.6546530392684239,0.3453469607315761,0.00024305555555555555,0.10002314814814815,0.16559027777777777,5
pooled,reversed,high_out_strength,supriyashrinate,60219,109219,129604,0,1970-01-20T06:43:12+00:00,681,469,0.6886930983847284,0.31130690161527164,0.0006018518518518519,0.1165625,0.16541666666666666,3
pooled,reversed,high_out_strength,indiatoday,60219,109219,129604,0,1970-01-20T06:43:12+00:00,867,553,0.6378316032295271,0.3621683967704729,1.1574074074074073e-05,0.1003587962962963,0.16554398148148147,4
pooled,reversed,high_out_strength,timesnow,60219,109219,129604,0,1970-01-20T06:43:12+00:00,550,364,0.6618181818181819,0.3381818181818182,8.101851851851852e-05,0.08559606481481481,0.1646875,4
pooled,reversed,high_out_strength,mamataofficial,60219,109219,129604,0,1970-01-20T06:43:12+00:00,581,383,0.6592082616179001,0.3407917383820998,0.00032407407407407406,0.08337962962962962,0.16489583333333332,4
pooled,reversed,high_out_strength,swamy39,60219,109219,129604,0,1970-01-20T06:43:12+00:00,545,347,0.636697247706422,0.363302752293578,0.0005092592592592592,0.0861574074074074,0.16467592592592592,3
pooled,reversed,high_out_strength,arunjaitley,60219,109219,129604,0,1970-01-20T06:43:12+00:00,604,387,0.640728476821192,0.35927152317880795,0.0006712962962962962,0.07442129629629629,0.1647337962962963,4
pooled,reversed,high_out_strength,aajtak,60219,109219,129604,0,1970-01-20T06:43:12+00:00,447,375,0.8389261744966443,0.1610738255033557,0.0001273148148148148,0.08421296296296296,0.16555555555555557,4
pooled,reversed,high_out_strength,ashoswai,60219,109219,129604,0,1970-01-20T06:43:12+00:00,762,356,0.4671916010498688,0.5328083989501312,0.0005324074074074074,0.07737847222222222,0.16538194444444446,3
pooled,reversed,high_out_strength,smritiirani,60219,109219,129604,0,1970-01-20T06:43:12+00:00,1033,400,0.3872216844143272,0.6127783155856728,0.0005324074074074074,0.09828125,0.1655787037037037,4
pooled,reversed,high_out_strength,rajnathsingh,60219,109219,129604,0,1970-01-20T06:43:12+00:00,483,301,0.6231884057971014,0.37681159420289856,0.0007523148148148148,0.08645833333333333,0.16458333333333333,4
pooled,reversed,high_out_strength,myogiadityanath,60219,109219,129604,0,1970-01-20T06:43:12+00:00,479,295,0.615866388308977,0.38413361169102295,0.00017361111111111112,0.08461805555555556,0.16480324074074074,3
pooled,reversed,high_out_strength,piyushgoyal,60219,109219,129604,0,1970-01-20T06:43:12+00:00,930,322,0.34623655913978496,0.6537634408602151,0.0004398148148148148,0.07555555555555556,0.1654050925925926,3
pooled,reversed,high_out_strength,timesofindia,60219,109219,129604,0,1970-01-20T06:43:12+00:00,634,355,0.5599369085173501,0.4400630914826498,0.000462962962962963,0.10832175925925926,0.16559027777777777,4
pooled,reversed,high_out_strength,amitmalviya,60219,109219,129604,0,1970-01-20T06:43:12+00:00,626,423,0.6757188498402555,0.3242811501597444,0.0006018518518518519,0.0946412037037037,0.16555555555555557,4
pooled,reversed,high_out_strength,ecisveep,60219,109219,129604,0,1970-01-20T06:43:12+00:00,446,258,0.57847533632287,0.42152466367713004,0.0013310185185185185,0.08021412037037037,0.16539351851851852,4
pooled,reversed,high_out_strength,jairam_ramesh,60219,109219,129604,0,1970-01-20T06:43:12+00:00,1016,351,0.3454724409448819,0.6545275590551181,0.000462962962962963,0.09869212962962963,0.16559027777777777,3
pooled,reversed,high_out_strength,nsitharaman,60219,109219,129604,0,1970-01-20T06:43:12+00:00,328,274,0.8353658536585366,0.16463414634146342,5.787037037037037e-05,0.09342013888888889,0.1646412037037037,3
pooled,reversed,high_out_strength,jhasanjay,60219,109219,129604,0,1970-01-20T06:43:12+00:00,841,356,0.4233055885850178,0.5766944114149821,0.0008680555555555555,0.10927662037037036,0.16555555555555557,4
pooled,reversed,high_out_strength,rishisunak,60219,109219,129604,0,1970-01-20T06:43:12+00:00,459,411,0.8954248366013072,0.10457516339869281,0.005439814814814815,0.06612268518518519,0.1654861111111111,4
pooled,reversed,high_out_strength,tajinderbagga,60219,109219,129604,0,1970-01-20T06:43:12+00:00,446,254,0.5695067264573991,0.4304932735426009,0.0002777777777777778,0.08653935185185185,0.16560185185185186,4
pooled,reversed,high_out_strength,elonmusk,60219,109219,129604,0,1970-01-20T06:43:12+00:00,562,390,0.693950177935943,0.30604982206405695,0.010625,0.06730324074074073,0.16563657407407406,4
pooled,reversed,high_out_strength,annamalai_k,60219,109219,129604,0,1970-01-20T06:43:12+00:00,1305,793,0.6076628352490422,0.39233716475095787,0.0016666666666666668,0.1064699074074074,0.16563657407407406,5
pooled,reversed,high_out_strength,kharge,60219,109219,129604,0,1970-01-20T06:43:12+00:00,635,343,0.5401574803149606,0.45984251968503936,0.0020717592592592593,0.06079861111111111,0.1655324074074074,5
pooled,reversed,high_out_strength,sambitswaraj,60219,109219,129604,0,1970-01-20T06:43:12+00:00,1077,275,0.255338904363974,0.744661095636026,0.0012037037037037038,0.09412037037037037,0.16554398148148147,3
pooled,reversed,high_out_strength,nitin_gadkari,60219,109219,129604,0,1970-01-20T06:43:12+00:00,496,289,0.5826612903225806,0.4173387096774194,0.00037037037037037035,0.10712962962962963,0.16555555555555557,4
pooled,reversed,high_out_strength,pbhushan1,60219,109219,129604,0,1970-01-20T06:43:12+00:00,429,304,0.7086247086247086,0.2913752913752914,0.0017592592592592592,0.10203703703703704,0.16555555555555557,4
pooled,reversed,high_out_strength,yadavakhilesh,60219,109219,129604,0,1970-01-20T06:43:12+00:00,393,235,0.5979643765903307,0.4020356234096692,0.0009143518518518518,0.08398148148148148,0.1652199074074074,4
pooled,reversed,high_out_strength,bjp4karnataka,60219,109219,129604,0,1970-01-20T06:43:12+00:00,287,220,0.7665505226480837,0.23344947735191637,0.002013888888888889,0.09503472222222223,0.1641550925925926,3
pooled,reversed,high_out_strength,rishibagree,60219,109219,129604,0,1970-01-20T06:43:12+00:00,542,276,0.5092250922509225,0.4907749077490775,0.0006597222222222222,0.09344907407407407,0.16555555555555557,3
pooled,reversed,high_out_strength,tejasvi_surya,60219,109219,129604,0,1970-01-20T06:43:12+00:00,1091,715,0.6553620531622365,0.3446379468377635,0.0019444444444444444,0.09962962962962962,0.16554398148148147,5
pooled,reversed,high_out_strength,sushmaswaraj,60219,109219,129604,0,1970-01-20T06:43:12+00:00,239,194,0.8117154811715481,0.18828451882845187,0.0011574074074074073,0.09256365740740741,0.16453703703703704,3
pooled,reversed,high_out_strength,prakashraaj,60219,109219,129604,0,1970-01-20T06:43:12+00:00,219,201,0.9178082191780822,0.0821917808219178,0.004293981481481481,0.065625,0.16483796296296296,4
pooled,reversed,high_out_strength,imrankhanpti,60219,109219,129604,0,1970-01-20T06:43:12+00:00,733,321,0.4379263301500682,0.5620736698499318,0.00020833333333333335,0.09729166666666667,0.16518518518518518,5
pooled,reversed,high_out_strength,mahuamoitra,60219,109219,129604,0,1970-01-20T06:43:12+00:00,277,211,0.7617328519855595,0.23826714801444043,0.0006134259259259259,0.1158912037037037,0.16524305555555555,3
pooled,reversed,high_out_strength,indian_analyzer,60219,109219,129604,0,1970-01-20T06:43:12+00:00,400,208,0.52,0.48,0.0007638888888888889,0.07576967592592593,0.16530092592592593,4
pooled,reversed,high_out_strength,bdutt,60219,109219,129604,0,1970-01-20T06:43:12+00:00,582,180,0.30927835051546393,0.6907216494845361,0.00042824074074074075,0.08921875,0.16484953703703703,3
pooled,reversed,high_out_strength,zeenews,60219,109219,129604,0,1970-01-20T06:43:12+00:00,159,158,0.9937106918238994,0.006289308176100629,0.0009953703703703704,0.08802662037037037,0.16310185185185186,2
pooled,reversed,high_out_strength,ncbn,60219,109219,129604,0,1970-01-20T06:43:12+00:00,335,173,0.5164179104477612,0.4835820895522388,0.001574074074074074,0.07655092592592593,0.16530092592592593,4
pooled,reversed,high_out_strength,politics_2022_,60219,109219,129604,0,1970-01-20T06:43:12+00:00,375,192,0.512,0.488,0.0008101851851851852,0.0380150462962963,0.1655324074074074,4
pooled,reversed,high_out_strength,rssorg,60219,109219,129604,0,1970-01-20T06:43:12+00:00,166,146,0.8795180722891566,0.12048192771084337,0.0001388888888888889,0.07804398148148148,0.1639699074074074,2
pooled,reversed,high_out_strength,httweets,60219,109219,129604,0,1970-01-20T06:43:12+00:00,195,153,0.7846153846153846,0.2153846153846154,0.0011111111111111111,0.08783564814814815,0.1647685185185185,3
pooled,reversed,high_out_strength,dev_fadnavis,60219,109219,129604,0,1970-01-20T06:43:12+00:00,200,180,0.9,0.1,0.0014814814814814814,0.07471643518518518,0.1651388888888889,2
pooled,reversed,high_out_strength,vivekagnihotri,60219,109219,129604,0,1970-01-20T06:43:12+00:00,194,172,0.8865979381443299,0.1134020618556701,0.0002777777777777778,0.0996875,0.16350694444444444,2
pooled,reversed,high_out_strength,akshaykumar,60219,109219,129604,0,1970-01-20T06:43:12+00:00,416,263,0.6322115384615384,0.36778846153846156,0.001863425925925926,0.09798611111111111,0.16555555555555557,4
pooled,reversed,high_out_strength,pawankhera,60219,109219,129604,0,1970-01-20T06:43:12+00:00,368,205,0.5570652173913043,0.4429347826086957,0.001238425925925926,0.1243287037037037,0.16523148148148148,3
pooled,reversed,high_out_strength,srinivasiyc,60219,109219,129604,0,1970-01-20T06:43:12+00:00,185,168,0.9081081081081082,0.0918918918918919,4.6296296296296294e-05,0.07550347222222223,0.16508101851851853,3
pooled,reversed,high_out_strength,priyankac19,60219,109219,129604,0,1970-01-20T06:43:12+00:00,713,543,0.761570827489481,0.23842917251051893,0.00037037037037037035,0.08913194444444444,0.16546296296296295,5
pooled,reversed,high_out_strength,jpnadda,60219,109219,129604,0,1970-01-20T06:43:12+00:00,710,263,0.3704225352112676,0.6295774647887324,0.0012731481481481483,0.10234953703703703,0.1653587962962963,3
pooled,reversed,high_out_strength,narendramodi_in,60219,109219,129604,0,1970-01-20T06:43:12+00:00,324,161,0.49691358024691357,0.5030864197530864,0.0005555555555555556,0.08307870370370371,0.1643287037037037,4
pooled,reversed,high_out_strength,sagarikaghose,60219,109219,129604,0,1970-01-20T06:43:12+00:00,297,208,0.7003367003367004,0.2996632996632997,0.0016898148148148148,0.10157407407407407,0.1655787037037037,4
pooled,reversed,high_out_strength,cnnnews18,60219,109219,129604,0,1970-01-20T06:43:12+00:00,450,226,0.5022222222222222,0.49777777777777776,0.0004398148148148148,0.07226273148148149,0.16530092592592593,5
pooled,reversed,high_out_strength,sbabones,60219,109219,129604,0,1970-01-20T06:43:12+00:00,1188,485,0.40824915824915825,0.5917508417508418,0.001574074074074074,0.12449074074074074,0.16530092592592593,6
pooled,reversed,high_out_strength,ktrtrs,60219,109219,129604,0,1970-01-20T06:43:12+00:00,164,157,0.9573170731707317,0.042682926829268296,0.0013310185185185185,0.049039351851851855,0.16118055555555555,3
pooled,reversed,high_out_strength,mayawati,60219,109219,129604,0,1970-01-20T06:43:12+00:00,326,150,0.4601226993865031,0.5398773006134969,0.001574074074074074,0.09143518518518519,0.1642361111111111,4
pooled,reversed,high_out_strength,abpnewstv,60219,109219,129604,0,1970-01-20T06:43:12+00:00,145,140,0.9655172413793104,0.034482758620689655,0.0011111111111111111,0.0734548611111111,0.1648726851851852,3
pooled,reversed,high_out_strength,indianexpress,60219,109219,129604,0,1970-01-20T06:43:12+00:00,374,195,0.5213903743315508,0.4786096256684492,0.0017592592592592592,0.08127314814814815,0.1637037037037037,4
pooled,reversed,high_out_strength,rsprasad,60219,109219,129604,0,1970-01-20T06:43:12+00:00,721,491,0.680998613037448,0.31900138696255204,0.0006712962962962962,0.09196759259259259,0.16545138888888888,5
pooled,reversed,high_out_strength,shehzad_ind,60219,109219,129604,0,1970-01-20T06:43:12+00:00,1315,555,0.4220532319391635,0.5779467680608364,0.0021064814814814813,0.10644675925925925,0.16554398148148147,4
pooled,reversed,high_out_strength,hmoindia,60219,109219,129604,0,1970-01-20T06:43:12+00:00,1012,149,0.14723320158102768,0.8527667984189723,0.0007523148148148148,0.05837962962962963,0.16430555555555557,3
pooled,reversed,high_out_strength,iamsanjusamson,60219,109219,129604,0,1970-01-20T06:43:12+00:00,139,135,0.9712230215827338,0.02877697841726619,0.026504629629629628,0.04630787037037037,0.16234953703703703,2
pooled,reversed,high_out_strength,msisodia,60219,109219,129604,0,1970-01-20T06:43:12+00:00,505,185,0.36633663366336633,0.6336633663366337,0.001400462962962963,0.13420138888888888,0.1655787037037037,3
pooled,reversed,high_out_strength,shekhargupta,60219,109219,129604,0,1970-01-20T06:43:12+00:00,713,291,0.40813464235624125,0.5918653576437588,0.0014351851851851852,0.1025462962962963,0.16543981481481482,6
pooled,reversed,high_out_strength,jayshah,60219,109219,129604,0,1970-01-20T06:43:12+00:00,132,130,0.9848484848484849,0.015151515151515152,0.003321759259259259,0.048900462962962965,0.1592361111111111,2
pooled,reversed,high_out_strength,rashtrapatibhvn,60219,109219,129604,0,1970-01-20T06:43:12+00:00,122,116,0.9508196721311475,0.04918032786885246,0.0051736111111111115,0.07846064814814815,0.1637384259259259,3
pooled,reversed,high_out_strength,aitcofficial,60219,109219,129604,0,1970-01-20T06:43:12+00:00,413,178,0.43099273607748184,0.5690072639225182,0.00015046296296296297,0.08279513888888888,0.16461805555555556,3
pooled,reversed,high_out_strength,mkstalin,60219,109219,129604,0,1970-01-20T06:43:12+00:00,295,176,0.5966101694915255,0.4033898305084746,0.0002546296296296296,0.11766782407407407,0.16555555555555557,3
pooled,reversed,high_out_strength,shefvaidya,60219,109219,129604,0,1970-01-20T06:43:12+00:00,319,142,0.445141065830721,0.554858934169279,1.1574074074074073e-05,0.09809606481481481,0.16539351851851852,3
pooled,reversed,high_out_strength,drsjaishankar,60219,109219,129604,0,1970-01-20T06:43:12+00:00,1157,698,0.6032843560933449,0.39671564390665515,0.0011342592592592593,0.11782407407407408,0.16559027777777777,5
pooled,reversed,high_out_strength,bsybjp,60219,109219,129604,0,1970-01-20T06:43:12+00:00,174,138,0.7931034482758621,0.20689655172413793,0.0011689814814814816,0.09470486111111112,0.1647337962962963,3
pooled,reversed,high_out_strength,rahulkanwal,60219,109219,129604,0,1970-01-20T06:43:12+00:00,1001,642,0.6413586413586414,0.35864135864135865,0.003738425925925926,0.10072916666666668,0.16554398148148147,5
pooled,reversed,high_out_strength,aranganathan72,60219,109219,129604,0,1970-01-20T06:43:12+00:00,314,209,0.6656050955414012,0.3343949044585987,0.0025694444444444445,0.11981481481481482,0.16555555555555557,3
pooled,reversed,high_out_strength,pchidambaram_in,60219,109219,129604,0,1970-01-20T06:43:12+00:00,326,148,0.4539877300613497,0.5460122699386503,0.00125,0.060474537037037035,0.16563657407407406,4
pooled,reversed,high_out_strength,lambaalka,60219,109219,129604,0,1970-01-20T06:43:12+00:00,302,143,0.4735099337748344,0.5264900662251656,0.0021759259259259258,0.07121527777777778,0.16469907407407408,3
pooled,reversed,high_out_strength,pti_news,60219,109219,129604,0,1970-01-20T06:43:12+00:00,242,204,0.8429752066115702,0.15702479338842976,0.0011342592592592593,0.09083912037037037,0.16555555555555557,4
pooled,reversed,high_out_strength,news24tvchannel,60219,109219,129604,0,1970-01-20T06:43:12+00:00,498,120,0.24096385542168675,0.7590361445783133,0.004849537037037037,0.10059606481481481,0.1650925925925926,2
pooled,reversed,high_out_strength,bjp4delhi,60219,109219,129604,0,1970-01-20T06:43:12+00:00,144,129,0.8958333333333334,0.10416666666666667,0.004456018518518519,0.07523148148148148,0.16443287037037038,2
pooled,reversed,high_out_strength,dhruv_rathee,60219,109219,129604,0,1970-01-20T06:43:12+00:00,292,132,0.4520547945205479,0.547945205479452,0.0012962962962962963,0.0711863425925926,0.16386574074074073,4
pooled,reversed,high_out_strength,amitshahoffice,60219,109219,129604,0,1970-01-20T06:43:12+00:00,145,128,0.8827586206896552,0.11724137931034483,0.0004166666666666667,0.06174189814814815,0.16467592592592592,3
pooled,reversed,high_out_strength,raokavitha,60219,109219,129604,0,1970-01-20T06:43:12+00:00,135,124,0.9185185185185185,0.08148148148148149,0.0016898148148148148,0.14958333333333335,0.16439814814814815,2
pooled,reversed,high_out_strength,sudhirchaudhary,60219,109219,129604,0,1970-01-20T06:43:12+00:00,135,128,0.9481481481481482,0.05185185185185185,0.001736111111111111,0.0940162037037037,0.1654050925925926,2
pooled,reversed,high_out_strength,indiatvnews,60219,109219,129604,0,1970-01-20T06:43:12+00:00,147,135,0.9183673469387755,0.08163265306122448,0.002349537037037037,0.08712962962962963,0.16523148148148148,3
pooled,reversed,high_out_strength,kirenrijiju,60219,109219,129604,0,1970-01-20T06:43:12+00:00,440,174,0.39545454545454545,0.6045454545454545,0.0005555555555555556,0.1288599537037037,0.16555555555555557,3
pooled,reversed,high_out_strength,puram_politics,60219,109219,129604,0,1970-01-20T06:43:12+00:00,282,159,0.5638297872340425,0.43617021276595747,0.0024074074074074076,0.1411689814814815,0.16519675925925925,4
pooled,reversed,high_out_strength,bjplive,60219,109219,129604,0,1970-01-20T06:43:12+00:00,108,103,0.9537037037037037,0.046296296296296294,0.002337962962962963,0.09467592592592593,0.16530092592592593,2
pooled,reversed,high_out_strength,zoo_bear,60219,109219,129604,0,1970-01-20T06:43:12+00:00,289,134,0.46366782006920415,0.5363321799307958,0.0006828703703703704,0.09825810185185185,0.16444444444444445,3
pooled,reversed,high_out_strength,pawankalyan,60219,109219,129604,0,1970-01-20T06:43:12+00:00,108,104,0.9629629629629629,0.037037037037037035,0.0014814814814814814,0.0789988425925926,0.1633564814814815,2
pooled,reversed,high_out_strength,bainjal,60219,109219,129604,0,1970-01-20T06:43:12+00:00,466,161,0.34549356223175964,0.6545064377682404,0.0006712962962962962,0.09844907407407408,0.16555555555555557,4
pooled,reversed,high_out_strength,imro45,60219,109219,129604,0,1970-01-20T06:43:12+00:00,114,109,0.956140350877193,0.043859649122807015,0.004629629629629629,0.05364583333333333,0.1641550925925926,2
pooled,reversed,high_out_strength,adgpi,60219,109219,129604,0,1970-01-20T06:43:12+00:00,279,117,0.41935483870967744,0.5806451612903226,0.004039351851851852,0.0802662037037037,0.1637037037037037,4
pooled,reversed,high_out_strength,divyaspandana,60219,109219,129604,0,1970-01-20T06:43:12+00:00,317,159,0.501577287066246,0.49842271293375395,0.003263888888888889,0.08988425925925926,0.16523148148148148,4
pooled,reversed,high_out_strength,imvkohli,60219,109219,129604,0,1970-01-20T06:43:12+00:00,314,217,0.6910828025477707,0.3089171974522293,0.002777777777777778,0.08859953703703703,0.16555555555555557,4
pooled,reversed,high_out_strength,the_hindu,60219,109219,129604,0,1970-01-20T06:43:12+00:00,118,103,0.8728813559322034,0.1271186440677966,0.0007986111111111112,0.06813657407407407,0.16461805555555556,3
pooled,reversed,high_out_strength,mrsgandhi,60219,109219,129604,0,1970-01-20T06:43:12+00:00,133,124,0.9323308270676691,0.06766917293233082,0.005636574074074074,0.07298611111111111,0.16447916666666668,3
pooled,reversed,high_out_strength,gautamgambhir,60219,109219,129604,0,1970-01-20T06:43:12+00:00,128,125,0.9765625,0.0234375,0.0005902777777777778,0.0615625,0.16409722222222223,4
pooled,reversed,high_out_strength,rssurjewala,60219,109219,129604,0,1970-01-20T06:43:12+00:00,974,473,0.4856262833675565,0.5143737166324436,0.0004166666666666667,0.10292824074074074,0.16559027777777777,5
pooled,reversed,high_out_strength,kapilmishra_ind,60219,109219,129604,0,1970-01-20T06:43:12+00:00,135,123,0.9111111111111111,0.08888888888888889,0.0009837962962962962,0.08123842592592592,0.16530092592592593,4
pooled,reversed,high_out_strength,ravishndtv,60219,109219,129604,0,1970-01-20T06:43:12+00:00,253,99,0.391304347826087,0.6086956521739131,0.0009143518518518518,0.0843287037037037,0.16390046296296296,3
pooled,reversed,high_out_strength,ikamalhaasan,60219,109219,129604,0,1970-01-20T06:43:12+00:00,6194,2597,0.41927671940587663,0.5807232805941234,1.1574074074074073e-05,0.13405092592592593,0.16564814814814816,5
pooled,reversed,high_out_strength,sanjayazadsln,60219,109219,129604,0,1970-01-20T06:43:12+00:00,285,125,0.43859649122807015,0.5614035087719298,0.002372685185185185,0.1335763888888889,0.16555555555555557,3
pooled,reversed,high_out_strength,epstamilnadu,60219,109219,129604,0,1970-01-20T06:43:12+00:00,14,14,1.0,0.0,0.00045138888888888887,0.06078703703703704,0.1473611111111111,2
pooled,reversed,high_out_strength,bjp4bengal,60219,109219,129604,0,1970-01-20T06:43:12+00:00,146,105,0.7191780821917808,0.2808219178082192,0.0007523148148148148,0.08756944444444445,0.16462962962962963,3
pooled,reversed,high_out_strength,mufaddal_vohra,60219,109219,129604,0,1970-01-20T06:43:12+00:00,107,106,0.9906542056074766,0.009345794392523364,0.0033564814814814816,0.06818865740740741,0.165625,2
pooled,reversed,high_out_strength,youtube,60219,109219,129604,0,1970-01-20T06:43:12+00:00,487,212,0.4353182751540041,0.5646817248459959,0.0038425925925925928,0.12879050925925925,0.1652199074074074,4
pooled,reversed,high_out_strength,sumanthraman,60219,109219,129604,0,1970-01-20T06:43:12+00:00,88,77,0.875,0.125,0.002395833333333333,0.10158564814814815,0.16525462962962964,2
pooled,reversed,high_out_strength,meghupdates,60219,109219,129604,0,1970-01-20T06:43:12+00:00,380,106,0.2789473684210526,0.7210526315789474,0.09040509259259259,0.13496527777777778,0.16524305555555555,2
pooled,reversed,high_out_strength,nytimes,60219,109219,129604,0,1970-01-20T06:43:12+00:00,468,130,0.2777777777777778,0.7222222222222222,0.006145833333333333,0.13641203703703703,0.16563657407407406,4
pooled,reversed,high_out_strength,rohini_sgh,60219,109219,129604,0,1970-01-20T06:43:12+00:00,478,104,0.2175732217573222,0.7824267782426778,0.0014814814814814814,0.04384259259259259,0.1613425925925926,3
pooled,reversed,high_out_strength,himantabiswa,60219,109219,129604,0,1970-01-20T06:43:12+00:00,106,95,0.8962264150943396,0.10377358490566038,0.006446759259259259,0.09972222222222223,0.16555555555555557,2
pooled,reversed,high_out_strength,nitishkumar,60219,109219,129604,0,1970-01-20T06:43:12+00:00,467,113,0.24197002141327623,0.7580299785867237,0.0013773148148148147,0.09037037037037036,0.16302083333333334,4
pooled,reversed,high_out_strength,imjadeja,60219,109219,129604,0,1970-01-20T06:43:12+00:00,101,100,0.9900990099009901,0.009900990099009901,0.023460648148148147,0.04580439814814814,0.15739583333333335,3
pooled,reversed,high_out_strength,raghav_chadha,60219,109219,129604,0,1970-01-20T06:43:12+00:00,325,147,0.4523076923076923,0.5476923076923077,0.007430555555555556,0.0667013888888889,0.16447916666666668,4
pooled,reversed,high_out_strength,bhogleharsha,60219,109219,129604,0,1970-01-20T06:43:12+00:00,90,87,0.9666666666666667,0.03333333333333333,0.003449074074074074,0.05358796296296296,0.16409722222222223,3
pooled,reversed,high_out_strength,klrahul,60219,109219,129604,0,1970-01-20T06:43:12+00:00,87,85,0.9770114942528736,0.022988505747126436,0.001261574074074074,0.06917824074074073,0.1587037037037037,2
pooled,reversed,high_out_strength,rokhanna,60219,109219,129604,0,1970-01-20T06:43:12+00:00,129,105,0.813953488372093,0.18604651162790697,0.026493055555555554,0.16243055555555555,0.1654861111111111,2
pooled,reversed,high_out_strength,vikrantgupta73,60219,109219,129604,0,1970-01-20T06:43:12+00:00,97,93,0.9587628865979382,0.041237113402061855,0.0033564814814814816,0.04908564814814815,0.16554398148148147,2
pooled,reversed,high_out_strength,iaf_mcc,60219,109219,129604,0,1970-01-20T06:43:12+00:00,256,92,0.359375,0.640625,0.004039351851851852,0.08710069444444445,0.16542824074074075,3
pooled,reversed,high_out_strength,yadavtejashwi,60219,109219,129604,0,1970-01-20T06:43:12+00:00,265,102,0.3849056603773585,0.6150943396226415,0.0007175925925925926,0.08539351851851851,0.16145833333333334,3
pooled,reversed,high_out_strength,drshamamohd,60219,109219,129604,0,1970-01-20T06:43:12+00:00,254,102,0.4015748031496063,0.5984251968503937,0.0027314814814814814,0.06131365740740741,0.16530092592592593,4
pooled,reversed,high_out_strength,ianuragthakur,60219,109219,129604,0,1970-01-20T06:43:12+00:00,290,116,0.4,0.6,0.0012268518518518518,0.08307291666666666,0.1642361111111111,4
pooled,reversed,high_out_strength,thewire_in,60219,109219,129604,0,1970-01-20T06:43:12+00:00,689,150,0.21770682148040638,0.7822931785195936,0.000625,0.09951388888888889,0.16497685185185185,4
pooled,reversed,high_out_strength,tvmohandaspai,60219,109219,129604,0,1970-01-20T06:43:12+00:00,221,114,0.5158371040723982,0.4841628959276018,0.00037037037037037035,0.13285300925925925,0.16555555555555557,3
pooled,reversed,high_out_strength,ysjagan,60219,109219,129604,0,1970-01-20T06:43:12+00:00,254,89,0.35039370078740156,0.6496062992125984,0.0011458333333333333,0.08935185185185185,0.16444444444444445,4
pooled,reversed,high_out_strength,zeenewshindi,60219,109219,129604,0,1970-01-20T06:43:12+00:00,78,78,1.0,0.0,0.0028819444444444444,0.0732986111111111,0.1595023148148148,3
pooled,reversed,high_out_strength,kapilsibal,60219,109219,129604,0,1970-01-20T06:43:12+00:00,266,97,0.36466165413533835,0.6353383458646616,0.0016898148148148148,0.11623842592592593,0.16560185185185186,4
pooled,reversed,high_out_strength,nidhi,60219,109219,129604,0,1970-01-20T06:43:12+00:00,101,89,0.8811881188118812,0.1188118811881188,0.0006712962962962962,0.09655092592592593,0.1622800925925926,3
pooled,reversed,high_out_strength,pawarspeaks,60219,109219,129604,0,1970-01-20T06:43:12+00:00,3974,114,0.02868646200301963,0.9713135379969804,0.001574074074074074,0.10577546296296297,0.16530092592592593,3
pooled,reversed,high_out_strength,bjp4tamilnadu,60219,109219,129604,0,1970-01-20T06:43:12+00:00,286,91,0.3181818181818182,0.6818181818181818,0.0004398148148148148,0.09877314814814815,0.1651388888888889,4
pooled,reversed,high_out_strength,twitter,60219,109219,129604,0,1970-01-20T06:43:12+00:00,164,123,0.75,0.25,0.003148148148148148,0.08729166666666667,0.16563657407407406,4
pooled,reversed,high_out_strength,inckarnataka,60219,109219,129604,0,1970-01-20T06:43:12+00:00,463,84,0.18142548596112312,0.8185745140388769,0.0024305555555555556,0.0870775462962963,0.1646412037037037,3
pooled,reversed,high_out_strength,atishiaap,60219,109219,129604,0,1970-01-20T06:43:12+00:00,206,98,0.47572815533980584,0.5242718446601942,0.001875,0.046296296296296294,0.16409722222222223,4
pooled,reversed,high_out_strength,ktrbrs,60219,109219,129604,0,1970-01-20T06:43:12+00:00,83,80,0.963855421686747,0.03614457831325301,0.10322916666666666,0.14186921296296295,0.16520833333333335,2
pooled,reversed,high_out_strength,majorpoonia,60219,109219,129604,0,1970-01-20T06:43:12+00:00,210,136,0.6476190476190476,0.3523809523809524,0.0002777777777777778,0.09178819444444444,0.16555555555555557,3
pooled,reversed,high_out_strength,asadowaisi,60219,109219,129604,0,1970-01-20T06:43:12+00:00,216,89,0.41203703703703703,0.5879629629629629,0.0008333333333333334,0.08427083333333334,0.16555555555555557,3
pooled,reversed,high_out_strength,bjp4up,60219,109219,129604,0,1970-01-20T06:43:12+00:00,81,76,0.9382716049382716,0.06172839506172839,0.0030208333333333333,0.0794212962962963,0.16443287037037038,2
pooled,reversed,high_out_strength,kunalkamra88,60219,109219,129604,0,1970-01-20T06:43:12+00:00,78,78,1.0,0.0,0.0025694444444444445,0.08398726851851851,0.16451388888888888,2
pooled,reversed,high_out_strength,iyc,60219,109219,129604,0,1970-01-20T06:43:12+00:00,74,69,0.9324324324324325,0.06756756756756757,0.0006597222222222222,0.07315972222222222,0.16530092592592593,2
pooled,reversed,high_out_strength,richachadha,60219,109219,129604,0,1970-01-20T06:43:12+00:00,126,104,0.8253968253968254,0.1746031746031746,0.040185185185185185,0.04200231481481481,0.1654861111111111,2
pooled,reversed,high_out_strength,kanhaiyakumar,60219,109219,129604,0,1970-01-20T06:43:12+00:00,238,86,0.36134453781512604,0.6386554621848739,0.003587962962962963,0.0779050925925926,0.1637037037037037,4
pooled,reversed,high_out_strength,mehboobamufti,60219,109219,129604,0,1970-01-20T06:43:12+00:00,93,81,0.8709677419354839,0.12903225806451613,0.00020833333333333335,0.08616898148148149,0.16425925925925927,3
pooled,reversed,high_out_strength,omarabdullah,60219,109219,129604,0,1970-01-20T06:43:12+00:00,94,83,0.8829787234042553,0.11702127659574468,0.003414351851851852,0.08078703703703703,0.1598263888888889,3
pooled,reversed,high_out_strength,anupampkher,60219,109219,129604,0,1970-01-20T06:43:12+00:00,71,68,0.9577464788732394,0.04225352112676056,0.008055555555555555,0.0512962962962963,0.1605787037037037,2
pooled,reversed,high_out_strength,sherryontopp,60219,109219,129604,0,1970-01-20T06:43:12+00:00,110,79,0.7181818181818181,0.2818181818181818,0.00016203703703703703,0.07892361111111111,0.15752314814814813,2
pooled,reversed,high_out_strength,ysathishreddy,60219,109219,129604,0,1970-01-20T06:43:12+00:00,83,81,0.9759036144578314,0.024096385542168676,0.002638888888888889,0.06555555555555556,0.16283564814814816,2
pooled,reversed,high_out_strength,bjp4maharashtra,60219,109219,129604,0,1970-01-20T06:43:12+00:00,86,72,0.8372093023255814,0.16279069767441862,0.004988425925925926,0.07659143518518519,0.1642361111111111,1
pooled,reversed,high_out_strength,majorgauravarya,60219,109219,129604,0,1970-01-20T06:43:12+00:00,368,145,0.39402173913043476,0.6059782608695652,0.0006597222222222222,0.11627314814814815,0.1652199074074074,4
pooled,reversed,high_out_strength,rubikaliyaquat,60219,109219,129604,0,1970-01-20T06:43:12+00:00,107,97,0.9065420560747663,0.09345794392523364,0.0021412037037037038,0.09430555555555556,0.16527777777777777,3
pooled,reversed,high_out_strength,sampitroda,60219,109219,129604,0,1970-01-20T06:43:12+00:00,138,91,0.6594202898550725,0.34057971014492755,0.006585648148148148,0.12331018518518519,0.16497685185185185,3
pooled,reversed,high_out_strength,shatrugansinha,60219,109219,129604,0,1970-01-20T06:43:12+00:00,255,81,0.3176470588235294,0.6823529411764706,0.005960648148148148,0.09988425925925926,0.16549768518518518,2
pooled,reversed,high_out_strength,bbcworld,60219,109219,129604,0,1970-01-20T06:43:12+00:00,72,69,0.9583333333333334,0.041666666666666664,0.005150462962962963,0.10429398148148149,0.16493055555555555,2
pooled,reversed,high_out_strength,bharatjodo,60219,109219,129604,0,1970-01-20T06:43:12+00:00,81,78,0.9629629629629629,0.037037037037037035,0.001400462962962963,0.049751157407407404,0.16377314814814814,3
pooled,reversed,high_out_strength,hd_kumaraswamy,60219,109219,129604,0,1970-01-20T06:43:12+00:00,161,109,0.6770186335403726,0.32298136645962733,0.00045138888888888887,0.09060185185185185,0.16510416666666666,4
pooled,reversed,high_out_strength,bhagwantmann,60219,109219,129604,0,1970-01-20T06:43:12+00:00,1062,322,0.3032015065913371,0.696798493408663,0.0011805555555555556,0.14145254629629628,0.165625,4
pooled,reversed,high_out_strength,martina,60219,109219,129604,0,1970-01-20T06:43:12+00:00,138,112,0.8115942028985508,0.18840579710144928,0.0006481481481481481,0.004079861111111111,0.16502314814814814,3
pooled,reversed,high_out_strength,rajatsharmalive,60219,109219,129604,0,1970-01-20T06:43:12+00:00,130,109,0.8384615384615385,0.16153846153846155,0.0030902777777777777,0.09686342592592592,0.16523148148148148,3
pooled,reversed,high_out_strength,vivekoberoi,60219,109219,129604,0,1970-01-20T06:43:12+00:00,76,71,0.9342105263157895,0.06578947368421052,1.1574074074074073e-05,0.07777777777777778,0.1612962962962963,2
pooled,reversed,high_out_strength,bjp4gujarat,60219,109219,129604,0,1970-01-20T06:43:12+00:00,78,74,0.9487179487179487,0.05128205128205128,0.005092592592592593,0.05524884259259259,0.16443287037037038,2
pooled,reversed,high_out_strength,blsanthosh,60219,109219,129604,0,1970-01-20T06:43:12+00:00,78,71,0.9102564102564102,0.08974358974358974,0.002673611111111111,0.05637731481481482,0.16344907407407408,4
pooled,reversed,high_out_strength,criccrazyjohns,60219,109219,129604,0,1970-01-20T06:43:12+00:00,74,71,0.9594594594594594,0.04054054054054054,0.0033449074074074076,0.07320601851851852,0.16549768518518518,2
pooled,reversed,high_out_strength,digvijaya_28,60219,109219,129604,0,1970-01-20T06:43:12+00:00,236,74,0.3135593220338983,0.6864406779661016,0.0011574074074074073,0.09372685185185185,0.16471064814814815,3
pooled,reversed,high_out_strength,anjanaomkashyap,60219,109219,129604,0,1970-01-20T06:43:12+00:00,72,71,0.9861111111111112,0.013888888888888888,0.0012962962962962963,0.05638888888888889,0.16233796296296296,3
pooled,reversed,high_out_strength,icc,60219,109219,129604,0,1970-01-20T06:43:12+00:00,299,118,0.39464882943143814,0.6053511705685619,0.0033796296296296296,0.05247106481481481,0.1637037037037037,3
pooled,reversed,high_out_strength,prakashjavdekar,60219,109219,129604,0,1970-01-20T06:43:12+00:00,67,62,0.9253731343283582,0.07462686567164178,0.0007523148148148148,0.07984375,0.16217592592592592,1
pooled,reversed,high_out_strength,t_d_h_nair,60219,109219,129604,0,1970-01-20T06:43:12+00:00,233,60,0.2575107296137339,0.7424892703862661,0.0014583333333333334,0.1412789351851852,0.16554398148148147,3
pooled,reversed,high_out_strength,askanshul,60219,109219,129604,0,1970-01-20T06:43:12+00:00,74,72,0.972972972972973,0.02702702702702703,0.0002777777777777778,0.05138888888888889,0.1646412037037037,2
pooled,reversed,high_out_strength,bbchindi,60219,109219,129604,0,1970-01-20T06:43:12+00:00,136,80,0.5882352941176471,0.4117647058823529,0.0022453703703703702,0.10267361111111112,0.1647337962962963,4
pooled,reversed,high_out_strength,deccanherald,60219,109219,129604,0,1970-01-20T06:43:12+00:00,26,26,1.0,0.0,0.003159722222222222,0.05769097222222222,0.15626157407407407,2
pooled,reversed,high_out_strength,enraged_indian,60219,109219,129604,0,1970-01-20T06:43:12+00:00,105,82,0.780952380952381,0.21904761904761905,0.0011458333333333333,0.12638310185185186,0.16555555555555557,3
pooled,reversed,high_out_strength,opindia_com,60219,109219,129604,0,1970-01-20T06:43:12+00:00,83,74,0.891566265060241,0.10843373493975904,0.0010648148148148149,0.09443287037037038,0.16258101851851853,2
pooled,reversed,high_out_strength,economictimes,60219,109219,129604,0,1970-01-20T06:43:12+00:00,63,59,0.9365079365079365,0.06349206349206349,0.001238425925925926,0.07615740740740741,0.1632986111111111,2
pooled,reversed,high_out_strength,rvcj_fb,60219,109219,129604,0,1970-01-20T06:43:12+00:00,70,70,1.0,0.0,0.000625,0.07493634259259259,0.16520833333333335,2
pooled,reversed,high_out_strength,abhishekaitc,60219,109219,129604,0,1970-01-20T06:43:12+00:00,75,67,0.8933333333333333,0.10666666666666667,0.0032291666666666666,0.11331018518518518,0.1612962962962963,2
pooled,reversed,high_out_strength,drgpradhan,60219,109219,129604,0,1970-01-20T06:43:12+00:00,78,71,0.9102564102564102,0.08974358974358974,0.0002777777777777778,0.07277777777777777,0.15915509259259258,3
pooled,reversed,high_out_strength,kailashonline,60219,109219,129604,0,1970-01-20T06:43:12+00:00,132,85,0.6439393939393939,0.3560606060606061,0.0033333333333333335,0.09646990740740741,0.1626388888888889,3
pooled,reversed,high_out_strength,shivsena,60219,109219,129604,0,1970-01-20T06:43:12+00:00,104,74,0.7115384615384616,0.28846153846153844,0.00028935185185185184,0.07929976851851853,0.1633101851851852,3
pooled,reversed,high_out_strength,smitaprakash,60219,109219,129604,0,1970-01-20T06:43:12+00:00,274,94,0.34306569343065696,0.656934306569343,0.001863425925925926,0.0954224537037037,0.16472222222222221,4
pooled,reversed,high_out_strength,mastercardindia,60219,109219,129604,0,1970-01-20T06:43:12+00:00,60,60,1.0,0.0,0.04513888888888889,0.09552662037037038,0.15957175925925926,1
pooled,reversed,high_out_strength,pandajay,60219,109219,129604,0,1970-01-20T06:43:12+00:00,74,62,0.8378378378378378,0.16216216216216217,0.001712962962962963,0.07483796296296297,0.16380787037037037,2
pooled,reversed,high_out_strength,rshivshankar,60219,109219,129604,0,1970-01-20T06:43:12+00:00,577,344,0.5961871750433275,0.4038128249566724,0.0017013888888888888,0.09638310185185185,0.1654050925925926,5
pooled,reversed,high_out_strength,waglenikhil,60219,109219,129604,0,1970-01-20T06:43:12+00:00,72,72,1.0,0.0,0.00619212962962963,0.053015046296296296,0.16145833333333334,3
pooled,reversed,high_out_strength,spokespersoneci,60219,109219,129604,0,1970-01-20T06:43:12+00:00,229,68,0.29694323144104806,0.7030567685589519,0.0013310185185185185,0.08491319444444445,0.16539351851851852,3
pooled,reversed,high_out_strength,tarekfatah,60219,109219,129604,0,1970-01-20T06:43:12+00:00,69,65,0.9420289855072463,0.057971014492753624,0.006296296296296296,0.08453703703703704,0.16025462962962964,2
pooled,reversed,high_out_strength,theprintindia,60219,109219,129604,0,1970-01-20T06:43:12+00:00,614,155,0.252442996742671,0.747557003257329,0.0005439814814814814,0.1404050925925926,0.16543981481481482,5
pooled,reversed,high_out_strength,iamsrk,60219,109219,129604,0,1970-01-20T06:43:12+00:00,294,159,0.5408163265306123,0.45918367346938777,0.0024652777777777776,0.10512731481481481,0.16555555555555557,4
pooled,reversed,high_out_strength,reallyswara,60219,109219,129604,0,1970-01-20T06:43:12+00:00,222,71,0.31981981981981983,0.6801801801801802,0.0076851851851851855,0.07891203703703703,0.1637037037037037,4
pooled,reversed,high_out_strength,_faridkhan,60219,109219,129604,0,1970-01-20T06:43:12+00:00,69,66,0.9565217391304348,0.043478260869565216,0.003472222222222222,0.09232638888888889,0.16421296296296295,2
pooled,reversed,high_out_strength,ctravi_bjp,60219,109219,129604,0,1970-01-20T06:43:12+00:00,58,53,0.9137931034482759,0.08620689655172414,0.002673611111111111,0.0715162037037037,0.1633101851851852,2
pooled,reversed,high_out_strength,newindianxpress,60219,109219,129604,0,1970-01-20T06:43:12+00:00,201,35,0.17412935323383086,0.8258706467661692,0.004398148148148148,0.0831712962962963,0.1651388888888889,5
pooled,reversed,high_out_strength,shoaibdaniyal,60219,109219,129604,0,1970-01-20T06:43:12+00:00,64,37,0.578125,0.421875,0.0021875,0.10234953703703703,0.16140046296296295,4
pooled,reversed,high_out_strength,bjym,60219,109219,129604,0,1970-01-20T06:43:12+00:00,63,58,0.9206349206349206,0.07936507936507936,0.004456018518518519,0.08159143518518519,0.164375,2
pooled,reversed,high_out_strength,sanjayuvacha,60219,109219,129604,0,1970-01-20T06:43:12+00:00,232,48,0.20689655172413793,0.7931034482758621,0.0004166666666666667,0.08967592592592592,0.16528935185185184,3
pooled,reversed,high_out_strength,derekobrienmp,60219,109219,129604,0,1970-01-20T06:43:12+00:00,420,73,0.1738095238095238,0.8261904761904761,0.003414351851851852,0.11956018518518519,0.16461805555555556,3
pooled,reversed,high_out_strength,iyervval,60219,109219,129604,0,1970-01-20T06:43:12+00:00,80,63,0.7875,0.2125,0.005706018518518518,0.14755787037037038,0.16539351851851852,2
pooled,reversed,high_out_strength,sitaramyechury,60219,109219,129604,0,1970-01-20T06:43:12+00:00,238,60,0.25210084033613445,0.7478991596638656,0.0012152777777777778,0.09177662037037038,0.1621875,3
pooled,reversed,high_out_strength,ashokgehlot51,60219,109219,129604,0,1970-01-20T06:43:12+00:00,101,57,0.5643564356435643,0.43564356435643564,0.0026967592592592594,0.08957175925925925,0.16559027777777777,2
pooled,reversed,high_out_strength,bhavikakapoor5,60219,109219,129604,0,1970-01-20T06:43:12+00:00,230,73,0.3173913043478261,0.6826086956521739,0.006273148148148148,0.14038194444444443,0.16416666666666666,4
pooled,reversed,high_out_strength,rammadhavbjp,60219,109219,129604,0,1970-01-20T06:43:12+00:00,195,77,0.39487179487179486,0.6051282051282051,0.0007523148148148148,0.1032175925925926,0.1630324074074074,3
pooled,reversed,high_out_strength,navikakumar,60219,109219,129604,0,1970-01-20T06:43:12+00:00,579,302,0.5215889464594128,0.4784110535405872,0.002673611111111111,0.10976851851851852,0.1646875,5
pooled,reversed,high_out_strength,potus,60219,109219,129604,0,1970-01-20T06:43:12+00:00,216,64,0.2962962962962963,0.7037037037037037,0.0006597222222222222,0.10976273148148148,0.16563657407407406,3
pooled,reversed,high_out_strength,tavleen_singh,60219,109219,129604,0,1970-01-20T06:43:12+00:00,463,133,0.28725701943844495,0.712742980561555,0.005416666666666667,0.1203587962962963,0.16555555555555557,4
pooled,reversed,high_out_strength,abhisar_sharma,60219,109219,129604,0,1970-01-20T06:43:12+00:00,58,57,0.9827586206896551,0.017241379310344827,0.0009143518518518518,0.08805555555555555,0.1643287037037037,2
pooled,reversed,high_out_strength,ajitdatta,60219,109219,129604,0,1970-01-20T06:43:12+00:00,105,87,0.8285714285714286,0.17142857142857143,0.0015972222222222223,0.02869212962962963,0.1643287037037037,3
pooled,reversed,high_out_strength,arfasays_,60219,109219,129604,0,1970-01-20T06:43:12+00:00,58,58,1.0,0.0,0.0033796296296296296,0.01876736111111111,0.15159722222222222,2
pooled,reversed,high_out_strength,arivalayam,60219,109219,129604,0,1970-01-20T06:43:12+00:00,380,90,0.23684210526315788,0.7631578947368421,0.00028935185185185184,0.12626157407407407,0.16539351851851852,3
pooled,reversed,high_out_strength,khanumarfa,60219,109219,129604,0,1970-01-20T06:43:12+00:00,74,66,0.8918918918918919,0.10810810810810811,0.009814814814814814,0.05185185185185186,0.16445601851851852,3
pooled,reversed,high_out_strength,siddaramaiah,60219,109219,129604,0,1970-01-20T06:43:12+00:00,505,97,0.19207920792079208,0.807920792079208,0.0007523148148148148,0.10681712962962962,0.1633101851851852,3
pooled,reversed,high_out_strength,sirpareshrawal,60219,109219,129604,0,1970-01-20T06:43:12+00:00,59,57,0.9661016949152542,0.03389830508474576,0.0002777777777777778,0.05258101851851852,0.16164351851851852,2
pooled,reversed,high_out_strength,aiadmkofficial,60219,109219,129604,0,1970-01-20T06:43:12+00:00,26,26,1.0,0.0,0.0006481481481481481,0.08684027777777778,0.1635648148148148,2
pooled,reversed,high_out_strength,ashutosh83b,60219,109219,129604,0,1970-01-20T06:43:12+00:00,81,64,0.7901234567901234,0.20987654320987653,0.002650462962962963,0.07730902777777779,0.16224537037037037,3
pooled,reversed,high_out_strength,meaindia,60219,109219,129604,0,1970-01-20T06:43:12+00:00,136,87,0.6397058823529411,0.3602941176470588,0.005636574074074074,0.11880787037037037,0.16510416666666666,3
pooled,reversed,high_out_strength,davidfrawleyved,60219,109219,129604,0,1970-01-20T06:43:12+00:00,80,57,0.7125,0.2875,0.00443287037037037,0.07524305555555555,0.16262731481481482,2
pooled,reversed,high_out_strength,ndtvindia,60219,109219,129604,0,1970-01-20T06:43:12+00:00,55,54,0.9818181818181818,0.01818181818181818,0.001412037037037037,0.06455439814814815,0.16390046296296296,2
pooled,reversed,high_out_strength,bjp4odisha,60219,109219,129604,0,1970-01-20T06:43:12+00:00,45,44,0.9777777777777777,0.022222222222222223,0.001712962962962963,0.06882523148148148,0.1593402777777778,1
pooled,reversed,high_out_strength,cpimspeak,60219,109219,129604,0,1970-01-20T06:43:12+00:00,214,57,0.26635514018691586,0.7336448598130841,0.0010300925925925926,0.0630787037037037,0.1621875,4
pooled,reversed,high_out_strength,hardikpandya7,60219,109219,129604,0,1970-01-20T06:43:12+00:00,250,85,0.34,0.66,0.001261574074074074,0.04353009259259259,0.1637037037037037,4
pooled,reversed,high_out_strength,ramlal,60219,109219,129604,0,1970-01-20T06:43:12+00:00,110,62,0.5636363636363636,0.43636363636363634,0.002488425925925926,0.06940393518518517,0.16253472222222223,3
pooled,reversed,high_out_strength,ranaayyub,60219,109219,129604,0,1970-01-20T06:43:12+00:00,57,51,0.8947368421052632,0.10526315789473684,0.0006828703703703704,0.11894675925925927,0.1647685185185185,3
pooled,reversed,high_out_strength,tehseenp,60219,109219,129604,0,1970-01-20T06:43:12+00:00,604,112,0.18543046357615894,0.8145695364238411,0.005335648148148148,0.13189814814814815,0.1646875,4
pooled,reversed,high_out_strength,_pallavighosh,60219,109219,129604,0,1970-01-20T06:43:12+00:00,674,133,0.19732937685459942,0.8026706231454006,0.0024305555555555556,0.11857638888888888,0.16555555555555557,3
pooled,reversed,high_out_strength,cricketaakash,60219,109219,129604,0,1970-01-20T06:43:12+00:00,51,50,0.9803921568627451,0.0196078431372549,0.008564814814814815,0.05614004629629629,0.15292824074074074,2
pooled,reversed,high_out_strength,kpadmarani1,60219,109219,129604,0,1970-01-20T06:43:12+00:00,174,56,0.3218390804597701,0.6781609195402298,0.006273148148148148,0.09633680555555554,0.16523148148148148,3
pooled,reversed,high_out_strength,rajthackeray,60219,109219,129604,0,1970-01-20T06:43:12+00:00,62,46,0.7419354838709677,0.25806451612903225,0.004837962962962963,0.08045717592592593,0.1625925925925926,2
pooled,reversed,high_out_strength,samajwadiparty,60219,109219,129604,0,1970-01-20T06:43:12+00:00,66,54,0.8181818181818182,0.18181818181818182,0.0020601851851851853,0.09590277777777778,0.16496527777777778,2
pooled,reversed,high_out_strength,supriyobabul,60219,109219,129604,0,1970-01-20T06:43:12+00:00,92,60,0.6521739130434783,0.34782608695652173,0.0012268518518518518,0.09217592592592593,0.16462962962962963,3
pooled,reversed,high_out_strength,theskindoctor13,60219,109219,129604,0,1970-01-20T06:43:12+00:00,73,55,0.7534246575342466,0.2465753424657534,0.0027314814814814814,0.10784722222222222,0.16038194444444445,2
pooled,reversed,high_out_strength,trbrajaa,60219,109219,129604,0,1970-01-20T06:43:12+00:00,61,58,0.9508196721311475,0.04918032786885246,0.012210648148148148,0.09760416666666667,0.16194444444444445,2
pooled,reversed,high_out_strength,anandmahindra,60219,109219,129604,0,1970-01-20T06:43:12+00:00,55,54,0.9818181818181818,0.01818181818181818,0.005555555555555556,0.01509837962962963,0.16246527777777778,2
pooled,reversed,high_out_strength,khushsundar,60219,109219,129604,0,1970-01-20T06:43:12+00:00,161,71,0.4409937888198758,0.5590062111801242,4.6296296296296294e-05,0.15305555555555556,0.16555555555555557,3
pooled,reversed,high_out_strength,ndtvfeed,60219,109219,129604,0,1970-01-20T06:43:12+00:00,83,55,0.6626506024096386,0.3373493975903614,0.001979166666666667,0.08079861111111111,0.1643865740740741,4
pooled,reversed,high_out_strength,ra_thore,60219,109219,129604,0,1970-01-20T06:43:12+00:00,63,60,0.9523809523809523,0.047619047619047616,0.0012268518518518518,0.07095486111111111,0.1653587962962963,2
pooled,reversed,high_out_strength,_yogendrayadav,60219,109219,129604,0,1970-01-20T06:43:12+00:00,780,163,0.20897435897435898,0.791025641025641,0.004780092592592593,0.13337962962962963,0.1652199074074074,4
pooled,reversed,high_out_strength,espncricinfo,60219,109219,129604,0,1970-01-20T06:43:12+00:00,49,48,0.9795918367346939,0.02040816326530612,0.003449074074074074,0.046481481481481485,0.1655324074074074,1
pooled,reversed,high_out_strength,manojtiwarimp,60219,109219,129604,0,1970-01-20T06:43:12+00:00,67,61,0.9104477611940298,0.08955223880597014,0.0012268518518518518,0.07299768518518518,0.16409722222222223,4
pooled,reversed,high_out_strength,mlkhattar,60219,109219,129604,0,1970-01-20T06:43:12+00:00,47,42,0.8936170212765957,0.10638297872340426,0.002025462962962963,0.09250578703703705,0.16193287037037038,1
pooled,reversed,high_out_strength,republic_bharat,60219,109219,129604,0,1970-01-20T06:43:12+00:00,44,44,1.0,0.0,0.0025694444444444445,0.07236111111111111,0.1535300925925926,2
pooled,reversed,high_out_strength,sardanarohit,60219,109219,129604,0,1970-01-20T06:43:12+00:00,48,47,0.9791666666666666,0.020833333333333332,0.006423611111111111,0.09306712962962962,0.16258101851851853,2
pooled,reversed,high_out_strength,un,60219,109219,129604,0,1970-01-20T06:43:12+00:00,83,61,0.7349397590361446,0.26506024096385544,0.002337962962962963,0.09626157407407407,0.16467592592592592,4
pooled,reversed,high_out_strength,abpnewshindi,60219,109219,129604,0,1970-01-20T06:43:12+00:00,64,60,0.9375,0.0625,0.00037037037037037035,0.0700925925925926,0.16145833333333334,3
pooled,reversed,high_out_strength,bbc,60219,109219,129604,0,1970-01-20T06:43:12+00:00,218,53,0.24311926605504589,0.7568807339449541,0.051145833333333335,0.10269675925925927,0.16425925925925927,2
pooled,reversed,high_out_strength,irfanpathan,60219,109219,129604,0,1970-01-20T06:43:12+00:00,52,51,0.9807692307692307,0.019230769230769232,0.008657407407407407,0.0505787037037037,0.1405787037037037,2
pooled,reversed,high_out_strength,naveen_odisha,60219,109219,129604,0,1970-01-20T06:43:12+00:00,116,61,0.5258620689655172,0.47413793103448276,0.0005555555555555556,0.08663194444444444,0.1647337962962963,3
pooled,reversed,high_out_strength,rkhuria,60219,109219,129604,0,1970-01-20T06:43:12+00:00,173,23,0.1329479768786127,0.8670520231213873,0.0013310185185185185,0.06922453703703704,0.1637037037037037,3
pooled,reversed,high_out_strength,chouhanshivraj,60219,109219,129604,0,1970-01-20T06:43:12+00:00,226,67,0.29646017699115046,0.7035398230088495,0.0006597222222222222,0.07270833333333333,0.16458333333333333,3
pooled,reversed,high_out_strength,janasenaparty,60219,109219,129604,0,1970-01-20T06:43:12+00:00,42,41,0.9761904761904762,0.023809523809523808,0.002800925925925926,0.08859953703703703,0.15627314814814816,1
pooled,reversed,high_out_strength,abhishbanerj,60219,109219,129604,0,1970-01-20T06:43:12+00:00,54,51,0.9444444444444444,0.05555555555555555,0.011689814814814814,0.10668981481481482,0.16252314814814814,3
pooled,reversed,high_out_strength,ani_digital,60219,109219,129604,0,1970-01-20T06:43:12+00:00,68,51,0.75,0.25,0.0038657407407407408,0.0714236111111111,0.1625925925925926,2
pooled,reversed,high_out_strength,jm_scindia,60219,109219,129604,0,1970-01-20T06:43:12+00:00,210,55,0.2619047619047619,0.7380952380952381,0.00037037037037037035,0.08120370370370371,0.164375,3
pooled,reversed,high_out_strength,shobhabjp,60219,109219,129604,0,1970-01-20T06:43:12+00:00,45,43,0.9555555555555556,0.044444444444444446,0.002013888888888889,0.07390046296296296,0.164375,3
pooled,reversed,high_out_strength,time,60219,109219,129604,0,1970-01-20T06:43:12+00:00,206,43,0.2087378640776699,0.7912621359223301,0.002349537037037037,0.0967361111111111,0.16440972222222222,2
pooled,reversed,high_out_strength,brsparty,60219,109219,129604,0,1970-01-20T06:43:12+00:00,157,71,0.45222929936305734,0.5477707006369427,0.06068287037037037,0.11362268518518519,0.16444444444444445,3
pooled,reversed,high_out_strength,drtamilisaibjp,60219,109219,129604,0,1970-01-20T06:43:12+00:00,42,41,0.9761904761904762,0.023809523809523808,0.0004398148148148148,0.08652777777777777,0.15854166666666666,2
pooled,reversed,high_out_strength,officialdgispr,60219,109219,129604,0,1970-01-20T06:43:12+00:00,48,48,1.0,0.0,0.00045138888888888887,0.056533564814814814,0.1566898148148148,2
pooled,reversed,high_out_strength,toiindianews,60219,109219,129604,0,1970-01-20T06:43:12+00:00,48,46,0.9583333333333334,0.041666666666666664,0.00020833333333333335,0.0875925925925926,0.16519675925925925,2
pooled,reversed,high_out_strength,hindenburgres,60219,109219,129604,0,1970-01-20T06:43:12+00:00,43,42,0.9767441860465116,0.023255813953488372,0.10236111111111111,0.11450810185185185,0.15924768518518517,1
pooled,reversed,high_out_strength,indian_nagrik,60219,109219,129604,0,1970-01-20T06:43:12+00:00,67,48,0.7164179104477612,0.2835820895522388,0.010185185185185186,0.09726851851851852,0.1653587962962963,3
pooled,reversed,high_out_strength,isai_,60219,109219,129604,0,1970-01-20T06:43:12+00:00,53,51,0.9622641509433962,0.03773584905660377,0.0061574074074074074,0.05621527777777778,0.16194444444444445,2
pooled,reversed,high_out_strength,pib_india,60219,109219,129604,0,1970-01-20T06:43:12+00:00,43,43,1.0,0.0,0.0033333333333333335,0.07150462962962963,0.1615162037037037,2
pooled,reversed,high_out_strength,spiritofcongres,60219,109219,129604,0,1970-01-20T06:43:12+00:00,59,50,0.847457627118644,0.15254237288135594,0.0012268518518518518,0.1036574074074074,0.1648263888888889,2
pooled,reversed,high_out_strength,sureshpprabhu,60219,109219,129604,0,1970-01-20T06:43:12+00:00,41,39,0.9512195121951219,0.04878048780487805,0.001099537037037037,0.08127314814814815,0.15719907407407407,1
pooled,reversed,high_out_strength,tarak9999,60219,109219,129604,0,1970-01-20T06:43:12+00:00,29,29,1.0,0.0,0.018020833333333333,0.08923611111111111,0.15053240740740742,2
pooled,reversed,high_out_strength,abpnews,60219,109219,129604,0,1970-01-20T06:43:12+00:00,46,46,1.0,0.0,0.005497685185185185,0.11833333333333333,0.16545138888888888,2
pooled,reversed,high_out_strength,sachinpilot,60219,109219,129604,0,1970-01-20T06:43:12+00:00,417,43,0.10311750599520383,0.8968824940047961,0.00037037037037037035,0.05417824074074074,0.1637037037037037,2
pooled,reversed,high_out_strength,sudhanshutrived,60219,109219,129604,0,1970-01-20T06:43:12+00:00,61,46,0.7540983606557377,0.2459016393442623,0.005208333333333333,0.10876736111111111,0.1642361111111111,2
pooled,reversed,high_out_strength,venkateshprasad,60219,109219,129604,0,1970-01-20T06:43:12+00:00,59,51,0.864406779661017,0.13559322033898305,0.05372685185185185,0.1267824074074074,0.15871527777777777,2
pooled,reversed,high_out_strength,bjp4bihar,60219,109219,129604,0,1970-01-20T06:43:12+00:00,58,40,0.6896551724137931,0.3103448275862069,0.001261574074074074,0.0627951388888889,0.15893518518518518,2
pooled,reversed,high_out_strength,dilipghoshbjp,60219,109219,129604,0,1970-01-20T06:43:12+00:00,80,48,0.6,0.4,0.00032407407407407406,0.09340277777777778,0.1626388888888889,3
pooled,reversed,high_out_strength,dpradhanbjp,60219,109219,129604,0,1970-01-20T06:43:12+00:00,271,152,0.5608856088560885,0.43911439114391143,0.0013078703703703703,0.12950231481481483,0.16555555555555557,4
pooled,reversed,high_out_strength,gauravbh,60219,109219,129604,0,1970-01-20T06:43:12+00:00,581,125,0.21514629948364888,0.7848537005163512,0.002673611111111111,0.14243055555555556,0.1646875,2
pooled,reversed,high_out_strength,satyenaiadmk,60219,109219,129604,0,1970-01-20T06:43:12+00:00,5,5,1.0,0.0,0.000462962962962963,0.10726851851851851,0.12364583333333333,2
pooled,reversed,high_out_strength,telanganacmo,60219,109219,129604,0,1970-01-20T06:43:12+00:00,50,50,1.0,0.0,0.0027314814814814814,0.10344328703703703,0.16439814814814815,2
pooled,reversed,high_out_strength,activistsandeep,60219,109219,129604,0,1970-01-20T06:43:12+00:00,45,43,0.9555555555555556,0.044444444444444446,0.0026967592592592594,0.07561342592592593,0.1630787037037037,2
pooled,reversed,high_out_strength,ajay43,60219,109219,129604,0,1970-01-20T06:43:12+00:00,180,54,0.3,0.7,0.007638888888888889,0.1071412037037037,0.16416666666666666,4
pooled,reversed,high_out_strength,akashbanerjee,60219,109219,129604,0,1970-01-20T06:43:12+00:00,203,42,0.20689655172413793,0.7931034482758621,0.00125,0.08475115740740741,0.16528935185185184,3
pooled,reversed,high_out_strength,amritabhinder,60219,109219,129604,0,1970-01-20T06:43:12+00:00,69,49,0.7101449275362319,0.2898550724637681,0.002013888888888889,0.1114699074074074,0.16530092592592593,3
pooled,reversed,high_out_strength,authackeray,60219,109219,129604,0,1970-01-20T06:43:12+00:00,3933,76,0.01932367149758454,0.9806763285024155,0.00028935185185185184,0.10004050925925925,0.16556712962962963,4
pooled,reversed,high_out_strength,kcvenugopalmp,60219,109219,129604,0,1970-01-20T06:43:12+00:00,3889,1409,0.36230393417330936,0.6376960658266907,0.003993055555555555,0.1305902777777778,0.16559027777777777,5
pooled,reversed,high_out_strength,newsarenaindia,60219,109219,129604,0,1970-01-20T06:43:12+00:00,46,44,0.9565217391304348,0.043478260869565216,0.0007175925925925926,0.10630787037037037,0.16524305555555555,1
pooled,reversed,high_out_strength,thejagmeetsingh,60219,109219,129604,0,1970-01-20T06:43:12+00:00,46,42,0.9130434782608695,0.08695652173913043,0.002939814814814815,0.15588541666666667,0.16480324074074074,2
pooled,reversed,high_out_strength,vijaygajera,60219,109219,129604,0,1970-01-20T06:43:12+00:00,110,88,0.8,0.2,0.00951388888888889,0.09769675925925926,0.16559027777777777,4
pooled,reversed,high_out_strength,kanchangupta,60219,109219,129604,0,1970-01-20T06:43:12+00:00,43,43,1.0,0.0,1.1574074074074073e-05,0.08127314814814815,0.16229166666666667,2
pooled,reversed,high_out_strength,minhazmerchant,60219,109219,129604,0,1970-01-20T06:43:12+00:00,70,60,0.8571428571428571,0.14285714285714285,0.005,0.11266203703703703,0.16430555555555557,3
pooled,reversed,high_out_strength,piyushgoyaloffc,60219,109219,129604,0,1970-01-20T06:43:12+00:00,41,39,0.9512195121951219,0.04878048780487805,0.002372685185185185,0.09289351851851851,0.15677083333333333,1
pooled,reversed,high_out_strength,unsubtledesi,60219,109219,129604,0,1970-01-20T06:43:12+00:00,153,89,0.5816993464052288,0.41830065359477125,0.0027430555555555554,0.13725694444444445,0.16555555555555557,3
pooled,reversed,high_out_strength,aartic02,60219,109219,129604,0,1970-01-20T06:43:12+00:00,45,45,1.0,0.0,0.006111111111111111,0.04570601851851852,0.16145833333333334,2
pooled,reversed,high_out_strength,bjp4telangana,60219,109219,129604,0,1970-01-20T06:43:12+00:00,32,31,0.96875,0.03125,0.007094907407407407,0.08837962962962963,0.15219907407407407,2
pooled,reversed,high_out_strength,mkatju,60219,109219,129604,0,1970-01-20T06:43:12+00:00,211,100,0.47393364928909953,0.5260663507109005,0.0011458333333333333,0.1189814814814815,0.16555555555555557,4
pooled,reversed,high_out_strength,news18india,60219,109219,129604,0,1970-01-20T06:43:12+00:00,46,46,1.0,0.0,0.0028819444444444444,0.07700810185185186,0.16233796296296296,3
pooled,reversed,high_out_strength,saurabh_mlagk,60219,109219,129604,0,1970-01-20T06:43:12+00:00,147,41,0.2789115646258503,0.7210884353741497,0.011319444444444444,0.09577546296296297,0.16505787037037037,2
pooled,reversed,high_out_strength,ssrajamouli,60219,109219,129604,0,1970-01-20T06:43:12+00:00,50,46,0.92,0.08,0.010601851851851852,0.08934027777777778,0.16449074074074074,2
pooled,reversed,high_out_strength,thehawkeyex,60219,109219,129604,0,1970-01-20T06:43:12+00:00,178,49,0.2752808988764045,0.7247191011235955,0.0024189814814814816,0.11685185185185185,0.16430555555555557,3
pooled,reversed,high_out_strength,adityarajkaul,60219,109219,129604,0,1970-01-20T06:43:12+00:00,206,53,0.25728155339805825,0.7427184466019418,0.018206018518518517,0.07740740740740741,0.1637037037037037,4
pooled,reversed,high_out_strength,amarprasadreddy,60219,109219,129604,0,1970-01-20T06:43:12+00:00,45,43,0.9555555555555556,0.044444444444444446,0.002627314814814815,0.07356481481481482,0.16530092592592593,2
pooled,reversed,high_out_strength,asyounotwish,60219,109219,129604,0,1970-01-20T06:43:12+00:00,42,42,1.0,0.0,0.004849537037037037,0.08368055555555556,0.16472222222222221,2
pooled,reversed,high_out_strength,drkumarvishwas,60219,109219,129604,0,1970-01-20T06:43:12+00:00,41,41,1.0,0.0,0.0006712962962962962,0.08297453703703704,0.1621064814814815,2
pooled,reversed,high_out_strength,madhukishwar,60219,109219,129604,0,1970-01-20T06:43:12+00:00,55,42,0.7636363636363637,0.23636363636363636,0.002372685185185185,0.0821412037037037,0.1655787037037037,2
pooled,reversed,high_out_strength,nikkihaley,60219,109219,129604,0,1970-01-20T06:43:12+00:00,64,44,0.6875,0.3125,0.023680555555555555,0.12494212962962964,0.16221064814814815,2
pooled,reversed,high_out_strength,sansbarrier,60219,109219,129604,0,1970-01-20T06:43:12+00:00,38,36,0.9473684210526315,0.05263157894736842,0.002384259259259259,0.08505787037037037,0.16510416666666666,2
pooled,reversed,high_out_strength,aapdelhi,60219,109219,129604,0,1970-01-20T06:43:12+00:00,37,37,1.0,0.0,0.011157407407407408,0.0831712962962963,0.16424768518518518,1
pooled,reversed,high_out_strength,avinasharya09,60219,109219,129604,0,1970-01-20T06:43:12+00:00,43,43,1.0,0.0,0.0033796296296296296,0.0525462962962963,0.15957175925925926,3
pooled,reversed,high_out_strength,capt_amarinder,60219,109219,129604,0,1970-01-20T06:43:12+00:00,74,56,0.7567567567567568,0.24324324324324326,0.004097222222222223,0.12278356481481481,0.1622800925925926,4
pooled,reversed,high_out_strength,defenceminindia,60219,109219,129604,0,1970-01-20T06:43:12+00:00,39,39,1.0,0.0,0.016087962962962964,0.06377314814814815,0.16458333333333333,2
pooled,reversed,high_out_strength,geetv79,60219,109219,129604,0,1970-01-20T06:43:12+00:00,178,52,0.29213483146067415,0.7078651685393258,0.002349537037037037,0.11367476851851852,0.16523148148148148,3
pooled,reversed,high_out_strength,kamaalrkhan,60219,109219,129604,0,1970-01-20T06:43:12+00:00,205,49,0.23902439024390243,0.7609756097560976,0.001724537037037037,0.09384259259259259,0.1637037037037037,3
pooled,reversed,high_out_strength,manoharparrikar,60219,109219,129604,0,1970-01-20T06:43:12+00:00,61,55,0.9016393442622951,0.09836065573770492,0.0013078703703703703,0.10319444444444445,0.1647337962962963,3
pooled,reversed,high_out_strength,nayakragini,60219,109219,129604,0,1970-01-20T06:43:12+00:00,199,46,0.23115577889447236,0.7688442211055276,0.005150462962962963,0.07119791666666667,0.1637037037037037,3
pooled,reversed,high_out_strength,sushantbsinha,60219,109219,129604,0,1970-01-20T06:43:12+00:00,39,36,0.9230769230769231,0.07692307692307693,0.024537037037037038,0.0941261574074074,0.16474537037037038,2
pooled,reversed,high_out_strength,vijayrupanibjp,60219,109219,129604,0,1970-01-20T06:43:12+00:00,36,36,1.0,0.0,0.004247685185185185,0.08304976851851853,0.15361111111111111,1
pooled,reversed,high_out_strength,_sabanaqvi,60219,109219,129604,0,1970-01-20T06:43:12+00:00,294,85,0.2891156462585034,0.7108843537414966,0.010497685185185185,0.09038194444444445,0.1655787037037037,3
pooled,reversed,high_out_strength,adnansamilive,60219,109219,129604,0,1970-01-20T06:43:12+00:00,36,36,1.0,0.0,0.030358796296296297,0.10359953703703703,0.15050925925925926,2
pooled,reversed,high_out_strength,konathamdileep,60219,109219,129604,0,1970-01-20T06:43:12+00:00,37,37,1.0,0.0,0.004652777777777777,0.10747685185185185,0.16444444444444445,2
pooled,reversed,high_out_strength,railminindia,60219,109219,129604,0,1970-01-20T06:43:12+00:00,68,46,0.6764705882352942,0.3235294117647059,0.006273148148148148,0.11034722222222222,0.16011574074074075,2
pooled,reversed,high_out_strength,bbcnews,60219,109219,129604,0,1970-01-20T06:43:12+00:00,63,43,0.6825396825396826,0.31746031746031744,0.005150462962962963,0.09925925925925926,0.16049768518518517,3
pooled,reversed,high_out_strength,officeofut,60219,109219,129604,0,1970-01-20T06:43:12+00:00,3928,54,0.01374745417515275,0.9862525458248472,0.008425925925925925,0.13907407407407407,0.16556712962962963,3
pooled,reversed,high_out_strength,seharshinwari,60219,109219,129604,0,1970-01-20T06:43:12+00:00,39,37,0.9487179487179487,0.05128205128205128,0.008657407407407407,0.05265046296296296,0.16420138888888888,1
pooled,reversed,high_out_strength,sidhant,60219,109219,129604,0,1970-01-20T06:43:12+00:00,106,42,0.39622641509433965,0.6037735849056604,0.010717592592592593,0.07379050925925926,0.16366898148148148,4
pooled,reversed,high_out_strength,bjp,60219,109219,129604,0,1970-01-20T06:43:12+00:00,44,37,0.8409090909090909,0.1590909090909091,0.005162037037037037,0.06913194444444444,0.1651388888888889,2
pooled,reversed,high_out_strength,bjp4andhra,60219,109219,129604,0,1970-01-20T06:43:12+00:00,20,20,1.0,0.0,0.004143518518518519,0.07164930555555554,0.16153935185185186,1
pooled,reversed,high_out_strength,cmofkarnataka,60219,109219,129604,0,1970-01-20T06:43:12+00:00,37,31,0.8378378378378378,0.16216216216216217,0.004131944444444444,0.08612268518518519,0.1642361111111111,1
pooled,reversed,high_out_strength,cricketracker,60219,109219,129604,0,1970-01-20T06:43:12+00:00,38,36,0.9473684210526315,0.05263157894736842,0.003738425925925926,0.06087962962962963,0.16559027777777777,2
pooled,reversed,high_out_strength,dr_uditraj,60219,109219,129604,0,1970-01-20T06:43:12+00:00,41,33,0.8048780487804879,0.1951219512195122,0.01619212962962963,0.11471064814814814,0.1635185185185185,1
pooled,reversed,high_out_strength,mumbaichadon,60219,109219,129604,0,1970-01-20T06:43:12+00:00,49,40,0.8163265306122449,0.1836734693877551,0.004155092592592592,0.11497106481481481,0.16451388888888888,2
pooled,reversed,high_out_strength,ranjitone,60219,109219,129604,0,1970-01-20T06:43:12+00:00,174,22,0.12643678160919541,0.8735632183908046,0.006273148148148148,0.07806134259259259,0.1637037037037037,3
pooled,reversed,high_out_strength,voice_for_india,60219,109219,129604,0,1970-01-20T06:43:12+00:00,144,37,0.2569444444444444,0.7430555555555556,0.0008564814814814815,0.11150462962962963,0.16416666666666666,3
pooled,reversed,high_out_strength,anthonysald,60219,109219,129604,0,1970-01-20T06:43:12+00:00,172,46,0.26744186046511625,0.7325581395348837,0.008194444444444445,0.11,0.16523148148148148,3
pooled,reversed,high_out_strength,cambridgejbs,60219,109219,129604,0,1970-01-20T06:43:12+00:00,207,38,0.18357487922705315,0.8164251207729468,0.1246875,0.1391898148148148,0.16125,2
pooled,reversed,high_out_strength,ddnewslive,60219,109219,129604,0,1970-01-20T06:43:12+00:00,33,33,1.0,0.0,0.003425925925925926,0.07354166666666667,0.16061342592592592,2
pooled,reversed,high_out_strength,dr_rizwanahmed,60219,109219,129604,0,1970-01-20T06:43:12+00:00,56,44,0.7857142857142857,0.21428571428571427,0.0021180555555555558,0.07898148148148149,0.16516203703703702,4
pooled,reversed,high_out_strength,iamajaysehrawat,60219,109219,129604,0,1970-01-20T06:43:12+00:00,198,36,0.18181818181818182,0.8181818181818182,0.003321759259259259,0.07353587962962962,0.1652662037037037,2
pooled,reversed,high_out_strength,iamsunnydeol,60219,109219,129604,0,1970-01-20T06:43:12+00:00,40,36,0.9,0.1,0.012060185185185186,0.0670486111111111,0.1590162037037037,2
pooled,reversed,high_out_strength,rajeevrai,60219,109219,129604,0,1970-01-20T06:43:12+00:00,37,36,0.972972972972973,0.02702702702702703,0.01423611111111111,0.0719212962962963,0.16015046296296295,2
pooled,reversed,high_out_strength,shubhankrmishra,60219,109219,129604,0,1970-01-20T06:43:12+00:00,34,34,1.0,0.0,0.0022222222222222222,0.0415625,0.1352199074074074,1
pooled,reversed,high_out_strength,sportskeeda,60219,109219,129604,0,1970-01-20T06:43:12+00:00,34,34,1.0,0.0,0.003449074074074074,0.05247106481481481,0.1617361111111111,1
pooled,reversed,high_out_strength,swamigeetika,60219,109219,129604,0,1970-01-20T06:43:12+00:00,35,35,1.0,0.0,0.0022222222222222222,0.11068287037037038,0.1637962962962963,2
pooled,reversed,high_out_strength,varungandhi80,60219,109219,129604,0,1970-01-20T06:43:12+00:00,201,46,0.22885572139303484,0.7711442786069652,0.004363425925925926,0.09506365740740741,0.1637037037037037,4
pooled,reversed,high_out_strength,_sayema,60219,109219,129604,0,1970-01-20T06:43:12+00:00,53,39,0.7358490566037735,0.2641509433962264,0.008449074074074074,0.13516203703703702,0.16480324074074074,2
pooled,reversed,high_out_strength,alwaysramcharan,60219,109219,129604,0,1970-01-20T06:43:12+00:00,32,32,1.0,0.0,0.04853009259259259,0.08942708333333332,0.1645949074074074,2
pooled,reversed,high_out_strength,desimojito,60219,109219,129604,0,1970-01-20T06:43:12+00:00,365,51,0.13972602739726028,0.8602739726027397,0.005474537037037037,0.1064699074074074,0.16416666666666666,3
pooled,reversed,high_out_strength,dramsinghvi,60219,109219,129604,0,1970-01-20T06:43:12+00:00,211,44,0.20853080568720378,0.7914691943127962,0.0016898148148148148,0.062065972222222224,0.16475694444444444,3
pooled,reversed,high_out_strength,georgesoros,60219,109219,129604,0,1970-01-20T06:43:12+00:00,38,35,0.9210526315789473,0.07894736842105263,0.1252662037037037,0.1264236111111111,0.16042824074074075,2
pooled,reversed,high_out_strength,jaipurdialogues,60219,109219,129604,0,1970-01-20T06:43:12+00:00,146,36,0.2465753424657534,0.7534246575342466,0.022337962962962962,0.11304398148148148,0.16416666666666666,3
pooled,reversed,high_out_strength,ncpspeaks,60219,109219,129604,0,1970-01-20T06:43:12+00:00,47,34,0.723404255319149,0.2765957446808511,0.001574074074074074,0.058298611111111114,0.1651388888888889,2
pooled,reversed,high_out_strength,satishacharya,60219,109219,129604,0,1970-01-20T06:43:12+00:00,39,39,1.0,0.0,0.0017013888888888888,0.07013888888888889,0.16229166666666667,4
pooled,reversed,high_out_strength,supriya_sule,60219,109219,129604,0,1970-01-20T06:43:12+00:00,70,63,0.9,0.1,0.0014814814814814814,0.07390046296296296,0.16523148148148148,3
pooled,reversed,high_out_strength,twitterindia,60219,109219,129604,0,1970-01-20T06:43:12+00:00,35,31,0.8857142857142857,0.11428571428571428,0.005706018518518518,0.09770833333333333,0.15707175925925926,2
pooled,reversed,high_out_strength,ashokepandit,60219,109219,129604,0,1970-01-20T06:43:12+00:00,40,34,0.85,0.15,0.005497685185185185,0.10526041666666666,0.16546296296296295,2
pooled,reversed,high_out_strength,astitvam,60219,109219,129604,0,1970-01-20T06:43:12+00:00,32,30,0.9375,0.0625,0.009270833333333334,0.08618634259259259,0.15971064814814814,1
pooled,reversed,high_out_strength,bbhuttozardari,60219,109219,129604,0,1970-01-20T06:43:12+00:00,39,36,0.9230769230769231,0.07692307692307693,0.0052430555555555555,0.06496527777777777,0.16475694444444444,4
pooled,reversed,high_out_strength,dhume,60219,109219,129604,0,1970-01-20T06:43:12+00:00,62,49,0.7903225806451613,0.20967741935483872,0.0025694444444444445,0.10710648148148148,0.16439814814814815,4
pooled,reversed,high_out_strength,gautam_adani,60219,109219,129604,0,1970-01-20T06:43:12+00:00,910,36,0.03956043956043956,0.9604395604395605,0.01653935185185185,0.11627314814814815,0.16224537037037037,2
pooled,reversed,high_out_strength,hrajabjp,60219,109219,129604,0,1970-01-20T06:43:12+00:00,26,25,0.9615384615384616,0.038461538461538464,0.002025462962962963,0.0580787037037037,0.15952546296296297,2
pooled,reversed,high_out_strength,indian__doctor,60219,109219,129604,0,1970-01-20T06:43:12+00:00,32,32,1.0,0.0,0.0006597222222222222,0.06027777777777778,0.16533564814814813,1
pooled,reversed,high_out_strength,irogerbinny,60219,109219,129604,0,1970-01-20T06:43:12+00:00,26,26,1.0,0.0,0.004270833333333333,0.04787615740740741,0.15042824074074074,2
pooled,reversed,high_out_strength,isro,60219,109219,129604,0,1970-01-20T06:43:12+00:00,40,30,0.75,0.25,0.0069791666666666665,0.09048611111111111,0.15362268518518518,1
pooled,reversed,high_out_strength,jyotsnavarma9,60219,109219,129604,0,1970-01-20T06:43:12+00:00,21,21,1.0,0.0,0.005069444444444444,0.0415625,0.16409722222222223,3
pooled,reversed,high_out_strength,minicnair,60219,109219,129604,0,1970-01-20T06:43:12+00:00,37,35,0.9459459459459459,0.05405405405405406,0.0014583333333333334,0.08351851851851852,0.16340277777777779,2
pooled,reversed,high_out_strength,prashantkishor,60219,109219,129604,0,1970-01-20T06:43:12+00:00,142,35,0.24647887323943662,0.7535211267605634,0.0013657407407407407,0.06744212962962963,0.1617361111111111,2
pooled,reversed,high_out_strength,thakkar_sameet,60219,109219,129604,0,1970-01-20T06:43:12+00:00,57,49,0.8596491228070176,0.14035087719298245,0.00818287037037037,0.11871527777777778,0.16530092592592593,3
pooled,reversed,high_out_strength,being_humor,60219,109219,129604,0,1970-01-20T06:43:12+00:00,33,33,1.0,0.0,0.009560185185185185,0.09655092592592593,0.15997685185185184,2
pooled,reversed,high_out_strength,bjp4rajasthan,60219,109219,129604,0,1970-01-20T06:43:12+00:00,30,30,1.0,0.0,0.0022569444444444442,0.06747685185185184,0.16443287037037038,1
pooled,reversed,high_out_strength,cmotamilnadu,60219,109219,129604,0,1970-01-20T06:43:12+00:00,32,31,0.96875,0.03125,0.005833333333333334,0.06722222222222222,0.1526736111111111,2
pooled,reversed,high_out_strength,jagannkaushik,60219,109219,129604,0,1970-01-20T06:43:12+00:00,21,21,1.0,0.0,0.005069444444444444,0.05586805555555555,0.16409722222222223,3
pooled,reversed,high_out_strength,jagdishshetty,60219,109219,129604,0,1970-01-20T06:43:12+00:00,29,25,0.8620689655172413,0.13793103448275862,0.009918981481481482,0.0591087962962963,0.1595949074074074,2
pooled,reversed,high_out_strength,laluprasadrjd,60219,109219,129604,0,1970-01-20T06:43:12+00:00,258,51,0.19767441860465115,0.8023255813953488,0.003414351851851852,0.12065972222222222,0.16135416666666666,3
pooled,reversed,high_out_strength,muglikar_,60219,109219,129604,0,1970-01-20T06:43:12+00:00,41,31,0.7560975609756098,0.24390243902439024,0.007974537037037037,0.07912037037037037,0.15637731481481482,2
pooled,reversed,high_out_strength,srbachchan,60219,109219,129604,0,1970-01-20T06:43:12+00:00,33,31,0.9393939393939394,0.06060606060606061,0.0009606481481481482,0.06650462962962964,0.15890046296296295,2
pooled,reversed,high_out_strength,vvslaxman281,60219,109219,129604,0,1970-01-20T06:43:12+00:00,37,32,0.8648648648648649,0.13513513513513514,0.008506944444444444,0.04626157407407407,0.15016203703703704,2
pooled,reversed,high_out_strength,aayeff1,60219,109219,129604,0,1970-01-20T06:43:12+00:00,177,51,0.288135593220339,0.711864406779661,0.001724537037037037,0.0926388888888889,0.16523148148148148,3
pooled,reversed,high_out_strength,drdo_india,60219,109219,129604,0,1970-01-20T06:43:12+00:00,39,29,0.7435897435897436,0.2564102564102564,0.0069791666666666665,0.09333333333333334,0.16386574074074073,2
pooled,reversed,high_out_strength,indian_index,60219,109219,129604,0,1970-01-20T06:43:12+00:00,33,31,0.9393939393939394,0.06060606060606061,0.010590277777777778,0.07135416666666666,0.1585763888888889,2
pooled,reversed,high_out_strength,ipl,60219,109219,129604,0,1970-01-20T06:43:12+00:00,409,116,0.28361858190709044,0.7163814180929096,0.026469907407407407,0.059618055555555556,0.1655324074074074,4
pooled,reversed,high_out_strength,lillymarypinto,60219,109219,129604,0,1970-01-20T06:43:12+00:00,23,22,0.9565217391304348,0.043478260869565216,0.0013194444444444445,0.04907986111111111,0.16409722222222223,3
pooled,reversed,high_out_strength,naorgilon,60219,109219,129604,0,1970-01-20T06:43:12+00:00,306,70,0.22875816993464052,0.7712418300653595,0.04511574074074074,0.08282986111111111,0.16555555555555557,4
pooled,reversed,high_out_strength,news18dotcom,60219,109219,129604,0,1970-01-20T06:43:12+00:00,42,42,1.0,0.0,0.002650462962962963,0.05641203703703704,0.16409722222222223,3
pooled,reversed,high_out_strength,poonam_mahajan,60219,109219,129604,0,1970-01-20T06:43:12+00:00,32,30,0.9375,0.0625,0.004652777777777777,0.07425347222222223,0.1641087962962963,2
pooled,reversed,high_out_strength,prameshjain12,60219,109219,129604,0,1970-01-20T06:43:12+00:00,4,4,1.0,0.0,0.004780092592592593,0.022910879629629628,0.15961805555555555,3
pooled,reversed,high_out_strength,revanth_anumula,60219,109219,129604,0,1970-01-20T06:43:12+00:00,408,119,0.2916666666666667,0.7083333333333334,0.002349537037037037,0.056261574074074075,0.1655324074074074,5
pooled,reversed,high_out_strength,shivaroor,60219,109219,129604,0,1970-01-20T06:43:12+00:00,63,48,0.7619047619047619,0.23809523809523808,0.009606481481481481,0.10135995370370371,0.16546296296296295,4
pooled,reversed,high_out_strength,subytweets,60219,109219,129604,0,1970-01-20T06:43:12+00:00,187,39,0.20855614973262032,0.7914438502673797,0.004120370370370371,0.08540509259259259,0.16528935185185184,3
pooled,reversed,high_out_strength,thequint,60219,109219,129604,0,1970-01-20T06:43:12+00:00,44,32,0.7272727272727273,0.2727272727272727,0.009895833333333333,0.07329282407407407,0.1648726851851852,2
pooled,reversed,high_out_strength,vasundharabjp,60219,109219,129604,0,1970-01-20T06:43:12+00:00,198,29,0.14646464646464646,0.8535353535353535,0.002650462962962963,0.08780092592592592,0.16386574074074073,2
pooled,reversed,high_out_strength,besurataansane,60219,109219,129604,0,1970-01-20T06:43:12+00:00,42,36,0.8571428571428571,0.14285714285714285,0.003263888888888889,0.09392939814814816,0.16563657407407406,3
pooled,reversed,high_out_strength,boltahindustan,60219,109219,129604,0,1970-01-20T06:43:12+00:00,34,31,0.9117647058823529,0.08823529411764706,0.0027199074074074074,0.08158564814814814,0.16261574074074073,2
pooled,reversed,high_out_strength,deepikasrajawat,60219,109219,129604,0,1970-01-20T06:43:12+00:00,30,30,1.0,0.0,0.006655092592592593,0.06269097222222222,0.16283564814814816,2
pooled,reversed,high_out_strength,dna,60219,109219,129604,0,1970-01-20T06:43:12+00:00,43,30,0.6976744186046512,0.3023255813953488,0.0006712962962962962,0.10190393518518519,0.15952546296296297,4
pooled,reversed,high_out_strength,hardeepspuri,60219,109219,129604,0,1970-01-20T06:43:12+00:00,53,43,0.8113207547169812,0.18867924528301888,0.014363425925925925,0.11653935185185185,0.1622800925925926,4
pooled,reversed,high_out_strength,krisnair1,60219,109219,129604,0,1970-01-20T06:43:12+00:00,35,33,0.9428571428571428,0.05714285714285714,0.0005902777777777778,0.0891087962962963,0.16451388888888888,2
pooled,reversed,high_out_strength,mieknathshinde,60219,109219,129604,0,1970-01-20T06:43:12+00:00,40,31,0.775,0.225,0.00028935185185185184,0.08271990740740741,0.1640625,2
pooled,reversed,high_out_strength,mrsinha_,60219,109219,129604,0,1970-01-20T06:43:12+00:00,32,30,0.9375,0.0625,0.10707175925925926,0.1414699074074074,0.16212962962962962,2
pooled,reversed,high_out_strength,swapan55,60219,109219,129604,0,1970-01-20T06:43:12+00:00,915,576,0.6295081967213115,0.3704918032786885,0.005636574074074074,0.10138888888888889,0.16554398148148147,5
pooled,reversed,high_out_strength,abhijitmajumder,60219,109219,129604,0,1970-01-20T06:43:12+00:00,49,40,0.8163265306122449,0.1836734693877551,0.004201388888888889,0.09947337962962963,0.1633101851851852,3
pooled,reversed,high_out_strength,bandisanjay_bjp,60219,109219,129604,0,1970-01-20T06:43:12+00:00,28,28,1.0,0.0,0.007083333333333333,0.08371527777777778,0.15631944444444446,2
pooled,reversed,high_out_strength,byadavbjp,60219,109219,129604,0,1970-01-20T06:43:12+00:00,24,24,1.0,0.0,0.009143518518518518,0.07858217592592592,0.15964120370370372,1
pooled,reversed,high_out_strength,elizatweetz,60219,109219,129604,0,1970-01-20T06:43:12+00:00,43,38,0.8837209302325582,0.11627906976744186,0.005706018518518518,0.10191550925925925,0.16457175925925926,4
pooled,reversed,high_out_strength,girirajsinghbjp,60219,109219,129604,0,1970-01-20T06:43:12+00:00,35,31,0.8857142857142857,0.11428571428571428,0.00542824074074074,0.06358796296296296,0.1508449074074074,3
pooled,reversed,high_out_strength,imkuldeep18,60219,109219,129604,0,1970-01-20T06:43:12+00:00,29,28,0.9655172413793104,0.034482758620689655,0.039467592592592596,0.06837384259259259,0.0901388888888889,1
pooled,reversed,high_out_strength,lavanyaballal,60219,109219,129604,0,1970-01-20T06:43:12+00:00,33,31,0.9393939393939394,0.06060606060606061,0.0017013888888888888,0.12471064814814815,0.16523148148148148,2
pooled,reversed,high_out_strength,mukulr_official,60219,109219,129604,0,1970-01-20T06:43:12+00:00,69,36,0.5217391304347826,0.4782608695652174,0.002037037037037037,0.08815393518518519,0.15890046296296295,3
pooled,reversed,high_out_strength,narundarm,60219,109219,129604,0,1970-01-20T06:43:12+00:00,145,78,0.5379310344827586,0.46206896551724136,0.002789351851851852,0.14202546296296298,0.16555555555555557,4
pooled,reversed,high_out_strength,omarali50,60219,109219,129604,0,1970-01-20T06:43:12+00:00,217,30,0.1382488479262673,0.8617511520737328,0.001238425925925926,0.0794849537037037,0.1607060185185185,3
pooled,reversed,high_out_strength,ravisutanjani,60219,109219,129604,0,1970-01-20T06:43:12+00:00,32,30,0.9375,0.0625,0.002789351851851852,0.06967013888888889,0.15630787037037036,2
pooled,reversed,high_out_strength,rishabhpant17,60219,109219,129604,0,1970-01-20T06:43:12+00:00,34,33,0.9705882352941176,0.029411764705882353,0.001261574074074074,0.04626157407407407,0.15063657407407408,2
pooled,reversed,high_out_strength,rkradhakrishn,60219,109219,129604,0,1970-01-20T06:43:12+00:00,14,14,1.0,0.0,0.0014930555555555556,0.04679398148148148,0.14430555555555555,1
pooled,reversed,high_out_strength,sganguly99,60219,109219,129604,0,1970-01-20T06:43:12+00:00,29,29,1.0,0.0,0.003321759259259259,0.03626157407407407,0.1592361111111111,1
pooled,reversed,high_out_strength,srivatsayb,60219,109219,129604,0,1970-01-20T06:43:12+00:00,42,36,0.8571428571428571,0.14285714285714285,0.004907407407407407,0.11641782407407408,0.16258101851851853,2
pooled,reversed,high_out_strength,surya_14kumar,60219,109219,129604,0,1970-01-20T06:43:12+00:00,28,27,0.9642857142857143,0.03571428571428571,0.015613425925925926,0.0685763888888889,0.16175925925925927,1
pooled,reversed,high_out_strength,svaradarajan,60219,109219,129604,0,1970-01-20T06:43:12+00:00,689,102,0.14804063860667635,0.8519593613933236,0.010648148148148148,0.10814236111111111,0.16416666666666666,3
pooled,reversed,high_out_strength,swetasinghat,60219,109219,129604,0,1970-01-20T06:43:12+00:00,27,27,1.0,0.0,0.0001273148148148148,0.03917824074074074,0.16233796296296296,2
pooled,reversed,high_out_strength,arnabgoswamirtv,60219,109219,129604,0,1970-01-20T06:43:12+00:00,25,24,0.96,0.04,9.259259259259259e-05,0.08596643518518518,0.15515046296296298,1
pooled,reversed,high_out_strength,b_k70,60219,109219,129604,0,1970-01-20T06:43:12+00:00,165,41,0.24848484848484848,0.7515151515151515,0.006273148148148148,0.11215277777777778,0.16523148148148148,3
pooled,reversed,high_out_strength,bhupendrachaube,60219,109219,129604,0,1970-01-20T06:43:12+00:00,190,33,0.1736842105263158,0.8263157894736842,0.001574074074074074,0.05979166666666667,0.1621875,4
pooled,reversed,high_out_strength,bsbommai,60219,109219,129604,0,1970-01-20T06:43:12+00:00,645,30,0.046511627906976744,0.9534883720930233,0.008622685185185185,0.11606481481481482,0.1647337962962963,2
pooled,reversed,high_out_strength,btr_ktr,60219,109219,129604,0,1970-01-20T06:43:12+00:00,28,28,1.0,0.0,0.01375,0.09957175925925926,0.16439814814814815,2
pooled,reversed,high_out_strength,cnn,60219,109219,129604,0,1970-01-20T06:43:12+00:00,27,27,1.0,0.0,0.01050925925925926,0.11755787037037037,0.16537037037037036,2
pooled,reversed,high_out_strength,drharshvardhan,60219,109219,129604,0,1970-01-20T06:43:12+00:00,40,31,0.775,0.225,0.009236111111111112,0.07327546296296296,0.16409722222222223,4
pooled,reversed,high_out_strength,ewarren,60219,109219,129604,0,1970-01-20T06:43:12+00:00,28,28,1.0,0.0,0.010717592592592593,0.06730324074074073,0.15145833333333333,1
pooled,reversed,high_out_strength,gargac,60219,109219,129604,0,1970-01-20T06:43:12+00:00,180,29,0.16111111111111112,0.8388888888888889,0.002638888888888889,0.10408564814814815,0.15332175925925925,2
pooled,reversed,high_out_strength,kakar_harsha,60219,109219,129604,0,1970-01-20T06:43:12+00:00,35,31,0.8857142857142857,0.11428571428571428,0.027199074074074073,0.1407175925925926,0.16077546296296297,2
pooled,reversed,high_out_strength,kaushikcbasu,60219,109219,129604,0,1970-01-20T06:43:12+00:00,181,62,0.3425414364640884,0.6574585635359116,0.00045138888888888887,0.08453125,0.16416666666666666,4
pooled,reversed,high_out_strength,mib_india,60219,109219,129604,0,1970-01-20T06:43:12+00:00,33,29,0.8787878787878788,0.12121212121212122,0.003159722222222222,0.08471064814814815,0.15868055555555555,3
pooled,reversed,high_out_strength,mirrornow,60219,109219,129604,0,1970-01-20T06:43:12+00:00,25,24,0.96,0.04,0.004189814814814815,0.09042245370370369,0.15952546296296297,1
pooled,reversed,high_out_strength,narendramodi177,60219,109219,129604,0,1970-01-20T06:43:12+00:00,22,18,0.8181818181818182,0.18181818181818182,0.0013194444444444445,0.06430555555555556,0.16145833333333334,3
pooled,reversed,high_out_strength,nupursharmabjp,60219,109219,129604,0,1970-01-20T06:43:12+00:00,40,36,0.9,0.1,0.002800925925925926,0.0934837962962963,0.16409722222222223,3
pooled,reversed,high_out_strength,palkisu,60219,109219,129604,0,1970-01-20T06:43:12+00:00,31,28,0.9032258064516129,0.0967741935483871,0.05174768518518519,0.0971238425925926,0.1651388888888889,1
pooled,reversed,high_out_strength,prannoyroyndtv,60219,109219,129604,0,1970-01-20T06:43:12+00:00,56,41,0.7321428571428571,0.26785714285714285,0.0061805555555555555,0.12019675925925925,0.16444444444444445,3
pooled,reversed,high_out_strength,rahul_forpm,60219,109219,129604,0,1970-01-20T06:43:12+00:00,33,29,0.8787878787878788,0.12121212121212122,0.012164351851851852,0.051724537037037034,0.10888888888888888,2
pooled,reversed,high_out_strength,renukajain6,60219,109219,129604,0,1970-01-20T06:43:12+00:00,28,27,0.9642857142857143,0.03571428571428571,0.01287037037037037,0.061782407407407404,0.16346064814814815,2
pooled,reversed,high_out_strength,rrrmovie,60219,109219,129604,0,1970-01-20T06:43:12+00:00,30,29,0.9666666666666667,0.03333333333333333,0.06903935185185185,0.0893287037037037,0.15086805555555555,2
pooled,reversed,high_out_strength,vpsecretariat,60219,109219,129604,0,1970-01-20T06:43:12+00:00,134,77,0.5746268656716418,0.4253731343283582,0.009282407407407408,0.1392013888888889,0.16555555555555557,3
pooled,reversed,high_out_strength,washingtonpost,60219,109219,129604,0,1970-01-20T06:43:12+00:00,72,38,0.5277777777777778,0.4722222222222222,0.021030092592592593,0.10465856481481481,0.16149305555555554,3
pooled,reversed,high_out_strength,aapnareshbalyan,60219,109219,129604,0,1970-01-20T06:43:12+00:00,408,97,0.23774509803921567,0.7622549019607843,0.0016087962962962963,0.06157407407407407,0.1655324074074074,5
pooled,reversed,high_out_strength,ajenglish,60219,109219,129604,0,1970-01-20T06:43:12+00:00,649,44,0.06779661016949153,0.9322033898305084,0.010300925925925925,0.10976273148148148,0.16452546296296297,3
pooled,reversed,high_out_strength,alok_bhatt,60219,109219,129604,0,1970-01-20T06:43:12+00:00,73,39,0.5342465753424658,0.4657534246575342,0.0045138888888888885,0.13164351851851852,0.16497685185185185,3
pooled,reversed,high_out_strength,am_dilip,60219,109219,129604,0,1970-01-20T06:43:12+00:00,16,16,1.0,0.0,0.005069444444444444,0.04504050925925926,0.16409722222222223,3
pooled,reversed,high_out_strength,cmomaharashtra,60219,109219,129604,0,1970-01-20T06:43:12+00:00,28,28,1.0,0.0,0.009710648148148149,0.08179398148148148,0.16260416666666666,2
pooled,reversed,high_out_strength,cmshehbaz,60219,109219,129604,0,1970-01-20T06:43:12+00:00,27,27,1.0,0.0,0.005798611111111111,0.06444444444444444,0.16475694444444444,2
pooled,reversed,high_out_strength,kailashkaushik8,60219,109219,129604,0,1970-01-20T06:43:12+00:00,19,19,1.0,0.0,0.005069444444444444,0.05113425925925926,0.16409722222222223,3
pooled,reversed,high_out_strength,manakgupta,60219,109219,129604,0,1970-01-20T06:43:12+00:00,51,45,0.8823529411764706,0.11764705882352941,0.005636574074074074,0.10099537037037037,0.16407407407407407,3
pooled,reversed,high_out_strength,mvenkaiahnaidu,60219,109219,129604,0,1970-01-20T06:43:12+00:00,14,14,1.0,0.0,0.013009259259259259,0.05236111111111111,0.1325925925925926,1
pooled,reversed,high_out_strength,nan_dini_,60219,109219,129604,0,1970-01-20T06:43:12+00:00,37,31,0.8378378378378378,0.16216216216216217,0.010335648148148148,0.13766203703703703,0.1645949074074074,3
pooled,reversed,high_out_strength,profbabones,60219,109219,129604,0,1970-01-20T06:43:12+00:00,262,46,0.17557251908396945,0.8244274809160306,0.1403009259259259,0.15091435185185187,0.1652199074074074,2
pooled,reversed,high_out_strength,profdilipmandal,60219,109219,129604,0,1970-01-20T06:43:12+00:00,738,209,0.28319783197831977,0.7168021680216802,0.011469907407407408,0.13135416666666666,0.16543981481481482,6
pooled,reversed,high_out_strength,publictvnews,60219,109219,129604,0,1970-01-20T06:43:12+00:00,34,31,0.9117647058823529,0.08823529411764706,0.021863425925925925,0.10128472222222222,0.16140046296296295,2
pooled,reversed,high_out_strength,realdonaldtrump,60219,109219,129604,0,1970-01-20T06:43:12+00:00,39,34,0.8717948717948718,0.1282051282051282,0.005381944444444444,0.0915798611111111,0.1652662037037037,3
pooled,reversed,high_out_strength,sunil_deodhar,60219,109219,129604,0,1970-01-20T06:43:12+00:00,28,27,0.9642857142857143,0.03571428571428571,0.001388888888888889,0.07439814814814814,0.1297685185185185,1
pooled,reversed,high_out_strength,virendersehwag,60219,109219,129604,0,1970-01-20T06:43:12+00:00,29,28,0.9655172413793104,0.034482758620689655,0.006284722222222222,0.05116898148148148,0.16405092592592593,2
pooled,reversed,high_out_strength,jigneshmevani80,60219,109219,129604,0,1970-01-20T06:43:12+00:00,171,24,0.14035087719298245,0.8596491228070176,0.0032407407407407406,0.054600694444444445,0.14487268518518517,1
pooled,reversed,high_out_strength,mssirsa,60219,109219,129604,0,1970-01-20T06:43:12+00:00,39,27,0.6923076923076923,0.3076923076923077,0.005416666666666667,0.0819212962962963,0.16012731481481482,2
pooled,reversed,high_out_strength,officeofops,60219,109219,129604,0,1970-01-20T06:43:12+00:00,22,21,0.9545454545454546,0.045454545454545456,0.004525462962962963,0.048657407407407406,0.16025462962962964,3
pooled,reversed,high_out_strength,rajeev_mp,60219,109219,129604,0,1970-01-20T06:43:12+00:00,25,25,1.0,0.0,0.002013888888888889,0.08209490740740741,0.15599537037037037,1
pooled,reversed,high_out_strength,riturathaur,60219,109219,129604,0,1970-01-20T06:43:12+00:00,136,30,0.22058823529411764,0.7794117647058824,0.002372685185185185,0.07251157407407408,0.16416666666666666,3
pooled,reversed,high_out_strength,sadhvi_prachi,60219,109219,129604,0,1970-01-20T06:43:12+00:00,27,27,1.0,0.0,0.0071875,0.04479166666666667,0.16061342592592592,2
pooled,reversed,high_out_strength,starboy2079,60219,109219,129604,0,1970-01-20T06:43:12+00:00,27,24,0.8888888888888888,0.1111111111111111,0.0062268518518518515,0.06064814814814815,0.16520833333333335,1
pooled,reversed,high_out_strength,sushantnmehta,60219,109219,129604,0,1970-01-20T06:43:12+00:00,29,27,0.9310344827586207,0.06896551724137931,0.005474537037037037,0.10423611111111111,0.15386574074074075,2
pooled,reversed,high_out_strength,tamil1947,60219,109219,129604,0,1970-01-20T06:43:12+00:00,164,15,0.09146341463414634,0.9085365853658537,0.006273148148148148,0.056157407407407406,0.1637037037037037,3
pooled,reversed,high_out_strength,yogrishiramdev,60219,109219,129604,0,1970-01-20T06:43:12+00:00,20,20,1.0,0.0,0.0025,0.07244791666666667,0.15047453703703703,1
pooled,reversed,high_out_strength,cmohry,60219,109219,129604,0,1970-01-20T06:43:12+00:00,20,20,1.0,0.0,0.002025462962962963,0.10068287037037038,0.1642361111111111,1
pooled,reversed,high_out_strength,fltltanoopverma,60219,109219,129604,0,1970-01-20T06:43:12+00:00,287,31,0.10801393728222997,0.89198606271777,0.018206018518518517,0.12560185185185185,0.1652199074074074,4
pooled,reversed,high_out_strength,gauravcsawant,60219,109219,129604,0,1970-01-20T06:43:12+00:00,905,333,0.3679558011049724,0.6320441988950276,0.013287037037037036,0.11471064814814814,0.16554398148148147,5
pooled,reversed,high_out_strength,indiranisudala1,60219,109219,129604,0,1970-01-20T06:43:12+00:00,2,2,1.0,0.0,0.004421296296296296,0.04432291666666667,0.08422453703703704,1
pooled,reversed,high_out_strength,isudan_gadhvi,60219,109219,129604,0,1970-01-20T06:43:12+00:00,32,31,0.96875,0.03125,0.0028819444444444444,0.045335648148148146,0.16350694444444444,3
pooled,reversed,high_out_strength,kiranks,60219,109219,129604,0,1970-01-20T06:43:12+00:00,29,28,0.9655172413793104,0.034482758620689655,0.00443287037037037,0.11167245370370371,0.1612037037037037,3
pooled,reversed,high_out_strength,kishanreddybjp,60219,109219,129604,0,1970-01-20T06:43:12+00:00,32,25,0.78125,0.21875,0.0027314814814814814,0.10409722222222222,0.15631944444444446,2
pooled,reversed,high_out_strength,msdhoni,60219,109219,129604,0,1970-01-20T06:43:12+00:00,25,25,1.0,0.0,0.01361111111111111,0.056435185185185185,0.16399305555555554,1
pooled,reversed,high_out_strength,nramind,60219,109219,129604,0,1970-01-20T06:43:12+00:00,29,26,0.896551724137931,0.10344827586206896,0.02642361111111111,0.10817708333333334,0.16444444444444445,2
pooled,reversed,high_out_strength,rvaidya2000,60219,109219,129604,0,1970-01-20T06:43:12+00:00,44,36,0.8181818181818182,0.18181818181818182,0.006099537037037037,0.11472222222222223,0.16532407407407407,3
pooled,reversed,high_out_strength,scribe_prashant,60219,109219,129604,0,1970-01-20T06:43:12+00:00,27,27,1.0,0.0,0.0013310185185185185,0.058125,0.1269675925925926,3
pooled,reversed,high_out_strength,shaandelhite,60219,109219,129604,0,1970-01-20T06:43:12+00:00,35,25,0.7142857142857143,0.2857142857142857,0.011377314814814814,0.11952546296296296,0.1582060185185185,2
pooled,reversed,high_out_strength,shelarashish,60219,109219,129604,0,1970-01-20T06:43:12+00:00,22,20,0.9090909090909091,0.09090909090909091,0.0034027777777777776,0.08032986111111112,0.1642361111111111,2
pooled,reversed,high_out_strength,therealpcb,60219,109219,129604,0,1970-01-20T06:43:12+00:00,26,24,0.9230769230769231,0.07692307692307693,0.0033912037037037036,0.004780092592592593,0.1477314814814815,2
pooled,reversed,high_out_strength,trspartyonline,60219,109219,129604,0,1970-01-20T06:43:12+00:00,188,32,0.1702127659574468,0.8297872340425532,0.0016087962962962963,0.055011574074074074,0.1621875,4
pooled,reversed,high_out_strength,vishaldadlani,60219,109219,129604,0,1970-01-20T06:43:12+00:00,24,24,1.0,0.0,0.0036574074074074074,0.08288194444444444,0.16275462962962964,1
pooled,reversed,high_out_strength,anumavidisha,60219,109219,129604,0,1970-01-20T06:43:12+00:00,29,28,0.9655172413793104,0.034482758620689655,0.0021759259259259258,0.04867476851851851,0.14530092592592592,2
pooled,reversed,high_out_strength,ashwinravi99,60219,109219,129604,0,1970-01-20T06:43:12+00:00,23,23,1.0,0.0,0.001261574074074074,0.07177083333333334,0.15871527777777777,1
pooled,reversed,high_out_strength,audaciousquest_,60219,109219,129604,0,1970-01-20T06:43:12+00:00,180,30,0.16666666666666666,0.8333333333333334,0.0008680555555555555,0.031614583333333335,0.1637037037037037,4
pooled,reversed,high_out_strength,dkshivakumar,60219,109219,129604,0,1970-01-20T06:43:12+00:00,688,71,0.10319767441860465,0.8968023255813954,0.0024305555555555556,0.13332175925925926,0.16425925925925927,3
pooled,reversed,high_out_strength,gen_vksingh,60219,109219,129604,0,1970-01-20T06:43:12+00:00,24,22,0.9166666666666666,0.08333333333333333,0.0019560185185185184,0.08305555555555555,0.15773148148148147,1
pooled,reversed,high_out_strength,gganeshhh,60219,109219,129604,0,1970-01-20T06:43:12+00:00,204,31,0.15196078431372548,0.8480392156862745,0.0012037037037037038,0.09424768518518518,0.16135416666666666,2
pooled,reversed,high_out_strength,joebiden,60219,109219,129604,0,1970-01-20T06:43:12+00:00,23,23,1.0,0.0,0.009467592592592593,0.11699074074074074,0.16552083333333334,1
pooled,reversed,high_out_strength,kukk44,60219,109219,129604,0,1970-01-20T06:43:12+00:00,168,19,0.1130952380952381,0.8869047619047619,0.006273148148148148,0.06922453703703704,0.1637037037037037,3
pooled,reversed,high_out_strength,lakotaman1,60219,109219,129604,0,1970-01-20T06:43:12+00:00,24,24,1.0,0.0,0.00787037037037037,0.057123842592592594,0.15197916666666667,1
pooled,reversed,high_out_strength,livelawindia,60219,109219,129604,0,1970-01-20T06:43:12+00:00,38,23,0.6052631578947368,0.39473684210526316,0.003460648148148148,0.09416666666666666,0.16380787037037037,2
pooled,reversed,high_out_strength,manishtewari,60219,109219,129604,0,1970-01-20T06:43:12+00:00,23,23,1.0,0.0,0.0023032407407407407,0.0628587962962963,0.16431712962962963,2
pooled,reversed,high_out_strength,mepratap,60219,109219,129604,0,1970-01-20T06:43:12+00:00,34,24,0.7058823529411765,0.29411764705882354,0.011851851851851851,0.08174189814814814,0.1633101851851852,1
pooled,reversed,high_out_strength,mmkeeravaani,60219,109219,129604,0,1970-01-20T06:43:12+00:00,24,24,1.0,0.0,0.08841435185185186,0.08913194444444444,0.15475694444444443,2
pooled,reversed,high_out_strength,news7tamil,60219,109219,129604,0,1970-01-20T06:43:12+00:00,17,17,1.0,0.0,0.004386574074074074,0.10519675925925925,0.1578125,1
pooled,reversed,high_out_strength,p_sahibsingh,60219,109219,129604,0,1970-01-20T06:43:12+00:00,48,31,0.6458333333333334,0.3541666666666667,0.011342592592592593,0.09780092592592593,0.16409722222222223,4
pooled,reversed,high_reverse_PageRank,narendramodi,60219,109219,129604,0,1970-01-20T06:43:12+00:00,13251,11438,0.8631801373481247,0.13681986265187532,0.0,0.07811342592592592,0.16563657407407406,5
pooled,reversed,high_reverse_PageRank,rahulgandhi,60219,109219,129604,0,1970-01-20T06:43:12+00:00,6140,4471,0.7281758957654723,0.2718241042345277,1.1574074074074073e-05,0.09171296296296297,0.16564814814814816,5
pooled,reversed,high_reverse_PageRank,ikamalhaasan,60219,109219,129604,0,1970-01-20T06:43:12+00:00,6194,2597,0.41927671940587663,0.5807232805941234,1.1574074074074073e-05,0.13405092592592593,0.16564814814814816,5
pooled,reversed,high_reverse_PageRank,bjp4india,60219,109219,129604,0,1970-01-20T06:43:12+00:00,4515,3377,0.7479512735326689,0.2520487264673311,1.1574074074074073e-05,0.08128472222222222,0.16555555555555557,3
pooled,reversed,high_reverse_PageRank,arvindkejriwal,60219,109219,129604,0,1970-01-20T06:43:12+00:00,3690,2174,0.589159891598916,0.41084010840108404,0.0006365740740740741,0.08669560185185185,0.16560185185185186,6
pooled,reversed,high_reverse_PageRank,incindia,60219,109219,129604,0,1970-01-20T06:43:12+00:00,3838,2646,0.689421573736321,0.310578426263679,8.101851851851852e-05,0.09763310185185185,0.16559027777777777,4
pooled,reversed,high_reverse_PageRank,kcvenugopalmp,60219,109219,129604,0,1970-01-20T06:43:12+00:00,3889,1409,0.36230393417330936,0.6376960658266907,0.003993055555555555,0.1305902777777778,0.16559027777777777,5
pooled,reversed,high_reverse_PageRank,amitshah,60219,109219,129604,0,1970-01-20T06:43:12+00:00,4026,2239,0.5561351217088922,0.4438648782911078,1.1574074074074073e-05,0.0828125,0.16559027777777777,4
pooled,reversed,high_reverse_PageRank,bcci,60219,109219,129604,0,1970-01-20T06:43:12+00:00,1153,910,0.7892454466608847,0.21075455333911536,0.0008796296296296296,0.05046296296296296,0.16555555555555557,4
pooled,reversed,high_reverse_PageRank,ani,60219,109219,129604,0,1970-01-20T06:43:12+00:00,1170,944,0.8068376068376069,0.19316239316239317,0.0003125,0.10090856481481482,0.16555555555555557,4
pooled,reversed,high_reverse_PageRank,pmoindia,60219,109219,129604,0,1970-01-20T06:43:12+00:00,1924,1658,0.8617463617463618,0.13825363825363826,8.101851851851852e-05,0.08267939814814815,0.16534722222222223,4
pooled,reversed,high_reverse_PageRank,shashitharoor,60219,109219,129604,0,1970-01-20T06:43:12+00:00,1553,1277,0.8222794591113973,0.1777205408886027,0.00037037037037037035,0.09619212962962963,0.16556712962962963,5
pooled,reversed,high_reverse_PageRank,ashoswai,60219,109219,129604,0,1970-01-20T06:43:12+00:00,762,356,0.4671916010498688,0.5328083989501312,0.0005324074074074074,0.07737847222222222,0.16538194444444446,3
pooled,reversed,high_reverse_PageRank,sardesairajdeep,60219,109219,129604,0,1970-01-20T06:43:12+00:00,1394,1081,0.7754662840746055,0.22453371592539456,3.472222222222222e-05,0.09565972222222222,0.16555555555555557,5
pooled,reversed,high_reverse_PageRank,supriyashrinate,60219,109219,129604,0,1970-01-20T06:43:12+00:00,681,469,0.6886930983847284,0.31130690161527164,0.0006018518518518519,0.1165625,0.16541666666666666,3
pooled,reversed,high_reverse_PageRank,casmudde,60219,109219,129604,0,1970-01-20T06:43:12+00:00,763,67,0.08781127129750983,0.9121887287024901,0.13653935185185184,0.15358796296296295,0.16538194444444446,3
pooled,reversed,high_reverse_PageRank,aamaadmiparty,60219,109219,129604,0,1970-01-20T06:43:12+00:00,1002,650,0.6487025948103793,0.35129740518962077,0.0011805555555555556,0.08525462962962962,0.165625,4
pooled,reversed,high_reverse_PageRank,pawarspeaks,60219,109219,129604,0,1970-01-20T06:43:12+00:00,3974,114,0.02868646200301963,0.9713135379969804,0.001574074074074074,0.10577546296296297,0.16530092592592593,3
pooled,reversed,high_reverse_PageRank,indian_analyzer,60219,109219,129604,0,1970-01-20T06:43:12+00:00,400,208,0.52,0.48,0.0007638888888888889,0.07576967592592593,0.16530092592592593,4
pooled,reversed,high_reverse_PageRank,authackeray,60219,109219,129604,0,1970-01-20T06:43:12+00:00,3933,76,0.01932367149758454,0.9806763285024155,0.00028935185185185184,0.10004050925925925,0.16556712962962963,4
pooled,reversed,high_reverse_PageRank,officeofut,60219,109219,129604,0,1970-01-20T06:43:12+00:00,3928,54,0.01374745417515275,0.9862525458248472,0.008425925925925925,0.13907407407407407,0.16556712962962963,3
pooled,reversed,high_reverse_PageRank,rishisunak,60219,109219,129604,0,1970-01-20T06:43:12+00:00,459,411,0.8954248366013072,0.10457516339869281,0.005439814814814815,0.06612268518518519,0.1654861111111111,4
pooled,reversed,high_reverse_PageRank,ndtv,60219,109219,129604,0,1970-01-20T06:43:12+00:00,679,593,0.8733431516936672,0.12665684830633284,0.0010763888888888889,0.07214120370370371,0.16555555555555557,4
pooled,reversed,high_reverse_PageRank,smritiirani,60219,109219,129604,0,1970-01-20T06:43:12+00:00,1033,400,0.3872216844143272,0.6127783155856728,0.0005324074074074074,0.09828125,0.1655787037037037,4
pooled,reversed,high_reverse_PageRank,elonmusk,60219,109219,129604,0,1970-01-20T06:43:12+00:00,562,390,0.693950177935943,0.30604982206405695,0.010625,0.06730324074074073,0.16563657407407406,4
pooled,reversed,high_reverse_PageRank,republic,60219,109219,129604,0,1970-01-20T06:43:12+00:00,473,416,0.879492600422833,0.12050739957716702,0.0009837962962962962,0.08888888888888888,0.16512731481481482,3
pooled,reversed,high_reverse_PageRank,barryofarrell,60219,109219,129604,0,1970-01-20T06:43:12+00:00,1556,125,0.08033419023136247,0.9196658097686375,0.11947916666666666,0.14526620370370372,0.16556712962962963,3
pooled,reversed,high_reverse_PageRank,sarahkirlew,60219,109219,129604,0,1970-01-20T06:43:12+00:00,1555,124,0.0797427652733119,0.9202572347266881,0.12552083333333333,0.14527199074074076,0.16556712962962963,3
pooled,reversed,high_reverse_PageRank,swamy39,60219,109219,129604,0,1970-01-20T06:43:12+00:00,545,347,0.636697247706422,0.363302752293578,0.0005092592592592592,0.0861574074074074,0.16467592592592592,3
pooled,reversed,high_reverse_PageRank,jhasanjay,60219,109219,129604,0,1970-01-20T06:43:12+00:00,841,356,0.4233055885850178,0.5766944114149821,0.0008680555555555555,0.10927662037037036,0.16555555555555557,4
pooled,reversed,high_reverse_PageRank,priyankagandhi,60219,109219,129604,0,1970-01-20T06:43:12+00:00,1859,1217,0.6546530392684239,0.3453469607315761,0.00024305555555555555,0.10002314814814815,0.16559027777777777,5
pooled,reversed,high_reverse_PageRank,mahuamoitra,60219,109219,129604,0,1970-01-20T06:43:12+00:00,277,211,0.7617328519855595,0.23826714801444043,0.0006134259259259259,0.1158912037037037,0.16524305555555555,3
pooled,reversed,high_reverse_PageRank,annamalai_k,60219,109219,129604,0,1970-01-20T06:43:12+00:00,1305,793,0.6076628352490422,0.39233716475095787,0.0016666666666666668,0.1064699074074074,0.16563657407407406,5
pooled,reversed,high_reverse_PageRank,jairam_ramesh,60219,109219,129604,0,1970-01-20T06:43:12+00:00,1016,351,0.3454724409448819,0.6545275590551181,0.000462962962962963,0.09869212962962963,0.16559027777777777,3
pooled,reversed,high_reverse_PageRank,bhagwantmann,60219,109219,129604,0,1970-01-20T06:43:12+00:00,1062,322,0.3032015065913371,0.696798493408663,0.0011805555555555556,0.14145254629629628,0.165625,4
pooled,reversed,high_reverse_PageRank,raokavitha,60219,109219,129604,0,1970-01-20T06:43:12+00:00,135,124,0.9185185185185185,0.08148148148148149,0.0016898148148148148,0.14958333333333335,0.16439814814814815,2
pooled,reversed,high_reverse_PageRank,politics_2022_,60219,109219,129604,0,1970-01-20T06:43:12+00:00,375,192,0.512,0.488,0.0008101851851851852,0.0380150462962963,0.1655324074074074,4
pooled,reversed,high_reverse_PageRank,timesofindia,60219,109219,129604,0,1970-01-20T06:43:12+00:00,634,355,0.5599369085173501,0.4400630914826498,0.000462962962962963,0.10832175925925926,0.16559027777777777,4
pooled,reversed,high_reverse_PageRank,rishibagree,60219,109219,129604,0,1970-01-20T06:43:12+00:00,542,276,0.5092250922509225,0.4907749077490775,0.0006597222222222222,0.09344907407407407,0.16555555555555557,3
pooled,reversed,high_reverse_PageRank,puram_politics,60219,109219,129604,0,1970-01-20T06:43:12+00:00,282,159,0.5638297872340425,0.43617021276595747,0.0024074074074074076,0.1411689814814815,0.16519675925925925,4
pooled,reversed,high_reverse_PageRank,indiatoday,60219,109219,129604,0,1970-01-20T06:43:12+00:00,867,553,0.6378316032295271,0.3621683967704729,1.1574074074074073e-05,0.1003587962962963,0.16554398148148147,4
pooled,reversed,high_reverse_PageRank,amitmalviya,60219,109219,129604,0,1970-01-20T06:43:12+00:00,626,423,0.6757188498402555,0.3242811501597444,0.0006018518518518519,0.0946412037037037,0.16555555555555557,4
pooled,reversed,high_reverse_PageRank,sbabones,60219,109219,129604,0,1970-01-20T06:43:12+00:00,1188,485,0.40824915824915825,0.5917508417508418,0.001574074074074074,0.12449074074074074,0.16530092592592593,6
pooled,reversed,high_reverse_PageRank,aajtak,60219,109219,129604,0,1970-01-20T06:43:12+00:00,447,375,0.8389261744966443,0.1610738255033557,0.0001273148148148148,0.08421296296296296,0.16555555555555557,4
pooled,reversed,high_reverse_PageRank,timesnow,60219,109219,129604,0,1970-01-20T06:43:12+00:00,550,364,0.6618181818181819,0.3381818181818182,8.101851851851852e-05,0.08559606481481481,0.1646875,4
pooled,reversed,high_reverse_PageRank,pbhushan1,60219,109219,129604,0,1970-01-20T06:43:12+00:00,429,304,0.7086247086247086,0.2913752913752914,0.0017592592592592592,0.10203703703703704,0.16555555555555557,4
pooled,reversed,high_reverse_PageRank,kharge,60219,109219,129604,0,1970-01-20T06:43:12+00:00,635,343,0.5401574803149606,0.45984251968503936,0.0020717592592592593,0.06079861111111111,0.1655324074074074,5
pooled,reversed,high_reverse_PageRank,mamataofficial,60219,109219,129604,0,1970-01-20T06:43:12+00:00,581,383,0.6592082616179001,0.3407917383820998,0.00032407407407407406,0.08337962962962962,0.16489583333333332,4
pooled,reversed,high_reverse_PageRank,prakashraaj,60219,109219,129604,0,1970-01-20T06:43:12+00:00,219,201,0.9178082191780822,0.0821917808219178,0.004293981481481481,0.065625,0.16483796296296296,4
pooled,reversed,high_reverse_PageRank,youtube,60219,109219,129604,0,1970-01-20T06:43:12+00:00,487,212,0.4353182751540041,0.5646817248459959,0.0038425925925925928,0.12879050925925925,0.1652199074074074,4
pooled,reversed,high_reverse_PageRank,tajinderbagga,60219,109219,129604,0,1970-01-20T06:43:12+00:00,446,254,0.5695067264573991,0.4304932735426009,0.0002777777777777778,0.08653935185185185,0.16560185185185186,4
pooled,reversed,high_reverse_PageRank,vivekagnihotri,60219,109219,129604,0,1970-01-20T06:43:12+00:00,194,172,0.8865979381443299,0.1134020618556701,0.0002777777777777778,0.0996875,0.16350694444444444,2
pooled,reversed,high_reverse_PageRank,imrankhanpti,60219,109219,129604,0,1970-01-20T06:43:12+00:00,733,321,0.4379263301500682,0.5620736698499318,0.00020833333333333335,0.09729166666666667,0.16518518518518518,5
pooled,reversed,high_reverse_PageRank,msisodia,60219,109219,129604,0,1970-01-20T06:43:12+00:00,505,185,0.36633663366336633,0.6336633663366337,0.001400462962962963,0.13420138888888888,0.1655787037037037,3
pooled,reversed,high_reverse_PageRank,drsjaishankar,60219,109219,129604,0,1970-01-20T06:43:12+00:00,1157,698,0.6032843560933449,0.39671564390665515,0.0011342592592592593,0.11782407407407408,0.16559027777777777,5
pooled,reversed,high_reverse_PageRank,srinivasiyc,60219,109219,129604,0,1970-01-20T06:43:12+00:00,185,168,0.9081081081081082,0.0918918918918919,4.6296296296296294e-05,0.07550347222222223,0.16508101851851853,3
pooled,reversed,high_reverse_PageRank,aranganathan72,60219,109219,129604,0,1970-01-20T06:43:12+00:00,314,209,0.6656050955414012,0.3343949044585987,0.0025694444444444445,0.11981481481481482,0.16555555555555557,3
pooled,reversed,high_reverse_PageRank,meghupdates,60219,109219,129604,0,1970-01-20T06:43:12+00:00,380,106,0.2789473684210526,0.7210526315789474,0.09040509259259259,0.13496527777777778,0.16524305555555555,2
pooled,reversed,high_reverse_PageRank,myogiadityanath,60219,109219,129604,0,1970-01-20T06:43:12+00:00,479,295,0.615866388308977,0.38413361169102295,0.00017361111111111112,0.08461805555555556,0.16480324074074074,3
pooled,reversed,high_reverse_PageRank,piyushgoyal,60219,109219,129604,0,1970-01-20T06:43:12+00:00,930,322,0.34623655913978496,0.6537634408602151,0.0004398148148148148,0.07555555555555556,0.1654050925925926,3
pooled,reversed,high_reverse_PageRank,arunjaitley,60219,109219,129604,0,1970-01-20T06:43:12+00:00,604,387,0.640728476821192,0.35927152317880795,0.0006712962962962962,0.07442129629629629,0.1647337962962963,4
pooled,reversed,high_reverse_PageRank,rvcj_fb,60219,109219,129604,0,1970-01-20T06:43:12+00:00,70,70,1.0,0.0,0.000625,0.07493634259259259,0.16520833333333335,2
pooled,reversed,high_reverse_PageRank,pawankalyan,60219,109219,129604,0,1970-01-20T06:43:12+00:00,108,104,0.9629629629629629,0.037037037037037035,0.0014814814814814814,0.0789988425925926,0.1633564814814815,2
pooled,reversed,high_reverse_PageRank,sambitswaraj,60219,109219,129604,0,1970-01-20T06:43:12+00:00,1077,275,0.255338904363974,0.744661095636026,0.0012037037037037038,0.09412037037037037,0.16554398148148147,3
pooled,reversed,high_reverse_PageRank,pchidambaram_in,60219,109219,129604,0,1970-01-20T06:43:12+00:00,326,148,0.4539877300613497,0.5460122699386503,0.00125,0.060474537037037035,0.16563657407407406,4
pooled,reversed,high_reverse_PageRank,priyankac19,60219,109219,129604,0,1970-01-20T06:43:12+00:00,713,543,0.761570827489481,0.23842917251051893,0.00037037037037037035,0.08913194444444444,0.16546296296296295,5
pooled,reversed,high_reverse_PageRank,nitin_gadkari,60219,109219,129604,0,1970-01-20T06:43:12+00:00,496,289,0.5826612903225806,0.4173387096774194,0.00037037037037037035,0.10712962962962963,0.16555555555555557,4
pooled,reversed,high_reverse_PageRank,akshaykumar,60219,109219,129604,0,1970-01-20T06:43:12+00:00,416,263,0.6322115384615384,0.36778846153846156,0.001863425925925926,0.09798611111111111,0.16555555555555557,4
pooled,reversed,high_reverse_PageRank,mufaddal_vohra,60219,109219,129604,0,1970-01-20T06:43:12+00:00,107,106,0.9906542056074766,0.009345794392523364,0.0033564814814814816,0.06818865740740741,0.165625,2
pooled,reversed,high_reverse_PageRank,dhruv_rathee,60219,109219,129604,0,1970-01-20T06:43:12+00:00,292,132,0.4520547945205479,0.547945205479452,0.0012962962962962963,0.0711863425925926,0.16386574074074073,4
pooled,reversed,high_reverse_PageRank,shehzad_ind,60219,109219,129604,0,1970-01-20T06:43:12+00:00,1315,555,0.4220532319391635,0.5779467680608364,0.0021064814814814813,0.10644675925925925,0.16554398148148147,4
pooled,reversed,high_reverse_PageRank,news24tvchannel,60219,109219,129604,0,1970-01-20T06:43:12+00:00,498,120,0.24096385542168675,0.7590361445783133,0.004849537037037037,0.10059606481481481,0.1650925925925926,2
pooled,reversed,high_reverse_PageRank,yadavakhilesh,60219,109219,129604,0,1970-01-20T06:43:12+00:00,393,235,0.5979643765903307,0.4020356234096692,0.0009143518518518518,0.08398148148148148,0.1652199074074074,4
pooled,reversed,high_reverse_PageRank,tejasvi_surya,60219,109219,129604,0,1970-01-20T06:43:12+00:00,1091,715,0.6553620531622365,0.3446379468377635,0.0019444444444444444,0.09962962962962962,0.16554398148148147,5
pooled,reversed,high_reverse_PageRank,nytimes,60219,109219,129604,0,1970-01-20T06:43:12+00:00,468,130,0.2777777777777778,0.7222222222222222,0.006145833333333333,0.13641203703703703,0.16563657407407406,4
pooled,reversed,high_reverse_PageRank,ecisveep,60219,109219,129604,0,1970-01-20T06:43:12+00:00,446,258,0.57847533632287,0.42152466367713004,0.0013310185185185185,0.08021412037037037,0.16539351851851852,4
pooled,reversed,high_reverse_PageRank,imjadeja,60219,109219,129604,0,1970-01-20T06:43:12+00:00,101,100,0.9900990099009901,0.009900990099009901,0.023460648148148147,0.04580439814814814,0.15739583333333335,3
pooled,reversed,high_reverse_PageRank,iamsanjusamson,60219,109219,129604,0,1970-01-20T06:43:12+00:00,139,135,0.9712230215827338,0.02877697841726619,0.026504629629629628,0.04630787037037037,0.16234953703703703,2
pooled,reversed,high_reverse_PageRank,pawankhera,60219,109219,129604,0,1970-01-20T06:43:12+00:00,368,205,0.5570652173913043,0.4429347826086957,0.001238425925925926,0.1243287037037037,0.16523148148148148,3
pooled,reversed,high_reverse_PageRank,vikrantgupta73,60219,109219,129604,0,1970-01-20T06:43:12+00:00,97,93,0.9587628865979382,0.041237113402061855,0.0033564814814814816,0.04908564814814815,0.16554398148148147,2
pooled,reversed,high_reverse_PageRank,pti_news,60219,109219,129604,0,1970-01-20T06:43:12+00:00,242,204,0.8429752066115702,0.15702479338842976,0.0011342592592592593,0.09083912037037037,0.16555555555555557,4
pooled,reversed,high_reverse_PageRank,rohini_sgh,60219,109219,129604,0,1970-01-20T06:43:12+00:00,478,104,0.2175732217573222,0.7824267782426778,0.0014814814814814814,0.04384259259259259,0.1613425925925926,3
pooled,reversed,high_reverse_PageRank,criccrazyjohns,60219,109219,129604,0,1970-01-20T06:43:12+00:00,74,71,0.9594594594594594,0.04054054054054054,0.0033449074074074076,0.07320601851851852,0.16549768518518518,2
pooled,reversed,high_reverse_PageRank,ncbn,60219,109219,129604,0,1970-01-20T06:43:12+00:00,335,173,0.5164179104477612,0.4835820895522388,0.001574074074074074,0.07655092592592593,0.16530092592592593,4
pooled,reversed,high_reverse_PageRank,shekhargupta,60219,109219,129604,0,1970-01-20T06:43:12+00:00,713,291,0.40813464235624125,0.5918653576437588,0.0014351851851851852,0.1025462962962963,0.16543981481481482,6
pooled,reversed,high_reverse_PageRank,rokhanna,60219,109219,129604,0,1970-01-20T06:43:12+00:00,129,105,0.813953488372093,0.18604651162790697,0.026493055555555554,0.16243055555555555,0.1654861111111111,2
pooled,reversed,high_reverse_PageRank,rajnathsingh,60219,109219,129604,0,1970-01-20T06:43:12+00:00,483,301,0.6231884057971014,0.37681159420289856,0.0007523148148148148,0.08645833333333333,0.16458333333333333,4
pooled,reversed,high_reverse_PageRank,jayshah,60219,109219,129604,0,1970-01-20T06:43:12+00:00,132,130,0.9848484848484849,0.015151515151515152,0.003321759259259259,0.048900462962962965,0.1592361111111111,2
pooled,reversed,high_reverse_PageRank,sanjayazadsln,60219,109219,129604,0,1970-01-20T06:43:12+00:00,285,125,0.43859649122807015,0.5614035087719298,0.002372685185185185,0.1335763888888889,0.16555555555555557,3
pooled,reversed,high_reverse_PageRank,raghav_chadha,60219,109219,129604,0,1970-01-20T06:43:12+00:00,325,147,0.4523076923076923,0.5476923076923077,0.007430555555555556,0.0667013888888889,0.16447916666666668,4
pooled,reversed,high_reverse_PageRank,nsitharaman,60219,109219,129604,0,1970-01-20T06:43:12+00:00,328,274,0.8353658536585366,0.16463414634146342,5.787037037037037e-05,0.09342013888888889,0.1646412037037037,3
pooled,reversed,high_reverse_PageRank,indianexpress,60219,109219,129604,0,1970-01-20T06:43:12+00:00,374,195,0.5213903743315508,0.4786096256684492,0.0017592592592592592,0.08127314814814815,0.1637037037037037,4
pooled,reversed,high_reverse_PageRank,thewire_in,60219,109219,129604,0,1970-01-20T06:43:12+00:00,689,150,0.21770682148040638,0.7822931785195936,0.000625,0.09951388888888889,0.16497685185185185,4
pooled,reversed,high_reverse_PageRank,zoo_bear,60219,109219,129604,0,1970-01-20T06:43:12+00:00,289,134,0.46366782006920415,0.5363321799307958,0.0006828703703703704,0.09825810185185185,0.16444444444444445,3
pooled,reversed,high_reverse_PageRank,mrsgandhi,60219,109219,129604,0,1970-01-20T06:43:12+00:00,133,124,0.9323308270676691,0.06766917293233082,0.005636574074074074,0.07298611111111111,0.16447916666666668,3
pooled,reversed,high_reverse_PageRank,_faridkhan,60219,109219,129604,0,1970-01-20T06:43:12+00:00,69,66,0.9565217391304348,0.043478260869565216,0.003472222222222222,0.09232638888888889,0.16421296296296295,2
pooled,reversed,high_reverse_PageRank,mkstalin,60219,109219,129604,0,1970-01-20T06:43:12+00:00,295,176,0.5966101694915255,0.4033898305084746,0.0002546296296296296,0.11766782407407407,0.16555555555555557,3
pooled,reversed,high_reverse_PageRank,drshamamohd,60219,109219,129604,0,1970-01-20T06:43:12+00:00,254,102,0.4015748031496063,0.5984251968503937,0.0027314814814814814,0.06131365740740741,0.16530092592592593,4
pooled,reversed,high_reverse_PageRank,httweets,60219,109219,129604,0,1970-01-20T06:43:12+00:00,195,153,0.7846153846153846,0.2153846153846154,0.0011111111111111111,0.08783564814814815,0.1647685185185185,3
pooled,reversed,high_reverse_PageRank,sagarikaghose,60219,109219,129604,0,1970-01-20T06:43:12+00:00,297,208,0.7003367003367004,0.2996632996632997,0.0016898148148148148,0.10157407407407407,0.1655787037037037,4
pooled,reversed,high_reverse_PageRank,imvkohli,60219,109219,129604,0,1970-01-20T06:43:12+00:00,314,217,0.6910828025477707,0.3089171974522293,0.002777777777777778,0.08859953703703703,0.16555555555555557,4
pooled,reversed,high_reverse_PageRank,ktrtrs,60219,109219,129604,0,1970-01-20T06:43:12+00:00,164,157,0.9573170731707317,0.042682926829268296,0.0013310185185185185,0.049039351851851855,0.16118055555555555,3
pooled,reversed,high_reverse_PageRank,jpnadda,60219,109219,129604,0,1970-01-20T06:43:12+00:00,710,263,0.3704225352112676,0.6295774647887324,0.0012731481481481483,0.10234953703703703,0.1653587962962963,3
pooled,reversed,high_reverse_PageRank,richachadha,60219,109219,129604,0,1970-01-20T06:43:12+00:00,126,104,0.8253968253968254,0.1746031746031746,0.040185185185185185,0.04200231481481481,0.1654861111111111,2
pooled,reversed,high_reverse_PageRank,martina,60219,109219,129604,0,1970-01-20T06:43:12+00:00,138,112,0.8115942028985508,0.18840579710144928,0.0006481481481481481,0.004079861111111111,0.16502314814814814,3
pooled,reversed,high_reverse_PageRank,bhogleharsha,60219,109219,129604,0,1970-01-20T06:43:12+00:00,90,87,0.9666666666666667,0.03333333333333333,0.003449074074074074,0.05358796296296296,0.16409722222222223,3
pooled,reversed,high_reverse_PageRank,gautamgambhir,60219,109219,129604,0,1970-01-20T06:43:12+00:00,128,125,0.9765625,0.0234375,0.0005902777777777778,0.0615625,0.16409722222222223,4
pooled,reversed,high_reverse_PageRank,sudhirchaudhary,60219,109219,129604,0,1970-01-20T06:43:12+00:00,135,128,0.9481481481481482,0.05185185185185185,0.001736111111111111,0.0940162037037037,0.1654050925925926,2
pooled,reversed,high_reverse_PageRank,rubikaliyaquat,60219,109219,129604,0,1970-01-20T06:43:12+00:00,107,97,0.9065420560747663,0.09345794392523364,0.0021412037037037038,0.09430555555555556,0.16527777777777777,3
pooled,reversed,high_reverse_PageRank,bbchindi,60219,109219,129604,0,1970-01-20T06:43:12+00:00,136,80,0.5882352941176471,0.4117647058823529,0.0022453703703703702,0.10267361111111112,0.1647337962962963,4
pooled,reversed,high_reverse_PageRank,dev_fadnavis,60219,109219,129604,0,1970-01-20T06:43:12+00:00,200,180,0.9,0.1,0.0014814814814814814,0.07471643518518518,0.1651388888888889,2
pooled,reversed,high_reverse_PageRank,enraged_indian,60219,109219,129604,0,1970-01-20T06:43:12+00:00,105,82,0.780952380952381,0.21904761904761905,0.0011458333333333333,0.12638310185185186,0.16555555555555557,3
pooled,reversed,high_reverse_PageRank,bdutt,60219,109219,129604,0,1970-01-20T06:43:12+00:00,582,180,0.30927835051546393,0.6907216494845361,0.00042824074074074075,0.08921875,0.16484953703703703,3
pooled,reversed,high_reverse_PageRank,sumanthraman,60219,109219,129604,0,1970-01-20T06:43:12+00:00,88,77,0.875,0.125,0.002395833333333333,0.10158564814814815,0.16525462962962964,2
pooled,reversed,high_reverse_PageRank,espncricinfo,60219,109219,129604,0,1970-01-20T06:43:12+00:00,49,48,0.9795918367346939,0.02040816326530612,0.003449074074074074,0.046481481481481485,0.1655324074074074,1
pooled,reversed,high_reverse_PageRank,kirenrijiju,60219,109219,129604,0,1970-01-20T06:43:12+00:00,440,174,0.39545454545454545,0.6045454545454545,0.0005555555555555556,0.1288599537037037,0.16555555555555557,3
pooled,reversed,high_reverse_PageRank,sushmaswaraj,60219,109219,129604,0,1970-01-20T06:43:12+00:00,239,194,0.8117154811715481,0.18828451882845187,0.0011574074074074073,0.09256365740740741,0.16453703703703704,3
pooled,reversed,high_reverse_PageRank,arfasays_,60219,109219,129604,0,1970-01-20T06:43:12+00:00,58,58,1.0,0.0,0.0033796296296296296,0.01876736111111111,0.15159722222222222,2
pooled,reversed,high_reverse_PageRank,majorgauravarya,60219,109219,129604,0,1970-01-20T06:43:12+00:00,368,145,0.39402173913043476,0.6059782608695652,0.0006597222222222222,0.11627314814814815,0.1652199074074074,4
pooled,reversed,high_reverse_PageRank,kapilmishra_ind,60219,109219,129604,0,1970-01-20T06:43:12+00:00,135,123,0.9111111111111111,0.08888888888888889,0.0009837962962962962,0.08123842592592592,0.16530092592592593,4
pooled,reversed,high_reverse_PageRank,kapilsibal,60219,109219,129604,0,1970-01-20T06:43:12+00:00,266,97,0.36466165413533835,0.6353383458646616,0.0016898148148148148,0.11623842592592593,0.16560185185185186,4
pooled,reversed,high_reverse_PageRank,aditisinghinc,60219,109219,129604,0,1970-01-20T06:43:12+00:00,842,265,0.3147268408551069,0.6852731591448931,0.053009259259259256,0.12980324074074073,0.16555555555555557,4
pooled,reversed,high_reverse_PageRank,ysjagan,60219,109219,129604,0,1970-01-20T06:43:12+00:00,254,89,0.35039370078740156,0.6496062992125984,0.0011458333333333333,0.08935185185185185,0.16444444444444445,4
pooled,reversed,high_reverse_PageRank,anandmahindra,60219,109219,129604,0,1970-01-20T06:43:12+00:00,55,54,0.9818181818181818,0.01818181818181818,0.005555555555555556,0.01509837962962963,0.16246527777777778,2
pooled,reversed,high_reverse_PageRank,shefvaidya,60219,109219,129604,0,1970-01-20T06:43:12+00:00,319,142,0.445141065830721,0.554858934169279,1.1574074074074073e-05,0.09809606481481481,0.16539351851851852,3
pooled,reversed,high_reverse_PageRank,semafor,60219,109219,129604,0,1970-01-20T06:43:12+00:00,583,177,0.30360205831903947,0.6963979416809606,0.0036226851851851854,0.09109953703703703,0.16484953703703703,4
pooled,reversed,high_reverse_PageRank,zeenews,60219,109219,129604,0,1970-01-20T06:43:12+00:00,159,158,0.9937106918238994,0.006289308176100629,0.0009953703703703704,0.08802662037037037,0.16310185185185186,2
pooled,reversed,high_reverse_PageRank,aitcofficial,60219,109219,129604,0,1970-01-20T06:43:12+00:00,413,178,0.43099273607748184,0.5690072639225182,0.00015046296296296297,0.08279513888888888,0.16461805555555556,3
pooled,reversed,high_reverse_PageRank,theprintindia,60219,109219,129604,0,1970-01-20T06:43:12+00:00,614,155,0.252442996742671,0.747557003257329,0.0005439814814814814,0.1404050925925926,0.16543981481481482,5
pooled,reversed,high_reverse_PageRank,majorpoonia,60219,109219,129604,0,1970-01-20T06:43:12+00:00,210,136,0.6476190476190476,0.3523809523809524,0.0002777777777777778,0.09178819444444444,0.16555555555555557,3
pooled,reversed,high_reverse_PageRank,himantabiswa,60219,109219,129604,0,1970-01-20T06:43:12+00:00,106,95,0.8962264150943396,0.10377358490566038,0.006446759259259259,0.09972222222222223,0.16555555555555557,2
pooled,reversed,high_reverse_PageRank,officialdgispr,60219,109219,129604,0,1970-01-20T06:43:12+00:00,48,48,1.0,0.0,0.00045138888888888887,0.056533564814814814,0.1566898148148148,2
pooled,reversed,high_reverse_PageRank,imro45,60219,109219,129604,0,1970-01-20T06:43:12+00:00,114,109,0.956140350877193,0.043859649122807015,0.004629629629629629,0.05364583333333333,0.1641550925925926,2
pooled,reversed,high_reverse_PageRank,bjp4karnataka,60219,109219,129604,0,1970-01-20T06:43:12+00:00,287,220,0.7665505226480837,0.23344947735191637,0.002013888888888889,0.09503472222222223,0.1641550925925926,3
pooled,reversed,high_reverse_PageRank,profdilipmandal,60219,109219,129604,0,1970-01-20T06:43:12+00:00,738,209,0.28319783197831977,0.7168021680216802,0.011469907407407408,0.13135416666666666,0.16543981481481482,6
pooled,reversed,high_reverse_PageRank,seharshinwari,60219,109219,129604,0,1970-01-20T06:43:12+00:00,39,37,0.9487179487179487,0.05128205128205128,0.008657407407407407,0.05265046296296296,0.16420138888888888,1
pooled,reversed,high_reverse_PageRank,klrahul,60219,109219,129604,0,1970-01-20T06:43:12+00:00,87,85,0.9770114942528736,0.022988505747126436,0.001261574074074074,0.06917824074074073,0.1587037037037037,2
pooled,reversed,high_reverse_PageRank,the_hindu,60219,109219,129604,0,1970-01-20T06:43:12+00:00,118,103,0.8728813559322034,0.1271186440677966,0.0007986111111111112,0.06813657407407407,0.16461805555555556,3
pooled,reversed,high_reverse_PageRank,venkateshprasad,60219,109219,129604,0,1970-01-20T06:43:12+00:00,59,51,0.864406779661017,0.13559322033898305,0.05372685185185185,0.1267824074074074,0.15871527777777777,2
pooled,reversed,high_reverse_PageRank,bainjal,60219,109219,129604,0,1970-01-20T06:43:12+00:00,466,161,0.34549356223175964,0.6545064377682404,0.0006712962962962962,0.09844907407407408,0.16555555555555557,4
pooled,reversed,high_reverse_PageRank,asadowaisi,60219,109219,129604,0,1970-01-20T06:43:12+00:00,216,89,0.41203703703703703,0.5879629629629629,0.0008333333333333334,0.08427083333333334,0.16555555555555557,3
pooled,reversed,high_reverse_PageRank,khanumarfa,60219,109219,129604,0,1970-01-20T06:43:12+00:00,74,66,0.8918918918918919,0.10810810810810811,0.009814814814814814,0.05185185185185186,0.16445601851851852,3
pooled,reversed,high_reverse_PageRank,narendramodi_in,60219,109219,129604,0,1970-01-20T06:43:12+00:00,324,161,0.49691358024691357,0.5030864197530864,0.0005555555555555556,0.08307870370370371,0.1643287037037037,4
pooled,reversed,high_reverse_PageRank,jaankari,60219,109219,129604,0,1970-01-20T06:43:12+00:00,740,195,0.2635135135135135,0.7364864864864865,0.0625,0.13655092592592594,0.16543981481481482,6
pooled,reversed,high_reverse_PageRank,thejagmeetsingh,60219,109219,129604,0,1970-01-20T06:43:12+00:00,46,42,0.9130434782608695,0.08695652173913043,0.002939814814814815,0.15588541666666667,0.16480324074074074,2
pooled,reversed,high_reverse_PageRank,icc,60219,109219,129604,0,1970-01-20T06:43:12+00:00,299,118,0.39464882943143814,0.6053511705685619,0.0033796296296296296,0.05247106481481481,0.1637037037037037,3
pooled,reversed,high_reverse_PageRank,cnnnews18,60219,109219,129604,0,1970-01-20T06:43:12+00:00,450,226,0.5022222222222222,0.49777777777777776,0.0004398148148148148,0.07226273148148149,0.16530092592592593,5
pooled,reversed,high_reverse_PageRank,rashtrapatibhvn,60219,109219,129604,0,1970-01-20T06:43:12+00:00,122,116,0.9508196721311475,0.04918032786885246,0.0051736111111111115,0.07846064814814815,0.1637384259259259,3
pooled,reversed,high_reverse_PageRank,avinasharya09,60219,109219,129604,0,1970-01-20T06:43:12+00:00,43,43,1.0,0.0,0.0033796296296296296,0.0525462962962963,0.15957175925925926,3
pooled,reversed,high_reverse_PageRank,tehseenp,60219,109219,129604,0,1970-01-20T06:43:12+00:00,604,112,0.18543046357615894,0.8145695364238411,0.005335648148148148,0.13189814814814815,0.1646875,4
pooled,reversed,high_reverse_PageRank,kanhaiyakumar,60219,109219,129604,0,1970-01-20T06:43:12+00:00,238,86,0.36134453781512604,0.6386554621848739,0.003587962962962963,0.0779050925925926,0.1637037037037037,4
pooled,reversed,high_reverse_PageRank,abpnewstv,60219,109219,129604,0,1970-01-20T06:43:12+00:00,145,140,0.9655172413793104,0.034482758620689655,0.0011111111111111111,0.0734548611111111,0.1648726851851852,3
pooled,reversed,high_reverse_PageRank,rahulkanwal,60219,109219,129604,0,1970-01-20T06:43:12+00:00,1001,642,0.6413586413586414,0.35864135864135865,0.003738425925925926,0.10072916666666668,0.16554398148148147,5
pooled,reversed,high_reverse_PageRank,iamajaysehrawat,60219,109219,129604,0,1970-01-20T06:43:12+00:00,198,36,0.18181818181818182,0.8181818181818182,0.003321759259259259,0.07353587962962962,0.1652662037037037,2
pooled,reversed,high_reverse_PageRank,iyervval,60219,109219,129604,0,1970-01-20T06:43:12+00:00,80,63,0.7875,0.2125,0.005706018518518518,0.14755787037037038,0.16539351851851852,2
pooled,reversed,high_reverse_PageRank,smitaprakash,60219,109219,129604,0,1970-01-20T06:43:12+00:00,274,94,0.34306569343065696,0.656934306569343,0.001863425925925926,0.0954224537037037,0.16472222222222221,4
pooled,reversed,high_reverse_PageRank,bbcindia,60219,109219,129604,0,1970-01-20T06:43:12+00:00,88,27,0.3068181818181818,0.6931818181818182,0.014675925925925926,0.1262037037037037,0.1598726851851852,2
pooled,reversed,high_reverse_PageRank,newsarenaindia,60219,109219,129604,0,1970-01-20T06:43:12+00:00,46,44,0.9565217391304348,0.043478260869565216,0.0007175925925925926,0.10630787037037037,0.16524305555555555,1
pooled,reversed,high_reverse_PageRank,indiatvnews,60219,109219,129604,0,1970-01-20T06:43:12+00:00,147,135,0.9183673469387755,0.08163265306122448,0.002349537037037037,0.08712962962962963,0.16523148148148148,3
pooled,reversed,high_reverse_PageRank,kunalkamra88,60219,109219,129604,0,1970-01-20T06:43:12+00:00,78,78,1.0,0.0,0.0025694444444444445,0.08398726851851851,0.16451388888888888,2
pooled,reversed,high_reverse_PageRank,irfanpathan,60219,109219,129604,0,1970-01-20T06:43:12+00:00,52,51,0.9807692307692307,0.019230769230769232,0.008657407407407407,0.0505787037037037,0.1405787037037037,2
pooled,reversed,high_reverse_PageRank,ajitdatta,60219,109219,129604,0,1970-01-20T06:43:12+00:00,105,87,0.8285714285714286,0.17142857142857143,0.0015972222222222223,0.02869212962962963,0.1643287037037037,3
pooled,reversed,high_reverse_PageRank,lambaalka,60219,109219,129604,0,1970-01-20T06:43:12+00:00,302,143,0.4735099337748344,0.5264900662251656,0.0021759259259259258,0.07121527777777778,0.16469907407407408,3
pooled,reversed,high_reverse_PageRank,rsprasad,60219,109219,129604,0,1970-01-20T06:43:12+00:00,721,491,0.680998613037448,0.31900138696255204,0.0006712962962962962,0.09196759259259259,0.16545138888888888,5
pooled,reversed,high_reverse_PageRank,activistsandeep,60219,109219,129604,0,1970-01-20T06:43:12+00:00,45,43,0.9555555555555556,0.044444444444444446,0.0026967592592592594,0.07561342592592593,0.1630787037037037,2
pooled,reversed,high_reverse_PageRank,nikkihaley,60219,109219,129604,0,1970-01-20T06:43:12+00:00,64,44,0.6875,0.3125,0.023680555555555555,0.12494212962962964,0.16221064814814815,2
pooled,reversed,high_reverse_PageRank,vijaygajera,60219,109219,129604,0,1970-01-20T06:43:12+00:00,110,88,0.8,0.2,0.00951388888888889,0.09769675925925926,0.16559027777777777,4
pooled,reversed,high_reverse_PageRank,opindia_com,60219,109219,129604,0,1970-01-20T06:43:12+00:00,83,74,0.891566265060241,0.10843373493975904,0.0010648148148148149,0.09443287037037038,0.16258101851851853,2
pooled,reversed,high_reverse_PageRank,hmoindia,60219,109219,129604,0,1970-01-20T06:43:12+00:00,1012,149,0.14723320158102768,0.8527667984189723,0.0007523148148148148,0.05837962962962963,0.16430555555555557,3
pooled,reversed,high_reverse_PageRank,rssurjewala,60219,109219,129604,0,1970-01-20T06:43:12+00:00,974,473,0.4856262833675565,0.5143737166324436,0.0004166666666666667,0.10292824074074074,0.16559027777777777,5
pooled,reversed,high_reverse_PageRank,ktrbrs,60219,109219,129604,0,1970-01-20T06:43:12+00:00,83,80,0.963855421686747,0.03614457831325301,0.10322916666666666,0.14186921296296295,0.16520833333333335,2
pooled,reversed,high_reverse_PageRank,abhishbanerj,60219,109219,129604,0,1970-01-20T06:43:12+00:00,54,51,0.9444444444444444,0.05555555555555555,0.011689814814814814,0.10668981481481482,0.16252314814814814,3
pooled,reversed,high_reverse_PageRank,waglenikhil,60219,109219,129604,0,1970-01-20T06:43:12+00:00,72,72,1.0,0.0,0.00619212962962963,0.053015046296296296,0.16145833333333334,3
pooled,reversed,high_reverse_PageRank,tavleen_singh,60219,109219,129604,0,1970-01-20T06:43:12+00:00,463,133,0.28725701943844495,0.712742980561555,0.005416666666666667,0.1203587962962963,0.16555555555555557,4
pooled,reversed,high_reverse_PageRank,adnansamilive,60219,109219,129604,0,1970-01-20T06:43:12+00:00,36,36,1.0,0.0,0.030358796296296297,0.10359953703703703,0.15050925925925926,2
pooled,reversed,high_reverse_PageRank,ewarren,60219,109219,129604,0,1970-01-20T06:43:12+00:00,28,28,1.0,0.0,0.010717592592592593,0.06730324074074073,0.15145833333333333,1
pooled,reversed,high_reverse_PageRank,t_d_h_nair,60219,109219,129604,0,1970-01-20T06:43:12+00:00,233,60,0.2575107296137339,0.7424892703862661,0.0014583333333333334,0.1412789351851852,0.16554398148148147,3
pooled,reversed,high_reverse_PageRank,virsanghvi,60219,109219,129604,0,1970-01-20T06:43:12+00:00,732,163,0.2226775956284153,0.7773224043715847,0.009560185185185185,0.1407986111111111,0.16543981481481482,6
pooled,reversed,high_reverse_PageRank,atishiaap,60219,109219,129604,0,1970-01-20T06:43:12+00:00,206,98,0.47572815533980584,0.5242718446601942,0.001875,0.046296296296296294,0.16409722222222223,4
pooled,reversed,high_reverse_PageRank,bharatjodo,60219,109219,129604,0,1970-01-20T06:43:12+00:00,81,78,0.9629629629629629,0.037037037037037035,0.001400462962962963,0.049751157407407404,0.16377314814814814,3
pooled,reversed,high_reverse_PageRank,cricketaakash,60219,109219,129604,0,1970-01-20T06:43:12+00:00,51,50,0.9803921568627451,0.0196078431372549,0.008564814814814815,0.05614004629629629,0.15292824074074074,2
pooled,reversed,high_reverse_PageRank,hindenburgres,60219,109219,129604,0,1970-01-20T06:43:12+00:00,43,42,0.9767441860465116,0.023255813953488372,0.10236111111111111,0.11450810185185185,0.15924768518518517,1
pooled,reversed,high_reverse_PageRank,mastercardindia,60219,109219,129604,0,1970-01-20T06:43:12+00:00,60,60,1.0,0.0,0.04513888888888889,0.09552662037037038,0.15957175925925926,1
pooled,reversed,high_reverse_PageRank,twitter,60219,109219,129604,0,1970-01-20T06:43:12+00:00,164,123,0.75,0.25,0.003148148148148148,0.08729166666666667,0.16563657407407406,4
pooled,reversed,high_reverse_PageRank,bjp4delhi,60219,109219,129604,0,1970-01-20T06:43:12+00:00,144,129,0.8958333333333334,0.10416666666666667,0.004456018518518519,0.07523148148148148,0.16443287037037038,2
pooled,reversed,high_reverse_PageRank,divyaspandana,60219,109219,129604,0,1970-01-20T06:43:12+00:00,317,159,0.501577287066246,0.49842271293375395,0.003263888888888889,0.08988425925925926,0.16523148148148148,4
pooled,reversed,high_reverse_PageRank,bbcworld,60219,109219,129604,0,1970-01-20T06:43:12+00:00,72,69,0.9583333333333334,0.041666666666666664,0.005150462962962963,0.10429398148148149,0.16493055555555555,2
pooled,reversed,high_reverse_PageRank,lakotaman1,60219,109219,129604,0,1970-01-20T06:43:12+00:00,24,24,1.0,0.0,0.00787037037037037,0.057123842592592594,0.15197916666666667,1
pooled,reversed,high_reverse_PageRank,rshivshankar,60219,109219,129604,0,1970-01-20T06:43:12+00:00,577,344,0.5961871750433275,0.4038128249566724,0.0017013888888888888,0.09638310185185185,0.1654050925925926,5
pooled,reversed,high_reverse_PageRank,_pallavighosh,60219,109219,129604,0,1970-01-20T06:43:12+00:00,674,133,0.19732937685459942,0.8026706231454006,0.0024305555555555556,0.11857638888888888,0.16555555555555557,3
pooled,reversed,high_reverse_PageRank,shubhankrmishra,60219,109219,129604,0,1970-01-20T06:43:12+00:00,34,34,1.0,0.0,0.0022222222222222222,0.0415625,0.1352199074074074,1
pooled,reversed,high_reverse_PageRank,mayawati,60219,109219,129604,0,1970-01-20T06:43:12+00:00,326,150,0.4601226993865031,0.5398773006134969,0.001574074074074074,0.09143518518518519,0.1642361111111111,4
pooled,reversed,high_reverse_PageRank,economictimes,60219,109219,129604,0,1970-01-20T06:43:12+00:00,63,59,0.9365079365079365,0.06349206349206349,0.001238425925925926,0.07615740740740741,0.1632986111111111,2
pooled,reversed,high_reverse_PageRank,iamsrk,60219,109219,129604,0,1970-01-20T06:43:12+00:00,294,159,0.5408163265306123,0.45918367346938777,0.0024652777777777776,0.10512731481481481,0.16555555555555557,4
pooled,reversed,high_reverse_PageRank,nitishkumar,60219,109219,129604,0,1970-01-20T06:43:12+00:00,467,113,0.24197002141327623,0.7580299785867237,0.0013773148148148147,0.09037037037037036,0.16302083333333334,4
pooled,reversed,high_reverse_PageRank,georgesoros,60219,109219,129604,0,1970-01-20T06:43:12+00:00,38,35,0.9210526315789473,0.07894736842105263,0.1252662037037037,0.1264236111111111,0.16042824074074075,2
pooled,reversed,high_reverse_PageRank,narundarm,60219,109219,129604,0,1970-01-20T06:43:12+00:00,145,78,0.5379310344827586,0.46206896551724136,0.002789351851851852,0.14202546296296298,0.16555555555555557,4
pooled,reversed,high_reverse_PageRank,ravisutanjani,60219,109219,129604,0,1970-01-20T06:43:12+00:00,32,30,0.9375,0.0625,0.002789351851851852,0.06967013888888889,0.15630787037037036,2
pooled,reversed,high_reverse_PageRank,naorgilon,60219,109219,129604,0,1970-01-20T06:43:12+00:00,306,70,0.22875816993464052,0.7712418300653595,0.04511574074074074,0.08282986111111111,0.16555555555555557,4
pooled,reversed,high_reverse_PageRank,palkisu,60219,109219,129604,0,1970-01-20T06:43:12+00:00,31,28,0.9032258064516129,0.0967741935483871,0.05174768518518519,0.0971238425925926,0.1651388888888889,1
pooled,reversed,high_reverse_PageRank,askanshul,60219,109219,129604,0,1970-01-20T06:43:12+00:00,74,72,0.972972972972973,0.02702702702702703,0.0002777777777777778,0.05138888888888889,0.1646412037037037,2
pooled,reversed,high_reverse_PageRank,thehawkeyex,60219,109219,129604,0,1970-01-20T06:43:12+00:00,178,49,0.2752808988764045,0.7247191011235955,0.0024189814814814816,0.11685185185185185,0.16430555555555557,3
pooled,reversed,high_reverse_PageRank,abhishekaitc,60219,109219,129604,0,1970-01-20T06:43:12+00:00,75,67,0.8933333333333333,0.10666666666666667,0.0032291666666666666,0.11331018518518518,0.1612962962962963,2
pooled,reversed,high_reverse_PageRank,elijahschaffer,60219,109219,129604,0,1970-01-20T06:43:12+00:00,51,8,0.1568627450980392,0.8431372549019608,0.14925925925925926,0.16485532407407408,0.16538194444444446,1
pooled,reversed,high_reverse_PageRank,deependershooda,60219,109219,129604,0,1970-01-20T06:43:12+00:00,150,62,0.41333333333333333,0.5866666666666667,0.009328703703703704,0.13728587962962963,0.1654050925925926,2
pooled,reversed,high_reverse_PageRank,amitshahoffice,60219,109219,129604,0,1970-01-20T06:43:12+00:00,145,128,0.8827586206896552,0.11724137931034483,0.0004166666666666667,0.06174189814814815,0.16467592592592592,3
pooled,reversed,high_reverse_PageRank,kamaalrkhan,60219,109219,129604,0,1970-01-20T06:43:12+00:00,205,49,0.23902439024390243,0.7609756097560976,0.001724537037037037,0.09384259259259259,0.1637037037037037,3
pooled,reversed,high_reverse_PageRank,cricketracker,60219,109219,129604,0,1970-01-20T06:43:12+00:00,38,36,0.9473684210526315,0.05263157894736842,0.003738425925925926,0.06087962962962963,0.16559027777777777,2
pooled,reversed,high_reverse_PageRank,indian_nagrik,60219,109219,129604,0,1970-01-20T06:43:12+00:00,67,48,0.7164179104477612,0.2835820895522388,0.010185185185185186,0.09726851851851852,0.1653587962962963,3
pooled,reversed,high_reverse_PageRank,adgpi,60219,109219,129604,0,1970-01-20T06:43:12+00:00,279,117,0.41935483870967744,0.5806451612903226,0.004039351851851852,0.0802662037037037,0.1637037037037037,4
pooled,reversed,high_reverse_PageRank,arivalayam,60219,109219,129604,0,1970-01-20T06:43:12+00:00,380,90,0.23684210526315788,0.7631578947368421,0.00028935185185185184,0.12626157407407407,0.16539351851851852,3
pooled,reversed,high_reverse_PageRank,vivekoberoi,60219,109219,129604,0,1970-01-20T06:43:12+00:00,76,71,0.9342105263157895,0.06578947368421052,1.1574074074074073e-05,0.07777777777777778,0.1612962962962963,2
pooled,reversed,high_reverse_PageRank,voice_for_india,60219,109219,129604,0,1970-01-20T06:43:12+00:00,144,37,0.2569444444444444,0.7430555555555556,0.0008564814814814815,0.11150462962962963,0.16416666666666666,3
pooled,reversed,high_reverse_PageRank,iaf_mcc,60219,109219,129604,0,1970-01-20T06:43:12+00:00,256,92,0.359375,0.640625,0.004039351851851852,0.08710069444444445,0.16542824074074075,3
pooled,reversed,high_reverse_PageRank,_yogendrayadav,60219,109219,129604,0,1970-01-20T06:43:12+00:00,780,163,0.20897435897435898,0.791025641025641,0.004780092592592593,0.13337962962962963,0.1652199074074074,4
pooled,reversed,high_reverse_PageRank,shatrugansinha,60219,109219,129604,0,1970-01-20T06:43:12+00:00,255,81,0.3176470588235294,0.6823529411764706,0.005960648148148148,0.09988425925925926,0.16549768518518518,2
pooled,reversed,high_reverse_PageRank,sportskeeda,60219,109219,129604,0,1970-01-20T06:43:12+00:00,34,34,1.0,0.0,0.003449074074074074,0.05247106481481481,0.1617361111111111,1
pooled,reversed,high_reverse_PageRank,_sabanaqvi,60219,109219,129604,0,1970-01-20T06:43:12+00:00,294,85,0.2891156462585034,0.7108843537414966,0.010497685185185185,0.09038194444444445,0.1655787037037037,3
pooled,reversed,high_reverse_PageRank,sidhant,60219,109219,129604,0,1970-01-20T06:43:12+00:00,106,42,0.39622641509433965,0.6037735849056604,0.010717592592592593,0.07379050925925926,0.16366898148148148,4
pooled,reversed,high_reverse_PageRank,omarali50,60219,109219,129604,0,1970-01-20T06:43:12+00:00,217,30,0.1382488479262673,0.8617511520737328,0.001238425925925926,0.0794849537037037,0.1607060185185185,3
pooled,reversed,high_reverse_PageRank,davidfrawleyved,60219,109219,129604,0,1970-01-20T06:43:12+00:00,80,57,0.7125,0.2875,0.00443287037037037,0.07524305555555555,0.16262731481481482,2
pooled,reversed,high_reverse_PageRank,mehboobamufti,60219,109219,129604,0,1970-01-20T06:43:12+00:00,93,81,0.8709677419354839,0.12903225806451613,0.00020833333333333335,0.08616898148148149,0.16425925925925927,3
pooled,reversed,high_reverse_PageRank,dr_rizwanahmed,60219,109219,129604,0,1970-01-20T06:43:12+00:00,56,44,0.7857142857142857,0.21428571428571427,0.0021180555555555558,0.07898148148148149,0.16516203703703702,4
pooled,reversed,high_reverse_PageRank,khushsundar,60219,109219,129604,0,1970-01-20T06:43:12+00:00,161,71,0.4409937888198758,0.5590062111801242,4.6296296296296294e-05,0.15305555555555556,0.16555555555555557,3
pooled,reversed,high_reverse_PageRank,tvmohandaspai,60219,109219,129604,0,1970-01-20T06:43:12+00:00,221,114,0.5158371040723982,0.4841628959276018,0.00037037037037037035,0.13285300925925925,0.16555555555555557,3
pooled,reversed,high_reverse_PageRank,iyc,60219,109219,129604,0,1970-01-20T06:43:12+00:00,74,69,0.9324324324324325,0.06756756756756757,0.0006597222222222222,0.07315972222222222,0.16530092592592593,2
pooled,reversed,high_reverse_PageRank,rssorg,60219,109219,129604,0,1970-01-20T06:43:12+00:00,166,146,0.8795180722891566,0.12048192771084337,0.0001388888888888889,0.07804398148148148,0.1639699074074074,2
pooled,reversed,high_reverse_PageRank,ravishndtv,60219,109219,129604,0,1970-01-20T06:43:12+00:00,253,99,0.391304347826087,0.6086956521739131,0.0009143518518518518,0.0843287037037037,0.16390046296296296,3
pooled,reversed,high_reverse_PageRank,bsybjp,60219,109219,129604,0,1970-01-20T06:43:12+00:00,174,138,0.7931034482758621,0.20689655172413793,0.0011689814814814816,0.09470486111111112,0.1647337962962963,3
pooled,reversed,high_reverse_PageRank,svaradarajan,60219,109219,129604,0,1970-01-20T06:43:12+00:00,689,102,0.14804063860667635,0.8519593613933236,0.010648148148148148,0.10814236111111111,0.16416666666666666,3
pooled,reversed,high_reverse_PageRank,ashokgehlot51,60219,109219,129604,0,1970-01-20T06:43:12+00:00,101,57,0.5643564356435643,0.43564356435643564,0.0026967592592592594,0.08957175925925925,0.16559027777777777,2
pooled,reversed,high_reverse_PageRank,asyounotwish,60219,109219,129604,0,1970-01-20T06:43:12+00:00,42,42,1.0,0.0,0.004849537037037037,0.08368055555555556,0.16472222222222221,2
pooled,reversed,high_reverse_PageRank,mkatju,60219,109219,129604,0,1970-01-20T06:43:12+00:00,211,100,0.47393364928909953,0.5260663507109005,0.0011458333333333333,0.1189814814814815,0.16555555555555557,4
pooled,reversed,high_reverse_PageRank,prafull_mbachai,60219,109219,129604,0,1970-01-20T06:43:12+00:00,23,22,0.9565217391304348,0.043478260869565216,0.06565972222222222,0.06633680555555556,0.11259259259259259,1
pooled,reversed,high_reverse_PageRank,reallyswara,60219,109219,129604,0,1970-01-20T06:43:12+00:00,222,71,0.31981981981981983,0.6801801801801802,0.0076851851851851855,0.07891203703703703,0.1637037037037037,4
pooled,reversed,high_reverse_PageRank,akshayalladi,60219,109219,129604,0,1970-01-20T06:43:12+00:00,188,36,0.19148936170212766,0.8085106382978723,0.06443287037037038,0.14792824074074074,0.16543981481481482,3
pooled,reversed,high_reverse_PageRank,boltahindustan,60219,109219,129604,0,1970-01-20T06:43:12+00:00,34,31,0.9117647058823529,0.08823529411764706,0.0027199074074074074,0.08158564814814814,0.16261574074074073,2
pooled,reversed,high_reverse_PageRank,delhiite_,60219,109219,129604,0,1970-01-20T06:43:12+00:00,379,89,0.23482849604221637,0.7651715039577837,0.030960648148148147,0.060034722222222225,0.1655324074074074,4
pooled,reversed,high_reverse_PageRank,smitadeshmukh,60219,109219,129604,0,1970-01-20T06:43:12+00:00,73,38,0.5205479452054794,0.4794520547945205,0.009479166666666667,0.0933275462962963,0.1633101851851852,4
pooled,reversed,high_reverse_PageRank,bhavikakapoor5,60219,109219,129604,0,1970-01-20T06:43:12+00:00,230,73,0.3173913043478261,0.6826086956521739,0.006273148148148148,0.14038194444444443,0.16416666666666666,4
pooled,reversed,high_reverse_PageRank,ianuragthakur,60219,109219,129604,0,1970-01-20T06:43:12+00:00,290,116,0.4,0.6,0.0012268518518518518,0.08307291666666666,0.1642361111111111,4
pooled,reversed,high_reverse_PageRank,janasenaparty,60219,109219,129604,0,1970-01-20T06:43:12+00:00,42,41,0.9761904761904762,0.023809523809523808,0.002800925925925926,0.08859953703703703,0.15627314814814816,1
pooled,reversed,high_reverse_PageRank,ajay43,60219,109219,129604,0,1970-01-20T06:43:12+00:00,180,54,0.3,0.7,0.007638888888888889,0.1071412037037037,0.16416666666666666,4
pooled,reversed,high_reverse_PageRank,rajatsharmalive,60219,109219,129604,0,1970-01-20T06:43:12+00:00,130,109,0.8384615384615385,0.16153846153846155,0.0030902777777777777,0.09686342592592592,0.16523148148148148,3
pooled,reversed,high_reverse_PageRank,gganeshhh,60219,109219,129604,0,1970-01-20T06:43:12+00:00,204,31,0.15196078431372548,0.8480392156862745,0.0012037037037037038,0.09424768518518518,0.16135416666666666,2
pooled,reversed,high_reverse_PageRank,spiritofcongres,60219,109219,129604,0,1970-01-20T06:43:12+00:00,59,50,0.847457627118644,0.15254237288135594,0.0012268518518518518,0.1036574074074074,0.1648263888888889,2
pooled,reversed,high_reverse_PageRank,saurabh_mlagk,60219,109219,129604,0,1970-01-20T06:43:12+00:00,147,41,0.2789115646258503,0.7210884353741497,0.011319444444444444,0.09577546296296297,0.16505787037037037,2
pooled,reversed,high_reverse_PageRank,yadavtejashwi,60219,109219,129604,0,1970-01-20T06:43:12+00:00,265,102,0.3849056603773585,0.6150943396226415,0.0007175925925925926,0.08539351851851851,0.16145833333333334,3
pooled,reversed,high_reverse_PageRank,indiahistorypic,60219,109219,129604,0,1970-01-20T06:43:12+00:00,22,22,1.0,0.0,0.006238425925925926,0.07098958333333333,0.16247685185185184,2
pooled,reversed,high_reverse_PageRank,bhupindershooda,60219,109219,129604,0,1970-01-20T06:43:12+00:00,141,53,0.375886524822695,0.624113475177305,0.008576388888888889,0.13993055555555556,0.1654050925925926,2
pooled,reversed,high_reverse_PageRank,minicnair,60219,109219,129604,0,1970-01-20T06:43:12+00:00,37,35,0.9459459459459459,0.05405405405405406,0.0014583333333333334,0.08351851851851852,0.16340277777777779,2
pooled,reversed,high_reverse_PageRank,amarprasadreddy,60219,109219,129604,0,1970-01-20T06:43:12+00:00,45,43,0.9555555555555556,0.044444444444444446,0.002627314814814815,0.07356481481481482,0.16530092592592593,2
pooled,reversed,high_reverse_PageRank,ranaayyub,60219,109219,129604,0,1970-01-20T06:43:12+00:00,57,51,0.8947368421052632,0.10526315789473684,0.0006828703703703704,0.11894675925925927,0.1647685185185185,3
pooled,reversed,high_reverse_PageRank,ndtvfeed,60219,109219,129604,0,1970-01-20T06:43:12+00:00,83,55,0.6626506024096386,0.3373493975903614,0.001979166666666667,0.08079861111111111,0.1643865740740741,4
pooled,reversed,high_reverse_PageRank,sudhanshutrived,60219,109219,129604,0,1970-01-20T06:43:12+00:00,61,46,0.7540983606557377,0.2459016393442623,0.005208333333333333,0.10876736111111111,0.1642361111111111,2
pooled,reversed,high_reverse_PageRank,_sayema,60219,109219,129604,0,1970-01-20T06:43:12+00:00,53,39,0.7358490566037735,0.2641509433962264,0.008449074074074074,0.13516203703703702,0.16480324074074074,2
pooled,reversed,high_reverse_PageRank,nistula,60219,109219,129604,0,1970-01-20T06:43:12+00:00,118,105,0.8898305084745762,0.11016949152542373,0.008680555555555556,0.0887037037037037,0.16461805555555556,4
pooled,reversed,high_reverse_PageRank,alok_bhatt,60219,109219,129604,0,1970-01-20T06:43:12+00:00,73,39,0.5342465753424658,0.4657534246575342,0.0045138888888888885,0.13164351851851852,0.16497685185185185,3
pooled,reversed,high_reverse_PageRank,potus,60219,109219,129604,0,1970-01-20T06:43:12+00:00,216,64,0.2962962962962963,0.7037037037037037,0.0006597222222222222,0.10976273148148148,0.16563657407407406,3
pooled,reversed,high_reverse_PageRank,besurataansane,60219,109219,129604,0,1970-01-20T06:43:12+00:00,42,36,0.8571428571428571,0.14285714285714285,0.003263888888888889,0.09392939814814816,0.16563657407407406,3
pooled,reversed,high_reverse_PageRank,mariaa_awd,60219,109219,129604,0,1970-01-20T06:43:12+00:00,380,3,0.007894736842105263,0.9921052631578947,0.08844907407407407,0.10539351851851853,0.14980324074074075,2
pooled,reversed,high_reverse_PageRank,abpnews,60219,109219,129604,0,1970-01-20T06:43:12+00:00,46,46,1.0,0.0,0.005497685185185185,0.11833333333333333,0.16545138888888888,2
pooled,reversed,high_reverse_PageRank,mumbaichadon,60219,109219,129604,0,1970-01-20T06:43:12+00:00,49,40,0.8163265306122449,0.1836734693877551,0.004155092592592592,0.11497106481481481,0.16451388888888888,2
pooled,reversed,high_reverse_PageRank,ajenglish,60219,109219,129604,0,1970-01-20T06:43:12+00:00,649,44,0.06779661016949153,0.9322033898305084,0.010300925925925925,0.10976273148148148,0.16452546296296297,3
pooled,reversed,high_reverse_PageRank,unsubtledesi,60219,109219,129604,0,1970-01-20T06:43:12+00:00,153,89,0.5816993464052288,0.41830065359477125,0.0027430555555555554,0.13725694444444445,0.16555555555555557,3
pooled,reversed,high_reverse_PageRank,naveen_odisha,60219,109219,129604,0,1970-01-20T06:43:12+00:00,116,61,0.5258620689655172,0.47413793103448276,0.0005555555555555556,0.08663194444444444,0.1647337962962963,3
pooled,reversed,high_reverse_PageRank,bbc,60219,109219,129604,0,1970-01-20T06:43:12+00:00,218,53,0.24311926605504589,0.7568807339449541,0.051145833333333335,0.10269675925925927,0.16425925925925927,2
pooled,reversed,high_reverse_PageRank,prashantkishor,60219,109219,129604,0,1970-01-20T06:43:12+00:00,142,35,0.24647887323943662,0.7535211267605634,0.0013657407407407407,0.06744212962962963,0.1617361111111111,2
pooled,reversed,high_reverse_PageRank,bbcnews,60219,109219,129604,0,1970-01-20T06:43:12+00:00,63,43,0.6825396825396826,0.31746031746031744,0.005150462962962963,0.09925925925925926,0.16049768518518517,3
pooled,reversed,high_reverse_PageRank,gabbbarsingh,60219,109219,129604,0,1970-01-20T06:43:12+00:00,24,24,1.0,0.0,0.005543981481481481,0.06894675925925925,0.16471064814814815,2
pooled,reversed,high_reverse_PageRank,theskindoctor13,60219,109219,129604,0,1970-01-20T06:43:12+00:00,73,55,0.7534246575342466,0.2465753424657534,0.0027314814814814814,0.10784722222222222,0.16038194444444445,2
pooled,reversed,high_reverse_PageRank,countercurrents,60219,109219,129604,0,1970-01-20T06:43:12+00:00,5,4,0.8,0.2,0.011539351851851851,0.11510416666666667,0.14979166666666666,2
pooled,reversed,high_reverse_PageRank,rajthackeray,60219,109219,129604,0,1970-01-20T06:43:12+00:00,62,46,0.7419354838709677,0.25806451612903225,0.004837962962962963,0.08045717592592593,0.1625925925925926,2
pooled,reversed,high_reverse_PageRank,omarabdullah,60219,109219,129604,0,1970-01-20T06:43:12+00:00,94,83,0.8829787234042553,0.11702127659574468,0.003414351851851852,0.08078703703703703,0.1598263888888889,3
pooled,reversed,high_reverse_PageRank,sirpareshrawal,60219,109219,129604,0,1970-01-20T06:43:12+00:00,59,57,0.9661016949152542,0.03389830508474576,0.0002777777777777778,0.05258101851851852,0.16164351851851852,2
pooled,reversed,high_reverse_PageRank,sushantbsinha,60219,109219,129604,0,1970-01-20T06:43:12+00:00,39,36,0.9230769230769231,0.07692307692307693,0.024537037037037038,0.0941261574074074,0.16474537037037038,2
pooled,reversed,high_reverse_PageRank,kaushikcbasu,60219,109219,129604,0,1970-01-20T06:43:12+00:00,181,62,0.3425414364640884,0.6574585635359116,0.00045138888888888887,0.08453125,0.16416666666666666,4
pooled,reversed,high_reverse_PageRank,varungandhi80,60219,109219,129604,0,1970-01-20T06:43:12+00:00,201,46,0.22885572139303484,0.7711442786069652,0.004363425925925926,0.09506365740740741,0.1637037037037037,4
pooled,reversed,high_reverse_PageRank,un,60219,109219,129604,0,1970-01-20T06:43:12+00:00,83,61,0.7349397590361446,0.26506024096385544,0.002337962962962963,0.09626157407407407,0.16467592592592592,4
pooled,reversed,high_reverse_PageRank,krisnair1,60219,109219,129604,0,1970-01-20T06:43:12+00:00,35,33,0.9428571428571428,0.05714285714285714,0.0005902777777777778,0.0891087962962963,0.16451388888888888,2
pooled,reversed,high_reverse_PageRank,bjp4tamilnadu,60219,109219,129604,0,1970-01-20T06:43:12+00:00,286,91,0.3181818181818182,0.6818181818181818,0.0004398148148148148,0.09877314814814815,0.1651388888888889,4
pooled,reversed,high_reverse_PageRank,dhume,60219,109219,129604,0,1970-01-20T06:43:12+00:00,62,49,0.7903225806451613,0.20967741935483872,0.0025694444444444445,0.10710648148148148,0.16439814814814815,4
pooled,reversed,high_reverse_PageRank,ambkcsingh,60219,109219,129604,0,1970-01-20T06:43:12+00:00,749,21,0.028037383177570093,0.9719626168224299,0.018078703703703704,0.1160763888888889,0.160625,2
pooled,reversed,high_reverse_PageRank,sansbarrier,60219,109219,129604,0,1970-01-20T06:43:12+00:00,38,36,0.9473684210526315,0.05263157894736842,0.002384259259259259,0.08505787037037037,0.16510416666666666,2
pooled,reversed,high_reverse_PageRank,fispahani,60219,109219,129604,0,1970-01-20T06:43:12+00:00,802,55,0.0685785536159601,0.9314214463840399,0.006631944444444445,0.14255787037037038,0.16452546296296297,3
pooled,reversed,high_reverse_PageRank,nidhi,60219,109219,129604,0,1970-01-20T06:43:12+00:00,101,89,0.8811881188118812,0.1188118811881188,0.0006712962962962962,0.09655092592592593,0.1622800925925926,3
pooled,reversed,high_reverse_PageRank,_garrywalia,60219,109219,129604,0,1970-01-20T06:43:12+00:00,20,20,1.0,0.0,0.011458333333333333,0.050509259259259254,0.16371527777777778,2
pooled,reversed,high_reverse_PageRank,jaipurdialogues,60219,109219,129604,0,1970-01-20T06:43:12+00:00,146,36,0.2465753424657534,0.7534246575342466,0.022337962962962962,0.11304398148148148,0.16416666666666666,3
pooled,reversed,high_reverse_PageRank,tarekfatah,60219,109219,129604,0,1970-01-20T06:43:12+00:00,69,65,0.9420289855072463,0.057971014492753624,0.006296296296296296,0.08453703703703704,0.16025462962962964,2
pooled,reversed,high_reverse_PageRank,kanchangupta,60219,109219,129604,0,1970-01-20T06:43:12+00:00,43,43,1.0,0.0,1.1574074074074073e-05,0.08127314814814815,0.16229166666666667,2
pooled,reversed,high_reverse_PageRank,shoaibdaniyal,60219,109219,129604,0,1970-01-20T06:43:12+00:00,64,37,0.578125,0.421875,0.0021875,0.10234953703703703,0.16140046296296295,4
pooled,reversed,high_reverse_PageRank,gargac,60219,109219,129604,0,1970-01-20T06:43:12+00:00,180,29,0.16111111111111112,0.8388888888888889,0.002638888888888889,0.10408564814814815,0.15332175925925925,2
pooled,reversed,high_reverse_PageRank,lavanyaballal,60219,109219,129604,0,1970-01-20T06:43:12+00:00,33,31,0.9393939393939394,0.06060606060606061,0.0017013888888888888,0.12471064814814815,0.16523148148148148,2
pooled,reversed,high_reverse_PageRank,hvgoenka,60219,109219,129604,0,1970-01-20T06:43:12+00:00,150,74,0.49333333333333335,0.5066666666666667,0.0032407407407407406,0.14050925925925928,0.16555555555555557,3
pooled,reversed,high_reverse_PageRank,sitaramyechury,60219,109219,129604,0,1970-01-20T06:43:12+00:00,238,60,0.25210084033613445,0.7478991596638656,0.0012152777777777778,0.09177662037037038,0.1621875,3
pooled,reversed,high_reverse_PageRank,jaipurlitfest,60219,109219,129604,0,1970-01-20T06:43:12+00:00,784,24,0.030612244897959183,0.9693877551020408,0.1003587962962963,0.14931712962962962,0.16480324074074074,3
pooled,reversed,high_reverse_PageRank,mrsinha_,60219,109219,129604,0,1970-01-20T06:43:12+00:00,32,30,0.9375,0.0625,0.10707175925925926,0.1414699074074074,0.16212962962962962,2
pooled,reversed,high_reverse_PageRank,brsparty,60219,109219,129604,0,1970-01-20T06:43:12+00:00,157,71,0.45222929936305734,0.5477707006369427,0.06068287037037037,0.11362268518518519,0.16444444444444445,3
pooled,reversed,high_reverse_PageRank,samkhan999,60219,109219,129604,0,1970-01-20T06:43:12+00:00,200,36,0.18,0.82,0.03675925925925926,0.10563657407407406,0.1637037037037037,4
pooled,reversed,high_reverse_PageRank,sampitroda,60219,109219,129604,0,1970-01-20T06:43:12+00:00,138,91,0.6594202898550725,0.34057971014492755,0.006585648148148148,0.12331018518518519,0.16497685185185185,3
pooled,reversed,high_reverse_PageRank,inckarnataka,60219,109219,129604,0,1970-01-20T06:43:12+00:00,463,84,0.18142548596112312,0.8185745140388769,0.0024305555555555556,0.0870775462962963,0.1646412037037037,3
pooled,reversed,high_reverse_PageRank,toiindianews,60219,109219,129604,0,1970-01-20T06:43:12+00:00,48,46,0.9583333333333334,0.041666666666666664,0.00020833333333333335,0.0875925925925926,0.16519675925925925,2
pooled,reversed,high_reverse_PageRank,sushantnmehta,60219,109219,129604,0,1970-01-20T06:43:12+00:00,29,27,0.9310344827586207,0.06896551724137931,0.005474537037037037,0.10423611111111111,0.15386574074074075,2
pooled,reversed,high_reverse_PageRank,drkumarvishwas,60219,109219,129604,0,1970-01-20T06:43:12+00:00,41,41,1.0,0.0,0.0006712962962962962,0.08297453703703704,0.1621064814814815,2
pooled,reversed,high_reverse_PageRank,bjplive,60219,109219,129604,0,1970-01-20T06:43:12+00:00,108,103,0.9537037037037037,0.046296296296296294,0.002337962962962963,0.09467592592592593,0.16530092592592593,2
pooled,reversed,high_reverse_PageRank,kvishreddy,60219,109219,129604,0,1970-01-20T06:43:12+00:00,11,11,1.0,0.0,0.006145833333333333,0.034131944444444444,0.15219907407407407,2
pooled,reversed,high_reverse_PageRank,cpimspeak,60219,109219,129604,0,1970-01-20T06:43:12+00:00,214,57,0.26635514018691586,0.7336448598130841,0.0010300925925925926,0.0630787037037037,0.1621875,4
pooled,reversed,high_reverse_PageRank,indian__doctor,60219,109219,129604,0,1970-01-20T06:43:12+00:00,32,32,1.0,0.0,0.0006597222222222222,0.06027777777777778,0.16533564814814813,1
pooled,reversed,high_reverse_PageRank,qamarcheema,60219,109219,129604,0,1970-01-20T06:43:12+00:00,23,23,1.0,0.0,0.019710648148148147,0.1501273148148148,0.1645486111111111,1
pooled,reversed,high_reverse_PageRank,senwarren,60219,109219,129604,0,1970-01-20T06:43:12+00:00,21,21,1.0,0.0,0.03162037037037037,0.06696759259259259,0.15181712962962962,1
pooled,reversed,high_reverse_PageRank,barmansamannay,60219,109219,129604,0,1970-01-20T06:43:12+00:00,181,27,0.14917127071823205,0.850828729281768,0.05371527777777778,0.12354166666666666,0.15332175925925925,3
pooled,reversed,high_reverse_PageRank,befittingfacts,60219,109219,129604,0,1970-01-20T06:43:12+00:00,27,22,0.8148148148148148,0.18518518518518517,0.006678240740740741,0.061232638888888885,0.16114583333333332,2
pooled,reversed,high_reverse_PageRank,ipl,60219,109219,129604,0,1970-01-20T06:43:12+00:00,409,116,0.28361858190709044,0.7163814180929096,0.026469907407407407,0.059618055555555556,0.1655324074074074,4
pooled,reversed,high_reverse_PageRank,desimojito,60219,109219,129604,0,1970-01-20T06:43:12+00:00,365,51,0.13972602739726028,0.8602739726027397,0.005474537037037037,0.1064699074074074,0.16416666666666666,3
pooled,reversed,high_reverse_PageRank,virendersehwag,60219,109219,129604,0,1970-01-20T06:43:12+00:00,29,28,0.9655172413793104,0.034482758620689655,0.006284722222222222,0.05116898148148148,0.16405092592592593,2
pooled,reversed,high_reverse_PageRank,derekobrienmp,60219,109219,129604,0,1970-01-20T06:43:12+00:00,420,73,0.1738095238095238,0.8261904761904761,0.003414351851851852,0.11956018518518519,0.16461805555555556,3
pooled,reversed,high_reverse_PageRank,sohamdraws,60219,109219,129604,0,1970-01-20T06:43:12+00:00,714,145,0.2030812324929972,0.7969187675070029,0.04221064814814815,0.13135416666666666,0.1652199074074074,4
pooled,reversed,high_reverse_PageRank,sherryontopp,60219,109219,129604,0,1970-01-20T06:43:12+00:00,110,79,0.7181818181818181,0.2818181818181818,0.00016203703703703703,0.07892361111111111,0.15752314814814813,2
pooled,reversed,high_reverse_PageRank,anupampkher,60219,109219,129604,0,1970-01-20T06:43:12+00:00,71,68,0.9577464788732394,0.04225352112676056,0.008055555555555555,0.0512962962962963,0.1605787037037037,2
pooled,reversed,high_reverse_PageRank,hd_kumaraswamy,60219,109219,129604,0,1970-01-20T06:43:12+00:00,161,109,0.6770186335403726,0.32298136645962733,0.00045138888888888887,0.09060185185185185,0.16510416666666666,4
pooled,reversed,high_reverse_PageRank,bjp4bengal,60219,109219,129604,0,1970-01-20T06:43:12+00:00,146,105,0.7191780821917808,0.2808219178082192,0.0007523148148148148,0.08756944444444445,0.16462962962962963,3
pooled,reversed,high_reverse_PageRank,time,60219,109219,129604,0,1970-01-20T06:43:12+00:00,206,43,0.2087378640776699,0.7912621359223301,0.002349537037037037,0.0967361111111111,0.16440972222222222,2
pooled,reversed,high_reverse_PageRank,anshumansail,60219,109219,129604,0,1970-01-20T06:43:12+00:00,24,22,0.9166666666666666,0.08333333333333333,0.009641203703703704,0.13390625,0.16400462962962964,1
pooled,reversed,high_reverse_PageRank,deepanshu_1810,60219,109219,129604,0,1970-01-20T06:43:12+00:00,705,48,0.06808510638297872,0.9319148936170213,0.06135416666666667,0.14082175925925927,0.16416666666666666,3
pooled,reversed,high_reverse_PageRank,viceapologist,60219,109219,129604,0,1970-01-20T06:43:12+00:00,22,20,0.9090909090909091,0.09090909090909091,0.12482638888888889,0.12542824074074072,0.13041666666666665,2
pooled,reversed,high_reverse_PageRank,starboy2079,60219,109219,129604,0,1970-01-20T06:43:12+00:00,27,24,0.8888888888888888,0.1111111111111111,0.0062268518518518515,0.06064814814814815,0.16520833333333335,1
pooled,reversed,high_reverse_PageRank,drgpradhan,60219,109219,129604,0,1970-01-20T06:43:12+00:00,78,71,0.9102564102564102,0.08974358974358974,0.0002777777777777778,0.07277777777777777,0.15915509259259258,3
pooled,reversed,high_reverse_PageRank,shivsena,60219,109219,129604,0,1970-01-20T06:43:12+00:00,104,74,0.7115384615384616,0.28846153846153844,0.00028935185185185184,0.07929976851851853,0.1633101851851852,3
pooled,reversed,high_reverse_PageRank,siddaramaiah,60219,109219,129604,0,1970-01-20T06:43:12+00:00,505,97,0.19207920792079208,0.807920792079208,0.0007523148148148148,0.10681712962962962,0.1633101851851852,3
pooled,reversed,high_reverse_PageRank,digvijaya_28,60219,109219,129604,0,1970-01-20T06:43:12+00:00,236,74,0.3135593220338983,0.6864406779661016,0.0011574074074074073,0.09372685185185185,0.16471064814814815,3
pooled,reversed,high_reverse_PageRank,supriya_sule,60219,109219,129604,0,1970-01-20T06:43:12+00:00,70,63,0.9,0.1,0.0014814814814814814,0.07390046296296296,0.16523148148148148,3
pooled,reversed,high_reverse_PageRank,indian_index,60219,109219,129604,0,1970-01-20T06:43:12+00:00,33,31,0.9393939393939394,0.06060606060606061,0.010590277777777778,0.07135416666666666,0.1585763888888889,2
pooled,reversed,high_reverse_PageRank,brutindia,60219,109219,129604,0,1970-01-20T06:43:12+00:00,20,18,0.9,0.1,0.005150462962962963,0.07028356481481482,0.15125,2
pooled,reversed,high_reverse_PageRank,umakanthgopalb1,60219,109219,129604,0,1970-01-20T06:43:12+00:00,11,5,0.45454545454545453,0.5454545454545454,0.011168981481481481,0.034131944444444444,0.15219907407407407,2
pooled,reversed,high_reverse_PageRank,navikakumar,60219,109219,129604,0,1970-01-20T06:43:12+00:00,579,302,0.5215889464594128,0.4784110535405872,0.002673611111111111,0.10976851851851852,0.1646875,5
pooled,reversed,high_reverse_PageRank,elizatweetz,60219,109219,129604,0,1970-01-20T06:43:12+00:00,43,38,0.8837209302325582,0.11627906976744186,0.005706018518518518,0.10191550925925925,0.16457175925925926,4
pooled,reversed,high_reverse_PageRank,sirkazamjeevi,60219,109219,129604,0,1970-01-20T06:43:12+00:00,154,78,0.5064935064935064,0.4935064935064935,0.01375,0.1409548611111111,0.16555555555555557,3
pooled,reversed,high_reverse_PageRank,chouhanshivraj,60219,109219,129604,0,1970-01-20T06:43:12+00:00,226,67,0.29646017699115046,0.7035398230088495,0.0006597222222222222,0.07270833333333333,0.16458333333333333,3
pooled,reversed,high_reverse_PageRank,samajwadiparty,60219,109219,129604,0,1970-01-20T06:43:12+00:00,66,54,0.8181818181818182,0.18181818181818182,0.0020601851851851853,0.09590277777777778,0.16496527777777778,2
pooled,reversed,high_reverse_PageRank,gautam_adani,60219,109219,129604,0,1970-01-20T06:43:12+00:00,910,36,0.03956043956043956,0.9604395604395605,0.01653935185185185,0.11627314814814815,0.16224537037037037,2
pooled,reversed,high_reverse_PageRank,ashokepandit,60219,109219,129604,0,1970-01-20T06:43:12+00:00,40,34,0.85,0.15,0.005497685185185185,0.10526041666666666,0.16546296296296295,2
pooled,reversed,high_reverse_PageRank,sachinpilot,60219,109219,129604,0,1970-01-20T06:43:12+00:00,417,43,0.10311750599520383,0.8968824940047961,0.00037037037037037035,0.05417824074074074,0.1637037037037037,2
pooled,reversed,high_reverse_PageRank,profbabones,60219,109219,129604,0,1970-01-20T06:43:12+00:00,262,46,0.17557251908396945,0.8244274809160306,0.1403009259259259,0.15091435185185187,0.1652199074074074,2
pooled,reversed,high_reverse_PageRank,thedailyshow,60219,109219,129604,0,1970-01-20T06:43:12+00:00,16,16,1.0,0.0,0.011354166666666667,0.01245949074074074,0.01474537037037037,1
pooled,reversed,high_reverse_PageRank,nan_dini_,60219,109219,129604,0,1970-01-20T06:43:12+00:00,37,31,0.8378378378378378,0.16216216216216217,0.010335648148148148,0.13766203703703703,0.1645949074074074,3
pooled,reversed,high_reverse_PageRank,derekjgrossman,60219,109219,129604,0,1970-01-20T06:43:12+00:00,21,18,0.8571428571428571,0.14285714285714285,0.01017361111111111,0.1316145833333333,0.1646412037037037,1
pooled,reversed,high_reverse_PageRank,being_humor,60219,109219,129604,0,1970-01-20T06:43:12+00:00,33,33,1.0,0.0,0.009560185185185185,0.09655092592592593,0.15997685185185184,2
pooled,reversed,high_reverse_PageRank,paul_koshy,60219,109219,129604,0,1970-01-20T06:43:12+00:00,22,21,0.9545454545454546,0.045454545454545456,0.11336805555555556,0.15318287037037037,0.1627199074074074,1
pooled,reversed,high_reverse_PageRank,pandajay,60219,109219,129604,0,1970-01-20T06:43:12+00:00,74,62,0.8378378378378378,0.16216216216216217,0.001712962962962963,0.07483796296296297,0.16380787037037037,2
pooled,reversed,high_reverse_PageRank,satishacharya,60219,109219,129604,0,1970-01-20T06:43:12+00:00,39,39,1.0,0.0,0.0017013888888888888,0.07013888888888889,0.16229166666666667,4
pooled,reversed,high_reverse_PageRank,thedeshbhakt,60219,109219,129604,0,1970-01-20T06:43:12+00:00,21,21,1.0,0.0,0.020300925925925927,0.10208333333333333,0.14943287037037037,1
pooled,reversed,high_reverse_PageRank,epanchjanya,60219,109219,129604,0,1970-01-20T06:43:12+00:00,19,18,0.9473684210526315,0.05263157894736842,0.025775462962962962,0.11846064814814815,0.16024305555555557,1
pooled,reversed,high_reverse_PageRank,scroll_in,60219,109219,129604,0,1970-01-20T06:43:12+00:00,41,21,0.5121951219512195,0.4878048780487805,0.006631944444444445,0.10730324074074074,0.15920138888888888,2
pooled,reversed,high_reverse_PageRank,adityarajkaul,60219,109219,129604,0,1970-01-20T06:43:12+00:00,206,53,0.25728155339805825,0.7427184466019418,0.018206018518518517,0.07740740740740741,0.1637037037037037,4
pooled,reversed,high_reverse_PageRank,cmshehbaz,60219,109219,129604,0,1970-01-20T06:43:12+00:00,27,27,1.0,0.0,0.005798611111111111,0.06444444444444444,0.16475694444444444,2
pooled,reversed,high_reverse_PageRank,sadhvi_prachi,60219,109219,129604,0,1970-01-20T06:43:12+00:00,27,27,1.0,0.0,0.0071875,0.04479166666666667,0.16061342592592592,2
pooled,reversed,high_reverse_PageRank,shivaroor,60219,109219,129604,0,1970-01-20T06:43:12+00:00,63,48,0.7619047619047619,0.23809523809523808,0.009606481481481481,0.10135995370370371,0.16546296296296295,4
pooled,reversed,high_reverse_PageRank,meaindia,60219,109219,129604,0,1970-01-20T06:43:12+00:00,136,87,0.6397058823529411,0.3602941176470588,0.005636574074074074,0.11880787037037037,0.16510416666666666,3
pooled,reversed,high_reverse_PageRank,hardikpandya7,60219,109219,129604,0,1970-01-20T06:43:12+00:00,250,85,0.34,0.66,0.001261574074074074,0.04353009259259259,0.1637037037037037,4
pooled,reversed,high_reverse_PageRank,dgisprurdu,60219,109219,129604,0,1970-01-20T06:43:12+00:00,12,12,1.0,0.0,0.09666666666666666,0.1246875,0.13723379629629628,1
pooled,reversed,high_reverse_PageRank,prakashjavdekar,60219,109219,129604,0,1970-01-20T06:43:12+00:00,67,62,0.9253731343283582,0.07462686567164178,0.0007523148148148148,0.07984375,0.16217592592592592,1
pooled,reversed,high_reverse_PageRank,suhelseth,60219,109219,129604,0,1970-01-20T06:43:12+00:00,233,69,0.296137339055794,0.703862660944206,0.008784722222222222,0.0705324074074074,0.1637037037037037,4
pooled,reversed,high_reverse_PageRank,bbhuttozardari,60219,109219,129604,0,1970-01-20T06:43:12+00:00,39,36,0.9230769230769231,0.07692307692307693,0.0052430555555555555,0.06496527777777777,0.16475694444444444,4
pooled,reversed,high_reverse_PageRank,sanginamby,60219,109219,129604,0,1970-01-20T06:43:12+00:00,26,20,0.7692307692307693,0.23076923076923078,0.005416666666666667,0.11030092592592591,0.1655787037037037,2
pooled,reversed,high_reverse_PageRank,rohiniacharya2,60219,109219,129604,0,1970-01-20T06:43:12+00:00,14,14,1.0,0.0,0.05028935185185185,0.14468171296296295,0.16163194444444445,1
pooled,reversed,high_reverse_PageRank,karthikgnath,60219,109219,129604,0,1970-01-20T06:43:12+00:00,212,22,0.10377358490566038,0.8962264150943396,0.015173611111111112,0.1244039351851852,0.16324074074074074,2
pooled,reversed,high_reverse_PageRank,reuters,60219,109219,129604,0,1970-01-20T06:43:12+00:00,30,24,0.8,0.2,0.012662037037037038,0.10368055555555555,0.16524305555555555,3
pooled,reversed,high_reverse_PageRank,veera284,60219,109219,129604,0,1970-01-20T06:43:12+00:00,23,23,1.0,0.0,0.030104166666666668,0.12675925925925927,0.16231481481481483,2
pooled,reversed,high_reverse_PageRank,bjp4gujarat,60219,109219,129604,0,1970-01-20T06:43:12+00:00,78,74,0.9487179487179487,0.05128205128205128,0.005092592592592593,0.05524884259259259,0.16443287037037038,2
pooled,reversed,high_reverse_PageRank,ani_digital,60219,109219,129604,0,1970-01-20T06:43:12+00:00,68,51,0.75,0.25,0.0038657407407407408,0.0714236111111111,0.1625925925925926,2
pooled,reversed,high_reverse_PageRank,alongimna,60219,109219,129604,0,1970-01-20T06:43:12+00:00,20,20,1.0,0.0,0.0024537037037037036,0.1178125,0.16414351851851852,2
pooled,reversed,high_reverse_PageRank,gauravsabnis,60219,109219,129604,0,1970-01-20T06:43:12+00:00,17,17,1.0,0.0,0.004606481481481481,0.0465625,0.14461805555555557,2
pooled,reversed,high_reverse_PageRank,pinarayivijayan,60219,109219,129604,0,1970-01-20T06:43:12+00:00,102,46,0.45098039215686275,0.5490196078431373,0.004525462962962963,0.12180555555555556,0.16283564814814816,3
pooled,reversed,high_reverse_PageRank,cvkrishnan,60219,109219,129604,0,1970-01-20T06:43:12+00:00,188,24,0.1276595744680851,0.8723404255319149,0.007349537037037037,0.11933449074074073,0.16319444444444445,3
pooled,reversed,high_reverse_PageRank,rvaidya2000,60219,109219,129604,0,1970-01-20T06:43:12+00:00,44,36,0.8181818181818182,0.18181818181818182,0.006099537037037037,0.11472222222222223,0.16532407407407407,3
pooled,reversed,high_reverse_PageRank,mohansinha,60219,109219,129604,0,1970-01-20T06:43:12+00:00,49,22,0.4489795918367347,0.5510204081632653,0.009212962962962963,0.08332175925925925,0.15855324074074073,3
pooled,reversed,high_reverse_PageRank,thakkar_sameet,60219,109219,129604,0,1970-01-20T06:43:12+00:00,57,49,0.8596491228070176,0.14035087719298245,0.00818287037037037,0.11871527777777778,0.16530092592592593,3
pooled,reversed,high_reverse_PageRank,vikaslohia,60219,109219,129604,0,1970-01-20T06:43:12+00:00,207,15,0.07246376811594203,0.927536231884058,0.10547453703703703,0.13256944444444443,0.1623726851851852,2
pooled,reversed,high_reverse_PageRank,ndtvindia,60219,109219,129604,0,1970-01-20T06:43:12+00:00,55,54,0.9818181818181818,0.01818181818181818,0.001412037037037037,0.06455439814814815,0.16390046296296296,2
pooled,reversed,high_reverse_PageRank,newindianxpress,60219,109219,129604,0,1970-01-20T06:43:12+00:00,201,35,0.17412935323383086,0.8258706467661692,0.004398148148148148,0.0831712962962963,0.1651388888888889,5
pooled,reversed,high_reverse_PageRank,desi_thug1,60219,109219,129604,0,1970-01-20T06:43:12+00:00,19,16,0.8421052631578947,0.15789473684210525,0.03615740740740741,0.14877314814814813,0.14952546296296296,1
pooled,reversed,high_reverse_PageRank,minhazmerchant,60219,109219,129604,0,1970-01-20T06:43:12+00:00,70,60,0.8571428571428571,0.14285714285714285,0.005,0.11266203703703703,0.16430555555555557,3
pooled,reversed,high_reverse_PageRank,kanwalsibal,60219,109219,129604,0,1970-01-20T06:43:12+00:00,883,319,0.36126840317100795,0.638731596828992,0.004791666666666666,0.11653935185185185,0.16554398148148147,5
pooled,reversed,high_reverse_PageRank,gauravbh,60219,109219,129604,0,1970-01-20T06:43:12+00:00,581,125,0.21514629948364888,0.7848537005163512,0.002673611111111111,0.14243055555555556,0.1646875,2
pooled,reversed,high_reverse_PageRank,abhijitmajumder,60219,109219,129604,0,1970-01-20T06:43:12+00:00,49,40,0.8163265306122449,0.1836734693877551,0.004201388888888889,0.09947337962962963,0.1633101851851852,3
pooled,reversed,high_reverse_PageRank,irogerbinny,60219,109219,129604,0,1970-01-20T06:43:12+00:00,26,26,1.0,0.0,0.004270833333333333,0.04787615740740741,0.15042824074074074,2
pooled,reversed,high_reverse_PageRank,jaffrelotc,60219,109219,129604,0,1970-01-20T06:43:12+00:00,33,15,0.45454545454545453,0.5454545454545454,0.0026041666666666665,0.12476851851851851,0.16484953703703703,2
pooled,reversed,high_reverse_PageRank,jm_scindia,60219,109219,129604,0,1970-01-20T06:43:12+00:00,210,55,0.2619047619047619,0.7380952380952381,0.00037037037037037035,0.08120370370370371,0.164375,3
pooled,reversed,high_reverse_PageRank,ranvijaylive,60219,109219,129604,0,1970-01-20T06:43:12+00:00,20,20,1.0,0.0,0.010081018518518519,0.059444444444444446,0.1558101851851852,1
pooled,reversed,high_reverse_PageRank,cambridgejbs,60219,109219,129604,0,1970-01-20T06:43:12+00:00,207,38,0.18357487922705315,0.8164251207729468,0.1246875,0.1391898148148148,0.16125,2
pooled,reversed,high_reverse_PageRank,hazharoon,60219,109219,129604,0,1970-01-20T06:43:12+00:00,17,15,0.8823529411764706,0.11764705882352941,0.009791666666666667,0.026724537037037036,0.09123842592592593,1
pooled,reversed,high_reverse_PageRank,cryptic_miind,60219,109219,129604,0,1970-01-20T06:43:12+00:00,18,18,1.0,0.0,0.007268518518518519,0.05264467592592592,0.1624537037037037,3
pooled,reversed,high_reverse_PageRank,thelallantop,60219,109219,129604,0,1970-01-20T06:43:12+00:00,20,20,1.0,0.0,0.0011689814814814816,0.11832175925925925,0.16074074074074074,1
pooled,reversed,high_reverse_PageRank,bjp4up,60219,109219,129604,0,1970-01-20T06:43:12+00:00,81,76,0.9382716049382716,0.06172839506172839,0.0030208333333333333,0.0794212962962963,0.16443287037037038,2
pooled,reversed,high_reverse_PageRank,blsanthosh,60219,109219,129604,0,1970-01-20T06:43:12+00:00,78,71,0.9102564102564102,0.08974358974358974,0.002673611111111111,0.05637731481481482,0.16344907407407408,4
pooled,reversed,high_reverse_PageRank,kakar_harsha,60219,109219,129604,0,1970-01-20T06:43:12+00:00,35,31,0.8857142857142857,0.11428571428571428,0.027199074074074073,0.1407175925925926,0.16077546296296297,2
pooled,reversed,high_reverse_PageRank,israelinindia,60219,109219,129604,0,1970-01-20T06:43:12+00:00,285,40,0.14035087719298245,0.8596491228070176,0.04511574074074074,0.10574652777777778,0.1637037037037037,4
pooled,reversed,high_reverse_PageRank,vishaldadlani,60219,109219,129604,0,1970-01-20T06:43:12+00:00,24,24,1.0,0.0,0.0036574074074074074,0.08288194444444444,0.16275462962962964,1
pooled,reversed,high_reverse_PageRank,beingarun28,60219,109219,129604,0,1970-01-20T06:43:12+00:00,187,31,0.1657754010695187,0.8342245989304813,0.018796296296296297,0.08445601851851851,0.1637037037037037,3
pooled,reversed,high_reverse_PageRank,dr_uditraj,60219,109219,129604,0,1970-01-20T06:43:12+00:00,41,33,0.8048780487804879,0.1951219512195122,0.01619212962962963,0.11471064814814814,0.1635185185185185,1
pooled,reversed,high_reverse_PageRank,anjanaomkashyap,60219,109219,129604,0,1970-01-20T06:43:12+00:00,72,71,0.9861111111111112,0.013888888888888888,0.0012962962962962963,0.05638888888888889,0.16233796296296296,3
pooled,reversed,high_reverse_PageRank,savoices,60219,109219,129604,0,1970-01-20T06:43:12+00:00,3,2,0.6666666666666666,0.3333333333333333,0.11777777777777777,0.13445601851851852,0.15113425925925925,1
pooled,reversed,high_reverse_PageRank,zeenewshindi,60219,109219,129604,0,1970-01-20T06:43:12+00:00,78,78,1.0,0.0,0.0028819444444444444,0.0732986111111111,0.1595023148148148,3
pooled,reversed,high_reverse_PageRank,ptiofficial,60219,109219,129604,0,1970-01-20T06:43:12+00:00,300,83,0.27666666666666667,0.7233333333333334,0.006481481481481481,0.1437152777777778,0.1652199074074074,4
pooled,reversed,high_reverse_PageRank,happymonjacob,60219,109219,129604,0,1970-01-20T06:43:12+00:00,20,18,0.9,0.1,0.010335648148148148,0.011371527777777779,0.1255324074074074,2
pooled,reversed,high_reverse_PageRank,bjp4maharashtra,60219,109219,129604,0,1970-01-20T06:43:12+00:00,86,72,0.8372093023255814,0.16279069767441862,0.004988425925925926,0.07659143518518519,0.1642361111111111,1
pooled,reversed,high_reverse_PageRank,talk2anuradha,60219,109219,129604,0,1970-01-20T06:43:12+00:00,18,18,1.0,0.0,0.0014930555555555556,0.07413773148148148,0.1633449074074074,1
pooled,reversed,high_reverse_PageRank,abhisar_sharma,60219,109219,129604,0,1970-01-20T06:43:12+00:00,58,57,0.9827586206896551,0.017241379310344827,0.0009143518518518518,0.08805555555555555,0.1643287037037037,2
pooled,reversed,high_reverse_PageRank,aapnareshbalyan,60219,109219,129604,0,1970-01-20T06:43:12+00:00,408,97,0.23774509803921567,0.7622549019607843,0.0016087962962962963,0.06157407407407407,0.1655324074074074,5
pooled,reversed,high_reverse_PageRank,dmuthuk,60219,109219,129604,0,1970-01-20T06:43:12+00:00,22,22,1.0,0.0,0.009270833333333334,0.10319444444444445,0.15556712962962962,1
pooled,reversed,high_reverse_PageRank,surya_14kumar,60219,109219,129604,0,1970-01-20T06:43:12+00:00,28,27,0.9642857142857143,0.03571428571428571,0.015613425925925926,0.0685763888888889,0.16175925925925927,1
pooled,reversed,high_reverse_PageRank,puneetsinghlive,60219,109219,129604,0,1970-01-20T06:43:12+00:00,17,16,0.9411764705882353,0.058823529411764705,0.009398148148148149,0.06219328703703704,0.15438657407407408,2
pooled,reversed,high_reverse_PageRank,livelawindia,60219,109219,129604,0,1970-01-20T06:43:12+00:00,38,23,0.6052631578947368,0.39473684210526316,0.003460648148148148,0.09416666666666666,0.16380787037037037,2
pooled,reversed,high_reverse_PageRank,dillidurast,60219,109219,129604,0,1970-01-20T06:43:12+00:00,234,47,0.20085470085470086,0.7991452991452992,0.010613425925925925,0.13793981481481482,0.16528935185185184,2
pooled,reversed,high_reverse_PageRank,saliltripathi,60219,109219,129604,0,1970-01-20T06:43:12+00:00,30,27,0.9,0.1,0.005532407407407408,0.04299768518518519,0.15180555555555555,2
pooled,reversed,high_reverse_PageRank,bansuriswaraj,60219,109219,129604,0,1970-01-20T06:43:12+00:00,19,19,1.0,0.0,0.02537037037037037,0.1228125,0.16556712962962963,1
pooled,reversed,high_reverse_PageRank,roflgandhi_,60219,109219,129604,0,1970-01-20T06:43:12+00:00,49,28,0.5714285714285714,0.42857142857142855,0.006446759259259259,0.11866319444444444,0.16145833333333334,2
pooled,reversed,high_reverse_PageRank,tathagata2,60219,109219,129604,0,1970-01-20T06:43:12+00:00,43,23,0.5348837209302325,0.46511627906976744,0.04972222222222222,0.09952546296296297,0.16436342592592593,2
pooled,reversed,high_reverse_PageRank,pathakkalpana,60219,109219,129604,0,1970-01-20T06:43:12+00:00,64,46,0.71875,0.28125,0.05511574074074074,0.11112847222222222,0.1632986111111111,3
pooled,reversed,high_reverse_PageRank,sanjeev_news,60219,109219,129604,0,1970-01-20T06:43:12+00:00,64,46,0.71875,0.28125,0.05511574074074074,0.11112847222222222,0.1632986111111111,3
pooled,reversed,high_reverse_PageRank,ashajadeja325,60219,109219,129604,0,1970-01-20T06:43:12+00:00,209,43,0.20574162679425836,0.7942583732057417,0.00045138888888888887,0.14427083333333332,0.16543981481481482,5
pooled,reversed,high_reverse_PageRank,softgrowl,60219,109219,129604,0,1970-01-20T06:43:12+00:00,16,16,1.0,0.0,0.012569444444444444,0.10560763888888888,0.16011574074074075,2
pooled,reversed,high_reverse_PageRank,swatijaihind,60219,109219,129604,0,1970-01-20T06:43:12+00:00,29,27,0.9310344827586207,0.06896551724137931,0.005358796296296296,0.09848379629629629,0.16149305555555554,3
pooled,reversed,high_reverse_PageRank,kirronkherbjp,60219,109219,129604,0,1970-01-20T06:43:12+00:00,510,45,0.08823529411764706,0.9117647058823529,0.00024305555555555555,0.15038194444444444,0.1650925925925926,3
pooled,reversed,high_reverse_PageRank,d_jaishankar,60219,109219,129604,0,1970-01-20T06:43:12+00:00,292,4,0.0136986301369863,0.9863013698630136,0.16321759259259258,0.16465277777777776,0.1646875,1
pooled,reversed,high_reverse_PageRank,imkuldeep18,60219,109219,129604,0,1970-01-20T06:43:12+00:00,29,28,0.9655172413793104,0.034482758620689655,0.039467592592592596,0.06837384259259259,0.0901388888888889,1
pooled,reversed,high_reverse_PageRank,abhiandniyu,60219,109219,129604,0,1970-01-20T06:43:12+00:00,16,16,1.0,0.0,0.004189814814814815,0.09652777777777777,0.14949074074074073,1
pooled,reversed,high_reverse_PageRank,ladhuchoudhary,60219,109219,129604,0,1970-01-20T06:43:12+00:00,3,1,0.3333333333333333,0.6666666666666666,0.15552083333333333,0.15552083333333333,0.15552083333333333,1
pooled,reversed,high_reverse_PageRank,ssrajamouli,60219,109219,129604,0,1970-01-20T06:43:12+00:00,50,46,0.92,0.08,0.010601851851851852,0.08934027777777778,0.16449074074074074,2
pooled,reversed,high_reverse_PageRank,amymek,60219,109219,129604,0,1970-01-20T06:43:12+00:00,21,20,0.9523809523809523,0.047619047619047616,0.043854166666666666,0.1174826388888889,0.165625,2
pooled,reversed,high_reverse_PageRank,ptrmadurai,60219,109219,129604,0,1970-01-20T06:43:12+00:00,38,24,0.631578947368421,0.3684210526315789,0.006655092592592593,0.11652777777777779,0.1627199074074074,2
pooled,reversed,high_reverse_PageRank,jawharsircar,60219,109219,129604,0,1970-01-20T06:43:12+00:00,14,14,1.0,0.0,0.051412037037037034,0.1258449074074074,0.15480324074074073,2
pooled,reversed,high_reverse_PageRank,subbaraotn,60219,109219,129604,0,1970-01-20T06:43:12+00:00,46,24,0.5217391304347826,0.4782608695652174,0.01712962962962963,0.12448495370370369,0.1646412037037037,3
pooled,reversed,high_reverse_PageRank,ashutosh83b,60219,109219,129604,0,1970-01-20T06:43:12+00:00,81,64,0.7901234567901234,0.20987654320987653,0.002650462962962963,0.07730902777777779,0.16224537037037037,3
pooled,reversed,high_reverse_PageRank,teslaanddoge,60219,109219,129604,0,1970-01-20T06:43:12+00:00,3,3,1.0,0.0,0.07469907407407407,0.08018518518518518,0.11054398148148148,1
pooled,reversed,high_reverse_PageRank,nitishrajpute,60219,109219,129604,0,1970-01-20T06:43:12+00:00,12,11,0.9166666666666666,0.08333333333333333,0.011539351851851851,0.05439814814814815,0.14166666666666666,1
pooled,reversed,high_reverse_PageRank,republic_bharat,60219,109219,129604,0,1970-01-20T06:43:12+00:00,44,44,1.0,0.0,0.0025694444444444445,0.07236111111111111,0.1535300925925926,2
pooled,reversed,high_reverse_PageRank,ranvirshorey,60219,109219,129604,0,1970-01-20T06:43:12+00:00,24,22,0.9166666666666666,0.08333333333333333,0.008414351851851852,0.051186342592592596,0.1641087962962963,2
pooled,reversed,high_reverse_PageRank,fltltanoopverma,60219,109219,129604,0,1970-01-20T06:43:12+00:00,287,31,0.10801393728222997,0.89198606271777,0.018206018518518517,0.12560185185185185,0.1652199074074074,4
pooled,reversed,high_reverse_PageRank,akashpo30183389,60219,109219,129604,0,1970-01-20T06:43:12+00:00,44,9,0.20454545454545456,0.7954545454545454,0.0992824074074074,0.11234953703703704,0.16436342592592593,3
pooled,reversed,high_reverse_PageRank,mxtaverse,60219,109219,129604,0,1970-01-20T06:43:12+00:00,39,16,0.41025641025641024,0.5897435897435898,0.0052893518518518515,0.09024305555555556,0.15144675925925927,2
pooled,reversed,high_reverse_PageRank,laluprasadrjd,60219,109219,129604,0,1970-01-20T06:43:12+00:00,258,51,0.19767441860465115,0.8023255813953488,0.003414351851851852,0.12065972222222222,0.16135416666666666,3
pooled,reversed,high_reverse_PageRank,catale7a,60219,109219,129604,0,1970-01-20T06:43:12+00:00,21,20,0.9523809523809523,0.047619047619047616,0.041157407407407406,0.1268402777777778,0.16175925925925927,3
pooled,reversed,high_reverse_PageRank,meghamohan,60219,109219,129604,0,1970-01-20T06:43:12+00:00,293,5,0.017064846416382253,0.9829351535836177,0.004768518518518518,0.16462962962962963,0.1646875,2
pooled,reversed,high_reverse_PageRank,thepolllady,60219,109219,129604,0,1970-01-20T06:43:12+00:00,20,20,1.0,0.0,0.007395833333333333,0.12800347222222222,0.16045138888888888,2
pooled,reversed,high_reverse_PageRank,shaandelhite,60219,109219,129604,0,1970-01-20T06:43:12+00:00,35,25,0.7142857142857143,0.2857142857142857,0.011377314814814814,0.11952546296296296,0.1582060185185185,2
pooled,reversed,high_reverse_PageRank,dpradhanbjp,60219,109219,129604,0,1970-01-20T06:43:12+00:00,271,152,0.5608856088560885,0.43911439114391143,0.0013078703703703703,0.12950231481481483,0.16555555555555557,4
pooled,reversed,high_reverse_PageRank,telanganacmo,60219,109219,129604,0,1970-01-20T06:43:12+00:00,50,50,1.0,0.0,0.0027314814814814814,0.10344328703703703,0.16439814814814815,2
pooled,reversed,high_reverse_PageRank,amit_gujju,60219,109219,129604,0,1970-01-20T06:43:12+00:00,26,24,0.9230769230769231,0.07692307692307693,0.015532407407407408,0.07132523148148148,0.13269675925925925,3
pooled,reversed,high_reverse_PageRank,gopal_italia,60219,109219,129604,0,1970-01-20T06:43:12+00:00,32,25,0.78125,0.21875,0.00431712962962963,0.04775462962962963,0.15672453703703704,3
pooled,reversed,high_reverse_PageRank,mlkhattar,60219,109219,129604,0,1970-01-20T06:43:12+00:00,47,42,0.8936170212765957,0.10638297872340426,0.002025462962962963,0.09250578703703705,0.16193287037037038,1
pooled,reversed,high_reverse_PageRank,sakshijoshii,60219,109219,129604,0,1970-01-20T06:43:12+00:00,27,25,0.9259259259259259,0.07407407407407407,0.0006712962962962962,0.05530092592592593,0.16267361111111112,2
pooled,reversed,high_reverse_PageRank,ashwinravi99,60219,109219,129604,0,1970-01-20T06:43:12+00:00,23,23,1.0,0.0,0.001261574074074074,0.07177083333333334,0.15871527777777777,1
pooled,reversed,high_reverse_PageRank,amanchopra_,60219,109219,129604,0,1970-01-20T06:43:12+00:00,23,22,0.9565217391304348,0.043478260869565216,0.010671296296296297,0.09016782407407407,0.15961805555555555,1
pooled,reversed,high_reverse_PageRank,sharadyadavmp,60219,109219,129604,0,1970-01-20T06:43:12+00:00,25,16,0.64,0.36,0.003414351851851852,0.08984375,0.0937962962962963,2
pooled,reversed,high_reverse_PageRank,ctravi_bjp,60219,109219,129604,0,1970-01-20T06:43:12+00:00,58,53,0.9137931034482759,0.08620689655172414,0.002673611111111111,0.0715162037037037,0.1633101851851852,2
pooled,reversed,high_reverse_PageRank,happyjesse,60219,109219,129604,0,1970-01-20T06:43:12+00:00,3,2,0.6666666666666666,0.3333333333333333,0.08017361111111111,0.09535879629629629,0.11054398148148148,2
pooled,reversed,high_reverse_PageRank,malpani,60219,109219,129604,0,1970-01-20T06:43:12+00:00,10,10,1.0,0.0,0.037280092592592594,0.10984953703703704,0.15332175925925925,1
pooled,reversed,high_reverse_PageRank,anumavidisha,60219,109219,129604,0,1970-01-20T06:43:12+00:00,29,28,0.9655172413793104,0.034482758620689655,0.0021759259259259258,0.04867476851851851,0.14530092592592592,2
pooled,reversed,high_reverse_PageRank,aroonpurie,60219,109219,129604,0,1970-01-20T06:43:12+00:00,72,54,0.75,0.25,0.005509259259259259,0.09898148148148148,0.1622800925925926,4
pooled,reversed,high_reverse_PageRank,imranriazkhan,60219,109219,129604,0,1970-01-20T06:43:12+00:00,14,14,1.0,0.0,0.021168981481481483,0.04570601851851852,0.16045138888888888,1
pooled,reversed,high_reverse_PageRank,tusharg,60219,109219,129604,0,1970-01-20T06:43:12+00:00,48,28,0.5833333333333334,0.4166666666666667,0.04123842592592593,0.09808449074074074,0.16025462962962964,3
pooled,reversed,high_reverse_PageRank,indian_fairy77,60219,109219,129604,0,1970-01-20T06:43:12+00:00,185,30,0.16216216216216217,0.8378378378378378,0.0026041666666666665,0.07036458333333334,0.1637037037037037,4
pooled,reversed,high_reverse_PageRank,subhashini_12b,60219,109219,129604,0,1970-01-20T06:43:12+00:00,21,15,0.7142857142857143,0.2857142857142857,0.08974537037037036,0.0903125,0.15259259259259259,2
pooled,reversed,high_reverse_PageRank,bjp,60219,109219,129604,0,1970-01-20T06:43:12+00:00,44,37,0.8409090909090909,0.1590909090909091,0.005162037037037037,0.06913194444444444,0.1651388888888889,2
pooled,reversed,high_reverse_PageRank,thenewshour,60219,109219,129604,0,1970-01-20T06:43:12+00:00,552,227,0.411231884057971,0.5887681159420289,0.03768518518518518,0.12236111111111111,0.1646875,4
pooled,reversed,high_reverse_PageRank,sunny_hundal,60219,109219,129604,0,1970-01-20T06:43:12+00:00,26,22,0.8461538461538461,0.15384615384615385,0.009722222222222222,0.010480324074074074,0.16425925925925927,3
pooled,reversed,high_reverse_PageRank,sanket,60219,109219,129604,0,1970-01-20T06:43:12+00:00,17,15,0.8823529411764706,0.11764705882352941,0.006168981481481482,0.09660879629629629,0.15349537037037037,2
pooled,reversed,high_reverse_PageRank,battakashmiri,60219,109219,129604,0,1970-01-20T06:43:12+00:00,26,26,1.0,0.0,0.0020833333333333333,0.0614525462962963,0.15325231481481483,2
pooled,reversed,high_reverse_PageRank,sanjeevsanyal,60219,109219,129604,0,1970-01-20T06:43:12+00:00,15,15,1.0,0.0,0.023275462962962963,0.12724537037037037,0.16555555555555557,1
pooled,reversed,high_reverse_PageRank,shyammeerasingh,60219,109219,129604,0,1970-01-20T06:43:12+00:00,26,22,0.8461538461538461,0.15384615384615385,0.012881944444444444,0.08688657407407407,0.1611226851851852,3
pooled,reversed,high_reverse_PageRank,sganguly99,60219,109219,129604,0,1970-01-20T06:43:12+00:00,29,29,1.0,0.0,0.003321759259259259,0.03626157407407407,0.1592361111111111,1
pooled,reversed,high_reverse_PageRank,quinthindi,60219,109219,129604,0,1970-01-20T06:43:12+00:00,45,27,0.6,0.4,0.026203703703703705,0.08766203703703704,0.1648726851851852,3
pooled,reversed,high_reverse_PageRank,denniscricket_,60219,109219,129604,0,1970-01-20T06:43:12+00:00,15,15,1.0,0.0,0.0034375,0.015162037037037036,0.14716435185185187,2
pooled,reversed,high_reverse_PageRank,dineshkumarlive,60219,109219,129604,0,1970-01-20T06:43:12+00:00,16,16,1.0,0.0,0.09210648148148148,0.10480324074074074,0.14119212962962963,2
pooled,reversed,high_reverse_PageRank,railminindia,60219,109219,129604,0,1970-01-20T06:43:12+00:00,68,46,0.6764705882352942,0.3235294117647059,0.006273148148148148,0.11034722222222222,0.16011574074074075,2
pooled,reversed,high_reverse_PageRank,msdhoni,60219,109219,129604,0,1970-01-20T06:43:12+00:00,25,25,1.0,0.0,0.01361111111111111,0.056435185185185185,0.16399305555555554,1
pooled,reversed,high_reverse_PageRank,joebiden,60219,109219,129604,0,1970-01-20T06:43:12+00:00,23,23,1.0,0.0,0.009467592592592593,0.11699074074074074,0.16552083333333334,1
pooled,reversed,high_reverse_PageRank,gauravcsawant,60219,109219,129604,0,1970-01-20T06:43:12+00:00,905,333,0.3679558011049724,0.6320441988950276,0.013287037037037036,0.11471064814814814,0.16554398148148147,5
pooled,reversed,high_reverse_PageRank,thequint,60219,109219,129604,0,1970-01-20T06:43:12+00:00,44,32,0.7272727272727273,0.2727272727272727,0.009895833333333333,0.07329282407407407,0.1648726851851852,2
pooled,reversed,high_reverse_PageRank,bjym,60219,109219,129604,0,1970-01-20T06:43:12+00:00,63,58,0.9206349206349206,0.07936507936507936,0.004456018518518519,0.08159143518518519,0.164375,2
pooled,reversed,high_reverse_PageRank,hamidmirpak,60219,109219,129604,0,1970-01-20T06:43:12+00:00,18,18,1.0,0.0,0.005798611111111111,0.0800289351851852,0.15938657407407408,2
pooled,reversed,high_reverse_PageRank,agentsaffron,60219,109219,129604,0,1970-01-20T06:43:12+00:00,204,16,0.0784313725490196,0.9215686274509803,0.014884259259259259,0.12865162037037037,0.16135416666666666,2
pooled,reversed,high_reverse_PageRank,amitlelislayer,60219,109219,129604,0,1970-01-20T06:43:12+00:00,31,19,0.6129032258064516,0.3870967741935484,0.01087962962962963,0.11627314814814815,0.16158564814814816,2
pooled,reversed,high_reverse_PageRank,zahacktanvir,60219,109219,129604,0,1970-01-20T06:43:12+00:00,12,12,1.0,0.0,0.0103125,0.1241550925925926,0.1622337962962963,1
pooled,reversed,high_reverse_PageRank,ra_thore,60219,109219,129604,0,1970-01-20T06:43:12+00:00,63,60,0.9523809523809523,0.047619047619047616,0.0012268518518518518,0.07095486111111111,0.1653587962962963,2
pooled,reversed,high_reverse_PageRank,sardanarohit,60219,109219,129604,0,1970-01-20T06:43:12+00:00,48,47,0.9791666666666666,0.020833333333333332,0.006423611111111111,0.09306712962962962,0.16258101851851853,2
pooled,reversed,high_reverse_PageRank,nitinagarwalinc,60219,109219,129604,0,1970-01-20T06:43:12+00:00,26,15,0.5769230769230769,0.4230769230769231,0.0016203703703703703,0.04818287037037037,0.1551736111111111,2
pooled,reversed,high_reverse_PageRank,capt_amarinder,60219,109219,129604,0,1970-01-20T06:43:12+00:00,74,56,0.7567567567567568,0.24324324324324326,0.004097222222222223,0.12278356481481481,0.1622800925925926,4
pooled,reversed,high_reverse_PageRank,rajivmessage,60219,109219,129604,0,1970-01-20T06:43:12+00:00,23,22,0.9565217391304348,0.043478260869565216,0.00037037037037037035,0.08326388888888889,0.1541435185185185,2
pooled,reversed,high_reverse_PageRank,vivekgramaswamy,60219,109219,129604,0,1970-01-20T06:43:12+00:00,14,14,1.0,0.0,0.12726851851851853,0.13627314814814814,0.15907407407407406,2
pooled,reversed,high_reverse_PageRank,swamigeetika,60219,109219,129604,0,1970-01-20T06:43:12+00:00,35,35,1.0,0.0,0.0022222222222222222,0.11068287037037038,0.1637962962962963,2
pooled,reversed,high_reverse_PageRank,muglikar_,60219,109219,129604,0,1970-01-20T06:43:12+00:00,41,31,0.7560975609756098,0.24390243902439024,0.007974537037037037,0.07912037037037037,0.15637731481481482,2
pooled,reversed,high_reverse_PageRank,me_predictor,60219,109219,129604,0,1970-01-20T06:43:12+00:00,188,12,0.06382978723404255,0.9361702127659575,0.019641203703703702,0.1264988425925926,0.1647685185185185,1
pooled,reversed,high_reverse_PageRank,cjwerleman,60219,109219,129604,0,1970-01-20T06:43:12+00:00,13,12,0.9230769230769231,0.07692307692307693,0.0021180555555555558,0.06235532407407407,0.16563657407407406,2
pooled,reversed,high_reverse_PageRank,jsnaipaul,60219,109219,129604,0,1970-01-20T06:43:12+00:00,2,2,1.0,0.0,0.07253472222222222,0.07265046296296296,0.07276620370370371,1
pooled,reversed,high_reverse_PageRank,kanthan2030,60219,109219,129604,0,1970-01-20T06:43:12+00:00,14,13,0.9285714285714286,0.07142857142857142,0.003576388888888889,0.13725694444444445,0.16042824074074075,1
pooled,reversed,high_reverse_PageRank,love_liv_laf,60219,109219,129604,0,1970-01-20T06:43:12+00:00,18,17,0.9444444444444444,0.05555555555555555,0.012222222222222223,0.09017361111111111,0.16445601851851852,2
pooled,reversed,high_reverse_PageRank,dramsinghvi,60219,109219,129604,0,1970-01-20T06:43:12+00:00,211,44,0.20853080568720378,0.7914691943127962,0.0016898148148148148,0.062065972222222224,0.16475694444444444,3
pooled,reversed,high_reverse_PageRank,ima_indian,60219,109219,129604,0,1970-01-20T06:43:12+00:00,375,92,0.24533333333333332,0.7546666666666667,0.001724537037037037,0.05667824074074074,0.1655324074074074,4
pooled,reversed,high_PageRank,makebharatmahan,60219,109219,129604,0,1970-01-20T06:43:12+00:00,6,6,1.0,0.0,0.017638888888888888,0.047407407407407405,0.11901620370370371,1
pooled,reversed,high_PageRank,chowkidarchokra,60219,109219,129604,0,1970-01-20T06:43:12+00:00,4,4,1.0,0.0,0.006793981481481482,0.060196759259259255,0.16409722222222223,2
pooled,reversed,high_PageRank,bhupendra26,60219,109219,129604,0,1970-01-20T06:43:12+00:00,4,4,1.0,0.0,0.020775462962962964,0.060196759259259255,0.16409722222222223,2
pooled,reversed,high_PageRank,55659754bhaskar,60219,109219,129604,0,1970-01-20T06:43:12+00:00,2,2,1.0,0.0,0.011747685185185186,0.01291087962962963,0.014074074074074074,1
pooled,reversed,high_PageRank,murali76133156,60219,109219,129604,0,1970-01-20T06:43:12+00:00,4,4,1.0,0.0,0.006793981481481482,0.03595486111111111,0.16409722222222223,2
pooled,reversed,high_PageRank,ictcimpact,60219,109219,129604,0,1970-01-20T06:43:12+00:00,0,0,NA,NA,NA,NA,NA,0
pooled,reversed,high_PageRank,trendsetting123,60219,109219,129604,0,1970-01-20T06:43:12+00:00,162,11,0.06790123456790123,0.9320987654320988,0.012326388888888888,0.08120370370370371,0.1637037037037037,3
pooled,reversed,high_PageRank,puneetvizh,60219,109219,129604,0,1970-01-20T06:43:12+00:00,162,12,0.07407407407407407,0.9259259259259259,0.006273148148148148,0.07521412037037037,0.1637037037037037,2
pooled,reversed,high_PageRank,spkathirvel1,60219,109219,129604,0,1970-01-20T06:43:12+00:00,0,0,NA,NA,NA,NA,NA,0
pooled,reversed,high_PageRank,navin4nation,60219,109219,129604,0,1970-01-20T06:43:12+00:00,2,2,1.0,0.0,0.008159722222222223,0.009953703703703704,0.011747685185185186,1
pooled,reversed,high_PageRank,hisamuddink51,60219,109219,129604,0,1970-01-20T06:43:12+00:00,2,2,1.0,0.0,0.008159722222222223,0.011116898148148148,0.014074074074074074,1
pooled,reversed,high_PageRank,terence_fdes,60219,109219,129604,0,1970-01-20T06:43:12+00:00,162,12,0.07407407407407407,0.9259259259259259,0.006273148148148148,0.07521412037037037,0.1637037037037037,2
pooled,reversed,high_PageRank,profsrk,60219,109219,129604,0,1970-01-20T06:43:12+00:00,3,3,1.0,0.0,0.03596064814814815,0.05638888888888889,0.16145833333333334,1
pooled,reversed,high_PageRank,mani24sjcpl,60219,109219,129604,0,1970-01-20T06:43:12+00:00,0,0,NA,NA,NA,NA,NA,0
pooled,reversed,high_PageRank,satishrathod100,60219,109219,129604,0,1970-01-20T06:43:12+00:00,8,8,1.0,0.0,0.006793981481481482,0.060196759259259255,0.16409722222222223,2
pooled,reversed,high_PageRank,libertarian196,60219,109219,129604,0,1970-01-20T06:43:12+00:00,2,2,1.0,0.0,0.009189814814814816,0.011423611111111112,0.013657407407407408,1
pooled,reversed,high_PageRank,incdilse,60219,109219,129604,0,1970-01-20T06:43:12+00:00,0,0,NA,NA,NA,NA,NA,0
pooled,reversed,high_PageRank,ranajig,60219,109219,129604,0,1970-01-20T06:43:12+00:00,0,0,NA,NA,NA,NA,NA,0
pooled,reversed,high_PageRank,spksalem2,60219,109219,129604,0,1970-01-20T06:43:12+00:00,0,0,NA,NA,NA,NA,NA,0
pooled,reversed,high_PageRank,emperorofhind,60219,109219,129604,0,1970-01-20T06:43:12+00:00,2,2,1.0,0.0,0.0478125,0.08353009259259259,0.11924768518518518,1
pooled,reversed,high_PageRank,vishnu_suresh_2,60219,109219,129604,0,1970-01-20T06:43:12+00:00,0,0,NA,NA,NA,NA,NA,0
pooled,reversed,high_PageRank,pmaliens,60219,109219,129604,0,1970-01-20T06:43:12+00:00,6,6,1.0,0.0,0.005069444444444444,0.047407407407407405,0.11901620370370371,2
pooled,reversed,high_PageRank,2_drac,60219,109219,129604,0,1970-01-20T06:43:12+00:00,0,0,NA,NA,NA,NA,NA,0
pooled,reversed,high_PageRank,johnrphlab,60219,109219,129604,0,1970-01-20T06:43:12+00:00,0,0,NA,NA,NA,NA,NA,0
pooled,reversed,high_PageRank,swwagatam,60219,109219,129604,0,1970-01-20T06:43:12+00:00,6,6,1.0,0.0,0.005069444444444444,0.03469907407407408,0.11901620370370371,2
pooled,reversed,high_PageRank,orgmunch69,60219,109219,129604,0,1970-01-20T06:43:12+00:00,0,0,NA,NA,NA,NA,NA,0
pooled,reversed,high_PageRank,ukitco,60219,109219,129604,0,1970-01-20T06:43:12+00:00,0,0,NA,NA,NA,NA,NA,0
pooled,reversed,high_PageRank,ranjitsamantar2,60219,109219,129604,0,1970-01-20T06:43:12+00:00,0,0,NA,NA,NA,NA,NA,0
pooled,reversed,high_PageRank,feardis11,60219,109219,129604,0,1970-01-20T06:43:12+00:00,0,0,NA,NA,NA,NA,NA,0
pooled,reversed,high_PageRank,sanathanyodhaa,60219,109219,129604,0,1970-01-20T06:43:12+00:00,0,0,NA,NA,NA,NA,NA,0
pooled,reversed,high_PageRank,barbarajdurkin,60219,109219,129604,0,1970-01-20T06:43:12+00:00,0,0,NA,NA,NA,NA,NA,0
pooled,reversed,high_PageRank,meragurgaon,60219,109219,129604,0,1970-01-20T06:43:12+00:00,0,0,NA,NA,NA,NA,NA,0
pooled,reversed,high_PageRank,mandy_sanghera1,60219,109219,129604,0,1970-01-20T06:43:12+00:00,0,0,NA,NA,NA,NA,NA,0
pooled,reversed,high_PageRank,leeamott1,60219,109219,129604,0,1970-01-20T06:43:12+00:00,1,1,1.0,0.0,0.15143518518518517,0.15143518518518517,0.15143518518518517,1
pooled,reversed,high_PageRank,theprizeforce,60219,109219,129604,0,1970-01-20T06:43:12+00:00,1,1,1.0,0.0,0.15175925925925926,0.15175925925925926,0.15175925925925926,1
pooled,reversed,high_PageRank,guruprasadgovi1,60219,109219,129604,0,1970-01-20T06:43:12+00:00,6,5,0.8333333333333334,0.16666666666666666,0.03045138888888889,0.05586805555555555,0.11901620370370371,2
pooled,reversed,high_PageRank,dipdil,60219,109219,129604,0,1970-01-20T06:43:12+00:00,0,0,NA,NA,NA,NA,NA,0
pooled,reversed,high_PageRank,javiqbal09,60219,109219,129604,0,1970-01-20T06:43:12+00:00,0,0,NA,NA,NA,NA,NA,0
pooled,reversed,high_PageRank,randallmaloney5,60219,109219,129604,0,1970-01-20T06:43:12+00:00,3,2,0.6666666666666666,0.3333333333333333,0.09251157407407408,0.11146412037037037,0.13041666666666665,1
pooled,reversed,high_PageRank,f3arl3ssindian,60219,109219,129604,0,1970-01-20T06:43:12+00:00,0,0,NA,NA,NA,NA,NA,0
pooled,reversed,high_PageRank,prabu95222,60219,109219,129604,0,1970-01-20T06:43:12+00:00,1,1,1.0,0.0,0.04653935185185185,0.04653935185185185,0.04653935185185185,1
pooled,reversed,high_PageRank,_amused_indian,60219,109219,129604,0,1970-01-20T06:43:12+00:00,1,1,1.0,0.0,0.0843287037037037,0.0843287037037037,0.0843287037037037,1
pooled,reversed,high_PageRank,enraged_indian,60219,109219,129604,0,1970-01-20T06:43:12+00:00,105,82,0.780952380952381,0.21904761904761905,0.0011458333333333333,0.12638310185185186,0.16555555555555557,3
pooled,reversed,high_PageRank,har1aum,60219,109219,129604,0,1970-01-20T06:43:12+00:00,0,0,NA,NA,NA,NA,NA,0
pooled,reversed,high_PageRank,iamdipsi,60219,109219,129604,0,1970-01-20T06:43:12+00:00,4,4,1.0,0.0,0.011643518518518518,0.048859953703703704,0.14171296296296296,1
pooled,reversed,high_PageRank,julushah,60219,109219,129604,0,1970-01-20T06:43:12+00:00,0,0,NA,NA,NA,NA,NA,0
pooled,reversed,high_PageRank,tinybutfierce1,60219,109219,129604,0,1970-01-20T06:43:12+00:00,0,0,NA,NA,NA,NA,NA,0
pooled,reversed,high_PageRank,vaidhiy4v,60219,109219,129604,0,1970-01-20T06:43:12+00:00,1,1,1.0,0.0,0.04662037037037037,0.04662037037037037,0.04662037037037037,1
pooled,reversed,high_PageRank,perspicacite,60219,109219,129604,0,1970-01-20T06:43:12+00:00,0,0,NA,NA,NA,NA,NA,0
pooled,reversed,high_PageRank,nalinmehta,60219,109219,129604,0,1970-01-20T06:43:12+00:00,1,1,1.0,0.0,0.0012847222222222223,0.0012847222222222223,0.0012847222222222223,1
pooled,reversed,high_PageRank,manatrue,60219,109219,129604,0,1970-01-20T06:43:12+00:00,0,0,NA,NA,NA,NA,NA,0
pooled,reversed,high_PageRank,chandramouliea1,60219,109219,129604,0,1970-01-20T06:43:12+00:00,1,1,1.0,0.0,0.1624537037037037,0.1624537037037037,0.1624537037037037,1
pooled,reversed,high_PageRank,vazeindian,60219,109219,129604,0,1970-01-20T06:43:12+00:00,162,16,0.09876543209876543,0.9012345679012346,0.03288194444444444,0.0926099537037037,0.16431712962962963,3
pooled,reversed,high_PageRank,sociopoliticalw,60219,109219,129604,0,1970-01-20T06:43:12+00:00,162,11,0.06790123456790123,0.9320987654320988,0.04392361111111111,0.08120370370370371,0.1637037037037037,3
pooled,reversed,high_PageRank,secular_hoon,60219,109219,129604,0,1970-01-20T06:43:12+00:00,162,16,0.09876543209876543,0.9012345679012346,0.046064814814814815,0.08726851851851852,0.16431712962962963,4
pooled,reversed,high_PageRank,jagadgurupeeth,60219,109219,129604,0,1970-01-20T06:43:12+00:00,0,0,NA,NA,NA,NA,NA,0
pooled,reversed,high_PageRank,agencytamil,60219,109219,129604,0,1970-01-20T06:43:12+00:00,0,0,NA,NA,NA,NA,NA,0
pooled,reversed,high_PageRank,rds750044,60219,109219,129604,0,1970-01-20T06:43:12+00:00,0,0,NA,NA,NA,NA,NA,0
pooled,reversed,high_PageRank,ammu_maanu,60219,109219,129604,0,1970-01-20T06:43:12+00:00,2,2,1.0,0.0,0.08540509259259259,0.1249537037037037,0.1645023148148148,1
pooled,reversed,high_PageRank,kalyanaramansi1,60219,109219,129604,0,1970-01-20T06:43:12+00:00,1,1,1.0,0.0,0.08422453703703704,0.08422453703703704,0.08422453703703704,1
pooled,reversed,high_PageRank,thegrimbarian,60219,109219,129604,0,1970-01-20T06:43:12+00:00,2,2,1.0,0.0,0.04793981481481482,0.08359375,0.11924768518518518,1
pooled,reversed,high_PageRank,westlandbooks,60219,109219,129604,0,1970-01-20T06:43:12+00:00,1,1,1.0,0.0,0.019085648148148147,0.019085648148148147,0.019085648148148147,1
pooled,reversed,high_PageRank,possible_a1,60219,109219,129604,0,1970-01-20T06:43:12+00:00,0,0,NA,NA,NA,NA,NA,0
pooled,reversed,high_PageRank,vpanchamukhi,60219,109219,129604,0,1970-01-20T06:43:12+00:00,0,0,NA,NA,NA,NA,NA,0
pooled,reversed,high_PageRank,revanasiddeshr,60219,109219,129604,0,1970-01-20T06:43:12+00:00,0,0,NA,NA,NA,NA,NA,0
pooled,reversed,high_PageRank,mkatju,60219,109219,129604,0,1970-01-20T06:43:12+00:00,211,100,0.47393364928909953,0.5260663507109005,0.0011458333333333333,0.1189814814814815,0.16555555555555557,4
pooled,reversed,high_PageRank,psmanwatkar,60219,109219,129604,0,1970-01-20T06:43:12+00:00,162,14,0.08641975308641975,0.9135802469135802,0.012326388888888888,0.07521412037037037,0.1637037037037037,3
pooled,reversed,high_PageRank,vibhu_prabhu,60219,109219,129604,0,1970-01-20T06:43:12+00:00,0,0,NA,NA,NA,NA,NA,0
pooled,reversed,high_PageRank,a_man8888,60219,109219,129604,0,1970-01-20T06:43:12+00:00,1,1,1.0,0.0,0.16246527777777778,0.16246527777777778,0.16246527777777778,1
pooled,reversed,high_PageRank,amitakjain,60219,109219,129604,0,1970-01-20T06:43:12+00:00,0,0,NA,NA,NA,NA,NA,0
pooled,reversed,high_PageRank,verpratech,60219,109219,129604,0,1970-01-20T06:43:12+00:00,0,0,NA,NA,NA,NA,NA,0
pooled,reversed,high_PageRank,adityagharge8,60219,109219,129604,0,1970-01-20T06:43:12+00:00,0,0,NA,NA,NA,NA,NA,0
pooled,reversed,high_PageRank,yganeshrao,60219,109219,129604,0,1970-01-20T06:43:12+00:00,0,0,NA,NA,NA,NA,NA,0
pooled,reversed,high_PageRank,sandipghose,60219,109219,129604,0,1970-01-20T06:43:12+00:00,24,18,0.75,0.25,0.012175925925925925,0.12278356481481481,0.1622800925925926,2
pooled,reversed,high_PageRank,indian_nagrik,60219,109219,129604,0,1970-01-20T06:43:12+00:00,67,48,0.7164179104477612,0.2835820895522388,0.010185185185185186,0.09726851851851852,0.1653587962962963,3
pooled,reversed,high_PageRank,newindiaabroad,60219,109219,129604,0,1970-01-20T06:43:12+00:00,0,0,NA,NA,NA,NA,NA,0
pooled,reversed,high_PageRank,joerave,60219,109219,129604,0,1970-01-20T06:43:12+00:00,162,44,0.2716049382716049,0.7283950617283951,0.006273148148148148,0.11367476851851852,0.16523148148148148,3
pooled,reversed,high_PageRank,amytisd1,60219,109219,129604,0,1970-01-20T06:43:12+00:00,0,0,NA,NA,NA,NA,NA,0
pooled,reversed,high_PageRank,kirti_sd,60219,109219,129604,0,1970-01-20T06:43:12+00:00,162,12,0.07407407407407407,0.9259259259259259,0.006273148148148148,0.07930555555555556,0.1637037037037037,3
pooled,reversed,high_PageRank,laksshyaadvani,60219,109219,129604,0,1970-01-20T06:43:12+00:00,0,0,NA,NA,NA,NA,NA,0
pooled,reversed,high_PageRank,pkv07288764,60219,109219,129604,0,1970-01-20T06:43:12+00:00,0,0,NA,NA,NA,NA,NA,0
pooled,reversed,high_PageRank,bharathimagdum,60219,109219,129604,0,1970-01-20T06:43:12+00:00,0,0,NA,NA,NA,NA,NA,0
pooled,reversed,high_PageRank,roardworld,60219,109219,129604,0,1970-01-20T06:43:12+00:00,0,0,NA,NA,NA,NA,NA,0
pooled,reversed,high_PageRank,diptidange,60219,109219,129604,0,1970-01-20T06:43:12+00:00,0,0,NA,NA,NA,NA,NA,0
pooled,reversed,high_PageRank,sunil2819,60219,109219,129604,0,1970-01-20T06:43:12+00:00,0,0,NA,NA,NA,NA,NA,0
pooled,reversed,high_PageRank,dknair4bjp,60219,109219,129604,0,1970-01-20T06:43:12+00:00,0,0,NA,NA,NA,NA,NA,0
pooled,reversed,high_PageRank,dhanushjsp2003,60219,109219,129604,0,1970-01-20T06:43:12+00:00,0,0,NA,NA,NA,NA,NA,0
pooled,reversed,high_PageRank,drrkmohanty,60219,109219,129604,0,1970-01-20T06:43:12+00:00,0,0,NA,NA,NA,NA,NA,0
pooled,reversed,high_PageRank,perthusasia,60219,109219,129604,0,1970-01-20T06:43:12+00:00,0,0,NA,NA,NA,NA,NA,0
pooled,reversed,high_PageRank,aklalb,60219,109219,129604,0,1970-01-20T06:43:12+00:00,0,0,NA,NA,NA,NA,NA,0
pooled,reversed,high_PageRank,thatindicmonk,60219,109219,129604,0,1970-01-20T06:43:12+00:00,0,0,NA,NA,NA,NA,NA,0
pooled,reversed,high_PageRank,vyasa1968,60219,109219,129604,0,1970-01-20T06:43:12+00:00,6,6,1.0,0.0,0.005532407407407408,0.0483912037037037,0.15055555555555555,2
pooled,reversed,high_PageRank,umakantpandey_,60219,109219,129604,0,1970-01-20T06:43:12+00:00,0,0,NA,NA,NA,NA,NA,0
pooled,reversed,high_PageRank,ecityrising,60219,109219,129604,0,1970-01-20T06:43:12+00:00,4,4,1.0,0.0,0.03512731481481481,0.048859953703703704,0.14171296296296296,1
pooled,reversed,high_PageRank,iyer_rn,60219,109219,129604,0,1970-01-20T06:43:12+00:00,0,0,NA,NA,NA,NA,NA,0
pooled,reversed,high_PageRank,subcontinent111,60219,109219,129604,0,1970-01-20T06:43:12+00:00,0,0,NA,NA,NA,NA,NA,0
pooled,reversed,high_PageRank,kambakht_bhakt,60219,109219,129604,0,1970-01-20T06:43:12+00:00,0,0,NA,NA,NA,NA,NA,0
pooled,reversed,high_PageRank,mukesh_ambanii_,60219,109219,129604,0,1970-01-20T06:43:12+00:00,0,0,NA,NA,NA,NA,NA,0
pooled,reversed,high_PageRank,simashah26,60219,109219,129604,0,1970-01-20T06:43:12+00:00,0,0,NA,NA,NA,NA,NA,0
pooled,reversed,high_PageRank,rajasantosh3,60219,109219,129604,0,1970-01-20T06:43:12+00:00,2,2,1.0,0.0,0.050416666666666665,0.06791087962962963,0.08540509259259259,2
pooled,reversed,high_PageRank,jpgmys,60219,109219,129604,0,1970-01-20T06:43:12+00:00,0,0,NA,NA,NA,NA,NA,0
pooled,reversed,high_PageRank,arungupta4760,60219,109219,129604,0,1970-01-20T06:43:12+00:00,0,0,NA,NA,NA,NA,NA,0
pooled,reversed,high_PageRank,rachitattweet,60219,109219,129604,0,1970-01-20T06:43:12+00:00,0,0,NA,NA,NA,NA,NA,0
pooled,reversed,high_PageRank,shashafrass,60219,109219,129604,0,1970-01-20T06:43:12+00:00,2,2,1.0,0.0,0.12560185185185185,0.1256539351851852,0.1257060185185185,1
pooled,reversed,high_PageRank,conspiratorfeku,60219,109219,129604,0,1970-01-20T06:43:12+00:00,0,0,NA,NA,NA,NA,NA,0
pooled,reversed,high_PageRank,dazzlingsnehal,60219,109219,129604,0,1970-01-20T06:43:12+00:00,0,0,NA,NA,NA,NA,NA,0
pooled,reversed,high_PageRank,pkm1999,60219,109219,129604,0,1970-01-20T06:43:12+00:00,0,0,NA,NA,NA,NA,NA,0
pooled,reversed,high_PageRank,anu_iyengar_,60219,109219,129604,0,1970-01-20T06:43:12+00:00,0,0,NA,NA,NA,NA,NA,0
pooled,reversed,high_PageRank,rajeshk39804978,60219,109219,129604,0,1970-01-20T06:43:12+00:00,7,3,0.42857142857142855,0.5714285714285714,0.07611111111111112,0.11894675925925927,0.11901620370370371,2
pooled,reversed,high_PageRank,kumarj9,60219,109219,129604,0,1970-01-20T06:43:12+00:00,0,0,NA,NA,NA,NA,NA,0
pooled,reversed,high_PageRank,pradeepr1981,60219,109219,129604,0,1970-01-20T06:43:12+00:00,0,0,NA,NA,NA,NA,NA,0
pooled,reversed,high_PageRank,ravipolara,60219,109219,129604,0,1970-01-20T06:43:12+00:00,0,0,NA,NA,NA,NA,NA,0
pooled,reversed,high_PageRank,thepostnews11,60219,109219,129604,0,1970-01-20T06:43:12+00:00,0,0,NA,NA,NA,NA,NA,0
pooled,reversed,high_PageRank,venuds23,60219,109219,129604,0,1970-01-20T06:43:12+00:00,0,0,NA,NA,NA,NA,NA,0
pooled,reversed,high_PageRank,prithabandyop10,60219,109219,129604,0,1970-01-20T06:43:12+00:00,1,1,1.0,0.0,0.10784722222222222,0.10784722222222222,0.10784722222222222,1
pooled,reversed,high_PageRank,abhigyasharma97,60219,109219,129604,0,1970-01-20T06:43:12+00:00,0,0,NA,NA,NA,NA,NA,0
pooled,reversed,high_PageRank,aapkanarang,60219,109219,129604,0,1970-01-20T06:43:12+00:00,0,0,NA,NA,NA,NA,NA,0
pooled,reversed,high_PageRank,storizenmag,60219,109219,129604,0,1970-01-20T06:43:12+00:00,0,0,NA,NA,NA,NA,NA,0
pooled,reversed,high_PageRank,lonighaziabadup,60219,109219,129604,0,1970-01-20T06:43:12+00:00,0,0,NA,NA,NA,NA,NA,0
pooled,reversed,high_PageRank,drdavidgk,60219,109219,129604,0,1970-01-20T06:43:12+00:00,0,0,NA,NA,NA,NA,NA,0
pooled,reversed,high_PageRank,tirumuru_87,60219,109219,129604,0,1970-01-20T06:43:12+00:00,188,30,0.1595744680851064,0.8404255319148937,0.04155092592592593,0.15943865740740742,0.16543981481481482,3
pooled,reversed,high_PageRank,howardroark25,60219,109219,129604,0,1970-01-20T06:43:12+00:00,0,0,NA,NA,NA,NA,NA,0
pooled,reversed,high_PageRank,khawajazaidman1,60219,109219,129604,0,1970-01-20T06:43:12+00:00,1,1,1.0,0.0,0.1278125,0.1278125,0.1278125,1
pooled,reversed,high_PageRank,koshur_koul,60219,109219,129604,0,1970-01-20T06:43:12+00:00,1,1,1.0,0.0,0.12778935185185186,0.12778935185185186,0.12778935185185186,1
pooled,reversed,high_PageRank,galattadotcom,60219,109219,129604,0,1970-01-20T06:43:12+00:00,0,0,NA,NA,NA,NA,NA,0
pooled,reversed,high_PageRank,marioiaguilar,60219,109219,129604,0,1970-01-20T06:43:12+00:00,0,0,NA,NA,NA,NA,NA,0
pooled,reversed,high_PageRank,sanjaygupts1996,60219,109219,129604,0,1970-01-20T06:43:12+00:00,1,1,1.0,0.0,0.021608796296296296,0.021608796296296296,0.021608796296296296,1
pooled,reversed,high_PageRank,arunabhalahiri,60219,109219,129604,0,1970-01-20T06:43:12+00:00,0,0,NA,NA,NA,NA,NA,0
pooled,reversed,high_PageRank,somdipdey,60219,109219,129604,0,1970-01-20T06:43:12+00:00,0,0,NA,NA,NA,NA,NA,0
pooled,reversed,high_PageRank,timesnow,60219,109219,129604,0,1970-01-20T06:43:12+00:00,550,364,0.6618181818181819,0.3381818181818182,8.101851851851852e-05,0.08559606481481481,0.1646875,4
pooled,reversed,high_PageRank,vijh_naveen,60219,109219,129604,0,1970-01-20T06:43:12+00:00,0,0,NA,NA,NA,NA,NA,0
pooled,reversed,high_PageRank,karanva55756722,60219,109219,129604,0,1970-01-20T06:43:12+00:00,3,2,0.6666666666666666,0.3333333333333333,0.09859953703703704,0.11450231481481482,0.1304050925925926,1
pooled,reversed,high_PageRank,modiji_helpus,60219,109219,129604,0,1970-01-20T06:43:12+00:00,2,2,1.0,0.0,0.025590277777777778,0.0884375,0.15128472222222222,1
pooled,reversed,high_PageRank,aniket12346139,60219,109219,129604,0,1970-01-20T06:43:12+00:00,0,0,NA,NA,NA,NA,NA,0
pooled,reversed,high_PageRank,_raghave,60219,109219,129604,0,1970-01-20T06:43:12+00:00,0,0,NA,NA,NA,NA,NA,0
pooled,reversed,high_PageRank,ekta0001,60219,109219,129604,0,1970-01-20T06:43:12+00:00,0,0,NA,NA,NA,NA,NA,0
pooled,reversed,high_PageRank,shahzadasadiqr,60219,109219,129604,0,1970-01-20T06:43:12+00:00,0,0,NA,NA,NA,NA,NA,0
pooled,reversed,high_PageRank,yeshwantmpuran1,60219,109219,129604,0,1970-01-20T06:43:12+00:00,0,0,NA,NA,NA,NA,NA,0
pooled,reversed,high_PageRank,tanejalawoffice,60219,109219,129604,0,1970-01-20T06:43:12+00:00,0,0,NA,NA,NA,NA,NA,0
pooled,reversed,high_PageRank,lavanyanivasini,60219,109219,129604,0,1970-01-20T06:43:12+00:00,1,1,1.0,0.0,0.14065972222222223,0.14065972222222223,0.14065972222222223,1
pooled,reversed,high_PageRank,indian_marathi,60219,109219,129604,0,1970-01-20T06:43:12+00:00,6,5,0.8333333333333334,0.16666666666666666,0.039016203703703706,0.14164351851851853,0.16135416666666666,2
pooled,reversed,high_PageRank,lokeshsharma085,60219,109219,129604,0,1970-01-20T06:43:12+00:00,1,1,1.0,0.0,0.03851851851851852,0.03851851851851852,0.03851851851851852,1
pooled,reversed,high_PageRank,gujunrupsas,60219,109219,129604,0,1970-01-20T06:43:12+00:00,0,0,NA,NA,NA,NA,NA,0
pooled,reversed,high_PageRank,srmane20mane,60219,109219,129604,0,1970-01-20T06:43:12+00:00,0,0,NA,NA,NA,NA,NA,0
pooled,reversed,high_PageRank,aadvikforu,60219,109219,129604,0,1970-01-20T06:43:12+00:00,0,0,NA,NA,NA,NA,NA,0
pooled,reversed,high_PageRank,baboobabli,60219,109219,129604,0,1970-01-20T06:43:12+00:00,1,1,1.0,0.0,0.14954861111111112,0.14954861111111112,0.14954861111111112,1
pooled,reversed,high_PageRank,sujournalist,60219,109219,129604,0,1970-01-20T06:43:12+00:00,0,0,NA,NA,NA,NA,NA,0
pooled,reversed,high_PageRank,roshansdrprop,60219,109219,129604,0,1970-01-20T06:43:12+00:00,0,0,NA,NA,NA,NA,NA,0
pooled,reversed,high_PageRank,twstopsfreespch,60219,109219,129604,0,1970-01-20T06:43:12+00:00,4,4,1.0,0.0,0.14462962962962964,0.14567129629629627,0.1467013888888889,3
pooled,reversed,high_PageRank,krishna78237984,60219,109219,129604,0,1970-01-20T06:43:12+00:00,0,0,NA,NA,NA,NA,NA,0
pooled,reversed,high_PageRank,bengalnewz,60219,109219,129604,0,1970-01-20T06:43:12+00:00,1,1,1.0,0.0,0.11032407407407407,0.11032407407407407,0.11032407407407407,1
pooled,reversed,high_PageRank,bhaskarsen11,60219,109219,129604,0,1970-01-20T06:43:12+00:00,0,0,NA,NA,NA,NA,NA,0
pooled,reversed,high_PageRank,raomeenakshi7,60219,109219,129604,0,1970-01-20T06:43:12+00:00,0,0,NA,NA,NA,NA,NA,0
pooled,reversed,high_PageRank,bengalnewzindia,60219,109219,129604,0,1970-01-20T06:43:12+00:00,1,1,1.0,0.0,0.09431712962962963,0.09431712962962963,0.09431712962962963,1
pooled,reversed,high_PageRank,chander75177644,60219,109219,129604,0,1970-01-20T06:43:12+00:00,0,0,NA,NA,NA,NA,NA,0
pooled,reversed,high_PageRank,nityastriker,60219,109219,129604,0,1970-01-20T06:43:12+00:00,0,0,NA,NA,NA,NA,NA,0
pooled,reversed,high_PageRank,nidhi17907074,60219,109219,129604,0,1970-01-20T06:43:12+00:00,1,1,1.0,0.0,0.14541666666666667,0.14541666666666667,0.14541666666666667,1
pooled,reversed,high_PageRank,vaakkaalan,60219,109219,129604,0,1970-01-20T06:43:12+00:00,0,0,NA,NA,NA,NA,NA,0
pooled,reversed,high_PageRank,pathakmedia,60219,109219,129604,0,1970-01-20T06:43:12+00:00,0,0,NA,NA,NA,NA,NA,0
pooled,reversed,high_PageRank,r3plyguy,60219,109219,129604,0,1970-01-20T06:43:12+00:00,2,1,0.5,0.5,0.1257060185185185,0.1257060185185185,0.1257060185185185,1
pooled,reversed,high_PageRank,prakashpnegi,60219,109219,129604,0,1970-01-20T06:43:12+00:00,1,1,1.0,0.0,0.13962962962962963,0.13962962962962963,0.13962962962962963,1
pooled,reversed,high_PageRank,adim2110,60219,109219,129604,0,1970-01-20T06:43:12+00:00,0,0,NA,NA,NA,NA,NA,0
pooled,reversed,high_PageRank,kubernein,60219,109219,129604,0,1970-01-20T06:43:12+00:00,0,0,NA,NA,NA,NA,NA,0
pooled,reversed,high_PageRank,realbeck_001,60219,109219,129604,0,1970-01-20T06:43:12+00:00,1,1,1.0,0.0,0.1639699074074074,0.1639699074074074,0.1639699074074074,1
pooled,reversed,high_PageRank,thunder_1817,60219,109219,129604,0,1970-01-20T06:43:12+00:00,1,1,1.0,0.0,0.16395833333333334,0.16395833333333334,0.16395833333333334,1
pooled,reversed,high_PageRank,iamkaranbachani,60219,109219,129604,0,1970-01-20T06:43:12+00:00,0,0,NA,NA,NA,NA,NA,0
pooled,reversed,high_PageRank,madthak1,60219,109219,129604,0,1970-01-20T06:43:12+00:00,1,1,1.0,0.0,0.054594907407407404,0.054594907407407404,0.054594907407407404,1
pooled,reversed,high_PageRank,rveerreddy,60219,109219,129604,0,1970-01-20T06:43:12+00:00,1,1,1.0,0.0,0.15219907407407407,0.15219907407407407,0.15219907407407407,1
pooled,reversed,high_PageRank,sriramprasann15,60219,109219,129604,0,1970-01-20T06:43:12+00:00,222,15,0.06756756756756757,0.9324324324324325,0.052395833333333336,0.11820601851851852,0.1607060185185185,2
pooled,reversed,high_PageRank,shyjithk,60219,109219,129604,0,1970-01-20T06:43:12+00:00,0,0,NA,NA,NA,NA,NA,0
pooled,reversed,high_PageRank,narendra_nichi1,60219,109219,129604,0,1970-01-20T06:43:12+00:00,0,0,NA,NA,NA,NA,NA,0
pooled,reversed,high_PageRank,soniagurnani19,60219,109219,129604,0,1970-01-20T06:43:12+00:00,12,12,1.0,0.0,0.006793981481481482,0.08114583333333333,0.16409722222222223,3
pooled,reversed,high_PageRank,incashishsaini,60219,109219,129604,0,1970-01-20T06:43:12+00:00,0,0,NA,NA,NA,NA,NA,0
pooled,reversed,high_PageRank,manitagautamma1,60219,109219,129604,0,1970-01-20T06:43:12+00:00,0,0,NA,NA,NA,NA,NA,0
pooled,reversed,high_PageRank,umoekaifiok,60219,109219,129604,0,1970-01-20T06:43:12+00:00,1,1,1.0,0.0,0.16174768518518517,0.16174768518518517,0.16174768518518517,1
pooled,reversed,high_PageRank,ramrajparty,60219,109219,129604,0,1970-01-20T06:43:12+00:00,0,0,NA,NA,NA,NA,NA,0
pooled,reversed,high_PageRank,samarth_dubey29,60219,109219,129604,0,1970-01-20T06:43:12+00:00,0,0,NA,NA,NA,NA,NA,0
pooled,reversed,high_PageRank,namoagain2_0,60219,109219,129604,0,1970-01-20T06:43:12+00:00,0,0,NA,NA,NA,NA,NA,0
pooled,reversed,high_PageRank,hoorsheikh_fiza,60219,109219,129604,0,1970-01-20T06:43:12+00:00,8,7,0.875,0.125,0.022789351851851852,0.0927199074074074,0.1361574074074074,1
pooled,reversed,high_PageRank,kaleempkm,60219,109219,129604,0,1970-01-20T06:43:12+00:00,0,0,NA,NA,NA,NA,NA,0
pooled,reversed,high_PageRank,drjhavn1,60219,109219,129604,0,1970-01-20T06:43:12+00:00,0,0,NA,NA,NA,NA,NA,0
pooled,reversed,high_PageRank,bernarddmello,60219,109219,129604,0,1970-01-20T06:43:12+00:00,0,0,NA,NA,NA,NA,NA,0
pooled,reversed,high_PageRank,marankothi,60219,109219,129604,0,1970-01-20T06:43:12+00:00,1,1,1.0,0.0,0.16194444444444445,0.16194444444444445,0.16194444444444445,1
pooled,reversed,high_PageRank,purviparwani,60219,109219,129604,0,1970-01-20T06:43:12+00:00,0,0,NA,NA,NA,NA,NA,0
pooled,reversed,high_PageRank,agra3479,60219,109219,129604,0,1970-01-20T06:43:12+00:00,0,0,NA,NA,NA,NA,NA,0
pooled,reversed,high_PageRank,aavinashchaliha,60219,109219,129604,0,1970-01-20T06:43:12+00:00,1,1,1.0,0.0,0.14126157407407408,0.14126157407407408,0.14126157407407408,1
pooled,reversed,high_PageRank,sivatdpsklm,60219,109219,129604,0,1970-01-20T06:43:12+00:00,0,0,NA,NA,NA,NA,NA,0
pooled,reversed,high_PageRank,sundarikomola,60219,109219,129604,0,1970-01-20T06:43:12+00:00,0,0,NA,NA,NA,NA,NA,0
pooled,reversed,high_PageRank,satpathianupam,60219,109219,129604,0,1970-01-20T06:43:12+00:00,0,0,NA,NA,NA,NA,NA,0
pooled,reversed,high_PageRank,kelekachilka,60219,109219,129604,0,1970-01-20T06:43:12+00:00,4,4,1.0,0.0,0.011643518518518518,0.037899305555555554,0.05704861111111111,1
pooled,reversed,high_PageRank,pranaydubey22,60219,109219,129604,0,1970-01-20T06:43:12+00:00,4,4,1.0,0.0,0.011643518518518518,0.04608796296296296,0.14171296296296296,1
pooled,reversed,high_PageRank,nikita40607591,60219,109219,129604,0,1970-01-20T06:43:12+00:00,1,1,1.0,0.0,0.012210648148148148,0.012210648148148148,0.012210648148148148,1
pooled,reversed,high_PageRank,wantedchinmay,60219,109219,129604,0,1970-01-20T06:43:12+00:00,1,1,1.0,0.0,0.012222222222222223,0.012222222222222223,0.012222222222222223,1
pooled,reversed,high_PageRank,vishnufno,60219,109219,129604,0,1970-01-20T06:43:12+00:00,3,3,1.0,0.0,0.022141203703703705,0.14724537037037036,0.16135416666666666,1
pooled,reversed,high_PageRank,mahesh79989822,60219,109219,129604,0,1970-01-20T06:43:12+00:00,108,57,0.5277777777777778,0.4722222222222222,0.055532407407407405,0.14873842592592593,0.16555555555555557,3
pooled,reversed,high_PageRank,jessyskaria,60219,109219,129604,0,1970-01-20T06:43:12+00:00,0,0,NA,NA,NA,NA,NA,0
pooled,reversed,high_PageRank,rcrupit,60219,109219,129604,0,1970-01-20T06:43:12+00:00,0,0,NA,NA,NA,NA,NA,0
pooled,reversed,high_PageRank,politics_islam,60219,109219,129604,0,1970-01-20T06:43:12+00:00,0,0,NA,NA,NA,NA,NA,0
pooled,reversed,high_PageRank,rengaaa,60219,109219,129604,0,1970-01-20T06:43:12+00:00,0,0,NA,NA,NA,NA,NA,0
pooled,reversed,high_PageRank,ivijayboi,60219,109219,129604,0,1970-01-20T06:43:12+00:00,0,0,NA,NA,NA,NA,NA,0
pooled,reversed,high_PageRank,unlimited_women,60219,109219,129604,0,1970-01-20T06:43:12+00:00,0,0,NA,NA,NA,NA,NA,0
pooled,reversed,high_PageRank,cindydg17,60219,109219,129604,0,1970-01-20T06:43:12+00:00,0,0,NA,NA,NA,NA,NA,0
pooled,reversed,high_PageRank,hamara_bhavishy,60219,109219,129604,0,1970-01-20T06:43:12+00:00,0,0,NA,NA,NA,NA,NA,0
pooled,reversed,high_PageRank,crchrth,60219,109219,129604,0,1970-01-20T06:43:12+00:00,0,0,NA,NA,NA,NA,NA,0
pooled,reversed,high_PageRank,mitra_010,60219,109219,129604,0,1970-01-20T06:43:12+00:00,1,1,1.0,0.0,0.10171296296296296,0.10171296296296296,0.10171296296296296,1
pooled,reversed,high_PageRank,narne_kumar06,60219,109219,129604,0,1970-01-20T06:43:12+00:00,188,29,0.15425531914893617,0.8457446808510638,0.02148148148148148,0.1572800925925926,0.16543981481481482,4
pooled,reversed,high_PageRank,prafulvekaria,60219,109219,129604,0,1970-01-20T06:43:12+00:00,0,0,NA,NA,NA,NA,NA,0
pooled,reversed,high_PageRank,vandanamegastar,60219,109219,129604,0,1970-01-20T06:43:12+00:00,1,1,1.0,0.0,0.15961805555555555,0.15961805555555555,0.15961805555555555,1
pooled,reversed,high_PageRank,digger_ind,60219,109219,129604,0,1970-01-20T06:43:12+00:00,0,0,NA,NA,NA,NA,NA,0
pooled,reversed,high_PageRank,bandrabachha,60219,109219,129604,0,1970-01-20T06:43:12+00:00,0,0,NA,NA,NA,NA,NA,0
pooled,reversed,high_PageRank,curiosinsight,60219,109219,129604,0,1970-01-20T06:43:12+00:00,0,0,NA,NA,NA,NA,NA,0
pooled,reversed,high_PageRank,fansaashieshi2,60219,109219,129604,0,1970-01-20T06:43:12+00:00,0,0,NA,NA,NA,NA,NA,0
pooled,reversed,high_PageRank,indian___hindu,60219,109219,129604,0,1970-01-20T06:43:12+00:00,1,1,1.0,0.0,0.028668981481481483,0.028668981481481483,0.028668981481481483,1
pooled,reversed,high_PageRank,sanjibkbasu,60219,109219,129604,0,1970-01-20T06:43:12+00:00,0,0,NA,NA,NA,NA,NA,0
pooled,reversed,high_PageRank,libphobe,60219,109219,129604,0,1970-01-20T06:43:12+00:00,1,1,1.0,0.0,0.01951388888888889,0.01951388888888889,0.01951388888888889,1
pooled,reversed,high_PageRank,musingsofvivek,60219,109219,129604,0,1970-01-20T06:43:12+00:00,0,0,NA,NA,NA,NA,NA,0
pooled,reversed,high_PageRank,sirclouseau,60219,109219,129604,0,1970-01-20T06:43:12+00:00,1,1,1.0,0.0,0.0026157407407407405,0.0026157407407407405,0.0026157407407407405,1
pooled,reversed,high_PageRank,bludexy,60219,109219,129604,0,1970-01-20T06:43:12+00:00,1,1,1.0,0.0,0.021782407407407407,0.021782407407407407,0.021782407407407407,1
pooled,reversed,high_PageRank,buffalodash,60219,109219,129604,0,1970-01-20T06:43:12+00:00,0,0,NA,NA,NA,NA,NA,0
pooled,reversed,high_PageRank,singh_robb,60219,109219,129604,0,1970-01-20T06:43:12+00:00,1,1,1.0,0.0,0.15153935185185186,0.15153935185185186,0.15153935185185186,1
pooled,reversed,high_PageRank,backbanger,60219,109219,129604,0,1970-01-20T06:43:12+00:00,1,1,1.0,0.0,0.11469907407407408,0.11469907407407408,0.11469907407407408,1
pooled,reversed,high_PageRank,zainahammedar,60219,109219,129604,0,1970-01-20T06:43:12+00:00,1,1,1.0,0.0,0.11469907407407408,0.11469907407407408,0.11469907407407408,1
pooled,reversed,high_PageRank,bipin_bhardwaj,60219,109219,129604,0,1970-01-20T06:43:12+00:00,0,0,NA,NA,NA,NA,NA,0
pooled,reversed,high_PageRank,niks_2180,60219,109219,129604,0,1970-01-20T06:43:12+00:00,1,1,1.0,0.0,0.14429398148148148,0.14429398148148148,0.14429398148148148,1
pooled,reversed,high_PageRank,parthajosh,60219,109219,129604,0,1970-01-20T06:43:12+00:00,1,1,1.0,0.0,0.0745949074074074,0.0745949074074074,0.0745949074074074,1
pooled,reversed,high_PageRank,arts_spacenews,60219,109219,129604,0,1970-01-20T06:43:12+00:00,0,0,NA,NA,NA,NA,NA,0
pooled,reversed,high_PageRank,easwaranrutnam,60219,109219,129604,0,1970-01-20T06:43:12+00:00,0,0,NA,NA,NA,NA,NA,0
pooled,reversed,high_PageRank,jokeyjokey7,60219,109219,129604,0,1970-01-20T06:43:12+00:00,0,0,NA,NA,NA,NA,NA,0
pooled,reversed,high_PageRank,rvp,60219,109219,129604,0,1970-01-20T06:43:12+00:00,0,0,NA,NA,NA,NA,NA,0
pooled,reversed,high_PageRank,___67dawgman,60219,109219,129604,0,1970-01-20T06:43:12+00:00,1,1,1.0,0.0,0.09363425925925926,0.09363425925925926,0.09363425925925926,1
pooled,reversed,high_PageRank,dixie_jeff,60219,109219,129604,0,1970-01-20T06:43:12+00:00,1,1,1.0,0.0,0.13064814814814815,0.13064814814814815,0.13064814814814815,1
pooled,reversed,high_PageRank,faroebaldur,60219,109219,129604,0,1970-01-20T06:43:12+00:00,1,1,1.0,0.0,0.09363425925925926,0.09363425925925926,0.09363425925925926,1
pooled,reversed,high_PageRank,pothen,60219,109219,129604,0,1970-01-20T06:43:12+00:00,1,1,1.0,0.0,0.13043981481481481,0.13043981481481481,0.13043981481481481,1
pooled,reversed,high_PageRank,l_am_indian,60219,109219,129604,0,1970-01-20T06:43:12+00:00,3,3,1.0,0.0,0.01224537037037037,0.12258101851851852,0.14399305555555555,2
pooled,reversed,high_PageRank,amarender2412,60219,109219,129604,0,1970-01-20T06:43:12+00:00,1,1,1.0,0.0,0.03140046296296296,0.03140046296296296,0.03140046296296296,1
pooled,reversed,high_PageRank,arjuunna,60219,109219,129604,0,1970-01-20T06:43:12+00:00,1,1,1.0,0.0,0.021770833333333333,0.021770833333333333,0.021770833333333333,1
pooled,reversed,high_PageRank,azaadqalam,60219,109219,129604,0,1970-01-20T06:43:12+00:00,0,0,NA,NA,NA,NA,NA,0
pooled,reversed,high_PageRank,captassamregt,60219,109219,129604,0,1970-01-20T06:43:12+00:00,0,0,NA,NA,NA,NA,NA,0
pooled,reversed,high_PageRank,vittal24911706,60219,109219,129604,0,1970-01-20T06:43:12+00:00,1,1,1.0,0.0,0.10171296296296296,0.10171296296296296,0.10171296296296296,1
pooled,reversed,high_PageRank,omarali50,60219,109219,129604,0,1970-01-20T06:43:12+00:00,217,30,0.1382488479262673,0.8617511520737328,0.001238425925925926,0.0794849537037037,0.1607060185185185,3
pooled,reversed,high_PageRank,focusedpoor,60219,109219,129604,0,1970-01-20T06:43:12+00:00,1,1,1.0,0.0,0.01920138888888889,0.01920138888888889,0.01920138888888889,1
pooled,reversed,high_PageRank,gst183,60219,109219,129604,0,1970-01-20T06:43:12+00:00,0,0,NA,NA,NA,NA,NA,0
pooled,reversed,high_PageRank,nandinipai1,60219,109219,129604,0,1970-01-20T06:43:12+00:00,0,0,NA,NA,NA,NA,NA,0
pooled,reversed,high_PageRank,divyaam_1979,60219,109219,129604,0,1970-01-20T06:43:12+00:00,0,0,NA,NA,NA,NA,NA,0
pooled,reversed,high_PageRank,mysrgan,60219,109219,129604,0,1970-01-20T06:43:12+00:00,0,0,NA,NA,NA,NA,NA,0
pooled,reversed,high_PageRank,amal_sachinism,60219,109219,129604,0,1970-01-20T06:43:12+00:00,2,2,1.0,0.0,0.0434375,0.08554976851851852,0.12766203703703705,1
pooled,reversed,high_PageRank,sandeepgargbrw,60219,109219,129604,0,1970-01-20T06:43:12+00:00,0,0,NA,NA,NA,NA,NA,0
pooled,reversed,high_PageRank,theprintindia,60219,109219,129604,0,1970-01-20T06:43:12+00:00,614,155,0.252442996742671,0.747557003257329,0.0005439814814814814,0.1404050925925926,0.16543981481481482,5
pooled,reversed,high_PageRank,jangliraja,60219,109219,129604,0,1970-01-20T06:43:12+00:00,0,0,NA,NA,NA,NA,NA,0
pooled,reversed,high_PageRank,rajalakshmij11,60219,109219,129604,0,1970-01-20T06:43:12+00:00,1,1,1.0,0.0,0.10440972222222222,0.10440972222222222,0.10440972222222222,1
pooled,reversed,high_PageRank,paraskghelaanii,60219,109219,129604,0,1970-01-20T06:43:12+00:00,11,9,0.8181818181818182,0.18181818181818182,0.024467592592592593,0.0945949074074074,0.16409722222222223,2
pooled,reversed,high_PageRank,subshris,60219,109219,129604,0,1970-01-20T06:43:12+00:00,0,0,NA,NA,NA,NA,NA,0
pooled,reversed,high_PageRank,hanuman_shakti,60219,109219,129604,0,1970-01-20T06:43:12+00:00,2,2,1.0,0.0,0.02837962962962963,0.09381944444444446,0.15925925925925927,1
pooled,reversed,high_PageRank,sunilku54677431,60219,109219,129604,0,1970-01-20T06:43:12+00:00,0,0,NA,NA,NA,NA,NA,0
pooled,reversed,high_PageRank,tweetvachan,60219,109219,129604,0,1970-01-20T06:43:12+00:00,0,0,NA,NA,NA,NA,NA,0
pooled,reversed,high_PageRank,shivanshsthakur,60219,109219,129604,0,1970-01-20T06:43:12+00:00,0,0,NA,NA,NA,NA,NA,0
pooled,reversed,high_PageRank,an4bharat,60219,109219,129604,0,1970-01-20T06:43:12+00:00,0,0,NA,NA,NA,NA,NA,0
pooled,reversed,high_PageRank,sharma__sanjay,60219,109219,129604,0,1970-01-20T06:43:12+00:00,0,0,NA,NA,NA,NA,NA,0
pooled,reversed,high_PageRank,kishanuppam,60219,109219,129604,0,1970-01-20T06:43:12+00:00,1,1,1.0,0.0,0.15119212962962963,0.15119212962962963,0.15119212962962963,1
pooled,reversed,high_PageRank,darthkot97,60219,109219,129604,0,1970-01-20T06:43:12+00:00,2,2,1.0,0.0,0.06129629629629629,0.07578125,0.09026620370370371,1
pooled,reversed,high_PageRank,sandhumannu0476,60219,109219,129604,0,1970-01-20T06:43:12+00:00,3,1,0.3333333333333333,0.6666666666666666,0.024270833333333332,0.024270833333333332,0.024270833333333332,1
pooled,reversed,high_PageRank,eccentricraj,60219,109219,129604,0,1970-01-20T06:43:12+00:00,2,2,1.0,0.0,0.002349537037037037,0.009554398148148149,0.01675925925925926,1
pooled,reversed,high_PageRank,jia22071342,60219,109219,129604,0,1970-01-20T06:43:12+00:00,0,0,NA,NA,NA,NA,NA,0
pooled,reversed,high_PageRank,indiay20,60219,109219,129604,0,1970-01-20T06:43:12+00:00,0,0,NA,NA,NA,NA,NA,0
pooled,reversed,high_PageRank,rohitmgaikwad,60219,109219,129604,0,1970-01-20T06:43:12+00:00,0,0,NA,NA,NA,NA,NA,0
pooled,reversed,high_PageRank,deep_aag,60219,109219,129604,0,1970-01-20T06:43:12+00:00,0,0,NA,NA,NA,NA,NA,0
pooled,reversed,high_PageRank,nepallover123,60219,109219,129604,0,1970-01-20T06:43:12+00:00,1,1,1.0,0.0,0.02244212962962963,0.02244212962962963,0.02244212962962963,1
pooled,reversed,high_PageRank,therajaputra,60219,109219,129604,0,1970-01-20T06:43:12+00:00,1,1,1.0,0.0,0.01568287037037037,0.01568287037037037,0.01568287037037037,1
pooled,reversed,high_PageRank,pklections,60219,109219,129604,0,1970-01-20T06:43:12+00:00,0,0,NA,NA,NA,NA,NA,0
pooled,reversed,high_PageRank,arundeshpande20,60219,109219,129604,0,1970-01-20T06:43:12+00:00,6,6,1.0,0.0,0.006793981481481482,0.060196759259259255,0.16409722222222223,2
pooled,reversed,high_PageRank,_pratikdutta,60219,109219,129604,0,1970-01-20T06:43:12+00:00,0,0,NA,NA,NA,NA,NA,0
pooled,reversed,high_PageRank,jaminkhan34,60219,109219,129604,0,1970-01-20T06:43:12+00:00,0,0,NA,NA,NA,NA,NA,0
pooled,reversed,high_PageRank,godifyouexistaa,60219,109219,129604,0,1970-01-20T06:43:12+00:00,0,0,NA,NA,NA,NA,NA,0
pooled,reversed,high_PageRank,rolandbr82,60219,109219,129604,0,1970-01-20T06:43:12+00:00,0,0,NA,NA,NA,NA,NA,0
pooled,reversed,high_PageRank,shukla1230,60219,109219,129604,0,1970-01-20T06:43:12+00:00,0,0,NA,NA,NA,NA,NA,0
pooled,reversed,high_PageRank,srinath46720703,60219,109219,129604,0,1970-01-20T06:43:12+00:00,1,1,1.0,0.0,0.10541666666666667,0.10541666666666667,0.10541666666666667,1
pooled,reversed,high_PageRank,prnmohan,60219,109219,129604,0,1970-01-20T06:43:12+00:00,1,1,1.0,0.0,0.06225694444444444,0.06225694444444444,0.06225694444444444,1
pooled,reversed,high_PageRank,naveenn29048960,60219,109219,129604,0,1970-01-20T06:43:12+00:00,0,0,NA,NA,NA,NA,NA,0
pooled,reversed,high_PageRank,kalpeshmak16,60219,109219,129604,0,1970-01-20T06:43:12+00:00,1,1,1.0,0.0,0.02505787037037037,0.02505787037037037,0.02505787037037037,1
pooled,reversed,high_PageRank,bollywoodventu,60219,109219,129604,0,1970-01-20T06:43:12+00:00,4,4,1.0,0.0,0.006550925925925926,0.05320023148148148,0.10496527777777778,1
pooled,reversed,high_PageRank,ima_indian,60219,109219,129604,0,1970-01-20T06:43:12+00:00,375,92,0.24533333333333332,0.7546666666666667,0.001724537037037037,0.05667824074074074,0.1655324074074074,4
pooled,reversed,high_PageRank,talwinder20,60219,109219,129604,0,1970-01-20T06:43:12+00:00,0,0,NA,NA,NA,NA,NA,0
pooled,reversed,high_PageRank,cnnnews18,60219,109219,129604,0,1970-01-20T06:43:12+00:00,450,226,0.5022222222222222,0.49777777777777776,0.0004398148148148148,0.07226273148148149,0.16530092592592593,5
pooled,reversed,high_PageRank,katheleenmitro,60219,109219,129604,0,1970-01-20T06:43:12+00:00,1,1,1.0,0.0,0.007766203703703704,0.007766203703703704,0.007766203703703704,1
pooled,reversed,high_PageRank,plebeuspantomi1,60219,109219,129604,0,1970-01-20T06:43:12+00:00,1,1,1.0,0.0,0.0077083333333333335,0.0077083333333333335,0.0077083333333333335,1
pooled,reversed,high_PageRank,dhanashree0110,60219,109219,129604,0,1970-01-20T06:43:12+00:00,0,0,NA,NA,NA,NA,NA,0
pooled,reversed,high_PageRank,gourishg2,60219,109219,129604,0,1970-01-20T06:43:12+00:00,0,0,NA,NA,NA,NA,NA,0
pooled,reversed,high_PageRank,civilkhan1,60219,109219,129604,0,1970-01-20T06:43:12+00:00,0,0,NA,NA,NA,NA,NA,0
pooled,reversed,high_PageRank,kirtithorat5,60219,109219,129604,0,1970-01-20T06:43:12+00:00,1,1,1.0,0.0,0.09791666666666667,0.09791666666666667,0.09791666666666667,1
pooled,reversed,high_PageRank,naatil_evideya,60219,109219,129604,0,1970-01-20T06:43:12+00:00,2,1,0.5,0.5,0.13864583333333333,0.13864583333333333,0.13864583333333333,1
pooled,reversed,high_PageRank,shenoy_vishal,60219,109219,129604,0,1970-01-20T06:43:12+00:00,1,1,1.0,0.0,0.06225694444444444,0.06225694444444444,0.06225694444444444,1
pooled,reversed,high_PageRank,maharaj_ishu,60219,109219,129604,0,1970-01-20T06:43:12+00:00,0,0,NA,NA,NA,NA,NA,0
pooled,reversed,high_PageRank,lloydrodr28,60219,109219,129604,0,1970-01-20T06:43:12+00:00,0,0,NA,NA,NA,NA,NA,0
pooled,reversed,high_PageRank,orbind1,60219,109219,129604,0,1970-01-20T06:43:12+00:00,0,0,NA,NA,NA,NA,NA,0
pooled,reversed,high_PageRank,junglijalebi,60219,109219,129604,0,1970-01-20T06:43:12+00:00,0,0,NA,NA,NA,NA,NA,0
pooled,reversed,high_PageRank,bhagyavanthanu,60219,109219,129604,0,1970-01-20T06:43:12+00:00,1,1,1.0,0.0,0.15119212962962963,0.15119212962962963,0.15119212962962963,1
pooled,reversed,high_PageRank,ajaygond04,60219,109219,129604,0,1970-01-20T06:43:12+00:00,0,0,NA,NA,NA,NA,NA,0
pooled,reversed,high_PageRank,hansragurpreet,60219,109219,129604,0,1970-01-20T06:43:12+00:00,0,0,NA,NA,NA,NA,NA,0
pooled,reversed,high_PageRank,abhishekindoria,60219,109219,129604,0,1970-01-20T06:43:12+00:00,0,0,NA,NA,NA,NA,NA,0
pooled,reversed,high_PageRank,roary2035,60219,109219,129604,0,1970-01-20T06:43:12+00:00,0,0,NA,NA,NA,NA,NA,0
pooled,reversed,high_PageRank,abhisek17191664,60219,109219,129604,0,1970-01-20T06:43:12+00:00,1,1,1.0,0.0,0.029548611111111112,0.029548611111111112,0.029548611111111112,1
pooled,reversed,high_PageRank,priyangmenon,60219,109219,129604,0,1970-01-20T06:43:12+00:00,0,0,NA,NA,NA,NA,NA,0
pooled,reversed,high_PageRank,lopes_naz,60219,109219,129604,0,1970-01-20T06:43:12+00:00,0,0,NA,NA,NA,NA,NA,0
pooled,reversed,high_PageRank,therenndogg,60219,109219,129604,0,1970-01-20T06:43:12+00:00,2,2,1.0,0.0,0.1257060185185185,0.1257060185185185,0.1257060185185185,1
pooled,reversed,high_PageRank,passionfornews,60219,109219,129604,0,1970-01-20T06:43:12+00:00,0,0,NA,NA,NA,NA,NA,0
pooled,reversed,high_PageRank,mudassirrahman0,60219,109219,129604,0,1970-01-20T06:43:12+00:00,0,0,NA,NA,NA,NA,NA,0
pooled,reversed,high_PageRank,rituparnasarm10,60219,109219,129604,0,1970-01-20T06:43:12+00:00,1,1,1.0,0.0,0.13819444444444445,0.13819444444444445,0.13819444444444445,1
pooled,reversed,high_PageRank,so_fa_kinghappy,60219,109219,129604,0,1970-01-20T06:43:12+00:00,1,1,1.0,0.0,0.022476851851851852,0.022476851851851852,0.022476851851851852,1
pooled,reversed,high_PageRank,utsavpansari,60219,109219,129604,0,1970-01-20T06:43:12+00:00,12,5,0.4166666666666667,0.5833333333333334,0.04100694444444444,0.0945949074074074,0.13646990740740741,2
pooled,reversed,high_PageRank,parthodas_,60219,109219,129604,0,1970-01-20T06:43:12+00:00,1,1,1.0,0.0,0.015752314814814816,0.015752314814814816,0.015752314814814816,1
pooled,reversed,high_PageRank,indian_better,60219,109219,129604,0,1970-01-20T06:43:12+00:00,7,7,1.0,0.0,0.07174768518518519,0.1165625,0.15739583333333335,2
pooled,reversed,high_PageRank,american_47,60219,109219,129604,0,1970-01-20T06:43:12+00:00,0,0,NA,NA,NA,NA,NA,0
pooled,reversed,high_PageRank,anand_kumar86,60219,109219,129604,0,1970-01-20T06:43:12+00:00,0,0,NA,NA,NA,NA,NA,0
pooled,reversed,high_PageRank,vanaga_mudi,60219,109219,129604,0,1970-01-20T06:43:12+00:00,1,1,1.0,0.0,0.009953703703703704,0.009953703703703704,0.009953703703703704,1
pooled,reversed,high_PageRank,vidhyas33835629,60219,109219,129604,0,1970-01-20T06:43:12+00:00,1,1,1.0,0.0,0.010023148148148147,0.010023148148148147,0.010023148148148147,1
pooled,reversed,high_PageRank,tonyjames_here,60219,109219,129604,0,1970-01-20T06:43:12+00:00,1,1,1.0,0.0,0.010694444444444444,0.010694444444444444,0.010694444444444444,1
pooled,reversed,high_PageRank,globalsitizn,60219,109219,129604,0,1970-01-20T06:43:12+00:00,1,1,1.0,0.0,0.12733796296296296,0.12733796296296296,0.12733796296296296,1
pooled,reversed,high_PageRank,jredoss,60219,109219,129604,0,1970-01-20T06:43:12+00:00,0,0,NA,NA,NA,NA,NA,0
pooled,reversed,high_PageRank,shobhasagar,60219,109219,129604,0,1970-01-20T06:43:12+00:00,2,2,1.0,0.0,0.10013888888888889,0.12440972222222223,0.14868055555555557,1
pooled,reversed,high_PageRank,deel_0072,60219,109219,129604,0,1970-01-20T06:43:12+00:00,0,0,NA,NA,NA,NA,NA,0
pooled,reversed,high_PageRank,parashramrathod,60219,109219,129604,0,1970-01-20T06:43:12+00:00,0,0,NA,NA,NA,NA,NA,0
pooled,reversed,high_PageRank,tibetpeople,60219,109219,129604,0,1970-01-20T06:43:12+00:00,0,0,NA,NA,NA,NA,NA,0
pooled,reversed,high_PageRank,varun_yad22,60219,109219,129604,0,1970-01-20T06:43:12+00:00,0,0,NA,NA,NA,NA,NA,0
pooled,reversed,high_PageRank,vijayhema87,60219,109219,129604,0,1970-01-20T06:43:12+00:00,0,0,NA,NA,NA,NA,NA,0
pooled,reversed,high_PageRank,ejazea92,60219,109219,129604,0,1970-01-20T06:43:12+00:00,1,1,1.0,0.0,0.054594907407407404,0.054594907407407404,0.054594907407407404,1
pooled,reversed,high_PageRank,special_033,60219,109219,129604,0,1970-01-20T06:43:12+00:00,0,0,NA,NA,NA,NA,NA,0
pooled,reversed,high_PageRank,___ambassador__,60219,109219,129604,0,1970-01-20T06:43:12+00:00,0,0,NA,NA,NA,NA,NA,0
pooled,reversed,high_PageRank,krispwales,60219,109219,129604,0,1970-01-20T06:43:12+00:00,1,1,1.0,0.0,0.010671296296296297,0.010671296296296297,0.010671296296296297,1
pooled,reversed,high_PageRank,sivaramj7,60219,109219,129604,0,1970-01-20T06:43:12+00:00,2,2,1.0,0.0,0.019039351851851852,0.03203125,0.045023148148148145,1
pooled,reversed,high_PageRank,ansom68,60219,109219,129604,0,1970-01-20T06:43:12+00:00,5,2,0.4,0.6,0.1419675925925926,0.14619791666666665,0.15042824074074074,1
pooled,reversed,high_PageRank,vineet66,60219,109219,129604,0,1970-01-20T06:43:12+00:00,0,0,NA,NA,NA,NA,NA,0
pooled,reversed,high_PageRank,indian_online,60219,109219,129604,0,1970-01-20T06:43:12+00:00,262,50,0.19083969465648856,0.8091603053435115,0.021631944444444443,0.14750578703703704,0.1652199074074074,3
pooled,reversed,high_PageRank,shaziaa222,60219,109219,129604,0,1970-01-20T06:43:12+00:00,1,1,1.0,0.0,0.0749537037037037,0.0749537037037037,0.0749537037037037,1
pooled,reversed,high_PageRank,rakeshp93001401,60219,109219,129604,0,1970-01-20T06:43:12+00:00,0,0,NA,NA,NA,NA,NA,0
pooled,reversed,high_PageRank,imdaddy2648,60219,109219,129604,0,1970-01-20T06:43:12+00:00,1,1,1.0,0.0,0.14552083333333332,0.14552083333333332,0.14552083333333332,1
pooled,reversed,high_PageRank,pradeepv21,60219,109219,129604,0,1970-01-20T06:43:12+00:00,0,0,NA,NA,NA,NA,NA,0
pooled,reversed,high_PageRank,milveteran,60219,109219,129604,0,1970-01-20T06:43:12+00:00,1,1,1.0,0.0,0.1034837962962963,0.1034837962962963,0.1034837962962963,1
pooled,reversed,high_PageRank,rajtmulchandani,60219,109219,129604,0,1970-01-20T06:43:12+00:00,0,0,NA,NA,NA,NA,NA,0
pooled,reversed,high_PageRank,pauloindia,60219,109219,129604,0,1970-01-20T06:43:12+00:00,1,1,1.0,0.0,0.04748842592592593,0.04748842592592593,0.04748842592592593,1
pooled,reversed,high_PageRank,neenarichie33,60219,109219,129604,0,1970-01-20T06:43:12+00:00,0,0,NA,NA,NA,NA,NA,0
pooled,reversed,high_PageRank,srfinance2,60219,109219,129604,0,1970-01-20T06:43:12+00:00,0,0,NA,NA,NA,NA,NA,0
pooled,reversed,high_PageRank,prateekpanda441,60219,109219,129604,0,1970-01-20T06:43:12+00:00,0,0,NA,NA,NA,NA,NA,0
pooled,reversed,high_PageRank,dr_drsmichael,60219,109219,129604,0,1970-01-20T06:43:12+00:00,1,1,1.0,0.0,0.12805555555555556,0.12805555555555556,0.12805555555555556,1
pooled,reversed,high_PageRank,abdul72gaffar,60219,109219,129604,0,1970-01-20T06:43:12+00:00,0,0,NA,NA,NA,NA,NA,0
pooled,reversed,high_PageRank,dr_pammymc,60219,109219,129604,0,1970-01-20T06:43:12+00:00,0,0,NA,NA,NA,NA,NA,0
pooled,reversed,high_PageRank,cadlam,60219,109219,129604,0,1970-01-20T06:43:12+00:00,0,0,NA,NA,NA,NA,NA,0
pooled,reversed,high_PageRank,neurodoctor4,60219,109219,129604,0,1970-01-20T06:43:12+00:00,0,0,NA,NA,NA,NA,NA,0
pooled,reversed,high_PageRank,vasportsandent1,60219,109219,129604,0,1970-01-20T06:43:12+00:00,1,1,1.0,0.0,0.1467013888888889,0.1467013888888889,0.1467013888888889,1
pooled,reversed,high_PageRank,prabalghorai,60219,109219,129604,0,1970-01-20T06:43:12+00:00,0,0,NA,NA,NA,NA,NA,0
pooled,reversed,high_PageRank,india_on_move,60219,109219,129604,0,1970-01-20T06:43:12+00:00,6,4,0.6666666666666666,0.3333333333333333,0.024270833333333332,0.11083333333333334,0.15952546296296297,1
pooled,reversed,high_PageRank,mindgage,60219,109219,129604,0,1970-01-20T06:43:12+00:00,1,1,1.0,0.0,0.05634259259259259,0.05634259259259259,0.05634259259259259,1
pooled,reversed,high_PageRank,otherotheryan,60219,109219,129604,0,1970-01-20T06:43:12+00:00,1,1,1.0,0.0,0.12511574074074075,0.12511574074074075,0.12511574074074075,1
pooled,reversed,high_PageRank,tulunadus,60219,109219,129604,0,1970-01-20T06:43:12+00:00,1,1,1.0,0.0,0.1615625,0.1615625,0.1615625,1
pooled,reversed,high_PageRank,drnitinchaube,60219,109219,129604,0,1970-01-20T06:43:12+00:00,162,3,0.018518518518518517,0.9814814814814815,0.0831712962962963,0.11215277777777778,0.1621875,3
pooled,reversed,high_PageRank,killwick299,60219,109219,129604,0,1970-01-20T06:43:12+00:00,0,0,NA,NA,NA,NA,NA,0
pooled,reversed,high_PageRank,gaulechhanitin,60219,109219,129604,0,1970-01-20T06:43:12+00:00,1,1,1.0,0.0,0.013402777777777777,0.013402777777777777,0.013402777777777777,1
pooled,reversed,high_PageRank,tilakbm,60219,109219,129604,0,1970-01-20T06:43:12+00:00,105,44,0.41904761904761906,0.580952380952381,0.09515046296296296,0.1491724537037037,0.16555555555555557,3
pooled,reversed,high_PageRank,anikets41618905,60219,109219,129604,0,1970-01-20T06:43:12+00:00,1,1,1.0,0.0,0.04125,0.04125,0.04125,1
pooled,reversed,high_PageRank,huzaifa12916549,60219,109219,129604,0,1970-01-20T06:43:12+00:00,1,1,1.0,0.0,0.04116898148148148,0.04116898148148148,0.04116898148148148,1
pooled,reversed,high_PageRank,kannadave_usiru,60219,109219,129604,0,1970-01-20T06:43:12+00:00,0,0,NA,NA,NA,NA,NA,0
pooled,reversed,high_PageRank,vulcanjoker,60219,109219,129604,0,1970-01-20T06:43:12+00:00,1,1,1.0,0.0,0.013321759259259259,0.013321759259259259,0.013321759259259259,1
pooled,reversed,high_PageRank,basedbookshelf,60219,109219,129604,0,1970-01-20T06:43:12+00:00,0,0,NA,NA,NA,NA,NA,0
pooled,reversed,high_PageRank,nimesh_yb,60219,109219,129604,0,1970-01-20T06:43:12+00:00,0,0,NA,NA,NA,NA,NA,0
pooled,reversed,high_PageRank,kashmireahasaan,60219,109219,129604,0,1970-01-20T06:43:12+00:00,0,0,NA,NA,NA,NA,NA,0
pooled,reversed,high_PageRank,bomber_ant,60219,109219,129604,0,1970-01-20T06:43:12+00:00,0,0,NA,NA,NA,NA,NA,0
pooled,reversed,high_PageRank,legokingo,60219,109219,129604,0,1970-01-20T06:43:12+00:00,1,1,1.0,0.0,0.12474537037037037,0.12474537037037037,0.12474537037037037,1
pooled,reversed,high_PageRank,ghoshkk,60219,109219,129604,0,1970-01-20T06:43:12+00:00,1,1,1.0,0.0,0.046469907407407404,0.046469907407407404,0.046469907407407404,1
pooled,reversed,high_PageRank,rishijoesanu,60219,109219,129604,0,1970-01-20T06:43:12+00:00,1,1,1.0,0.0,0.1638425925925926,0.1638425925925926,0.1638425925925926,1
pooled,reversed,high_PageRank,akanuv108,60219,109219,129604,0,1970-01-20T06:43:12+00:00,2,2,1.0,0.0,0.007592592592592593,0.009519675925925926,0.011446759259259259,1
pooled,reversed,high_PageRank,amankupa,60219,109219,129604,0,1970-01-20T06:43:12+00:00,1,1,1.0,0.0,0.14537037037037037,0.14537037037037037,0.14537037037037037,1
pooled,reversed,high_PageRank,fadasonnnamdi,60219,109219,129604,0,1970-01-20T06:43:12+00:00,0,0,NA,NA,NA,NA,NA,0
pooled,reversed,high_PageRank,mmjavaida,60219,109219,129604,0,1970-01-20T06:43:12+00:00,0,0,NA,NA,NA,NA,NA,0
pooled,reversed,high_PageRank,tamilkarthik75,60219,109219,129604,0,1970-01-20T06:43:12+00:00,188,29,0.15425531914893617,0.8457446808510638,0.05773148148148148,0.16159722222222223,0.16543981481481482,4
pooled,reversed,high_PageRank,dharma4x,60219,109219,129604,0,1970-01-20T06:43:12+00:00,13,10,0.7692307692307693,0.23076923076923078,0.017280092592592593,0.09352430555555556,0.1462152777777778,2
pooled,reversed,high_PageRank,penpapper2311,60219,109219,129604,0,1970-01-20T06:43:12+00:00,0,0,NA,NA,NA,NA,NA,0
pooled,reversed,high_PageRank,ankurtiwari357,60219,109219,129604,0,1970-01-20T06:43:12+00:00,0,0,NA,NA,NA,NA,NA,0
pooled,reversed,high_PageRank,cssmjcksn,60219,109219,129604,0,1970-01-20T06:43:12+00:00,0,0,NA,NA,NA,NA,NA,0
pooled,reversed,high_PageRank,kavita012005,60219,109219,129604,0,1970-01-20T06:43:12+00:00,0,0,NA,NA,NA,NA,NA,0
pooled,reversed,high_PageRank,adithyam125,60219,109219,129604,0,1970-01-20T06:43:12+00:00,1,1,1.0,0.0,0.05351851851851852,0.05351851851851852,0.05351851851851852,1
pooled,reversed,high_PageRank,alpha_raghav,60219,109219,129604,0,1970-01-20T06:43:12+00:00,1,1,1.0,0.0,0.013530092592592592,0.013530092592592592,0.013530092592592592,1
pooled,reversed,high_PageRank,executor451,60219,109219,129604,0,1970-01-20T06:43:12+00:00,1,1,1.0,0.0,0.053530092592592594,0.053530092592592594,0.053530092592592594,1
pooled,reversed,high_PageRank,itihaas99999,60219,109219,129604,0,1970-01-20T06:43:12+00:00,1,1,1.0,0.0,0.013541666666666667,0.013541666666666667,0.013541666666666667,1
pooled,reversed,high_PageRank,jatinpanwar2411,60219,109219,129604,0,1970-01-20T06:43:12+00:00,1,1,1.0,0.0,0.150625,0.150625,0.150625,1
pooled,reversed,high_PageRank,sanghi_hitech,60219,109219,129604,0,1970-01-20T06:43:12+00:00,1,1,1.0,0.0,0.1501273148148148,0.1501273148148148,0.1501273148148148,1
pooled,reversed,high_PageRank,rocky_coool,60219,109219,129604,0,1970-01-20T06:43:12+00:00,1,1,1.0,0.0,0.12730324074074073,0.12730324074074073,0.12730324074074073,1
pooled,reversed,high_PageRank,gauagg,60219,109219,129604,0,1970-01-20T06:43:12+00:00,3,2,0.6666666666666666,0.3333333333333333,0.017592592592592594,0.017667824074074075,0.017743055555555557,1
pooled,reversed,high_PageRank,contactvvr,60219,109219,129604,0,1970-01-20T06:43:12+00:00,0,0,NA,NA,NA,NA,NA,0
pooled,reversed,high_PageRank,swordfish978,60219,109219,129604,0,1970-01-20T06:43:12+00:00,1,1,1.0,0.0,0.1247337962962963,0.1247337962962963,0.1247337962962963,1
pooled,reversed,high_PageRank,arnavsahil7,60219,109219,129604,0,1970-01-20T06:43:12+00:00,0,0,NA,NA,NA,NA,NA,0
pooled,reversed,high_PageRank,sauravshree,60219,109219,129604,0,1970-01-20T06:43:12+00:00,0,0,NA,NA,NA,NA,NA,0
pooled,reversed,high_PageRank,kamini777,60219,109219,129604,0,1970-01-20T06:43:12+00:00,0,0,NA,NA,NA,NA,NA,0
pooled,reversed,high_PageRank,saravana_2785,60219,109219,129604,0,1970-01-20T06:43:12+00:00,1,1,1.0,0.0,0.16127314814814814,0.16127314814814814,0.16127314814814814,1
pooled,reversed,high_PageRank,beenbanned3rd,60219,109219,129604,0,1970-01-20T06:43:12+00:00,0,0,NA,NA,NA,NA,NA,0
pooled,reversed,high_PageRank,colamitkumar,60219,109219,129604,0,1970-01-20T06:43:12+00:00,1,1,1.0,0.0,0.16180555555555556,0.16180555555555556,0.16180555555555556,1
pooled,reversed,high_PageRank,naiyaandinaina,60219,109219,129604,0,1970-01-20T06:43:12+00:00,1,1,1.0,0.0,0.05625,0.05625,0.05625,1
pooled,reversed,high_PageRank,trillmoregirls,60219,109219,129604,0,1970-01-20T06:43:12+00:00,1,1,1.0,0.0,0.12510416666666666,0.12510416666666666,0.12510416666666666,1
pooled,reversed,high_PageRank,indiatoday,60219,109219,129604,0,1970-01-20T06:43:12+00:00,867,553,0.6378316032295271,0.3621683967704729,1.1574074074074073e-05,0.1003587962962963,0.16554398148148147,4
pooled,reversed,high_PageRank,gunnymikawa1,60219,109219,129604,0,1970-01-20T06:43:12+00:00,1,1,1.0,0.0,0.10821759259259259,0.10821759259259259,0.10821759259259259,1
pooled,reversed,high_PageRank,thetweetingpie,60219,109219,129604,0,1970-01-20T06:43:12+00:00,0,0,NA,NA,NA,NA,NA,0
pooled,reversed,high_PageRank,purivirender,60219,109219,129604,0,1970-01-20T06:43:12+00:00,2,2,1.0,0.0,0.05002314814814815,0.05638310185185185,0.06274305555555555,1
pooled,reversed,high_PageRank,ask07_ilu,60219,109219,129604,0,1970-01-20T06:43:12+00:00,0,0,NA,NA,NA,NA,NA,0
pooled,reversed,high_PageRank,ritikaachaudhry,60219,109219,129604,0,1970-01-20T06:43:12+00:00,0,0,NA,NA,NA,NA,NA,0
pooled,reversed,high_PageRank,unbrahmachari,60219,109219,129604,0,1970-01-20T06:43:12+00:00,0,0,NA,NA,NA,NA,NA,0
pooled,reversed,high_PageRank,repealtcpa1947,60219,109219,129604,0,1970-01-20T06:43:12+00:00,0,0,NA,NA,NA,NA,NA,0
pooled,reversed,high_PageRank,gouravpargal,60219,109219,129604,0,1970-01-20T06:43:12+00:00,0,0,NA,NA,NA,NA,NA,0
pooled,reversed,high_PageRank,tejpeer,60219,109219,129604,0,1970-01-20T06:43:12+00:00,0,0,NA,NA,NA,NA,NA,0
pooled,reversed,high_PageRank,murmu750,60219,109219,129604,0,1970-01-20T06:43:12+00:00,0,0,NA,NA,NA,NA,NA,0
pooled,reversed,high_PageRank,srinusanapathi8,60219,109219,129604,0,1970-01-20T06:43:12+00:00,0,0,NA,NA,NA,NA,NA,0
pooled,reversed,high_PageRank,pulkitk107,60219,109219,129604,0,1970-01-20T06:43:12+00:00,0,0,NA,NA,NA,NA,NA,0
pooled,reversed,high_PageRank,sachinkunal114,60219,109219,129604,0,1970-01-20T06:43:12+00:00,0,0,NA,NA,NA,NA,NA,0
pooled,reversed,high_PageRank,no4hypo,60219,109219,129604,0,1970-01-20T06:43:12+00:00,0,0,NA,NA,NA,NA,NA,0
pooled,reversed,high_PageRank,gopalkris1983,60219,109219,129604,0,1970-01-20T06:43:12+00:00,0,0,NA,NA,NA,NA,NA,0
pooled,reversed,high_PageRank,kakasahebbadami,60219,109219,129604,0,1970-01-20T06:43:12+00:00,0,0,NA,NA,NA,NA,NA,0
pooled,reversed,high_PageRank,conradkbarwa,60219,109219,129604,0,1970-01-20T06:43:12+00:00,221,15,0.06787330316742081,0.9321266968325792,0.04177083333333333,0.11328703703703703,0.1607060185185185,3
pooled,reversed,high_PageRank,bijayku47941721,60219,109219,129604,0,1970-01-20T06:43:12+00:00,0,0,NA,NA,NA,NA,NA,0
pooled,reversed,high_PageRank,divdivdiv,60219,109219,129604,0,1970-01-20T06:43:12+00:00,0,0,NA,NA,NA,NA,NA,0
pooled,reversed,high_PageRank,vijnad,60219,109219,129604,0,1970-01-20T06:43:12+00:00,6,5,0.8333333333333334,0.16666666666666666,0.0021643518518518518,0.05071759259259259,0.11642361111111112,1
pooled,reversed,high_PageRank,abhishe55608931,60219,109219,129604,0,1970-01-20T06:43:12+00:00,0,0,NA,NA,NA,NA,NA,0
pooled,reversed,high_PageRank,nishagupta__1,60219,109219,129604,0,1970-01-20T06:43:12+00:00,0,0,NA,NA,NA,NA,NA,0
pooled,reversed,high_PageRank,riderindian08,60219,109219,129604,0,1970-01-20T06:43:12+00:00,0,0,NA,NA,NA,NA,NA,0
pooled,reversed,high_PageRank,howfunnyismath,60219,109219,129604,0,1970-01-20T06:43:12+00:00,1,1,1.0,0.0,0.11775462962962963,0.11775462962962963,0.11775462962962963,1
pooled,reversed,high_PageRank,nikunjforinc,60219,109219,129604,0,1970-01-20T06:43:12+00:00,0,0,NA,NA,NA,NA,NA,0
pooled,reversed,high_PageRank,jaggu_ind,60219,109219,129604,0,1970-01-20T06:43:12+00:00,0,0,NA,NA,NA,NA,NA,0
pooled,reversed,high_PageRank,upendrasuryade1,60219,109219,129604,0,1970-01-20T06:43:12+00:00,0,0,NA,NA,NA,NA,NA,0
pooled,reversed,high_PageRank,bkmshr,60219,109219,129604,0,1970-01-20T06:43:12+00:00,0,0,NA,NA,NA,NA,NA,0
pooled,reversed,high_PageRank,shishir_heg,60219,109219,129604,0,1970-01-20T06:43:12+00:00,0,0,NA,NA,NA,NA,NA,0
pooled,reversed,high_PageRank,notgonnatilt,60219,109219,129604,0,1970-01-20T06:43:12+00:00,0,0,NA,NA,NA,NA,NA,0
pooled,reversed,high_PageRank,vikram140gulati,60219,109219,129604,0,1970-01-20T06:43:12+00:00,0,0,NA,NA,NA,NA,NA,0
pooled,reversed,high_PageRank,photomessenger,60219,109219,129604,0,1970-01-20T06:43:12+00:00,0,0,NA,NA,NA,NA,NA,0
pooled,reversed,high_PageRank,strangerthnredz,60219,109219,129604,0,1970-01-20T06:43:12+00:00,1,1,1.0,0.0,0.011516203703703704,0.011516203703703704,0.011516203703703704,1
pooled,reversed,high_PageRank,nishanth_mm,60219,109219,129604,0,1970-01-20T06:43:12+00:00,0,0,NA,NA,NA,NA,NA,0
pooled,reversed,high_PageRank,anilsharma45,60219,109219,129604,0,1970-01-20T06:43:12+00:00,0,0,NA,NA,NA,NA,NA,0
pooled,reversed,high_PageRank,observe_india,60219,109219,129604,0,1970-01-20T06:43:12+00:00,1,1,1.0,0.0,0.0365625,0.0365625,0.0365625,1
pooled,reversed,high_PageRank,selvarajkannan9,60219,109219,129604,0,1970-01-20T06:43:12+00:00,0,0,NA,NA,NA,NA,NA,0
pooled,reversed,high_PageRank,indian_4477,60219,109219,129604,0,1970-01-20T06:43:12+00:00,375,67,0.17866666666666667,0.8213333333333334,0.04913194444444444,0.06628472222222222,0.1655324074074074,4
pooled,reversed,high_PageRank,nitishmishra387,60219,109219,129604,0,1970-01-20T06:43:12+00:00,0,0,NA,NA,NA,NA,NA,0
pooled,reversed,high_PageRank,envyk_blr,60219,109219,129604,0,1970-01-20T06:43:12+00:00,0,0,NA,NA,NA,NA,NA,0
pooled,reversed,high_PageRank,indian_ireland,60219,109219,129604,0,1970-01-20T06:43:12+00:00,0,0,NA,NA,NA,NA,NA,0
pooled,reversed,high_PageRank,deepakgujarat42,60219,109219,129604,0,1970-01-20T06:43:12+00:00,0,0,NA,NA,NA,NA,NA,0
pooled,reversed,high_PageRank,faizan_khan_614,60219,109219,129604,0,1970-01-20T06:43:12+00:00,0,0,NA,NA,NA,NA,NA,0
pooled,reversed,high_PageRank,iam_real_indian,60219,109219,129604,0,1970-01-20T06:43:12+00:00,0,0,NA,NA,NA,NA,NA,0
pooled,reversed,high_PageRank,davidmenon14,60219,109219,129604,0,1970-01-20T06:43:12+00:00,0,0,NA,NA,NA,NA,NA,0
pooled,reversed,high_PageRank,_3c273,60219,109219,129604,0,1970-01-20T06:43:12+00:00,0,0,NA,NA,NA,NA,NA,0
pooled,reversed,high_PageRank,yaduvanshi720,60219,109219,129604,0,1970-01-20T06:43:12+00:00,0,0,NA,NA,NA,NA,NA,0
pooled,reversed,high_PageRank,smart__indian,60219,109219,129604,0,1970-01-20T06:43:12+00:00,2,2,1.0,0.0,0.13119212962962962,0.14784143518518517,0.16449074074074074,1
pooled,reversed,high_PageRank,manishbpl1,60219,109219,129604,0,1970-01-20T06:43:12+00:00,0,0,NA,NA,NA,NA,NA,0
pooled,reversed,high_PageRank,s386er1,60219,109219,129604,0,1970-01-20T06:43:12+00:00,0,0,NA,NA,NA,NA,NA,0
pooled,reversed,high_PageRank,connected2india,60219,109219,129604,0,1970-01-20T06:43:12+00:00,0,0,NA,NA,NA,NA,NA,0
pooled,reversed,high_PageRank,hv_heisenberg,60219,109219,129604,0,1970-01-20T06:43:12+00:00,0,0,NA,NA,NA,NA,NA,0
pooled,reversed,high_PageRank,vadebloom,60219,109219,129604,0,1970-01-20T06:43:12+00:00,0,0,NA,NA,NA,NA,NA,0
pooled,reversed,high_PageRank,arslanpctfan,60219,109219,129604,0,1970-01-20T06:43:12+00:00,0,0,NA,NA,NA,NA,NA,0
pooled,reversed,high_PageRank,rjrahulrjrahul,60219,109219,129604,0,1970-01-20T06:43:12+00:00,2,2,1.0,0.0,0.005486111111111111,0.02535300925925926,0.04521990740740741,1
pooled,reversed,high_PageRank,adityag72118202,60219,109219,129604,0,1970-01-20T06:43:12+00:00,0,0,NA,NA,NA,NA,NA,0
pooled,reversed,high_PageRank,santoshdp,60219,109219,129604,0,1970-01-20T06:43:12+00:00,0,0,NA,NA,NA,NA,NA,0
pooled,reversed,high_PageRank,manish_nyk_inc,60219,109219,129604,0,1970-01-20T06:43:12+00:00,0,0,NA,NA,NA,NA,NA,0
pooled,reversed,high_PageRank,fifthforce5,60219,109219,129604,0,1970-01-20T06:43:12+00:00,0,0,NA,NA,NA,NA,NA,0
pooled,reversed,high_PageRank,freespeech212,60219,109219,129604,0,1970-01-20T06:43:12+00:00,0,0,NA,NA,NA,NA,NA,0
pooled,reversed,high_PageRank,harishkumar_ind,60219,109219,129604,0,1970-01-20T06:43:12+00:00,0,0,NA,NA,NA,NA,NA,0
pooled,reversed,high_PageRank,forexmayhem,60219,109219,129604,0,1970-01-20T06:43:12+00:00,0,0,NA,NA,NA,NA,NA,0
pooled,reversed,high_PageRank,zero__eight,60219,109219,129604,0,1970-01-20T06:43:12+00:00,0,0,NA,NA,NA,NA,NA,0
pooled,reversed,high_PageRank,sachivg,60219,109219,129604,0,1970-01-20T06:43:12+00:00,0,0,NA,NA,NA,NA,NA,0
pooled,reversed,high_PageRank,meetumashankar,60219,109219,129604,0,1970-01-20T06:43:12+00:00,0,0,NA,NA,NA,NA,NA,0
pooled,reversed,high_PageRank,umshchndra,60219,109219,129604,0,1970-01-20T06:43:12+00:00,0,0,NA,NA,NA,NA,NA,0
pooled,reversed,high_PageRank,ajaysha89719829,60219,109219,129604,0,1970-01-20T06:43:12+00:00,0,0,NA,NA,NA,NA,NA,0
pooled,reversed,high_PageRank,office_das,60219,109219,129604,0,1970-01-20T06:43:12+00:00,0,0,NA,NA,NA,NA,NA,0
pooled,reversed,high_PageRank,murlimenon6,60219,109219,129604,0,1970-01-20T06:43:12+00:00,0,0,NA,NA,NA,NA,NA,0
pooled,reversed,high_PageRank,devpati74619351,60219,109219,129604,0,1970-01-20T06:43:12+00:00,0,0,NA,NA,NA,NA,NA,0
pooled,reversed,high_PageRank,sajalaitc,60219,109219,129604,0,1970-01-20T06:43:12+00:00,0,0,NA,NA,NA,NA,NA,0
pooled,reversed,high_PageRank,mohan41591648,60219,109219,129604,0,1970-01-20T06:43:12+00:00,0,0,NA,NA,NA,NA,NA,0
pooled,reversed,high_PageRank,gminakshi_sakal,60219,109219,129604,0,1970-01-20T06:43:12+00:00,0,0,NA,NA,NA,NA,NA,0
pooled,reversed,high_PageRank,tarunrajsingh_,60219,109219,129604,0,1970-01-20T06:43:12+00:00,0,0,NA,NA,NA,NA,NA,0
pooled,reversed,high_PageRank,ranadebbhattac2,60219,109219,129604,0,1970-01-20T06:43:12+00:00,0,0,NA,NA,NA,NA,NA,0
pooled,reversed,high_PageRank,kiranvirat15,60219,109219,129604,0,1970-01-20T06:43:12+00:00,0,0,NA,NA,NA,NA,NA,0
pooled,reversed,high_PageRank,isaahhil,60219,109219,129604,0,1970-01-20T06:43:12+00:00,0,0,NA,NA,NA,NA,NA,0
pooled,reversed,high_PageRank,politics_2022_,60219,109219,129604,0,1970-01-20T06:43:12+00:00,375,192,0.512,0.488,0.0008101851851851852,0.0380150462962963,0.1655324074074074,4
pooled,reversed,high_PageRank,indianbachelor,60219,109219,129604,0,1970-01-20T06:43:12+00:00,1,1,1.0,0.0,0.1565625,0.1565625,0.1565625,1
pooled,reversed,high_PageRank,harishk04131926,60219,109219,129604,0,1970-01-20T06:43:12+00:00,5,5,1.0,0.0,0.0013194444444444445,0.04318287037037037,0.16145833333333334,2
pooled,reversed,high_PageRank,awake1975,60219,109219,129604,0,1970-01-20T06:43:12+00:00,0,0,NA,NA,NA,NA,NA,0
pooled,reversed,high_PageRank,urbanvoicesin,60219,109219,129604,0,1970-01-20T06:43:12+00:00,0,0,NA,NA,NA,NA,NA,0
pooled,reversed,high_PageRank,farrookh,60219,109219,129604,0,1970-01-20T06:43:12+00:00,0,0,NA,NA,NA,NA,NA,0
pooled,reversed,high_PageRank,madhusudan41,60219,109219,129604,0,1970-01-20T06:43:12+00:00,0,0,NA,NA,NA,NA,NA,0
pooled,reversed,high_PageRank,abhishe34735247,60219,109219,129604,0,1970-01-20T06:43:12+00:00,0,0,NA,NA,NA,NA,NA,0
pooled,reversed,high_PageRank,younusakmogral,60219,109219,129604,0,1970-01-20T06:43:12+00:00,0,0,NA,NA,NA,NA,NA,0
pooled,reversed,high_PageRank,dux_natangiae,60219,109219,129604,0,1970-01-20T06:43:12+00:00,1,1,1.0,0.0,0.0804861111111111,0.0804861111111111,0.0804861111111111,1
pooled,reversed,high_PageRank,forchu_ifeanyi,60219,109219,129604,0,1970-01-20T06:43:12+00:00,1,1,1.0,0.0,0.08047453703703704,0.08047453703703704,0.08047453703703704,1
pooled,reversed,high_PageRank,gsapna007,60219,109219,129604,0,1970-01-20T06:43:12+00:00,1,1,1.0,0.0,0.15224537037037036,0.15224537037037036,0.15224537037037036,1
pooled,reversed,high_PageRank,kepler__22,60219,109219,129604,0,1970-01-20T06:43:12+00:00,1,1,1.0,0.0,0.09148148148148148,0.09148148148148148,0.09148148148148148,1
pooled,reversed,high_PageRank,lauraalisten,60219,109219,129604,0,1970-01-20T06:43:12+00:00,1,1,1.0,0.0,0.0907638888888889,0.0907638888888889,0.0907638888888889,1
pooled,reversed,high_PageRank,ranganaidu0,60219,109219,129604,0,1970-01-20T06:43:12+00:00,1,1,1.0,0.0,0.15217592592592594,0.15217592592592594,0.15217592592592594,1
pooled,reversed,high_PageRank,umakantsingh_in,60219,109219,129604,0,1970-01-20T06:43:12+00:00,0,0,NA,NA,NA,NA,NA,0
pooled,reversed,high_PageRank,ahrispidon,60219,109219,129604,0,1970-01-20T06:43:12+00:00,0,0,NA,NA,NA,NA,NA,0
pooled,reversed,high_PageRank,rustymathewz,60219,109219,129604,0,1970-01-20T06:43:12+00:00,0,0,NA,NA,NA,NA,NA,0
pooled,reversed,high_PageRank,mserve2grow,60219,109219,129604,0,1970-01-20T06:43:12+00:00,0,0,NA,NA,NA,NA,NA,0
pooled,reversed,high_PageRank,telanganasuppor,60219,109219,129604,0,1970-01-20T06:43:12+00:00,0,0,NA,NA,NA,NA,NA,0
pooled,reversed,high_PageRank,pandasaffron,60219,109219,129604,0,1970-01-20T06:43:12+00:00,1,1,1.0,0.0,0.1566087962962963,0.1566087962962963,0.1566087962962963,1
pooled,reversed,high_PageRank,bharatrashtra14,60219,109219,129604,0,1970-01-20T06:43:12+00:00,0,0,NA,NA,NA,NA,NA,0
pooled,reversed,high_PageRank,bipin_ct,60219,109219,129604,0,1970-01-20T06:43:12+00:00,0,0,NA,NA,NA,NA,NA,0
pooled,reversed,high_PageRank,onibdadgar,60219,109219,129604,0,1970-01-20T06:43:12+00:00,0,0,NA,NA,NA,NA,NA,0
pooled,reversed,high_PageRank,thinkingguy6,60219,109219,129604,0,1970-01-20T06:43:12+00:00,108,47,0.4351851851851852,0.5648148148148148,0.0011458333333333333,0.14928240740740742,0.16555555555555557,4
pooled,reversed,high_PageRank,ldoddannagari,60219,109219,129604,0,1970-01-20T06:43:12+00:00,3,1,0.3333333333333333,0.6666666666666666,0.11862268518518519,0.11862268518518519,0.11862268518518519,1
