Source,Target,Weight
01Mritunjay,ShashiTharoor,1
027Gurjar,FarmStudioz,1
06_atulgaurav,AmitShahOffice,1
06_atulgaurav,Swamy39,1
0777satish,ArvindKejriwal,1
0777satish,timesofindia,1
0N3ZAR,AdiSnyman,1
0N3ZAR,wesleyfestersa,1
10MiqdadHussain,ImranKhanPTI,1
19011995Dev,AamAadmiParty,1
19011995Dev,ArvindKejriwal,1
19011995Dev,BJP4India,1
19011995Dev,INCIndia,1
19011995Dev,PMOIndia,1
19011995Dev,RahulGandhi,1
19011995Dev,narendramodi,1
19011995Dev,smritiirani,1
1Desh1law,NagSukkal,1
1TimeVoter,AMISHDEVGAN,1
1TimeVoter,RahulGandhi,1
1TimeVoter,RubikaLiyaquat,1
1TimeVoter,anjanaomkashyap,1
1TimeVoter,narendramodi,1
1TimeVoter,sudhirchaudhary,1
208SUR,ashoswai,1
2C_Indian,JhaSanjay,1
2x2framework,Mr_LoLwa,1
31Amit31,ShashiTharoor,2
377VT,INCIndia,1
377VT,RahulGandhi,1
377VT,SupriyaShrinate,1
377VT,TusharG,1
377VT,firebird2017,1
377VT,love_liv_laf,1
377VT,nareshbareth,1
377VT,zaid_sami_wa,1
3patels8686,BJP4India,1
3patels8686,narendramodi,1
4_5741,rvaidya2000,1
4eab9ecc0c98450,narendramodi,1
5thCDM,DJBranham,1
5thCDM,lion_politics,1
64wdelgado,kamaalrkhan,1
AABangashh,MuhammadTwahaS1,1
AABangashh,RShahzaddk,1
ABF_binfahad,Zulfiqar7778,1
ABHISHE83010654,RabriDeviRJD,1
AJAXEASH,Dev_Fadnavis,1
AJAXEASH,MeenaDasNarayan,1
AJAXEASH,PMOIndia,1
AJAXEASH,mieknathshinde,1
AJAXEASH,narendramodi,1
AJAXEASH,withoutthemind,1
AKBG31,ANI,1
AKLalB,AmitShah,1
AKLalB,AudaciousQuest_,1
AKLalB,BJP4India,1
AKLalB,MehboobaMufti,1
AKLalB,RSSorg,1
AKLalB,arunjaitley,1
AKLalB,narendramodi,1
AKLalB,nsitharaman,1
AKLalB,rammadhavbjp,1
AMerukar,narendramodi,1
ANOOP2710,AmitShah,1
ANOOP2710,BJP4India,1
ANOOP2710,BJPLive,1
ANOOP2710,ZeeNews,1
ANOOP2710,ZeeNewsHindi,1
ANOOP2710,bjp_haryana,1
ANOOP2710,narendramodi,1
ANOOP2710,nitin_gadkari,1
ANOOP2710,rajnathsingh,1
ANSAASNA20,AbhishBanerj,1
ANSHUBAJPAI1,INC_Andhra,1
ANSHUBAJPAI1,Jairam_Ramesh,1
ANSHUBAJPAI1,kcvenugopalmp,1
ARIEL_SIDON,Jairam_Ramesh,1
ARK25185675,INCIndia,1
ARK25185675,RahulGandhi,1
ARK25185675,sumanthraman,1
ARK25185675,varungandhi80,1
AUM_turiya_AUM,AmitShah,1
AUM_turiya_AUM,narendramodi,1
AVPrasad202,Syedali04472291,1
AVPrasad202,nytimes,1
AVtweeting,BCCI,1
AVtweeting,sardesairajdeep,1
A_ShuddhBrahmin,Jairam_Ramesh,1
AairahHasan,PritishNandy,1
AamerSiddiqui16,Twitter,1
AamerSiddiqui16,narendramodi,1
AaryanBhagat13,Bhaktirassagar,1
Abh26502907,Rafi_Shaair,1
Abh26502907,adityagautamO_O,1
Abh26502907,ashoswai,1
Abhi_Bhamare,AmitShah,1
Abhi_Bhamare,ImranKhanPTI,1
Abhi_Bhamare,PMOIndia,1
Abhi_Bhamare,narendramodi,1
Abhi_Bhamare,rajnathsingh,1
Abhigyasharma97,A_suryavanshi_,1
Abhigyasharma97,AnuragChaddha,1
Abhigyasharma97,DevArastu,1
Abhigyasharma97,DrKumarVishwas,1
Abhigyasharma97,DrVivekBindra,1
Abhigyasharma97,NirajPandeyLive,1
Abhigyasharma97,PankajBikana,1
Abhigyasharma97,Sanmarg_News_,1
Abhigyasharma97,Sukhwinder_03,1
Abhigyasharma97,SurendraSANMARG,1
Abhigyasharma97,TajinderSTS,1
Abhigyasharma97,VinoBhojak,1
Abhigyasharma97,ayushisingh277,1
Abhigyasharma97,biharibishnoi,1
Abhigyasharma97,bsbhati_,1
Abhigyasharma97,iamsachindubey,1
Abhigyasharma97,rajshamani,1
Abhigyasharma97,richaanirudh,1
Abhigyasharma97,rpbreakingnews,1
Abhigyasharma97,vaibhavparmar05,1
Abhigyasharma97,vijai63,1
Abhigyasharma97,vikasbha,1
AbhishekJaiBhim,FaguBesraJmm,1
AbhishekJaiBhim,HemantSorenJMM,1
AbhishekJaiBhim,JmmJharkhand,1
AbhishekJaiBhim,VinodPandeyJMM,1
AbhishekJaiBhim,cituhq,1
AbrahamGuntakal,kanhaiyakumar,1
Absolutely1891,majorgauravarya,1
AbulKal80497704,SonyTV,1
AchiammaK,ShashiTharoor,1
AdiKombra,ShashiTharoor,1
Adil23561896,myogiadityanath,1
Adil23561896,news24tvchannel,1
AdithMalhotra,RahulGandhi,1
AdithMalhotra,narendramodi,1
AdvMishraSir,LiveLawIndia,1
AeroAwcs,ANI,1
AeroAwcs,ShwetaGup001,1
AeroAwcs,ashishprabhu22,1
AgentPoll,SupriyaShrinate,1
AgentPoll,irfan_zia,1
AgentSaffron,Brahamvakya,1
AgentSaffron,NitishKumar,1
AgentSaffron,laluprasadrjd,1
Ahmadn0077,BJP4India,1
Ahmadn0077,INCIndia,1
Ahnafff8,McBeaner69,1
Ajay2uni,SujeetSharma,1
AjayDeepYadavSP,narendramodi,1
Ajay_Raj_Mehta,narendramodi,1
AjinkyaMKalambe,narendramodi,1
AjinkyaMKalambe,nitin_gadkari,1
AjitLad90,pbhushan1,1
AkhileshKhadek1,BJP4India,1
AkhileshKhadek1,BJP4Maharashtra,1
AkhileshKhadek1,JPNadda,1
Akibbayad86,AmitShah,1
Akibbayad86,BJP4India,1
Akibbayad86,ianuragthakur,1
Akibbayad86,narendramodi,1
Akshayjethwa,narendramodi,1
AliasZiro,Sportskeeda,1
Alienly__,BRSParty_News,1
Alienly__,BRSTechCell,1
Allama_lqbal,vinodkapri,1
AlokBeh54829236,BJP4India,1
AlokBeh54829236,PIB_India,1
AlokBeh54829236,PMOIndia,1
AlokBeh54829236,PrakashJavdekar,1
AlokBeh54829236,mygovindia,1
AlokBeh54829236,narendramodi,1
Alone_Stranger1,HamidMirPAK,1
Alone_Stranger1,PMOIndia,1
Alone_Stranger1,narendramodi,1
Alone_Stranger1,sagarikaghose,1
AmanAdarsha,Manekagandhibjp,1
AmanAdarsha,Rahul,3
AmanAdarsha,RahulGandhi,1
AmanAdarsha,mansukhmandviya,1
AmanAdarsha,narendramodi,4
AmanAdarsha,petfedindia,1
AmanAdarsha,pfaindia,1
AmanAdarsha,varungandhi80,4
AmanAhamad16,narendramodi,1
AmanPradyuman,narendramodi,1
AmanVerma_IN,BJP4India,1
AmanVerma_IN,narendramodi,1
AmarKum99087753,ShashiTharoor,1
Amberkischub,IndiaToday,1
Amberkischub,bainjal,1
Amberkischub,dhruv_rathee,1
Amberkischub,narendramodi,2
Amberkischub,ravishndtv,1
Amberkischub,rohini_sgh,1
Amit_an_Indian,ANI,1
Amit_an_Indian,Gupta_ReenaG,1
Amit_an_Indian,LiveLawIndia,1
Amit_an_Indian,ani_digital,1
Amit_an_Indian,cotees,1
Amit_an_Indian,ndtv,1
Amit_an_Indian,tathagata2,1
Amitchhabra1981,rishibagree,1
AmmU_MaanU,iVenpu,1
AmmU_MaanU,iamkarki,1
Amogh94913358,dharmo_rakshita,1
Amritas0605,smritiirani,1
Amrutha_Pagad,INCIndia,1
Amrutha_Pagad,INCVaranasi,1
Amrutha_Pagad,RahulGandhi,1
Amrutha_Pagad,narendramodi,1
Amrutha_Pagad,priyankagandhi,1
AnaIyst_M,BJP4India,1
AnaIyst_M,INCIndia,1
AnaIyst_M,narendramodi,1
AnandBoltoy,BJP4India,1
AnandBoltoy,indiantweeter,1
AnandBoltoy,narendramodi,1
AnandBoltoy,rishibagree,1
Aneela_7,TIME,1
Aneela_7,mariawirth1,1
Anil58734034,Jairam_Ramesh,1
AnilGoudKTR,AAPNareshBalyan,1
AnilGoudKTR,AapKaGopalRai,1
AnilGoudKTR,KTRTRS,1
AnilGoudKTR,LambaAlka,1
AnilGoudKTR,RajeevRai,1
AnilGoudKTR,SanjayAzadSln,1
AnilGoudKTR,TRBRajaa,1
AnilGoudKTR,U2Brutus_off,1
AnilGoudKTR,isai_,1
AnilGoudKTR,prakashraaj,1
AnilGoudKTR,ysathishreddy,1
AnilKum04536706,RahulGandhi,1
AnilKum04536706,RahulGandhiiFan,1
Anilguptacompos,ShashiTharoor,1
Anindya_Banerje,RangaNathanNS,1
Anirban_AITC,anshulblp1996,1
Anirban_AITC,narendramodi,1
Ankit1335555,TimesNow,1
AnkitTiwari_Ji,BJP4India,1
AnkitTiwari_Ji,narendramodi,1
AnkurPRohatgi,anuragkashyap72,1
AnkushDey_,HarmeenSoch,1
AnkushSher,INCIndia,1
AnmNews,Jairam_Ramesh,1
AnnantSharmaa,SwatiJaiHind,1
Ansh_Tein,palkisu,1
Anshit20,RahulGandhi,1
AnuKolli3,palkisu,1
AppikatlaPardha,amarprasadreddy,1
Apu_R_Karmakar,narendramodi,1
Ar_PintuSingh,DrPriyapandey2,1
Ar_PintuSingh,narendramodi,1
ArjunGopal31,ShashiTharoor,1
ArnobAtWork,rishibagree,1
ArsanChoudhary,sonamJain001,1
ArtiSharma001,Swamy39,2
ArtiSharma001,jagdishshetty,2
ArunAnnow,AnarkYouTube,1
ArunDeshpande20,kishanreddybjp,1
ArunDeshpande20,narendramodi,1
ArunGupta4760,SamanthaTheBomb,1
Arvind36141624,Jairam_Ramesh,1
Arvind36141624,TrulyMonica,1
ArvindK72156604,AcharyaPramodk,1
ArvindK72156604,INCIndia,1
Arvind_Chand,RahulGandhi,1
Arvind_Chand,bharatjodo,1
AsOurLawIs,RAshokaBJP,1
AsOurLawIs,Tejasvi_Surya,1
AsOurLawIs,VSOMANNA_BJP,1
AsOurLawIs,narendramodi,1
Ashish19086263,DeependerSHooda,1
Ashish19086263,RoflGandhi_,1
Ashish19086263,sharan_mp,2
AshokSGarcha,ChouhanShivraj,1
AshokSGarcha,Mandeep0983,1
AshokSGarcha,puneet_sahani,1
AshokeRattan,narendramodi,1
Ashoksingh7171,MuqtedarKhan,1
Ask95108981,AJAY70322,1
Ask95108981,Luviraj,1
Ask95108981,jags54329,1
Ask95108981,logicalmoh,1
Ask95108981,naomi2009,1
AtthiDevarajan,kskk1968,1
AtthiDevarajan,narendramodi,1
AtthiDevarajan,ncbn,1
AustinFriars,morrow_nw,1
Avanees44189486,AAPDelhi,1
Avanees44189486,AAPHaryana,1
Avanees44189486,ArvindKejriwal,1
Avanees44189486,BJP4Haryana,1
Avanees44189486,DXPAssociation,1
Avanees44189486,PMOIndia,1
Avanees44189486,ZeeNews,1
Avanees44189486,aajtak,1
Avanees44189486,abpnewstv,1
Avanees44189486,cmohry,1
Avanees44189486,mlkhattar,1
Avanees44189486,narendramodi,1
Avanees44189486,ndtv,1
Avanees44189486,nitin_gadkari,1
Awaraho420,AAPPunjab,1
Awaraho420,AamAadmiParty,1
Awaraho420,ArvindKejriwal,1
Awaraho420,ashutoshss,1
Awaraho420,hkbshemant,1
Ayanalysis,GauravSaha,1
Ayanalysis,aaliznat,1
Ayanalysis,visualfumble,1
Ayush08R,BJP4India,1
Ayush08R,narendramodi,1
AyushGangaul,AmitShah,1
AyushGangaul,BJP4India,1
AyushGangaul,narendramodi,1
BGSubhash3,AamAadmiParty,1
BGSubhash3,GovindarajanV10,1
BGSubhash3,INCIndia,1
BGSubhash3,Jairam_Ramesh,1
BGSubhash3,ShashiTharoor,1
BHANWARLALSUTH7,RajatSharmaLive,1
BHANWARLALSUTH7,Twitter,1
BHANWARLALSUTH7,indiatvnews,1
BHANWARLALSUTH7,narendramodi,1
BHARATJANGIDBJP,AmitShah,1
BHARATJANGIDBJP,PrakashJavdekar,1
BHARATJANGIDBJP,VasundharaBJP,1
BHARATJANGIDBJP,narendramodi,1
BLRrocKS,CitizenKamran,1
BRC2K1,AkiretaHK,1
BRIHASVAK,NewIndianXpress,1
BaapofPakistani,Jairam_Ramesh,1
Baidyan10915241,JohnBrittas,1
Baidyan10915241,KTRTRS,1
Baidyan10915241,RajeevRai,1
Baidyan10915241,SyedHazeena,1
Baidyan10915241,TRBRajaa,1
Baidyan10915241,U2Brutus_off,1
Baidyan10915241,alurirao,1
Baidyan10915241,pradeepraiindia,1
Baidyan10915241,prakashraaj,1
Baidyan10915241,ysathishreddy,1
Baidyan10915241,zoo_bear,1
Bala_07_,narendramodi,1
Baldev_Gill,vijaygajera,1
BaluSreevidya,ShashiTharoor,1
BankarSarcastic,IndiaTales7,1
BaruaNongkynrih,htTweets,1
BaruaNongkynrih,narendramodi,1
BasuAshis,ghoshworld,1
BawaHS,Jairam_Ramesh,1
BearBull99,DrGPradhan,1
BearBull99,INCIndia,1
BearBull99,RahulGandhi,1
BearBull99,narendramodi,1
BeingPaks,Swamy39,1
Bele204,NJ_Politics,1
BengalNewz,BengalNewzIndia,1
BengalNewz,abhishekaitc,1
BengalNewzIndia,MukulSangma,1
BengalNewzIndia,NITIAayog,1
BengaliBaba6,Binged_,1
BengaliBaba6,akshaykumar,1
BengaliBaba6,attitudesebanta,1
Beyourselfson,sanket,1
Bhadresh16,AbdulHamidAhmad,1
Bhadresh16,IronmanIronma20,1
Bhadresh16,ReporterHate,1
BhartiySanatani,INCIndia,1
BhartiySanatani,Jairam_Ramesh,1
BhartiySanatani,PradnyaPawar121,1
BhartiySanatani,panjwanilimited,1
Bhaskar69914806,PMOIndia,1
Bhaskar69914806,narendramodi,1
BhavikBhavsar52,INCGujarat,1
BhavikBhavsar52,INCIndia,1
BhavikBhavsar52,narendramodi,1
BhavikBhavsar52,priyankagandhi,1
Bhimasena8j2,MirrorNow,1
Bhimasena8j2,PMOIndia,1
Bhimasena8j2,Ra_THORe,1
Bhimasena8j2,VPSecretariat,1
Bhimasena8j2,fayedsouza,1
Bhimasena8j2,narendramodi,1
Bhimasena8j2,rajnathsingh,1
Bhukania_Ramesh,SushilMohanty1,1
Bhupend07757881,jairamthakurbjp,1
Bhupend07757881,narendramodi,1
Bindu_Congressi,drajoykumar,1
BlokeVsFood,Reuters,1
BrawlWrong,CMDBSNL,1
BrawlWrong,PMOIndia,1
BrawlWrong,narendramodi,1
BrokenPromise99,BBC,1
BrokenPromise99,BJP4India,1
BrokenPromise99,CNN,1
BrokenPromise99,IndiaToday,1
BrokenPromise99,IndianExpress,1
BrokenPromise99,PawanKalyan,1
BrokenPromise99,ndtv,1
BrokenPromise99,prime9news,1
BroomBlooming,CNNnews18,1
BroomBlooming,drshamamohd,1
BroomBlooming,narendramodi,1
Brreddy2018,AskAnshul,1
Brreddy2018,BJP4India,1
Brreddy2018,prettypadmaja,1
CASAHILATTRI,PMOIndia,1
CASAHILATTRI,kumarvijayhry,1
CASAHILATTRI,mlkhattar,1
CASAHILATTRI,narendramodi,1
CIVILKHAN1,PramodChturvedi,1
CIVILKHAN1,asadowaisi,1
CIyengar,BCCI,1
CIyengar,venkateshprasad,1
CRSaini1,ArvindKejriwal,1
CRSaini1,p_sahibsingh,1
CadetRegency,ANI,1
CadetRegency,BJP4India,1
CadetRegency,ECISVEEP,1
CafeArtStories,ZainabAKhan2,1
CaptAssamRegt,ArvindVishwak10,1
CaptAssamRegt,RahulGandhi,1
CaptAssamRegt,mehtasatishk,1
CaptAssamRegt,narendramodi,1
CaptainBlunt007,palkisu,1
Captain_Siddh,RajCMO,1
Captain_Siddh,RavindraBhati__,1
Captain_Siddh,VaibhavGehlot80,1
CarnegieEndow,MilanV,1
ChaiChillumbaba,RahulGandhi,1
ChaiChillumbaba,narendramodi,1
ChaiChillumbaba,timesofindia,1
ChandanMShivu,ShashiTharoor,1
Chandra72134594,IndEmbMoscow,1
Chandra72134594,MEAIndia,1
Chandra72134594,MEAQuery,1
Chandra72134594,MSJEGOI,1
Chandra72134594,PMOIndia,1
Chandra72134594,Right,1
Chandra72134594,SushmaSwaraj,1
Chandra72134594,TCGEHLOT,1
Chandra72134594,UN,1
Chandra72134594,UNOCHA,1
Chandra72134594,UN_Enable,1
Chandra72134594,YouthForWorkPe1,1
Chandra72134594,apoorv_om,1
Chandra72134594,internati,1
Chandra72134594,meaMADAD,1
Chandra72134594,narendramodi,1
ChandraMohanUp6,CMOfficeUP,1
ChandraMohanUp6,myogiadityanath,1
CharanVirat9,Drgomathi_tn,1
CharanVirat9,Pradeep54242413,1
CharanVirat9,rashmitha_psv,1
CharmishGoswami,INCIndia,1
CharmishGoswami,RahulGandhi,1
CharmishGoswami,imprakrut,1
CharmishGoswami,narendramodi,1
CharmishGoswami,smritiirani,1
ChiragAparnath1,narendramodi,1
ChugleeKhor,ShashiTharoor,1
ChumbaWumba80,AAAyokobo,1
ChumbaWumba80,thewire_in,1
CitznRaht,Jairam_Ramesh,1
CodeNDrive,psmsamy1,1
ColHarryDM,narendramodi,1
ColSanjayPande,LtColAnilDuhoon,1
ColSanjayPande,OPChoudhary7,1
ColSanjayPande,Pawankhera,1
ColSanjayPande,Ptr6Vb,1
ColSanjayPande,SupriyaShrinate,1
ColSanjayPande,YashMor5,1
ColSanjayPande,kauschiku,1
ColinDovey,jmrgrowth,1
ColinGeranium,Daily_Express,1
ComplyOfficial,DrSJaishankar,1
ComplyOfficial,KirenRijiju,1
ComplyOfficial,MIB_India,1
ComplyOfficial,ianuragthakur,1
Coolaj87,ShashiTharoor,1
CoutinhoMaclean,Tejasvi_Surya,1
CoutinhoMaclean,narendramodi,1
CrazySatire,BDUTT,1
CrazySatire,MehboobaMufti,1
CrazySatire,NewsHtn,1
CrazySatire,OmarAbdullah,1
CreativeGulshan,MuqtedarKhan,1
CreativeGulshan,asadowaisi,1
CreativeGulshan,narendramodi,1
Cyberlamp22,timesofindia,1
D20052002,kamaalrkhan,1
DARSABOOR,uorfi_,1
DAspeakz,akshaykumar,1
DAspeakz,narendramodi,1
DEArdeshir,ShashiTharoor,1
DEV143RAJPUT,BJPLive,1
DEV143RAJPUT,INCIndia,1
DEV143RAJPUT,RahulGandhi,1
DEV143RAJPUT,narendramodi,1
DGhosh75,BJP4India,1
DGhosh75,INCIndia,1
DGhosh75,TarekFatah,1
DGhosh75,narendramodi,1
DIKSHARAJG1,Jairam_Ramesh,1
DIVYANSHSHARM20,raghav_chadha,1
DKetul2022,PoliticalKida,1
DMisra_03,ImMumin,1
DMisra_03,MaheishGirri,1
DMisra_03,iamab1591,1
DMisra_03,itsSamarX_,1
DMisra_03,narendramodi,1
DTCarWashers,RahulGandhi,1
DURBADALASETH3,BJP4India,1
DURBADALASETH3,BabitaPhogat,1
DURBADALASETH3,Pawankhera,1
DURBADALASETH3,narendramodi,1
DURBADALASETH3,smritiirani,1
DalalRiyaz,rajnathsingh,1
DalvirS13131313,LeroySkeete,1
DalvirS13131313,MarinaPurkiss,1
DalvirS13131313,TheTrawlPodcast,1
Daman_Gil,JD78741001,1
Daman_Gil,ShashiTharoor,1
DanielM81326537,ShashiTharoor,1
DanielTkgaphola,Mngxitama2,1
DasDebasis,ShutapaPaul,1
DasDebasis,narendramodi,1
DasDebasis,ndtv,1
DaveLhere,RahulGandhi,1
DaveLhere,narendramodi,1
DavidDet403,ToddScribner4,1
DavidDet403,Xavier81955481,1
DavidDet403,realDailyWire,1
DawaiLaama,POTUS,1
DawaiLaama,narendramodi,1
DawaiLaama,nytimes,1
Dayasaras,Jduonline,1
Dayasaras,NitishKumar,1
Dayasaras,narendramodi,1
DeadEsperando,TweetinderKaul,1
DeadEsperando,avichlshrma,1
DebScine,Swamy39,1
Debasis1807,Jairam_Ramesh,1
Deep40601915,LambaAlka,1
Deep40601915,imshaukatali,1
DeepKus21025621,AskToRahulSingh,1
Deepak27473384,BTR_KTR,1
Deepak27473384,KTRTRS,2
Deepak27473384,RichaMishraBL,1
Deepak27473384,TimesNow,1
Deepak27473384,navikakumar,1
Deepak6665,ANI,1
Deepak6665,SharathPNP,1
Deepbrowncooked,Jairam_Ramesh,1
Deepbrowncooked,SupriyaShrinate,1
DeeptiSachdeva_,BJP4India,1
DenMaths24,venkateshprasad,1
DependraSingh17,AmitShah,1
DesanaLiving,_sayema,1
DesertWarrior87,GovindDotasra,1
DesertWarrior87,RahulGandhi,1
DesertWarrior87,ashokgehlot51,1
Desi_Insaan,SalmanSoz,1
Desouza9S,vivekoberoi,1
DevVerm03102604,curlykrazy07,1
DevanshiSodhani,ECISVEEP,1
DevanshiSodhani,narendramodi,1
DhakateKrishna,Manipur,1
DhakateKrishna,PiyushGoyal,1
DhakateKrishna,narendramodi,1
DhamaVishal,narendramodi,1
DhankharDeepak,AamAadmiParty,1
DhankharDeepak,ArvindKejriwal,1
Dharmapurinerd,India_Progress,1
Dharmocratic,BJP4India,1
Dharmocratic,KashmirFiles,1
DhartiBojh,GargaC,1
DheeTejran,pragdiz57,1
DhutBudbakk,rohini_sgh,1
DialecticPolemc,nadircazi,1
DilwarK29640003,BCCIdomestic,1
DilwarK29640003,mastercardindia,1
DipantoS,narendramodi,1
Divya5977,GautamGambhir,1
DivyaPanda8,SeharShinwari,1
DoctoredSpeech,ashwinravi99,1
DoctoredSpeech,kunalkamra88,1
DoctoredSpeech,narendramodi,1
DoctoredSpeech,ndtv,1
DoctoredSpeech,prakashraaj,1
DoctoredSpeech,sardesairajdeep,1
Dontdo1Hitesh,MeghUpdates,1
Dontkno62997384,narendramodi,1
DrAVSriv,TimesNow,1
DrAVSriv,narendramodi,1
DrDBhasin,AyushmanNHA,1
DrDBhasin,BillGates,1
DrDBhasin,PMOIndia,1
DrDBhasin,narendramodi,1
DrDBhasin,tsrawatbjp,1
DrDadwal1,BBC,1
DrDadwal1,MahuaMoitra,1
DrEzzyDubai,Red_Pastures,1
DrHoenderkamp,HomelessVets24,1
DrHoenderkamp,HowardCCox,1
DrHoenderkamp,Mike_Indian,1
DrHoenderkamp,MrTomClayton,1
DrHoenderkamp,TalkTV,1
DrHoenderkamp,alfie_stirling,1
DrHoenderkamp,benhabib6,1
DrHoenderkamp,drdavidbull,1
DrHoenderkamp,steve_denyer,1
DrMandeep17,irfhabib,1
DrMandeep17,sheela2010,1
DrSpock10,Jairam_Ramesh,1
Dr_PammyMc,AlStewartOBE,1
Dr_PammyMc,GBNEWS,1
Dr_PammyMc,MartinDaubney,1
Dr_PammyMc,MichelleDewbs,1
Dr_PammyMc,MoS_Politics,1
Dr_PammyMc,Nanaakua1,1
Dr_PammyMc,TelePolitics,1
Dr_PammyMc,calvinrobinson,1
Dr_PammyMc,piersmorgan,1
Dr_PammyMc,thetimes,1
Dr_PammyMc,tomhfh,1
Dr_Scar_Face,imjadeja,1
DragonSurgeon_,ShefVaidya,1
DragonSurgeon_,narendramodi,1
DrjpreddyReddy,ndtv,1
DrjpreddyReddy,sagarikaghose,1
Drshivvishnoi29,RahulGandhi,1
Drshivvishnoi29,Republic_Bharat,1
Drshivvishnoi29,narendramodi,1
Dsmiling_buddha,RahulGandhi,1
Dsmiling_buddha,bharatjodo,1
DwivediNavratan,narendramodi,1
DwivediNavratan,narendramodi_in,1
EAbdulsalaam,9EtherDeezy,1
ET2047,TIME,1
ET2047,ndtv,1
EasternEye,labour,1
EjazNaqvi01,AsianMuslims,1
ElectionMode,AITCofficial,1
ElectionMode,ArvindKejriwal,1
ElectionMode,MamataOfficial,1
ElectionMode,ncbn,1
Elijah1man,Bikash63,1
Elijah1man,bidishapsgs,1
Elijah1man,danielocarmon,1
Elijah1man,narendramodi,1
Enraged_Indian,Ravicha12454047,1
Enraged_Indian,TilakBm,1
Enraged_Indian,abhay_vk,1
Enraged_Indian,col_malhan,2
Enraged_Indian,rishibagree,1
ErRajkumarMeena,ArvindKejriwal,1
ErRajkumarMeena,INCIndia,1
ErRajkumarMeena,IndianExpress,1
ErRajkumarMeena,RahulGandhi,1
ErRajkumarMeena,YouTube,1
Eyae_Swathish,ShashiTharoor,1
FFxoxoxo,FlowerP79667758,1
FIGHTFORCAUSE2,IamAjaySehrawat,1
FLRiiii,OzraeliAvi,1
FactChecker09,RahulGandhi,1
FactChecker09,SupriyaShrinate,1
Faisal46677028,indiclogic,1
Faltu_Account_,narendramodi,1
Faltu_Account_,shahid_siddiqui,1
Farhat57302558,ShashiTharoor,1
FaridAlidsra,IndiaToday,1
FaridAlidsra,narendramodi,1
FaridAlidsra,sardesairajdeep,1
FasiuddinFasi1,AtishiAAP,1
FasiuddinFasi1,KTRTRS,1
FasiuddinFasi1,SyedHazeena,1
FasiuddinFasi1,TRBRajaa,1
FasiuddinFasi1,aartic02,1
FasiuddinFasi1,manojdhopchandi,1
FasiuddinFasi1,pbhushan1,1
FasiuddinFasi1,prakashraaj,1
FasiuddinFasi1,ysathishreddy,1
FasiuddinFasi1,zoo_bear,1
FawasYousaf,RahulGandhi,1
Feat2Freedom,DVATW,1
Feat2Freedom,JayantBhandari5,1
Feat2Freedom,LanaLokteff,1
Feat2Freedom,RodneyR58127664,1
Feat2Freedom,USTechWorkers,1
Feat2Freedom,VBierschwale,1
Feat2Freedom,hiAishaa,1
Feat2Freedom,lawtalkingguy94,1
FekuBuster,INCIndia,1
FiregearFella,Raju_DasYorkU,1
Freaknewstoday,DeepikaBhardwaj,1
FredericoFelli1,mrthomas403,1
FreeMusketeerr,ANI,1
FreeMusketeerr,ani_digital,1
FutureEquals,narendramodi,1
GD_SAM,narendramodi,1
GVLNRAO,narendramodi,1
GVikas_Indian,AAPTELANGANA,2
GVikas_Indian,ArvindKejriwal,1
GVikas_Indian,BJP4Telangana,2
GVikas_Indian,BRSparty,2
GVikas_Indian,JeswanthMReddy,1
GVikas_Indian,TelanganaCMO,2
GVikas_Indian,attorneybharti,1
GaitondeVaman,BJP4India,1
GaitondeVaman,BJP4Karnataka,1
GaitondeVaman,Tejasvi_Surya,1
GajmerPriti,narendramodi,1
Gange_putra,BJP4India,1
Gange_putra,BJP4Karnataka,1
Gange_putra,ShobhaBJP,1
Gange_putra,narendramodi,1
GangulyUllash,ANI,1
GarlapatiJKbjp,narendramodi,1
GastiSuchit,SirKazamJeevi,1
GauravS93171926,narendramodi,1
Gautamkr21,Jairam_Ramesh,1
Gautamkr21,Pawankhera,1
Gautamkr21,RahulGandhi,1
Gautamkr21,SupriyaShrinate,1
Gautamkr21,bharatjodo,1
Gautams54733925,ArvindKejriwal,1
Gautams54733925,NitishKumar,1
Gautams54733925,RahulGandhi,1
GawandePnkj,BCCI,1
GawandePnkj,JayShah,1
GawandePnkj,ShubmanGill,1
GawandePnkj,imVkohli,1
GawandePnkj,mdsirajofficial,1
GeetDhirBJP,PMOIndia,1
GeetDhirBJP,narendramodi,1
GeetKalsulkar,BBC,1
GeetKalsulkar,vivekagnihotri,1
Geet_a,arunjaitley,1
GethinUnlocks,ninachampioncja,1
GhaiManan,IAF_MCC,1
GhaiManan,majorgauravarya,1
GhaiManan,narendramodi,1
Gillu_Kaliya,RahulGandhi,1
Gillu_Kaliya,abpnewshindi,1
GirishVasudeva,GargaC,1
Girishvrao,BBC,1
Girishvrao,MahuaMoitra,1
Globalbaba8,RahulEaswar,1
Globalbaba8,RatanSharda55,1
Globalbaba8,iumlofficial,1
GodaAshirvadam,AnkitLal,1
GodaAshirvadam,BRSParty_News,1
GodaAshirvadam,BRSparty,1
GodaAshirvadam,KTRTRS,1
GodaAshirvadam,KonathamDileep,1
GodaAshirvadam,ManojSinghKAKA,1
GodaAshirvadam,RajeevRai,1
GodaAshirvadam,SanjayAzadSln,1
GodaAshirvadam,aartic02,1
GodaAshirvadam,isai_,1
GodaAshirvadam,ysathishreddy,1
Gokul_Sahni,Matt_Schrader_,1
Gokul_Sahni,PramitWorld,1
GomathiRaghava4,BRAHMINS_VOICE,1
GopeBrat,news24tvchannel,1
GopiIssar,PMOIndia,1
GopiIssar,ianuragthakur,1
GorwayGlobal,Aakar__Patel,1
GorwayGlobal,RahulGandhi,1
GorwayGlobal,narendramodi,1
GorwayGlobal,navikakumar,1
GourishG2,IndiaToday,1
Gr8_Ganesha,buddhimedia,1
HBBabu6,savarkarvaadi,1
HRITHIKSAINI1,PMOIndia,1
HRITHIKSAINI1,narendramodi,1
HYajum,DaraBhupendra,1
HYajum,ndtv,1
Hajayam,POLITlCSUK,1
HardeepAsrani,tushonline,1
Hardik02803301,ndtv,1
HardikShah2,MamataOfficial,1
HardikShah2,narendramodi,1
HarmanManchanda,ANI,1
HarmanManchanda,Yxaz33556,1
HarmanManchanda,ani_digital,1
HarmanManchanda,idleindian,1
HarpaulBhau,narendramodi,1
HarryHaris12,CHOTIWALA,1
HarryHaris12,SachinPilot,1
Harshal76035310,nkbwarrior,1
HarshithMahadz,IndiaToday,1
HarshithMahadz,divyaspandana,1
HashTagCricket,BJP4India,1
HashTagCricket,JPNadda,1
HashimYJSpeaks,AmitShah,1
HashimYJSpeaks,narendramodi,2
HazraHimanshu,MeghUpdates,1
Hellcat31153814,cocacolasadvert,1
HemanNamo,narendramodi,1
Hemantkashyappp,_ahania,1
HemuDoshi,narendramodi,1
HennurBlr,jacindaardern,1
HeyBooBoo16,RitchieTorres,1
HeyBooBoo16,jillmarieb1,1
HonestInjun99,ShefVaidya,1
HonestInjun99,narendramodi,1
Hrithik______M,GargaC,1
HuKanna83,DrSJaishankar,1
HuKanna83,PresRajapaksa,1
HunterWaala,ArvindKejriwal,1
IIVirtual,narendramodi,1
IIVirtual,t_d_h_nair,1
ILoveYouSirJi,_garrywalia,1
IM_KRV,Jairam_Ramesh,1
INCdilse,ANI,1
INCdilse,ANINewsUP,1
INCdilse,Mayavi101,1
INCdilse,MeghaSPrasad,1
INCdilse,ThePrintIndia,1
INCdilse,adgpi,1
INCdilse,bainjal,1
INCdilse,kumar_sumit,1
INCdilse,priyankagandhi,1
INCdilse,sidmtweets,1
INCdilse,sneheshphilip,1
INCdilse,vinaygar,1
ITVGold,GOPChairwoman,1
ITVGold,pnjaban,1
ITVGold,realDonaldTrump,1
IVijayboi,BJP4India,1
IVijayboi,ECISVEEP,1
IVijayboi,INCIndia,1
IVijayboi,KapilMishra_IND,1
IVijayboi,MamataOfficial,1
IVijayboi,PMOIndia,1
IVijayboi,PiyushGoyalOffc,1
IVijayboi,RahulGandhi,1
IVijayboi,RajBabbarMP,1
IVijayboi,Republic_Bharat,1
IVijayboi,RubikaLiyaquat,1
IVijayboi,ShashiTharoor,1
IVijayboi,ShatruganSinha,1
IVijayboi,TajinderBagga,1
IVijayboi,anjanaomkashyap,1
IVijayboi,bhavsarhardiik,1
IVijayboi,harisbhadra,1
IVijayboi,narendramodi,2
IVijayboi,narendramodi177,1
IVijayboi,narendramodi_in,1
IVijayboi,nsitharaman,1
IVijayboi,priyankac19,1
IVijayboi,punit0022,1
IVijayboi,renu_18,1
IVijayboi,sanghaviharsh,1
IVijayboi,sardanarohit,1
IVijayboi,sudhirchaudhary,1
I_MrRight,BBCNews,1
I_m_Prasenjit,narendramodi,1
IamMadhurendra,INCIndia,1
IamMadhurendra,RahulGandhi,1
IamPKGupta,AjayPandey__,1
IamPKGupta,BJP4India,1
IamPKGupta,Ds11297,1
IamPKGupta,Indianit07,1
IamPKGupta,TajinderBagga,1
IamPKGupta,harish202us,1
IamPKGupta,narendramodi,1
IamPKGupta,rishibagree,1
IamShajanSamuel,BhuviOfficial,1
IamShajanSamuel,SDhawan25,1
IamShajanSamuel,ashwinravi99,1
IamShajanSamuel,narendramodi,1
IamSumanSpeak,MamataOfficial,1
IamThanosM,republic,1
IbharimMirza,ANI,1
IbharimMirza,narendramodi,1
IctcImpact,BJP4India,1
IctcImpact,BJPITCell,1
IctcImpact,BTVI,1
IctcImpact,IctcImpact,1
IctcImpact,NRI4NaMo,1
IctcImpact,OmarAbdullah,1
IctcImpact,PMOIndia,1
IctcImpact,TimesNow,1
IctcImpact,ZeeNews,1
IctcImpact,adgpi,1
IctcImpact,republic,1
IctcImpact,sushilkedia,1
IkkMundaPunjabi,narendramodi,2
ImRobsBan,sardanarohit,1
ImShashiG,narendramodi,1
ImUmarKhann,Aakbar84,1
ImUmarKhann,priyankac19,1
Im_aj_k,ShashiTharoor,1
IndiaVotes4NAMO,narendramodi,1
IndianTintin_,Schandillia,1
Indian_Sanatani,ANI,1
Indian_Sanatani,ani_digital,1
Indian_tiger99,GretaThunberg,1
IndicWanderer,MuqtedarKhan,1
IndicWanderer,PMOIndia,1
IndicWanderer,ShashiTharoor,1
IngeniousST,narendramodi,1
InsightBradford,Imran_HussainMP,1
InsightBradford,NazShahBfd,1
IntegrityteksI,MichleTrudeau3,1
IntegrityteksI,TrudeauMustGo,1
IntegrityteksI,themadsloth,1
Ironsboy1966,ArmandoGarma,1
IrritatedIndia,RahulGandhi,1
IrritatedIndia,narendramodi,1
Isha0429,MeghUpdates,1
IshaSon99945514,PMOIndia,1
IshaSon99945514,narendramodi,1
Itiknowsbetter,AmitShah,1
Itiknowsbetter,BalaramGiri16,1
Itiknowsbetter,DilipGhoshBJP,1
Itiknowsbetter,RajaaMajumdar,1
Itiknowsbetter,abhishekaitc,1
Itiknowsbetter,narendramodi,1
Itnamatbiko,AmitHawaldar9,1
Itnamatbiko,vivekagnihotri,1
Its_rjson21,narendramodi,1
Itsmdhammad,ImranKhanPTI,1
Iyengaar,PMOIndia,1
Iyengaar,PadmajaJoshi,1
Iyengaar,RahulGandhi,1
Iyengaar,narendramodi_in,1
Iyengaar,sango20,1
JKApollos,morrow182,1
JKApollos,orthochimp,1
JSMurthy_123,Sudhir_mish,1
J_Rishika,BJP4India,1
J_Rishika,narendramodi,1
J_Rishika,republic,1
Jacobmathewlive,AmitShah,1
Jacobmathewlive,BJP4India,1
Jacobmathewlive,INCIndia,1
Jacobmathewlive,SushmaSwaraj,1
Jacobmathewlive,arunjaitley,1
Jacobmathewlive,narendramodi,1
Jacobmathewlive,news24tvchannel,1
Jacobmathewlive,rajnathsingh,1
JadavBhadresh3,JaiTDP,1
Jagadgurupeeth,Koduri_526,1
Jagadgurupeeth,Malmovies1,1
Jagadgurupeeth,NTRFanTrends0,1
Jagadgurupeeth,ShubmanGill,1
Jagadgurupeeth,TheAcademy,2
Jagadgurupeeth,USATODAY,1
Jagadgurupeeth,ntrgowda123,1
Jagadgurupeeth,surendratarkNTR,1
Jagadgurupeeth,tarak9999,5
Jagadgurupeeth,worldNTRfans,2
JaganathanRam15,narendramodi,1
JaganathanRam15,nigelstfu,1
JaganathanRam15,richapintoi,1
Jaganna11,BRSParty_News,1
Jaganna11,BRSTechCell,1
Jaganna11,BRSparty,1
Jaganna11,BTR_KTR,1
Jaganna11,GulabiDalapati,1
Jaganna11,KTRTRS,1
Jaganna11,KTR_News,1
Jaganna11,KonathamDileep,1
Jaganna11,LathaReddy704,1
Jaganna11,TSwithKCR,1
Jaganna11,krishanKTRS,1
Jai01_A,RahulGandhi,1
Jai01_A,imVkohli,1
Jai01_A,sardesairajdeep,1
JaiPoswal1995,narendramodi,1
JaiPoswal1995,sagenaradamuni,1
JaiShankerPras3,YouTube,1
Jain0bhavesh,AmitShah,1
Jain0bhavesh,BJP4India,1
Jain0bhavesh,INCIndia,1
Jain0bhavesh,RahulGandhi,1
Jain0bhavesh,narendramodi,1
JainAAviral,BabaGlocal,1
JainAAviral,soham_pablo,1
JainSauhard,RahulGandhi,1
JainSauhard,narendramodi,1
JainSauhard,smitaprakash,1
JakkaPraveen5,PowerBabu2,1
JakkaPraveen5,Telugu360,1
JamadarMJ77,SachinPilot,1
JamilKh12345678,ArvindKejriwal,1
JamilKh12345678,DineshKumarLive,1
JaminKhan34,Pritampandey_07,1
JaminKhan34,Shirinkhan0,1
JaminKhan34,ShivKMBL00,1
JaminKhan34,abhiandniyu,1
JaminKhan34,prakash_singh26,1
JaminKhan34,sagar_sandbhor,1
Jamshedpur_,narendramodi,1
Janissary2025,AJEnglish,1
Janissary2025,Abhi000777,1
JatinPaul,the_hindu,1
JavidSh17872832,abhisar_sharma,1
JavidSh17872832,asadowaisi,1
JavidSh17872832,ndtv,1
JavidSh17872832,ravishndtv,1
Jayanta43895524,Unitedd_India,1
Jaydeep_Bapat,RahulGandhi,2
Jaydeep_Bapat,narendramodi,2
Jayshahca,ShashiTharoor,1
Jeet31122758,Real__hindutva,1
Jen4SSR,ips_nupurprasad,1
Jen4SSR,itsSSR,1
Jen4SSR,withoutthemind,1
Jenwinget5,AnjaliMahajan11,1
Jenwinget5,Mansi60494693,1
JigarM2607,narendramodi,1
JishnuTimes,Seems3r,1
JobySports,INCIndia,1
JoramTat4,JambeyTashi,1
JoramTat4,KirenRijiju,1
JoramTat4,PemaKhanduBJP,1
JoramTat4,narendramodi,1
JosephPravinP,narendramodi,1
Jr_Rahul_Pandit,BJP4India,1
Jr_Rahul_Pandit,TIME,1
Jr_Rahul_Pandit,narendramodi,1
JustMeLaidBack,RexChapman,1
JustMeLaidBack,afrophonics,1
Justisall,HardeepSPuri,1
KCGARG19,SupriyaShrinate,1
KCGARG19,rahulkanwal,1
KDinku,Pawankhera,1
KICVN,BBCNews,1
KICVN,England,1
KICVN,RishiSunak,1
KICVN,ShefVaidya,1
KICVN,narendramodi,1
KISHENGV3,thejournorator,1
KPPradeeep,Sherlockbalaji,1
Kaal108,palkisu,1
KachchaAamPapad,Elizathapa56,1
Kadamtweet,ANI,1
Kadamtweet,Dev_Fadnavis,1
Kadamtweet,ThackerayUddhav,1
Kadamtweet,narendramodi,1
Kadamtweet,timesofindia,1
Kamalgo08495177,ShashiTharoor,1
Kannadave_USIRU,377VT,1
Kannadave_USIRU,AdhishWali,1
Kannadave_USIRU,AsianetNewsSN,1
Kannadave_USIRU,BidarUtsav2023,1
Kannadave_USIRU,KannadaPrabha,1
Kannadave_USIRU,KannadaWelfare,1
Kannadave_USIRU,Sahana_Mgowda,1
Kannadave_USIRU,VVani4U,1
Kannadave_USIRU,Vijaykarnataka,1
Kannadave_USIRU,bidarupdates,1
Kannadave_USIRU,dhruv_jatti,1
Kannadave_USIRU,publictvnews,1
Kannadave_USIRU,tv9kannada,1
Kannan28341251,AndColorPockeT,1
KanwalSethi2,wildontheright,1
KarimbilPavan,ShashiTharoor,1
KarthikThiru126,AmitShah,1
KarthikThiru126,BJP4India,1
KarthikThiru126,BJP4TamilNadu,1
KarthikThiru126,BJP4UP,1
KarthikThiru126,CTRavi_BJP,1
KarthikThiru126,blsanthosh,1
KarthikThiru126,narendramodi,1
Karthikgtweets,INCIndia,1
Karthikgtweets,RahulGandhi,1
Katalandivine22,elonmusk,1
KathuaSeHoon,INCIndia,1
KathuaSeHoon,maneeshchhibber,1
KedariaDhaval,PMOIndia,1
KedariaDhaval,PrakashJavdekar,1
KedariaDhaval,drharshvardhan,1
KedariaDhaval,kvijayraghavan,1
KedariaDhaval,narendramodi,1
KejriwalTamil,AAPKarnataka,1
KejriwalTamil,AamAadmiParty,1
KejriwalTamil,BhagwantMann,1
KejriwalTamil,aapkaprithvi,1
KejriwalTamil,harjotbains,1
Kennywclrk,FOXBaltimore,1
KevorkAlmassian,AartiTikoo,1
KhManiranjanSin,SkmChauhan,1
KhManiranjanSin,arunjaitley,1
KhajuriaPawan,narendramodi,1
KhajuriaPawan,republic,1
KhajuriaPawan,yadavakhilesh,1
Khaleeqrahman,BRSparty,1
Khaleeqrahman,TelanganaCMO,1
Khaleeqrahman,yadavakhilesh,1
Khantariq1940,DGISPRurdu,1
KillerPaleface,MeghUpdates,1
Kinfucius,POTUS,1
Kinfucius,narendramodi,1
KingCrypo,AmitShah,1
KingCrypo,PMOIndia,1
KingCrypo,Sadhvi_prachi,1
KingCrypo,narendramodi,1
KingOfTamil009,AmitShah,1
KingOfTamil009,BJP4TamilNadu,1
KingOfTamil009,CharuPragya,1
KingOfTamil009,JPNadda,1
KingOfTamil009,amitmalviya,1
KingOfTamil009,annamalai_k,1
KingOfTamil009,blsanthosh,1
KingOfTamil009,narendramodi,1
Kingfashion90,ArnabGoswamiRtv,1
Kingfashion90,INCIndia,1
Kingfashion90,narendramodi,1
Kingfashion90,nsitharaman,1
Kingfashion90,vivekagnihotri,1
Kirketbuff,s_kanth,1
KishoreVaid,laidback1954,1
KonyKhan,BBC,1
KonyKhan,jsaideepak,1
KonyKhan,sagarikaghose,1
KonyKhan,vivekagnihotri,1
KoolCj2,Craftybuddha27,1
KoolCj2,_sabanaqvi,1
KoolCj2,sprakaashbjp,1
KothariKarna,AmitShah,1
KothariKarna,BJP4India,1
KothariKarna,narendramodi,1
Kudupa,mbmclass1990,1
Kudupa,navinupadhyay00,1
Kudupa,thehawkeyex,1
Kumar27485407,ShashiTharoor,1
KumarExclusive,K_Nageshwar,1
KumarExclusive,ashoswai,1
KumarReddyCH,AmitShah,1
KumarReddyCH,BJP4India,2
KumarReddyCH,HMOIndia,1
KumarReddyCH,PMOIndia,1
KumarReddyCH,SunilKumarAus,1
KumarReddyCH,TarekFatah,1
KumarReddyCH,kevin_nash01,1
KumarReddyCH,narendramodi,2
KumarReddyCH,nsitharaman,1
KumarReddyCH,rashtrapatibhvn,1
Kundant89,BJP4India,1
Kundant89,narendramodi,1
Kyhanis1,ashoswai,1
LILAC_LILAC210,Jairam_Ramesh,1
LILAC_LILAC210,emesar2,1
LOLpundit007,RahulGandhi,1
LPK1981,AmitShah,1
LPK1981,RahulGandhi,1
LPK1981,narendramodi,1
LSElections2024,narendramodi,1
Ladyisdreamig,jacindaardern,1
LaksshyaAdvani,AmitShah,1
LaksshyaAdvani,BJP4India,1
LaksshyaAdvani,RahulGandhi,1
LaksshyaAdvani,arunjaitley,1
LaksshyaAdvani,narendramodi,3
LaksshyaAdvani,republic,1
LaksshyaAdvani,smitadeshmukh,1
LasysSam,BRSParty_News,1
LasysSam,BRSTechCell,1
LasysSam,BRSparty,1
LasysSam,BTR_KTR,1
LasysSam,GulabiDalapati,1
LasysSam,KTRTRS,1
LasysSam,KTR_News,1
LasysSam,KonathamDileep,1
LasysSam,TSwithKCR,1
LasysSam,krishanKTRS,1
LearningScope,narendramodi,1
LeastcorrupteMP,stillgray,1
LekhakAnurag,narendramodi,1
LiquifiedG,AmitShah,1
LiquifiedG,ArvindKejriwal,1
LiquifiedG,ashoswai,1
LiquifiedG,narendramodi,1
LiteralLiberalY,narendramodi,1
LiteralLiberalY,singhvarun,1
LiveAbhayV,Declaracion,1
LonelyS1122,elonmusk,1
LonganiOm,shalabhmani,1
LotlikarShekhar,RahulGandhi,1
LotlikarShekhar,SupriyaShrinate,1
LoveNatureGreen,priyankac19,1
MAILAREPPA_S_M,AmitShah,1
MAILAREPPA_S_M,BJP4Karnataka,1
MAILAREPPA_S_M,BSYBJP,1
MAILAREPPA_S_M,DVSBJP,1
MAILAREPPA_S_M,NagarajSajjan12,1
MAILAREPPA_S_M,annatarajgowda,1
MAILAREPPA_S_M,narendramodi,1
MAILAREPPA_S_M,suvarnanewstv,1
MAJORshailendra,RahulGandhi,1
MAJORshailendra,narendramodi,1
MBTheGuide,narendramodi,1
MKG1869,AusHCIndia,1
MKG1869,DrSJaishankar,1
MKG1869,MEAIndia,1
MKG1869,cktwitta,1
MKrishnaKashmir,republic,1
MM09021996,bainjal,1
MM09021996,narendramodi,1
MMR_HR3648,PramilaJayapal,1
MSRgamingX,BJP4India,1
MSRgamingX,BJP4Jharkhand,1
MSRgamingX,narendramodi,1
MVMVMV100,BlueKni69774586,1
MVMVMV100,gauravcsawant,1
MVMVMV100,narendramodi,1
MadanKandal3,FaisalK70353006,1
MadanKandal3,OIC_OCI,1
Madan_Regmi,nytimes,1
Madan_Regmi,washingtonpost,1
MadhavPriyaa,BJP4India,1
MadhavPriyaa,HardikPatel_,1
MadnessHoney,IndianExpress,1
MadnessHoney,himantabiswa,1
Mahabali_Rudra,INCIndia,1
Mahabali_Rudra,narendramodi,1
Mahesh_math1,RahulGandhi,1
Mahesh_math1,narendramodi,1
Mahesh_wadhavne,AlJazeeraWorld,1
Mahesh_wadhavne,AmartyaSen_Econ,1
Mahesh_wadhavne,BJP4India,1
Mahesh_wadhavne,INCIndia,1
Mahesh_wadhavne,IYC,1
Mahesh_wadhavne,IYCJammuKashmir,1
Mahesh_wadhavne,RahulGandhi,1
Makebharatmahan,Am_dilip,1
Makebharatmahan,Anju1951Purohit,1
Makebharatmahan,AnkushD65021363,1
Makebharatmahan,AshwinKr17,1
Makebharatmahan,AzmiShabana,1
Makebharatmahan,BJP4India,1
Makebharatmahan,FreeTradeParty,1
Makebharatmahan,GuruprasadGovi1,1
Makebharatmahan,Indian_GirishN,1
Makebharatmahan,Indic89,1
Makebharatmahan,JaganNKaushik,1
Makebharatmahan,Javedakhtarjadu,1
Makebharatmahan,KINGEHIND,1
Makebharatmahan,MeenakshiLanger,1
Makebharatmahan,Rajesh201963,1
Makebharatmahan,RoopsinghRupa,1
Makebharatmahan,Sengar_RV,1
Makebharatmahan,SulagnaDash6,1
Makebharatmahan,SunitaG1962,1
Makebharatmahan,Swwagatam,1
Makebharatmahan,ThunderIndia93,1
Makebharatmahan,VSampathkumar14,1
Makebharatmahan,_VenuMadhav_,1
Makebharatmahan,___madhav___,1
Makebharatmahan,adityaakc,1
Makebharatmahan,applewatchfan81,1
Makebharatmahan,confess2gaurav,1
Makebharatmahan,cprd_india,1
Makebharatmahan,harsubh,1
Makebharatmahan,ind_rajat92,1
Makebharatmahan,jewelkapur,1
Makebharatmahan,johnygorkha,1
Makebharatmahan,jyotsnavarma9,1
Makebharatmahan,kailashkaushik8,1
Makebharatmahan,kapoorashok25,1
Makebharatmahan,narendra52,1
Makebharatmahan,narendramodi,1
Makebharatmahan,nparama1951,1
Makebharatmahan,paliwal_w,1
Makebharatmahan,pksrivastava6,1
Makebharatmahan,pmaliens,1
Makebharatmahan,purushueme,1
Makebharatmahan,rashmi21044,1
Makebharatmahan,rightlog_in,1
Makebharatmahan,rohitsh020678,1
Makebharatmahan,sandeepg6413,1
Makebharatmahan,sethia_b,1
Makebharatmahan,singhsantosh98,1
Makebharatmahan,stlohiya,1
Makebharatmahan,yogivimal,1
MallikarjunROS,JagadishShettar,1
MallikarjunROS,JoshiPralhad,1
MallikarjunROS,Nascorb,1
MallikarjunaCB,abpnewstv,1
ManUtd_Rambler,narendramodi,1
ManasCOfficial,RahulGandhi,1
ManasCOfficial,narendramodi,1
ManasSomeya,ashoswai,1
ManitaGautamMa1,8NDG3GGZ9JeXAXJ,1
ManitaGautamMa1,AdileyRiya,1
ManitaGautamMa1,Anjali94918156,1
ManitaGautamMa1,Maria00785187,1
ManitaGautamMa1,fambruharmy,1
ManitaGautamMa1,narendramodi,2
ManitaGautamMa1,rsprasad,2
Mansha_Iqball,GovtofPakistan,1
Mansha_Iqball,RadioPakistan,1
Mansha_Iqball,mohrpakistan,1
ManuSharma_09,INCIndia,1
ManuSharma_09,RahulGandhi,1
ManuSharma_09,SupriyaShrinate,1
Manushresth1,PiyushGoyal,1
Manushresth1,narendramodi,1
Maps_N_Me,Dev_Fadnavis,1
Max46546228,SupriyaShrinate,1
MayankArupula,Likith1212,1
MayankArupula,MAvupati,1
MayankArupula,srinivas_219,1
MayankArupula,tonygaaaadu,1
Mdr_b,amchemgoa,1
Me_JatinVerma,narendramodi,1
MediaaKhalid,AmitShah,1
MediaaKhalid,narendramodi,1
Medusaflower,BBCWorld,1
MeenakshiKamat7,MeghUpdates,1
MehrotraRP,RishiSunak,1
MehrotraRP,ShashiTharoor,1
MetaDhanesh,BJP4India,1
MetaDhanesh,INCIndia,1
MetaDhanesh,RahulGandhi,1
MetaDhanesh,narendramodi,1
MewarRajasthan,GhulamRabbani_,1
Mgaurav_,iamsakshijadhav,1
Mgaurav_,narendramodi,1
MiXyz6,Jairam_Ramesh,1
Microdamager,KantaraFilm,1
Microdamager,hombalefilms,1
Microdamager,ikamalhaasan,1
Microdamager,shetty_rishab,1
MiddleModerator,LakotaMan1,1
MikeD82166739,JennaEllisEsq,1
MirHyder12,BJP4India,1
MirHyder12,narendramodi,1
MirHyder12,sampitroda,1
MirHyder12,zafarsareshwala,1
Miraninick,narendramodi,1
MirzaMullick,10DowningStreet,1
MirzaMullick,BorisJohnson,1
MirzaMullick,LordIndarjit,1
MirzaMullick,PMOIndia,1
MirzaMullick,narendramodi,1
Misha32023793,PMOIndia,1
Misha32023793,PrakashJavdekar,1
Misha32023793,narendramodi,1
MishraamanMr,ErosNow,1
MishraamanMr,narendramodi,1
Mishtiiiirious,RahulGandhi,1
Mishtiiiirious,SupriyaShrinate,1
MissMystique007,ShashiTharoor,1
MithunGavhane,RahulGandhi,1
MithunGavhane,narendramodi,1
MkpPrhr67,MohamedBinZayed,1
ModiSnoops,AmitShah,1
ModiSnoops,narendramodi,1
Mohamed82021870,thewire_in,1
Mohamma66603918,UnstoppableCri2,2
Mohamma66603918,dogbeee1,1
Mohamma66603918,kamaalrkhan,2
Mohan08417213,BJP4India,1
Mohan41591648,BJP4India,1
Mohan41591648,BJP4TamilNadu,1
Mohan41591648,SoniaGurnani19,1
Mohan41591648,SriRamya21,1
Mohan41591648,VarierSangitha,1
Mohan41591648,_ankahi,1
Mohan41591648,annamalai_k,1
Mohan41591648,narendramodi,1
Mohan41591648,pallavict,1
Mohan41591648,ramapriya1989,1
Mohan41591648,sowmiyasid,1
MohanPrasadSat4,BBCHindi,1
Mohdsohail03,asadowaisi,1
MohitDagar_,ANI,1
MohitDagar_,narendramodi,1
Moin67860000,SonOfMagadh,1
MoneyTechOnlin1,TimesNow,1
MonikaS64886864,DavidBCohen1,1
More_Of_Mastery,republic,1
MrShandillya,ArvindKejriwal,1
Mr_Rusthik,RVCJ_FB,1
Mr_dutta1984,Dheer07215602,1
Mr_dutta1984,MamataOfficial,1
Mr_dutta1984,narendramodi,1
Mr_intrepid18,mayhememe4,1
Mr_manju17,BSYBJP,1
Mr_manju17,narendramodi,1
MrsWaqasPasha1,vivekoberoi,1
Mrutyun20555459,iShashiShekhar,1
MuhamedZacky,SriLanka,1
MuhamedZacky,alisabrypc,1
Muhammad_Wacas,PravinSawhney,1
Muhammad_Wacas,srinivasiyc,1
MukeshK92448446,ChitranjanGaga1,1
MuqtedarKhan,PMOIndia,1
MuqtedarKhan,ShashiTharoor,1
Murali76133156,Am_dilip,1
Murali76133156,AmitMishra4All,1
Murali76133156,Anandi_sanatani,1
Murali76133156,ArunDeshpande20,1
Murali76133156,Bharatwashi2,1
Murali76133156,Bhupendra26,1
Murali76133156,Chander93814658,1
Murali76133156,ChowkidarChokra,1
Murali76133156,DamodarHegde4,1
Murali76133156,DrSJaishankar,1
Murali76133156,DrUgrabhatah,1
Murali76133156,GSNarayan1960,1
Murali76133156,GauravModified,1
Murali76133156,Gauravmodifieda,1
Murali76133156,IndianRajeshNCo,1
Murali76133156,JaganNKaushik,1
Murali76133156,MangalPande1857,1
Murali76133156,MuraliIyer4,1
Murali76133156,NetaNiyanta,1
Murali76133156,ParasKGhelaanii,1
Murali76133156,RakeshA12572734,1
Murali76133156,RameshS0007,1
Murali76133156,Ravichiruvolu1,1
Murali76133156,Realist_Bharat,1
Murali76133156,ResurgentIndia,1
Murali76133156,SanjayS00663282,1
Murali76133156,Satishrathod100,1
Murali76133156,SortedEagle,1
Murali76133156,SweetBandit108,1
Murali76133156,Visalmama,1
Murali76133156,_ankahi,1
Murali76133156,ajitpj198,1
Murali76133156,amitrajseth,1
Murali76133156,apurvaparikh18,1
Murali76133156,bankim_jani,1
Murali76133156,bs_hariharan3,1
Murali76133156,dharmvir_9,1
Murali76133156,dipansuchoudhu1,1
Murali76133156,neerangautam,1
Murali76133156,nilesh_pat,1
Murali76133156,pallavict,1
Murali76133156,prasad_perla,1
Murali76133156,smdrao,1
Murali76133156,sowmiyasid,1
Murali76133156,sureshseshadri1,1
Murali76133156,umeshctyagi,1
MuraliMenon2371,ShashiTharoor,1
Murray5805,MelissaMbarki,1
MuskanPatel95,amitmalviya,1
MuskanPatel95,joeyspeakin,1
MyNameisSVS,CMOMaharashtra,1
MyNameisSVS,PiyushGoyal,1
MyNameisSVS,PiyushGoyalOffc,1
MyNameisSVS,mumbairailusers,1
MyNameisSVS,narendramodi,1
MyNameisSVS,palrana,1
MyNameisSVS,sureshpprabhu,1
MyViewsSoChill,sagarikaghose,1
MyViewsSoChill,smritiirani,1
MyelinVerve,ShashiTharoor,1
NANIBNB,BJP4Andhra,3
NANIBNB,narendramodi,3
NILESHPRAJAPAT,BJP4India,1
NILESHPRAJAPAT,JPNadda,1
NIRMAL9999,narendramodi,1
NIRMAL9999,pugalventhan_91,1
NITINMOUDGIL,INCIndia,1
NITINMOUDGIL,RahulGandhi,1
NPD72,Eternaldharma_,1
NPD72,KapilMishra_IND,1
NPD72,ParasKGhelaanii,1
NPD72,Rajput_Ramesh,1
NPD72,ShineHamesha,1
NPD72,SoniaGurnani19,1
NPD72,VarierSangitha,1
NPD72,VidarbhaPutra,1
NPD72,narendramodi,1
NPD72,pallavict,1
NPD72,rana_indrjeet,1
NS2923,somnath1978,1
NaMoAgain2_0,TheQuint,1
NaMoAgain2_0,divya_16_,1
Na_sir106,Slazzenger007,1
Na_sir106,narendramodi,1
Na_sir106,ndtvvideos,1
Nabeelfish,vivekagnihotri,1
NagarajGS1,sbabones,1
NakulTo22985369,kabir_writes,1
NanaSiddharth,TheEmissaryCo,1
NarayanShastri,narendramodi,1
NatarajanSe,Bharatarian,1
NavadaAravinda,BJP4India,1
NavadaAravinda,BRSPARTY_KCR,1
NaveenChandra87,DRDO_India,1
NaveenChandra87,INCIndia,1
NeedsAp,AmitShah,1
NeedsAp,BJP4Andhra,1
NeedsAp,GVLNRAO,1
NeedsAp,narendramodi,1
NeetFiles,AmitShah,1
NeetFiles,muglikar_,1
NeetFiles,s_palani,1
NeuroSpark,RepSantosNY03,1
NeuroSpark,WetKissesB,1
News9Tweets,BJP4India,2
News9Tweets,IAF_MCC,1
News9Tweets,INCIndia,2
News9Tweets,RahulGandhi,1
News9Tweets,narendramodi,1
Nidhi283,DrGPradhan,1
Nidhi283,narendramodi,1
NikhilROSSONERI,BJP4India,1
NikhilROSSONERI,Dev_Fadnavis,1
NikhilROSSONERI,narendramodi,1
Niks_Bharat,MamataOfficial,1
NileshGhadage14,ashoswai,1
Nina201710,spacepirate16,1
Ninjanet3,Radhika_Khera,1
Ninjanet3,hemant_1110_,1
Ninjanet3,rahulkanwal,1
NiravJ7,Abhisekh34,1
NiravJ7,sameer_kasture,1
NirmalGir2,narendramodi,1
NishaThakur1997,ShashiTharoor,1
NishantAvasthi1,AmitShah,1
NishantAvasthi1,BJP4India,1
NishantAvasthi1,BlackKn59506535,1
NishantAvasthi1,PrakashJavdekar,1
NishantAvasthi1,Swamy39,1
NishantAvasthi1,colkt,1
NishantAvasthi1,narendramodi,1
Nishesho,AbhishBanerj,1
Nishesho,Saurabhj321,1
Nishitadubey,narendramodi,1
Nitesh2611,BJP4India,1
Nitesh2611,archu243,1
Nitesh2611,narendramodi,1
Nitesh_khare,narendramodi,1
Nitesh_khare,useless_talks,1
NithinSasalu,BJP4India,1
NithinSasalu,narendramodi,1
NithinSasalu,sumalathaA,1
Nithinreddy00,BJP4Telangana,1
Nithinreddy00,narendramodi,1
NitinShuklaIND,AamAadmiParty,1
NitinShuklaIND,PreetiSMenon,1
NitinTalwar1979,37VManhas,1
NityaStriker,AAAyokobo,1
Nivedita_Shan,iamsunnydeol,1
Nivedita_Shan,vivekoberoi,1
Numberr_17,BDUTT,1
Numberr_17,Darkwyr,1
OMDKhaleel,AmitShah,1
OMDKhaleel,BJP4India,1
OMDKhaleel,BJP4Telangana,1
OMDKhaleel,RahulGandhi,1
OMDKhaleel,narendramodi,2
Odiapuo,SudheenKulkarni,1
OmarBhatti1981,Doval_Ajit12,1
OmarBhatti1981,ImranKhanPTI,1
OmarBhatti1981,narendramodi,1
OmkarKul3,AmitShah,1
OmkarKul3,BJP4India,1
OmkarKul3,BJP4Maharashtra,1
OmkarKul3,narendramodi,1
Oneindia,BJP4India,1
Oneindia,BJPLive,1
Oneindia,narendramodi,1
OnlyPrions,talk2anuradha,1
Ooranjan,PMOIndia,1
Ooranjan,SushmaSwaraj,1
Ooranjan,arjyabratapande,1
Ooranjan,dpradhanbjp,1
Ooranjan,jualoram,1
Ooranjan,narendramodi,1
PITCHBOSS,AmitShah,1
PITCHBOSS,RSSorg,1
PITCHBOSS,narendramodi,1
PKBaisiwala,HMOIndia,1
PKBaisiwala,Ibne_Sena,1
PKBaisiwala,narendramodi,1
PKBaisiwala,rajnathsingh,1
PKBaisiwala,rammadhavbjp,1
PKSahajpal,INCIndia,1
PKSahajpal,Jairam_Ramesh,1
PKelsikar,Nidhi,1
POLYMERBAZAAR,narendramodi,1
PRY72847742,GargaC,1
PThalaivaaa,Annboleyn08,1
PThalaivaaa,upamanyu70,1
Padeep52754503,ssumit26061,1
Padeep52754503,thewire_in,1
PalaUmesh,Jairam_Ramesh,1
PalaUmesh,Radhika_Khera,1
PalaUmesh,RahulGandhi,1
PalaUmesh,rahulkanwal,1
PandeySatyadev,Anilanant10,1
PandeySatyadev,PhogaatRavinder,1
PandeySatyadev,iShashiShekhar,1
PandyaPramthesh,RahulGandhi,1
PandyaPramthesh,ghulamnazad,1
PandyaPramthesh,rautsanjay61,1
PandyaPramthesh,whoskj2,1
PanneerRethinam,Jairam_Ramesh,1
ParthaB34769052,BJP4India,1
ParthaB34769052,PMOIndia,1
ParthaB34769052,narendramodi,1
ParthaB34769052,sukanyasarma13,1
PassionForNews,AkashvaniAIR,1
PassionForNews,DDNational,1
PassionForNews,DDNewsHindi,1
PassionForNews,DDNewsLive,1
PassionForNews,DefenceMinIndia,1
PassionForNews,IndiaToday,1
PassionForNews,MIB_India,1
PassionForNews,PIB_India,1
PassionForNews,PMOIndia,1
PassionForNews,RahulGandhi,1
PassionForNews,SpokespersonMoD,1
PassionForNews,UN,1
PassionForNews,airnewsalerts,1
PassionForNews,gauravcsawant,1
PassionForNews,manishkbaid,1
PassionForNews,mediasurya,1
PassionForNews,narendramodi,1
PassionForNews,prasarbharati,1
PassionForNews,rsprasad,1
PassionForNews,shashidigital,1
PassionForNews,smritiirani,1
PassionForNews,supriyasahuias,1
PasupathyBalaji,SanghiPrince,1
PasupathyBalaji,annamalai_k,1
PathakMedia,MomentsIndia,1
PathakMedia,PathakMedia,1
Patilparagp,ScribeAditya,1
Patilparagp,TimesNow,1
Patilparagp,anchoramitaw,1
Patriot27167746,Jairam_Ramesh,1
PavanVasista3,PChidambaram_IN,1
PavanVasista3,divyaspandana,1
PavanVasista3,narendramodi,1
PavanVasista3,sagarikaghose,1
PeteGasLondon1,DroidLiberator,1
PeteGasLondon1,Glinner,1
PeteGasLondon1,friendlyelites,1
PeteGasLondon1,vmdcruz,1
PeterHLemieux,MorningConsult,1
Phareesh_tnie,BJP4Andhra,1
Phareesh_tnie,NewIndianXpress,1
Phareesh_tnie,narendramodi,1
PhoenixSudeshna,Tejasvi_Surya,1
PhoenixSudeshna,narendramodi,1
Piyushspeakss,RahulGandhi,1
Piyushspeakss,Supriya23bh,1
PokemonBurner1,BhadraPunchline,1
PokemonBurner1,Raju_DasYorkU,1
PoohPalooza,DoctorDongzilla,1
Praatik_3300,ArvindKejriwal,1
Praatik_3300,BhagwantMann,1
Praatik_3300,OfficialAlpesh,1
Praatik_3300,TelanganaCMO,1
Praatik_3300,isudan_gadhvi,1
Praatik_3300,manoj_sorathiya,1
PrabhatChoubey5,AnupamPKher,1
PrabhatChoubey5,myogiadityanath,1
PrabhatChoubey5,narendramodi,1
PradeepkumarPM,iShashiShekhar,1
PradeepkumarPM,shaandelhite,1
PradipG05843542,TusharG,1
PrakashjayYadav,ArvindKejriwal,1
PrakashjayYadav,BJP4India,1
PrakashjayYadav,INCIndia,1
PrakashjayYadav,RahulGandhi,1
PrakashjayYadav,ZeeNews,1
PrakashjayYadav,aajtak,1
PrakashjayYadav,abpnewstv,1
PrakashjayYadav,agupta_7,1
PrakashjayYadav,narendramodi,1
PrakashjayYadav,sambitswaraj,1
PranavaBhardwaj,ArvindKejriwal,1
Pranay7even,ANI,1
Prasadandprad,PMOIndia,1
Prasadandprad,RahulGandhi,1
Prasadandprad,kanhaiyakumar,1
Prasadandprad,narendramodi,1
PrashBash,palkisu,1
Prashan12342459,ShashiTharoor,1
Pratham58849736,PMOIndia,1
Pratham58849736,PrakashJavdekar,1
Pratham58849736,narendramodi,1
Pratyangira1,AAP,1
Pratyangira1,BJP4India,1
Pratyangira1,INCIndia,1
Pratyangira1,samajwadiparty,1
Pratyush_369,narendramodi,1
PraveeenAg,BJP4India,1
PraveeenAg,INCIndia,1
PraveeenAg,RahulGandhi,1
Pravink58141601,Abhi_singhi,1
PreethiIyer6,SushmaSwaraj,1
PreethiIyer6,narendramodi,1
PreethiIyer6,noconversion,1
PreityUpala,John26647304,1
PremKal89092182,RShivshankar,1
PrigithJ,BCCI,1
PrigithJ,mastercardindia,1
PrinceDHORDA3,ShashiTharoor,1
PrinceT66447707,himantabiswa,1
PrinceT66447707,news24tvchannel,1
PritamR52763008,EzhilarasanCvmp,1
PritamR52763008,KTRTRS,1
PritamR52763008,LambaAlka,1
PritamR52763008,RajeevRai,1
PritamR52763008,SanjayAzadSln,1
PritamR52763008,TRBRajaa,1
PritamR52763008,U2Brutus_off,1
PritamR52763008,khanumarfa,1
PritamR52763008,pbhushan1,1
PritamR52763008,rajaarushi,1
PritamR52763008,ysathishreddy,1
PritamR52763008,zoo_bear,1
PrithaBandyop10,INCIndia,1
PrithaBandyop10,RahulGandhi,1
PrithaBandyop10,narendramodi,1
PrithaBandyop10,sherryontopp,1
PriyanGMenon,narendramodi,1
ProfSRK,AB_BJP,1
ProfSRK,AmitShah,1
ProfSRK,BurnAllwalli,1
ProfSRK,CongressDahan,1
ProfSRK,GogoiRanju,1
ProfSRK,HarishK04131926,1
ProfSRK,Hindutatv,1
ProfSRK,LillyMaryPinto,1
ProfSRK,OnlineRajan__,1
ProfSRK,RAJIV1959,1
ProfSRK,Rishi_IHA,1
ProfSRK,RomeshNadir,1
ProfSRK,SaffronDalit,1
ProfSRK,SaffronKashmir,1
ProfSRK,ShefVaidya,1
ProfSRK,TandonRaveena,1
ProfSRK,TigerNaMo,1
ProfSRK,alokg2k,1
ProfSRK,cosmicblinker,1
ProfSRK,hindu_blood,1
ProfSRK,ibhagwa_n,1
ProfSRK,koenamitra,1
ProfSRK,meenakshisharan,1
ProfSRK,nanditathhakur,1
ProfSRK,narendramodi,1
ProfSRK,neerangautam,1
ProfSRK,onlyonenetra,1
ProfSRK,swetasamadhiya,1
ProfSRK,uttrashada,1
ProfSRK,vinish_ind,1
ProfSRK,vivekagnihotri,1
PronabKumarDas4,broP0LITICS,1
PronabKumarDas4,cpimspeak,1
PrriyaRaj,Aakar__Patel,1
PrriyaRaj,Memeghnad,1
PrriyaRaj,Smruti_45,1
PruthviMJ3,hd_kumaraswamy,1
PruthviMJ3,narendramodi,1
PsePrince,narendramodi,1
PunjabNewsDaily,AamAadmiParty,1
PunjabNewsDaily,DaaruBaazMehta,1
PunjabNewsDaily,RKCERTIFIED,1
PunjabNewsDaily,dhanabir_sharma,1
PunjabNewsDaily,indian_nagrik,1
PunjabNewsDaily,raghav_chadha,1
Pup15434879,BBC,1
Pup15434879,BBCBreaking,1
Pup15434879,BBCNews,1
Pup15434879,BBCPolitics,1
Pup15434879,BBCWorld,1
Pup15434879,narendramodi,1
Pup15434879,pbhushan1,1
PuriVirender,AmitShah,1
PuriVirender,BJP4India,1
PuriVirender,Gen_VKSingh,1
PuriVirender,RahulGandhi,1
PuriVirender,narendramodi,1
PuriVirender,smritiirani,1
PursueRam,BDUTT,1
PursueRam,EconomicTimes,1
PursueRam,INCIndia,1
PursueRam,PChidambaram_IN,1
PursueRam,htTweets,1
PursueRam,narendramodi,1
PuttaVishnuVR,ArvindKejriwal,1
PuttaVishnuVR,BhagwantMann,1
PuttaVishnuVR,TelanganaCMO,1
Pv21183551,Jairam_Ramesh,1
Pv21183551,ShashiTharoor,1
PyroBors,AmitShah,1
PyroBors,AmitShahOffice,1
PyroBors,BJP4Bengal,1
PyroBors,BJP4Chandigarh,1
PyroBors,BJP4Delhi,1
PyroBors,BJP4Gujarat,1
PyroBors,BJP4Karnataka,1
PyroBors,BJP4Maharashtra,1
PyroBors,BJP4Rajasthan,1
PyroBors,IndiaToday,1
PyroBors,MamataOfficial,1
PyroBors,OfficeOfRKSingh,1
PyroBors,PMOIndia,1
PyroBors,SMedia4,1
PyroBors,SuPriyoBabul,1
PyroBors,TBanikk,1
PyroBors,TajinderBagga,1
PyroBors,arjunrammeghwal,1
PyroBors,dpradhanbjp,1
PyroBors,narendramodi,1
PyroBors,nsitharaman,1
PyroBors,rsprasad,1
PyroBors,smritiirani,1
Q7Niki,RahulGandhi,1
Q7Niki,narendramodi,1
RAGHUNATH1980,yadavakhilesh,1
RJBloger007,narendramodi,1
RSSinBlood,anushakunmittal,1
RSSinBlood,sanket,1
Raa_onee,akshaykumar,1
Raa_onee,narendramodi,1
Raa_onee,ravishndtv,1
Rabianaveed9,Ayeshahahah_,1
RadheKundu,AmitShah,1
RadheKundu,BJP4India,1
RadheKundu,Calcutta_Times,1
RadheKundu,MahuaMoitra,1
RadheKundu,MamataOfficial,1
RadheKundu,PMOIndia,1
RadheKundu,abhishekaitc,1
RadheKundu,ndtv,1
RadheKundu,timesofindia,1
RagMal108,AmitShah,1
RagMal108,BJP4India,1
RagMal108,HardeepSPuri,1
RagMal108,Ramlal,1
RagMal108,arunjaitley,1
RagMal108,bjpaniljoshi,1
RagMal108,narendramodi,2
RagMal108,rajnathsingh,1
RagMal108,shwait_malik,1
RaghaavMD,Ateendriyo,1
Raghabendra123,tathagata2,1
Raghuram_C,IndiaToday,1
Raghven02969739,MuqtedarKhan,1
Raghven02969739,PMOIndia,1
Raghven02969739,ShashiTharoor,1
Rahiiirocks,Wajahatfarooqbt,1
Rahul19931107,dineshchawre94,1
Rahul_Baskar96,AmitShah,1
Rahul_Baskar96,narendramodi,1
Rahul_p12345,SupriyaShrinate,1
Rahul_p12345,TirthwaniSanjay,1
Rahul_p12345,rahulkanwal,1
Rahulist,ashoswai,1
Rahulnimmagadd9,hopekolli_babu,1
Rahulwrites_now,dmuthuk,1
Rai__sahab__,MyelinVerve,1
Rai__sahab__,justiceindanger,1
Rai__sahab__,s_afreen7,1
RajalakshmiJ11,AmyMek,1
RajalakshmiJ11,MNageswarRaoIPS,1
RajalakshmiJ11,RajivMessage,1
RajalakshmiJ11,RituRathaur,1
RajalakshmiJ11,gganeshhh,1
RajalakshmiJ11,mediacrooks,1
RajalakshmiJ11,raghav_chadha,1
RajalakshmiJ11,uslasher99,1
RajalakshmiJ11,wef,1
Rajan_hotSpur,Hemanth938115,1
Rajan_hotSpur,VjayNishanth,1
Rajan_hotSpur,imjadeja,1
Rajan_hotSpur,narendramodi,1
RajaniDubai,RkMishraEr,1
RajaniDubai,ShashiTharoor,1
RajanishSailor,ArvindKejriwal,1
RajanishSailor,IndiaToday,1
RajanishSailor,RahulGandhi,1
RajanishSailor,narendramodi,1
Rajath_mohite,LavanyaBallal,1
Rajatku21361256,rishibagree,1
RajendraM_,narendramodi,1
Rajeshyadav20,FightForRERAInd,1
Rajeshyadav20,HardeepSPuri,1
Rajeshyadav20,cmohry,1
Rajeshyadav20,narendramodi,1
Rajini_rao63,ShashiTharoor,1
RajivSabharwal5,TimesNow,1
RajivSabharwal5,narendramodi,3
RajivSabharwal5,republic,3
RajivSehgal17,richeisen,1
RajneeshAnand2,BJP4Bihar,1
RajneeshAnand2,BJP4India,1
RajneeshAnand2,INCIndia,1
RajneeshAnand2,NarendraNOjha,1
RajneeshAnand2,RJDforIndia,1
RajneeshAnand2,RahulGandhi,1
RajneeshAnand2,Sanjeev19204894,1
RajneeshAnand2,VishalSMumbai,1
RajneeshAnand2,avatans,1
RajneeshAnand2,narendramodi,1
RajuBistaBJP,AITCofficial,1
RajuBistaBJP,ECISVEEP,1
RajuBistaBJP,PMOIndia,1
RajuBistaBJP,SpokespersonECI,2
RajuBistaBJP,VPSecretariat,2
RajuBistaBJP,narendramodi,2
RajuBistaBJP,rashtrapatibhvn,1
RakeshY76168690,BoltaHindustan,1
Ram7077,TheAcademy,1
Ram7077,ferrarimanf355,1
Ram7077,mikemeehantweet,1
RamChereddy,ncbn,1
RamChereddy,ysjagan,1
Rama47759457,naaperusai,1
RamanSinghSahab,ShafiqAKASahak,1
RamanSinghSahab,majorgauravarya,1
Ramcharana86,AmitShah,1
Ramcharana86,BJP4Karnataka,1
Ramcharana86,Tej_AnanthKumar,1
Ramcharana86,Tejasvi_Surya,1
Ramcharana86,narendramodi,1
Ramcharana86,rajeev_mp,1
RameshRSBM,RahulGandhi,1
RameshRSBM,movohra,1
RameshSoni_001,narendramodi,1
Rameshgwadhwa,ArvindKejriwal,1
RammanSidana,AnamAliPrayer,1
Ramu35316068,Arvindharmapuri,1
Ramu35316068,KJagadeeshReddy,1
Ramu35316068,Manasa4BJP,1
Ramu35316068,SheetalPronamo,1
Ramu35316068,VlKASPR0NAM0,1
Ramu35316068,bandisanjay_bjp,1
Ramu35316068,krg_reddy,1
RanabirSinha7,ShashiTharoor,1
RanjithHosakere,narendramodi,1
RathoreVJbhavo,narendramodi,1
RatneshPathak15,narendramodi,1
Raveen32899452,MrsGandhi,1
Ravichandra1443,narendramodi,1
RaySush,PMOIndia,1
RaySush,narendramodi,1
RaySush,rajnathsingh,1
RaySush,sudhirchaudhary,1
Ready2101,ShashiTharoor,1
RebelAtlas,RishiSunak,1
RebelAtlas,elonmusk,1
RebelloAnil,RahulGandhi,1
RebelloAnil,ShashiTharoor,1
RemeshHind,AbhishBanerj,1
RemeshHind,BattaKashmiri,1
RemeshHind,BlrCityPolice,1
RemeshHind,IndexKarnataka,1
RemeshHind,Indian_Analyzer,1
RemeshHind,KiranKS,1
RemeshHind,PCMohanMP,1
RemeshHind,SureshNakhua,1
RemeshHind,TVMohandasPai,1
RemeshHind,amritabhinder,1
RemeshHind,thakkar_sameet,1
RenuRajaram_G,PMOIndia,1
RenuRajaram_G,narendramodi,1
Respons2022,KapilSibal,1
RimaChaturvedi,INCIndia,1
RimaChaturvedi,RahulGandhi,1
RimaChaturvedi,narendramodi,1
Rinkz47344086,Being_Humor,1
Rinkz47344086,raghav_chadha,1
RishabhSahajwa1,JM_Scindia,1
RishabhSahajwa1,Javedakhtarjadu,1
RishabhSahajwa1,RahulGandhi,1
RishabhSahajwa1,dhruv_rathee,1
RishabhSahajwa1,narendramodi,1
RishiYadav1505,RahulGandhi,1
RishiYadav1505,RahulgandhiSfan,1
Ritam_Alhuwalia,AmitShah,1
Ritam_Alhuwalia,DilipGhoshBJP,1
Ritam_Alhuwalia,KailashOnline,1
Ritam_Alhuwalia,MamataOfficial,1
Ritam_Alhuwalia,MenonArvindBJP,1
Ritam_Alhuwalia,RahulGandhi,1
Ritam_Alhuwalia,VijayaRahatkar,1
Ritam_Alhuwalia,amitmalviya,1
Ritam_Alhuwalia,me_locket,1
Ritam_Alhuwalia,narendramodi,1
Ritam_Alhuwalia,shivprakashbjp,1
RitikaaChaudhry,Apurav4977,1
RitikaaChaudhry,DVJChautala,1
RitikaaChaudhry,Dchautala,1
RitikaaChaudhry,DushyantVicharM,1
RitikaaChaudhry,IamRituKataria,1
RitikaaChaudhry,JJPITCELL,1
RitikaaChaudhry,JJPofficial,1
RitikaaChaudhry,Prateeksom2,1
RitikaaChaudhry,RavinderRawat_H,1
RitikaaChaudhry,Shankey_Tyagi_,1
RitikaaChaudhry,ShivamDhimanJJP,1
RitikaaChaudhry,officialvijay_M,1
RituDreams,narendramodi,1
Riyaas23_,ikamalhaasan,1
Riyaas23_,indian_balas,1
Riyaas23_,vijaytelevision,1
Rj_amarjeet,AamAadmiParty,1
Rj_amarjeet,ArvindKejriwal,1
Rj_amarjeet,SandeepPathak04,1
Rj_amarjeet,SanjayAzadSln,1
Rj_amarjeet,msisodia,1
Rj_amarjeet,sambhavnaseth,1
Rock20006,ShatruganSinha,1
RohitMu91645791,MeghUpdates,1
Rohit_K69,AmitShah,1
Rohit_K69,narendramodi,1
Rohitkhadilkar1,BBC,1
Rohitkhadilkar1,MahuaMoitra,1
Rose99015680,tathagata2,1
RuchiLee,BJP4India,1
RuchiLee,abpnewstv,1
RuchiLee,airindiain,1
RuchiLee,ashoswai,1
RuchiLee,narendramodi,2
RudderRude,gem326,1
S386ER1,ArvindKejriwal,1
S386ER1,BBCHindi,1
S386ER1,BDUTT,1
S386ER1,BJP4India,1
S386ER1,BhavikaKapoor5,1
S386ER1,CongressSparta1,1
S386ER1,DDNewsLive,1
S386ER1,Davinde14684961,1
S386ER1,INCIndia,1
S386ER1,NewsNationTV,1
S386ER1,ProfCong,1
S386ER1,RahulGandhi,1
S386ER1,ShashiTharoor,1
S386ER1,ShillongTimes,1
S386ER1,Suryamariappa,1
S386ER1,ZeeNews,1
S386ER1,aajtak,1
S386ER1,abpnewstv,1
S386ER1,arunjaitley,1
S386ER1,azadspeakschnl,1
S386ER1,htTweets,1
S386ER1,madhukishwar,1
S386ER1,narendramodi,1
S386ER1,ncbn,1
S386ER1,ndtv,1
S386ER1,ndtvindia,1
S386ER1,nytimes,1
S386ER1,priyankagandhi,1
S386ER1,sampitroda,1
S386ER1,srini4483,1
S386ER1,viruztweet,1
SACHIN73307634,BJP4India,1
SAmirishetti,KTRTRS,1
SD49986215,sardesairajdeep,1
SELVARAJKANNAN9,DerekJGrossman,3
SELVARAJKANNAN9,sushantsareen,2
SENTHIL43629898,narendramodi,1
SLiberandu,taslimanasreen,1
SMuk25,TimesNow,1
SMuk25,gauravbh,1
SRS91839430,ShashiTharoor,1
SSSPILY,ashoswai,1
S_ShekharSingh,narendramodi,2
SaGp0872,MuqtedarKhan,1
SaGp0872,PMOIndia,1
SaGp0872,ShashiTharoor,1
SachhiiBro,BJP4India,1
SachhiiBro,ECISVEEP,1
SachhiiBro,INCIndia,1
SachhiiBro,PMOIndia,1
SachhiiBro,ahmedabadmirror,1
SachhiiBro,narendramodi,1
SachhiiBro,vivekoberoi,1
SachinIndia5,Sanntt1989,1
SachinIndia5,narendramodi,1
SachinIndia5,rajinikanth,1
SachinMogalPat1,i_hmd3,1
SachinMogalPat1,javerias,1
SachinMogalPat1,narendramodi,1
Saffron_Bros,AmitShah,1
Saffron_Bros,IndiaSpeaksPR,1
Saffron_Bros,narendramodi,1
SagarJa46168628,AmitShah,1
SagarJa46168628,PMOIndia,1
SagarJa46168628,PiyushGoyal,1
SagarJa46168628,SirPareshRawal,1
SagarJa46168628,arunjaitley,1
SagarJa46168628,narendramodi,1
SagarJa46168628,smritiirani,1
SahilNa22106733,indiatvnews,1
SahilNa22106733,narendramodi,1
Sailorneeraj79,LambaAlka,1
Sailorneeraj79,syedasimwaqar,1
SaintIGNUtius,PMOIndia,1
SamantarayD,ashoswai,1
SamiullahGhani1,ShashiTharoor,1
San1_Santosh28,TheRudra1008,1
SandeepGBhagat,RahulGandhi,1
SandeepGBhagat,mumbaitak,1
SandeepGBhagat,rautsanjay61,1
SandeepK1979,AartiTikoo,1
SandeepK1979,ArvindKejriwal,1
SandeepK1979,RahulGandhi,1
SandeepK1979,narendramodi,1
SandipGhose,RURALINDIA,1
SandipGhose,RahulGandhi,1
Sane_Asura,theglobalatheos,1
Sanjay63995720,htTweets,1
Sanjay97021139,raghav_chadha,1
SanjayIndian12,minicnair,1
SanjayIndian12,rwac48,1
SanjayS00663282,kailashkaushik8,1
SanjayS00663282,singpuri,1
SanjeetR1966,JhaSanjay,1
SanjibKBasu,ShefVaidya,1
SanjibKBasu,narendramodi,1
Sankicitizen,BJPManinagar,1
Sankicitizen,narendramodi,1
Sany_Invincible,palkisu,1
Sarcstic_India,Hip_hop_india12,1
Sarcstic_India,HiphopPremi,1
Sarcstic_India,Pratham_711,1
Sarcstic_India,avinashshaw552,1
Sarcstic_India,talhahanjum,1
SarveshMeet,Jairam_Ramesh,1
SarveshMeet,PChidambaram_IN,1
SarveshMeet,Rajeev_GoI,1
SatishR74425441,Doval_Ajit12,1
Satishrathod100,AdiMadhav,1
Satishrathod100,Am_dilip,1
Satishrathod100,AmitShah,1
Satishrathod100,BJP4India,1
Satishrathod100,BachaoIndiako,1
Satishrathod100,Bangboy54466920,1
Satishrathod100,ChakdeIndia11,1
Satishrathod100,Dipesh28783256,1
Satishrathod100,Drsunandambal,1
Satishrathod100,INCIndia,1
Satishrathod100,JaganNKaushik,1
Satishrathod100,KashmirSParihar,1
Satishrathod100,LD_VillageGuy,1
Satishrathod100,LillyMaryPinto,1
Satishrathod100,MODI_FiredHindu,1
Satishrathod100,MajNS18,1
Satishrathod100,NiniHala,1
Satishrathod100,RaghavendraUp16,1
Satishrathod100,RahulGandhi,1
Satishrathod100,SGK19551,1
Satishrathod100,Saliltoday,1
Satishrathod100,SangoliR,1
Satishrathod100,Savitritvs,1
Satishrathod100,ThunderIndia93,1
Satishrathod100,Vaidikah,1
Satishrathod100,ads7506,1
Satishrathod100,brainjal,1
Satishrathod100,chandan27648045,1
Satishrathod100,colkt,1
Satishrathod100,dharmvirjangra9,1
Satishrathod100,faramroze,1
Satishrathod100,gouranga1964,1
Satishrathod100,jyotsnavarma9,1
Satishrathod100,kailashkaushik8,1
Satishrathod100,narendramodi,1
Satishrathod100,nparama1951,1
Satishrathod100,praneelraja,1
Satishrathod100,prasad_perla,1
Satishrathod100,ravicha47372787,1
Satishrathod100,vera_anz,1
Satishrathod100,yessirtns,1
SatpathyOnTruth,RahulGandhi,1
SatpathyOnTruth,yadavakhilesh,1
SatraSanjay17,PratikshaJamwal,1
Satyaje70035095,irenaakbar,1
Satyaveer,narendramodi,1
SatyeVarta,InfinityMessage,1
SatyeVarta,RajivMessage,1
SaurabhWaghapur,narendramodi,1
Saurabhrvs,narendramodi,1
Saurabhrvs,ndtv,1
Savant2Sports,Chopsyturvey,1
Sbharris11,Atomicrod,1
Sbharris11,JohnSmith410846,1
Scyzorykwz77,pink_indian_,1
Scyzorykwz77,thorstenbenner,1
ShahidaQureshi5,SHaiderRMehdi,1
Shailesh_Paun,AmitShah,1
Shailesh_Paun,BJP4India,1
Shailesh_Paun,narendramodi,1
Shailesh_Paun,rssurjewala,1
ShampaDey13,GargaC,1
Shantprinja,JhaSanjay,1
Shantprinja,RahulGandhi,1
Shantprinja,narendramodi,1
Shantprinja,sherryontopp,1
Sharma24x7,NamitaJaiHind,1
Sharmasharmavar,Jairam_Ramesh,1
SharonFeb6,RahulGandhi,1
SharonFeb6,TarekFatah,1
SharonFeb6,narendramodi,1
Shashkya,JM_Scindia,1
ShaunakKane,BJP4Goa,1
ShaunakKane,BJP4India,1
ShaunakKane,moayush,1
ShaunakKane,narendramodi,1
ShaunakKane,shripadynaik,1
ShibiPayamal,BBC,1
ShibiPayamal,MahuaMoitra,1
ShibiPayamal,derekobrienmp,1
ShibiPayamal,pbhushan1,1
ShimulBhattach8,PMOIndia,1
ShimulBhattach8,RahulGandhi,1
ShimulBhattach8,narendramodi,1
ShimulBhattach8,ncbn,1
ShimulBhattach8,yadavakhilesh,1
ShittyAffairs,smritiirani,1
ShivaForJustice,UN,1
ShivaaniKTalwar,narendramodi,1
Shivam4universe,ajay43,1
ShivamurthyShe2,narendramodi,1
Shivani57481297,BBC,1
Shivani57481297,MahuaMoitra,1
Shivauggera,AmitShah,1
Shivauggera,BJP4Bengal,1
Shivauggera,BJP4India,1
Shivauggera,Sunil_Deodhar,1
Shivauggera,narendramodi,1
ShiveshKumar19,dhruv_rathee,1
Shivsha71415641,BBC,1
Shivsha71415641,MahuaMoitra,1
Shobha_shetty,badri4BJP,1
Shobha_shetty,nsitharaman,1
ShobhnaYadava,ABPNews,1
ShujathAliSufi,DeccanHerald,1
ShujathAliSufi,IndianExpress,1
ShyamPrasadRao1,prasadarchana27,1
SiD_743,ArvindKejriwal,1
SiD_743,BhagwantMann,1
SiD_743,harjotbains,1
Sidd91902935,NupurSharmaBJP,1
SiddG19,AmitShah,1
SiddG19,BJP4India,1
SiddG19,MamataOfficial,1
SiddG19,RahulGandhi,1
SiddG19,narendramodi,1
Siddhar37944483,PMOIndia,1
Siddhar37944483,narendramodi,1
Siddhar38257653,AAPDelhi,1
Siddhar38257653,ArvindKejriwal,1
Sidharth_Mki,BBCPolitics,1
Sidzepp,Schandillia,1
Silkynsarp,Pawankhera,1
SinghAbhishek_A,ShashiTharoor,1
Sinha_Nagmani,TheBombayBombil,1
SivaYp,RahulGandhi,1
SivaYp,narendramodi,1
Sivashanker_26,Indian_Analyzer,1
Sivatdpsklm,710b5008642848f,1
Sivatdpsklm,HKKishore,1
Sivatdpsklm,Karthikjillella,1
Sivatdpsklm,UttarandhraNow,1
Sivatdpsklm,VSKPJn,1
Sivatdpsklm,VisakhapatnamJn,1
Sivatdpsklm,chrteja9,1
Sivatdpsklm,imVizagite,1
Sivatdpsklm,jijjuu,1
Sivatdpsklm,muralimuzic,1
Sivatdpsklm,nenuvizagfamous,1
Sivatdpsklm,ravitejak07,1
Sivatdpsklm,shark_mendy,1
SmartyPantBot,ANI,1
Smaster1982,AfzalValli,1
Smaster1982,iamnikbahl,1
SocialAmit,IndianExpress,1
SocialAmit,htTweets,1
SocialAmit,narendramodi,1
SocialAmit,rammadhavbjp,1
SocialAmit,timesofindia,1
SocioPoliticalW,AmitShah,1
SocioPoliticalW,BJP4Tripura,1
SocioPoliticalW,Ei_Samay,1
SocioPoliticalW,INCIndia,1
SocioPoliticalW,ImranKhanPTI,1
SocioPoliticalW,Nikhil_P_B,1
SocioPoliticalW,PradyotManikya,1
SocioPoliticalW,cpimspeak,1
SocioPoliticalW,drajoykumar,1
SocioPoliticalW,drshamamohd,1
SocioPoliticalW,narendramodi,1
SoillyLands,ShashiTharoor,1
SolGamsu,IndLabSol,1
SolGamsu,ucuatdurham,2
SoleShubham04,narendramodi,1
Somshuk31029356,ShashiTharoor,1
SonarDeepak911,ShashiTharoor,1
SonikPR,Jairam_Ramesh,1
Sonu77767231,narendramodi,1
Sonu77767231,rajnathsingh,1
SouravSolanki16,maarisha,1
SouravSolanki16,pankhuripathak,1
SpeakingHemant,YRDeshmukh,1
SpeakingHemant,milindkhandekar,1
SpeakingHemant,sanjaycsds,1
SpoonfulOfBr,fmtoday,1
SreeHari_03,aria_isara,1
SreedharBevara,rishibagree,1
SreeramVilla,republic,1
SreshthaTiwari,INCIndia,1
SreshthaTiwari,RahulGandhi,1
SreshthaTiwari,mkstalin,1
Srichakradhar7,adityadickysin,1
Srichakradhar7,sandeep_PT,1
Srinee,SirKazamJeevi,1
Srinee,TheBombayBombil,1
Srinee,jacindaardern,1
Sriniva54626043,srinivasiyc,1
SrinjaniKajaria,JhaSanjay,1
StanleyGator1,ericareport,1
Stay_Stil,abhiandniyu,1
Student_Mrkt,AmartyaSen_Econ,1
Sturgeons_Law,Ka_Neeli,1
SubbaRaoTN,ShashiTharoor,1
SubhasanketRay,ShashiTharoor,1
SubhashHati,chakravartiin,1
SudhirPA3,MamataOfficial,1
SudhirPA3,htTweets,1
SudipRo93385473,narendramodi,1
SujeetDeshpande,AmitShah,1
SujeetDeshpande,BJP4India,1
SujeetDeshpande,BJP4Maharashtra,1
SujeetDeshpande,CMOMaharashtra,1
SujeetDeshpande,Dev_Fadnavis,1
SujeetDeshpande,PMOIndia,1
SujeetDeshpande,narendramodi,1
SujoyKBasu,BJP4Bengal,1
Sukdurrani,narendramodi,1
Sukhwinder_03,AUThackeray,1
Sukhwinder_03,BJP4India,1
Sukhwinder_03,CMOTamilNadu,1
Sukhwinder_03,CongressDahan,1
Sukhwinder_03,NitishKumar,1
Sukhwinder_03,SangmaConrad,1
Sukhwinder_03,narendramodi,1
Sukhwinder_03,officeofssbadal,1
SulavGurung17,ashoswai,1
SumitRa41104371,indian_marathis,1
SumitRa41104371,rishibagree,1
SumitRa41104371,talk2anuradha,1
SumitResearch,BJP4India,1
SumitResearch,BSP4India,1
SumitResearch,MamataOfficial,1
SumitResearch,Mayawati,1
SumitResearch,PMOIndia,1
SumitResearch,RahulGandhi,1
SumitResearch,narendramodi,1
SumitResearch,samajwadiparty,1
SumitResearch,yadavakhilesh,1
Sumitkishorjha6,ShashiTharoor,1
SunilDh19648177,narendramodi,1
SunilKu04715767,Shirinkhan0,1
SunilMi65154911,Aloksharmaaicc,1
SunilMi65154911,BBCWorld,1
SunilMi65154911,BJP4India,1
SunilMi65154911,BJP4Karnataka,1
SunilMi65154911,CNN,1
SunilMi65154911,INC_Television,1
SunilMi65154911,IYC,1
SunilMi65154911,Olympics,1
SunilMi65154911,Pawankhera,1
SunilMi65154911,Phogat_Vinesh,1
SunilMi65154911,SakshiMalik,1
SunilMi65154911,SupriyaShrinate,1
SunilMi65154911,YASMinistry,1
SunilMi65154911,sheela2010,1
SunilMi65154911,wfi_wrestling,1
Sunrise9153,drshamamohd,1
Sunrise9153,narendramodi,1
Surasen3,INCIndia,1
Suren_Para,AlwaysRamCharan,3
Suren_Para,CBC_MIB,3
Suren_Para,HideSunlight,2
Suren_Para,MIB_India,3
Suren_Para,PMOIndia,3
Suren_Para,desh_neel,1
Suren_Para,ianuragthakur,3
Suren_Para,narendramodi,3
Suren_Para,ssrajamouli,3
Suren_Para,tarak9999,3
Suren_Para,ysjagan,2
SureshG44747219,1947democracy,1
SureshG44747219,BJP4India,1
SureshG44747219,narendramodi,1
Sureshm25895789,AjayKum25735423,1
Sureshm25895789,Animesh0,1
Sureshm25895789,BanishedPrime,1
Sureshm25895789,RajDarji11,1
Sureshm25895789,TheJohnAbraham,3
Sureshm25895789,deepikapadukone,3
Sureshm25895789,iamsrk,3
Sureshm25895789,isfakjoya,2
Sureshm25895789,sjlpdr,1
Sureshm25895789,yrf,1
SuryaCh76621674,AltNews,1
SuryaCh76621674,htTweets,1
SuryaCh76621674,pbhushan1,1
SuryaCh76621674,thewire_in,1
SuryaCh76621674,vivekagnihotri,1
Sushant200589,yadavakhilesh,1
SushilRaheja5,Kareena_Kpn1,1
Sushmit26540787,narendramodi,1
SwarajyaMag,ideorogue,1
SwasthikGhate,narendramodi,1
SwellIndia,Vidhi_India,1
Syam_747,RahulGandhi,1
Syam_747,drshamamohd,1
SyedHam80388794,SouthAsiaIndex,1
SyedHam80388794,juvingonsalves,1
THEGK_Media07,Thegkmedia,1
THEROHITNAGPAL,ShivSena,1
THEROHITNAGPAL,narendramodi,1
THHyderabad,ArvindKejriwal,1
THHyderabad,rravikanthreddy,1
THHyderabad,the_hindu,1
TKMitra1958,abpanandatv,1
TOIAhmedabad,narendramodi,1
TabishPavli,RahulGandhi,1
TabishPavli,nagma_morarji,1
Tabrez125,khanumarfa,1
Tabrez125,narendramodi,1
Tabrez125,ndtv,1
Tabrez125,rkhuria,1
Tabrez125,sardesairajdeep,1
Tamilistani,narendramodi,1
TamoorFaisal,narendramodi,1
Tanejalawoffice,sanjivesethi1,1
TanishkPrasad18,AarjavT,1
TanishkPrasad18,aditiraval,1
TanishkPrasad18,narendramodi,1
TanmayP57820532,BBCNews,1
TapanNiraj,narendramodi,1
TariqueHAshraf,RahulGandhi,1
TariqueHAshraf,hatefreeworldX,1
TarunKu51104578,ShashiTharoor,1
TarunRajSingh_,AmitShah,1
TarunRajSingh_,anuraag_saxena,1
TarunRajSingh_,myogiadityanath,1
TarunRajSingh_,narendramodi,1
TarunRajSingh_,santoshgangwar,1
TarunRajSingh_,yuva_kartikey,1
TechTronix15,Indian_Index,1
TehreekeUk,ashoswai,1
Tejatweets9114,naralokesh,1
TelanganaToday,puvvada_ajay,1
TentMakersTips,ACTBrigitte,1
ThangarajMarapp,narendramodi,1
ThangarajMarapp,news7tamil,1
TheDharmicDoc,SanataniGuyy,1
TheEmissaryCo,Periyarporvaal,1
TheEmissaryCo,TheWand68425335,1
TheHeartOfIndia,CNNnews18,1
TheHeartOfIndia,ShatruganSinha,1
TheLeaflet_in,narendramodi,1
ThePlaycardGirl,asadowaisi,1
ThePollsStation,AmitShah,1
ThePollsStation,BJP4India,1
ThePollsStation,myogiadityanath,1
ThePollsStation,narendramodi,1
ThePollsStation,nitin_gadkari,1
ThePollsStation,rajnathsingh,1
TheTradingMonk1,yadavakhilesh,1
TheZenix1,RahulGandhi,1
TheZenix1,narendramodi,1
The_NisHIT,narendramodi,1
The_NisHIT,sambitswaraj,1
The_WiseIdiot,GargaC,1
The_Zionness,BoredMallu,1
The_Zionness,LanaLokteff,1
The_Zionness,NaveenGRao,1
ThebakaitiO,GautamGambhir,1
ThebakaitiO,RahulGandhi,1
ThebakaitiO,ballisticleo,1
ThebakaitiO,brahmin_babe,1
ThebakaitiO,narendramodi,1
Thereis24292258,AngelaRayner,1
Thereis24292258,metpoliceuk,1
ThewOLFwAFA,ShashiTharoor,1
ThinkingGuy6,aashitweetz01,1
ThinkingGuy6,nadircazi,1
ThirdwaveHu,narendramodi,1
Tiger__30,justinbieber,1
Tiger__30,narendramodi,1
Tightexample,DagnyTaggart963,1
Tightexample,MoonofA,1
Tightexample,aydnina_m,1
Tim_Clif,aryadhiraja,1
TimesNow,KarthikIndrAnna,1
TimesNow,navikakumar,1
TimesNow,thenewshour,1
TinkuJi37008557,Declaracion,1
TinkuJi37008557,RahimSh08930225,1
ToooOpinionated,bhogleharsha,1
TotagiR,MeghUpdates,1
Tovarisch_Arpit,Kanthan2030,1
Tovarisch_Arpit,antiwokecom,1
Trendsetting123,GeorgekurianINC,1
TriptiRTiwari,TVMohandasPai,1
TriptiRTiwari,narendramodi,3
TriptiRTiwari,sardesairajdeep,1
Twit_Subroto,BBCWorld,1
Twit_Subroto,Mat96373919,1
Twit_Subroto,alexanderswift,1
UdayDehlvi,SukritBanerjee,1
UdayDehlvi,TheNakedLie,1
UdayDehlvi,catale7a,1
UdayPandeyALB,RahulGandhi,1
UdayPandeyALB,bsindia,1
UdayPandeyALB,narendramodi,1
UdayPandeyALB,surbhigloria,1
UdayRajSinghBo1,RahulGandhi,1
UdayRajSinghBo1,Republic_Bharat,1
UdayRajSinghBo1,TimesNow,1
UdayRajSinghBo1,htTweets,1
UdayRajSinghBo1,narendramodi,1
Uday_Chava,Jairam_Ramesh,1
Uday_Chava,ShashiTharoor,1
UmaTrivedi15,MahuaMoitra,1
UmeshaTweetsAKB,narendramodi,1
UmeshaTweetsAKB,ndtv,1
UmkyDumky,nayyarsohail,1
UmkyDumky,saeedpuran,1
UnagK,mkstalin,1
UnansweredQue16,bhak_sala,1
UnusualMonk,narendramodi,1
UnusualMonk,porinju,1
UsdIndran,Isriramseshadri,1
UsdIndran,SaffronSurge3,1
UtkarshPandey__,BBC,1
UtkarshPandey__,BBCIndia,1
UtkarshV_BJP,BJP4India,1
UtkarshV_BJP,narendramodi,1
UttarrPradesh,narendramodi,1
VVashee,BJP4Karnataka,1
VVashee,IndiaEci,1
VVashee,ceo_karnataka,1
VVashee,narendramodi,1
VVvithlani75,ShashiTharoor,1
Vaisvamitra,LanaLokteff,1
VaratharajanK8,ShineHamesha,1
Varrsha2,barkhatrehan16,1
VarunNautiyal9,AmitShah,1
VarunNautiyal9,narendramodi,1
Vella_Parinda,KapilMishra_IND,1
VenkateshBung,narendramodi,1
Venky_2724,AamAadmiParty,1
VijayCh32329316,kritarthmittal,1
VijayPundhir13,msisodia,1
Vijayhema87,drnigam15,1
Vijayhema87,sagarikaghose,1
VijaysMusings,News18India,1
VijaysMusings,PrashantChurhe,1
VijaysMusings,SabeenaTamang,1
Vikram02413144,championswimmer,2
Vikram02413144,vigneshriyer22,1
Vikram885,ECISVEEP,1
Vikram885,narendramodi,1
Vikram885,timesofindia,1
VikySinghal,AmitShah,1
VikySinghal,ArvindKejriwal,1
VikySinghal,BJP4India,1
VikySinghal,narendramodi,1
Vinay8484,SirPareshRawal,1
Vinay8484,TimesNow,1
Vinay8484,aajtak,1
Vinay8484,indiatvnews,1
Vinay8484,narendramodi,1
VinayKumarTS,Jairam_Ramesh,1
Vinayak1311,News9Plus,1
Vinayak1311,PavanK_Varma,1
Vinayak1311,Suhelseth,1
VinodDJadhav3,AbhiPawarBJP,1
VinodDJadhav3,AmitShah,1
VinodDJadhav3,NazlinShaikh,1
VinodDJadhav3,narendramodi,1
Vinodkds,BBCNews,1
Vinodkds,sumanthraman,1
Vipinya80254115,sarfarazkhan977,1
Virksayss,Mannu5_,2
VirtuousVivek,narendramodi,1
VishalK12407891,BBC,1
VishalK12407891,MahuaMoitra,1
VishalKush_28,BJP4Bengal,1
VishalKush_28,BJP4India,1
VishalKush_28,BJPLive,1
VishalKush_28,KailashOnline,1
VishalKush_28,narendramodi,1
Vishal_FilmBuff,BJP4India,1
Vishal_FilmBuff,narendramodi,2
VishwaMutt,BJP4Karnataka,1
VishwaMutt,INCIndia,1
VishwaMutt,narendramodi,1
VishwaMutt,nsitharaman,1
VisionPakistan,BDUTT,1
VisionPakistan,DeepalTrevedie,1
VisionPakistan,INCIndia,1
VisionPakistan,LangaMahesh,1
VisionPakistan,RahulGandhi,1
VisionPakistan,abhisar_sharma,1
VisionPakistan,anshumanscribe,1
VisionPakistan,ashoswai,1
VisionPakistan,bainjal,1
VisionPakistan,iamnarendranath,1
VisionPakistan,khanumarfa,1
VisionPakistan,mahrukhinayet,1
VisionPakistan,narendramodi,1
VisionPakistan,ravishndtv,1
VisionPakistan,rohini_sgh,1
VisionPakistan,sagarikaghose,1
VisionPakistan,shahfaesal,1
Vivash77,ShashiTharoor,1
VivekDhole,Manik_M_Jolly,1
VivekDhole,SudhanshuTrived,1
VjShanks,thekaipullai,1
VoiceForbidden,ArvindKejriwal,1
VoiceForbidden,BJP4India,1
VoiceForbidden,DrKumarVishwas,1
VoiceForbidden,INCIndia,1
VoiceForbidden,Payal_Rohatgi,1
VoiceForbidden,PiyushGoyal,1
VoiceForbidden,RahulGandhi,1
VoiceForbidden,digvijaya_28,1
VoiceForbidden,narendramodi,1
VoiceForbidden,priyankagandhi,1
VoiceForbidden,rssurjewala,1
VoiceofMegha,srinivasiyc,1
VyasJayprakash,KRRavindran105,1
Wajahat21322487,SAfridiOfficial,1
Wajahat21322487,SDhawan25,1
Wajahat21322487,ShubhamShawarma,1
WakeUpIndia2023,NewsArenaIndia,1
WithINC_1960,HasibaAmin,1
WithINC_1960,RahulGandhi,1
WolverineBhau,GautamGambhir,1
WolverineBhau,narendramodi,1
WorstEngineer,canthinkofuname,1
WorstEngineer,kshashi,1
WritingAnother,voxdotcom,1
Xs2partner,AmitShah,1
Xs2partner,Gods_Hell,1
Xs2partner,ShefVaidya,1
Xs2partner,abhijitmajumder,1
Xs2partner,narendramodi,1
Xs2partner,rahul61146049,1
YGaneshRao,narendramodi,1
Yash33551,narendramodi,1
Yash_NotSo_Jain,ReallySwara,1
Yash_NotSo_Jain,dhruv_rathee,1
YashwanthPNaik,BJP4India,1
YashwanthPNaik,narendramodi,1
YearOfMonk,timesofindia,1
YeshwantMPuran1,AngelaBawa,1
YeshwantMPuran1,Ganeshganee1,1
YeshwantMPuran1,KaffirBaba_2,1
YeshwantMPuran1,KyaaBaatHai,1
YeshwantMPuran1,MODIfied_Pintu,1
YeshwantMPuran1,NamitaJaiHind,1
YeshwantMPuran1,RajKevalya,1
YeshwantMPuran1,SanataniNk_5068,1
YeshwantMPuran1,ShilpaBJP,1
YeshwantMPuran1,Swamy39,1
YeshwantMPuran1,VeerannaSAthan1,1
YeshwantMPuran1,Viirenn_India,1
YeshwantMPuran1,harimishra_mp53,1
YeshwantMPuran1,law_sangeeta,1
YeshwantMPuran1,mindaspeaks,1
YeshwantMPuran1,mithi9876,1
YeshwantMPuran1,narne_kumar06,1
YeshwantMPuran1,nimopoornima,1
YeshwantMPuran1,ragiing_bull,1
YeshwantMPuran1,spoton2022,1
YeshwantMPuran1,varshagautam145,1
YoYOLUCKY3,IAF_MCC,1
YoYOLUCKY3,PMOIndia,1
YoYOLUCKY3,narendramodi,1
YogindramKotta2,Hiranyareta,1
YogindramKotta2,INCIndia,1
YogindramKotta2,ShekharGupta,1
YogindramKotta2,vinod_sharma,1
Yourtoxicguy,Tzar_55,1
Yourtoxicguy,ashoswai,1
Yousuf75912452,YousufNazar,1
ZakAhamed,ShashiTharoor,1
ZakAhamed,kaiwee,1
ZarthostiKomDin,INCIndia,1
ZarthostiKomDin,PMOIndia,1
ZarthostiKomDin,RahulGandhi,1
ZarthostiKomDin,UNHumanRights,1
ZarthostiKomDin,UNWebTV,1
ZarthostiKomDin,fpjindia,1
ZarthostiKomDin,narendramodi,1
ZarthostiKomDin,narendramodi_in,1
ZenaEngineer,dna,1
Zeyylishh21,INCIndia,1
Zeyylishh21,RahulGandhi,1
Zeyylishh21,ShashiTharoor,1
Zeyylishh21,bharatjodo,1
_AMathur,ArvindKejriwal,1
_AMathur,raghav_chadha,1
_A_j_i_t,ANI,2
_A_j_i_t,AsYouNotWish,1
_A_j_i_t,BJP4India,2
_A_j_i_t,CNNnews18,1
_A_j_i_t,INCIndia,2
_A_j_i_t,IndiaToday,1
_A_j_i_t,IndianExpress,1
_A_j_i_t,JhaSanjay,2
_A_j_i_t,PMOIndia,2
_A_j_i_t,RahulGandhi,1
_A_j_i_t,TajinderBagga,2
_A_j_i_t,TimesNow,2
_A_j_i_t,aajtak,1
_A_j_i_t,abpnewstv,1
_A_j_i_t,narendramodi,2
_A_j_i_t,ndtv,1
_A_j_i_t,republic,2
_A_j_i_t,the_hindu,1
_A_j_i_t,theskindoctor13,2
_A_j_i_t,timesofindia,1
_AjayShankar,BBCHindi,1
_AjayShankar,BBCNews,1
_AjayShankar,BBCWorld,1
_Breaking_Newz,Indian_Analyzer,1
_Breaking_Newz,JBS280,1
_Breaking_Newz,narendramodi,1
_Breaking_Newz,vyasa1968,1
_DBlackMamba,desimojito,1
_Gaurav_Sinha,rishibagree,1
_JitendraVarma,narendramodi,1
___67Dawgman,James55056255,1
___67Dawgman,faroebaldur,1
___67Dawgman,thedailyjaws,1
___harish__,NDTVElections,1
___harish__,TNelectionsCEO,1
___harish__,narendramodi,1
_adityavarma,MamataOfficial,1
_adityavarma,SandipB52925625,1
_adityavarma,derekobrienmp,1
_adityavarma,haarshwardhan,1
_adityavarma,narendramodi,1
_ashishrai,RahulGandhi,1
_ashishrai,vineetanews,1
_rupeshmahajan,narendramodi,1
_rupeshmahajan,samajwadiparty,1
aa2eets,INCIndia,1
aa2eets,ashutosh83B,1
aa2eets,narendramodi,1
aadhinaathan,puram_politics,1
aamirriyaz4,JournoMirror,1
aamirriyaz4,KhanAmanatullah,1
aanunim,Tej_AnanthKumar,1
aanunim,narendramodi,1
aavinashchaliha,SrimantSankardb,1
aavinashchaliha,TypoMantri,1
aavinashchaliha,quizzicalguy,1
aavinashchaliha,zoo_bear,1
abdulsarwari92,Shivani_Real,1
abhaya0930,BJP4India,1
abhaya0930,JPNadda,1
abhi93dubey,narendramodi,1
abhi_1294,AskAnshul,1
abhi_1294,InUthdotcom,1
abhi_1294,dhruv_rathee,1
abhi_1294,shubham0718,1
abhi_1294,squintneon,1
abhijeetmmyy,BBC,1
abhijeetmmyy,BBCBreaking,1
abhimanyudas700,narendramodi,1
abhisheksalvank,BBC,1
absh32706034,ANI,1
activefromUSA,AAPExpress,1
activefromUSA,ArvindKejriwal,1
activefromUSA,BJP4India,1
activefromUSA,INCIndia,1
activefromUSA,RSSorg,1
activefromUSA,ashutosh83B,1
activefromUSA,narendramodi,1
adarsh_appa,INCIndia,1
adarsh_appa,IndianExpress,1
adarsh_appa,MamataOfficial,1
adarsh_appa,Mayawati,1
adarsh_appa,OpIndia_com,1
adarsh_appa,astitvam,1
adarsh_appa,nagma_morarji,1
adarsh_appa,narendramodi,3
adhyaksh_jee,KapilMishra_IND,1
adityaloveindia,sajadlone,1
aejaspasha88,KTRTRS,1
afridaiiii,SouthAsiaIndex,1
afsal_sulaikha,AsianetNewsML,1
agarwal_dayaram,narendramodi,1
agniishwari,RahulGandhi,1
ahkath,PDCMDOfficial,1
ahkath,PMOIndia,1
ahkath,narendramodi,1
ahmad_sarwar_,ImranKhanPTI,1
ahmad_sarwar_,anju4444,1
ahmad_sarwar_,mariamsmadness,1
ahmad_sarwar_,narendramodi,1
ahmad_sarwar_,rahulkanwal,1
ahmad_sarwar_,sanjaykanted,1
ahsanbashir2015,AsYouNotWish,1
ahsanbashir2015,CMShehbaz,1
airnews_hyd,INCIndia,1
airnews_hyd,RahulGandhi,1
airnews_hyd,narendramodi,1
aj_it,PMOIndia,1
aj_it,RahulGandhi,1
aj_it,ShashiTharoor,1
aj_it,VishakhCherian,1
aj_it,sampitroda,1
ajaychat555,ZeeNewsHindi,1
ajaychat555,narendramodi,1
ajaychat555,rajnathsingh,1
ajayv80,MinComUSA1,1
ajayv80,theskindoctor13,1
ajayverma2014,BJP4India,1
ajayverma2014,TwitterIndia,1
ajayverma2014,narendramodi,1
ajayverma2014,poonam_mahajan,1
ajithpoojarym,AnilKum30006933,1
ajithpoojarym,AshwiniVaishnaw,1
ajithpoojarym,ChekrishnaCk,1
ajithpoojarym,Gaddapa,1
ajithpoojarym,Tejasvi_Surya,1
akaljotakalbir,BJP4India,1
akaljotakalbir,narendramodi,1
akaljotakalbir,ndtv,1
akash_mahant,AmitShah,1
akash_mahant,BJP4India,1
akash_mahant,narendramodi,1
akhil_131,_PushkaR_,1
akhil_131,mgnayak5,1
akshay_rajvir,PMOIndia,1
akshay_rajvir,narendramodi,1
akshayerathi,Jairam_Ramesh,1
alanfromdoms,Mohansinha,1
alok_tak,ashoswai,1
alok_tak,glob_politics,1
aloktg,ShashiTharoor,1
amCoorgManu,BSBommai,1
amCoorgManu,Lord74891632,1
amCoorgManu,RahulGandhi,2
amCoorgManu,SonOfMagadh,1
amCoorgManu,bharatjodo,1
amCoorgManu,zoo_bear,1
am_monusingh,AmitShah,1
am_monusingh,BJP4India,1
am_monusingh,narendramodi,1
aman1787,RahulGandhi,1
aman2800x,AstroAmigo,1
aman2800x,narendramodi,1
amanjainlodha,MPRakeshSingh,1
amanjainlodha,narendramodi,1
ambhoj_pathak,pnm_pndt,1
amin_palekar,Sagar4BJP,1
amin_palekar,Sathish25101971,1
aminak40,catale7a,1
amirtraveller,AqilIqbal0,1
amirtraveller,Naeem4883046,1
amirtraveller,iihtishamm,1
amirtraveller,itz_zara,1
amit_chuchu,narendramodi,1
amit_chuchu,sambitswaraj,1
amit_malh,ashokkmrsingh,1
amit_malh,indian_nagrik,1
amitgrover27,PMOIndia,1
amitgrover27,narendramodi,1
amitkum00501981,SachinPilot,1
amksocialwork,AmitShah,1
amksocialwork,BJP4India,1
amksocialwork,Dattatreya,1
amksocialwork,KarunaGopal1,1
amksocialwork,RaoMlc,1
amksocialwork,TigerRajaSingh,1
amksocialwork,drlaxmanbjp,1
amksocialwork,kishanreddybjp,1
amksocialwork,narendramodi,1
ammusavithri,reghuvamsom,1
amrit2201,TimesNow,1
amritava_ap,narendramodi,1
anaalhaqq,Leebe199,1
anaalhaqq,PalshikarSuhas,1
anandpur_exile,kamalsinghbrar,1
anandstdas,NewIndianXpress,1
andante147,BettyBowers,1
andrewgawgsfan,RpsAgainstTrump,1
andysept6,ashoswai,1
anechidna,Iam_JKhan,1
anechidna,mjbill2014,1
ani_digital,ANI,1
anils2010,ShekharGupta,1
anils2010,abantika77,1
anilscribe,AmitShah,1
anilscribe,narendramodi,1
anilsharma45,RahulGandhi,1
anilsharma45,SimmiAhuja_,1
anilsharma45,VasundharaBJP,1
anilsharma45,ashokgehlot51,1
anilsharma45,avinashpandeinc,1
anilsharma45,narendramodi,1
anirudhIT,AmitShah,1
anirudhIT,BJP4India,1
anirudhIT,RRanjanBJP,1
anirudhIT,ashokism,1
anirudhIT,diggieraja,1
anirudhIT,narendramodi,1
anirudhIT,navneetanand,1
anisjaved4tweet,CurlyTalesIndia,1
anisjaved4tweet,RahulGandhi,1
ankapawanist,ABdeVilliers17,1
ankit_musk,narendramodi,1
ankit_sinha21,ShashiTharoor,1
ankitmarc08,IndiaToday,1
ankitmarc08,narendramodi,1
ankitmeswani,INCIndia,1
ankitmeswani,RahulGandhi,1
ankitmeswani,narendramodi,2
annunkn,TOIIndiaNews,1
anonymous19ish,BDUTT,1
anonymous19ish,narendramodi,1
anshulsingal,Delhi,1
anshulsingal,chitraaum,1
anshulsingal,haryana,1
anshulsingal,narendramodi,1
anti_corrupt_01,IndiaToday,1
anti_corrupt_01,Pawankhera,1
anti_corrupt_01,aroonpurie,1
anti_corrupt_01,rahulkanwal,1
anti_corrupt_01,surjitbhalla,1
anu0000,abhijitmajumder,1
anu0000,narendramodi,1
anu0000,rajeshkalra,1
anu0000,vikramchandra,1
anubhavt_,narendramodi,1
anupam2r_verma,INCIndia,1
anupam2r_verma,Seems3r,1
anupam2r_verma,narendramodi,1
anupam2r_verma,vivekoberoi,1
aonurag9,Akashkumarjha14,1
archansr,SupriyaShrinate,1
archansr,news24tvchannel,1
arian290360,ndtvindia,1
arjunmeninblue,narendramodi,1
arnav_ganguly,ShashiTharoor,1
arnavsahil7,KaviSrirangan,2
arnavsahil7,nomadiclifes,2
arpithnayak,ShashiTharoor,1
arpitverma10,GameOfThrones,1
arpitverma10,Mayawati,1
arpitverma10,narendramodi,1
arpitverma10,samajwadiparty,1
arpitverma10,yadavakhilesh,1
arram_srinivas,BRSParty_News,1
arram_srinivas,BRSTechCell,1
arram_srinivas,BRSparty,1
arram_srinivas,BTR_KTR,1
arram_srinivas,GulabiDalapati,1
arram_srinivas,KTRTRS,2
arram_srinivas,KTR_News,1
arram_srinivas,KTRoffice,1
arram_srinivas,KonathamDileep,1
arram_srinivas,TSwithKCR,1
arram_srinivas,krishanKTRS,2
arti_sisodia,BJP4India,1
arti_sisodia,PMOIndia,1
arti_sisodia,narendramodi,1
aruntwtz,Chellaney,1
asarpotar,BDUTT,1
asarpotar,narendramodi,1
asarpotar,priyankagandhi,1
ashen1_97,pbhushan1,1
ashen1_97,vivekagnihotri,1
ashish_singh386,BJP4Delhi,1
ashish_singh386,BJP4India,1
ashish_singh386,PMOIndia,1
ashish_singh386,drharshvardhan,1
ashish_singh386,myogiadityanath,1
ashish_singh386,narendramodi,2
ashishgorsi2,amit_skushwaha,1
ashishgorsi2,rishibagree,1
ashokkbhat,amarprasadreddy,1
ashokkbhat,annamalai_k,1
ashutosh5553,NitishKumar,1
ashutosh5553,RahulGandhi,1
ashutosh5553,narendramodi,1
ashwin_vara,MrsGandhi,1
ashwin_vara,narendramodi,1
asraj_iitr,Loneranger9new,1
asriramansri,BJYM,1
asriramansri,Jairam_Ramesh,1
asriramansri,MeghUpdates,1
asrivastva,narendramodi,1
atharva_surse,ShashiTharoor,1
avataram,PolitcsObserver,1
avijeetbbsr,ajitanjum,1
avyukttt,BJP4India,1
ayas_chief,snippper1520,1
ayurveda_sri,AmitShah,1
ayurveda_sri,narendramodi,1
ayurveda_sri,vijayrupanibjp,1
ayushmishra224,GaneshYadavINC,1
ayushmishra224,IYCMaha,1
ayushmishra224,Jairam_Ramesh,1
ayushmishra224,Pawankhera,1
ayushmishra224,RahulGandhi,1
ayushmishra224,SMEETBHAYANI1,1
ayushmishra224,SupriyaShrinate,1
ayushmishra224,ashokgehlot51,1
ayushmishra224,bharatjodo,1
ayushmishra224,mahiyarsharma,1
ayushmishra224,priyankagandhi,1
ayushmishra224,s_afreen7,1
ayushmishra224,sanjaynirupam,1
ayushmishra224,srivatsayb,1
ayushsi8679,_FaridKhan,1
b28k09,BBCNews,1
babacheeta,BJP4India,1
babacheeta,ShashiTharoor,1
babsonabove,DeeOneAyekooto,1
babubatla,Ankitaker2,1
babubatla,BJP4India,1
babubatla,OwaizBhutto,1
babubatla,narendramodi,1
babuji_philip,rishibagree,1
babuji_philip,shubhshaurya1,1
backupamit,SudhanshuTrived,1
badalohm,Dev_Fadnavis,1
badalohm,narendramodi,1
badandroid2,GBRChris_A,1
badandroid2,MichaelLCrick,1
badandroid2,ReillyCusick,1
bahraichse,BJP4India,1
bahraichse,News18UP,1
bahraichse,RahulGandhi,1
bahraichse,amitabhnews18,1
bahraichse,narendramodi,1
bailedcookie,INCIndia,1
baisakhisaini,BJP4India,1
baisakhisaini,BJPLive,1
baisakhisaini,MajorPoonia,1
baisakhisaini,narendramodi,1
bajredaasita,Abhishek1o11,1
bajredaasita,Sports_Himanshu,1
balumahendra_v,Jairam_Ramesh,1
baniyyaaa,Arnavkanungo2,1
baniyyaaa,taran_adarsh,1
banuprakashas,LambaAlka,1
banuprakashas,NayakRagini,1
banuprakashas,Rahul_ForPM,1
banuprakashas,Rajasthan_PYC,1
banuprakashas,SupriyaShrinate,1
banuprakashas,srinivasiyc,1
bbright_AiBobo,Millie_Bbright,1
bela_pal,AmitShah,1
bela_pal,DrMNPandeyMP,1
bela_pal,SushmaSwaraj,1
bela_pal,drdineshbjp,1
bela_pal,kpmaurya1,1
bela_pal,myogiadityanath,1
bela_pal,narendramodi,1
bengani,BJP4India,1
bengani,INCIndia,1
bengani,RahulGandhi,1
bengani,narendramodi,1
bengapinto,BDUTT,1
bengapinto,INCIndia,1
bengapinto,KPadmaRani1,1
bengapinto,RahulGandhi,1
bengapinto,dhruv_rathee,1
bengapinto,narendramodi,1
bengapinto,rssurjewala,1
bhadraloka1,gopal__goudiyo,1
bharatkashmir,Swamy39,1
bharatkashmir,mm_0774,1
bharatputra1973,kavita_krishnan,1
bharatputra1973,narendramodi,1
bhargav_mitra,ShashiTharoor,1
bhargav_mitra,news24tvchannel,1
bhavin614,JhaSanjay,1
bhoo_sene,Indian_Analyzer,1
bhoo_sene,RashtraNow,1
bhushankalmane,rishibagree,1
bibhutwitts,BBC,1
bibhutwitts,Jeremy_Hunt,1
bibhutwitts,RishiSunak,1
bibhutwitts,shekharkapur,1
bidonkules,BretBaier,1
bidonkules,NikkiHaley,1
bidonkules,ShannonBream,1
bigboon11,Mayawati,1
bigboon11,news24tvchannel,1
bigboon11,shardulvnishad,1
biharigurl,keyakahe,1
bindaasalpam,narendramodi,1
binitasahu2,narendramodi,1
bishnoi_bikaner,narendramodi,1
brandlytics,rishibagree,1
buravllei,MilinDesai05,1
buravllei,RahulGandhi,1
buravllei,myogiadityanath,1
buravllei,narendramodi,1
buravllei,sambitswaraj,1
buravllei,sanjaysp8888,1
buravllei,smritiirani,1
businessline,JPNadda,1
businessline,poornimajoshi72,1
caarpit83,AmitShah,1
caarpit83,DilipGhoshBJP,1
caarpit83,KailashOnline,1
caarpit83,MamataOfficial,1
caarpit83,MukulR_Official,1
caarpit83,ShefVaidya,1
caarpit83,SrBachchan,1
caarpit83,SuPriyoBabul,1
caarpit83,VijayaRahatkar,1
caarpit83,me_locket,1
caarpit83,narendramodi,1
candygirlsmp3,batmanjuul,1
cavivekbaranwal,JhaSanjay,1
ccredited_,HarshBeliever,1
ccredited_,hiphopsamhy,1
ccredited_,niiravmodi,1
champrose,AmitShah,1
champrose,BJP4India,1
champrose,MuslimBjp,1
champrose,arunjaitley,1
champrose,bjpup_,1
champrose,narendramodi,1
champrose,rajnathsingh,1
champrose,yogiaditynathCM,1
chandrikawins,Memeghnad,1
channel_sahi,majorgauravarya,1
chhotalannister,minimathur,1
chinmay_kelkar,MazherArshad,1
chinmay_kelkar,zmms2004,1
chnharish,narendramodi,1
chrteja9,Beamish___,1
cjayanetti,Samfr,1
cjayanetti,benwansell,1
cjspew1,wyonaf,1
cmbhaiya,PeiperJohn,1
cmbhaiya,Peter_Nimitz,1
cmbhaiya,leerdasmeer,1
confess2gaurav,RanaAyyub,1
confess2gaurav,TusharG,1
cosmicstarbabe7,CreditPremiere,1
cosmicstarbabe7,warriors,1
cschetansingh2,KirenRijiju,1
ctwNLtDBbjcJb1j,DeepikaSRajawat,1
ctwNLtDBbjcJb1j,Sandeep71121431,1
ctwNLtDBbjcJb1j,tkwmag,1
d944296e27934e3,palkisu,1
dBaliyan,Akshaysinghel,1
dBaliyan,AmitShah,1
dBaliyan,BJP4Bengal,1
dBaliyan,BJP4India,1
dBaliyan,ECISVEEP,1
dBaliyan,Punitspeaks,1
dBaliyan,SharmaKhemchand,1
dBaliyan,TajinderBagga,1
dBaliyan,amitmalviya,1
dBaliyan,amritabhinder,1
dBaliyan,iSanjuktaP,1
dBaliyan,narendramodi,1
dBaliyan,rajnathsingh,1
dBaliyan,rishbagree,1
dBaliyan,sampadscales,1
dBaliyan,subratowb,1
dBaliyan,ujjwalpareek,1
dBaliyan,vickyagarwall,1
dKNAIR4BJP,1mdkhan,1
dKNAIR4BJP,ANI,1
dKNAIR4BJP,AjuMaaza,1
dKNAIR4BJP,DGSSB,1
dKNAIR4BJP,KPadmaRani1,1
dKNAIR4BJP,NIA_India,1
dKNAIR4BJP,Nir0909,1
dKNAIR4BJP,PrafullaDeshmuk,1
dKNAIR4BJP,ShahabJafri55,1
dKNAIR4BJP,Subytweets,1
dKNAIR4BJP,TanvirSalim1,1
dKNAIR4BJP,TimesNow,1
dKNAIR4BJP,VazeIndian,1
dKNAIR4BJP,VinayDokania,1
dKNAIR4BJP,ZeeNews,1
dKNAIR4BJP,adgpi,1
dKNAIR4BJP,aftabcalm,1
dKNAIR4BJP,arindam0205,1
dKNAIR4BJP,choyyan,1
dKNAIR4BJP,crpfindia,1
dKNAIR4BJP,harmony1960,1
dKNAIR4BJP,kirti_sd,1
dKNAIR4BJP,m_ishaque3,1
dKNAIR4BJP,maqbool_sm,1
dKNAIR4BJP,narendramodi,1
dKNAIR4BJP,priyapyadav18,1
dKNAIR4BJP,sanjayuvacha,1
dKNAIR4BJP,tshamsi88,1
dKNAIR4BJP,yusufiosys,1
d_moinak,RahulGandhi,1
danderup2,GovRonDeSantis,1
danishjmk,BrutIndia,1
danishjmk,DrHarshit5,1
dattatembare,prakashraaj,1
dave_001977,DGCAIndia,1
dave_001977,IndiGo6E,1
dave_001977,priyankac19,1
dcnknk,ShashiTharoor,1
ddhruvgupta,INCIndiaLive,1
deBruyneBurner,FilmUpdates,1
deBruyneBurner,GingerSwizz,1
deReservation,BJP4India,1
deReservation,narendramodi,1
debasmitashankr,pratik80s,1
debjyoty2001,TheLallantop,1
deepalisriv,BuzzFeed,1
deepalisriv,CristinaAmpil,1
deepalisriv,izzyampil,1
deepika_joshi88,jordanbpeterson,1
deepika_joshi88,prenkuchan,1
def__init__e,30de2e4d6c4f416,1
def__init__e,_pallavighosh,1
degreecalvin,narendramodi,1
degreecalvin,rohini_sgh,1
deshbhakt_tdb,AnkitSomani145,1
deshbhakt_tdb,Babu_Bhaiyaa,1
deshbhakt_tdb,IndiaToday,1
deshbhakt_tdb,RahulGandhi,1
deshbhakt_tdb,SwetaSinghAT,1
deshbhakt_tdb,aajtak,1
deshbhakt_tdb,anjanaomkashyap,1
deshbhakt_tdb,aroonpurie,1
deshbhakt_tdb,mailtodjoshi,1
deshbhakt_tdb,rahulkanwal,1
deshbhakt_tdb,rajchengappa,1
deshbhakt_tdb,sardanarohit,1
deshbhakt_tdb,sardesairajdeep,1
devilishangelps,BJP4India,1
devilishangelps,INCIndia,1
devilishangelps,LogicalIndians,1
devilishangelps,narendramodi,1
dezinrs_passion,PMOIndia,1
dezinrs_passion,ShahidN83085724,1
dezinrs_passion,Straightspeak,1
dezinrs_passion,SwedishPM,1
dezinrs_passion,ashoswai,1
dhaknesuraj123,majorgauravarya,1
dhar_kk,JhaSanjay,1
dhartiputra_,rohanduaT02,1
dhavalsoni1414,KoladiyaBhavesh,1
dhavalsoni1414,narendramodi,1
dhillonbharat20,DeependerSHooda,1
dhillonbharat20,rohini_sgh,1
dhirajsgupta,PMOIndia,1
dhirajsgupta,manojsinhabjp,1
dhirajsgupta,narendramodi,1
digitalsanghii,BesuraTaansane,1
digitalsanghii,SudhanshuTrived,1
dilliwaalaa,AmitShah,1
dilliwaalaa,BJP4India,1
dilliwaalaa,SushmaSwaraj,1
dilliwaalaa,arunjaitley,1
dilliwaalaa,narendramodi,1
dilliwaalaa,sambitswaraj,1
dilse09063661,ArvindKejriwal,1
dilse09063661,narendramodi,1
dilse09063661,swatisachdeva_,1
dineshjk,DeeptiSachdeva_,1
dineshjk,RahulGandhi,1
dineshjk,narendramodi,1
diptidange,AmitShah,1
diptidange,BJP4India,1
diptidange,CantstopulovinM,1
diptidange,ChoubeyLokesh,1
diptidange,Dev_Fadnavis,1
diptidange,ECISVEEP,1
diptidange,Indianit07,1
diptidange,JaiMaBharati,1
diptidange,MVenkaiahNaidu,1
diptidange,MonarkMistry,1
diptidange,Mukeshreal02,1
diptidange,PiyushGoyal,1
diptidange,PiyushGoyalOffc,1
diptidange,PmRbarGNMmCt2Zn,1
diptidange,Prakash12Joshi,1
diptidange,RaginiLaheri,1
diptidange,RahulGandhi,1
diptidange,Raj_1050,1
diptidange,Rakesh25182,1
diptidange,RekhaRawal6,1
diptidange,RssL347,1
diptidange,SMungantiwar,1
diptidange,SushmaSwaraj,1
diptidange,Swamy39,1
diptidange,abhi555523,1
diptidange,ankurshah077077,1
diptidange,ccpujari,1
diptidange,dhirajkpandey56,1
diptidange,dubeypushpkant,1
diptidange,gujarat_ki_hawa,1
diptidange,hindurashtrwadi,1
diptidange,iSwapnilpathre,1
diptidange,indiatvnews,1
diptidange,jspandey_,1
diptidange,kishan_BJP_salt,1
diptidange,mahendra24_,1
diptidange,narendramodi,1
diptidange,nia_rawat,1
diptidange,nivi_saxena,1
diptidange,pandit_rss,1
diptidange,rclcpa4,1
diptidange,republic,1
diptidange,sardanarohit,1
diptidange,sudhirchaudhary,1
diptidange,sureshpprabhu,1
diptidange,vishwaaguru,1
diptidange,wani_darshan,1
dixit22_,JantaKaReporter,1
dixit22_,OpIndia_com,1
dixit22_,thewire_in,1
dkdubey11,ECISVEEP,1
dkdubey11,narendramodi,1
dlakhan369,pillai_adithya,1
dmix054,BBCPolitics,1
doc_adnan,FIH_Hockey,1
doc_adnan,LoveWithockey,1
doc_adnan,PHFOfficial,1
doc_adnan,Pavit69696412,1
doc_adnan,SiggyAikman,1
doc_adnan,affan_naseem,1
doc_adnan,asia_hockey,1
doctor_csr,narendramodi,1
dontstageit,PMOIndia,1
dontstageit,RahulGandhi,2
dontstageit,TimesNow,1
dontstageit,abpnewstv,1
dontstageit,dood,1
dontstageit,mlkhattar,1
dontstageit,narendramodi,2
dontstageit,republic,1
dontstageit,sagarikaghose,1
dr_arunkgupta,ArvindKejriwal,1
draj8910,ShashiTharoor,1
drdeepakr5,narendramodi,1
drianand1,ShashiTharoor,1
drjhavn1,INCIndia,1
drjhavn1,PMOIndia,1
drjhavn1,TimesNow,1
drjhavn1,scribe_prashant,1
drjknanda,INCIndia,1
drjknanda,INCIndiaLive,1
drjknanda,Jairam_Ramesh,1
drjknanda,RahulGandhi,1
drjknanda,ShashiTharoor,1
drjknanda,kharge,1
drjknanda,priyankagandhi,1
drnitinchaube,CNNnews18,2
drnitinchaube,NitishKumar,1
drnitinchaube,ShatruganSinha,1
drnitinchaube,narendramodi,2
drnitinchaube,payalmehta100,1
drnitinchaube,prabhakarjourno,1
drnitinchaube,rsprasad,1
drnitinchaube,yadavtejashwi,1
drrinadas,BJP4India,1
drrinadas,ColTekpal,1
drrinadas,PMOIndia,1
drrinadas,jaisingh_hada,1
drrinadas,narendramodi,1
drsanjaymayukh,BJP4India,1
drshamamohd,CNNnews18,1
drshamamohd,INCIndia,1
drshamamohd,nitin_gadkari,1
ds1606293,AbhishBanerj,1
duckbyface,BJP4India,1
duckbyface,Cynical_Comment,1
duckbyface,mxtaverse,1
eFucka,pareek_ambika7,1
eaglessatish,BJP4India,1
eccentricraj,Aarogyasri_TS,1
eccentricraj,AllegedLowbrow,1
eccentricraj,AmitShah,1
eccentricraj,Deepali_Dwivedi,1
eccentricraj,INCIndia,1
eccentricraj,JPNadda,1
eccentricraj,KTRTRS,1
eccentricraj,KTRoffice,1
eccentricraj,NaMo_SARKAAR,1
eccentricraj,RahulGandhi,1
eccentricraj,RaoKavitha,1
eccentricraj,ShivaniGupta_5,1
eccentricraj,Supriya23bh,1
eccentricraj,amitmalviya,1
eccentricraj,deepakpandeyazm,1
eccentricraj,harishvnair1,1
eccentricraj,myogiadityanath,1
eccentricraj,narendramodi,2
eccentricraj,nirbhaisingh07,1
eccentricraj,sachinpadma1,1
eccentricraj,sakshijoshii,1
eccentricraj,sambitswaraj,1
eccentricraj,siddhinath,1
eccentricraj,ssingapuri,1
eccentricraj,tehseenp,1
eccentricraj,vishakhatalreja,1
eclecticinvestr,bainjal,1
eclecticinvestr,narendramodi,1
eclecticinvestr,rajnathsingh,1
eclecticinvestr,sambrani,1
economy_ak,BJP4India,1
economy_ak,INCIndia,1
economy_ak,RSSorg,1
economy_ak,RahulGandhi,1
economy_ak,SinghPramod2784,1
economy_ak,narendramodi,1
edition_indian,tandfonline,1
embii77,Akshita_N,1
embii77,IndiaToday,1
embii77,PreetiChoudhry,1
embii77,Rahulshrivstv,1
embii77,ShivAroor,1
embii77,gauravcsawant,1
embii77,sardesairajdeep,1
evasec93,dr_maheshsharma,1
evasec93,narendramodi,1
exBJP23,KTRTRS,1
exBJP23,ashajadeja325,1
faroebaldur,James55056255,1
faroebaldur,___67Dawgman,1
faroebaldur,thedailyjaws,1
fayadq8,sanket,1
fighter_toad,umda_panktiyan,1
fightforright,narendramodi,1
filterkaapimama,narendramodi,1
firdfard1,sreenshri,1
flash_gypsy,narendramodi,1
foodietweeter,AnamAliPrayer,1
foodietweeter,INCIndia,1
foodietweeter,RahulGandhi,1
foodietweeter,bharatjodo,1
forexmayhem,RahulGandhi,1
forexmayhem,narendramodi,1
forexmayhem,sagarikaghose,1
forexmayhem,sardesairajdeep,1
fragflow8,A2Ramesh,1
fragflow8,majorgauravarya,1
fraktosh,hvgoenka,1
frankhuzur,narendramodi,1
freeesam,OfficialAPCNg,1
freeesam,gchahal,1
freeesam,officialABAT,1
g_ashvathkumar,ArvindKejriwal,1
g_ashvathkumar,pawanojhatech,1
g_ashvathkumar,shalabhmani,1
gaganbakshi4,PMOIndia,1
gaganbakshi4,narendramodi,1
gaganbakshi4,narendramodi_in,1
ganeshpp,arungiri,1
gargiMu48960835,NitishKumar,1
gargiMu48960835,gyantiwaribjp,1
gauravkolekar,RajThackeray,1
gauravkolekar,anandmahindra,1
geeta5579,narendramodi,1
geoffspark1,RanbirS11414092,1
ghoshkk,IndianExpress,1
ghoshkk,LambaAlka,1
ghoshkk,MahuaMoitra,1
ghoshkk,NayakRagini,1
ghoshkk,RahulGandhi,1
ghoshkk,Rahul_ForPM,1
ghoshkk,Rajasthan_PYC,1
ghoshkk,SupriyaShrinate,1
ghoshkk,narendramodi,1
ghoshkk,saileenas,1
ghoshkk,srinivasiyc,1
ghouse3t,KTRTRS,1
gkakde,MeghUpdates,1
gkakde,SubbaRaoTN,1
globalsitizn,MIB_India,1
globalsitizn,internetfreedom,1
goldenarcher,bharatjai,1
goldenarcher,narendramodi,1
goodwaycpl,DineshKumarLive,1
gopalrs,omarali50,1
gops_inc,RahulGandhi,1
gopsm93,arunpudur,1
greatganesh,BJP4India,1
greatganesh,narendramodi,1
greatganesh,nitin_gadkari,1
groove6150,GeorgePapa19,1
grtshakers,narendramodi,1
gtyagig,yogyKS,1
guardian_indian,ANI,1
guardian_indian,dipak_kSingh,1
gunnymikawa1,AbhimanyuP00NIA,1
gunnymikawa1,CHOTIWALA,1
gunnymikawa1,MukeshBhakar_,1
gunnymikawa1,MutumSarma,1
gunnymikawa1,RahulGandhi,1
gunnymikawa1,RamniwasGawriya,1
gunnymikawa1,SushilAsopa,1
gunnymikawa1,mlanirmal,1
gunnymikawa1,rameshmeena63,1
gunnymikawa1,suchitraarya,1
gunnymikawa1,vaibhav__iyc,1
gunnymikawa1,waqyounis99,1
gurudutt19,Indian_Analyzer,1
gurunathnm,JhaSanjay,1
h22shah,narendramodi,1
haRShaL_9ghare,tush_2708,1
haRShaL_9ghare,vivekagnihotri,1
harsha85,AmitShah,1
harsha85,BJP4Karnataka,1
harsha85,M_Lekhi,1
harsha85,ShobhaBJP,1
harsha85,TVMohandasPai,1
harsha85,amritabhinder,1
harsha85,bjparvind,1
harsha85,davidfrawleyved,1
harsha85,divyaspandana,1
harsha85,drashwathcn,1
harsha85,narendramodi,1
harsha85,rajeev_mp,1
harshit5259,Memeghnad,1
harshkpatel90,Deepakkhatri812,1
hasanmahmudul15,AmitShah,1
hasanmahmudul15,BJP4India,1
hasanmahmudul15,narendramodi,1
hayat_hasan11,moderatemoslem,1
helloitsmerajiv,Indian_Analyzer,1
hemanthkumarp1,ShashiTharoor,1
hemantmeshram,narendramodi,1
hemantmeshram,thewire_in,1
heyitsRehan,AcharyaPramodk,1
heyitsRehan,BasantA49182115,1
highonhiraeth,BorisJohnson,1
highonhiraeth,ellenbounds,1
highonhiraeth,sven111,1
himansh99626848,drajoykumar,1
himanshoo_kh,Sohaaaaaaam,1
hpocrsydemocrsy,Ethirajans,1
hpocrsydemocrsy,Tushar15_,1
humanwithfacts,ReallySwara,1
humanwithfacts,Soni_Razdan,1
humblelearner80,Jairam_Ramesh,1
humblelearner80,MirYanaSY,1
humblelearner80,RahulGandhi,1
humblelearner80,drshamamohd,1
humblelearner80,narendramodi,1
hutomp,AITCofficial,1
hutomp,BJP4India,2
hutomp,INCIndia,1
hvrayalala,AtishiAAP,1
hvrayalala,KTRTRS,1
hvrayalala,SyedHazeena,1
hvrayalala,TRBRajaa,1
hvrayalala,aartic02,1
hvrayalala,manojdhopchandi,1
hvrayalala,pbhushan1,1
hvrayalala,prakashraaj,1
hvrayalala,ysathishreddy,1
hvrayalala,zoo_bear,1
hw_renewe,LambaAlka,1
hw_renewe,NayakRagini,1
hw_renewe,Rahul_ForPM,1
hw_renewe,Rajasthan_PYC,1
hw_renewe,SupriyaShrinate,1
hw_renewe,kim9973,1
hw_renewe,narendramodi,1
hw_renewe,srinivasiyc,1
iDRaajS,AmitShah,1
iDRaajS,AniruddhaRSS,1
iDRaajS,ArunKumRSS,1
iDRaajS,AshwiniUpadhyay,1
iDRaajS,DrMohanBhagwat,1
iDRaajS,JPNadda,1
iDRaajS,KGopalRSS,1
iDRaajS,KirenRijiju,1
iDRaajS,ManmohanVaidya,1
iDRaajS,PMOIndia,1
iDRaajS,narendramodi,1
iMahiShrivastav,BJP4India,1
iMahiShrivastav,MinGirishBapat,1
iMahiShrivastav,narendramodi,1
iNishant4,narendramodi,1
iNormanDsouza,narendramodi,1
iSpeedySingh,BJP4India,1
iSpeedySingh,ianuragthakur,1
iSpeedySingh,namomerchandise,1
iSpeedySingh,narendramodi,1
iSpeedySingh,narendramodi_in,1
i_Bharatiy,republic,1
i_amsubham,BJP4India,1
i_amsubham,PMOIndia,1
i_amsubham,narendramodi,1
iabhishektyagi,JhaSanjay,1
iabhishektyagi,RahulGandhi,1
iabhishektyagi,narendramodi,1
iamChiefTwit,AnoushkaAgain,1
iamChiefTwit,menmainusama,1
iamChiefTwit,mssakshinarula,1
iamTapanPandya,AmitShah,1
iamTapanPandya,ArvindKejriwal,1
iamTapanPandya,BJP4India,1
iamTapanPandya,INCIndia,1
iamTapanPandya,RahulGandhi,2
iamTapanPandya,SanaKha05051478,1
iamTapanPandya,TV9Bharatvarsh,1
iamTapanPandya,TajinderBagga,1
iamTapanPandya,narendramodi,5
iamTapanPandya,shraddha_sengar,1
iamZzubair,narendramodi,1
iam_Shrvs,BBCWorld,1
iam_arjunk,pnm_pndt,1
iam_vipingupta,BJP4India,1
iam_vipingupta,narendramodi,1
iamadate,RahulGandhi,1
iamaw3sam,TheLallantop,1
iamaw3sam,euronews,1
iamaw3sam,janmitra,1
iamaw3sam,kanhaiyakumar,1
iamaw3sam,narendramodi,1
iamaw3sam,ndtvindia,1
iamaw3sam,sanjay_bittu,1
iamaw3sam,thewire_in,1
iamdebashis_,dpkpillay12,1
iamdipsi,AbhilashM_BLR,1
iamdipsi,AnjanPDubey,1
iamdipsi,BBMPCOMM,1
iamdipsi,BBMP_MAYOR,1
iamdipsi,BJP4India,1
iamdipsi,BJP4Karnataka,1
iamdipsi,CMofKarnataka,1
iamdipsi,CPCB_OFFICIAL,1
iamdipsi,C_P_Gurnani,1
iamdipsi,CentralIfs,1
iamdipsi,DrParameshwara,1
iamdipsi,ECityRising,1
iamdipsi,IFS_Karnataka,1
iamdipsi,IFS_Officers,1
iamdipsi,INCIndia,1
iamdipsi,INCKarnataka,1
iamdipsi,Lnk2goldy,1
iamdipsi,NagNaidu08,1
iamdipsi,OommenSachin,1
iamdipsi,PMOIndia,1
iamdipsi,ParveenKaswan,1
iamdipsi,PranayDubey22,1
iamdipsi,RNTata2000,1
iamdipsi,Randeep_Dev,1
iamdipsi,TCS,1
iamdipsi,Vasanth_IFS,1
iamdipsi,anandmahindra,1
iamdipsi,csogok,1
iamdipsi,dipika_bajpai,1
iamdipsi,hd_kumaraswamy,1
iamdipsi,ifs_yedukondalu,1
iamdipsi,kelekachilka,1
iamdipsi,mani1972ias,1
iamdipsi,meommishra,1
iamdipsi,narendramodi,1
iamdipsi,prernabc,1
iamdipsi,raj_shekhar86,1
iamdipsi,tech_mahindra,1
iamdipsi,techmahindracsr,1
iamparshantgarg,narendramodi,1
iampawannathani,aditya_kondawar,1
iamprs_,BJP4India,1
iamprs_,PMOIndia,1
iamprs_,PiyushGoyal,1
iamprs_,YRDeshmukh,1
iamprs_,narendramodi,1
iamprs_,rsprasad,1
iamshyaka,NewsX,1
iamsudhish,RahulGandhi,1
iamsudhish,ashokepandit,1
iamsudhish,coolfunnytshirt,1
iamsudhish,narendramodi,1
ians_india,Jairam_Ramesh,1
icgorak,BJP4India,1
icgorak,RahulGandhi,1
icgorak,sagarikaghose,1
idcmybfftaylor,mirroredivy,1
ideajay,ndtv,1
im18zubs,Junaidbhat09,1
imPnarodiya,narendramodi,1
im_Aman101,narendramodi,1
im_SUpadhyay,BJP4India,1
im_SUpadhyay,ZeeNews,2
im_SUpadhyay,myogiadityanath,2
im_SUpadhyay,narendramodi,1
im_SUpadhyay,ndtv,1
im_SUpadhyay,nitin_gadkari,1
im_SUpadhyay,sardanarohit,2
im_SUpadhyay,smritiirani,1
imanishag,INCIndia,1
imanishag,ZeeNewsHindi,1
imanishag,narendramodi,1
imarunaksh,narendramodi,1
imastermindian,narendramodi,1
imharit,narendramodi,1
imjassi16,RahulGandhi,1
imjassi16,abhisar_sharma,1
imjassi16,narendramodi,1
imjassi16,sampitroda,1
imjassi16,sardesairajdeep,1
impiyushpareek,Mayor_jaipur,1
impiyushpareek,narendramodi,1
imri2,CMofKarnataka,1
imri2,IndiaEci,1
imri2,PMOIndia,1
imri2,TimesNow,1
imri2,narendramodi,1
imri2,ndtv,1
imri2,republic,1
imrishiiii,BBCPolitics,1
imrishiiii,Jairam_Ramesh,1
imrohitjaiswal,RahulGandhi,1
imsandeep_malik,BJP4India,1
imsandeep_malik,arunjaitley,1
imsunkrish,AmitShah,1
imsunkrish,BJP4India,1
imsunkrish,RahulGandhi,1
imsunkrish,narendramodi,1
imsunkrish,tinucherian,1
indian_better,jessievbreugel,1
indian_citiz_en,MahuaMoitra,1
indian_helpless,OpIndia_com,1
indiangary,TajinderBagga,1
indumalhotra3,BesuraTaansane,1
indumalhotra3,ZavierIndia,1
iprateekchauhan,DrRPNishank,1
iprateekchauhan,narendramodi,1
iprateekchauhan,tsrawatbjp,1
ishaniis,BJP4India,1
ishaniis,BJP4Rajasthan,1
ishaniis,Ra_THORe,1
ishaniis,narendramodi,1
ishanviindian,BJP4India,1
ishanviindian,INCIndia,1
ishanviindian,RahulGandhi,1
ishanviindian,SushmaSwaraj,1
ishanviindian,narendramodi,1
ishanviindian,rajnathsingh,1
ishanviindian,sambitswaraj,1
itchy_dan,MelissaMbarki,1
itsHimeshgupta,narendramodi,1
itsSurajit,RahulGandhi,1
itsSurajit,cryptokanoon,1
itsSurajit,narendramodi,1
its_shobhit,SwatiJaiHind,1
its_shobhit,The_Mooknayak,1
itss_sengupta,GourabGhoshRG,1
itss_sengupta,NonantelBong2,1
jafery_dr,CNN,1
jafery_dr,IndiaToday,1
jafery_dr,IndianExpress,1
jafery_dr,PMOIndia,1
jafery_dr,POTUS,1
jafery_dr,SenateDems,1
jafery_dr,avidandiya,1
jafery_dr,gulf_news,1
jafery_dr,husainhaqqani,1
jafery_dr,khaleejtimes,1
jafery_dr,narendramodi,1
jafery_dr,washingtonpost,1
jaideeppangha07,daisy_naqaib,1
jaimakamakhya,DeepikaSRajawat,1
jaindd2002,jaavedjaaferi,1
jaindd2002,narendramodi,1
jaipratapjaipee,narendramodi,1
jambubharat,DRDO_India,1
jambubharat,narendramodi,1
janmejaykumar,AK_Inspire,1
jaswantsk16,Jairam_Ramesh,1
javedAh81780677,RahulGandhi,1
jayadeva2003,ShashiTharoor,1
jeffrowbodean69,hakeemjeffries,1
jgopikrishnan70,IndianExpress,1
jhamk21,tandfonline,1
jitengajaria,TusharG,1
joana58185712,TimesNow,1
joerave,Grofers,1
joerave,akshat54,1
joerave,albinder,1
joerave,theknownface,1
joesaggar,SharanyaMunsi,1
joesaggar,ShekharGupta,1
joglekarsaurabh,narendramodi,1
john44023,carolvorders,1
jonathanalal,ECISVEEP,1
jonathanalal,IndianExpress,1
jonathanalal,narendramodi,1
josephadsouza,B5001001101_,1
journosden,INCIndia,1
journosden,RahulGandhi,1
jsreenivasa,BJP4India,1
jsreenivasa,RahulGandhi,1
jsreenivasa,narendramodi,1
junglijalebi,ArvindKejriwal,1
justin23448669,priyankagandhi,1
justin23448669,timesofindia,1
jvidyasagar,IPL,1
jvidyasagar,narendramodi,1
jvidyasagar,rajnathsingh,1
jyothijonnala28,ANI,1
jyothijonnala28,MumbaiPolice,1
jyothijonnala28,republic,1
jyothijonnala28,sudhirchaudhary,1
jyoti_kothari,RahulGandhi,1
jyoti_kothari,narendramodi,2
jyoti_kothari,nsitharaman,1
jyoti_kothari,rajnathsingh,1
jyoti_shah4758,thejournorator,1
kaapi_angadi,narendramodi,1
kalpak007,narendramodi,3
kamagonivamshi,BCCI,1
kamagonivamshi,BCCIWomen,1
kamagonivamshi,IPL,1
kamagonivamshi,JayShah,1
kamagonivamshi,viacom18,1
kapoor98352376,rishibagree,1
karthibalaviki,IndianExpress,1
karthibalaviki,PChidambaram_IN,1
karthikgokul9,Eman_070,1
kartik26280,pbhushan1,1
kauschiku,AlankarSawai,1
kauschiku,Jairam_Ramesh,1
kauschiku,Pawankhera,1
kauschiku,digvijaya_28,1
kauschiku,priyankagandhi,1
kauschiku,vidyarthee,1
kaustavsharma,abhisar_sharma,1
kaustavsharma,bainjal,1
kavita_tewari,narendramodi,1
kaysninef,BJP4India,1
kaysninef,narendramodi,1
kazimtweets,BJP4India,1
keencrack,AmitShah,1
keencrack,AmitShahOffice,1
keencrack,BJP4India,1
keencrack,PMOIndia,1
keencrack,narendramodi,1
keencrack,narendramodi_in,1
kesav_t,PMOIndia,1
keval_magiya,AnupamPKher,1
keval_magiya,BJP4India,1
keval_magiya,RahulGandhi,1
keval_magiya,anuragkashyap72,1
keval_magiya,chintan1310,1
keval_magiya,kunalkamra88,1
keval_magiya,narendramodi,1
keval_magiya,one_by_two,1
keval_magiya,prakashraaj,1
keval_magiya,sherryontopp,1
khaganadh,sakshinews,1
khaganadh,the_hindu,1
khan_riyajul,asadowaisi,1
khanqadir12,GauravPandhi,1
khatri_shantanu,RahulGandhi,1
khatri_shantanu,SmritiIraniOffc,1
khatri_shantanu,SushmaSwaraj,1
khatri_shantanu,narendramodi,1
khatriyasourav,DailyhuntApp,1
khatriyasourav,HinaRKhar,1
khatriyasourav,SriSri,1
khatriyasourav,TGBLIndia,1
khatriyasourav,business_today,1
khatriyasourav,rahulkanwal,1
khels2u,INCIndia,1
khels2u,RahulGandhi,1
khels2u,Twitter,1
khels2u,aajtak,1
khels2u,anjanaomkashyap,1
khels2u,indiatvnews,1
khels2u,rishibagree,1
khonasunil,BJP4India,1
khonasunil,Central_Railway,1
khonasunil,Gmwrly,1
khonasunil,NehalShahBJP,1
khonasunil,PiyushGoyal,1
khonasunil,PiyushGoyalOffc,1
khonasunil,RailMinIndia,1
khonasunil,ShelarAshish,1
khonasunil,WesternRly,1
khonasunil,drmbct,1
khonasunil,drmmumbaicr,1
khonasunil,manoj_kotak,1
khonasunil,narendramodi,1
khurafatijaat,abhiwhy,1
killwick299,KaranVa55756722,1
killwick299,TheEmissaryCo,1
killwick299,nagumosDilema,1
kingjack9080,AbbasHafeez,1
kingjack9080,SRKCHENNAIFC,1
kingjack9080,SRKUniverse,1
kingjack9080,deepikapadukone,1
kingjack9080,iamsrk,1
kirbha,BJP4India,1
kirbha,MCGM_BMC,1
kirbha,narendramodi,1
kirolaLalit,narendramodi,1
klrana54,INCIndia,1
klrana54,klrana54,1
klrana54,narendramodi,1
kpojha,rishibagree,1
krishnak631,Rajeev_GoI,1
krishnakolidoc,RahulGandhi,1
krishnakolidoc,irfhabib,1
kshantaram2,SeekPsychology_,1
kuldeepShuklaUk,ArvindKejriwal,1
kuldeepShuklaUk,LtGovDelhi,1
kuldeepShuklaUk,Saurabh_MLAgk,1
kuldeepjena03,ANI,1
kumardurgesh262,PMOIndia,1
kumardurgesh262,narendramodi,9
kumarj9,ShashiTharoor,1
kunalcarpediem,rishibagree,1
kurinjiboy,IndiaToday,1
kurinjiboy,narendramodi,1
kurinjiboy,rahulkanwal,1
l_am_Indian,sansbarrier,1
lakshmiprashan7,IndiaToday,1
lakshmiprashan7,Jairam_Ramesh,1
lakshmiprashan7,rajchengappa,1
lalalalala999la,CAVickyzz,1
laliteshwar9,RahulGandhi,1
laliteshwar9,vivekagnihotri,1
lastcigarette14,narendramodi,1
lastcigarette14,vivekoberoi,1
latajag,stillgray,1
lavanyadeepak,CMOTamilNadu,1
lavanyadeepak,OfficeOfOPS,1
lavanyadeepak,narendramodi,1
lawgate_IN,CNBCTV18News,1
lawgate_IN,DDNewsLive,1
lawgate_IN,RubikaLiyaquat,1
lawgate_IN,ZeeNews,1
lawgate_IN,aajtak,1
lawgate_IN,abpnewshindi,1
lawgate_IN,abpnewstv,1
lawgate_IN,narendramodi,1
lawgate_IN,republic,1
laxmina08495619,drshamamohd,1
laxmina08495619,narendramodi,1
levoneeight,Qamarcheema,1
levoneeight,sumitp191,1
levoneeight,wef,1
leyzend,Jairam_Ramesh,1
lhakme,ShashiTharoor,1
liamruth,ConorRuth,1
liberalurbanite,Diplomat_APAC,1
liberalurbanite,elasticrhythm,1
lifeofdee_pai,Jairam_Ramesh,1
lockdowneventz,CMShehbaz,1
lockdowneventz,majorgauravarya,1
lohiya999,INCIndia,1
lohiya999,RahulGandhi,1
lohiya999,narendramodi,1
love_liv_laf,curlykrazy07,1
maarhea,narendramodi,1
maarhea,sardesairajdeep,1
madhusu58400341,palkisu,1
madhusudan41,achandwar,1
madihanaseer007,INCIndia,1
madihanaseer007,RahulGandhi,1
mads_aries,RahulGandhi,1
mads_aries,UnSubtleDesi,1
mads_aries,narendramodi,1
maheshk20600708,TimesNow,1
maheshk20600708,narendramodi,1
maheshk20600708,narendramodi_in,1
mallemala12,narendramodi,1
mallemala12,ncbn,1
mandar_kar,JhaSanjay,1
manis_kumar,ShefVaidya,1
manis_kumar,narendramodi,2
manisha_dr,Dev_Fadnavis,1
manisha_dr,anandmahindra,1
manisha_dr,narendramodi,1
manishkulk,Tejasvi_Surya,1
manishkulk,narendramodi,1
manishkumarkota,PrasoonBajpayee,1
manishkumarkota,ShashiTharoor,1
manishkumarkota,ravishndtv,1
mankindvivek,ShahnawazBJP,1
mankindvivek,narendramodi,1
manmeetagarwal,IndiaToday,1
manmeetagarwal,PMOIndia,1
manmeetagarwal,RahulGandhi,1
manmeetagarwal,narendramodi,1
manmeetagarwal,priyankagandhi,1
manoj_216,Nomadic_25,1
manoj_216,jacindaardern,1
manojsaiindia,pbhushan1,1
mansishah1611,ImranKhanPTI,1
mansishah1611,RahulGandhi,1
mansishah1611,narendramodi,2
mansishah1611,nsitharaman,1
manuluckysayss,narendramodi,1
manuluckysayss,sureshpprabhu,1
marinebite,KanwalSibal,1
marineravin,Quantum_Commie,1
marineravin,inourlyftym,1
marineravin,shivam_atheist,1
markcousinsfilm,BBCTwo,1
masterstuff2,ANI,1
masterstuff2,narendramodi,1
mavjib,BBC,1
mavjib,smitadeshmukh,1
mayamadhava,AmitShah,1
mayamadhava,CPRBJP,1
mayamadhava,narendramodi,1
mayankarora0629,iamsrk,1
mayursejpal,AmitShah,1
mayursejpal,BJP4India,1
mayursejpal,narendramodi,1
mcdovel,INCIndia,1
mcdovel,SpiritOfCongres,1
mdshaan,jacindaardern,1
me_mohitc77,ArvindKejriwal,1
me_mohitc77,narendramodi,1
meetumashankar,arunjaitley,1
meetumashankar,deepsealioness,1
meetumashankar,narendramodi,1
meetumashankar,ndtv,1
meetumashankar,unicornwingss,1
mehtajagrut,PMOIndia,1
mehtajagrut,narendramodi,1
mehulvpatel77,anujakapurindia,1
mesushovan,RahulGandhi,1
mgmohitgrover,AatishTaseer,1
mgmohitgrover,TIME,1
minoritylogy,MeghUpdates,1
mintyghost,INCIndia,1
mintyghost,NayakRagini,1
mintyghost,inquestioner,1
mintyghost,smritiirani,1
miss_ankita,ANI,1
miss_ankita,akshaykumar,1
miss_ankita,narendramodi,1
missartola,narendramodi,1
mohitsgnr,dw_hindi,1
mohitsgnr,jacindaardern,1
moiz_sports,mufaddal_vohra,2
momentimmortal,sudhirchaudhary,1
mountainfox,ShashiTharoor,1
mrinal_2308,Saurabh_MLAgk,1
mudassirrahman0,Balochzaag,1
mudassirrahman0,Hani_Baloch7,1
mudassirrahman0,IsraelinIndia,1
mudassirrahman0,Jam__Baloch,1
mudassirrahman0,KahkashanHaide3,1
mudassirrahman0,NaelaQuadri,1
mudassirrahman0,TarekFatah,1
mudassirrahman0,UNGeneva,1
mudassirrahman0,UN_SPExperts,1
mudassirrahman0,WGEID,1
mudassirrahman0,antonioguterres,1
mudassirrahman0,bitbeast_,1
mudassirrahman0,changu311,1
mudassirrahman0,majorgauravarya,1
mudassirrahman0,srdmk01,1
mudistha,INCIndia,1
mudistha,anandmahindra,1
mujtabaamjad36,AmitShah,1
mujtabaamjad36,BJP4India,1
mujtabaamjad36,BJP4Karnataka,1
mujtabaamjad36,BSYBJP,1
mujtabaamjad36,PMuralidharRao,1
mujtabaamjad36,PiyushGoyal,1
mujtabaamjad36,ShobhaBJP,1
mujtabaamjad36,amritabhinder,1
mujtabaamjad36,byadavbjp,1
mujtabaamjad36,narendramodi,1
mujtabaamjad36,rajeev_mp,1
mukulJawla1,jayapathak_,1
nagabhushanb,AmitShah,1
nairnrc,PMOIndia,1
nairnrc,narendramodi,1
najmi_mysore,ImranKhanPTI,1
najmi_mysore,hd_kumaraswamy,1
najmi_mysore,narendramodi,1
nandakishore124,AdnanSamiLive,1
nanuzz6600,AtishiAAP,1
nanuzz6600,KTRTRS,1
nanuzz6600,SyedHazeena,1
nanuzz6600,TRBRajaa,1
nanuzz6600,aartic02,1
nanuzz6600,manojdhopchandi,1
nanuzz6600,pbhushan1,1
nanuzz6600,prakashraaj,1
nanuzz6600,ysathishreddy,1
nanuzz6600,zoo_bear,1
narendravarma49,sudhirchaudhary,1
naresh_kacham,ndtv,1
narorajee,Naveen_Odisha,1
narorajee,dpradhanbjp,1
narorajee,jualoram,1
narorajee,narendramodi,1
naseem4554,DhivehiOne,1
navinbhard,Jairam_Ramesh,1
navneet84033828,bhogleharsha,1
nawab268,TVMohandasPai,1
nawab268,kushal_mehra,1
nawedbelagam,rohini_sgh,1
ndmehta19,johncusack,1
neelesh47,bstvlive,1
neoviky,OpIndia_com,1
neoviky,UnSubtleDesi,1
neoviky,ashish40411,1
newbie1009,ShashiTharoor,1
newstapTweets,BRSParty_News,1
newstapTweets,BRSparty,1
newstapTweets,KTRTRS,1
newstapTweets,puvvada_ajay,1
newstapTweets,trsharish,1
nielsteyn1,Jairam_Ramesh,1
nikhil39157888,Indian48788805,1
nikhil39157888,IndianCitizan,1
nikhil39157888,PMOIndia,1
nikhil39157888,RajThackeray,1
nikhil39157888,RelianceDigital,1
nikhil39157888,akshaykumar,1
nikhil39157888,narendramodi,1
nikhilsyn,INCIndia,1
nikhilsyn,RahulGandhi,1
nirbagi,ANI,1
nirbagi,narendramodi,1
nirmalkish,HiHyderabad,1
nirmalkish,KTRTRS,1
nirmalkish,navikakumar,1
nishantandrews,IndiaToday,1
nishantandrews,RahulGandhi,1
nishantandrews,ashutosh83B,1
nishantandrews,gsurya,1
nishantandrews,srivatsayb,1
nishash09995803,INCIndia,1
nishash09995803,JaisFeb,1
nishash09995803,RahulGandhi,1
nishash09995803,narendramodi,1
niswarth,davidfrawleyved,1
nitinjainyash,MinOfPower,1
nitinjainyash,NITIAayog,1
nitinjainyash,PMOIndia,1
nitinjainyash,RajKSinghIndia,1
nitinjainyash,ShamikaRavi,1
nivesingh,IndianExpress,1
nivesingh,himantabiswa,1
njannevin,patrickbetdavid,1
nkvmur,Retributions,1
nocap_dawg,MumukshuSavitri,1
nocturnalnkid,narendramodi,1
nondensocialist,ElonMusgraves,1
nonstopmediain,BJP4India,1
nonstopmediain,narendramodi,1
nsoni1802,SrBachchan,1
nsoni1802,iamsrk,1
nsoni1802,karanjohar,1
nsoni1802,narendramodi,1
nsraman55,ShashiTharoor,1
nushmanjunath,ANI,1
odo_nicki,DrJamesOlsson,1
oilandgas_sap,ndtv,1
omarali50,batatalal,1
onenationtheory,RashmiDVS,1
onenationtheory,W0KEFLIX,1
onenationtheory,Wokeflix__,1
onkarbhutada,ArvindKejriwal,1
onkarbhutada,BJP4India,1
onkarbhutada,narendramodi,1
opinionmaster,singhsukhdev301,1
opinionmaster,srinivasiyc,1
optimistsurgeon,RahulGandhi,1
optimistsurgeon,RenukaJain6,1
optimistsurgeon,ajaymehta02,1
orglsample,AAPUttarPradesh,1
ottawa2015,ArvindKejriwal,1
ottawa2015,KanchanGupta,1
ottawa2015,PChidambaram_IN,1
ottawa2015,msisodia,1
ottawa2015,vivekagnihotri,1
outburstindia,Ajitkumar_Kanan,1
outburstindia,BnBagul,1
outburstindia,JhaSanjay,1
outburstindia,Pawankhera,1
outburstindia,alamgirizvi,1
outburstindia,bainjal,1
outburstindia,gops333,1
outburstindia,rssurjewala,1
outburstindia,sherryontopp,1
outburstindia,vidya7281,1
p13puneetc,INCIndia,1
p13puneetc,TusharG,1
p35075386,Anilcherukara,1
pahadiboy08,ArvindKejriwal,1
pahadiboy08,RahulGandhi,1
pahadiboy08,narendramodi,1
paliwal_ranjan,INCIndia,1
paliwal_ranjan,narendramodi,1
pankaj_aviator,ShashiTharoor,1
pankajanand2965,TheSurya_,1
pankajanand2965,narendramodi,1
pankajanand2965,swati7773,1
pankajk61414973,AamAadmiParty,1
pankajk61414973,ArvindKejriwal,1
parishruttalks,BJP4India,1
parishruttalks,KapilMishra_IND,1
parishruttalks,TajinderBagga,1
parishruttalks,arpitlal,1
parishruttalks,loginvivekk,1
parishruttalks,narendramodi,1
parishruttalks,narendramodi_in,1
parth_s369,PMOIndia,1
parth_s369,majorgauravarya,1
parth_s369,narendramodi,1
parthjuneja89,BattaKashmiri,1
pashmidutta,ArvindKejriwal,1
pashmidutta,RahulGandhi,1
pashmidutta,narendramodi,1
patel7296,narendramodi,1
patel_dilip,CricCrazyJohns,1
patesjigs,FoxNews,1
paulybee1234,NHPUKOfficial,1
paulybee1234,NorthWestNHPUK,1
pavantrips,DrSJaishankar,1
pavantrips,Twitter,1
pavantrips,ashoswai,1
pavantrips,elonmusk,1
pavantrips,stamainpuri,1
pawanerp,narendramodi,1
pentaclesking,RahulGandhi,1
pentaclesking,ShashiTharoor,1
pentaclesking,bainjal,1
pentaclesking,gulf_news,1
pentaclesking,narendramodi,1
pentaclesking,yadavakhilesh,1
peppersprae,firstpost,1
pepple_darin,JourAmerRevo,1
pepple_darin,RevWarTalk,1
photographycric,Tiny_Dhillon,1
pitchaijohn1961,annamalai_k,1
pitchaijohn1961,cappatil,1
pitchaijohn1961,narendramodi,1
pkg16om,palkisu,1
pkm1999,ashoswai,1
pkm1999,bainjal,1
pkopinion,narendramodi,1
pkopinion,timesofindia,1
pmalston,DocAtCDI,1
pn_naveen_,BJP4India,1
pn_naveen_,TusharG,1
pn_naveen_,narendramodi,1
pogson_stephen,EccentricFella,1
pogson_stephen,koshurblue,1
poisonosarrow,ArvindKejriwal,1
poisonosarrow,KanchanGupta,1
poisonosarrow,PChidambaram_IN,1
poisonosarrow,msisodia,1
prabeennet,Jairam_Ramesh,1
prabhakarsays,BJP4India,1
prabhakarsays,IndiaToday,1
prabhakarsays,SwetaSinghAT,1
prabhakarsays,aajtak,1
prabhakarsays,anjanaomkashyap,1
prabhakarsays,narendramodi,1
prabhakarsays,rahulkanwal,1
prabuch,airnewsalerts,1
pradeep_k2003,narendramodi,1
prafull_tweetz,palkisu,1
prajapatiajay28,PLCU_Official,1
prakashB03,Tejasvi_Surya,1
prakashachary1,IAF_MCC,1
prakashachary1,narendramodi,1
prakashachary1,sherryontopp,1
prakashachary1,sonamJain001,1
prakashctaparia,BJP4India,1
prakashctaparia,INCIndia,1
prakashctaparia,davidfrawleyved,1
prakashctaparia,narendramodi,1
prakashctaparia,vrbonam,1
prakashpatelMD,Go_Movie_Mango,1
pramodlunia,narendramodi,1
pramodlunia,rahulkanwal,1
pranav326,narendramodi,1
prasad_chary11,BCCI,1
prasad_chary11,mufaddal_vohra,1
prashant0619,ZEECorporate,1
prashant0619,ZeeTV,1
prashant0619,narendramodi,1
prashant0619,sudhirchaudhary,1
prashirastogi,narendramodi,1
prateek_2811,BJP4India,1
prateek_2811,INCIndia,1
prateek_2811,RahulGandhi,1
prateek_2811,narendramodi,1
pratik80s,debasmitashankr,1
pratikp1313,ANI,1
pratul_mall,ShashiTharoor,1
praveengagan,ArvindKejriwal,1
praveengagan,BJP4Delhi,1
praveengagan,BJP4India,1
praveengagan,BJP4UP,1
praveengagan,Mayawati,1
praveengagan,RSSorg,1
praveengagan,RahulGandhi,1
praveengagan,myogiadityanath,1
praveengagan,narendramodi,1
praveengagan,yadavakhilesh,1
praveengagan,yadavtejashwi,1
praveenjsk,AmitShah,1
praveenjsk,narendramodi,1
praveenjsk,nidhidynamic,1
praveenraj1961,NarundarM,1
pravinparas,narendramodi,1
preetheshlove,AnupamPKher,1
preetheshlove,SirJadejaaaa,1
preetheshlove,majorgauravarya,1
preetheshlove,writtenbydeepa,1
preetyA54539078,ashokepandit,1
prism_anand,narendramodi,1
privacyfirewall,CNBCTV18News,1
privacyfirewall,Hero_Electric,1
privacyfirewall,Parikshitl,1
privacyfirewall,Tesla,1
privacyfirewall,elonmusk,1
privacyfirewall,sohinder_gill,1
priyankadeo,INCIndia,1
priyankadeo,narendramodi,1
pronami007,DrAlkaRay2,1
pronami007,Kiritdan9,1
punjabi_farmraz,JackPosobiec,1
punjabi_farmraz,LawSelfDefense,1
puranchand0014,narendramodi,1
qasid4you,Jairam_Ramesh,1
qasid4you,ZeharTweets,1
qasid4you,bharatjodo,1
qasid4you,digvijaya_28,1
qasid4you,yasirbdn,1
quark_time,ERA404MUSIC,1
r_kapil,BJP4India,1
r_kapil,SushmaSwaraj,1
r_kapil,ZeeNewsHindi,1
r_kapil,narendramodi,1
rachitattweet,sanket,1
raghava838,Prof_Hariom,1
raghava838,narendramodi,1
raghava838,rajnathsingh,1
raghave94465170,aajtak,1
raghave94465170,indiatvnews,1
rahul_1700,desimojito,1
rahulnagar24,DineshKumarLive,1
rahulrajnews,narendramodi,1
rai_nitin_datia,narendramodi,1
raizada_aanchal,Jairam_Ramesh,1
raj80697994,JuniorVikatan,1
raj80697994,baskaranjai29,1
raja8sp,BJP4India,1
raja8sp,INCIndia,1
raja8sp,RahulGandhi,1
raja8sp,SupriyaShrinate,1
rajarama_u,thejournorator,1
rajasa56,amarsidhu_,1
rajasa56,jacindaardern,1
rajee_vran,narendramodi,1
rajeevdelhi09,WithCongress,1
rajendrajindal,narendramodi,1
rajivgandhi10,ABPNews,1
rajivgandhi10,INCIndia,1
rajivgandhi10,Jairam_Ramesh,1
rajivgandhi10,NitishKumar,1
rajivgandhi10,Pawankhera,1
rajivgandhi10,Radhika_Khera,1
rajivgandhi10,SupriyaShrinate,1
rajivgandhi10,kharge,1
rajivgandhi10,navneetfan1,1
rajivgandhi10,sagarikaghose,1
rajrra,AmitShah,1
rajrra,BJP4India,1
rajrra,INCIndia,1
rajrra,RahulGandhi,1
rajrra,S_MahajanLS,1
rajrra,ShahnawazBJP,1
rajrra,narendramodi,1
rajrra,sambitswaraj,1
rajubarthakur,Jairam_Ramesh,1
rajveer34567,AmitShah,1
rajveer34567,arunjaitley,1
rajveer34567,narendramodi,1
rajveer34567,news18dotcom,1
rakrashtanekola,ndtv,1
raman_allahabad,PMOIndia,1
ramana_mutnuru,narendramodi,1
rameshlaus,AmitShah,1
rameshlaus,dreamgirlhema,1
rameshlaus,narendramodi,1
rameshlaus,nitin_gadkari,1
rameshlaus,rajnathsingh,1
rameshlaus,smritiirani,1
rameshpils,ShashiTharoor,1
ramushreyas6187,TusharG,1
ranajig,Live_Hindustan,1
ranajig,htTweets,1
ranajig,narendramodi,1
ranajig,shekharkahin,1
rapperrbr,narendramodi,1
ravi_shimoga,ShashiTharoor,1
ravi_shimoga,SitaramYechury,1
ravi_shimoga,SushmaSwaraj,1
ravi_shimoga,Swamy39,1
ravi_shimoga,TVMohandasPai,1
ravi_shimoga,cpimspeak,1
ravi_shimoga,narendramodi,1
ravinder_nirwal,narendramodi,1
ravindrakumar46,MeghUpdates,1
ravirockks,DivaJain2,1
ravisenthilkuma,SeemanOfficial,1
ravisenthilkuma,arivalayam,1
ravisheoran,NCPspeaks,1
ravisheoran,PawarSpeaks,1
ravisheoran,bjpmaha,1
ravisheoran,supriya_sule,1
ravishjeeji,UKLabour,1
realtigerisback,Sarangsspeaks,1
red_sapphire1,bandisanjay_bjp,1
relyonmee,digvijaya_28,1
relyonmee,narendramodi,1
rex007king,gganeshhh,1
ricebagachiever,RahulGandhi,1
ricebagachiever,Supriya23bh,1
richaj1309,SushilModi,1
richaj1309,narendramodi,1
riddle_me_thiss,BDUTT,1
riddle_me_thiss,RahulGandhi,1
riddle_me_thiss,narendramodi,1
rider_nirvana,sacrasmnazi,1
rightbandaa,BBCWorld,1
rightchoice_v,narendramodi,1
rightchoice_v,news18dotcom,1
rightchoice_v,priyankagandhi,1
rishikant1994,DrPramodPSawant,1
rishikant1994,narendramodi,1
ritesharya1980,_Sachin_01,1
ritesharya1980,narendramodi,1
ritikadutta0901,PMOIndia,1
ritikadutta0901,dpradhanbjp,1
ritikadutta0901,narendramodi,1
ritikadutta0901,poojakapilmisra,1
rixit81,IndiaExplained,1
riyazn123,AnantkumarH,1
riyazn123,ImranKhanPTI,1
riyazn123,RahulEaswar,1
rjmarkovich,RBReich,1
rneelmani,AmitShah,1
rneelmani,BJP4India,1
rneelmani,narendramodi,1
roarDworld,SushantBSinha,1
roarDworld,narendramodi,1
robinsingh009,narendramodi,1
rocky_coool,ANI,1
rocky_coool,CNNnews18,1
rocky_coool,IndiaToday,1
rocky_coool,JournoKSSR,1
rocky_coool,ScribeAditya,1
rocky_coool,TimesNow,1
rocky_coool,ZeeNews,1
rocky_coool,anchoramitaw,1
rocky_coool,narendramodi,2
rocky_coool,paninianand,1
rocky_coool,rahulkanwal,1
rocky_coool,republic,1
rocky_coool,rijubose,1
rocky_coool,shilparathnam,1
rocky_coool,srijanapiya17,1
rocky_coool,sudhirchaudhary,1
rocky_karthik,Declaracion,1
rohanvarman,CinemaVikatan,1
rohanvarman,itisprashanth,1
rohit1286,BJP4India,1
rohit1286,INCIndia,1
rohit_l,ShashiTharoor,1
rohithtapasi,BCCI,1
rohithtapasi,mastercardindia,1
rohithtapasi,mdsirajofficial,1
roorkeeoriginal,Indian_Analyzer,1
roorkeeoriginal,shivani_naanii,1
rosalbb,AggiePride85,1
rosalbb,buddywriterdude,1
rosalbb,meganbc,1
rp2030,Armees_Gouv,1
rp2030,DefenceMinIndia,1
rp2030,FranceBombay,1
rp2030,FranceinIndia,1
rp2030,French_CSG,1
rp2030,MarineNationale,1
rp2030,SebLecornu,1
rp2030,SpokespersonMoD,1
rp2030,amiralVandier,1
rp2030,indiannavy,1
rp2030,rajnathsingh,1
rrao74,ShashiTharoor,1
rrao74,narendramodi,1
rshenoy87,PandaJay,1
rshenoy87,sambitswaraj,1
rspatil3502,BJP4India,1
rspatil3502,BrijBhushanMP,1
rspatil3502,PMOIndia,1
rssanp,BJP4Andhra,1
rssanp,BJP4India,1
rssanp,narendramodi,1
rsuryadevara,JogulambaV,1
rt_chopra,AmitShah,1
rt_chopra,BJP4India,1
rt_chopra,GautamGambhir,1
rt_chopra,PiyushGoyal,1
rt_chopra,narendramodi,1
rt_chopra,nitin_gadkari,1
rt_chopra,smritiirani,1
rush2022b,MonaBhatnagar6,1
russellsinha,KirenRijiju,1
russellsinha,narendramodi,1
ruvalum,SarvatraYT,1
sa4868,ShashiTharoor,1
sachin_kamte,RahulGandhi,1
sachin_kamte,narendramodi,1
sachinpal25,PMOIndia,1
sachinpal25,mytentaran,1
sachinpal25,narendramodi,1
sadanandtikare,AmitShah,1
sadanandtikare,htTweets,1
sadanandtikare,narendramodi,1
sadiqansaari,ZeeNews,1
sadiqansaari,aajtak,1
sadiqansaari,abpnewstv,1
sadiqansaari,narendramodi,1
sadiqansaari,ndtv,1
sadiqansaari,timesofindia,1
sahityashikre,ANI,1
sajaljain906,RohmetraA,1
sajaljain906,ShekharGupta,1
sakshyamprahlad,BJP4India,1
sakshyamprahlad,narendramodi,1
sakshyamprahlad,sambitswaraj,1
samanyu_sammu,nalinkateel,1
samanyu_sammu,narendramodi,1
samay_balwan,MahuaMoitra,1
samilodhi,ShashiTharoor,1
sammoosvi,BDUTT,1
sammoosvi,BJP4India,1
sammoosvi,INCIndia,1
sammoosvi,Pawankhera,1
sammoosvi,SupriyaShrinate,1
sammoosvi,avidandiya,1
sammoosvi,ravishndtv,1
sammoosvi,sardesairajdeep,1
samonwheel,ShashiTharoor,1
samonwheel,SushmaSwaraj,1
samonwheel,narendramodi,1
samonwheel,nsitharaman,1
samonwheel,rajnathsingh,1
sandeep786twitt,jihadwatchRS,1
sandipsabharwal,narendramodi,1
sandy5620,beingarun28,1
sanjitneer,AnimaSonkar,1
sanjitneer,narendramodi,1
sanjitneer,sherryontopp,1
sanjukta,RahulGandhi,1
santhubasu,palkisu,1
santoshchauhan0,OfficeOfRSP,1
santoshchauhan0,RahulGandhi,1
santoshpatilmns,arungiri,1
sanvai,RahulGandhi,1
sanvai,moneycontrolcom,1
sanvai,narendramodi,1
sanvru,Jairam_Ramesh,1
sanvru,jacindaardern,1
saree_ninja,Shehzad_Ind,1
sareenamar,KapilSibal,1
sareenamar,Manesha76,1
sareenamar,OmarAbdullah,1
sareenamar,narendramodi,2
sarsquarestudio,suspendedsamir,1
sarsquarestudio,yadavakhilesh,1
sarvadaman1,narendramodi,1
satyapamula,narendramodi,1
satyavadin,BJP4Karnataka,1
satyavadin,BSYBJP,1
satyavadin,ShobhaBJP,1
satyavadin,hd_kumaraswamy,1
satyavadin,narendramodi,1
satyavadin,siddaramaiah,1
sauravsaha41,narendramodi,1
sauravtyagi1212,BJP4India,1
sauravtyagi1212,narendramodi,1
sawarathiajss,RahulGandhi,1
sawarathiajss,SupriyaShrinate,1
scidharma,ImtiazMadmood,1
sdPachauri1,UP_Silk,1
sdPachauri1,pachauri_anoop,1
sdeora601,BBCNews,1
sdeora601,aajtak,1
sebfarcis,Journal_PoPs,1
sebfarcis,jaffrelotc,1
sebfarcis,jtmartelli,1
seeker_paras,TweetinderKaul,1
seekerchandan,BJP4India,1
seekerchandan,YSRCParty,1
seekerchandan,moneycontrolcom,1
seekerchandan,narendramodi,1
seekerchandan,ysjagan,1
seeking_soul_,Jairam_Ramesh,1
shah_1972,INCIndia,1
shaheenconty,BJP4India,1
shaheenconty,rohini_sgh,1
shahidmazam,ArnabGoswamiRtv,1
shahidmazam,BDUTT,1
shahidmazam,PrannoyRoyNDTV,1
shahidmazam,narendramodi,1
shailendrah,RahulGandhi,1
shailendrah,ShashiTharoor,1
shailkothari,MirYanaSY,1
shailkothari,RahulGandhi,1
shamsulhazari,WithPGV,1
shamsulhazari,narendramodi,1
shankariyer1955,somnath1978,1
shantilalhajeri,AUThackeray,1
shantilalhajeri,PawanJadhav05,1
sharma2508,curlykrazy07,1
sharmaaa_manoj,palkisu,1
sharu2279,INCIndia,1
sharu2279,JhaSanjay,1
shashank2909,Pawankhera,1
sheela2010,IndianExpress,1
sheela2010,RTIExpress,1
shettysuhasa,ANI,1
shibshankarc,HMOIndia,1
shibshankarc,IndiaSports,1
shibshankarc,MinistryWCD,1
shibshankarc,NCWIndia,1
shibshankarc,PMOIndia,1
shibshankarc,adgpi,1
shibshankarc,pib_law,1
shiva_makki,amarprasadreddy,1
shiva_makki,annamalai_k,1
shivam_suthar7,BJP4India,1
shivam_suthar7,narendramodi,1
shivgooner14,arjunsiv_cfc,1
shobhasagar,narendramodi,1
shreesh02,narendramodi,1
shrikantalat,akshaykumar,1
shrikantalat,moneycontrolcom,1
shrikantalat,mrsfunnybones,1
shrikantalat,narendramodi,1
shubham_dumpy,RajatSharmaLive,1
shubham_dumpy,narendramodi,1
shubhamji856,ShashiTharoor,1
shukla1230,EditorRajan,1
shukla1230,KirtiThorat5,1
shv_indian,Doval_Ajit12,1
shv_indian,INCIndiaLive,1
shv_indian,RSSorg,1
shv_indian,SpokespersonMoD,1
shv_indian,narendramodi,1
shv_indian,rashtrapatibhvn,1
sibanand1,timesofindia,1
siddhantkalawti,asligourav812,1
sidharthone,HarounRashid2,1
sidharthone,Sachida72117650,1
sidhu_nobel,narendramodi,1
sidhu_nobel,republic,1
simone_s_86,PogdaFrog,1
simone_s_86,hausofdecline,1
singh_pg,narendramodi,1
singhbilash,BBC,1
singhbilash,Twitter,1
singhbilash,YouTube,1
singhbilash,sagarikaghose,1
singhratan656,narendramodi,1
singhshiva1988,BJP4India,1
singhshiva1988,PiyushGoyal,1
singhshiva1988,narendramodi,1
singhshiva1988,sambitswaraj,1
sinha3059,Ram_Guha,1
sinha3059,scroll_in,1
skjayarajskjay1,YahooNews,1
sks2829,ShashiTharoor,1
sks2829,kharge,1
slem35848927,DisneyPlusHS,3
slem35848927,disneyplusHSTam,3
slem35848927,ikamalhaasan,3
slem35848927,vijaytelevision,3
slmehra,narendramodi,1
smitaparikh2,JaykumarRawal,1
socialmedia5130,chatukhor,1
socialmedia5130,jamewils,1
soumits,Biluabichara,1
sourabh23521298,narendramodi,1
south_pandit,ShashiTharoor,1
sovividyadharan,NewIndianXpress,1
sovividyadharan,narendramodi,1
sp290967,JhaSanjay,1
spkathirvel1,EPSTamilNadu,1
spkathirvel1,Gangatharanvks,1
spkathirvel1,Sathish_AIADMK,1
spkathirvel1,Senthil_AIADMK,1
spkathirvel1,VinTN,1
spkathirvel1,aegadhesi,1
spksalem2,IndiraniSudala1,1
spksalem2,Nareshh070391,1
sramu,ArvindKejriwal,1
sri_demosthenes,tejalrao,1
srikanth_hari,Jairam_Ramesh,1
srinivasangopal,thewire_in,1
sriramprasann15,SarahLGates1,1
sriramprasann15,VictoriaPolice,1
sriramprasann15,lifeisgucci5,1
ss_suryawanshi,PawarSpeaks,1
ss_suryawanshi,nitin_gadkari,1
ssripathy721,Kanishk37605120,1
ssripathy721,box_oficeIndian,1
stanleyabraha15,TheHockeyIndia,1
stayhumbledeepu,CNBC,1
stayhumbledeepu,PrinceArihan,1
stayhumbledeepu,TimesNiger,1
stayhumbledeepu,abpnewstv,1
stayhumbledeepu,narendramodi,1
stayhumbledeepu,ndtv,1
stellensatz,aparanjape,1
stellensatz,bibekdebroy,1
stevereports,MamataOfficial,1
stevereports,RahulGandhi,1
stevereports,TelanganaCMO,1
stevereports,ncbn,1
stevereports,yadavakhilesh,1
stevereports,yadavtejashwi,1
storizenmag,AlephBookCo,1
storizenmag,ShashiTharoor,1
storizenmag,storizenmag,1
storizenmag,swapna508,1
stud88282483,iShashiShekhar,1
stud88282483,samirmaheta3,1
subhash_pat_,rishibagree,1
subodhs_93,BJP4India,1
subodhs_93,narendramodi,1
sudhirbharg,INCIndia,1
sudhirbharg,girishsumukha,1
sudhirbharg,mamuni_ishita,1
sudhirbharg,narendramodi,1
sugar_free_yes,narendramodi,1
sugu3199,RahulGandhi,1
sugu3199,SRajaJourno,1
sujithksu,RahulGandhi,1
sujithksu,isunil1992,1
sujithksu,narendramodi,1
sukuloknp,Indian_fairy77,1
suman_2802,BCCI,1
sumanthsharmas,Actor_Siddharth,1
sumanthsharmas,AnjaliKoundinya,1
sumonseng,narendramodi,1
sunil_kind,RahulGandhi,1
sunsuji17091,ShashiTharoor,1
super378,gandhi_pv,1
surajshetty99,BJP4India,1
suranajb,ActivistSandeep,1
sureshktwit,CMOTamilNadu,1
sureshktwit,SeemanOfficial,1
sureshktwit,dinamalarweb,1
sureshktwit,mkstalin,1
surisiva1988,PMOIndia,1
surisiva1988,narendramodi,1
suspendedsamir,SudhanshuTrived,1
suspendedsamir,digitalsanghii,1
suyasharose,RahulGandhi,1
suyasharose,priyankagandhi,1
suyasharose,varungandhi80,1
syedjournalist_,jacindaardern,1
syleshnair,RahulGandhi,1
syleshnair,srinivasiyc,1
takudzwa_taque,MahachiChrispen,1
takudzwa_taque,Sky5Tkay,1
takudzwa_taque,nyatsanza_zw,1
tanajiashevale,RutikJadhav15,1
tanajiashevale,Shaikh_Mohsin12,1
tanajiashevale,fadnavis_amruta,1
tanuj_khatri,narendramodi,2
tanveer_gurmani,narendramodi,1
tanzeelhassan,vikrantgupta73,1
tathagata2,AkashPo30183389,1
teddy_wala,EconomicTimes,1
teddy_wala,Tanmay_cs13,1
teddy_wala,narendramodi,1
tejasmistry70,narendramodi,1
tejpeer,MeghUpdates,1
teraTimeAyega,Aakar__Patel,1
teraTimeAyega,MahuaMoitra,1
terence_fdes,HaftaWasooli,1
terence_fdes,Scimitar_SS,1
terence_fdes,kukk44,1
tf7753,abhiandniyu,1
tf7753,aldous_orwell_,1
tfarcdrow,ANI,1
the_real_ravi,ZubinaAhmd,1
the_real_ravi,narendramodi,1
the_sailu,BCCI,1
the_sailu,venkateshprasad,1
the_sanghi_,AmitShah,1
the_sanghi_,BJP4India,1
the_sanghi_,INCIndia,1
the_sanghi_,RSSorg,1
the_sanghi_,RahulGandhi,1
the_sanghi_,Republic_Bharat,1
the_sanghi_,Twitter,1
the_sanghi_,ZeeNews,1
the_sanghi_,aajtak,1
the_sanghi_,narendramodi,1
the_sanghi_,rsprasad,1
the_sanghi_,smritiirani,1
theashisharya,narendramodi,1
thecaravanindia,VidyaKrishnan,1
thefinalmiracle,PMOIndia,1
thefinalmiracle,narendramodi,1
theindiaway,ShashiTharoor,1
thenewsdrum,Jairam_Ramesh,1
thennagam133,ShashiTharoor,1
thereal8M1T,9thATEEZ,1
theriddler1044,AbhishBanerj,1
theright_Indian,talk2anuradha,1
thetribunechd,narendramodi,1
thetribunechd,priyankagandhi,2
tinkuhaweli,ArvindKejriwal,1
tinkuhaweli,Mayawati,1
tinkuhaweli,RahulGandhi,1
tinkuhaweli,abhisar_sharma,1
tinkuhaweli,yadavakhilesh,1
tintinandsnowy7,supersayan68200,1
tirtho2019,palkisu,1
tk24dutta_india,AITCofficial,1
tk24dutta_india,BBCIndia,1
tk24dutta_india,BJP4India,1
tk24dutta_india,PIBKolkata,1
tk24dutta_india,PIB_India,1
tk24dutta_india,ShahajadaShahP,1
tk24dutta_india,iSoumikSaheb,1
tk24dutta_india,tathagata2,1
tombaan,KrisNair1,1
tpsponkumaran,PiyushGoyal,1
trading_indian,Rainmaker1973,1
trendfollower23,akshayalladi,1
trivedi_monark,ANI,1
trivedi_monark,Being_Humor,1
trivedi_monark,DCWDelhi,1
trivedi_monark,RahulGandhi,1
trivedi_monark,SwatiJaiHind,1
trivedi_monark,ani_digital,1
trivedinaveen,RahulGandhi,1
trivedinaveen,narendramodi,1
trivedinaveen,shaziailmi,1
trollove1,ShashiTharoor,1
truthandyou,narendramodi,1
truthandyou,smritiirani,1
ttganesheee,AIADMKOfficial,1
ttganesheee,EPSTamilNadu,1
ttganesheee,OfficeOfOPS,1
ttganesheee,TTVDhinakaran,1
ttganesheee,ThangaTamilSelv,1
ttganesheee,narendramodi,1
ttindia,INCIndia,1
ttindia,Jairam_Ramesh,1
ttkrishnan,INCIndia,1
ttkrishnan,bainjal,1
ttkrishnan,priyankac19,1
tusharupreti123,AmitShah,1
tusharupreti123,narendramodi,1
tv_hyd,narendramodi,1
tv_hyd,ndtv,1
tweet2api,ShashiTharoor,1
twiternair,actormanojjoshi,1
twittkart,Jairam_Ramesh,1
twittkart,RahulGandhi,1
ucuatdurham,IndLabSol,1
ugramveeram123,Sanjay_Dixit,1
ugramveeram123,blackk__mamba,1
umakantsingh_IN,ArvindKejriwal,1
umakantsingh_IN,MamataOfficial,2
umakantsingh_IN,Mayawati,1
umakantsingh_IN,NitishKumar,1
umakantsingh_IN,PrannoyRoyNDTV,1
umakantsingh_IN,ShekharGupta,2
umakantsingh_IN,ravishndtv,1
umakantsingh_IN,sunitanar,1
umakantsingh_IN,yadavakhilesh,1
unabletoname1,kunalkamra88,1
unbrahmachari,8,1
unbrahmachari,AsitKumarrModi,1
unbrahmachari,Ganpatsinhv,1
unbrahmachari,GujaratTourism,1
unbrahmachari,InfoGujarat,1
unbrahmachari,TMKOC_NTF,1
unbrahmachari,alphonstourism,1
unbrahmachari,incredibleindia,1
unbrahmachari,mansukhmandviya,1
unbrahmachari,narendramodi,1
unbrahmachari,sabtv,1
unbrahmachari,souindia,1
unbrahmachari,tourismgoi,1
unbrahmachari,vijayrupanibjp,1
untitled_ykwim,ANI,3
untitled_ykwim,Kamald38275054,1
untitled_ykwim,rebel_santosh98,1
untitled_ykwim,smitaprakash,1
untitled_ykwim,sujeetsahu53,1
urpavanygf,RahulGandhi,1
urpavanygf,irobertvadra,1
urpavanygf,narendramodi,1
urpavanygf,priyankagandhi,1
urstrulyManan,IamAjaySehrawat,1
urveshmehta,narendramodi,1
usamabasra68,PMOIndia,1
usamabasra68,RahulGandhi,1
usamabasra68,narendramodi,1
ut238,BJP4India,1
ut238,narendramodi,1
utsavmalviy12,BeingHumanChan,1
utsavmalviy12,kunalkamra88,1
utsavpansari,ARDMEHRA1966,1
utsavpansari,AjayPandey__,1
utsavpansari,Ashtalakshmi8,1
utsavpansari,MuralikrishnaE1,1
utsavpansari,NaMo_Phani,1
utsavpansari,PansariNeha,1
utsavpansari,Ramesh_BJP,1
utsavpansari,Reema_bjp,1
utsavpansari,RohiniShah73,1
utsavpansari,VandanaJayrajan,1
utsavpansari,VidudalaPrasad,1
utsavpansari,_blackdiamond00,1
utsavpansari,akshaychanders,1
utsavpansari,iamchalasani,1
utsavpansari,namoArunima,1
utsavpansari,nidi_nj,1
utsavpansari,nishants79,1
utsavpansari,pandey_indrani,1
utsavpansari,vanitajain21,1
uwaiskhan7,BJP,1
uwaiskhan7,BJP4India,1
uwaiskhan7,narendramodi,1
uwaiskhan7,santoshgangwar,1
vahat196,VarunKrRana,1
vaibhav_2708,abhiandniyu,1
vaibhavtiwari12,narendramodi,1
vaishalimuzumd1,BBCBreaking,1
vaishalimuzumd1,BajrangPunia,1
vaishalimuzumd1,BostonGlobe,1
vaishalimuzumd1,Mediapart,1
vaishalimuzumd1,Phogat_Vinesh,1
vaishalimuzumd1,RahulGandhi,1
vaishalimuzumd1,UN,1
vaishalimuzumd1,cnnbrk,1
vaishalimuzumd1,nytimes,1
vaishalimuzumd1,washingtonpost,1
vasubadami,AmitShah,1
vasubadami,narendramodi,1
vasubadami,nitin_gadkari,1
vasubadami,rammadhavbjp,1
veenapandey_,BJP4India,1
veenapandey_,myogiadityanath,1
veenapandey_,narendramodi,1
veerbahaduradv,narendramodi,1
vengalaraopach6,Hunafmonk,1
vengalaraopach6,naveeneliza,1
venkat_naibhi,AmitShah,1
venkat_naibhi,JPH_official,1
venkat_naibhi,narendramodi,1
venkat_sbt,ShashiTharoor,1
venkatkalyan1,palkisu,1
venuds23,BorisJohnson,2
venuds23,CIA,2
venuds23,Hillingdon,1
venuds23,konotaromp,1
vgstp88,INCIndia,1
vgstp88,kharge,1
vgzoomin,narendramodi,1
vicky_saurav,AnandSingh5582,1
vicky_saurav,BBCHindi,1
views_technical,Haqeeqat_TV,1
vijay3100,RenukaCCongress,1
vijayee_bhav,INCIndia,1
vijayee_bhav,ImranKhanPTI,1
vijayee_bhav,narendramodi,1
vijaykhatri96,RahulGandhi,1
vijaykhatri96,ndtv,1
vikashvicks,ShashiTharoor,1
viki_im,narendramodi,1
vikram140gulati,BBCWorld,1
vikram140gulati,CNN,1
vikram140gulati,Reuters,1
vikram140gulati,narendramodi,2
vikram_m_spet,blsanthosh,1
vikram_m_spet,narendramodi,1
vikrantdessai,ShashiTharoor,1
villacaleb_,AadishGoel1,1
villacaleb_,TheBarmyArmy,1
vinayak_dhondge,narendramodi,1
vinayak_dhondge,the_hindu,1
vinaygoyal65,pbhushan1,1
vinitpratap,ArvindKejriwal,1
vinitpratap,RahulGandhi,1
vinitpratap,narendramodi,1
vipinbasia,narendramodi,1
vipookoul,AjeetBhartii,1
vipookoul,SwatiJaiHind,1
viresh1888,KanchanGupta,1
vish86117,BBCNews,1
vishal_bindal,PMOIndia,1
vishal_bindal,narendramodi,1
vishalsinghbjp,chetanbragta,1
vishalsinghbjp,narendramodi,1
vishnu37601205,AaryanDineshK,1
vishnu37601205,RVikraman,1
vishu2028,BJP4India,1
vishu2028,PMOIndia,1
vishu2028,narendramodi,1
vishvanathbhatt,ArvindKejriwal,1
vissu70,ShashiTharoor,1
vivid_details,narendramodi,1
vrmahajan,BJP4India,3
vrmahajan,Twitter,1
vrmahajan,WhatsApp,1
vrmahajan,facebook,1
vrmahajan,narendramodi,3
vsvasishtha,GautamGambhir,1
vyasa1968,Ahmedshabbir20,1
vyasa1968,BJP4India,1
vyasa1968,BSYBJP,1
vyasa1968,BesuraTaansane,1
vyasa1968,ChekrishnaCk,1
vyasa1968,IndiGo6E,1
vyasa1968,OobbanT,1
vyasa1968,_HussainAliKhan,1
vyasa1968,dhanyarajendran,1
vyasa1968,dhume,1
vyasa1968,narendramodi,1
vyasa1968,narne_kumar06,1
vyasa1968,satyaavati,1
vyshnu199,BBCWorld,1
walking_tall007,LinkedIn,1
walking_tall007,smritiirani,1
wasim_shaikh10,BJP4India,1
wasim_shaikh10,RahulGandhi,1
welhamdoon,KTRTRS,1
welhamdoon,TimesNow,1
welhamdoon,navikakumar,1
whoskj2,RahulGandhi,1
whoskj2,ghulamnazad,1
whoskj2,rautsanjay61,1
witty_weed,ShashiTharoor,1
wittyfool_,puram_politics,1
wokiepedia,SudhanshuTrived,1
yashbajj,Jairam_Ramesh,1
yashpatelDr,Jairam_Ramesh,1
yashwanth21g,narendramodi,1
yazh_dtnext,PMOIndia,1
yazh_dtnext,narendramodi,1
yogiIITK,SushmaSwaraj,1
yogiIITK,arunjaitley,1
yogiIITK,governorswaraj,1
yogishield,ShashiTharoor,1
youdle,News18India,1
youdle,narendramodi,1
youdle,ncbn,1
ypgambhir,AcharyaPramodk,1
ypgambhir,INCIndia,1
ysathishreddy,BRSparty,1
ysathishreddy,pinarayivijayan,1
yusufpore,PritishNandy,1
yusufpore,Ram_Guha,1
yusufpore,TusharG,1
yusufpore,sagarikaghose,1
yusufpore,sanjayuvacha,1
yusufpore,subhash_kota,1
zaid_sami_wa,SirKazamJeevi,1
zaidchattha,RahulGandhi,1
zaidchattha,narendramodi,1
zashlib,KirenRijiju,1
zeneraalstuff,BingaBongaDon,1
