Source,Target,Weight
0002abhi,ShekharGupta,1
0002abhi,ThePrintIndia,1
0002abhi,sbabones,1
007Bhas,RahulGandhi,1
007Bhas,narendramodi,1
0777satish,EconomicTimes,1
0777satish,RahulGandhi,1
0777satish,narendramodi,1
09_raju,AndhraPradeshCM,2
09_raju,YouTube,1
0ce50880e8c6431,YUVSTRONG12,1
100rav05,Abhay99622297,1
100rav05,pandey_shru,2
1011Jigar,Shunyta_07,1
2021Venkatesh,ANI,1
2021Venkatesh,BJP4India,1
2021Venkatesh,INCIndia,1
2021Venkatesh,narendramodi,1
2021Venkatesh,ttindia,1
3208sunil,AmitShah,1
3208sunil,BJP4India,1
3208sunil,BJP4UP,1
3208sunil,BJPLive,1
3208sunil,DrMNPandeyMP,1
3208sunil,Ramlal,1
3208sunil,SadhviNiranjan,1
3208sunil,myogiadityanath,1
3208sunil,narendramodi,1
3208sunil,sunilbansalbjp,1
5Riverzz,HunterKhalu,1
5Riverzz,carolynhparrish,1
727ChrisS,goorpy,1
727ChrisS,pati_gallardo,1
76MisHRa1,AmitShah,1
76MisHRa1,BCCI,1
76MisHRa1,JayShah,1
786nisardar,ShireenMazari1,1
8485Goyal,imfulara,1
8534099423,BJP4UP,1
8534099423,DalaiLama,1
8534099423,myogiadityanath,1
8534099423,narendramodi,1
8534099423,sunilbansalbjp,1
ABHINAVsr,narendramodi,1
ABaruah,sbabones,1
AK71222098,RoflGandhi_,1
AK71222098,kharge,1
AKLalB,AmitShah,2
AKLalB,AudaciousQuest_,1
AKLalB,BJP4India,3
AKLalB,HMOIndia,1
AKLalB,INCIndia,1
AKLalB,Mayawati,1
AKLalB,MehboobaMufti,1
AKLalB,NewIndianXpress,1
AKLalB,PMOIndia,1
AKLalB,PrabhuChawla,1
AKLalB,RSSorg,3
AKLalB,RahulGandhi,1
AKLalB,Swamy39,3
AKLalB,YourGalNeha,1
AKLalB,ZeeNews,1
AKLalB,aajtak,1
AKLalB,anandsharma_bjp,1
AKLalB,ankitchauhan895,1
AKLalB,arunjaitley,1
AKLalB,narendramodi,4
AKLalB,nsitharaman,2
AKLalB,rajnathsingh,1
AKLalB,rammadhavbjp,1
AKLalB,republic,1
AKLalB,ronaldrajanna,1
AKLalB,rsprasad,2
AKLalB,satendramishra1,1
AKLalB,satyanveshak,1
AKLalB,shammybaweja,1
AKOLKARNAKUL,RahulGandhi,1
AKOLKARNAKUL,waglenikhil,1
AKforPeace,MSDianAbhiii,1
ALKESHP51432288,BJP4India,1
ALKESHP51432288,BJP4Maharashtra,1
ALKESHP51432288,Dev_Fadnavis,1
ALKESHP51432288,INCIndia,1
ALKESHP51432288,NCPspeaks,1
ALKESHP51432288,Suraj_m20,1
ALKESHP51432288,TawdeVinod,1
ALKESHP51432288,narendramodi,1
AMerukar,scribe_prashant,1
AN4Bharat,Kishlaysharma,1
AN4Bharat,arrey_chal,1
AN4Bharat,indian_nagrik,1
AN4Bharat,tiwtt3r,1
ANILKJHA2,ActivistSandeep,1
ANILKUMARVIG65,ABPNews,1
ANILKUMARVIG65,AmitShah,1
ANILKUMARVIG65,DrSJaishankar,1
ANILKUMARVIG65,JoeBiden,1
ANILKUMARVIG65,News18India,1
ANILKUMARVIG65,News24,1
ANILKUMARVIG65,PMOIndia,1
ANILKUMARVIG65,TimesNow,1
ANILKUMARVIG65,ZeeNews,1
ANILKUMARVIG65,aajtak,1
ANILKUMARVIG65,indiatvnews,1
ANILKUMARVIG65,republic,1
AP_2809,PMOIndia,1
AP_2809,narendramodi,1
ARIEL_SIDON,narendramodi,1
ARNSIMHA,PLEKarnataka,1
AS269146,InvesysCapital,1
AYUSHRAI28011,Sudhir_mish,1
Aagan86,PiyushGoyal,1
AamirShabnam3,imVkohli,1
AasharR,ArvindKejriwal,1
AasharR,PrasadKarwa,1
AashayTinaikar,IndiaToday,1
AashayTinaikar,ndtv,1
AasthaMarketing,PMOIndia,1
AasthaMarketing,Sachin_YB,1
AasthaMarketing,TIME,1
AasthaMarketing,gopalkagarwal,1
AasthaMarketing,ppchaudharyMoS,1
AasthaMarketing,yogrishiramdev,1
Aayusharma2107,rahulroushan,1
AbMohanty858,MrNiranjanSahoo,1
AbMohanty858,narendramodi,1
AbdulMajid_Azad,aamirghauri,1
AbdulRa99443551,AndhraPradeshCM,1
AbdulRa99443551,GuruDharanidhar,1
AbdulRa99443551,JaiTDP,1
AbdulRa99443551,RahulGandhi,1
AbdulRa99443551,naralokesh,1
AbdulRa99443551,narendramodi,3
AbdulRa99443551,ncbn,3
AbdullahTariqA4,AKSAND100OTHERS,1
AbdullahTariqA4,am_saim_,1
AbdullahTariqA4,inshims220992,1
AbdullahTariqA4,itsmeSehrish,1
AbhayJa94157768,svembu,1
Abhi4Brs,AapKaGopalRai,1
Abhi4Brs,ChampaiSoren,1
Abhi4Brs,DeepikaSRajawat,1
Abhi4Brs,KTRTRS,1
Abhi4Brs,RajeevRai,1
Abhi4Brs,TRBRajaa,1
Abhi4Brs,jaisreeram_hanu,1
Abhi4Brs,juhiesingh,1
Abhi4Brs,pbhushan1,1
Abhi4Brs,prakashraaj,1
Abhi4Brs,rajakumaari,1
Abhi4Brs,ysathishreddy,1
AbhishekBora16,BJP4India,1
AbhishekBora16,narendramodi,1
AbhishekSanghi3,BhagwantMann,1
AbuHuss31268700,narendramodi,1
AchankunjuAjin,BCCI,1
AchankunjuAjin,piersmorgan,1
Achintya_Hindu,PMOIndia,1
Achintya_Hindu,narendramodi,1
AdiM2110,avadhootashok,1
AdidaMBfans,CricCrazyVeer,1
Adikanksh16,PMOIndia,1
Adikanksh16,narendramodi,1
AdmirePawanism,PawanKalyan,1
AftabAwann,CMShehbaz,1
AftabAwann,IrfanPathan,1
AgarwaalHarshul,muglikar_,1
AgentSaffron,a_muglikar,1
AhmadAb56908914,BCCI,1
AhmadAb56908914,JayShah,1
AhsaanNetwork,NDGPatil,1
AhsaanNetwork,RahulGandhi,1
AhsaanNetwork,atishj7,1
Ajain112,sbabones,1
Ajay44971962,xavierunclelite,1
AjayBal30883916,GayatriiM,1
AjayDutt48,AAPDelhi,1
AjayDutt48,AAPPunjab,1
AjayDutt48,AamAadmiParty,1
AjayDutt48,raghav_chadha,1
AjaySinghNegi04,BJP4India,1
AjaySinghNegi04,BJP4Maharashtra,1
AjaySinghNegi04,INCIndia,1
AjaySinghNegi04,ShivSena,1
AjaySinghNegi04,mieknathshinde,1
AjitBanerjee6,AITCofficial,1
AjitBanerjee6,AparupaPoddar,1
AjitBanerjee6,BanerjeeAgnisha,1
AjitBanerjee6,DebrajAitc86,1
AjitBanerjee6,ItsYourDev,1
AjitBanerjee6,KunalGhoshAgain,1
AjitBanerjee6,Supriyatalks,1
AjitBanerjee6,ZeeshanAITC,1
AjitBanerjee6,abhishekaitc,1
AjitBanerjee6,aitcsudip,1
AjitBanerjee6,derekobrienmp,1
AjitBanerjee6,idevadhikari,1
AjitBanerjee6,tiwarymanoj,1
AjitNigam5,AapKaGopalRai,1
AjitNigam5,ArvindKejriwal,1
AjitNigam5,LtGovDelhi,1
Ajk006,the_hindu,1
Ajmal_Bhatti1,NawabBHATI5,1
Ajmal_Bhatti1,SouthAsiaIndex,1
Ajmal_Bhatti1,WestandwithIK,1
Ajmal_Bhatti1,dermi_cool7,1
AkashSi32104875,ffspari,1
AkashSi32104875,mipaltan,1
AkhileshPal1108,love_liv_laf,1
AkhileshPal1108,pusing27,1
Akolk11,sagarikaghose,1
AkramQuadri03,Free_spririted,1
AkramQuadri03,SarkarSupriyo,1
AkramQuadri03,ashoswai,1
Akshayanath,mkstalin,1
AlexoGavin,IconicKohIi,1
AlexoGavin,imVkohli,1
Ali66502019,majorgauravarya,1
AltBeliefs,Hriday1812,1
AlwaysSumanthRC,BCCI,1
Am10Talk,itsXAVItime,1
AmarSinghTweets,RSSorg,1
AmarSinghTweets,narendramodi,1
Amar_Aadithya,JayShah,1
Amar_Aadithya,SahnawajHussai1,1
Amarnat67109740,MrinalPande1,1
Amarnat67109740,RajatSharmaLive,1
Amarnat67109740,anjanaomkashyap,1
Amarnat67109740,omthanvi,1
Amarprema2,ANI,1
Amarprema2,Mystic_VJ,1
Ambujpa39024033,AmitShah,1
Amir_UVC,ANI,1
Amir_UVC,ZeeNews,1
Amir_UVC,aajtak,1
Amir_UVC,narendramodi,1
Amir_UVC,republic,1
AmitLeliSlayer,adgpi,1
AmitLeliSlayer,majorgauravarya,1
AmitRBharatiya,Martina,1
AmitSha78546591,BCCI,1
AmitabhBage,suzannebernert,1
AmmarPak3A,iihtishamm,1
AmolKal55611260,_prashantkadam,1
AmolKulthiya,narendramodi,1
Ampkmailbox,AmitShah,1
Ampkmailbox,BJP4India,1
Ampkmailbox,narendramodi,1
Amytisd1,2congressparty,1
Amytisd1,Abzyk1,1
Amytisd1,AccucutShaha,1
Amytisd1,AlpeshThakor_,1
Amytisd1,Arun06696270,1
Amytisd1,AvijitSinha5,1
Amytisd1,Baisaaa,1
Amytisd1,BulwarkBoy,1
Amytisd1,C7dGJexzYqUMr0n,1
Amytisd1,Gomti15303117,1
Amytisd1,GreatIndiankhan,1
Amytisd1,HaftaWasooli,1
Amytisd1,HardikPatel_,1
Amytisd1,INCIndia,1
Amytisd1,INCpriyankaRG,1
Amytisd1,Indi2DCore,1
Amytisd1,MODIJI_helpus,1
Amytisd1,NNaseemahmad071,1
Amytisd1,NavStar04641572,1
Amytisd1,PawanPr74907968,1
Amytisd1,ProudIn73884384,1
Amytisd1,RahulGandhi,1
Amytisd1,RajanNewEra,1
Amytisd1,SNSHARM59638054,1
Amytisd1,Sanjeev91730967,1
Amytisd1,SanjivBilwal,1
Amytisd1,SujauddinG,1
Amytisd1,Surendr56165770,1
Amytisd1,SuryaPrtpSingh_,1
Amytisd1,TARUNDA02191585,1
Amytisd1,ThackerBHVESH,1
Amytisd1,TheHinduWarrio1,1
Amytisd1,TheNurpuriya,1
Amytisd1,VinitNarang123,1
Amytisd1,Virendr62094845,1
Amytisd1,dnyadav,1
Amytisd1,ghosh_aroop,1
Amytisd1,gops333,1
Amytisd1,joshibalramr,1
Amytisd1,khan_chowkidar,1
Amytisd1,mohini_chaudhry,1
Amytisd1,narendramodi,1
Amytisd1,nikita_anand,1
Amytisd1,paree7861,1
Amytisd1,sadia_habeeb,1
Amytisd1,sahab_chawla,1
Amytisd1,sambitswaraj,1
Amytisd1,samratsaleem,1
Amytisd1,srinivasiyc,1
Amytisd1,tony_jatinder,1
AnObserversView,RShivshankar,1
AnandMestry,narendramodi,1
AndrabiNadeem,Politics_2022_,1
AndrewWLyngdohM,narendramodi,1
AneArvind,PMOIndia,1
AneArvind,narendramodi,1
AngryMany2k,narendramodi,2
Aniketdhande9,BBCHindi,1
Anil_bade2,DDevikam,1
Anil_bade2,DharmoRakshathi,1
Anil_bade2,JM_Scindia,1
Anil_bade2,JoyKarmaker75,1
Anil_bade2,KarmaaaInstant,1
Anil_bade2,ParasKGhelaanii,1
Anil_bade2,SoniaGurnani19,1
Anil_bade2,SwethaAjeeth,1
Anil_bade2,badri4BJP,1
Anil_bade2,narendramodi,1
Anilcong90,BJP4India,1
Anilcong90,INCIndia,1
Anilcong90,RSSorg,1
Anilcong90,RahulGandhi,1
Anilk15501041,mohitbharatiya_,1
Animeku08335523,BlkpillBrahmin,1
Anirban_AITC,ECISVEEP,1
Anirban_AITC,narendramodi,1
Anjan94150697,INCIndia,1
AnjneyaABhardwa,yadavtejashwi,1
AnkitTiwari_Ji,narendramodi,1
AnkitTiwari_Ji,priyankagandhi,1
AnneeGera,INCIndia,1
AnoopMaheshwar5,ArvindKejriwal,1
AnoopVukka,KaushalyaAmrita,1
AnoopVukka,ShekharGupta,1
AnoopVukka,nramind,1
Anoopsri,AmitShah,1
Anoopsri,BJP4India,1
Anoopsri,BJP4UP,1
Anoopsri,myogiadityanath,1
Anoopsri,narendramodi,1
AnshulAgarwal4,narendramodi,1
Ansonputhoor,BCCI,1
Ansonputhoor,ImRo45,1
AnuppamMathur,BCCI,1
Aravindhapk,BJP4India,1
Aravindhapk,narendramodi,1
ArchanaSriram2,RShivshankar,2
ArjunTv23935794,NatashaOfficiaI,1
Armanmalik9582,narendramodi,1
AroraGirish,AUThackeray,1
AroraGirish,RahulGandhi,1
Arslanhssn,PMOIndia,1
Arslanhssn,narendramodi,1
ArtiGuptaGupta2,QaziShibli,1
ArtiGuptaGupta2,manobalsechal,1
ArunAggarwl,AmitShah,1
ArunAggarwl,BJP4India,1
ArunAggarwl,PMOIndia,1
ArunAggarwl,Republic_Bharat,1
ArunAggarwl,cmohry,1
ArunAggarwl,narendramodi,1
ArunAggarwl,republic,1
ArunAggarwl,sandeepBakshi_,1
ArunvSingh,ZeeNewsEnglish,1
Arvi_N,BJP4India,1
Arvi_N,RahulGandhi,1
Arvi_N,narendramodi,1
Arvi_N,ndtv,1
Arvind_Maurya79,AwanishSharan,1
Arya_India13,RURALINDIA,1
Arya_India13,RajThackeray,1
Aryaniyc,INCIndia,1
AshimKumarPatr2,ANI,1
Ashish31584,narendramodi,1
AshishShr_India,BCCI,1
Ashok59617174,SushmaSwaraj,1
Ashok59617174,narendramodi,1
AshokSGarcha,NabeelaforIL,1
AshokTirumal,narendramodi,1
AshokeRattan,RahulGandhi,1
AshokeRattan,narendramodi,1
AshokeRattan,yadavakhilesh,1
AshwinDharpure,hoomanofculture,1
Asif_DrMed,RahulGandhi,1
AsliNitin,BCCI,1
AsliNitin,IamSanjuSamson,1
Aswadraamamehar,RahulGandhi,1
Aswadraamamehar,htTweets,1
Aswadraamamehar,narendramodi,1
Atif_views,Tiny_Dhillon,1
AtmanRanjit,BJP4Gujarat,1
AtmanRanjit,DhwaniRohini,1
AtmanRanjit,Kaushikdd,1
AtthiDevarajan,narendramodi,1
AtthiDevarajan,rahulkanwal,1
Atullal71,Sanjeev_aap,1
Atullal71,ipathak25,1
Avastga,BCCI,1
AvijitB71615884,BCCI,1
AvijitB71615884,vikrantgupta73,1
AwaazAzad,ShekharGupta,1
AwaazAzad,ThePrintIndia,1
AwaazAzad,arifaajakia,1
AwaazAzad,sbabones,1
AwdheshDube,rohini_sgh,1
AxiDento,BJP4India,1
AxiDento,BJP4Maharashtra,1
AxiDento,annamalai_k,1
AxomBhumiputro,Samuelhmar5,1
AxomBhumiputro,bhedailota,1
Ayush0827,BeingSalmanKhan,1
Ayush0827,BiggBoss,1
Ayush0827,ColorsTV,1
Ayush0827,ShivThakare9,1
Ayush0827,soundarya_20,1
AyushNNA,sbabones,1
AyushNNA,spmrfoundation,1
AzadPakistan16,BCCI,1
AzadPakistan16,CMShehbaz,1
Azhar71972267,imjadeja,1
AzharAs38253172,BCCI,1
AzharAs38253172,klrahul,1
Azhariqbal88,shauntait161,1
BHKspeaks,psychotic_me,1
BLDADHICH,RahulGandhi,1
BLRrocKS,dna,1
BLRrocKS,ishfaq72,1
BSDETTECTOR,Blue250111,1
BSDETTECTOR,CityNewsVAN,1
BSDETTECTOR,MonikaGul,1
BSDETTECTOR,keep_bc,1
BadheRakesh,sampitroda,1
BadiyarRatnesh,GemsOfNaMo,1
BadiyarRatnesh,JPNadda,1
BadiyarRatnesh,RituRathaur,1
BadiyarRatnesh,narendramodi,1
BadiyarRatnesh,yogishield,1
BalamuruganDus3,BCCI,1
BalwinderGulati,BeingSalmanKhan,1
BalwinderGulati,ColorsTV,1
BalwinderGulati,VootSelect,1
BandaruShekhar,charan_tweetz,1
BandeKhuda,Politics_2022_,1
BanerjiChuku,narendramodi,1
BangadAnuj,INCIndia,1
BappaShaAITC,abhishekaitc,1
Baron_Callahan8,BCCI,1
Baron_Callahan8,CricCrazyJohns,1
Baron_Callahan8,mufaddal_vohra,2
Batman34544431,Mohit30282770,1
Batman34544431,Sadhvi_prachi,1
Batman34544431,rahul_1700,1
Batman34544431,uzairmehdiraza,1
BavazirSalma,priyankagandhi,1
BbNamdeo,AAPHaryana,1
BbNamdeo,ArvindKejriwal,1
BbNamdeo,DrSushilKrGupta,1
BbNamdeo,Tanwar_Indian,1
BbNamdeo,anuragdhanda,1
BbNamdeo,satinderneoli,1
Be4rdedBrother,Katie23626427,1
Be4rdedBrother,Nigel_Farage,1
Be4rdedBrother,SuellaBraverman,1
Be4rdedBrother,elaine_stott,1
Beast_xx_,CricCrazyJohns,1
Being_Sumeet88,BCCI,1
Being_Sumeet88,ImRo45,1
Being_Sumeet88,rahuldravid_ind,1
BernardDmello,RahulGandhi,1
BernardDmello,ShefVaidya,1
BernardDmello,TVMohandasPai,1
BernardDmello,VinayakVBhatta,1
BernardDmello,narendramodi,1
Besafe_besaved,BJP4India,1
Besafe_besaved,narendramodi,1
Bhaavinpurohit,BJP4India,1
Bhaavinpurohit,INCIndia,1
Bhaavinpurohit,PMOIndia,1
Bhaavinpurohit,RahulGandhi,1
Bhaavinpurohit,narendramodi,1
Bhagva_Dhvaj,BJP4Maharashtra,1
Bhagva_Dhvaj,Dev_Fadnavis,1
Bhagva_Dhvaj,DrHeena_Gavit,1
Bhagva_Dhvaj,DrPritamMunde,1
Bhagva_Dhvaj,SmitaWagh2,1
Bhagva_Dhvaj,khadseraksha,1
Bhagva_Dhvaj,narendramodi,1
Bhagva_Dhvaj,poonam_mahajan,1
Bhalamaanas,doc_hormone,1
Bhalamaanas,goodmen761,1
BharatEkHe,BJP4India,1
BharatEkHe,TajinderBagga,1
BharatEkHe,priyankac19,1
BharatJayate,IndiaToday,1
BharatJayate,aajtak,1
BharatJayate,narendramodi,1
BharatJayate,rahulkanwal,1
BharatJayate,supriyapd,1
BharatMatakBeta,klrahul,1
Bharath12450842,sardesairajdeep,1
Bharath12450842,sbabones,1
BharathVaasi_18,_LKAdvani,1
BhartiyaHegemon,JoeAgneya,1
Bhaskar88804426,BCCI,1
Bhaskar88804426,SGanguly99,1
Bhaskar88804426,rahuldravid_ind,1
BhatIdu1,jkmediasocial,1
Bhavesh99T,RahulGandhi,1
Bhupend62452172,sardesairajdeep,1
Bhupend73349872,rohini_sgh,1
BiIndia,narendramodi,1
BigBongTheory,LFC,1
BigBongTheory,republic,1
BikkiRai5,ashoswai,1
Binary_Pixis,elonmusk,1
BiswalNatabar,BCCI,1
BiswasNabhendu,ColorsTV,1
BiswasNabhendu,EndemolShineIND,1
BloomM2345,Alpacanyaa,1
BloomM2345,ShekharGupta,1
BloomM2345,ThePrintIndia,1
BloomM2345,sbabones,1
Blunttr24426432,ARr2301,1
Blunttr24426432,MirzaSania,1
Blunttr24426432,SecularGuy7,1
Bnb10318436,BCCI,1
Bobby94Bobby,NabeelaforIL,1
Bobby94Bobby,neerajrai_in,1
BoseGoura,drajoykumar,1
Brajesh96225872,Dr_Uditraj,1
BrijeshnathPan2,YouTube,1
BrownGed,andcouldheplay7,1
BrownGed,noblethespian,1
Brownkid7,rahulvaidya23,1
BukhariAasma,NidaKirmani,1
BullahKondukuri,Sassy_Soul_,1
BullahKondukuri,zakraaaaa,1
Burhan26173830,shubhankrmishra,1
ByragoniGoud,GemsOf_Politics,1
CAkisetty,BCCI,1
CAkisetty,IamSanjuSamson,1
CAkisetty,ImRo45,1
CAkisetty,NotDravid,1
CAkisetty,SGanguly99,1
CAkisetty,klrahul,1
CBNSupporter1,Adarsh____gupta,1
CBNSupporter1,elonmusk,1
CIVILKHAN1,RaoKavitha,1
CIVILKHAN1,_SampathKP,1
CIVILKHAN1,ashok9786_,1
CIVILKHAN1,ybemani,1
CNBCTV18Live,archanajsr,1
CPRGuv,AmitShah,1
CS1975Ind,IamAjaySehrawat,1
CSAS_UCSC,PSainath_org,1
CSAS_UCSC,UshaIyer17,1
CSAS_UCSC,duanaful,1
CSAS_UCSC,durbakatha,1
CSAS_UCSC,sepoy,1
CSP_999,MohsinBaigMedia,1
CantBullshit,sharmavinay___,1
CaptAKJ,ANI,1
CaptainNikee,AnthonyEhilebo,1
Cas_Spontaneity,Lubabalo_GN,1
Cas_Spontaneity,ratedAMAN,1
CdrPawanSanan,DrGPradhan,1
CdrPawanSanan,narendramodi,1
CdrPawanSanan,shweta_ohri,1
ChahalTv,PMOIndia,1
ChahalTv,narendramodi,1
Champ78s,BCCI,1
Champ78s,chetans1987,1
Chanakya_Neethi,GeneralBakshi,1
Chanakya_Neethi,adgpi,1
Chanakya_Neethi,majorgauravarya,1
Chandan41867897,sudhirchaudhary,1
Chandan487,RahulGandhi,1
Chandan487,bharatjodo,1
ChandeRajan,gauravbjp4india,1
Chander75177644,AnitaMi70816142,1
Chander75177644,HalchalPandeyG,1
Chander75177644,Jai_Shree_Ram_G,1
ChandraMohanUp6,MPNeerajShekhar,1
ChandraMohanUp6,myogiadityanath,3
ChandraMohanUp6,narendramodi,1
Chandradev_123,AamAadmiParty,1
Chandradev_123,ArvindKejriwal,1
CharndeepDosan2,PippaCrerar,1
CharndeepDosan2,breeallegretti,1
CharndeepDosan2,svelji,1
Chetansingh3,BJP4India,1
Chetansingh3,RahulGandhi,1
Chetansingh3,narendramodi,1
ChimiCh62611184,Osho_vam,1
ChimiCh62611184,Rajkamal_bm,1
ChimiCh62611184,ShekharGupta,1
ChimiCh62611184,pratsena,1
Chokidar_AK47,BJP4India,1
Chokidar_AK47,MajorPoonia,1
Chokidar_AK47,ReallySwara,1
Chokidar_AK47,ShaliniBrajesh1,1
Chokidar_AK47,dhruv_rathee,1
Chokidar_AK47,narendramodi,1
Chokidar_AK47,zapatta091,1
Choprajee,YouTube,1
ChuckSingh6,VJjha,1
Cleanindia141,AmitShah,1
Cleanindia141,DrKumarVishwas,1
Cleanindia141,PMOIndia,1
Cleanindia141,SushmaSwaraj,1
Cleanindia141,arunjaitley,1
Cleanindia141,manoharparrikar,1
Cleanindia141,narendramodi,1
Cleanindia141,nitin_gadkari,1
Cleanindia141,rashtrapatibhvn,1
CoachShirazee,RubikaLiyaquat,1
ConnectGujarat,AmitShah,1
ConnectGujarat,RajThackeray,1
ConnectGujarat,narendramodi,1
CoolMadras,ikamalhaasan,1
CritiquesAAP,AOC,1
CupidWitty,caricatured,1
Curious_Shiva,Vanitha06119914,1
Curious_Shiva,mkstalin,1
D87948263,RohitashwT,1
D87948263,Surya_God,1
D87948263,hbfetr,1
DAspeakz,CNNnews18,1
DAspeakz,OfficeOfKNath,1
DAspeakz,bhupendrachaube,1
DAspeakz,narendramodi,1
DEArdeshir,sanjeevsanyal,1
DEBABRA23658829,gkaps05,1
DEBABRA23658829,imjadeja,1
DEBABRA23658829,indian_aka,1
DEBABRA23658829,joinmohanavel,1
DGaybba,Buildingour2mo,1
DGaybba,MYANC,1
DGaybba,SportArtsCultur,1
DGaybba,StateCaptureCom,1
DGaybba,Tourism_gov_za,1
DGaybba,XMzolisi,1
DGhosh75,htTweets,1
DGhosh75,narendramodi,1
DHGaikwad12,SudheenKulkarni,1
DKSHARMA358,ArvindKejriwal,1
DKSHARMA358,Mayawati,1
DKSHARMA358,aajtak,1
DKSHARMA358,narendramodi,1
DPKNAMBIAR,ANI,1
DPKNAMBIAR,narendramodi,1
DVMahindru,sambitswaraj,1
DVS668899,Enraged_Indian,1
DVS668899,zoo_bear,1
DaharwalK,timesofindia,1
Daman_Gil,GAURAV__TYAGI,1
Daman_Gil,kbssidhu1961,1
DaminiQuotes,narendramodi,1
DamodarHegde4,AshkyaA1949jan,1
DamodarHegde4,AshokShrivasta6,1
DamodarHegde4,Jairam_Ramesh,1
DamodarHegde4,RahulGandhi,1
DamodarHegde4,SoniaGandhi_FC,1
DamodarHegde4,kharge,1
Danishbandarkar,AshokChavanINC,1
DattaAshis,JhaSanjay,1
DattaAshis,ShashiTharoor,1
DebTheRoy,BJP4India,1
DebTheRoy,PMOIndia,1
DebTheRoy,arunjaitley,1
DebTheRoy,narendramodi,1
DebadattaPani10,ANI,1
DeepakFebdaewoo,BJP4India,1
DeepakFebdaewoo,INCIndia,1
DeepakFebdaewoo,drharshvardhan,1
DeepakFebdaewoo,myogiadityanath,1
DeepakFebdaewoo,narendramodi,1
DeepakThakur_10,narendramodi,1
DeepalTrevedie,BJP4India,1
DeepalTrevedie,ECISVEEP,1
DeepalTrevedie,INCIndia,1
DeepalTrevedie,RahulGandhi,1
DeepalTrevedie,narendramodi,1
DeependraMSinha,narendramodi,1
Deepspeaks_,Naveen_Odisha,1
Deepspeaks_,narendramodi,1
Deepspeaks_,priyankagandhi,1
DeeptiSachdeva_,narendramodi,1
Desai93Harsh,kunalkamra88,1
Desai93Harsh,narendramodi,1
DesanaLiving,binurajnair,1
DesanaLiving,drthomasisaac,1
Dev4flex,ashokdasDDastak,1
Devendr63293146,Voice_For_India,1
Devilindtail,ANI,1
Devilindtail,Arun2981,1
Devilindtail,Mystic1371,1
Devilindtail,Pavan6118,1
Devilindtail,PikchuPica,1
DharmaSastra_,ChampaiSoren,1
DharmaSastra_,DeepikaSRajawat,1
DharmaSastra_,KTRTRS,1
DharmaSastra_,RajeevRai,1
DharmaSastra_,Subhash_Desai,1
DharmaSastra_,TRBRajaa,1
DharmaSastra_,U2Brutus_off,1
DharmaSastra_,isai_,1
DharmaSastra_,juhiesingh,1
DharmaSastra_,prakashraaj,1
DharmaSastra_,ysathishreddy,1
Dhavalenc,BJP4India,1
Dhavalenc,HardikPatel_,1
Dhavalenc,INCIndia,1
Dhavalenc,RahulGandhi,1
Dhavalenc,makemytrip,1
Dhavalenc,mamt,1
Dhavalenc,narendramodi,1
Dhavalenc,priyankagandhi,1
Dheeraj10106770,AmitShah,1
Dheeraj10106770,BJP4India,1
Dheeraj10106770,Dranita_arya,1
Dheeraj10106770,ManojTiwariMP,1
Dheeraj10106770,ShyamSJaju,1
Dheeraj10106770,narendramodi,1
Dheeraj10106770,nsitharaman,1
Dheeraj10106770,siddharthanbjp,1
DheerajVamsi2,afg12625055,1
DheerajVamsi2,itskrishweets,1
DheerajVamsi2,letscinema,1
DhirendraMeht11,AmitShah,1
DhirendraMeht11,BJP4India,1
DhirendraMeht11,IndianExpress,1
DhirendraMeht11,htTweets,1
DhirendraMeht11,narendramodi,1
DhirendraMeht11,timesofindia,1
DingBull,ndtv,1
Dipesh__Indian,AAPGujarat,1
Dipesh__Indian,BJP4Gujarat,1
Dipesh__Indian,DevendraBhatn10,1
Dipesh__Indian,INCGujarat,1
Dipesh__Indian,Janak_Sutariyaa,1
Dipesh__Indian,devanshijoshi71,1
Divineedge111,RajatSharmaLive,1
Divinelove11550,DashDobrofsky,1
Divinelove11550,jack,1
DivjotShergill,DeepakAnandMPP,1
DivjotShergill,hhc_mississauga,1
DiwaDk,Tamilnadu,1
Diwakar19357040,ArvindKejriwal,1
Dk18398855,VamsiChandran,1
DneshGoel,ManojTiwariMP,1
DneshGoel,drharshvardhan,1
DneshGoel,narendramodi,1
DneshGoel,p_sahibsingh,1
DneshGoel,rameshbidhuri,1
DocShivuAnand,ImRo45,1
DocShivuAnand,tanayvasu,1
Doccaring,ptrmadurai,1
Doccaring,puram_politics,1
Doccaring,tamizhselvan01,1
DrAniketMishra,AmitShah,1
DrAniketMishra,BJP4Bihar,1
DrAniketMishra,BJP4India,1
DrAniketMishra,News18Bihar,1
DrAniketMishra,NitinNabin,1
DrAniketMishra,ZeeNewsHindi,1
DrAniketMishra,mangalpandeybjp,1
DrAniketMishra,narendramodi,1
DrAniketMishra,nkishoreyadav,1
DrAniketMishra,rsprasad,1
DrAniketMishra,schaurasiabjp,1
DrDevTheWater,realimrannazir4,1
DrFariyaBukhari,ImranKhanPTI,1
DrFariyaBukhari,UKPTIOfficial,1
DrIBLal_Indian,Jairam_Ramesh,1
DrIBLal_Indian,JarkiholiSatish,1
DrNeera04005800,TheShudra,1
DrRGAnandIND,AmitShah,1
DrRGAnandIND,HMOIndia,1
DrRGAnandIND,blsanthosh,1
DrRShetty1,AdvaniLalkrishn,1
DrRShetty1,BJP4India,1
DrRShetty1,PMOIndia,1
DrSalman_Arshad,LadyVelvet_HFQ,1
DrSalman_Arshad,Sriniva03524414,1
DrSalman_Arshad,cchained_django,1
DrShahrukhPT,jayantrld,1
Dr_GautamMKCG,narendramodi,1
DrjpreddyReddy,sardesairajdeep,1
DudeUtkarsh007,Sohamjus,1
DudeUtkarsh007,SonamUp17891405,1
DudeUtkarsh007,The_true_Jay,1
DudeUtkarsh007,VGeek4,1
DudeUtkarsh007,bhairav_hara,1
DunCat9,narendramodi,1
DurgaBhat3,AMIT_GUJJU,1
DurgaBhat3,imjadeja,1
DurgaMenon,iam_manojgoenka,1
DurgaMenon,narendramodi,1
DwivediNavratan,narendramodi,1
DwivediNavratan,narendramodi_in,1
EAGLEEY61238972,CMOTamilNadu,1
EAGLEEY61238972,VanniArasu_VCK,1
ECKolkata,BJP4India,1
ECKolkata,narendramodi,1
ED09080,unpaidcrazen5,1
EOTWorld28,JhaSanjay,1
ETNOWlive,MoCA_GoI,1
ETNOWlive,RailMinIndia,1
ETNOWlive,narendramodi,1
ET_1963,BJP4India,1
ET_1963,IndiaToday,1
ET_1963,narendramodi,1
ET_1963,sardesairajdeep,1
EWIG360,narendramodi,1
Earthboundmsftt,ZeekArkham,1
Eeshaya_Namahaa,sardesairajdeep,1
Emmanue75016526,Ekwulu,1
Emmanue75016526,RealOlaudah,1
Emmanue75016526,mmsalami36,1
Enarkay2,Ethirajans,1
Ethicalgiant,RahulGandhi,1
Ethicalgiant,SupriyaShrinate,1
Ethicalgiant,narendramodi,1
EvilRage8,Harshit32994781,1
EvilRage8,MishiAmit,1
EvilRage8,SKY_x_lord,1
EvilRage8,muslimmalik900,1
ExpertNoman,zartajgulwazir,1
FNgocubsgo,AlexODiazNV,1
FNgocubsgo,Aseemru,1
FNgocubsgo,JakeRugh,1
FNgocubsgo,Thorongil16,1
FNgocubsgo,paulsgkim,1
FOX_IN_THE_BOX7,puram_politics,1
Faltu_Account_,sardesairajdeep,1
Farooquias,recycleindia,1
Farwa_56,ArfaSays_,1
Fehlermaker,arpitrage,1
FekoRepublic,BJP4India,1
FekoRepublic,cobrapost,1
FekoRepublic,iKabirBedi,1
FekoRepublic,narendramodi,1
FinalPoint8,rohini_sgh,1
FinancialBrdm,AmitShah,1
FinancialBrdm,AmitShahOffice,1
FinancialBrdm,OfficeOfRKSingh,1
FinancialBrdm,PMOIndia,1
FinancialBrdm,TajinderBagga,1
FinancialBrdm,mlkhattar,1
FinancialBrdm,narendramodi,1
FinancialBrdm,nsitharaman,1
Flickrj316,Same_Sarikei,1
FotoKollect,ANI,1
FoxWolf49389920,timesofindia,1
FrancisColumbo,Bbmorg,1
FrancisColumbo,FromAnimalFarm,1
Francis_Joseph,elonmusk,1
Frodopickz,DharmaPersona1,1
Frodopickz,fartsmcfarsson,1
Frodopickz,hwaters80,1
Frodopickz,stillgray,1
Fun2sh15,ArvindKejriwal,1
Fun2sh15,vijaygajera,1
FunKhor,ChampaiSoren,1
FunKhor,KTRTRS,1
FunKhor,KonathamDileep,1
FunKhor,LambaAlka,1
FunKhor,ManojSinghKAKA,1
FunKhor,SonikShivam,1
FunKhor,TRBRajaa,1
FunKhor,aartic02,1
FunKhor,isai_,1
FunKhor,prakashraaj,1
FunKhor,rajakumaari,1
FunKhor,ysathishreddy,1
FundntoHate,IAMCouncil,1
FundntoHate,StopFundingHate,1
FundntoHate,UN,1
FundntoHate,hrw,1
FurqanYousafzae,BCCI,1
FurqanYousafzae,yuzi_chahal,1
GADDAMPRASHANTH,rubysahotalib,1
GADDAMPRASHANTH,theJagmeetSingh,1
GConnaughton,theJagmeetSingh,1
GKSunil,Mystic_VJ,1
GKab35,Codie_Sanchez,1
GR807,RahulGandhi,1
GR_MUNDEL_,BCCI,1
GR_MUNDEL_,IamSanjuSamson,1
GR_MUNDEL_,JATbera1,1
GR_MUNDEL_,PremSChoudhary,1
GSubramaniam18,AmitShah,1
GSubramaniam18,narendramodi,1
GSubramaniam18,priyankac19,1
GSubramaniam18,uddhavthackeray,1
GajananRj,ANI,1
GajananRj,DDNewsHindi,1
GajananRj,PTI_News,1
GajananRj,ZeeNews,1
GajananRj,aajtak,1
GalivarStewie,SHIVALINGKAMBL7,1
GalivarStewie,ndtv,1
GalivarStewie,prajavani,1
GanapathyNalla1,svembu,1
GandharBhandari,kunalkamra88,1
GandharBhandari,narendramodi,1
Gandhi22Mahatma,bhavi_kap,1
GaneshG37503871,YSRCParty,1
GaneshG37503871,ysjagan,1
GargMrsandeep,narendramodi,1
GargNeel,ArvindKejriwal,1
GasHoles,imjadeja,1
GauRakshaBill,elonmusk,2
GauRakshaBill,nichegamer,1
GaurUjjwal,narendramodi,1
GaurUjjwal,sardanarohit,1
GaurangSapre,RahulGandhi,1
GaurangSapre,waglenikhil,1
Geeta_Mohan,AmitShah,1
Geeta_Mohan,BJP4India,1
Geeta_Mohan,narendramodi,1
GemsSecularism,GemsOfNaMo,1
GemsSecularism,Hindu_League,1
GemsSecularism,Muktak8,1
GemsSecularism,MuslimLeagueBJP,1
GemsSecularism,gganeshhh,1
GemsSecularism,hgenocidewatch,1
GemsSecularism,kapildsharma,1
GemsSecularism,pahadanldki_SK,1
GemsSecularism,ratihegde,1
GemsSecularism,ravi_enigma,1
GeneralMeow61,INCIndia,1
GeneralMeow61,narendramodi,1
Ghumakkadtweet,SGanguly99,1
Gillu_Kaliya,INCIndia,1
Gillu_Kaliya,RahulGandhi,1
Girish_kaliwada,BCCI,1
Girish_kaliwada,GautamGambhir,1
Girish_kaliwada,Noor_Marriii,1
Girish_kaliwada,RaviShastriOfc,1
Girish_kaliwada,ianuragthakur,1
GiteshKarsh11,DennisCricket_,1
GoatsPostingWs,Duncehelmet,1
Godspreciousmo1,Rup_INC,1
Godspreciousmo1,itsmeKNR,1
Godspreciousmo1,narendramodi,1
GoldenEagleView,narendramodi,1
GopalKeshri,BJP4India,1
GopalKeshri,narendramodi,1
GouravPargal,AamAadmiParty,1
GouravPargal,ArvindKejriwal,7
GouravPargal,BJP4Delhi,2
GouravPargal,BJP4India,2
GouravPargal,Dlsandeepthakur,1
GouravPargal,adeshguptabjp,1
GouravPargal,ashishsood_bjp,2
GouravPargal,blsanthosh,2
GouravPargal,ldsinghbjp,1
GouravPargal,poonamguptabjp,1
Governor_soon,VictorIsrael_,1
Govinda63106467,RahulEaswar,1
Govinda63106467,SadhviPragya_MP,1
Govinda63106467,narendramodi,1
GudduKasana,mufaddal_vohra,1
Guglu86665822,DennisCricket_,1
Gulamrasoolsha6,INCIndia,1
GulshanRaiNBT,NavbharatTimes,2
GulshanRaiNBT,SandhyaTimes4u,1
GulshanRaiNBT,narendramodi,1
GuptaPragnya,RahulGandhi,1
GurjarTejinder,INCMaharashtra,1
HALDERG12,ndtv,1
HIMANSH07883075,AamAadmiParty,1
HIMANSH07883075,AmitShah,1
HIMANSH07883075,ArvindKejriwal,1
HIMANSH07883075,BJP4India,1
HIMANSH07883075,INCIndia,1
HIMANSH07883075,RahulGandhi,1
HIMANSH07883075,SwarajyaMag,1
HIMANSH07883075,narendramodi,1
HIMANSH07883075,ndtv,1
HIMANSH07883075,prasannavishy,1
HIMANSH07883075,priyankac19,1
HIMANSH07883075,republic,1
HIMANSH07883075,rssurjewala,1
HIMANSH07883075,timesofindia,1
HMRajput2601,SonyElectronics,1
HMRajput2601,iihtishamm,1
HMRajput2601,manojravi35,1
HMRajput2601,mybirdeyedee,1
HRSAVOFFICIAL,HardikY69010412,1
HRSAVOFFICIAL,RameezAziz13,1
HRSAVOFFICIAL,hania_ali12,1
HRSAVOFFICIAL,iihtishamm,1
HaloedPayload,MistyMVD,1
HaloedPayload,StevenDickens3,1
HaloedPayload,WolvesMass,1
HaloedPayload,gseukc,1
HaloedPayload,wlv_uni,1
HamzaCh27,CMShehbaz,1
HamzaCh27,GaneshTadigada1,1
HamzaCh27,IrfanPathan,1
Hanuman_Shakti,LoboFrederick,2
Hanuman_Shakti,RanaAyyub,2
Hanuman_Shakti,RaviSingh_14,1
Hanuman_Shakti,Teja2203,3
Hanuman_Shakti,Voice_For_India,3
Hardik02803301,MahuaMoitra,1
HarendraSingh66,ManishTewari,1
HarendraSingh66,RajivPratapRudy,1
HarendraSingh66,politico,1
HarmeekSJ,RahulGandhi,1
HarveyS95682467,RShivshankar,1
HasekarAshish,Shefali_bagga09,1
Hawk25166094,epanchjanya,1
HeerJeet,Wilson__Valdez,1
Heisenberg369,ShankhNaad,1
HelpPolitics,BJP4India,1
HelpPolitics,DDNewsHindi,1
HelpPolitics,DRDO_India,1
HelpPolitics,DefenceMinIndia,1
HelpPolitics,DrSubhashMoS,1
HelpPolitics,GVLNRAO,1
HelpPolitics,HALHQBLR,1
HelpPolitics,PIBHindi,1
HelpPolitics,PIB_India,1
HelpPolitics,PMOIndia,1
HelpPolitics,SpokespersonMoD,1
HelpPolitics,airdefencenews,1
HelpPolitics,drajaykumar_ias,1
HelpPolitics,narendramodi,3
HelpPolitics,ncbn,1
HelpPolitics,nsitharaman,1
HelpingHandsJSP,PawanKalyan,1
HelpingHandsJSP,bolisetti_satya,1
Hewkolmh,JagdeepSingh_NY,1
Hewkolmh,PoliticsPunj774,1
Hewkolmh,mydearspock12,1
Himansh83891303,hazharoon,1
Himanshupal999,pankhuripathak,1
HinduHeisenberg,sardesairajdeep,1
HiralalShishoo,AMISHDEVGAN,1
HiralalShishoo,republic,1
Hitesh74159552,RVCJ_FB,1
Hoysalagowda29,AmitShah,1
Hoysalagowda29,BJP4Karnataka,1
Hoysalagowda29,KailashOnline,1
Hoysalagowda29,ShobhaBJP,1
Hoysalagowda29,Sunil_Deodhar,1
Hoysalagowda29,TVMohandasPai,1
Hoysalagowda29,amitmalviya,1
Hoysalagowda29,amritabhinder,1
Hoysalagowda29,davidfrawleyved,1
Hoysalagowda29,narendramodi,1
Hoysalagowda29,smritiirani,1
HrushikeshKalse,BDUTT,1
HrushikeshKalse,abhisar_sharma,1
HudaZahira,ShyamMeeraSingh,1
Huraira22928613,ESPNcricinfo,1
IMA_Indian,IVig100,1
IMA_Indian,Politics_2022_,3
IMA_Indian,jagdishthakormp,1
IMSandiPatel,narendramodi,1
IM_wat_IM_007,BJP4India,1
IM_wat_IM_007,DeeptiSachdeva_,1
IM_wat_IM_007,INCIndia,1
IM_wat_IM_007,RahulGandhi,1
IM_wat_IM_007,narendramodi,1
INCAseemKP,INCIndia,1
INCAseemKP,RahulGandhi,1
INCAseemKP,drshamamohd,1
INC_KONARKKD,RahulGandhi,1
INCdilse,BRAKINGNEWS2019,1
INCdilse,RShivshankar,1
INCdilse,TimesNow,1
INCdilse,barandbench,1
INCdilse,rachitseth,1
INFE_J,ANI,1
INFE_J,ptrmadurai,1
INFE_J,yadavtejashwi,1
IPQEES,rohini_sgh,1
IPQEES,t_d_h_nair,1
IPR_IND,srinivasiyc,1
IRahulPandey1,BJP4India,1
IRahulPandey1,INCIndia,1
IRahulPandey1,RahulGandhi,1
IRahulPandey1,narendramodi,1
ISamuelPaul,ndtv,1
IShivKRoy,BJP4India,1
IShivKRoy,narendramodi,1
IShivKRoy,priyankagandhi,1
I_Anuj_Bhardwaj,Anujj_Sharmaa,1
I_Shubham1993,GauravBaghel16,1
I_Shubham1993,SharmausUmesh,1
I_Shubham1993,swadesh171,1
I_Shubham1993,vishalsinghbjp,1
IamNRGe,SushmaSwaraj,1
IamNRGe,narendramodi,1
Iamkd_5,BJP4India,1
Iamkd_5,PriyaDutt_INC,1
Iamkd_5,duttsanjay,1
Iamkd_5,narendramodi,1
Iamkd_5,owenroncon,1
IanWessels2,DanielaNadj,1
IanWessels2,Roberthastosay,1
Ias107,Metro267,1
Ias107,Prash_verse,1
Ias107,RockSta35554285,1
Ias107,Sam24331788,1
Ias107,SharjeelUsmani,1
Ias107,zamindarshah,1
IcarusPunk21,keyzer_soze08,1
IftikharD,Indian46516018,1
IftikharD,narendramodi,1
IftikharD,nehasamee11,1
ImAliQureshi,BJP,1
ImAliQureshi,narendramodi,1
ImAliQureshi,peaceforchange,1
ImSudeepEkka,BCCI,1
InDialogueForum,blsanthosh,1
IndSpeaks_,elonmusk,1
InderJeetMalho5,JM_Scindia,1
Indi_Sanatani,ShekharGupta,1
Indi_Sanatani,ThePrintIndia,1
Indi_Sanatani,sbabones,1
IndiaFirst86,AmitShah,1
IndiaFirst86,narendramodi,1
IndiaToday,narendramodi,1
IndiaToday,priyankagandhi,1
India_Bharath_,Shivakumaraaa,1
India_Bharath_,hindustanukk,1
India_Bharath_,kannadastar1234,1
India_Bharath_,rad_kannadiga,1
India_Bharath_,rk18051997,1
India_on_move,Indian2001Shibu,1
India_on_move,Politics_2022_,1
Indian199413,sardesairajdeep,1
Indian32165606,rohini_sgh,1
IndianMonkSoul,rohini_sgh,1
IndianTrainFan,SushantBSinha,1
Indian_Brawls,ARanganathan72,1
Indian_Brawls,AamAadmiParty,1
Indian_Brawls,GirlyDisposish,1
Indian_Brawls,HMOIndia,1
Indian_Brawls,INCIndia,1
Indianinjapan,KhaledBeydoun,1
Indianinjapan,RameshP1122,1
Indianinjapan,shamshad_kne,1
Indinomics,centerofright,1
Indinomics,vijaygajera,1
IndrapramitDas,lexomatic,1
Infinityandy,ANI,1
Inmyownway3,Indian_Analyzer,1
InsideMegatron,ReallyAmerican1,1
IntekhabAlamINC,Politics,1
InterpolHere,MumbaichaDon,1
InterpolHere,marathikedar,1
InvisibleVoter_,AamAadmiParty,1
InvisibleVoter_,BJP4India,1
InvisibleVoter_,INCIndia,1
InvisibleVoter_,PMOIndia,1
InvisibleVoter_,PMOIndia_LIVE,1
InvisibleVoter_,RahulGandhi,1
InvisibleVoter_,narendramodi,1
InvisibleVoter_,priyankagandhi,1
IsAllReallyWell,AlongImna,1
IsAllReallyWell,narendramodi,1
Ithefarhan,arunjaitley,1
Ithefarhan,narendramodi,1
ItsFarazUddin,Being_Humor,1
ItsSK007,RahulGandhi,1
ItsSK007,narendramodi,1
Its_punam,NaveenS13816664,1
ItshakRafeh04,narendramodi,1
Itssaurabh,IndiaToday,1
Itssaurabh,SwetaSinghAT,1
Itssaurabh,aajtak,1
Itssaurabh,anjanaomkashyap,1
Itssaurabh,narendramodi,1
Itssaurabh,rahulkanwal,1
Itssaurabh,sagarikaghose,1
Itssaurabh,sardesairajdeep,1
JAAN0000007,klrahul,1
JAYANTH_66,AAArtsOfficial,1
JAYANTH_66,AbhishekOfficl,1
JAYANTH_66,indumalhotra3,1
JAYANTH_66,kaalisudheers,1
JAYANTH_66,vivekagnihotri,1
JAYRAJ2008,RahulGandhi,1
JAYRAJ2008,narendramodi,1
JGerrings,misstessie82,1
JGerrings,statsjamie,1
JITENDRATW,PMOIndia,1
JITENDRATW,narendramodi,1
JITENDRATW,sagarikaghose,1
JKC1081,Italian347,1
JOSEPHMAHALSON,JayShah,1
JOSEPHMAHALSON,amarprasadreddy,1
JPShukl53027142,RajatSharmaLive,1
JPareeek,_lokeshsharma,1
JPareeek,ashokgehlot51,1
JadavBhadresh3,BJP4India,1
JadavBhadresh3,INCIndia,1
JadavBhadresh3,IndianFootball,1
JadavBhadresh3,mpa_india,1
Jaggu_ind,AmitShah,1
Jaggu_ind,BJP4Dhanbad,1
Jaggu_ind,BJP4Dhanbad1,1
Jaggu_ind,BJP4India,1
Jaggu_ind,BJP4Jharkhand,1
Jaggu_ind,BJPJharkhand,1
Jaggu_ind,BJYM,1
Jaggu_ind,Bjym4dhanbad,1
Jaggu_ind,Pashupatinaths4,1
Jaggu_ind,bjym4jharkhand,1
Jaggu_ind,dasraghubar,1
Jaggu_ind,dc_dhanbad,1
Jaggu_ind,narendramodi,1
Jaggu_ind,rajsinhabjp,1
Jaggu_ind,teamjharkhand,1
Jai57542763,VinodDX9,1
Jai57542763,kalayatasmainma,1
Jai57542763,mohitbhagwati,1
JaiKishen17,surajyengde,1
Jai_prakash_NTD,Vikash_Meenaa,1
Jaiharishbjp,narendramodi,1
JainSauhard,INCIndia,1
JamdadeShreyas,BJP4India,1
JamdadeShreyas,INCIndia,1
JamdadeShreyas,PMOIndia,1
JamdadeShreyas,PawarSpeaks,1
JamdadeShreyas,RahulGandhi,1
JamdadeShreyas,SushmaSwaraj,1
JamdadeShreyas,narendramodi,1
JamdadeShreyas,narendramodi_in,1
JamdadeShreyas,rajnathsingh,1
JanasenaFor4AP,PawanKalyan,1
JashubenKorat,narendramodi,1
Jaskat8,amitmalviya,1
JayashankarKV,amarprasadreddy,1
Jayeshngautami,RahulGandhi,1
Jeetu4119,AUThackeray,1
Jeetu4119,RahulGandhi,1
Jeetu4119,ShivSena,1
Jeetu4119,priyankac19,1
Jeetu4119,rohini_sgh,1
JhaashokinA,ShekharGupta,1
JhaashokinA,ThePrintIndia,1
JhaashokinA,republic,1
JhaashokinA,sbabones,1
Jia22071342,Abhisek17191664,1
Jia22071342,Himanshu3750,1
Jia22071342,SatishRay_,1
JishnuTimes,ImAnkitRajendra,1
JishnuTimes,the_hindu,1
JitendraP08,zoo_bear,1
JiteshJ4jit1921,rishibagree,1
JiveshRanjanSar,AMISHDEVGAN,1
JiveshRanjanSar,Modi,1
JiveshRanjanSar,narendramodi,1
JogulambaV,naralokesh,1
JogulambaV,narendramodi,1
JogulambaV,ncbn,1
JoramTat4,DefenceMinIndia,1
JoramTat4,KirenRijiju,1
JoramTat4,PMOIndia,1
JoramTat4,PemaKhanduBJP,1
JoramTat4,arunjaitley,1
JoramTat4,narendramodi,1
JoramTat4,nsitharaman,1
JoramTat4,sarbanandsonwal,1
Josh99992,BTR_KTR,1
Josh99992,GulabiDalapati,1
Josh99992,ImEsthy,1
Josh99992,KTRTRS,1
Josh99992,KTR_News,1
Josh99992,KonathamDileep,1
Josh99992,RajuTrived,1
Josh99992,TRSTechCell,1
Josh99992,TSwithKCR,1
Josh99992,krishanKTRS,1
Josh99992,trsinnews,1
Josh99992,trspartyonline,1
Jothima32505409,ESPNcricinfo,1
JpMallah,BCCI,1
JugnuJee,AmitShah,1
JugnuJee,RajatSharmaLive,1
JugnuJee,SushantBSinha,1
JugnuJee,narendramodi,1
JugnuJee,sardanarohit,1
JugnuJee,sudhirchaudhary,1
KALEEMPKM,BBCBreaking,1
KALEEMPKM,BJP4Karnataka,1
KALEEMPKM,CMOGuj,1
KALEEMPKM,CNNnews18,1
KALEEMPKM,EbullientMind,1
KALEEMPKM,INCIndia,1
KALEEMPKM,gokula15sai,1
KALEEMPKM,narendramodi,1
KALEEMPKM,timesofindia,1
KALEEMPKM,unoffarnab,1
KHoltJr,NikkiHaley,1
KJagadeeshReddy,BCCI,1
KKalyanaraman4,arunjaitley,1
KMRPRASAD95,rohini_sgh,1
KMShrma,narendramodi,1
KPRJGhostEelam,BCCI,1
KSF_H1,badshahpashten,1
KULDEEPGROVER58,ANI,1
Kadamtweet,ANI,1
Kadamtweet,BJP4India,1
Kadamtweet,INCIndia,1
Kadamtweet,RahulGandhi,1
Kadamtweet,narendramodi,1
Kalaam67367960,priyamvadami,1
Kalaam67367960,tomtomatoe,1
Kalaam67367960,yusufpore,1
KaliyugDEITY,rajsinghchohan,1
KalpeshDec87,Indian_Analyzer,1
Kamal1800,TajinderBagga,1
KamathThushar,Politics_2022_,1
KamathThushar,mufaddal_vohra,1
KanchenjungaEve,alkalien,1
KangMalvinder,raghav_chadha,1
Kanilroy3,AAPGoa,1
Kanilroy3,AAPInNews,1
Kanilroy3,AAPMaharashtra,1
Kanilroy3,AAPPune,1
Kanilroy3,AamAadmiParty,1
Kanilroy3,JoinAAPMaha,1
Kanilroy3,aappunjab01,1
Kannandev27,ImRo45,1
KapilBh55127745,j_garima_j,1
KapilBh55127745,sagarcasm,1
Karachiwali9335,YrrrFahad_,2
Karachiwali9335,nitishsharma44,2
Karmaagyan,AmitShah,1
Karmaagyan,BJP4India,2
Karmaagyan,BJPLive,1
Karmaagyan,MajorPoonia,1
Karmaagyan,narendramodi,2
Karmaagyan,sambitswaraj,1
KartarS36905009,SABIC,1
KarticVariar,bhupendrachaube,1
KarticVariar,narendramodi,1
Karuppu_7,ikamalhaasan,1
KashudSingh,BCCI,1
Kashyap1291,ARanganathan72,1
Kashyap1291,TimesNow,1
KaurJuju,sats45,1
KennyRoss93,RichardJGrant,1
KetanDe09339291,Yoda4ever,1
KevatRamKa,ArmchairPseph,1
KevatRamKa,BadCodeMachine,1
KevatRamKa,Tweeter_wapsi,1
KevatRamKa,ahindu_,1
Kevin16452254,MonsieurVibhor,1
Kevin16452254,meghaverma_art,1
Kevinit,INCIndia,1
Kevinit,RahulGandhi,1
KhajuriaPawan,SquintNeon2,1
KhajuriaPawan,ThePlacardGuy,1
KhajuriaPawan,narendramodi,1
KhanAreeda,FmTazz,1
KhanAreeda,ImCaptainMF,1
KhanAreeda,SauravDamor,1
KhanAreeda,TheBarmyArmy,1
KhanAreeda,a_mehboob1,1
Khur5Krishanlal,Staunch_NaMo,1
KhwajaNaeem3,birla_vedant,1
KiranPrakash007,WholeMarsBlog,1
KiranPrakash007,elonmusk,1
KirtanChauhan,elonmusk,1
KishanBoss1,BJP4India,1
KishanBoss1,BlogDrive,1
KishanBoss1,INCIndia,1
KishanBoss1,RahulGandhi,1
KishanBoss1,narendramodi,1
KishorMisra,ashoswai,1
KishoreVaid,RahulGandhi,1
KishoreVaid,TarekFatah,1
KishoreVaid,narendramodi,1
Kishyonair,2024YCP,1
Kishyonair,indian_1891,1
KohimaVittal,BJP4India,1
KohimaVittal,INCIndia,1
KohimaVittal,INCKarnataka,1
KohimaVittal,RahulGandhi,1
KohimaVittal,annatarajgowda,1
KohimaVittal,kashyapnandan_,1
KohimaVittal,narendramodi,1
Krishnachavanmy,NCPspeaks,1
Krishu74360615,Saba786O,1
Krishu74360615,mufaddal_vohra,1
Krishu74360615,proudindian7197,1
KritikShah1,AapKaGopalRai,1
KritikShah1,ChampaiSoren,1
KritikShah1,DeepikaSRajawat,1
KritikShah1,KTRTRS,1
KritikShah1,SoumojitChatte3,1
KritikShah1,U2Brutus_off,1
KritikShah1,jayesh_ranjan,1
KritikShah1,juhiesingh,1
KritikShah1,pbhushan1,1
KritikShah1,prakashraaj,1
KritikShah1,ysathishreddy,1
KundanJ80615712,rohini_sgh,1
Kushagrabindal,BJP4India,1
Kushagrabindal,INCIndia,1
Kushagrabindal,narendramodi,1
KushwahaMunendr,AamAadmiParty,1
KushwahaMunendr,raghav_chadha,1
LFC_RedNishant,Corballyred,1
LFC_RedNishant,aayushhh95,1
LFC_RedNishant,kevin_the_gray,1
LIONSROAR6,BoltaHindustan,1
LNR_Gali,INCIndia,1
LNR_Gali,RahulGandhi,1
LakhanS68492860,SupriyaShrinate,1
Lakshmi68851494,indhavaainko,1
LaksshyaAdvani,AmitShah,3
LaksshyaAdvani,BJP4India,2
LaksshyaAdvani,JhaSanjay,2
LaksshyaAdvani,M_Lekhi,1
LaksshyaAdvani,PMOIndia,2
LaksshyaAdvani,PiyushGoyal,1
LaksshyaAdvani,Ramlal,1
LaksshyaAdvani,SushmaSwaraj,2
LaksshyaAdvani,TCGEHLOT,1
LaksshyaAdvani,TajinderBagga,1
LaksshyaAdvani,amritabhinder,1
LaksshyaAdvani,arunjaitley,3
LaksshyaAdvani,narendramodi,8
LaksshyaAdvani,nsitharaman,1
LaksshyaAdvani,pradip103,1
LaksshyaAdvani,rajnathsingh,2
LaksshyaAdvani,rammadhavbjp,1
LaksshyaAdvani,siddarthpaim,1
LaksshyaAdvani,tehseenp,1
LalitJoshi1970,Soni_Razdan,1
LalitJoshi1970,narendramodi,1
Laltin6,LokeshVirat18K,1
LavanyaBallal,supriya_sule,1
LensCappy,SushantNMehta,1
Leog5572165,Politics_2022_,1
LiaqatA53926010,ESPNcricinfo,1
LiaqatA53926010,ImKantgouri,1
Libertarian196,AmarCapt,2
Libertarian196,INCIndia,1
Libertarian196,India_on_move,2
Libertarian196,KWecare,2
Libertarian196,KewalChopra6,1
Libertarian196,Kirk62341266,2
Libertarian196,LtColAnilDuhoon,2
Libertarian196,MadanKandal3,2
Libertarian196,PadmraniK,2
Libertarian196,PravinSawhney,2
Libertarian196,PriaINC,2
Libertarian196,PriyaaReturnz,2
Libertarian196,ProsaicView,2
Libertarian196,RahulGandhi,2
Libertarian196,RamphalKaushik9,2
Libertarian196,Rc54321Rahul,2
Libertarian196,SANJOYOJHA,2
Libertarian196,ShekharGupta,1
Libertarian196,SujataIndia1st,2
Libertarian196,TanyaGhosh2312,2
Libertarian196,TheNameSake11,2
Libertarian196,Trendsetting123,2
Libertarian196,VasantNalawade3,1
Libertarian196,VinayK460,2
Libertarian196,WuntakalL,1
Libertarian196,YashMor5,2
Libertarian196,aayeff1,2
Libertarian196,apoorvmehra72,2
Libertarian196,bansalavani,2
Libertarian196,himanshuk21,2
Libertarian196,judedavid21,2
Libertarian196,kkhushal9,2
Libertarian196,mathen85,1
Libertarian196,mervindawson,2
Libertarian196,moksha0013,1
Libertarian196,narendramodi,2
Libertarian196,nnojha,1
Libertarian196,nsitharaman,2
Libertarian196,rakeshkapoor5,2
Libertarian196,rkhuria2,1
Libertarian196,rwac48,2
Libertarian196,sandhumannu0476,2
Libertarian196,shoumendu,2
Libertarian196,sunild1909,2
Libertarian196,tavleen_singh,1
Libertarian196,virkbuilder2011,1
LibertarianYes,IMHO1969,1
LibertarianYes,M26HIL,1
LibertarianYes,MSN,1
LibertarianYes,Pkingsoraa,1
LibertarianYes,VickiKirbyYates,1
LibertarianYes,mrddmia,1
LipikaB,IAF_MCC,1
LipikaB,mygovindia,1
LipikaB,narendramodi,1
LiveAbhijit,BJP4India,1
LiveAbhijit,BJP4Maharashtra,1
LiveAbhijit,IndianAirforce_,1
LiveAbhijit,narendramodi,1
LloydRodr28,BDUTT,1
LloydRodr28,MadeInIndiaNJ,1
LloydRodr28,Nidhi,1
LloydRodr28,bainjal,1
LloydRodr28,narendramodi,2
LloydRodr28,narulaAlka,1
LloydRodr28,priyaramani,1
LloydRodr28,rupasubramanya,1
LloydRodr28,tavleen_singh,1
LongmanGill,HMOIndia,1
LongmanGill,abpnewshindi,1
LongmanGill,chitraaum,1
LongmanGill,narendramodi,1
Loquacious_Lion,SirKazamJeevi,1
LosarHeRe,BCCI,1
LosarHeRe,IamSanjuSamson,1
Lovelypeh,imjadeja,1
LovkeshChandila,ArvindKejriwal,1
LovkeshChandila,RahulGandhi,1
LovkeshChandila,narendramodi,1
M33179114,BCCI,1
MANooriBajwa,narendramodi,1
MANooriBajwa,salah_shoaib,1
MANooriBajwa,vbaano,1
MBTheGuide,ShivSena,1
MBTheGuide,narendramodi,1
MBTheGuide,uddhavthackeray,1
MChokasi,narendramodi,1
MDKHANNA6,guardian,1
MEHERGARMENTS,Jairam_Ramesh,1
MEHERGARMENTS,SupriyaShrinate,1
MIB_India,NFAIOfficial,1
MIB_India,PIB_Panaji,1
MIB_India,ianuragthakur,1
MJshaikh89,AadeshRawal,1
MJshaikh89,sushant_says,1
MM09021996,BJP4India,1
MM09021996,TarekFatah,1
MM09021996,Tejasvi_Surya,1
MM09021996,narendramodi,1
MPE3D_NSFW,OccupyDemocrats,1
MSASHRAAF,HumorouslyVipul,1
MSGN15,CongressSevadal,1
MSGN15,INCIndia,1
MSGN15,INCSandesh,1
MSGN15,IYC,1
MSGN15,RahulGandhi,1
MSGN15,kharge,1
MSGN15,srinivasiyc,1
MServe2grow,OneAutu41916887,1
MServe2grow,dabiajsd,1
MServe2grow,mkatju,1
Maalikmulkka,MoeedNj,1
Maalikmulkka,PravinSawhney,1
Maango_maan,AmitShah,1
Maango_maan,INCIndia,1
Maango_maan,PMOIndia,1
Maango_maan,gauravcsawant,1
Maango_maan,narendramodi,1
Maango_maan,priyankagandhi,1
MaanikMOfficial,amitmalviya,1
MadForLiverpool,LFC_RV,1
MadForLiverpool,Vinayak_2204,1
MadForLiverpool,ragh9216,1
Madhok_14,AITCofficial,1
Madhok_14,SaketGokhale,1
MahadiChand,BCCI,1
MahadiChand,nasdailly,1
Mahendr51055280,BCCI,1
Mahendr51055280,bhogleharsha,1
Mahesh50362966,BesuraTaansane,1
Maheshpune1975,sanjivesethi1,1
Maheshpune1975,sardesairajdeep,1
MahipKumar6,narendramodi,1
Majay0883Ms,BCCI,1
Majay0883Ms,ImRo45,1
Majay0883Ms,Sportskeeda,1
Majidriz,Lalika79,1
Makebharatmahan,789_aashey,1
Makebharatmahan,AkKhanna61,1
Makebharatmahan,Am_dilip,1
Makebharatmahan,AnkushD65021363,1
Makebharatmahan,BJP4India,1
Makebharatmahan,BakthbyDefault,1
Makebharatmahan,BerretBlack,1
Makebharatmahan,DayalChand8,1
Makebharatmahan,Drsunandambal,1
Makebharatmahan,IshaSin75731735,1
Makebharatmahan,JaganNKaushik,1
Makebharatmahan,KINGEHIND,1
Makebharatmahan,KashmirSParihar,1
Makebharatmahan,PMOIndia,1
Makebharatmahan,Rajesh201963,1
Makebharatmahan,SSharmajsr,1
Makebharatmahan,Seetharamakota3,1
Makebharatmahan,Sengar_RV,1
Makebharatmahan,Sudhakar2810,1
Makebharatmahan,SulagnaDash6,1
Makebharatmahan,Swwagatam,1
Makebharatmahan,Venu__Madhav,1
Makebharatmahan,Vijay_H,1
Makebharatmahan,_ankahi,1
Makebharatmahan,agniveer,1
Makebharatmahan,applewatchfan81,1
Makebharatmahan,cprd_india,1
Makebharatmahan,dharmvirjangra9,1
Makebharatmahan,dushyantkagarwa,1
Makebharatmahan,flyingvoyage,1
Makebharatmahan,iJKSingh,1
Makebharatmahan,ind_rajat92,1
Makebharatmahan,jadonpriyanka,1
Makebharatmahan,jyotsnavarma9,1
Makebharatmahan,kailashkaushik8,1
Makebharatmahan,kapoorashok25,1
Makebharatmahan,narendra52,1
Makebharatmahan,narendramodi,1
Makebharatmahan,narendravarma49,1
Makebharatmahan,nparama1951,1
Makebharatmahan,peepal59,1
Makebharatmahan,pksrivastava6,1
Makebharatmahan,purushueme,1
Makebharatmahan,ram26chouhan,1
Makebharatmahan,rohitsh020678,1
Makebharatmahan,singhsantosh98,1
Makebharatmahan,sn_ojha,1
Makebharatmahan,suhasinih,1
Makebharatmahan,vel_jaya,1
Makebharatmahan,virengada,1
Mallikaarya30,mlkhattar,1
Mallikaarya30,narendramodi,1
MallikarjunROS,AngadiMp,1
MallikarjunROS,CMofKarnataka,1
MallikarjunROS,hd_kumaraswamy,1
MallikarjunROS,narendramodi,1
Manikan34753342,MrBirla21,1
Manikan34753342,MrXurya,1
Manikan34753342,mufaddal_vohra,1
Manish93948143,Dr_RizwanAhmed,1
ManishP59842201,BCCI,1
Manishk02184817,BCCI,1
ManitaGautamMa1,MahiKas75326802,1
ManitaGautamMa1,PanchatapaBhat2,1
ManitaGautamMa1,SafiyaKhan09,1
ManitaGautamMa1,_asiya_31,1
ManitaGautamMa1,fambruharmy,1
ManitaGautamMa1,fortis_hospital,1
ManitaGautamMa1,narendramodi,2
ManitaGautamMa1,rsprasad,2
MaskedGhost18,TheRealPCB,1
MaskedGhost18,benstokes38,1
MaskedGhost18,shoaib100mph,1
Mastersagar8,Deepali_p,1
Mastersagar8,manishsuvarna15,1
Masum_Indian,SerumInstIndia,1
Masum_Indian,anandmahindra,1
Masum_Indian,benstokes38,1
Masum_Indian,imVkohli,1
Masum_Indian,surya_14kumar,1
MayaK_23,Swamy39,1
MayaK_23,narendramodi,1
Mayankkumarjh11,BeerBicepsGuy,1
Mayankkumarjh11,Tiny_Dhillon,1
MdHussain52,Saki_saikrishna,1
MdHussain52,bruceleepspk,1
MdHussain52,dev__132,1
Mdr_b,PTI_News,1
MediaVoiceTamil,maaran_pandi,1
Medicallywierd,AKHIL4u,1
Mehfujkhan1981,ashoswai,1
MehmoodHaroon9,srinivasiyc,1
Mehtacee,majorgauravarya,1
Mehtacee,narendramodi,1
MeraGurgaon,CPCB_OFFICIAL,1
MeraGurgaon,Rao_InderjitS,1
MeraGurgaon,narendramodi,1
MeraGurgaon,nitin_gadkari,1
MiHiR_Tweetz,AmitShah,1
MiHiR_Tweetz,JPNadda,1
MiHiR_Tweetz,narendramodi,1
MicMcCulloch,rodmickleburgh,1
Mike80940135,BCCI,1
Mike80940135,IPL,1
Mike80940135,ImRo45,1
Mike80940135,Jaspritbumrah93,1
Mike80940135,arunperfect7,1
Mike80940135,klrahul,1
MilapDas4,RahulGandhi,1
MilapDas4,narendramodi,1
Milindkumar2007,SudheenKulkarni,1
MirrorNow,narendramodi,1
Misabh2020,MamataOfficial,1
MisalRaj_,m_aarushi93,1
MissilePSPK,PawanKalyan,1
MitaZavery,rahulpassi,1
MituTalks,MangoZeus,1
MituTalks,placebonikhil,1
Mockingbird1909,Amit_Latiyan,1
Mockingbird1909,MajorPoonia,1
Mockingbird1909,creativRakesh,1
MohammedAliHai2,vtchakarova,1
MohdArishAnsa20,Politics_2022_,1
Moni_krishnaa,Actor_Siddharth,1
Moni_krishnaa,Manusharps,1
Moni_krishnaa,narendramodi,1
MonicaK2511,NAN_DINI_,1
MonicaK2511,binodjh65827595,1
MorenaRohit,BCCI,1
MorenaRohit,Shashi26214076,1
MorenaRohit,bhogleharsha,1
MorenaRohit,virendersehwag,1
MorningWalkers,okaycloak,2
MouryaVallabh,ShapariaKetan,1
MrAnveshSS,AmitShahOffice,1
MrAnveshSS,BSYBJP,1
MrAnveshSS,PMOIndia,1
MrAnveshSS,narendramodi,1
MrAnveshSS,sumalathaA,1
Mr_UK_,Sadhvi_prachi,1
MritunjayRK,SushmaSwaraj,1
MritunjayRK,UN,1
MritunjayRK,narendramodi,1
MskRemo,HemanthNBK2,1
MskRemo,mysteriousaga,1
MukeshAdvani,PiyushGoyal,1
Mukesh_dwr,narendramodi,1
MukulikaB,RahulGandhi,1
MumbadeviPraja,AAPMumbai,1
MumbadeviPraja,AmeetSatam,1
MumbadeviPraja,BJP4Mumbai,1
MumbadeviPraja,CMOMaharashtra,1
MumbadeviPraja,Dev_Fadnavis,1
MumbadeviPraja,INCMumbai,1
MumbadeviPraja,IqbalSinghChah2,1
MumbadeviPraja,Kamlakar_Shenoy,1
MumbadeviPraja,MumbaiNCP,1
MumbadeviPraja,VelrasuP,1
MumbadeviPraja,iGopalShetty,1
MumbadeviPraja,mnsadhikrut,1
MumbadeviPraja,rahulnarwekar,1
MunnaKu92583413,RahulGandhi,1
MunnaKu92583413,srivatsayb,1
MuraliGorati1,BCCI,1
MussanjeMusings,MeyanFatih,1
MussanjeMusings,santoshpatnaik,1
MussanjeMusings,stats_feed,1
MuthukumarRaj16,TamizhanStock,1
Muttermatterz,Profdilipmandal,1
MuzMore,AndileGogoda,1
MvnKasyap,narendramodi,1
MynameisPrabhuR,imjadeja,1
MysteryBlitz,AmitShah,1
MysteryBlitz,Swamy39,1
MysteryBlitz,narendramodi,1
MysteryBlitz,timesofindia,1
MzansiIndian03,alfred_cabonena,1
MzansiIndian03,atmaa1,1
NARAYANRAO12,DoabeWalaaJatt,1
NARAYANRAO12,Nisa39040272,1
NARAYANRAO12,Owaisiiii,1
NARAYANRAO12,Rahul2019322,1
NARAYANRAO12,leosamit,1
NKS39582606,RVCJ_FB,1
NSBDAA,Atheist_Krishna,1
NSBDAA,BJP4Gujarat,1
NSBDAA,BJP4India,1
NSBDAA,PMOIndia,1
NSBDAA,narendramodi,1
NSUNILK76414368,ARanganathan72,1
NadeemIrfan18,AamAadmiParty,1
NadeemIrfan18,ArvindKejriwal,1
NadeemIrfan18,BBCHindi,1
NadeemIrfan18,KapilSibal,1
NadeemIrfan18,SanjayAzadSln,1
NadeemIrfan18,bindass_ladki,1
NadeemIrfan18,pbhushan1,1
NadeemIrfan18,priyadarshibbc,1
NadeemIrfan18,ravishndtv,1
Nag333333333,Avinash27850086,1
Nag333333333,Drtauqeernasir,1
Nag333333333,vyom_mankad,1
NagalandTamasha,DcKohima,1
NagalandTamasha,ceonagaland,1
NahariStan,ClownWorld_,1
Naimat82003,ashoswai,2
NajLah_khan,MajorPoonia,1
NajLah_khan,deshbhkt_,1
NajeebMoosa1,BJP4India,1
NajeebMoosa1,BJP4Karnataka,1
NajeebMoosa1,KPCC,1
NajeebMoosa1,KPCCPresident,1
NajeebMoosa1,sulaimankallar7,1
NakliGandhi4,INCIndia,1
NandiniOza,TheWeekLive,1
NandiniOza,narendramodi,1
Nandu859Nandu,VivekVenkatswam,1
Narende35647912,KapilMishra_IND,1
Narendr26770938,_shortarmjab_,1
NarsiBenwal,POTUS,1
NarsiBenwal,Twitter,1
NarsiBenwal,narendramodi,1
NationsBallot,BJP4India,1
NationsBallot,MamataOfficial,1
NationsBallot,Mayawati,1
NationsBallot,RahulGandhi,1
NationsBallot,narendramodi,1
Navaneeth_v,narendramodi,1
Naveen2012b,AmitShah,1
Naveen2012b,BJPKarnataka,1
Naveen2012b,BSYBJP,1
Naveen2012b,Jaggesh2,1
Naveen2012b,mepratap,1
Naveen2012b,narendramodi,1
NaveenMundaragi,narendramodi,1
NaveenMundaragi,nimmaupendra,1
NaveenPurohit14,MuqtedarKhan,1
NaveenPurohit14,RahulGandhi,1
NawabZa83715503,AvinashArya09,1
Nayan_Tarse,Srikar_officia,1
NeelamSisodia14,mgtelang,1
NeelamSisodia14,rohini_sgh,1
Neeraj_Maurya_,narendramodi,1
Neerajojha121g1,ZeeNewsHindi,1
Neerajojha121g1,akshaykumar,1
Neerajojha121g1,narendramodi,1
Neerajojha121g1,sudhirchaudhary,1
NehShh2,JagratiGupta3,1
NehShh2,Swamy39,1
NehShh2,myogiadityanath,1
NehShh2,narendramodi,1
NehaSahay14,CongressmanRaja,1
NehaSahay14,RepBera,1
NehaSahay14,RepJayapal,1
NehaSahay14,RoKhanna,1
NehalBdkr,AICCMedia,1
NehalBdkr,DrAMSinghvi,1
NehalBdkr,narendramodi,1
NehalBdkr,priyankac19,1
NetNetizen,Dev_Fadnavis,1
NetNetizen,Harshva70214071,1
NetNetizen,Indian_Analyzer,1
NetNetizen,LawyerRajeshTN,1
Newlevi4,BhaavnaArora,1
News9Tweets,AmitShah,2
News9Tweets,BJP4India,2
News9Tweets,BJP4Karnataka,2
News9Tweets,BSYBJP,1
News9Tweets,INCIndia,2
News9Tweets,INCKarnataka,2
News9Tweets,RahulGandhi,1
News9Tweets,arunjaitley,1
News9Tweets,dineshgrao,1
News9Tweets,hd_kumaraswamy,1
News9Tweets,narendramodi,2
News9Tweets,siddaramaiah,1
NewsJ1964,TimesNow,1
NewsMobileIndia,AmitShah,1
NewsMobileIndia,narendramodi,1
NiVikramNam,Elizatweetz,1
Nick_Arteaga1,TheAliceSmith,1
Nick_Arteaga1,avneet_paul,1
NikeshChaubey,ShivAroor,1
NikeshChaubey,sbabones,1
NikhilTiwari__,abbas_nighat,1
Nikunjforinc,0_raa4,1
Nikunjforinc,ANI,1
Nikunjforinc,Priiiiyansh__,1
NiluJoshi7,BJP4Gujarat,1
NiluJoshi7,BJP4India,1
NiluJoshi7,narendramodi,1
NiluJoshi7,vijayrupanibjp,1
NimishJoshi_,AmitShah,1
NimishJoshi_,PMOIndia,1
NimishJoshi_,PiyushGoyal,1
NimishJoshi_,narendramodi,1
NimishJoshi_,narendramodi_in,1
NinadBal,drshamamohd,1
NiravJ7,nirwamehta,1
NischaiVats,narendramodi,1
Nishant98257515,mkatju,1
Nishanth_MM,ABdeVilliers17,1
Nishanth_MM,Athersmike,3
Nishanth_MM,Disney,3
Nishanth_MM,IrfanPathan,2
Nishanth_MM,M_Raj03,2
Nishanth_MM,RaviShastriOfc,2
Nishanth_MM,StarSportsIndia,4
Nishanth_MM,cricketaakash,2
Nishanth_MM,harbhajan_singh,2
Nishanth_MM,jatinsapru,2
NishchhalGaur,raghav_chadha,1
NithinSasalu,narendramodi,1
Nitinkrmittal,Dev_Fadnavis,1
Nitinkrmittal,PMOIndia,1
Nitinkrmittal,abpnewstv,1
Nitinkrmittal,narendramodi,1
Nitinkrmittal,ndtv,1
NizamPKFC,JanaSenaParty,2
NizamPKFC,PawanKalyan,1
NizamPKFC,VeeruPspkCult,1
Nkmohanty15K,ArvindKejriwal,1
Nkmohanty15K,RahulGandhi,1
NoraMilenaV,SustainablePuls,1
NotMolecules,Ibrahimpinjarie,1
NotMolecules,atharva_0795,1
NotMolecules,fhdyy,1
NotMolecules,iShaheenAfridi,1
NotMolecules,iihtishamm,1
ObimpehEdmund,WIONews,1
Observe_India,Amit97674924,1
Observe_India,Aparna38408634,1
Observe_India,DrKSBhardwaj2,1
Observe_India,LucknowMsk,1
Observe_India,MahilaCongress,1
Observe_India,MrsMeenak,1
Observe_India,NareshJani9,1
Observe_India,PoonamBrdwj,1
Observe_India,bavra_vairagi,1
Observe_India,meghn888888,1
Observe_India,thunder_beast__,1
Od_Vigilante,narendramodi,1
Oindrila1608,narendramodi,1
OjhaChandanojha,Greenpeace,1
OjhaChandanojha,GretaThunberg,1
OjhaChandanojha,PMOIndia,1
OjhaChandanojha,narendramodi,1
OmniCurious,Jaseh87,1
OmniCurious,Rajsri555,1
OmniCurious,TeslaCharging,1
Omtiwar15618726,Vishvesh03,1
Omtiwar15618726,yuzi_chahal,1
Onmanorama,_YogendraYadav,1
Opmeena231981,Barmer_Harish,1
Opmeena231981,GovindDotasra,1
Opmeena231981,INCRajasthan,1
PANKAJDUGAR1994,IndianRailMedia,1
PANKAJDUGAR1994,PiyushGoyal,1
PANKAJDUGAR1994,narendramodi,1
PBTheBanglaBoy,narendramodi,1
PIBBengaluru,NFAIOfficial,1
PIBBengaluru,PIB_Panaji,1
PIBBengaluru,ianuragthakur,1
PKVVenkat,BCCI,1
PKVVenkat,JayShah,1
PKVVenkat,Swamy39,1
PKVVenkat,narendramodi,1
PK_SUMESH_PK,AmitShah,1
PK_SUMESH_PK,BJP4India,1
PK_SUMESH_PK,cpimspeak,1
PK_SUMESH_PK,ldf,1
PK_SUMESH_PK,narendramodi,1
PMRahul6,ANI,1
PYogirajSakal,indianEci,1
PYogirajSakal,narendramodi,1
PabloEs22153048,mr_mayank,1
PalBhuria,Kaur_Hard82,1
Pallavi39510452,KirenRijiju,1
Pallavi39510452,SupremeCourtIND,1
Pallavi39510452,drupadi_murmu,1
Pallavi39510452,narendramodi,1
PandaaSuvam,RanveerOfficial,1
PandaaSuvam,narendramodi,1
PandeySatyadev,AamAadmiParty,1
PandeySatyadev,raghav_chadha,1
PandurePrashant,AUThackeray,1
PandyaPramthesh,JhaSanjay,1
PankajS39289934,BCCI,2
PankajS39289934,IamSanjuSamson,1
Panther23538121,ANI,1
ParagGour5,PiyushGoyal,1
ParagGour5,narendramodi,1
ParasJuneja_AAP,raghav_chadha,1
ParodysTamer,BCCI,1
PassionForNews,MamataOfficial,1
PassionForNews,Mayawati,1
PassionForNews,PawarSpeaks,1
PassionForNews,RahulGandhi,1
PassionForNews,gurmeetkanwal,1
PassionForNews,mkstalin,1
PassionForNews,narendramodi,1
PassionForNews,yadavakhilesh,1
PassionForNews,yadavtejashwi,1
Patelam2310,ArvindKejriwal,1
PatilPly,AamAadmiParty,1
PatilPly,narendramodi,1
PawanAIPC,1ALOKJOSHI,1
PawanAIPC,INCObaid,1
Pbhindia,rohini_sgh,1
Peter_Nimitz,Bandegoris,1
Phil88James,JohnGag54672124,1
Phil88James,jameschin110,1
PiyushP60123991,IAF_MCC,1
PiyushP60123991,NamoINDIAPM,1
PiyushP60123991,narendramodi,1
Planet_41,narendramodi,1
PlingEm,ANI,1
PlingEm,ECISVEEP,1
PlingEm,narendramodi,2
PmlnTrending,ShireenMazari1,1
PoliticallyFru2,ArvindKejriwal,1
PoliticallyFru2,narendramodi,1
Politics_2022_,ArvindKejriwal,1
Politics_2022_,IMA_Indian,1
Politics_2022_,IVig100,1
PoojaaShrivas10,AmitShah,1
PoojaaShrivas10,BJP4India,1
PoojaaShrivas10,myogiadityanath,1
PoojaaShrivas10,narendramodi,1
PoorsPhilosophy,narendramodi,1
PrReleaseWatch,KanimozhiDMK,1
PrReleaseWatch,mkstalin,1
PrReleaseWatch,narendramodi,2
Prabhat85652621,MdShami11,1
PradipG05843542,Sujataganguly13,1
PradipSocialNet,TimesNow,1
PradipSocialNet,narendramodi,1
PrahladDalwadi,Politics_2022_,1
PrakashChakra,AmitShah,1
PrakashChakra,DilipGhoshBJP,1
PrakashChakra,MukulR_Official,1
PrakashChakra,narendramodi,1
PrakashChakra,rishibagree,1
Prakashplutus,Nigel__DSouza,1
Prakashplutus,narendramodi,1
PrakratiKunder,purelovebond20,1
PranayYegireddy,JanaSenaParty,1
PrasadPole2,mufaddal_vohra,1
PrasadRamanjiR,BCCI,1
Prasadkj1,ArvindKejriwal,1
PrasannaMallar,AnshumanSail,1
PrasenjiTweets,JustinTrudeau,1
PrasenjiTweets,RahulGandhi,1
PrasenjiTweets,vonbrauckmann,1
Prash023,infallible_23,1
Prashanthbmw,BJP4India,1
Prashanthbmw,BJP4Karnataka,1
Prashanthbmw,narendramodi,1
PrateekJain28,narendramodi,1
PraveshDobhal2,narendramodi,1
Pravi34445655,BCCI,1
Pravi34445655,JayShah,1
Pravink58141601,aryan_bothra,1
PraweenPrachi,narendramodi,1
PreciousProtec5,RahulGandhi,1
PreciousProtec5,bharatjodo,2
PreethiIyer6,AmitShah,2
PreethiIyer6,INC_Congress,1
PreethiIyer6,RenukaJain6,1
PreethiIyer6,goyalsanjeev,1
PreethiIyer6,narendramodi,2
Preeti_S_24,ARanganathan72,1
Preeti_S_24,TimesNow,1
Preeti_S_24,navikakumar,1
PremSathan,hazharoon,1
PremSathan,unknown11625516,1
Priyans30428157,RahulGandhi,1
PriynkaGandhiv,MamataOfficial,1
PriynkaGandhiv,Mayawati,1
PriynkaGandhiv,RahulGandhi,1
PriynkaGandhiv,narendramodi,1
ProfBabones,ShekharGupta,1
ProfBabones,ThePrintIndia,1
ProfBabones,firstpost,1
ProfSRK,AjayPandey__,1
ProfSRK,AmitShah,1
ProfSRK,BJP4UttarKannad,1
ProfSRK,BJYM,1
ProfSRK,BSYBJP,1
ProfSRK,Babble524,1
ProfSRK,DebashishHiTs,1
ProfSRK,DheerajGbc,1
ProfSRK,Gravim71,1
ProfSRK,HIMESH_SS,1
ProfSRK,HarishK04131926,1
ProfSRK,Harvansh_Batra,1
ProfSRK,LillyMaryPinto,1
ProfSRK,MahiHerambha,1
ProfSRK,Meenu_71,1
ProfSRK,NaMo_Ganesh,1
ProfSRK,Narendramodi_PM,1
ProfSRK,Narendrap86,1
ProfSRK,NazlinShaikh,1
ProfSRK,OnlineRajan__,1
ProfSRK,PatelOnTop,1
ProfSRK,RamsaBJYM,1
ProfSRK,Reema_bjp,1
ProfSRK,ShefVaidya,1
ProfSRK,SmithaDutt,1
ProfSRK,TigerNaMo,1
ProfSRK,VictoryForNamo,1
ProfSRK,YashpalBJP,1
ProfSRK,aarohi923,1
ProfSRK,ankitasood13,1
ProfSRK,bakoriya_kirti_,1
ProfSRK,draksbond,1
ProfSRK,hindu_blood,1
ProfSRK,hindustanse,1
ProfSRK,iNarendraModiG,1
ProfSRK,jadonpriyanka,1
ProfSRK,lakshmianand96,1
ProfSRK,mattarhegde,1
ProfSRK,meenakshisharan,1
ProfSRK,narendramodi,1
ProfSRK,narendramodi177,1
ProfSRK,pehadiya,1
ProfSRK,poonam_mahajan,1
ProfSRK,prasura123,1
ProfSRK,prema66437147,1
ProfSRK,samar97189157,1
ProfSRK,sanghavideepa,1
ProfSRK,sukanyaiyer2,1
ProfSRK,vanitajain21,1
ProfSRK,vibhor_anand,1
Progressive_MD,arunamiller,1
PromiseInfusio1,ShowmaxNG,1
PromiseInfusio1,bube_chukwu,1
PromiseInfusio1,netflix,1
Psych0Sarcastic,RahulGandhi,1
Psych0Sarcastic,drshamamohd,1
PujithAbhi,PawanKalyan,1
PulkitK107,Jaagrutii_,1
PulkitK107,Not_your_shreya,1
PulkitK107,Ujjawal_athrav,1
PulkitK107,_samrollll,1
PulkitK107,crazy__shikhu,1
PulkitK107,ianooop,1
PulkitK107,ijoooolly,1
PulkitK107,indrabhayal,1
PulkitK107,pulkit5Dx,1
PulkitK107,sankii_memer,1
QAVIKAN,sanket,1
R9Bhau,iSinghApurva,1
RAHUL_JASROTIA1,TheFactFindr,1
RAKESHRRANA4U,BCCI,1
RAKESHRRANA4U,IamSanjuSamson,1
RAVURUNAGENDRA,ECISVEEP,1
RAVURUNAGENDRA,HMOIndia,1
RAVURUNAGENDRA,PMOIndia,1
RAVURUNAGENDRA,SpokespersonECI,1
RAVURUNAGENDRA,Swamy39,1
RAVURUNAGENDRA,narendramodi,1
RAbdiAnalyst,NabeelaforIL,1
RBhunderepatil,AyushKu19706707,1
RBhunderepatil,DineshKarthik,2
RBhunderepatil,cricketaakash,2
RDXThinksThat,narendramodi,1
RDXThinksThat,nsitharaman,1
RST986,ArvindKejriwal,1
RST986,BJP4India,1
RTecken,ShashiTharoor,1
RTecken,prapanch2021,1
RVachha,WorldGamesAD,1
RVachha,narendramodi,1
RVenkat_India,AUThackeray,1
RVenkat_India,NitishKumar,1
RabiGedama,Tapan_999,1
RabiGedama,dhruv_rathee,1
RadharemananT,BJP4India,1
RadhikaSpeak,InaFreeSpace567,1
RadhikaSpeak,KaffirBaba_2,1
RafaTweets_,divyaspandana,1
RagMal108,BJP4India,1
RagMal108,ChowkidarHabib,1
RagMal108,arunjaitley,1
RagMal108,narendramodi,1
RaghaavMD,utkarsh_aanand,1
RaghuDasarathi,BJP4India,1
RaghuDasarathi,TimesNow,1
RaghuDasarathi,akshaykumar,1
RaghuDasarathi,narendramodi,1
RaghunandanGro1,JayShah,1
RahulPa18088271,pbhushan1,1
RahulSh94893750,BCCI,1
Raj13804856,RubikaLiyaquat,1
RajD50463184,Arun18061999,1
RajD50463184,gganeshhh,1
RajKama09823702,IrfanPathan,1
RajKama09823702,KazmiWajahat,1
RajRavi169,BCCI,1
RajRavi169,JayShah,1
Raja85037786,hazharoon,1
RajanBrantly,MahimPatel17,1
RajeevKadimi1,BCCI,1
RajeevbhandariG,ANI,1
RajeevbhandariG,AmitShah,1
RajeevbhandariG,AnupamPKher,1
RajeevbhandariG,PMOIndia,1
RajeevbhandariG,SwetaSinghAT,1
RajeevbhandariG,fpjindia,1
RajeevbhandariG,htTweets,1
RajeevbhandariG,narendramodi,1
RajeevbhandariG,rajnathsingh,1
RajeevbhandariG,republic,1
RajeshK22160688,sardesairajdeep,1
RajeshRajDD,BansuriSwaraj,1
RajeshRajDD,LKAdvaniBJP_,1
RajeshS32256264,hazharoon,1
Rajesh_0670,Bhavyanmurthy,1
Rajesh_0670,RahulGandhi,1
Rajiesh5,DrAmitSarwal,1
Rajiesh5,EthnicLinkGuru,1
Rajiesh5,Pallavi_Aus,1
Rajiesh5,sbabones,1
Rajiv_Kota,MrsGandhi,1
Rajiv_Kota,narendramodi,1
Rajkuma63795627,raghav_chadha,1
RamKk76782886,BillGates,2
RamKk76782886,elonmusk,2
RamKk76782886,sundarpichai,1
RamPras007,BCCI,1
Ramamshyamam,SeharShinwari,1
Ramaswamie,AmitShah,1
Ramaswamie,ThanthiTV,1
Ramaswamie,beingarun28,1
RameshN47712613,arunjaitley,1
RameshOpines,MinhazMerchant,1
RameshP1122,rohini_sgh,1
RameshS0007,UshaNirmala,1
RameshShivdasa7,rishabpantclub,1
Rammba12,BCCI,1
Rammba12,JayShah,1
Ramnandan93,kamaalrkhan,1
Ramnandan93,narendramodi,1
Ramnandan93,ssrajamouli,1
Ramnani_Rahul,Tejasvi_Surya,1
RanaKamran15,AakashKhamkar8,1
RanaKamran15,Real_OwaisAhmed,1
RanaKamran15,iihtishamm,1
Randeep_Sisodia,ShekharGupta,1
Randeep_Sisodia,ThePrintIndia,1
Randeep_Sisodia,sbabones,1
Rashika1808,narendramodi,1
Ratnagiri1983,RahulGandhi,1
Raushan_cortex,JujharSBrar,1
Raushan_cortex,ShivAroor,1
RaviBeingRavi,traceyivy_,1
RaviKondapaneni,BCCI,1
RaviSha98624735,pbhushan1,1
Ravichandra1443,H_D_Devegowda,1
Ravichandra1443,Vijaykarnataka,1
Ravichandra1443,hd_kumaraswamy,1
Ravichandra1443,narendramodi,1
Ravichandra1443,siddaramaiah,1
RaviiRaghu,ashoswai,1
RavinderSehga12,kakar_harsha,1
Ravispeaking,RahulGandhi,1
Ravispeaking,RubikaLiyaquat,1
Ravispeaking,narendramodi,1
RaybaysG,BetoORourke,1
RaybaysG,Thnaiyan,1
RaybaysG,abdullh0599,1
RaybaysG,elonmusk,1
RaynoldNongdha1,RShivshankar,1
RaynoldNongdha1,TimesNow,1
RaynoldNongdha1,narendramodi,1
RaynoldNongdha1,navikakumar,1
Redfish18,TwitterIndia,1
Redfish18,narendramodi,1
Retrocrastinate,elonmusk,1
RexJoseph20,BCCI,1
RiazChamkani1,AskAnshul,1
RiazChamkani1,ashoswai,1
Riazshiek1,BCCI,1
Riazshiek1,ECB_cricket,1
Riazshiek1,ICC,1
Riazshiek1,MishiAmit,1
Riazshiek1,TheRealPCB,1
RichaMishraBL,NayakEsKay,2
RichaMishraBL,Probasibangali,2
RichaMishraBL,bladeit,2
RightWinger4U,Digvija77867018,1
RightWinger4U,KotakShefali,1
RightWinger4U,TanyaYadav128,1
RiiRiee786,DJ32001118,1
RiiRiee786,DuttMithu,1
RiiRiee786,harbhajan_singh,1
RiiRiee786,iihtishamm,1
RiiRiee786,raj_shekhar72,1
RishiJoeSanu,rajatstweets,1
Rishiexecs,AmitShah,1
Rishiexecs,narendramodi,1
RkMishraEr,INCKerala,1
RkMishraEr,ShashiTharoor,1
Rmohanty_india,BJP4India,1
Rmohanty_india,narendramodi,1
RndRam,narendramodi,1
RobiK77232288,BeckyCNN,1
RobiK77232288,ImranKhanPTI,1
RobiK77232288,rehimshafi,1
Rohan_Bhargava_,ANI,1
Rohan_Bhargava_,Chopsyturvey,1
Rohan_Bhargava_,KanahaWorld,1
Rohan_Bhargava_,NAN_DINI_,1
Rohan_Bhargava_,OpIndia_com,1
Rohan_Bhargava_,Suhelseth,1
Rohan_Bhargava_,ajitdatta,1
Rohan_Bhargava_,dinesh1673,1
Rohan_Bhargava_,pallavict,1
Rohan_Bhargava_,puffin_pipe,1
Rohan_Bhargava_,thekeyboardwar,1
RohitManaktala,indian_nagrik,1
RohitMu91645791,AUThackeray,1
RohitMu91645791,RahulGandhi,1
RohitMu91645791,ShivSena,1
RohitMu91645791,priyankac19,1
Roland93594461,BBCWorld,1
Roland93594461,IndianExpress,1
Roland93594461,PMOIndia,1
Roland93594461,TOIIndiaNews,1
Roland93594461,ndtv,1
Roland93594461,the_hindu,1
Roland93594461,toi,1
RomanRe57463870,mipaltan,1
RoyAranha,thewire_in,1
Royz593,PMOIndia,1
Royz593,narendramodi,1
RustomBanduk,ShekharGupta,1
RustomBanduk,ThePrintIndia,1
RustomBanduk,sbabones,1
RutamV,narendramodi,1
Rveerreddy,AmitShah,1
Rveerreddy,BJP4Telangana,1
Rveerreddy,BJPindia__,1
Rveerreddy,PMOIndia,1
Rveerreddy,ZeeNewsEnglish,1
Rveerreddy,aajtak,1
Rveerreddy,narendramodi,1
Rveerreddy,republic,1
Rveerreddy,timesofindia,1
SADHANAZALAKE06,PMOIndia,1
SAjalSA999,imVkohli,1
SAzharuddin143,_FaridKhan,1
SBM00379362,BCCI,1
SBM00379362,IamSanjuSamson,1
SBettad,RahulGandhi,1
SBettad,geetv79,1
SBettad,narendramodi,1
SBokadia,ANI,1
SBokadia,arunjaitley,1
SBokadia,narendramodi,1
SDSingh_Indian,BJYindia,1
SDSingh_Indian,INCIndia,1
SDSingh_Indian,NCPspeaks,1
SDSingh_Indian,RahulGandhi,1
SDSingh_Indian,sushant_says,1
SDharan13,ashoswai,1
SELVARAJKANNAN9,Chellaney,1
SHRINA,annamalai_k,1
SHRINA,arivalayam,1
SKB_FIN,AITCofficial,1
SKB_FIN,BJP4India,1
SKB_FIN,MamataOfficial,1
SPunagasela,BhupalReddyTRS,1
SPunagasela,DrGadariTRS,1
SPunagasela,Koosukuntla_TRS,1
SPunagasela,MLAChirumarthy,1
SPunagasela,PaillaShekarTRS,1
SPunagasela,TRSSaidireddy,1
SPunagasela,TelanganaCMO,1
SPunagasela,jagadishTRS,1
SRGanguli1,NewsHtn,1
SRamesh1950,RahulGandhi,1
SRamesh1950,srivatsayb,1
SUBRAMANIYANS2,Jairam_Ramesh,1
SUBRAMANIYANS2,JarkiholiSatish,1
SUNEET_DWIVEDI,narendramodi,1
SVijayKumarSha9,SudhanshuTrived,1
SVijayKumarSha9,sambitswaraj,1
SYEDZAHOOR1429,IrfanPathan,1
SYadav99941,BCCI,1
SYadav99941,CricCrazy__,1
SYadav99941,JayShah,1
SYadav99941,Payal77501182,1
S_Potlapaty,RahulGandhi,1
S_Tripathi07,raghav_chadha,1
SabukAfridi,BhaktaArchana,1
SachinMurali9,Cricketracker,1
SachinMurali9,shilpa_udayan,1
SachinPhutane1,Dev_Fadnavis,1
SachinPhutane1,JM_Scindia,1
SachinPhutane1,mieknathshinde,1
SachinPhutane1,narendramodi,1
Sachinbambhniya,BJP4India,1
Sachinbambhniya,RahulGandhi,1
Sachinbambhniya,manakgupta,1
Sachinbambhniya,narendramodi,1
Sachinbambhniya,smritiirani,1
Sachinprinceka2,DrKumarVishwas,1
Sachinprinceka2,PMOIndia,1
Sachinprinceka2,mlkhattar,1
Sachinprinceka2,narendramodi,1
Sachintukumar,Rezang_La,1
Sachintukumar,aditya_0115,1
Sachintukumar,prachysharmaa,1
Sachivg,AstikSManhas,1
Sachivg,BhagwanSri,1
Sachivg,Ganesh_malhotra,1
Sachivg,KhajuriaManu,1
Sachivg,SaveSabrimala,1
Sachivg,dalipdutta,1
Sachivg,drmonika_langeh,1
Sachivg,drvivimah,1
Sachivg,nagotrk,1
Sachivg,narendramodi,1
Sachivg,shivalirashu,1
Sachivg,sonikasdutta,1
Sachivg,sreedharanath,1
Sachivg,vickoo1976,1
SadanandTyagi3,aajtak,1
SadanandTyagi3,sudhirchaudhary,1
SafiqurRock,iamamirofficial,1
SaiRamSays,LiveLawIndia,1
SaifulI38997452,iSoumikSaheb,1
Saifulalig,ImRaina,1
Saifulalig,IrfanPathan,1
Saifulalig,SDhawan25,1
Saifulalig,VVSLaxman281,1
Saifulalig,WasimJaffer14,1
Saifulalig,chopraanjum,1
Saifulalig,harbhajan_singh,1
Saifulalig,jatinsapru,1
Saifulalig,rpsingh,1
Saifulalig,sumitamisra,1
Saifulalig,yuzi_chahal,1
Saiyadavv07,JanaSenaParty,1
Saiyadavv07,PawanKalyan,1
Sajalaitc,AITC4Tripura,1
Sajalaitc,AITCSanghamitra,1
Sajalaitc,AITCofficial,1
Sajalaitc,BIJOY_AITC,1
Sajalaitc,DebarghoAITC,1
Sajalaitc,INCIndia,1
Sajalaitc,SR_Tmc007,1
Sajalaitc,Sanjib_Haloai,1
Sajalaitc,itsyourTATHA,1
Sajalaitc,tanmoyofc,1
Saji2105,BCCI,1
Saji2105,imVkohli,1
Sajid06khan,PMOIndia,1
Sajid06khan,narendramodi,1
Saketbhoir,mkatju,1
SalmanS89658654,BoltaHindustan,1
SameerZinjarde,INCIndia,1
SameerZinjarde,RahulGandhi,1
SampathSharda,BJP4India,1
Samridd24534755,sahi_kaha,1
SanUnited1,BCCI,1
SanUnited1,iamklrahul,1
Sandeepkumark0,Jairam_Ramesh,1
Sandeepkumark0,Pawankhera,1
Sandeepkumark0,RahulGandhi,1
Sandeepkumark0,SupriyaShrinate,1
Sandeepkumark0,srinivasiyc,1
Sandeepnirvan_,KiranKS,1
Sandeepnirvan_,narendramodi,1
SandipGhose,AmitShah,1
SandipGhose,BJP4India,1
SandipGhose,MeghaSPrasad,1
SandipGhose,RajatSharmaLive,1
SandipGhose,narendramodi,3
SandyEggHoHoHo,OneShoup,1
SandyEggHoHoHo,cityafreaks,2
SandyEggHoHoHo,generalperiwin1,2
SandyEggHoHoHo,nonalignedem,2
SanerVoice,AlongImna,1
SanerVoice,narendramodi,1
SanggameshSK,RahulGandhi,1
SanggameshSK,srivatsayb,1
SanjayK91719891,ZZoariah,1
SanjayKapatkar,BJP4India,1
SanjayRGaikwad1,AmitShah,1
SanjayRGaikwad1,BJP4India,1
SanjayRGaikwad1,KetansinhS,1
SanjayRGaikwad1,narendramodi,1
SanjayRGaikwad1,nsitharaman,1
SanjayRGaikwad1,sambitswaraj,1
Sanjaygupts1996,pushkar_g_singh,1
Sanjaygupts1996,vijayarumugam,1
Sanjeev44964447,RajeevRai,1
Sanjeev44964447,kpmaurya1,1
Sanju_Chops,INCIndia,1
Sanju_Chops,INCUttarPradesh,1
Sanju_Chops,RahulGandhi,1
Sanju_Chops,narendramodi,1
Sanju_Chops,priyankagandhi,1
SantoshKrRajpo1,AshishSinghLIVE,1
SantoshKrRajpo1,BCCI,1
SantoshKrRajpo1,thakurbaba,1
SantoshKrRajpo1,virendersehwag,1
Santu_312,BCCI,1
Santu_312,JayShah,1
Sasidhar__Reddy,ANI,1
SatishM08287011,AAArtsOfficial,1
SatishM08287011,AbhishekOfficl,1
SatishM08287011,vivekagnihotri,1
SatishTg1,AamAadmiParty,1
SatishTg1,ArvindKejriwal,1
SatishTg1,luckyschawla,1
SatishTg1,seriousfunnyguy,1
Satishrathod100,AdiMadhav,1
Satishrathod100,Am_dilip,1
Satishrathod100,AnkushD65021363,1
Satishrathod100,AnuragAtul,1
Satishrathod100,BachaoIndiako,1
Satishrathod100,Bangboy54466920,1
Satishrathod100,BarStoolPandit,1
Satishrathod100,ChakdeIndia11,1
Satishrathod100,Dipesh28783256,1
Satishrathod100,Drsunandambal,1
Satishrathod100,Hydbiryani11,1
Satishrathod100,JaganNKaushik,1
Satishrathod100,KINGEHIND,1
Satishrathod100,KashmirSParihar,1
Satishrathod100,LD_VillageGuy,1
Satishrathod100,LillyMaryPinto,1
Satishrathod100,MajNS18,1
Satishrathod100,NiniHala,1
Satishrathod100,RAJANITHYANAN14,1
Satishrathod100,RaghavendraUp16,1
Satishrathod100,RahulGandhi,1
Satishrathod100,SGK19551,1
Satishrathod100,Saliltoday,1
Satishrathod100,SangoliR,1
Satishrathod100,Savitritvs,1
Satishrathod100,SundarMP1,1
Satishrathod100,ThunderIndia93,1
Satishrathod100,Vaidikah,1
Satishrathod100,ads7506,1
Satishrathod100,athavale_abhi,1
Satishrathod100,brainjal,1
Satishrathod100,chandan27648045,1
Satishrathod100,cochinmenon,1
Satishrathod100,colkt,1
Satishrathod100,dharmvirjangra9,1
Satishrathod100,faramroze,1
Satishrathod100,gouranga1964,1
Satishrathod100,jyotsnavarma9,1
Satishrathod100,kailashkaushik8,1
Satishrathod100,narendramodi,1
Satishrathod100,noconversion,1
Satishrathod100,nparama1951,1
Satishrathod100,praneelraja,1
Satishrathod100,prasad_perla,1
Satishrathod100,purohit_b,1
Satishrathod100,satishanna12,1
Satishrathod100,vanny_rao,1
Satishrathod100,vera_anz,1
Satishrathod100,vinaygar,1
Satishrathod100,yessirtns,1
Saturnyourboy,AskAnshul,1
Saturnyourboy,SAURABH_DUBIOUS,1
Saturnyourboy,itheAamir,1
Satyaka14273620,AamAadmiParty,1
SatyanNayar3,ShefVaidya,1
SatyanNayar3,SudheenKulkarni,1
SatyanNayar3,rautsanjay61,1
Saurav9351,AmanChopra_,1
Saurav9351,SrivastavaVyas,1
Saurav9351,stonedphantom43,1
Saurav9351,vijendraGoswa14,1
SayedBangalore,narendramodi,1
Scorpion1007,AmitShah,1
Scorpion1007,CNNnews18,1
Scorpion1007,IndiaToday,1
Scorpion1007,RahulGandhi,1
Scorpion1007,maryashakil,1
Scorpion1007,narendramodi,2
ScreamingSushii,Adil_INC_,1
ScreamingSushii,Erdhanwik,1
ScreamingSushii,FMShaik21243336,1
ScreamingSushii,ImYadav0396,1
ScreamingSushii,KrisNair1,1
ScreamingSushii,KulrajanWadhwa,1
ScreamingSushii,PavanMeena07,1
ScreamingSushii,Vipin_Singh0009,1
ScreamingSushii,hoorsheikh_fiza,1
ScreamingSushii,jsbisht555,1
ScreamingSushii,mohdriy43871551,1
SenShiven,PMOIndia,1
SenShiven,narendramodi,1
Sendhilkrish7,BCCI,1
SethiAtulya,ICC,1
SethiAtulya,JayShah,1
SethiAtulya,cricketaakash,1
SethiAtulya,cricketworldcup,1
SevadalTN,supriya_sule,1
ShahabWaseem,Haqeeqat_TV,1
ShahiPaneer123,Monika47501412,1
Shahidbhai111,dawn_com,1
Shahzadali84,IrfanPathan,1
ShaikAh62355658,srinivasiyc,1
Shalivaahan,Aditya82313733,1
Shantan45842544,Dr_Uditraj,1
SharadBishnoi05,SeshadriBhanu,1
SharanRoars,narendramodi,1
ShashiK18057826,rohini_sgh,1
ShastriSuyal,INCIndia,1
ShastriSuyal,RahulGandhi,1
ShastriSuyal,narendramodi,1
ShastriSuyal,priyankagandhi,1
ShastriSuyal,sardesairajdeep,1
SheikhJawadSid3,ICC,1
SheikhJawadSid3,SumitPal002,1
ShivVeekay,konarksangal,1
ShivaaniKTalwar,INCIndia,1
ShivaaniKTalwar,RahulGandhi,1
ShivaaniKTalwar,narendramodi,1
ShivasSnake,akshay___99,1
ShivasSnake,contrarian8888,1
ShivasSnake,thehulk0777,1
Shobhit1403,narendramodi,1
ShoorVeerKing,ANI,1
ShoorVeerKing,AashiqAllah,1
ShoorVeerKing,NarSinghAvatar,1
ShoorVeerKing,ensconced_utd,1
Shreyas18215159,INCIndia,1
Shreyas18215159,INCMaharashtra,1
Shreyas18215159,Kamalsi15446757,1
Shreyas18215159,RahulGandhi,1
Shreyas18215159,RishikaRaka,1
Shreyas18215159,bharatjodo,1
ShridharMenon1,RahulGandhi,1
ShridharMenon1,srivatsayb,1
Shubh2811k,byomkesbakshy,1
Shubham_Neuro,BCCI,1
Shubham_Neuro,JayShah,1
ShujathAliSufi,GauravGogoiAsm,1
ShujathAliSufi,INCIndia,1
ShujathAliSufi,RahulGandhi,1
SiDsharma24,BCCI,1
SidTweeet,ArvindKejriwal,1
Sidd91902935,narendramodi,1
Siddesh70252954,TajinderBagga,1
SiddharthaRai2,MyNation,1
SiddharthaRai2,abhijitmajumder,1
SiddharthaRai2,narendramodi,1
SirClouseau,ZohaibChodhary,1
SirClouseau,ashoswai,1
Sita63927596,ShekharGupta,1
Sita63927596,ThePrintIndia,1
Sita63927596,sbabones,1
SivaramJ7,BCCI,1
SivaramJ7,sumanthraman,1
Sivashanker_26,Eswarkarthikeya,1
Sivashanker_26,Jaanu4BJP,1
Sivashanker_26,Paul_Oommen,1
Sivashanker_26,Sagar4BJP,1
Sivashanker_26,_dinakar_,1
Sivashanker_26,j_rohitreddy,1
Sivashanker_26,ramug0137,1
Sivashanker_26,sat_gollapudi,1
SmallTownerr,RahulGandhi,1
SmallTownerr,kanhaiyakumar,1
SmallTownerr,rohini_sgh,1
SmallTownerr,sambitswaraj,1
SmitaPa22427400,AmitLeliSlayer,2
SmitaPa22427400,ndtvfeed,2
SocioPoliticalW,BJP4India,1
SocioPoliticalW,DrAMSinghvi,1
SocioPoliticalW,Politics_2022_,1
SocioPoliticalW,RahulGandhi,1
SocioPoliticalW,Stanalb,1
SocioPoliticalW,smitaprakash,1
Socrate90000750,rohan_connolly,1
SoniMishra20,TheWeekLive,1
Sourabhkhs23,narendramodi,1
Spick_Media,arivalayam,1
Spick_Media,mkstalin,1
Sprintracer4,VoteGreyBull,1
Sr271707,BJP4India,1
Sr271707,BJP4UP,1
Sr271707,BJYM,1
Sr271707,narendramodi,1
SriSan89679708,Enraged_Indian,1
Sridhar59343408,Pawankhera,1
Srikant46583134,virendersehwag,1
SrikanthP_BRS,Indian_Index,1
SrikanthP_BRS,sarvashoonya,1
Srini_imi,ANI,1
Srini_imi,BJP4India,1
Srini_imi,narendramodi,1
Sriniva54626043,RahulGandhi,1
Sriniva54626043,srivatsayb,1
SrinuSanapathi8,ARaheem98779,1
SrinuSanapathi8,ArfaSays_,1
SrinuSanapathi8,DEEPRISER,1
SrinuSanapathi8,HemantRajSharm5,1
SrinuSanapathi8,Muhammad6805685,1
SrinuSanapathi8,PRASUN811665,1
SrinuSanapathi8,SandyBhai4200,1
SrinuSanapathi8,babarazam258,1
SrinuSanapathi8,bhogleharsha,1
SrinuSanapathi8,illusionsaround,1
SrinuSanapathi8,mithun_179,1
SshivaniDurga,AmitShahOffice,1
SshivaniDurga,BJP4India,1
SshivaniDurga,HMOIndia,1
SshivaniDurga,PMOIndia,1
SshivaniDurga,myogiadityanath,1
SshivaniDurga,narendramodi,1
StarRayCallaway,KCali5,1
StarRayCallaway,kpereau,1
StarRayCallaway,megynkelly,1
Subbu_Penmatsa,Mallik_Y1988,1
SubhajitRoyAITC,AITCofficial,1
SubhajitRoyAITC,abhishekaitc,1
Subhank33367651,BCCI,1
Subhankr_Sarkar,BhuviOfficial,1
Subhankr_Sarkar,DineshKarthik,1
Subhankr_Sarkar,IndianCricNews,1
Subhankr_Sarkar,klrahul,1
SubhashG5156,ParaRjs,1
SubhashG5156,RahulGandhi,1
SubhashG5156,mmvp2005,1
SubtelDharm,ndtv,1
SudhirC64994457,Dev_Fadnavis,1
SudhirC64994457,narendramodi,1
SudhirR97717013,RubikaLiyaquat,1
SudhirR97717013,abpnewstv,1
SudhirR97717013,narendramodi,1
SuhasiniW,ashokepandit,1
SultanYavar,sumitkashyapjha,1
Sum1tmanhas,Cricupdatesfast,1
Sunil85157166,BDUTT,1
Sunil85157166,RahulGandhi,1
Sunil85157166,ShefVaidya,1
Sunil85157166,priyankagandhi,1
SunilBaitman,IndiaToday,1
SunilBaitman,RahulGandhi,1
SunilBaitman,narendramodi,1
SunilBhatM,narendramodi,1
SunilDh19648177,narendramodi,1
SunilSh26521572,narendramodi,1
SunilSh69746434,PoojaB1972,1
SunjayJK,PepperdineSPP,1
SunjayJK,pepperdine,1
Sunny_S_D,BoltaHindustan,1
Sunny_S_D,GouravVallabh,1
Sunny_S_D,VikrantDhiman,1
Sunshine_blosso,IamSanjuSamson,1
Sup_ER_Doc,ImranKhanPTI,1
Sup_ER_Doc,narendramodi,1
Sup_ER_Doc,sardesairajdeep,1
SupateBalaji,narendramodi,1
Supriyo36406983,RahulGandhi,1
Suraj_m_Nirmale,MHafeez22,1
SuranjanSengup8,narendramodi,1
SurendraM007,ARanganathan72,1
SurendraM007,vivekagnihotri,1
Surendra_Prasad,mjavinod,1
Suresha000,Aam_Nationalist,1
SuriJaved,Cardamo77920366,1
SuriJaved,KeypadGuerilla,1
SurienderKhalsa,sanjaynirupam,1
Surinder1531954,ImranKhanPTI,1
Surya53464129,BCCI,1
SushanTwit,ArvindKejriwal,1
SushanTwit,NitishKumar,1
SushanTwit,PrashantKishor,1
SushanTwit,officecmbihar,1
Suumandey,AmitShah,1
Suumandey,BJP4India,1
Suumandey,JyoitaS,1
Suumandey,MrsGandhi,1
Suumandey,aajtak,1
Suumandey,amitmalviya,1
Suumandey,narendramodi,1
Suumandey,rathod1_bhushan,1
Suumandey,republic,1
Suumandey,vinitgoenka,1
Suvansh_29,RingkuNath,1
Suvansh_29,SportyVishaI,1
SwaRajYogiRaj,ARanganathan72,1
SwaRajYogiRaj,TimesNow,1
SwaRajYogiRaj,navikakumar,1
SwachhRavi,AmitShah,1
SwachhRavi,BJP4Himachal,1
SwachhRavi,BJP4India,1
SwachhRavi,ChouhanShivraj,1
SwachhRavi,Dev_Fadnavis,1
SwachhRavi,KirenRijiju,1
SwachhRavi,ManojTiwariMP,1
SwachhRavi,NamoApp,1
SwachhRavi,RSSorg,1
SwachhRavi,Ra_THORe,1
SwachhRavi,Ramlal,1
SwachhRavi,SuPriyoBabul,1
SwachhRavi,TajinderBagga,1
SwachhRavi,arunjaitley,1
SwachhRavi,byadavbjp,1
SwachhRavi,dr_maheshsharma,1
SwachhRavi,drramansingh,1
SwachhRavi,ianuragthakur,1
SwachhRavi,jairamthakurbjp,1
SwachhRavi,myogiadityanath,1
SwachhRavi,namomerchandise,1
SwachhRavi,narendramodi,1
SwachhRavi,ramkripalmp,1
SwachhRavi,sarbanandsonwal,1
SwachhRavi,vijayrupanibjp,1
Sweet2096,narendramodi,1
Syam_747,RahulGandhi,1
Syam_747,RajaniDubai,1
Syam_747,drshamamohd,1
SyedaMiranaT,BCCI,1
TEOL85,BeingSalmanKhan,1
TEOL85,BiggBoss,1
TEOL85,ColorsTV,1
TEOL85,iamTinaDatta,1
THIYAGA93206061,ajaydevgn,1
TIndian2100,AmitShah,1
TIndian2100,BJP4India,1
TIndian2100,CaptAbhimanyu,1
TIndian2100,NareshBhalla,1
TIndian2100,PiyushGoyal,1
TIndian2100,Ramlal,1
TIndian2100,amitmalviya,1
TIndian2100,iamsunnydeol,1
TIndian2100,narendramodi,2
TIndian2100,ndtvvideos,1
TIndian2100,nsitharaman,1
TMailme,JaipurDialogues,1
TOIAhmedabad,RahulGandhi,1
TOIAhmedabad,narendramodi,5
TPDass4,Hereprak,1
TajinderSTS,amitmalviya,1
Tandav9,BhavikaKapoor5,1
Tandav9,RahulGandhi,1
Tandav9,Shubham_RI,1
Tandav9,darsh2341,1
Tandav9,narendramodi,1
Tandav9,priyankagandhi,1
Tank_LFC,AP_wastaken_,1
Tank_LFC,DonHusam6,1
Tank_LFC,SachinB04317273,1
TapanNiraj,PMOIndia,1
TapanNiraj,narendramodi,2
TarakSiva_NTR30,BCCI,1
TarakSiva_NTR30,ntrfryou,1
Tarun4BJP,RahulGandhi,1
TaruneshPrasad,news24tvchannel,1
Tavysingh,HardeepSPuri,1
Tavysingh,arunjaitley,1
Tavysingh,capt_amarinder,1
TdJagtap,PMOIndia,1
TdJagtap,narendramodi,1
TechSmartKing,BesuraTaansane,1
TeeNations72,LakotaMan1,1
Teja2203,Hanuman_Shakti,1
Teja2203,LoboFrederick,1
Teja2203,RanaAyyub,1
Teja2203,Voice_For_India,1
Telugu_Abbay_In,Sportskeeda,1
TeslaFanBristol,CMShehbaz,1
TeslaFanBristol,theskindoctor13,1
Thashwin_19,BCCI,1
Thashwin_19,ShelJackson27,1
Thashwin_19,imVkohli,1
ThatBenzeneRing,ShivSena,1
ThatBenzeneRing,kharge,1
TheAnuragMishra,ANI,1
TheAnuragMishra,BJP4India,1
TheAnuragMishra,himantabiswa,1
TheArnavS,zoo_bear,1
TheBhavnaSharma,AbhishBanerj,1
TheBhavnaSharma,DHGaikwad12,1
TheBhavnaSharma,kaushikcbasu,1
TheBhavnaSharma,minicnair,1
TheForcesGuy,ArvindKejriwal,1
TheFrivolouss,narendramodi,1
TheIanSiegel,AnnaForFlorida,1
TheIanSiegel,Jerry__Grey,1
TheIanSiegel,sockmonkey1138,1
TheIanSiegel,vishbraveheart,1
TheIrishGangsta,cricketaakash,1
TheKashifkhalid,narendramodi,1
TheNameIsYashTM,Shivani27017412,1
TheNameIsYashTM,narendramodi,1
TheQuint,QuintHindi,1
TheRealSlimModi,BJP4India,1
TheRealSlimModi,narendramodi,1
TheRealVinoth,puram_politics,1
TheReal_Jassi,LambaAlka,1
TheWalrusonLSD,PKSBHAT,1
TheWalrusonLSD,asos_soas,1
TheWalrusonLSD,softgrowl,1
TheZamindaar,narendramodi,1
The_Castleton_,IrfanPathan,1
The_Castleton_,Shubham14Tiwari,1
The_Castleton_,iihtishamm,1
Thippeswamy1967,BJP4India,1
Thippeswamy1967,BJP4Karnataka,1
Thippeswamy1967,BJPLive,1
Thippeswamy1967,narendramodi,1
ThoughtsPerSec,MariyamIrfan4,1
ThoughtsPerSec,MazherArshad,1
TigerKhanJee,RahulGandhi,1
TigerKhanJee,isro,1
TimesNow,RShivshankar,6
Trent2145,PoonawalaPranav,1
Trent2145,sidhant,1
TriptiRTiwari,narendramodi,1
Trolled_Monk,GlHindu,1
TrueResearcher_,GabbbarSingh,1
TrueResearcher_,HamidMirPAK,1
TrueResearcher_,MehreenAlam_,1
TrueResearcher_,PMOIndia,1
TrueResearcher_,ShashiTharoor,1
TrueResearcher_,Shehla_Rashid,1
TrueResearcher_,UmamKhanam,1
TrueResearcher_,khanumarfa,1
TrueResearcher_,narendramodi,1
Truethoughts68,gandabherunda,1
Tsarofukie,armybratspeaks,1
UBquitus,JhaSanjay,1
UdtaDil,AmitJai84132320,1
UdtaDil,narendramodi,1
UdtaDil,swapan55,1
UhSumLadenBin,SanksP,1
UhSumLadenBin,omarali50,1
UmeIYMAN,Bob_cart124,1
UmeIYMAN,pensive_thinkr,1
UndefinedRana,BJP4India,1
UndefinedRana,INCIndia,1
UndefinedRana,JhaSanjay,1
UndefinedRana,RSSorg,1
UndefinedRana,RahulGandhi,1
UndefinedRana,narendramodi,1
UndefinedRana,nitin_gadkari,1
UpendraSuryaDe1,QuintHindi,1
UpendraSuryaDe1,TheQuint,1
UpendraSuryaDe1,UpendraSuryaDe1,1
UsmannShujaa,Politics_2022_,1
Utpal_Indian,INCAssam,1
Utpal_Indian,VoiceOfAxom,1
Utpal_Indian,narendramodi,1
VBforNation,AamAadmiParty,1
VBforNation,ArvindKejriwal,1
VMTripathi__,BCCI,1
VMTripathi__,BholaNath_BSF,1
VMTripathi__,CricCrazyV,1
VMTripathi__,ICC,1
V_Anawalikar,AnilShiroleBJP,1
V_Anawalikar,BJP4Maharashtra,1
V_Anawalikar,MinGirishBapat,1
V_Anawalikar,narendramodi,1
V_Astroyog,ShekharGupta,1
V_Astroyog,ThePrintIndia,1
V_Astroyog,sbabones,1
VadeBloom,AskAnshul,1
VadeBloom,IYC,1
VadeBloom,KasthuriShankar,1
VadeBloom,NSO365,1
VadeBloom,NTROCKING,1
VadeBloom,ShaliniKTiwari,1
VadeBloom,__Ruchir__,1
VadeBloom,annamalai_k,1
VadeBloom,mkstalin,1
VadeBloom,ysjagan,1
VaguelyRight,BJP4India,1
VaguelyRight,RatanSharda55,1
VaguelyRight,Sanju_Verma_,1
VaguelyRight,narendramodi,1
Vaibhav75112424,NikhilNaz,1
VaibhavP21,waglenikhil,1
VamsiChandran,Ironman08931157,1
VamsiSirivolu,RahulGandhi,1
VamsiSirivolu,waglenikhil,1
VandanaMegastar,CNNnews18,1
VandanaMegastar,RahulGandhi,1
VandanaMegastar,grovervj,1
VandanaMegastar,narendramodi,1
VandanaMegastar,rsprasad,1
VarenderChopra,ajitbhinder,1
Vatsanjeev,khabrimishra,1
Vatsanjeev,the_hindu,1
VeeruPspkCult,JanaSenaParty,1
Venkatasai85,JhaSanjay,1
Venkatasai85,nitin_gadkari,1
Venkate98225655,Politics_2022_,1
VeteranJeev,ArunKrishnan_,1
Vicky78549484,CaughtAtGully,1
Vicky78549484,PrimeVideoIN,1
VidyaLad,AlJazeera,1
VidyaLad,BBCWorld,1
VidyaLad,CNN,1
VidyaLad,INCIndia,1
VidyaLad,guardian,1
VidyaLad,supriya_sule,1
Vijapandey,NavbharatTimes,1
Vijapandey,RahulGandhi,1
Vijapandey,narendramodi,1
VijayMittal2512,bainjal,1
VijayMittal2512,narendramodi,1
Vijayku60333382,narendramodi,1
Vijendra1Verma,MinhazMerchant,1
Vijendra1Verma,PTI_News,1
Vikasthecult,archu243,1
Vikasthecult,narendramodi,1
VikkyUdawat7,BCCI,2
VikkyUdawat7,IamSanjuSamson,2
VikkyUdawat7,ImRaina,1
Vimalupadhyay74,Tejasvi_Surya,1
VinayDokania,narendramodi,2
VinaySudivinay,IrfanPathan,1
VinojBJP,AmitShah,1
VinojBJP,BJP4TamilNadu,1
VinojBJP,annamalai_k,1
VinojBJP,blsanthosh,1
VishalPaakad,BCCI,2
VishalPaakad,ICC,1
VishalPaakad,ICCLive,1
VishalPaakad,ICCMediaComms,1
VishalPaakad,ImRo45,1
VishalPaakad,JayShah,1
VishalPaakad,NOELPEDIA,1
VishalPaakad,T20WorldCup,1
VishalPaakad,WasimJaffer14,1
VishalPaakad,cricketworldcup,1
VishalPaakad,englandcricket,1
VishalPaakad,imVkohli,1
VishalPaakad,josbuttler,1
Vishal_FilmBuff,narendramodi,2
VishnuC04440956,KailashBaytu,1
VishnuC04440956,narendramodi,1
Vivaldi75459538,ArfaSays_,1
Vivek72740124,krishan_ks10,1
Vivek72740124,rbjhalani,1
Vivekan70842158,PrabhjotIAS,1
Vmurty,BJP4India,1
Vmurty,ncbn,1
Vocal_for_local,myogiadityanath,1
Vocal_for_local,narendramodi,1
WT_Lucifer,BJYMinTN,1
WT_Lucifer,fnoble20,1
WahKyaBaatHai00,elonmusk,1
WalkInPinewoods,JB__United,1
WalkInPinewoods,SarikaMuneer,1
WalkInPinewoods,SouthAsiaIndex,1
Wantyouyo,CMShehbaz,1
WeForNews,Dassault_OnAir,1
WeForNews,DrAMSinghvi,1
WeForNews,INCIndia,1
WeForNews,narendramodi,1
WeForNews,rssurjewala,1
Welfare4Poor,INCIndia,1
Welfare4Poor,narendramodi,1
WesleyMouch3,EthanCrisp,1
WesleyMouch3,Politics_Polls,1
WesleyMouch3,wittypunjaban,1
WohKrishnaHai,MohamedBinZayed,1
WohKrishnaHai,narendramodi,1
XpressBengaluru,tunirbee,1
Xs2partner,AmitShah,1
Xs2partner,Gods_Hell,1
Xs2partner,ShefVaidya,1
Xs2partner,abhijitmajumder,1
Xs2partner,narendramodi,1
Xs2partner,rahul61146049,1
Y_Pandita,narendramodi,1
Yaduvanshi720,ANI,1
YashwanthPNaik,ANI,1
YashwanthPNaik,BJP4India,1
YashwanthPNaik,mrs_moon_light,1
YashwanthPNaik,narendramodi,2
YashwanthPNaik,vijitGupta11,1
YasminAli,andrewkilleen,1
YearOfRat,sbabones,1
Yogesh95173959,BCCI,1
YogindramKotta2,RahulGandhi,1
YogindramKotta2,ShefVaidya,1
YogindramKotta2,narendramodi,1
YogindramKotta2,priyankagandhi,1
YourRealPartner,BCCI,1
YourRealPartner,ImRo45,1
YourRealPartner,yuzi_chahal,1
YoursOmaga,IrfanPathan,1
YouthAgendaSA,Qhawe___L,1
ZabedAhmed18,PTI_News,1
Zachjoe16,OfficeOfNG,1
Zachjoe16,nitin_gadkari,1
Zahid_HAnsari,PTI_News,1
Zakirranga,abay_insaan_ban,1
ZeeshanAITC,AITCofficial,1
ZeeshanAITC,abhishekaitc,1
ZekeKiah22,timesofindia,1
_10compassion,Ayeshafied,1
_10compassion,masaddali1,1
_10compassion,narendramodi,1
_A_j_i_t,BSF_India,1
_A_j_i_t,BezwadaWilson,1
_A_j_i_t,CNNnews18,1
_A_j_i_t,IndiaToday,1
_A_j_i_t,IndianExpress,1
_A_j_i_t,SCJudgments,1
_A_j_i_t,Shehzad_Ind,1
_A_j_i_t,SwachhBharatGov,1
_A_j_i_t,Swamy39,1
_A_j_i_t,TajinderBagga,1
_A_j_i_t,TimesNow,1
_A_j_i_t,adgpi,1
_A_j_i_t,crpfindia,1
_A_j_i_t,mvmeet,1
_A_j_i_t,narendramodi,1
_A_j_i_t,ndtv,1
_A_j_i_t,rashtrapatibhvn,2
_A_j_i_t,republic,1
_A_j_i_t,swachhbharat,1
_A_j_i_t,the_hindu,1
_A_j_i_t,timesofindia,1
_Amused_Indian,PrashantMUFC,2
_Amused_Indian,elomnnuskk,1
_Amused_Indian,visheshkoul,1
_Country_First,INCIndia,1
_Country_First,narendramodi,1
_Huskerdooo,AAmuyungesin,1
_Huskerdooo,Ak_bh2047,1
_Huskerdooo,artiseternall,1
_Huskerdooo,elonmusk,1
_Johnny___03,JanaSenaParty,1
_Johnny___03,PawanKalyan,1
_Messier33,KyivIndependent,1
_Messier33,Rajkamal_bm,1
_Sajid_12,Politics_2022_,1
_Sajid_12,veerappavenkap1,1
_Shwetsi_,redemptionarcs,1
____OO____,NCPspeaks,1
____OO____,j_amaren,1
____OO____,supriya_sule,1
_ahania,elonmusk,1
_definitelyN0t,BJP4India,1
_definitelyN0t,INCIndia,1
_definitelyN0t,cricketaakash,1
_mishra_preeti,BDUTT,1
_mishra_preeti,Ish_Bhandari,1
_mishra_preeti,NewsHtn,1
_mishra_preeti,RajatSethi86,1
_mishra_preeti,anildharker,1
_mishra_preeti,drshamamohd,1
_mishra_preeti,seemagoswami,1
_official_ks,raghav_chadha,1
_panwargajendra,VaibhavGehlot80,1
_panwargajendra,ashokgehlot51,1
_panwargajendra,narendramodi,1
_shubham_sb,Dev_Fadnavis,1
_sorci_,harrisvolheim,1
_umakantsingh,PrannoyRoyNDTV,1
_umakantsingh,ShekharGupta,1
_umakantsingh,ravishndtv,1
_vijaychandwani,AnupamPKher,1
_vijaychandwani,narendramodi,1
_vonarchimboldi,TheEmissaryCo,1
a_saad,narendramodi,1
a_saad,sushmitadevmp,1
a_vinash__,ANI,1
a_vinash__,narendramodi,1
aa_1166,on_drive23,1
aadhinaathan,Saravana_84,1
aadhinaathan,cvkrishnan,1
aanand_shilpi,AmitShah,1
aanand_shilpi,BangaloreMirror,1
aanand_shilpi,DVSBJP,1
aanand_shilpi,PMOIndia,1
aanand_shilpi,RAshokaBJP,1
aanand_shilpi,TheNameIsYash,1
aanand_shilpi,aanandtweeting,1
aanand_shilpi,narendramodi,1
aanand_shilpi,pradip1951,1
aashishkothari,narendramodi,1
aashismodak,BCCI,1
aathifrazzaq,shubhankrmishra,1
aayush_mantry,PiyushGoyal,1
aayush_mantry,narendramodi,1
abR976,AbhijitKaran25,1
abdulgh53652132,Fekerksa_Ur,1
abhi_shek_987,JUrvish,1
abhi_shek_987,TheBarmyArmy,1
abhi_shek_987,jerrymashite,1
abhi_shri03,BluntIndianGal,1
abhi_shri03,naive_shrewd,1
abhijeet0284,srinivasiyc,1
abhinavbillaiya,1988avijain,1
abhishek_r_h,Tejasvi_Surya,1
abhishek_r_h,narendramodi,1
abhishekkatiyar,RajatSharmaLive,1
abhishekkatiyar,gauravbh,1
abhishekkatiyar,indiatvnews,1
abhishekkatiyar,narendramodi,1
abhishekna1,INCIndia,1
abhishekna1,NH_India,1
abidfatima01,100rabhsingh781,1
abidfatima01,Ravindranath_N,1
abinash__puhan,Gopal_Italia,1
accountanthunbc,Bhardwaj_Scion,1
accountanthunbc,zhukov45,1
achandwar,JhaSanjay,1
activefromUSA,AamAadmiParty,1
activefromUSA,narendramodi,1
acyclops90,aimim_national,1
acyclops90,asadowaisi,1
adarshgaur15273,Bhartispeaks,1
adarshgaur15273,ankitasood13,1
adarshgaur15273,iSanjuktaP,1
adarshgaur15273,iSinghApurva,1
adarshgaur15273,namomerchandise,1
adarshgaur15273,narendramodi,1
adarshgaur15273,priyanka4nation,1
adhinayak_,ShivamShankarS,1
adilmahmood251,ABdeVilliers17,1
adititanya,kanhaiyakumar,1
adityampaul,AamAadmiParty,1
adityampaul,SanjayAzadSln,1
adv_SUnaeza,LavanyaBallal,1
adv_SUnaeza,supriya_sule,1
adwitiya_singh,Politics_2022_,1
adwitiya_singh,mayank_sxn,1
aeroburner1,heatcity2009,1
aftabcalm,Brijesh77956738,1
aftabcalm,Jairam_Ramesh,1
aftabcalm,ShashiTharoor,1
aftu_twts,IamSanjuSamson,1
aftu_twts,RVCJ_FB,1
aftu_twts,grapeyy1024,1
aghiria,sardesairajdeep,1
agrawmohit,AmitShah,1
agrawmohit,BJPLive,1
agrawmohit,INCIndia,1
agrawmohit,RahulGandhi,1
agrawmohit,narendramodi,1
ahambramasmi7,hazharoon,1
ahmedismailmoos,vikrantgupta73,1
aishwaryasinger,narendramodi,1
ajay36mittal,BCCI,2
ajay36mittal,IndianMourinho,1
ajay36mittal,cricket_broken,1
ajay36mittal,hemangkbadani,1
ajay_mlnanda,narendramodi,1
ajit4onlyu,ArvindKejriwal,1
ajswal1a,RajeshS50119232,1
ajswal1a,sanjaykumthek10,1
ajswal1a,saraf_pankaj,1
ajswal1a,veerappavenkap1,1
ak_pattanayak,INCIndia,1
akaamitmishra,narendramodi,1
akash_nasre,narendramodi,1
akbarbatcha,ImranKhanPTI,1
akbarbatcha,narendramodi,1
akbarbatcha,sardesairajdeep,1
alexmanisha,aaicaretakerngo,1
algoframe,rajnathsingh,1
ali2705,BJP4India,1
ali2705,INCIndia,1
ali2705,RahulGandhi,1
ali2705,narendramodi,1
ali2705,priyankagandhi,1
aliahmadnd,HabibSra,1
aliahmadnd,IND_Emperor2817,1
aliahmadnd,ITheBitterTruth,1
aliahmadnd,Rakesh1752,1
aliahmadnd,SouthAsiaIndex,1
aliahmadnd,bobbyisking56,1
alkavasudeva,RahulGandhi,1
alkavasudeva,Shehzad_Ind,1
alkavasudeva,narendramodi,1
alok8869,INCIndia,1
alok8869,RahulGandhi,1
alok8869,narendramodi,1
alok8869,priyankagandhi,1
alphaking151,Cricketracker,1
alphaking151,mufaddal_vohra,1
alpualfred,INCIndia,1
alpualfred,RahulGandhi,1
alpualfred,divyaspandana,1
alpualfred,narendramodi,1
amaanasim,bicblr,1
amaanasim,ptrmadurai,1
amaanasim,ravichandar,1
aman2800x,IndiaToday,1
aman_khan25,RahulGandhi,1
aman_khan25,narendramodi,1
amarender2412,AkshayKtrs,1
amarender2412,Indian___Hindu,1
amarender2412,prakashraaj,1
amarender2412,trialsid,1
ambuj1tripathi,aajtak,1
ambuj1tripathi,narendramodi,1
amij24,BJP4India,1
amij24,RaoMlc,1
amij24,aajtak,1
amij24,abpnewstv,1
amij24,priyankagandhi,1
amitrathi_,AmitShah,1
amitrathi_,BJP4India,1
amitrathi_,ChouhanShivraj,1
amitrathi_,bhak_sala,1
amitrathi_,narendramodi,1
amiyadnath,BCCI,1
amiyadnath,hardikpandya7,1
amiyadnath,imVkohli,1
amiyadnath,surya_14kumar,1
ammapakoda,VikranthVeerav1,1
amn_sinha,ChampaiSoren,1
amn_sinha,DeepikaSRajawat,1
amn_sinha,KTRTRS,1
amn_sinha,RajeevRai,1
amn_sinha,Subhash_Desai,1
amn_sinha,TRBRajaa,1
amn_sinha,U2Brutus_off,1
amn_sinha,isai_,1
amn_sinha,juhiesingh,1
amn_sinha,prakashraaj,1
amn_sinha,ysathishreddy,1
amrit2201,sambitswaraj,1
amrya,jigneshmevani80,1
amrya,narendramodi,1
anand1subhash,LambaAlka,1
anand1subhash,Rahul_ForPM,1
anand1subhash,SupriyaShrinate,1
anand1subhash,saliltripathi,1
anand1subhash,srinivasiyc,1
anandprakash7,narendramodi,1
aneeshkcalicut,ShashiTharoor,1
anelixis_,YouTube,1
aniket7501,abpnewshindi,1
aniket7501,shobha,1
aniket_tarlekar,AditiIndiaFirst,1
aniket_tarlekar,narendramodi,1
aniket_tarlekar,nitin_gadkari,1
aniketvkhujneri,narendramodi,1
anil_uj,Cricketracker,1
anil_uj,amolmuzumdar11,1
anilsharma45,ashokgehlot51,1
anilsharma45,narendramodi,1
anishmahanta,INCIndia,1
anishmahanta,IYC,1
anishmahanta,MukandRita,1
anjay_ayush,Chirag59130147,1
anjay_ayush,Davinde28102897,1
anjay_ayush,carolynhparrish,1
anjuchopra73,thatmarineguy21,1
ankit_dm,narendramodi,1
ankita_276,narendramodi,1
ankitbjoshi,narendramodi,1
ankitparashar_e,BJP4India,1
ankitparashar_e,BJP4UP,1
ankitparashar_e,narendramodi,1
annunkn,GVLNRAO,1
annunkn,RShivshankar,1
annunkn,TimesNow,1
anto_vijay01,PMOIndia,1
anto_vijay01,narendramodi,1
anujsingh,Election_in,1
anujsingh,Swamy39,1
anujsingh,narendramodi,1
anumala_sathwik,imjadeja,1
anuragvenkat1,TimesNow,1
anuragvenkat1,narendramodi,1
anusutar,BJP4India,1
anusutar,RahulGandhi,1
anusutar,abpnewstv,1
anusutar,narendramodi,1
araajagann,puram_politics,1
arcchakraborty,BJP4India,1
arcchakraborty,anujdhar,1
arifayyub,SudheenKulkarni,1
arik_roy7,Being_Humor,1
arish_vr,ballala_raya,3
arish_vr,puram_politics,3
arju_anandh,narendramodi,1
arjunarcher19,_ahania,1
arnabKol37,BJP4India,1
arshiaunis,AmbashtaPP,1
arvind029,htTweets,1
arvind029,narendramodi,1
asarpotar,RahulGandhi,1
aseem_indian,raghav_chadha,1
ashfromdun,RahulGandhi,1
ashishtayal_,BJP4Haryana,1
ashishtayal_,BJP4India,1
ashishtayal_,narendramodi,1
ashokkbhat,warispathan,1
ashokrawat14,BJYindia,1
ashokrawat14,INCIndia,1
ashokrawat14,NCPspeaks,1
ashokrawat14,RahulGandhi,1
ashokrawat14,sushant_says,1
ashrafkondotty,fraternitykeral,1
ashutoshceo,DeepikaBhardwaj,1
ashutoshceo,ckclarkkentmg,1
ashutoshceo,gauravtheagrwal,1
ashwanipradhan2,sphavisha,1
asifismailans,INCIndia,1
asifismailans,RahulGandhi,1
asitmitt,BBCNews,1
asitmitt,CanadaNewsHunt,1
asitmitt,FoxNews,1
asitmitt,SkyNews,1
asitmitt,UNHumanRights,1
asitmitt,cnni,1
asitmitt,gulf_news,1
asitmitt,nytimesworld,1
asitmitt,washingtonpost,1
ath_bhandarkar,DefenceMinIndia,1
ath_bhandarkar,PMOIndia,1
ath_bhandarkar,goacm,1
ath_bhandarkar,narendramodi,1
athardesi,sardesairajdeep,1
atiraj_kumar,ArvindKejriwal,1
atiraj_kumar,BCCI,1
atiraj_kumar,CMShehbaz,1
atiraj_kumar,JayShah,1
atiraj_kumar,RahulGandhi,1
atiraj_kumar,TandonRaveena,1
atiraj_kumar,hardikpandya7,1
atiraj_kumar,imVkohli,1
atiraj_kumar,narendramodi,1
atulSin71109502,TrulyMonica,1
aumchem,INC,1
aumchem,INCIndia,1
aumnamah_,AaronMathewINC,1
aumnamah_,INCIndia,1
aumnamah_,KPadmaRani1,1
aumnamah_,RahulGandhi,1
aumnamah_,divyaspandana,1
aumnamah_,narendramodi,1
avatans,HinduAmerican,1
avatans,ShivAroor,1
avatans,WBEZ,1
avatans,narendramodi,1
avatans,ofbjp_usa,1
avatans,sbabones,1
avdprasad7,MojoPizzaLover,1
avijeetkhaitan,AndbhaktoJ,1
avijeetkhaitan,AnumaVidisha,1
avijeetkhaitan,DrRakeshPathak7,1
avijeetkhaitan,dineshkvohra1,1
avixorld,TimesNow,1
avixorld,amitmalviya,1
avixorld,tanvibose,1
ay34345,Tiny_Dhillon,1
ay34345,vaibhav44883836,1
aze3tzha,Abhinav57691796,1
aze3tzha,V_Astroyog,1
aze3tzha,sbabones,1
aze3tzha,shivhives,1
badafanta,Chandrakbose,1
bajwa_phudi,HassaanAkif,1
bajwa_phudi,IrfanPathan,1
bajwa_phudi,KumarSoonil19,1
bajwa_phudi,Rakia_1,1
bala_bodi,KathiresanT12,1
bala_bodi,RahulGandhi,1
balana2,smritiirani,1
ballala_raya,arish_vr,1
ballala_raya,puram_politics,1
basha_rocks,BCCI,1
basha_rocks,vikrantgupta73,1
basha_rocks,yuzi_chahal,1
bebaak__bol,BJP4India,1
bebaak__bol,RahulGandhi,1
bebaak__bol,SalmanNizami_,1
bebaak__bol,harmony1960,1
bebaak__bol,narendramodi,1
beingpankaj18,BJP4India,1
beingsagarneel,IMFNews,1
beingsagarneel,WorldBank,1
beingsagarneel,arunjaitley,1
beingsagarneel,narendramodi,2
beingsagarneel,nsitharaman,1
bej_2019,SachinPilot,1
bengaluruputra,priyankac19,1
benguism,rishibagree,1
bennishiroor,BJP4India,1
bennishiroor,narendramodi,1
besura_gana,AamAadmiParty,1
besura_gana,ArvindKejriwal,1
besura_gana,ShefVaidya,1
bhanuthukral,ANI,1
bharat_hindusta,BCCI,1
bharat_hindusta,ImRo45,1
bharat_hindusta,RogerBinnyBCCI,1
bharat_hindusta,imVkohli,1
bharat_hindusta,rahuldravid_ind,1
bharatjoroyatra,SpeakingTigers,1
bharatkaaamadmi,BCCI,1
bharatkaaamadmi,imjadeja,1
bharatkaaamadmi,jayshahIN,1
bharatpatni,ImranKhanPTI,1
bhaskarsen11,INCIndia,1
bhaskarsen11,KOLLEO,1
bhaskarsen11,Mahendr51390853,1
bhaskarsen11,arunjaitley,1
bhaskarsen11,narendramodi,1
bhaskarsen11,vinoks,1
bhushan_7,SrBachchan,1
bhushan_7,iamsunnydeol,1
bhushan_7,narendramodi,1
bibhuti_ro,mkstalin,1
bihani_alok,narendramodi,1
bikrammihir267,timesofindia,1
bilagi_kumar,PMOIndia,1
bimal_pr,narendramodi,1
bindunair30,narendramodi,1
bip_bd,AITCofficial,1
bip_bd,BJP4India,1
bip_bd,MamataOfficial,1
bipin_bhardwaj,BJP4India,1
bipin_bhardwaj,PMOIndia,1
bipin_bhardwaj,REEMINDME1,1
bipin_bhardwaj,bipin_bhardwaj,1
bipin_bhardwaj,narendramodi,1
bjpramod,TIME,1
bjpramod,narendramodi,1
blackk__mamba,AnOpenLetter001,1
bostoniancskfan,RahulGandhi,1
bostoniancskfan,mukeshmarda,1
boxsixty4,sardesairajdeep,1
bridgeinit,cjwerleman,1
brijpatan,elonmusk,1
bsc10001,SudhanshuTrived,1
bsc10001,TajinderBagga,1
bsc10001,rishibagree,1
bsc10001,sambitswaraj,1
bunny050973,BeeBeeGeeG,1
bunny050973,DuncanStuartRo1,1
bunny050973,campbellclaret,1
bvenkat60510486,BefittingFacts,1
bvenkat60510486,RahulGandhi,1
byakashyadav,ArvindKejriwal,1
byakashyadav,DrJKaggarwal03,1
byakashyadav,DrKumarVishwas,1
byakashyadav,LambaAlka,1
byakashyadav,_YogendraYadav,1
byakashyadav,pbhushan1,1
bydaveyji,BJP4India,1
bydaveyji,PMOIndia,1
bydaveyji,narendramodi,1
carnivorous302,Gaurav79666515,1
carnivorous302,Pakistanomy,1
carnivorous302,elonmusk,1
casarmans,IrfanPathan,1
catatlg,FoxNews,1
cchandramouli1,AmitShah,1
cchandramouli1,BJP4India,1
cchandramouli1,JPNadda,1
cchandramouli1,narendramodi,1
cchandramouli1,nitin_gadkari,1
cchandramouli1,shakeelNBT,1
cgseife,Nature,1
cgseife,ScienceMagazine,1
cgseife,annevelink_ad,1
charmer_nku,BJP4India,1
charmer_nku,ECISVEEP,1
charmer_nku,narendramodi,1
charmer_nku,ndtv,1
chatteejees,BDUTT,1
chetana_cg,RahulGandhi,1
chinmay_w,PMOIndia,1
chinmay_w,narendramodi,1
chitta2021,weiselaqua,1
chkch14,narendramodi,1
chowkidaar_Raj,BJP4India,1
chowkidaar_Raj,PMOIndia,1
chowkidaar_Raj,narendramodi,1
chowkidarbill,SimplyWazza,1
claimYourRight,Dev_Fadanvisfc,1
claimYourRight,narendramodi,1
claimYourRight,nitin_gadkari,1
cnbanerjee16,rajnathsingh,1
cnpawar,DeccanHerald,1
cnpawar,narendramodi,2
cnpawar,sadhavi,1
commonman2025,Mehfujkhan1981,1
commonman2025,ashoswai,1
cpomanish,RahulGandhi,1
cpomanish,narendramodi,1
cpomanish,rajnathsingh,1
cqc_coffee_guns,rohini_sgh,1
creative_rupesh,narendramodi,1
cringearchivist,SundeepDougal,1
cringearchivist,pranesh,1
cringearchivist,svaradarajan,1
cringearchivist,zSVkB1RMQYqtVVj,1
critcalthinkr,Indian_Mortal,1
critcalthinkr,umer9227,1
cruzeronmove,narendramodi,1
cvgopal,ThePrintIndia,1
cyberKaran,ECISVEEP,1
cyberKaran,chennaipolice_,1
cyberKaran,isai_,1
dBaliyan,iMac_too,1
dBaliyan,narendramodi,1
dBaliyan,sagarikaghose,1
dBaliyan,sardesairajdeep,1
dKNAIR4BJP,TimesNow,1
dKNAIR4BJP,ZeeNews,1
dKNAIR4BJP,digvijaya_28,1
dKNAIR4BJP,narendramodi,1
dKNAIR4BJP,republic,1
dKNAIR4BJP,ttindia,1
daloveofpeople1,PMOIndia,1
daloveofpeople1,SushmaSwaraj,1
daloveofpeople1,_YogendraYadav,1
daloveofpeople1,akashbanerjee,1
daloveofpeople1,bainjal,1
daloveofpeople1,dhruv_rathee,1
daloveofpeople1,narendramodi,1
daloveofpeople1,nehasamee11,1
daloveofpeople1,nsitharaman,1
daloveofpeople1,sanjukta,1
daloveofpeople1,smritiirani,1
daloveofpeople1,zainabsikander,1
darkwraithe2304,Sadhvi_prachi,1
dashingpktrips,IrfanPathan,1
dashpx,AamAadmiParty,1
dashpx,AtishiAAP,1
dastushar2212,BCCI,1
dbas_72,AAArtsOfficial,1
dbas_72,AbhishekOfficl,1
dbas_72,kaalisudheers,1
dbas_72,vivekagnihotri,1
deba_65,INCPuducherry,1
deba_65,Swamy39,1
debdootdas16,narendramodi,1
deepakmahato,ArvindKejriwal,1
deepakmahato,BJP,1
deepakmahato,INCIndia,1
deepakmahato,RahulGandhi,1
deepakmahato,narendramodi,1
deepj3654,narendramodi,1
deepsspeak,RahulGandhi,1
deepsspeak,narendramodi,1
desaigk,Politics_2022_,1
desayru,DuttYogi,1
desayru,javerias,1
desayru,narendramodi,1
deshahit_ind,BCCI,1
deshahit_ind,imjadeja,1
deshahit_ind,parth_jani7,1
deshbhakt074812,timesofindia,1
deshbhakt_tdb,INCIndia,1
deshbhakt_tdb,RahulGandhi,1
deshbhakt_tdb,ShefVaidya,1
desideewan,DipaKarmakar,1
desideewan,HimaDas8,1
desideewan,SakshiMalik,1
desideewan,narendramodi,1
dev2080,ANI,1
dev_alu,RailMinIndia,1
dewansanjeev,ActorMadhavan,1
dewansanjeev,INCIndia,1
dewansanjeev,RahulGandhi,1
dewansanjeev,narendramodi,1
dharamvirtanwar,ndtv,1
dhavalmodi007,AmitShah,1
dhavalmodi007,INCIndia,1
dhavalmodi007,INCSandesh,1
dhavalmodi007,TajinderBagga,1
dhavalmodi007,amitmalviya,1
dhavalmodi007,narendramodi,1
dhavalmodi007,sambitswaraj,1
dhillon_27,statsjamie,1
dhineshrodi,BJP4India,1
dhineshrodi,MamataOfficial,1
dhineshrodi,narendramodi,1
dhirajtop,ArvindKejriwal,1
dilipthakor0221,BCCI,1
dilipthakor0221,IrfanPathan,1
dilipthakor0221,cricketaakash,1
dilipthakor0221,harbhajan_singh,1
dilipthakor0221,klrahul,1
dilipthakor0221,virendersehwag,1
dineshgaur178,Ikangana_In,1
divya_malu89,BCCI,1
divya_malu89,ImRo45,1
divyanshunidhi,BJP4India,1
divyanshunidhi,BiharRLSP,1
divyanshunidhi,NitishKumar,1
divyanshunidhi,RahulGandhi,1
divyanshunidhi,loksabhatv,1
divyanshunidhi,narendramodi,1
divyanshunidhi,rjraunac,1
divyanshunidhi,yadavtejashwi,1
dixit22_,akshaykumar,1
dixitsoham7,ECISVEEP,1
dixitsoham7,PMOIndia,1
dixitsoham7,ashwinravi99,1
dixitsoham7,narendramodi,1
djirnol1,Politics_2022_,1
dmmanoj94,PawanKalyan,1
doctor_csr,narendramodi,1
doorvadal,PMOIndia,1
doorvadal,RajKSinghIndia,1
doorvadal,narendramodi,1
dornalu,ANINewsUP,1
dornalu,RahulGandhi,1
dornalu,narendramodi,1
dr_rupani,BDUTT,1
dr_rupani,intentionallys2,1
dr_rupani,narendramodi,1
drakeslayer100,pbhushan1,1
dravii111,kunalkamra88,1
drbmsinghal12,ArvindKejriwal,1
drbmsinghal12,GhanendraB,1
drbmsinghal12,INCDelhi,1
drbmsinghal12,INCPunjab,1
drbmsinghal12,Jansatta,1
drbmsinghal12,NewIndianXpress,1
drbmsinghal12,News18India,1
drbmsinghal12,Republic_Bharat,1
drbmsinghal12,TNNavbharat,1
drbmsinghal12,TV9Bharatvarsh,1
drbmsinghal12,ashokgehlot51,1
drbmsinghal12,htTweets,1
drbmsinghal12,ndtv,1
drbmsinghal12,prateektv,1
drbmsinghal12,raj6380,1
drborkar,sardesairajdeep,1
drmunite,insanitytwi,1
drnitinchaube,65thakursahab,1
drnitinchaube,narendramodi,1
drprateekindia,BJP4India,1
drprateekindia,BJP4Keralam,1
drprateekindia,RahulGandhi,1
drprateekindia,narendramodi,1
drrehanelahi,ashoswai,1
drrinadas,AmitShah,1
drrinadas,ArunSubb,1
drrinadas,BJP4India,1
drrinadas,INCIndia,1
drrinadas,RavinarIN,1
drrinadas,balashernaz,1
drrinadas,ianuragthakur,1
drrinadas,jack,1
drrinadas,mygovindia,1
drrinadas,narendramodi,1
drrinadas,vel_jaya,1
drsanjaymayukh,BJP4India,1
drshamamohd,IndiaToday,1
drvav7,DrDhruvchauhan,1
drvav7,rashtrapatibhvn,1
dsingh143,GabbbarSingh,1
dsouzahr,indian_nagrik,1
dukemateen,HaiderNaqvie,1
dukemateen,IrfanPathan,1
dukemateen,MdShami11,1
dukemateen,fatimastopcryin,1
duplexprabu,TIME,1
dynamicvikram,BJP4India,1
dynamicvikram,PMOIndia,1
eaglei1982,ANI,1
earendilTyagi,Nixonnoel,1
easwaranrutnam,JeevanThondaman,1
easwaranrutnam,easwaranrutnam,1
ec7104de70df411,shahid_siddiqui,1
editorbharathi,RahulGandhi,1
editorbharathi,narendramodi,1
eeshii_,narendramodi,1
elektrik9x,PressTV,1
elektrik9x,narendramodi,1
engr_khan1,INFANTRY28,1
eshwar_tambaram,drshamamohd,1
eshwarpappu,RahulGandhi,1
eshwarpappu,narendramodi,1
fahadshirazy,BeckyCNN,1
fahadshirazy,ImranKhanPTI,1
fair_ind_guy,News18India,1
faizy099,BJP4India,1
faizy099,MajorPoonia,1
faizy099,narendramodi,1
farhadh27909361,AmitShah,1
farhadh27909361,MahuaMoitra,1
farhadh27909361,PrashantKishor,1
farhadh27909361,RahulGandhi,1
farhadh27909361,kanhaiyakumar,1
farhadh27909361,narendramodi,1
farhadh27909361,priyankagandhi,1
fayaz1974,KTRTRS,1
february_luck,BCCI,1
feecon_,RVCJ_FB,1
fermiparadox27,ANI,1
figurin_out,CMShehbaz,1
fireAnd_Bloodd,TheLegateIN,1
firefistkabir,zenith_malhotra,1
forexmayhem,RahulGandhi,1
forexmayhem,ShefVaidya,1
forexmayhem,arunjaitley,1
forexmayhem,drshamamohd,1
forexmayhem,nsitharaman,1
freedomtweet17,ericareport,1
fsherjan,AzamJamil53,1
gangaram_raju,Jprasad55,1
garamplate,DrNaumanNiaz,1
garamplate,ICC,1
garamplate,Krick3r,1
garamplate,Mohit95177277,1
garamplate,Saad_Mahm00d,1
garamplate,revisitorSam,1
gauagg,BJP4Delhi,1
gauagg,BJP4India,1
gauagg,INCIndia,1
gauagg,KapilMishra_IND,1
gauagg,ManojTiwariMP,1
gauagg,Punitspeaks,1
gauagg,TajinderBagga,1
gauagg,sherryontopp,1
gauraveenu,narendramodi,1
gauravsh06,kanhaiyakumar,1
gauravthakkarr,TheVijayMallya,1
gautamstweet,elonmusk,1
gayathrinair191,RanveerOfficial,1
gayathrinair191,Varun_dvn,1
gayathrinair191,narendramodi,1
gayathrinair191,vickykaushal09,1
gbzown,AUThackeray,1
gbzown,RahulGandhi,1
gbzown,srinivasiyc,1
geminiseventh,ByRakeshSimha,1
gentlemandt,AmitShah,1
gentlemandt,BJP4India,1
gentlemandt,BJP4UP,1
gentlemandt,DhirendraGBN,1
gentlemandt,DrMNPandeyMP,1
gentlemandt,IndiaToday,1
gentlemandt,JPNadda,1
gentlemandt,PankajSinghBJP,1
gentlemandt,dr_maheshsharma,1
gentlemandt,myogiadityanath,1
gentlemandt,narendramodi,2
gentlemandt,rajnathsingh,1
gentlemandt,sardesairajdeep,1
gentlemandt,vivekoberoi,1
genuinepranjal,narendramodi,1
genuinepranjal,sambitswaraj,1
ghosh1s,AmitShah,1
ghosh1s,AmitShahOffice,1
ghosh1s,BJP4Bengal,1
ghosh1s,BJP4India,1
ghosh1s,BJP4UK,1
ghosh1s,BJP4UP,1
ghosh1s,KailashOnline,1
ghosh1s,myogiadityanath,1
ghosh1s,narendramodi,2
ghosh1s,shivprakashbjp,1
ghosh1s,subratowb,1
ghosh1s,swapan55,1
ghoshkk,AmitShah,1
ghoshkk,MamataOfficial,1
ghoshkk,TimesNow,1
ghoshkk,abarTMC,1
ghoshkk,narendramodi,1
gifsagar,AroonDeep,1
gifsagar,DILIPtheCHERIAN,1
girishmawari123,narendramodi,1
gitampawanism,PawanKalyan,1
gosaliya_ashik,sardesairajdeep,1
gour_naresh,narendramodi,1
gowthamV86,BCCI,1
gowthamV86,ImRo45,1
gowthamV86,SGanguly99,1
gowthamV86,VVSLaxman281,1
gowthamV86,harbhajan_singh,1
gowthamV86,imVkohli,1
gowthamV86,msdhoni,1
gravity39643182,BJP4Delhi,1
gravity39643182,PiyushGoyal,1
gregorydante3,supriya_sule,1
gthomas36,mufaddal_vohra,1
gtm_amr,ANI,1
guhasourav,RahulGandhi,1
guhasourav,kpmaurya1,1
gurdeeprekhi,JayShah,1
gurdeeprekhi,SGanguly99,1
gursandhu70,BCCI,1
guruaswathg,narendramodi,1
guruguha,BJP4India,1
gus_brf,EPSTamilNadu,1
gus_brf,Kar_Sas123,1
gus_brf,sreeramjvc,1
gyanendra221,NikhilNaz,1
hMITqzZEaeSHyQC,MeenaDasNarayan,1
happymonk88,elonmusk,1
happyneerajkp,BCCI,1
happyneerajkp,JayShah,1
happyneerajkp,hardikpandya7,1
happyneerajkp,kamaalrkhan,1
haris_blr,Akhil__INDIAN,1
haris_blr,nanuramu,1
haristweet,BJP4Karnataka,1
haristweet,RahulGandhi,1
haritwal_sunny,narendramodi,1
harkiratgrewal2,cricketpakcompk,1
harry3165,narendramodi,1
harshahdsetty86,BCCI,1
harshilj_14,AadilBelimIO,1
harshilj_14,IdumeEdu,1
heena_verma,narendramodi,1
hemant_p,BJP4India,1
hemant_p,narendramodi,1
hemant_p,sunandavashisht,1
hemantsays,anujakapurindia,1
henryaustin0,AipcKochi,1
henryaustin0,GeorgekurianINC,1
henryaustin0,INCIndia,1
henryaustin0,INCKLIQ,1
henryaustin0,INCTharoorian,1
henryaustin0,JhaSanjay,1
hey_mit_,GabbbarSingh,1
hi_sarcasmwale,ANI,1
hi_sarcasmwale,BJP4India,1
hi_sarcasmwale,narendramodi,1
himranjanINC,RahulGandhi,1
hitesh5156,sadhu_aditya,1
horizonwords,Politics_2022_,1
hps_chhabra,PMOIndia,1
hps_chhabra,adgpi,1
hps_chhabra,narendramodi,1
htngapi,BJP4India,1
htngapi,ShatruganSinha,1
htngapi,narendramodi,1
htngapi,timesofindia,1
humanebeing29,BCCI,1
humanebeing29,samiprajguru,1
hydertext,aparamparagat,1
hydertext,omarali50,1
hypocrisychicha,Abrarhafeex8,1
hypocrisychicha,IrfanPathan,1
iAm92BabarAli,RaviShastriOfc,1
iAm92BabarAli,bhogleharsha,1
iAm92BabarAli,kenzasundal10,1
iAm92BabarAli,therealkapildev,1
iAm92BabarAli,vikrantgupta73,1
iAnantAggarwal,BJP4India,1
iAnantAggarwal,narendramodi,1
iKayenn,Gash_Tarukh,1
iKayenn,sunandavashisht,1
iNishant4,AmitShah,2
iNishant4,AmitShahOffice,1
iNishant4,narendramodi,2
iNishant4,narendramodi_in,1
i_m_shan09,BCCI,1
i_m_shan09,IamSanjuSamson,1
iamAKHTER,shaandelhite,1
iamAKHTER,yashukanpur,1
iamRSRode,AmitShah,1
iamRSRode,Tejasvi_Surya,1
iamRSRode,mepratap,1
iamRSRode,narendramodi,1
iamTapanPandya,BDUTT,1
iamTapanPandya,BJP4India,3
iamTapanPandya,BJP4JnK,1
iamTapanPandya,BJP4UK,1
iamTapanPandya,BJP4UP,1
iamTapanPandya,DRDO_India,1
iamTapanPandya,narendramodi,4
iam_meghasri,PMOIndia,1
iam_meghasri,narendramodi,1
iamaishanaaz,Ikangana_In,1
iamakshay_007,Arun2981,1
iamamanarora02,AamAadmiParty,1
iamayushjain_,MaxBupa,1
iamayushjain_,narendramodi,1
iamdonglee,AshishKumarIND,1
iamdonglee,VjayNishanth,1
iamdonglee,imjadeja,1
iamdonglee,narendramodi,1
iamfyction,virgosgrooviest,1
iamkaranbachani,PMOIndia,1
iamkaranbachani,RahulGandhi,1
iamkaranbachani,balbir59,1
iamkaranbachani,htTweets,1
iamkaranbachani,narendramodi,2
iamkaranbachani,sagarikaghose,1
iamspmRkl,Kohlis_Girl,1
iamsudhish,BJP4India,1
iamsudhish,DetheEshaSen,1
iamsudhish,Ramesh_BJP,1
iamsudhish,Sapna_3,1
iamsudhish,VandanaJayrajan,1
iamsudhish,ZeeNews,1
iamsudhish,akshaykumar,1
iamsudhish,narendramodi,2
iamsudhish,savitha_rao,1
iamsudhish,vanitajain21,1
iamtheshahh,GWR,1
iamtheshahh,autisticRebel,1
icarus_ak,babaji__tweets,1
icarus_ak,solankineha,1
ideafirst21,sbabones,1
idesibanker,BJP4India,1
idesibanker,ShatruganSinha,1
idesibanker,narendramodi,1
idesibanker,timesofindia,1
idevanathan,pbhushan1,1
ihtapirtkola,narendramodi,1
iitian,AamAadmiParty,1
iitian,ArvindKejriwal,1
iitian,BJP4India,1
iitian,FoxNews,1
iitian,INCIndia,1
iitian,RahulGandhi,1
iitian,ZelenskyyUa,1
iitian,priyankagandhi,1
ikakshayreddy,DrSKRAnsari,1
ikakshayreddy,IndiraShobanAAP,1
ikakshayreddy,JeswanthMReddy,1
ikakshayreddy,Sudhakar1611,1
ilyaz7,AmitShah,1
ilyaz7,narendramodi,1
imSK09,BasitSubhani,1
imVaquar,IndiaToday,1
imVaquar,RahulGandhi,1
imVaquar,SwetaSinghAT,1
imVaquar,anjanaomkashyap,1
imVaquar,narendramodi,2
imVaquar,rahulkanwal,1
imVaquar,sardesairajdeep,1
im_chandramohan,ShekharGupta,1
im_rup4k,BCCI,1
imastermindian,narendramodi,1
imbigheartguy,IamSanjuSamson,1
imbigheartguy,ImRaina,1
imdigvijaypatil,TheBarmyArmy,1
imdkIndian,fbi_saadi,1
imdkIndian,king_kohli77,1
imdkIndian,zarnnj,1
imkamalrawat,TajinderBagga,1
imkamalrawat,p_sahibsingh,1
imlakshmeesh,BJP4India,1
imlakshmeesh,narendramodi,1
imransolanki313,supriya_sule,1
imridul2k,AmitShah,1
imridul2k,narendramodi,1
imridul2k,vishvendrabtp,1
imz07detroit,LawrenceBailey0,1
indiamusings,mohandastg,1
indiamusings,rvaidya2000,1
indian_1891,beingarun28,1
indian_4477,Politics_2022_,1
indian_abhii,BJP4India,1
indian_abhii,Pawankhera,1
indian_agnostic,DrGPradhan,1
indian_agnostic,Madame_Micawber,1
indian_agnostic,RahulGandhi,1
indian_agnostic,narendramodi,1
indian_cult,JanaSenaParty,1
indian_cult,PawanKalyan,1
indian_cult,ncbn,1
indian_cult,ysjagan,1
indian_helpless,barandbench,1
indian_in_swiss,ArunKumaravel10,1
indian_in_swiss,KalyaanBJP_,1
indian_in_swiss,Sevakofmata,1
indian_in_swiss,Sumamega,1
indian_in_swiss,aakuvan,1
indian_in_swiss,arun4venkat,1
indian_in_swiss,dharmic_indians,1
indian_in_swiss,itisbds,1
indian_in_swiss,omampuliyur,1
indian_in_swiss,s_nithyanandam,1
indian_nagrik,mahimanambiar,1
indiansmes,BJP4India,1
indiansmes,PMOIndia,1
indiansmes,YouTube,1
indiansmes,narendramodi,1
indiansmes,rsprasad,1
indianspecial,sardesairajdeep,1
indiatvnews,indiatvnews,1
indiatvnews,narendramodi,1
indiclogic,CNNnews18,1
indiclogic,INCIndia,1
indiclogic,Jay____P,1
indiclogic,_pallavighosh,1
indiclogic,bhuvikal,1
indiclogic,narendramodi,2
indiclogic,ncbn,1
indiclogic,priyankac19,1
iniveshyadav,AmitShah,1
iniveshyadav,ChouhanShivraj,1
iniveshyadav,arunjaitley,1
iniveshyadav,iShankarLalwani,1
iniveshyadav,narendramodi,1
innocent784,K_NON_9,1
innocent784,Luviraj,1
intoler47515463,INCIndia,1
intoler47515463,RahulGandhi,1
intoler47515463,narendramodi,1
invincibleInd,ECISVEEP,1
invincibleInd,SwatiJaiHind,1
invincibleInd,abhisar_sharma,1
invincibleInd,asadowaisi,1
irishirvin,BrigMps,1
irishirvin,LtGenGurmit,1
irishirvin,adgpi,1
irishirvin,kakar_harsha,1
irohitpagar,SirPareshRawal,1
iruhmamalik,BJP4India,1
iruhmamalik,narendramodi,1
ishtiaq787,rkhuria,1
itsSunkara,narendramodi,1
its_Gaurish_,SarcasticIan,1
its_Gaurish_,dkgarhwaljat,1
its_Gaurish_,iMRizwanPak,1
itsarpitt,rohini_sgh,1
itsguptavishal,daudpotazahid,1
itspatelr,adhicutting,1
itspatelr,narendramodi,1
itxNidsi,RahulGandhi,1
iuryash,RahulGandhi,1
iuryash,narendramodi,1
iuryash,vivekagnihotri,1
jagan1206,narendramodi,1
jagan65,GauthamMachaiah,1
jaideepsethiya,DerekJGrossman,1
jainayush10,AjiHaaan,1
jainrk59,_garrywalia,1
jainsirr,elonmusk,1
janaan99,narendramodi,1
jay_ufuoma,KawuGarba,1
jayasiddharrth,TheLegateIN,1
jayasiddharrth,kovaiDS,1
jayfatsby,imVkohli,1
jcsjtj,ndtvfeed,1
jeeteshkumar919,TimesNow,1
jeetusp,AlexHales1,1
jeetusp,ImRaina,1
jeetusp,josbuttler,1
jer_yong5541,fmtoday,1
jgandhig,ArvindKejriwal,1
jgneshbpatel,rahulkanwal,1
jhasushant,narendramodi,1
jigs_modi,narendramodi,2
jimmydi90722259,cricketaakash,1
jitendra_2003,BJP4India,1
jitendra_2003,MadhuMishra_,1
jitendra_2003,narendramodi,1
jodler54,CSBSinm,1
john_the_wise,JhaSanjay,1
john_the_wise,nitin_gadkari,1
joseph_zedong,AmitLeliSlayer,1
joseph_zedong,adgpi,1
joseph_zedong,majorgauravarya,1
jowXVPzMKClpQ8v,LambaAlka,1
jowXVPzMKClpQ8v,Rahul_ForPM,1
jowXVPzMKClpQ8v,SupriyaShrinate,1
jowXVPzMKClpQ8v,Tweets2Jude,1
jowXVPzMKClpQ8v,srinivasiyc,1
joyisthere,Sadhvi_prachi,1
joyjkar,RodFern,1
joyjkar,pbhushan1,1
jrsheth,DilawarTalkies,1
jrsheth,Rose99015680,1
jshukla1982,pbhushan1,1
just_my_tweet,TheKopEnd0619,1
justhimanshu97,ArvindKejriwal,1
justhimanshu97,GAMITVI90168523,1
justhimanshu97,Indian82829058,1
justin23448669,DRDO_India,1
justin23448669,RahulGandhi,1
justin23448669,narendramodi,2
jvidyasagar,narendramodi,2
k_chandale,aditiyadav000,1
ka42302462,BCCI,1
kajal_sachdev,MrcuteAnish,1
kajal_sachdev,Prakash1Prasun,1
kajal_sachdev,SankarB78420183,1
kajal_sachdev,SonalKukreti,1
kajal_sachdev,aaliyagoyel1,1
kajal_sachdev,amarspks,1
kajal_sachdev,balajidtweets,1
kajal_sachdev,narendramodi,1
kajal_sachdev,nirbhaykapoor,1
kajal_sachdev,samirsinh189,1
kajal_sachdev,tushardelhi,1
kalamyogi,AninBanerjee,1
kaliyuga_surfer,LoyalistLelouch,1
kallukothil,rohini_sgh,1
kamekish,OpIndia_com,1
kamyasuri1,SupriyaShrinate,1
kanisshk,AbuBakr89200,1
kanisshk,Aish48799517,1
kanisshk,OSINT_Insider,1
karanboss11,LevinaNeythiri,1
karanboss11,ssingapuri,1
karnshpk,Rita_Banerji,1
karnshpk,derekobrienmp,1
kartikS16864673,BCCI,2
kartikS16864673,ImRo45,1
kartikS16864673,SushantNMehta,1
kartikS16864673,iRogerBinny,1
kartikS16864673,imVkohli,1
kartikS16864673,virendersehwag,1
kayaboutmln,spectatorindex,1
kazi_bardhaman,BCCI,1
kazimtweets,PMOIndia,1
kazimtweets,RahulGandhi,1
kazimtweets,narendramodi,1
kazimtweets,sardesairajdeep,1
kd5474,SupriyaShrinate,1
keencrack,AmitShah,1
keencrack,AmitShahOffice,1
keencrack,BJP4India,1
keencrack,DattaHosabale,1
keencrack,PMOIndia,1
keencrack,RSSorg,1
keencrack,narendramodi,1
keencrack,narendramodi_in,1
ketanpawar9,BJP,1
ketanpawar9,narendramodi,1
keval_magiya,AnupamPKher,1
keval_magiya,BJP4India,1
keval_magiya,RahulGandhi,1
keval_magiya,dhruv_rathee,1
keval_magiya,kunalkamra88,1
keval_magiya,narendramodi,1
keval_magiya,one_by_two,1
keval_magiya,prakashraaj,1
keval_magiya,rishibagree,1
keval_magiya,sherryontopp,1
keyamit,ShashiTharoor,1
khaganadh,ndtvfeed,1
khatrijii,gentleman07_,1
khatrijii,msdhoni,1
khels2u,INCIndia,1
khels2u,RahulGandhi,1
khels2u,aajtak,1
khels2u,republic,1
khiremandar,elonmusk,1
khurramch,AshleyT09889529,1
khurramch,trtworld,1
kindness971,itsguptavishal,1
kintu_parantuu,BandhuIu,1
kintu_parantuu,RahulGandhi,1
kintu_parantuu,Tejasvi_Surya,1
kintu_parantuu,narendramodi,1
kiran_stories,Mohansinha,1
kiran_stories,PandaJay,1
kiran_stories,narendramodi,1
kirantishapand1,narendramodi,1
kirmaniaa,RohitashwT,1
kirolaLalit,IndiaToday,1
kirolaLalit,RahulGandhi,1
kirolaLalit,harishrawatcmuk,1
kirolaLalit,narendramodi,1
kishi_asf,galigali_simsim,1
kishorekbin,Arun2981,1
kishorekbin,isudan_gadhvi,1
kishorekbin,raghav_chadha,1
kjitesh002,PMOIndia,1
kksurya5,BCCI,1
kongkona14,SportyVishaI,1
kote_sidda,Sanjay_Dixit,1
kote_sidda,sankrant,1
kp_parvez,shauntait161,1
krishan_ks10,Politics_2022_,2
krishan_ks10,SrBachchan,1
krishanuadak4,UrvaAK_,1
krishanuadak4,iihtishamm,1
krishgm1712,Nimmabhaskar22,1
krishgm1712,Swamy39,1
krishna46247170,republic,1
kriszoomin,AmitShah,1
kriszoomin,PMOIndia,1
kriszoomin,narendramodi,1
kriszoomin,ncbn,1
kriyesh2905,AshokKhemka_IAS,1
kriyesh2905,Ish_Bhandari,1
kriyesh2905,Swamy39,1
kriyesh2905,narendramodi,1
kshitij_kotak,AmitShah,1
kshitij_kotak,BJP4India,1
kshitij_kotak,narendramodi,2
kuldeep_pv,Indian_Analyzer,1
kulishvyas,DrGPradhan,1
kulishvyas,TeamIndiaFirst,1
kulishvyas,narendramodi,1
kulssanjay,MPArunYadav,1
kulssanjay,RahulGandhi,1
kulssanjay,imjadeja,1
kulssanjay,narendramodi,1
kumardurgesh262,narendramodi,4
kumarj9,RahulGandhi,1
kunal11_23,BCCI,1
kunal11_23,DrNaumanNiaz,1
kunal11_23,PTVSp0rts,1
kunal11_23,SushantNMehta,1
kunal11_23,WasimJaffer14,1
kunal11_23,cricketaakash,1
kunal11_23,hussain_uzma,1
kunal11_23,mohsinaliisb,2
kunal11_23,rawatrahul9,1
kunal11_23,razi_haider,2
kunal11_23,sawerapasha,1
kunal11_23,theskindoctor13,1
kunal11_23,vikrantgupta73,1
kunal11_23,wwasay,1
kutty983,BanCheneProduct,1
kvh0117,nads_tweets,1
ladyofequality,tehseenp,1
laha_jeet,DiscussingFilm,1
laha_jeet,SickTiredBob,1
lan2in,ECISVEEP,1
lan2in,RahulGandhi,1
lan2in,narendramodi,1
lanati_politics,IrfanPathan,1
lanati_politics,shaunhere100mph,1
lanati_politics,shauntait161,1
lanati_politics,thetanmay,1
lata1509,PiyushGoyal,1
lata1509,narendramodi,1
lazyankitsingh,INisha25,1
ldsooner1,AllTruthWarrior,1
ldsooner1,TheOGAllison,1
liberallatti,sardesairajdeep,1
likithrajasingh,marinebharat,1
littlemani45,BCCI,1
littlemani45,sumanthraman,1
lockdowneventz,SushantBSinha,1
lollymolly1210,ashish_jadhao,1
longliveINDIANS,JarkiholiSatish,1
loyolaganesh,Ravisutanjani,1
lucky_the_Virgo,RahulGandhi,1
lucky_the_Virgo,narendramodi,1
mDanesh46791587,BCCI,1
maapapaprakash,AdvaniLalkrishn,1
mabend2,ranik54,1
macmohan83,BCCI,1
macmohan83,durgasreeni91,1
maddipatlayogi,BCCI,1
maddipatlayogi,JayShah,1
madhusudan41,RajThackeray,1
madhusudan41,narendramodi,1
madkin256,Kittu50134301,1
madkin256,englandcricket,1
madversity,BJP4India,1
madversity,GVLNRAO,1
mahadev586,pak_cricketX,1
mahadikson,Shashi26214076,1
mahen2610,BCCI,1
mahesh_panyam,BCCI,1
maheshr01012481,saharan_anuj_,1
mahipreneur22,VaibhavSisinty,1
mamayankagrawal,VibhuBhola,1
mamayankagrawal,samiprajguru,1
mamoorkhan110,ashoswai,1
manasi87511793,BeingSalmanKhan,1
manasi87511793,aamir_khan,1
manasi87511793,narendramodi,1
manasrnkar,127rat,1
manav8517,rhishilakhote,1
manav8517,saliltripathi,1
manav8517,urvish2020,1
manazir_hindi,mkatju,1
mani24sjcpl,AmitShah,1
mani24sjcpl,BJP4India,1
mani24sjcpl,BJP4Karnataka,1
mani24sjcpl,BJP4TamilNadu,1
mani24sjcpl,BSYBJP,1
mani24sjcpl,CNNnews18,1
mani24sjcpl,CTRavi_BJP,1
mani24sjcpl,DrTamilisaiBJP,1
mani24sjcpl,Geeta_Mohan,1
mani24sjcpl,HAL_India,1
mani24sjcpl,IndiaToday,1
mani24sjcpl,KPadmaRani1,1
mani24sjcpl,Manekagandhibjp,1
mani24sjcpl,MirrorNow,1
mani24sjcpl,Narayanan3,1
mani24sjcpl,NewsX,1
mani24sjcpl,RSSorg,1
mani24sjcpl,Rahulshrivstv,1
mani24sjcpl,ShainaNC,1
mani24sjcpl,ShobhaBJP,1
mani24sjcpl,SriSri,1
mani24sjcpl,SushmaSwaraj,1
mani24sjcpl,Tejasvi_Surya,1
mani24sjcpl,TimesNow,1
mani24sjcpl,dhanyarajendran,1
mani24sjcpl,mkvenu1,1
mani24sjcpl,myogiadityanath,1
mani24sjcpl,narendramodi,1
mani24sjcpl,ndtv,1
mani24sjcpl,nelsonvijay08,1
mani24sjcpl,news7tamil,1
mani24sjcpl,prameshjain12,1
mani24sjcpl,rajnathsingh,1
mani24sjcpl,republic,1
mani24sjcpl,rkhuria,1
mani24sjcpl,sagarikaghose,1
mani24sjcpl,sanjayuvacha,1
mani24sjcpl,smritiirani,1
mani24sjcpl,sumanthraman,1
mani24sjcpl,t_d_h_nair,1
manis_kumar,narendramodi,3
manishkuhad4u,CyclesNavigator,1
manishkulk,Tej_AnanthKumar,1
manishkulk,narendramodi,1
manishnehal,narendramodi,1
manivisu73,bhogleharsha,1
manjeetsaroya,Allavaru,1
manjeetsaroya,JaiveerShergill,1
manjeetsaroya,KBByju,1
manjeetsaroya,RuchiraC,1
manjeetsaroya,SATAVRAJEEV,1
manjeetsaroya,VijayIndrSingla,1
manjeetsaroya,priyankac19,1
manjeetsaroya,sadhavi,1
manjunathmunira,narendramodi,1
manojborasi3,ArfaSays_,1
mansishah1611,narendramodi,1
mansishah1611,priyankac19,1
manya11j,AmitShah,1
manya11j,CNNnews18,1
manya11j,Jansatta,1
manya11j,NavbharatTimes,1
manya11j,Republic_Bharat,1
manya11j,TajinderBagga,1
manya11j,ZeeNewsHindi,1
manya11j,abpnewstv,1
manya11j,narendramodi,1
manya11j,republic,1
manya11j,smritiirani,1
maqbool_sm,INCIndia,1
maqbool_sm,RahulGandhi,2
maqbool_sm,ShivSena,1
maqbool_sm,narendramodi,1
marattamil,wanderingalfie2,1
mariumal,Anmol9697sharma,2
mayamadhava,AmitShah,1
mayamadhava,narendramodi,1
mayankauthor,himantabiswa,1
mayankkumar123,AAPGujarat,1
mayankkumar123,AAPKaDostRaj,1
mayankkumar123,ArvindKejriwal,1
mayankkumar123,Gopal_Italia,1
mayankkumar123,Indian82829058,1
mayankkumar123,manoj_sorathiya,1
maysakashmiri,saurabh_7star,1
maysakashmiri,shauntait161,1
mb6755425,BCCI,2
mcNikhilmc,BCCI,1
mcNikhilmc,glennmcgrath11,1
mcNikhilmc,virendersehwag,1
me_not_wicked,ndtvfeed,1
me_zameerjaffri,amitmalviya,1
mediagagan,Akali_Dal_,1
mediagagan,HarsimratBadal_,1
mediagagan,narendramodi,1
mediagagan,officeofssbadal,1
meenakshi3271,narendramodi,1
mehjabeen_y,ashoswai,1
mekant,HardeepSPuri,1
mekant,NitishKumar,1
mekant,narendramodi,1
melanielmaher,CPCwpgsouth,1
mepsk1,GauthamGambhir,1
mepsk1,narendramodi,1
mickydmonster,AmitShah,1
mickydmonster,MajDPSingh,1
mickydmonster,amitmalviya,1
mickydmonster,narendramodi,1
mickydmonster,rajnathsingh,1
mishra_neeraj,ArvindKejriwal,1
mishra_neeraj,amitsingh117,1
mishranjan07,mufaddal_vohra,1
mishu5565,RahulGandhi,1
mishu5565,srivatsayb,1
missartola,BJP4Bihar,1
missartola,NitishKumar,1
missartola,RahulGandhi,1
missartola,deveshkumarbjp,1
missartola,narendramodi,1
missartola,nitesh_politics,1
mitrasola,A3MOND,1
mitrasola,aemondluvr,1
mk6517526,AwanishSharan,1
mmohanraj405,rameshlaus,1
moayyedjafri,ImranKhanPTI,1
moayyedjafri,trtworld,1
mobbiemobes,cjwerleman,1
modihimanshusu1,Ruchi4Tweets,1
mohamed_ak7,rameshlaus,1
momsfocus,IndianExpress,1
momsfocus,RahulGandhi,1
momsfocus,TOIIndiaNews,1
momsfocus,ThinakaranLK,1
momsfocus,narendramodi,1
momsfocus,vikatan,1
moneycontrolcom,UditaJ,1
moody_medic,BhaavnaArora,1
motabhai_rocks,BJP4India,1
motabhai_rocks,narendramodi,1
mountains_peace,ArvindKejriwal,1
mountains_peace,Rishavdevsingh,1
mpriyadarshi,IndianExpress,1
mr5435,SachinKalbag,2
mriduljacob,nishthvanth,1
msanjay1930,AITCofficial,1
msanjay1930,BJP4India,1
msanjay1930,INCIndia,1
msanjay1930,MamataOfficial,1
msanjay1930,narendramodi,1
msanjay1930,priyankagandhi,1
msdian_MS07,news24tvchannel,1
msdian_MS07,nitin_gadkari,1
murleemohan,bhavi_kap,1
murleemohan,mehks19,1
musawarriach,AbijitG,1
musawarriach,imransiddique89,1
musingsofVivek,AbhishekDukeBoi,1
musingsofVivek,AshishTekale_,1
musingsofVivek,BOIOAMNG,1
musingsofVivek,BOIOAVidarbha,1
musingsofVivek,BOIOA_NWU,1
musingsofVivek,DFS_India,1
musingsofVivek,DrBhagwatKarad,1
musingsofVivek,Priyapandeyboi,1
musingsofVivek,Saurabh_Munger,1
musingsofVivek,aughad_mastana,1
musingsofVivek,fboioa_india,1
musingsofVivek,mishra_dhruv,1
musingsofVivek,nilesh_pawar15,1
musingsofVivek,nsitharamanoffc,1
musingsofVivek,ramshankarsingh,1
n4niyas,RoflGandhi_,1
nafees_ru,elonmusk,1
naimisha_forest,omarali50,1
nallaganesh,CNNnews18,1
nallaganesh,RahulGandhi,1
nallaganesh,narendramodi,1
nanditha1919,KudiAnjani18,1
nareshdanoju,AerpulaVenkata,1
nareshdanoju,BJP4India,1
nareshdanoju,BJP4Palamuru,1
nareshdanoju,BJP4Telangana,1
nareshdanoju,KapilParmar,1
nareshdanoju,amitmalviya,1
nareshdanoju,bandisanjay_bjp,1
nareshdanoju,bhagwantkhuba,1
nareshdanoju,kishanreddybjp,1
nareshdanoju,krporeddy,1
nareshdanoju,mansukhmandviya,1
nareshdanoju,narendramodi,1
nasaraiaht,kumarkaza2,1
nathanlogan1983,LakotaMan1,1
natrajvenkatadr,rohini_sgh,1
naveentweets2,mufaddal_vohra,1
nayanikaaa,Bhaktirassagar,1
nayanikaaa,banaras_wali,1
nayanikaaa,iawoolford,1
nayeem_hyd,Politics_2022_,1
nayyar_jitendra,ArvindKejriwal,1
ndtv,narendramodi,1
neerajavi,AamAadmiParty,1
neerajavi,ArvindKejriwal,2
neerajavi,ethicalsid,1
neilgantal,ArvindKejriwal,1
neilgantal,news24tvchannel,1
nesanuru,narendramodi,1
nesoron,RahulGandhi,1
nganupnair,arunjaitley,1
nganupnair,narendramodi,1
nidhi_puri,BCCI,1
nietherNORXOR,indian_nagrik,1
nimeshtwitts,BJP4India,1
nimeshtwitts,INCIndia,1
nimeshtwitts,IndianExpress,1
nimeshtwitts,RahulGandhi,1
nimeshtwitts,ZeeNews,1
nimeshtwitts,abpnewshindi,1
nimeshtwitts,bhkparx,1
nimeshtwitts,narendramodi,1
nimeshtwitts,republic,1
nimeshtwitts,sagarikaghose,1
nimeshtwitts,toi,1
nimraaaahy,AbijitG,1
ninadsheth,narendramodi,1
nirajjournalist,INCIndia,1
nirajjournalist,News18India,1
nirajjournalist,narendramodi,1
nirajjournalist,vivekoberoi,1
nirvana74v,SpokespersonECI,1
nirvana74v,bhartijainTOI,1
nirvana74v,narendramodi,3
nirvana74v,sankrant,2
nisalpra,narendramodi,1
nitinkumar111,INCIndia,1
nitinkumar111,RahulGandhi,1
nitishdubey,RahulGandhi,1
nitishdubey,Swamy39,1
nitishdubey,deeptanshukla,1
nitishdubey,majorgauravarya,1
nitishdubey,narendramodi,1
noBS_Indian,Rajasekar9496,1
noBS_Indian,Swamy39,1
noBS_Indian,masha_twits,1
noirroad,Soldier_Unarmed,1
noirroad,UmarAmna,1
nomad12503106,Goel18Meera,1
noon_leagui,ashoswai,1
nsb1080,GoldDusters,1
nsb1080,Katz4B,1
nsb1080,tweetstorm19,1
nsbpatil1,Gopal_Italia,1
ofqwriw,ArvindKejriwal,1
ofqwriw,MamataOfficial,1
ofqwriw,RahulGandhi,1
okaycloak,MorningWalkers,1
omthanvi,dawn_com,1
onbwd,AAPGujarat,1
onbwd,BhagwantMann,1
onbwd,avadhootashok,1
onbwd,sphavisha,1
onlinebizqueen8,elonmusk,1
only_aks,abbyviral,1
only_aks,iamsrk,1
only_aks,narendramodi,1
only_aks,parakramsinghr,1
only_aks,tanishkbagchi,1
overThehead,narendramodi,1
pahariidiot,rohanduaT02,1
pahariidiot,swara,1
panda_2505,BritIndi97,1
panda_2505,Indian_Index,1
panda_2505,Nien72521217,1
pankajgadale,TheDeshBhakt,1
parassweetguy,AmitShah,1
parassweetguy,myogiadityanath,1
parassweetguy,narendramodi,1
pariharsuraj11,BJP4India,1
pariharsuraj11,narendramodi,1
pathikmankad,BJP4India,1
pathikmankad,INCIndia,1
pathikmankad,republic,1
patratu75,SupriyaShrinate,1
pavan791,BJP4India,1
pavan791,narendramodi,1
peachyflower,dhruv_rathee,1
philip_finney,SudheenKulkarni,1
pinakparekh4u,narendramodi,1
pinakparekh4u,swamidipankar,1
pinanksanghvi,sbabones,1
pk99000,AbalHasanBa1,1
pk99000,Kaanya__East,1
pk99000,Pung_AAP,1
pk99000,_YogendraYadav,1
pk99000,ndtv,1
pk99000,pbhushan1,1
pkdnambiar,ndtv,1
pkm1999,BJP4India,1
pkm1999,balakv1970,1
pkm1999,paranjoygt,1
pkm1999,priyankac19,1
pkm1999,rohini_sgh,1
pkm1999,sardesairajdeep,1
pkm1999,tjoseph0010,1
pkverma1970,KapilMishra_IND,1
pkverma1970,SupriyaShrinate,1
pkverma1970,priyankagandhi,1
pkverma1970,rishibagree,1
pmaliens,AartiTikoo,1
pmaliens,RahulGandhi,1
pmaliens,narendramodi,1
pol_drone,AUThackeray,1
pol_drone,INCIndia,1
politics_islam,IrfanPathan,1
politics_islam,SirJohnBurke,1
politics_islam,daniel86cricket,1
politics_islam,iamalihamxa,1
politics_socio,ShivAroor,1
polymernanotech,raghav_chadha,1
poojaja39395719,BCCI,1
poojaja39395719,IndianCricNews,1
poojaja39395719,Indiancrickteam,1
poorjackmelody,LeahLitman,1
poorjackmelody,katie_eyer,1
positivewangs,kanhaiyakumar,1
ppmuttin,pbhushan1,1
practicalindia2,circletwister,1
pradeepv21,narendramodi,1
pradipB27643686,AUThackeray,1
pradipB27643686,RahulGandhi,1
pragdiz57,BCCI,1
prajasattakorg,BJP4India,1
prajasattakorg,INCIndia,1
prajasattakorg,News18lokmat,1
prajasattakorg,PawarSpeaks,1
prajasattakorg,RahulGandhi,1
prajasattakorg,TV9Marathi,1
prajasattakorg,aajtak,1
prajasattakorg,abpmajhatv,1
prajasattakorg,narendramodi,1
prajasattakorg,ndtvindia,1
prajasattakorg,priyankagandhi,1
prajasattakorg,zee24taasnews,1
prakap09,FarahKhanAli,1
prakap09,Giyasud87118896,1
prakap09,narendramodi,1
prakashmr19771,sumanthraman,1
prasadgvn,pbhushan1,1
prashant2280,DilipTirkey,1
prashant2280,jannekeschopman,1
prashantjatia,narendramodi,1
pratapbikash7,sadhubhaij,1
prathap9640,BCCI,1
prathap9640,chandra_2011,1
pratheeshmissu,BCCI,1
pratiktwts,saturninedroid,1
praveenraj1961,DrTamilisaiGuv,1
pravinparas,AjitDoval,1
pravinparas,narendramodi,1
preciousthakur,Twitter,1
preciousthakur,narendramodi,1
predictifyoucan,ArnabGoswamiRtv,1
predictifyoucan,BJP4India,1
predictifyoucan,SundaramChitra,1
predictifyoucan,narendramodi,1
predictifyoucan,nramind,1
predictifyoucan,nyra122333,1
predictifyoucan,republic,1
predictifyoucan,the_hindu,1
prgti_bhaira,RahulGandhi,1
prgti_bhaira,ZeeNews,1
prgti_bhaira,arunjaitley,1
prgti_bhaira,narendramodi,1
prgti_bhaira,ravindrak2000,1
prgti_bhaira,sudhirchaudhary,1
princy11111,narendramodi,1
prituraj4,BJP4India,1
prituraj4,NpinkNitin,1
prituraj4,Policenama1,1
prituraj4,narendramodi,1
prituraj4,punesamachar,1
priya2876,narendramodi,1
priyabrata018,018_avijit,1
priyabrata018,ArvindKejriwal,1
priyabrata018,shubhankrmishra,1
priyamvadami,Kalaam67367960,1
priyamvadami,tomtomatoe,1
priyamvadami,yusufpore,1
prnmohan,Enraged_Indian,1
profjafry,RShivshankar,1
profjafry,Shehzad_Ind,1
profjafry,TimesNow,1
profjafry,narendramodi,1
prosunlight1,himansshhi,1
prosunlight1,shankysanghi,1
protaxkeeper,ashchanchlani,1
protest72,ArvindKejriwal,1
protest72,BJP4Delhi,1
protest72,BJP4India,1
protest72,TajinderBagga,1
protest72,msisodia,1
punebjp,narendramodi,1
puneet705,Tejasvi_Surya,1
puneet705,narendramodi,1
puneetqqq,AamAadmiParty,1
puneetqqq,avadhootashok,1
pvajaykumar,savarnafascist,1
pvedi,INCIndia,1
r_dhariwal,priyankac19,1
r_vaid,bhupendrachaube,1
r_vaid,narendramodi,1
raahcuppu,PMOIndia,1
raahcuppu,narendramodi,1
raashis,rohini_sgh,1
rabhrakha,AamAadmiParty,1
rabhrakha,BJP4India,1
rabhrakha,INCIndia,1
rabhrakha,JagdishTytler1,1
rabiaraza91,IndiaToday,1
rabiaraza91,narendramodi,1
rachitaprasad,PMOIndia,1
rachitaprasad,narendramodi,1
raghava533,PMOIndia,1
raghava533,narendramodi,1
ragulram08,BCCI,1
ragulram08,samiprajguru,1
rahuldsmart,AamAadmiParty,1
rahuldsmart,KTRTRS,1
rahuldsmart,MahuaMoitra,1
rahuldsmart,balkasumantrs,1
rahuldsmart,bandisanjay_bjp,1
rahuldsmart,krishanKTRS,1
rahuldsmart,manojkjhadu,1
rahuldsmart,trspartyonline,1
rahulmanch10,theJagmeetSingh,1
rahulsingh007__,IRM_______,1
rahulsingh007__,mufaddal_vohra,1
rahulsingh007__,rohanmanoor,1
raj80697994,BJP4India,1
raj80697994,BeingUnknown0,1
raj80697994,JayShah,1
raj80697994,Surya_BornToWin,1
raj_sanghvi2,narendramodi,2
rajakjs,INCIndia,1
rajakjs,KartiPC,1
rajamukherjee4,DrIanHall,1
rajamukherjee4,KSAmofaEN,1
rajamukherjee4,MEAIndia,1
rajapdy_28,narendramodi,1
rajat_sharma4,OmungKumar,1
rajat_sharma4,vivekoberoi,1
rajeev_ashin,LicypriyaK,1
rajeevkhullar20,ShekharGupta,1
rajendr92383034,pornima_thapa,1
rajesh_2810,TimesNow,1
rajesh_r_v,AmitShah,1
rajesh_r_v,BJP4India,1
rajesh_r_v,RWPUSA,1
rajesh_r_v,RahulGandhi,1
rajesh_r_v,TalalAlMurad1,1
rajesh_r_v,arrahman,1
rajesh_r_v,hd_kumaraswamy,1
rajesh_r_v,narendramodi,1
rajesh_r_v,venkateshmurthi,1
rajguruvipul,LKAdvaniBJP_,1
rajguruvipul,swapan55,1
rajiveindian,HinduNatl,1
rajiveindian,JoblessJack7,1
rajiveindian,narendramodi,1
rajkamal444,AamAadmiParty,1
rajkamal444,SachinPilot,1
rajkamal444,Simi_Garewal,1
rajkamal444,bainjal,1
rajkamal444,ndtv,1
rajkovvali,AAPGujarat,1
rajkovvali,AamAadmiParty,1
rajkovvali,KoliRajuSolanki,1
rajnish1Midas,BJP4India,1
rajnish1Midas,BJP4Karnataka,1
rajnish1Midas,ISapnaMishra,1
rajnish1Midas,Mraadul,1
rajnish1Midas,TajinderBagga,1
rajnish1Midas,kushanmitra,1
rajnish1Midas,narendramodi,1
rajpadma,harshmadhusudan,1
rajuabraham1,LiveLawIndia,1
rakeshkausik,AUThackeray,1
rakeshkausik,AhirsachinAhir,1
rakeshkausik,DrrahuPatil,1
rakeshkausik,INCIndia,1
rakeshkausik,RahulGandhi,1
rakeshkausik,ShivSena,1
rakeshkausik,ShivsenaComms,1
rakeshkausik,iambadasdanve,1
rakeshtamta19,AITCofficial,1
rakeshtamta19,ArvindKejriwal,1
rakeshtamta19,MamataOfficial,1
rakeshtamta19,ShatruganSinha,1
rakeshtamta19,YashwantSinha,1
rakeshtamta19,prithvrj,1
rakshithbollady,INCIndia,1
rakshithbollady,RahulGandhi,1
rakshithbollady,narendramodi,1
rakshithbollady,priyankagandhi,1
rama1966,sbabones,1
rangakidambee,ARanganathan72,1
rangakidambee,NewsArenaIndia,1
rangakidambee,Shehzad_Ind,1
rangakidambee,satyakasthala,1
rangakidambee,sreeramjvc,1
rangakrishnan1,Pratibimba5,1
rangakrishnan1,kuffir,1
rangakrishnan1,salmanmohdkhan,1
rangats,AIADMKOfficial,1
rangats,AmitShah,1
rangats,CPRBJP,1
rangats,DrJJayavardhan,1
rangats,DrTamilisaiBJP,1
rangats,ECISVEEP,1
rangats,EPSTamilNadu,1
rangats,HRajaBJP,1
rangats,NainarBJP,1
rangats,PonnaarrBJP,1
rangats,TTVDhinakaran,1
rangats,imprasath,1
rangats,narendramodi,1
rangats,satyenaiadmk,1
rathinakumar49,ThanthiTV,1
ravikyadav1992,MajorPoonia,1
ravindrajha,sherryontopp,1
ravirao83,CNNnews18,1
ravirao83,narendramodi,1
rcm1978a,ndtv,1
realplaymaker7,Abinash48748052,1
realplaymaker7,ImRo45,1
realplaymaker7,klrahul,1
rebel_santosh98,imVkohli,1
rejeeshs,RahulGandhi,1
rexraj,bangaloreblues,1
rexraj,priyachettyr,1
rik_loki,SriniMaama16,1
rik_loki,im_shank19,1
rik_loki,vijayraman10,1
rishavkedia19,RubikaLiyaquat,1
rishavkedia19,abpnewshindi,1
rishavkedia19,awasthis,1
rishavkedia19,narendramodi,1
riswanris2009,narendramodi,1
riz110syed,RahulGandhi,1
riz110syed,revanth_anumula,1
rkd_sharma,TIME,1
rks_2706,prakashraaj,1
rmpgujju,ndtv,1
rocky_coool,ANI,1
rocky_coool,ani_digital,1
rohan453900851,ANI,1
rohan453900851,BAAbOnPbXvZXA2x,1
rohan453900851,INCIndia,1
rohan453900851,INCTamilNadu,1
rohan453900851,me_ganesh14,1
rolandbr82,BernieSanders,1
rolandbr82,BetoORourke,1
rolandbr82,kalpeshmak16,1
roomynaqvy,harsh8848,1
rounak83,BJP4India,1
rounak83,narendramodi,1
roypp22,BJPBengal,1
roypp22,BJPCentralMedia,1
roypp22,DefenceMinIndia,1
roypp22,IAF_MCC,1
roypp22,KirenRijiju,1
roypp22,PMOIndia,1
roypp22,PushpendraKul,1
roypp22,RSSorg,1
roypp22,Swamy39,1
roypp22,adgpi,1
roypp22,narendramodi,1
roypp22,rajnathsingh,1
roypp22,republic,1
rudra1491,Sumit_Sangwan20,1
rudra1491,SupriyaShrinate,1
rudrabhatlava,BCCI,1
rukmun_kumar,narendramodi,1
rust_in_peace82,BarackObama,1
sNea_casm,narendramodi,1
s_andeep1998,WisdenIndia,1
sa8ypr,MuralikrishnaE1,1
sa8ypr,SAMC2868,1
sa8ypr,VajpayeeBihari,1
sa8ypr,iKabirBedi,1
sa8ypr,narendramodi,1
sa8ypr,narendramodi_in,1
sa8ypr,sardesairajdeep,1
sachdevrishab,BJP4India,1
sachdevrishab,JPNadda,1
sachdevrishab,Mohit_V8_i9,1
sachin_kanaujia,BDUTT,1
sachin_kanaujia,narendramodi,1
sachin_kanaujia,siddaramaiah,1
sachin_kanaujia,washingtonpost,1
sachinh4u,H_D_Devegowda,1
sachinkarmalkar,ShekharGupta,1
sachinkarmalkar,ThePrintIndia,1
sachinkarmalkar,sbabones,1
sachinr4u,azad_nishant,1
sadaranamanidan,ThanthiTV,1
safwankhansk,aajtak,1
safwankhansk,republic,1
sagarkamaniya,KhaledBeydoun,1
saheb1337,BCCI,2
saheb1337,ImRo45,1
saheb1337,RVCJ_FB,1
saheb1337,nassercricket,1
saheedpp,BCCI,1
saheedpp,rawatrahul9,1
sahilduhan,ShuklaRajiv,1
saigal51,YouTube,1
sainairv,SirKishan,1
sairashahhalim,adbiswasspeaks,1
sairashahhalim,isd2047,1
sajferoz,TimesNow,1
sajferoz,narendramodi,1
sam03048,MadhavPonnana,1
sam03048,RamGovindaa,1
sam03048,SeharShinwari,1
sam03048,mesamalik,1
samarth_sd,rohini_sgh,1
samavritti,INCIndia,1
samavritti,RahulGandhi,1
samavritti,bharatjodo,1
sameermathad,sreeramjvc,1
sammy2404,SaoirseAF,1
sampath2605,draramadoss,1
sampath2605,drramadoss,1
sampath2605,narendramodi,1
samyanika,BJP4India,1
samyanika,INCIndia,1
samyanika,htTweets,1
samyanika,narendramodi,1
san_jaysingh,kansaratva,1
sanandanbk,Actor_Siddharth,1
sanandanbk,narendramodi,1
sanandanbk,rohini_sgh,1
sandeep786twitt,BJP4India,1
sandeep786twitt,GemsOfModi,1
sandeep786twitt,GemsOfNaMo,1
sandeep786twitt,HMOIndia,1
sandeep786twitt,MNageswarRaoIPS,1
sandeep786twitt,PMOIndia,1
sandeep786twitt,PolitiCrooks,1
sandeep786twitt,RSSorg,1
sandeep786twitt,Sanjay_Dixit,1
sandeep786twitt,TufailChaturve,1
sandeep786twitt,VHPDigital,1
sandeep786twitt,chitrapadhi,1
sandeep786twitt,gganeshhh,1
sandeep786twitt,khannavns,1
sandeep786twitt,pahadanldki_SK,1
sandeep786twitt,ratihegde,1
sandeep786twitt,sdeo76,1
sandeep_tiku,waglenikhil,1
sandeshk_bhat,SomBajju,1
sandhumannu0476,Jairam_Ramesh,1
sandhumannu0476,MadanKandal3,1
sanjeev1dubey,Its_krishna9,1
sanjeev1dubey,narendramodi,1
sanjeev_sing,JayasreeVijayan,1
sanjitneer,ArvindKejriwal,1
sanjitneer,VishalDadlani,1
sanjitneer,narendramodi,1
sanjukta,17Kaya_Bhuvan,1
sankarainfos,narendramodi,1
santosh0535,Indian_Analyzer,1
santosh0535,kiskoash,1
sapiosexualRIS,msdian_MS07,1
sapiosexualRIS,news24tvchannel,1
sapiosexualRIS,nitin_gadkari,1
saranam_sai,V_with_RG,1
sarathikg1,Maheshpune1975,1
sarathikg1,ankurg,1
sarathikg1,anujkum09179002,1
sarathikg1,kaushikrj6,1
sarathikg1,thevirdas,1
sarcasticraju,BJP4Delhi,1
sarcasticraju,INCIndia,1
sarcasticraju,narendramodi,1
sarcasticraju,rohini_sgh,1
sarthakc1805,NH_India,1
sarveshbab,BCCI,1
sarveshbab,ECB_cricket,1
sarveshbab,RaviShastriOfc,1
sashukrishnan,AmitShah,2
sashukrishnan,HMOIndia,2
sasta_physicist,elonmusk,1
satapur,LotusBharat,1
satapur,ShashiTharoor,1
satish_reena,indian_nagrik,1
satyavadin,AmitShah,1
satyavadin,hellboy300,1
satyavadin,narendramodi,2
satyavadin,saffronarya,1
saurabh07077,narendramodi,1
saurabh07077,srivatsayb,1
saurabh463,12Jaai,1
saurabh463,__JS98,1
saurabh463,shikharrrrrrr,1
saurabhmundra1,rohini_sgh,1
schunell,pbhushan1,1
schunell,rohitkr2022,1
scroll_in,ShoaibDaniyal,5
seekerchandan,DrGeetaBhatt,1
seekerchandan,INCIndia,1
seekerchandan,RahulGandhi,1
seekerchandan,narendramodi,1
seekerchandan,sampitroda,1
seggy74,ExSecular,1
seggy74,RahulGandhi,1
seggy74,narendramodi,1
seggy74,theskindoctor13,1
sha2099,ashoswai,1
sha_nikhil,Sportskeeda,1
shahabkhanamu,RahulGandhi,1
shahabkhanamu,abhisar_sharma,1
shahabkhanamu,abpnewstv,1
shahabkhanamu,narendramodi,1
shahabkhanamu,sakshijoshii,1
shahid089,shekhar08908695,1
shailfilm,AmitShah,1
shailfilm,BJP4India,1
shailfilm,RahulGandhi,1
shailfilm,narendramodi,1
shailfilm,priyankac19,1
shajikrishnan,Kummanam,1
shajikrishnan,VMBJP,1
shajikrishnan,narendramodi,1
shaktiendole,SakalMediaNews,1
shankarviews,TimesNow,1
shankysanghi,himansshhi,1
shantaram1956,ANI,1
shantaram1956,PMOIndia,1
shantaram1956,mkstalin,1
shantaram1956,ndtv,1
sharadtayal1,AmitShah,1
sharadtayal1,KailashOnline,1
sharadtayal1,TajinderBagga,1
sharadtayal1,narendramodi,1
sharadtayal1,sambit_swaraj1,1
sharma__sanjay,rohini_sgh,1
sharmahemant241,ManmohanSinghPM,1
sharmahemant241,narendramodi,1
sharmahemant241,ndtv,1
sharmahemant241,priyankagandhi,1
shashankVAIL,Cheeku218,1
shashankVAIL,surya_14kumar,1
shau_ni,ETDefence,1
shauviks_space,IndiaToday,1
shauviks_space,SwetaSinghAT,1
shauviks_space,anjanaomkashyap,1
shauviks_space,narendramodi,1
shauviks_space,rahulkanwal,1
shawaz_saifi,simplykashif,1
shawin23,DrGPradhan,1
shawin23,narendramodi,1
sheeku1,Tej_AnanthKumar,1
sheeku1,narendramodi,1
sheikh7490,SharmaSatish710,1
shemin_joy,ArvindKejriwal,1
shemin_joy,DeccanHerald,2
shemin_joy,ImranKhanPTI,1
shemin_joy,SitaramYechury,1
shemin_joy,cpimspeak,1
shikharmohindru,BCCI,1
shikharmohindru,GautamGambhir,1
shishya_bharti,ShekharGupta,1
shishya_bharti,ThePrintIndia,1
shishya_bharti,sbabones,1
shiv1161,AmitShah,1
shiv1161,BJP4India,1
shiv1161,cmohry,1
shiv1161,mlkhattar,1
shiv1161,narendramodi,1
shraddha_1401,narendramodi,1
shree_loya,Politics_2022_,1
shreesh02,narendramodi,1
shrinihtmumbai,PawarSpeaks,1
shrinihtmumbai,htTweets,1
shrinihtmumbai,narendramodi,1
shubhamdhareINC,RahulGandhi,1
shubhamparakh2,aajtak,1
shubhamparakh2,cricketaakash,1
shwait_malik,narendramodi,1
sickosinus,AEchinar,1
sickosinus,nameshiv,2
sickosinus,saliltripathi,2
sidchopra85,AamAadmiParty,1
sidchopra85,elonmusk,1
siddiqmustafa11,BJP4India,1
siddiqmustafa11,INCUttarPradesh,1
siddiqmustafa11,RahulGandhi,1
siddiqmustafa11,narendramodi,1
sidhu_nobel,Republic_Bharat,1
sidhu_nobel,narendramodi,1
sidhu_nobel,republic,1
sidsankar900,PMOIndia,1
sidsankar900,narendramodi,1
sierraromeo98,KnottyCommander,1
simonetti_iii,KrapelsMarco,1
simonetti_iii,MarkRuffalo,1
simonetti_iii,elonmusk,1
singh_a84,WasiqUK,1
singh_a84,drsdgulati,1
singintherainn,sumanthraman,1
sintu94,BharatheshBhara,1
sintu94,indiantweeter,1
sirajmattari,LavanyaBallal,1
sirajmattari,newalkar_uday,1
sirajmattari,supriya_sule,1
sircaustick,bhanoo9,1
sitara_mohan,PMOIndia,1
sitara_mohan,narendramodi,1
sivaetb,DeccanHerald,1
skejaj_aitc,AITCofficial,1
skejaj_aitc,AparupaPoddar,1
skejaj_aitc,BanerjeeAgnisha,1
skejaj_aitc,DebrajAitc86,1
skejaj_aitc,ItsYourDev,1
skejaj_aitc,KunalGhoshAgain,1
skejaj_aitc,Supriyatalks,1
skejaj_aitc,ZeeshanAITC,1
skejaj_aitc,abhishekaitc,1
skejaj_aitc,aitcsudip,1
skejaj_aitc,derekobrienmp,1
skejaj_aitc,idevadhikari,1
skejaj_aitc,tiwarymanoj,1
sknatesan,AmitShah,1
sknatesan,BJP4India,1
sknatesan,BJP4TamilNadu,1
sknatesan,BJPShivPShukla,1
sknatesan,BJYM,1
sknatesan,BloombergQuint,1
sknatesan,PonnaarrBJP,1
sknatesan,Swamy39,1
sknatesan,TamannaInamdar,1
sknatesan,VanathiBJP,1
sknatesan,arunjaitley,1
sknatesan,narendramodi,1
sknatesan,nitin_gadkari,1
slem35848927,ikamalhaasan,1
sm_pf,timesofindia,1
smeerkpblr,AUThackeray,1
smeerkpblr,Marvellous_MrsG,1
smeerkpblr,RahulGandhi,1
smeerkpblr,ShashiTharoor,1
smeerkpblr,ndtvindia,1
smsmurthy1,Trinhnomics,1
sniggy1992,Shri_P1,1
soumenm86,ECISVEEP,1
soumenm86,narendramodi,1
sovividyadharan,NewIndianXpress,1
sovividyadharan,narendramodi,1
sowmya30688,BSYBJP,1
sowmya30688,Jaggesh2,1
sowmya30688,RAshokaBJP,1
sowmya30688,narendramodi,1
sowmya30688,sumalathaA,1
spandhi170,narendramodi,1
speechwave,imjadeja,1
spiderIsHere,Asha19586350,1
spiderIsHere,SwamiGeetika,1
spiderIsHere,indiatvnews,1
spiderIsHere,narendramodi,1
spkathirvel1,ADMKofficial,1
spkathirvel1,AIADMKITWINGOFL,2
spkathirvel1,AIADMKOfficial,2
spkathirvel1,CVShanmugamofl,1
spkathirvel1,Diwagar69650234,1
spkathirvel1,DrJJayavardhan,1
spkathirvel1,EPS4TamilNadu,1
spkathirvel1,EPSTamilNadu,9
spkathirvel1,IndiraniSudala1,2
spkathirvel1,ItNagaram,1
spkathirvel1,Karnaninpeace,2
spkathirvel1,KingOfKanchi,4
spkathirvel1,MoorthiManicka2,1
spkathirvel1,Nareshh070391,1
spkathirvel1,Nivasadmk46,1
spkathirvel1,OfficeOfOPS,2
spkathirvel1,PMOIndia,1
spkathirvel1,PugalAdmk,1
spkathirvel1,Pvp5566778899,1
spkathirvel1,RealPix10,1
spkathirvel1,Senthil_AIADMK,1
spkathirvel1,bpcharles14,1
spkathirvel1,drgracydaniel,1
spkathirvel1,edapadiyaar,1
spkathirvel1,nadoditweets,1
spkathirvel1,news7tamil,1
spkathirvel1,pravinkumar496,1
spkathirvel1,satyenaiadmk,2
spkathirvel1,sharing_sharath,1
spkathirvel1,spvarmy,1
spkathirvel1,venkatadmk10,1
src_saurav,ImranKhanPTI,1
src_saurav,PMOIndia,1
srd1952,JhaSanjay,1
sreeni453,ChampaiSoren,1
sreeni453,DeepikaSRajawat,1
sreeni453,KTRTRS,1
sreeni453,RajeevRai,1
sreeni453,Subhash_Desai,1
sreeni453,TRBRajaa,1
sreeni453,U2Brutus_off,1
sreeni453,isai_,1
sreeni453,juhiesingh,1
sreeni453,prakashraaj,1
sreeni453,ysathishreddy,1
sri_aman091,narendramodi,1
srikuttanmural2,BCCI,3
srikuttanmural2,Cricketracker,1
srikuttanmural2,IamSanjuSamson,1
srikuttanmural2,ImRo45,1
srikuttanmural2,JayShah,1
srikuttanmural2,YUVSTRONG12,1
srikuttanmural2,imVkohli,1
srinu1966,Ashok_Gajapathi,1
srinu1966,TrainingMindful,1
srinu1966,sureshpprabhu,2
srk7353,Politics_2022_,1
srvicky21,AnupamPKher,1
srvicky21,MamataOfficial,1
srvicky21,narendramodi,1
srvicky21,timesofindia,1
ssrajguru,AmitShah,1
ssrajguru,TimesNow,1
ssrajguru,narendramodi,1
starkked,narendramodi,1
stephenmcdine,JohanJnrRidley,1
strangelight5,MishiAmit,1
streamingBST,btsbellforever,1
subbraa1,ShekharGupta,1
subbraa1,ThePrintIndia,1
subbraa1,sbabones,1
subratforgiven,aajtak,1
subratforgiven,anjanaomkashyap,1
subratforgiven,priyankac19,1
sudhanshugore,bharatjodo,1
sudhiragarwal11,MahimaShastri,1
sudhiragarwal11,PMOIndia,1
sudhiragarwal11,SandipGhose,1
sudhiragarwal11,narendramodi,1
sudhiragarwal11,swapan55,1
sudhirsingh101,AITCofficial,1
sudhirsingh101,ArvindKejriwal,1
sudhirsingh101,BJP4India,1
sudhirsingh101,INCIndia,1
sudhirsingh101,MamataOfficial,1
sudhirsingh101,ShatruganSinha,1
sudhirsingh101,YashwantSinha,1
sudhirsingh101,laluprasadrjd,1
sudhirsingh101,prithvrj,1
sudhirsingh101,samajwadiparty,1
sufi_shahab,Adambeazar,1
sufi_shahab,muraitc,1
sufi_shahab,saketengland,1
sujata_trivedi,arrahman,1
sujata_trivedi,mangeshkarlata,1
sujata_trivedi,narendramodi,1
sujata_trivedi,sachin_rt,1
sujeetsharma931,Sadhvi_prachi,1
sumedhkarnik1,Drake,1
sumedhkarnik1,narendramodi,1
sumonseng,MaliniP,1
sumonseng,airindiain,1
sumonseng,digitaldutta,1
sumonseng,narendramodi,1
sunilfois,SirPareshRawal,1
sunilfois,narendramodi,1
sunilpti,ArvindKejriwal,1
sunilpti,CNNnews18,1
sunilpti,_pallavighosh,1
sunilscyril1,thakkar_sameet,1
sunnydedha7,RahulGandhi,1
sunnydedha7,narendramodi,1
sunnydedha7,rammadhavbjp,1
suraj_sharma7,BCCI,2
suraj_sharma7,ImRo45,2
suraj_sharma7,klrahul,2
suraj_yadav2005,Chellaney,1
surend265,INCIndia,1
surend265,RahulGandhi,1
surend265,pbhushan1,1
suresh15021941,aajtak,1
suresh15021941,narendramodi,1
suripunj,Mufti_Yasir,1
surojit_saikia,Gen_VKSingh,1
surya20206,amar_deep_kaur_,1
suryanandannet,BJP4India,1
suryanandannet,ShefVaidya,1
suryanandannet,TajinderBagga,1
suryanandannet,seriousfunnyguy,1
susSaransh,Elizatweetz,1
sushil_tripathi,Profdilipmandal,1
sushilsomani3,BCCI,1
sushilsomani3,CMShehbaz,1
sushreenayak49,AprajitaSarangi,1
sushreenayak49,BJP4India,1
sushreenayak49,BJP4Odisha,1
sushreenayak49,CKmunna,1
sushreenayak49,JPNadda,1
sushreenayak49,SamirMohantyBJP,1
sushreenayak49,dpradhanbjp,1
sushreenayak49,suryabanshibjp,1
swamisripathi,HMOIndia,1
swamitwitanand,ShekharGupta,1
swamitwitanand,ThePrintIndia,1
swamitwitanand,sbabones,1
swarraj,NatRaghuvanshi,1
swatieyz,Politics_2022_,1
sweety_ghosh14,epanchjanya,1
syedmoh,hazharoon,1
syedshamdquadri,drshamamohd,1
syedshamdquadri,iamrana,1
syedshamdquadri,narendramodi,1
tamilmonarch,BCCI,1
tamilmonarch,ECB_cricket,1
tamilnaadulive,narendramodi,2
tanuj_khatri,narendramodi,1
tanuj_khatri,priyankagandhi,1
tarunpuri77,GeneralBakshi,1
tarunpuri77,arunjaitley,1
tarunpuri77,gauravbh,1
tarunpuri77,majorgauravarya,1
tarunpuri77,manoharparrikar,1
tarunpuri77,myogiadityanath,1
tarunpuri77,narendramodi,1
tarunpuri77,rajnathsingh,1
tarunpuri77,unoffarnab,1
teamdigitalind1,narendramodi,1
teeter213,ShivamSanghi12,1
tharkicricketer,hazharoon,1
thatindicmonk,AnAwakened0ne,1
thatindicmonk,DeekshaNRaut,1
thatindicmonk,Indian__Always,1
thatindicmonk,raulzgargon3,1
theSurajDiwakar,ArvindgiriMLA,2
theSurajDiwakar,BJP4Delhi,1
theSurajDiwakar,BJP4UP,1
theSurajDiwakar,Bhupendraupbjp,1
theSurajDiwakar,PMOIndia,1
theSurajDiwakar,Satishmahanaup,1
theSurajDiwakar,myogiadityanath,1
the_newsmen,chandrani_murmu,1
the_newsmen,iamsunnydeol,1
the_newsmen,mimichakraborty,1
the_newsmen,nirahua1,1
the_newsmen,nusratchirps,1
the_newsmen,raghav_chadha,1
the_nhiraj,RahulGandhi,1
the_nhiraj,narendramodi,1
thecaptcho,anangbhai,1
thecaptcho,news18dotcom,1
thecaravanindia,seemay,1
theconformist5,rupamurthy1,1
theflyinggaruda,IndianLivingUSA,1
theflyinggaruda,anandr61912867,1
theflyinggaruda,sansbarrier,1
thelyingindian,BJP4India,1
thelyingindian,INCIndia,1
thelyingindian,RahulGandhi,1
thelyingindian,RajatSharmaLive,1
thelyingindian,narendramodi,1
therajaputra,KumaranRipley,1
thetribunechd,narendramodi,1
thezeekhan11,IrfanPathan,1
thinking_ape_,Politics_2022_,1
thinkinmachine,TheFactFindr,1
thinkinmachine,kanhaiyakumar,1
thinktowards,BJP4India,1
thinktowards,INCIndia,1
thinktowards,JhaSanjay,1
thinktowards,narendramodi,1
thyagarajan_law,imranhindu,1
tittoria_manoj,NagarJitendra,1
tolerantal,ndtv,1
tonyt111,sardesairajdeep,1
toshiG010,RahulGandhi,1
toshiG010,narendramodi,1
trsriniwas,MEAIndia,1
trsriniwas,ThePollLady,1
trsriniwas,narendramodi,1
truelyourvoice,Nida_Syed1993,1
truthhurts380,RahulGandhi,1
truthhurts380,waglenikhil,1
tss201,ndtv,1
tss201,ndtvfeed,1
tushaar2012,Gopal_Italia,1
tv9gujarati,AmitShah,1
tweet2GAURANG,RahulGandhi,1
tweet2GAURANG,narendramodi,1
tweet2GAURANG,ndtv,1
tweet_shashivj,VandanaJayrajan,1
tweetajaay,RahulGandhi,1
tweetashsharma,sardesairajdeep,1
twitvishy,ANI,1
twitvishy,AmitShah,1
twitvishy,narendramodi,1
udaybhat1954gm4,RShivshankar,1
udaybhat1954gm4,TimesNow,1
umakantsingh_IN,Mayawati,1
umakantsingh_IN,Mulayamsamajwad,1
umakantsingh_IN,NitishKumar,1
umakantsingh_IN,YadavaShalini,1
umakantsingh_IN,samajwadiparty,1
umasudhir,PMOIndia,1
umasudhir,PrannoyRoyNDTV,1
umasudhir,narendramodi,1
umasudhir,ndtv,1
umasudhir,ysjagan,1
umesh_chokda,narendramodi,1
umesh_chokda,roopnayandarak,1
umeshprasad1203,nitin_gadkari,1
umeshprasad1203,sardesairajdeep,1
undefinz,NikhilNaz,1
unmappedBrain,Abhishek_Mshra,1
unmappedBrain,GeneralBakshi,1
unmappedBrain,GitaSKapoor,1
unmappedBrain,Shrimaan,1
unmappedBrain,narendramodi,1
unmappedBrain,saket71,1
unmappedBrain,smritiirani,1
unnamedwrecker,nomadic_singh,1
untamedbeast,CMShehbaz,1
untamedbeast,RoflGandhi_,1
untamedbeast,wazirzahidnwa,1
ursssincerelyy,AshwiniVaishnaw,1
utsavmalviy12,BeingHumanChan,1
utsavmalviy12,narendramodi,1
utsavmalviy12,sherryontopp,1
utsavpansari,narendramodi,1
vaibhavpatilv,indiainpixels,1
vaisloorkar,vinod_sharma,1
vakilsahab23,SubratN,1
vakilsahab23,narendramodi,1
vandit25,INCIndia,1
vandit25,RahulGandhi,1
vandit25,narendramodi,1
vasagadekar,BJP4Goa,1
vasagadekar,BJP4India,1
vasagadekar,TOIGoaNews,1
vasagadekar,goanewshub,1
vasagadekar,narendramodi,1
vasagadekar,prudentgoa,1
vasagadekar,shripadynaik,1
vaspar78,RVCJ_FB,1
vasudev12498056,saliltripathi,1
vcv_080,narendramodi,1
veerariddhi,GulPanag,1
vel23news,ikamalhaasan,1
venkatRRP,Jairam_Ramesh,1
venu2412,rajdeep,1
venu2412,sardesairajdeep,1
venu2412,sbabones,1
vhrups,Arzookazmi30,2
vibhabhalla16,RahulGandhi,1
vibhabhalla16,TimesNow,1
vibhabhalla16,navikakumar,1
views_farooq,ArslanJutt43,1
views_farooq,ECB_cricket,1
views_farooq,YUVSTRONG12,1
views_farooq,harbhajan_singh,1
views_farooq,mmbangwa,1
vihari_vh,ianandhusnair,1
vikasvi,narendramodi,1
vikram140gulati,IndiaToday,1
vikram140gulati,RahulGandhi,1
vikram140gulati,narendramodi,3
vikram140gulati,theresa_may,1
vilobhpatankar,CNBCTV18Live,1
vilobhpatankar,ShereenBhan,1
vilobhpatankar,gopalkagarwal,1
vilobhpatankar,sravandasoju,1
vilobhpatankar,touseefakhan,1
vinayagrawal81,lyfis_memories,1
vinayak_durgadi,aajtak,1
vinayprasadlr,Jaggesh2,1
vinayprasadlr,KiranKS,1
vinayprasadlr,girishalva,1
vinayprasadlr,narendramodi,1
vinod_sarwade,ANI,1
vinsinners,DrGPradhan,1
vinsinners,RahulGandhi,1
vinsinners,ShefVaidya,1
vinsinners,amitmalviya,1
vinsinners,narendramodi,1
vipul2777,divyaspandana,1
vipul2777,narendramodi,2
vipul2777,porinju,1
vipulpatel72000,ArvindKejriwal,1
visfd18,rebeldravidian,1
vishalpalan,SushantBSinha,1
vishalpalan,narendramodi,1
vishwaraj_rao,AmitShah,1
vishwaraj_rao,Swamy39,1
vishwaraj_rao,narendramodi,1
vishwaraj_rao,padhalikha,1
vivek_m_rai,143Saffron,1
vivek_m_rai,AanchalSingh31,1
vivek_m_rai,KapilMishra_IND,1
vivek_m_rai,MajorPoonia,1
vivek_m_rai,iampritampyaare,1
vivek_m_rai,onlyonenetra,1
vivekk333,WisdenIndia,1
vivekpai01,ShivAroor,1
vivid_details,AmitShah,1
vivid_details,BJP4India,1
vivid_details,INCIndia,1
vivid_details,narendramodi,1
vjkumar23909939,GabbbarSingh,1
vkashsinha1,narendramodi,1
vkashsinha1,narendramodi_in,1
vkdesi,RanvirShorey,1
vkvalpadi,IndianExpress,1
vmwagh,NarundarM,1
vpj25,ndtv,1
vrikrodara1718,Pragyachauhann,1
vssanakan,narendramodi,1
vvvv472,pvssarma,1
vyasa1968,MonaAmbegaonkar,1
vyasa1968,ShaanMeshram,1
vyasa1968,asmatasleem13,1
vyasa1968,sunild1909,1
vyasa1968,vsirnate,1
wadhwadee,ARanganathan72,1
waqarahmedb1,soldierspeaks,1
whydeepak,RahulGandhi,1
whydeepak,narendramodi,1
witch_hunter_10,_YogendraYadav,1
writerNV,BJP4India,1
writerNV,INCIndia,1
writerNV,RahulGandhi,1
writerNV,narendramodi,1
xploredaljeet,BCCI,2
xploredaljeet,vikrantgupta73,1
yAnJi506,BhayaniPreet,1
yAnJi506,SAFC10000,1
yAnJi506,shauntait161,1
yAnJi506,sumit_jadhav14,1
yadrakhajaega,LenduYeater,1
yadrakhajaega,Mohammedfarmann,1
yag412,Indian_Analyzer,1
yagnesh_pandya,AmitShah,1
yagnesh_pandya,narendramodi,1
yakkantihs,BCCI,1
yakkantihs,RaviShastriOfc,1
yakkantihs,imVkohli,1
yashbhitkar,RVCJ_FB,1
yashgyy,PoliticsVerse,1
yashgyy,zeus_doc,1
yashwanth21g,narendramodi,1
yb110yogesh,ArvindKejriwal,1
yb110yogesh,MajorPoonia,1
yesaswi30,BJP4India,1
yesaswi30,INCIndia,1
yodalisque,Makarand_S,1
yodalisque,its_ab_96k,1
yodalisque,narendramodi,1
yogawithsrishti,kamaalrkhan,1
yogesh_n_patil,Politics_2022_,1
yogeshmishra__,AmitShah,1
yogeshmishra__,narendramodi,1
yogeshp99980230,AmitShah,1
yogeshp99980230,narendramodi,1
yournagaraj,AmitShah,1
yournagaraj,divyaspandana,1
yournagaraj,narendramodi,1
yoursoulmate81,BCCI,1
yousafzai865,ImranKhanPTI,1
yousafzai865,VORdotcom,1
yousafzai865,narendramodi,1
zach_multimedia,OfficeOfNG,1
zach_multimedia,nitin_gadkari,1
zaighamkhan,kemu2013,1
zeeshan2605,iamamirofficial,1
zulfi_azad,MohammadKaif,1
