Source,Target,Weight
027Gurjar,peripherallyN,1
06Kunjan,elitepredatorss,1
06Kunjan,hkpatel2003,1
0ld_m0nk,BJP4India,1
0ld_m0nk,INCIndia,1
0ld_m0nk,RahulGandhi,1
0ld_m0nk,TimesNow,1
0ld_m0nk,ZeeNewsHindi,1
0ld_m0nk,aajtak,1
0ld_m0nk,narendramodi,1
0rajesh000,AamAadmiParty,1
0rajesh000,mohdfurquanLko,1
0vij1t,ANI,1
1207bhaumik,AmitShah,1
1207bhaumik,BJP4India,1
1207bhaumik,GautamGambhir,1
1207bhaumik,ImRo45,1
1207bhaumik,ImZaheer,1
1207bhaumik,cricketaakash,1
1207bhaumik,imVkohli,1
1207bhaumik,narendramodi,1
1207bhaumik,sachin_rt,1
1207bhaumik,virendersehwag,1
123avi456,Supriya23bh,1
123avi456,pravchak,1
18_MehulR,SudheenKulkarni,1
18_MehulR,narendramodi,1
1907Kavitha,_pallavighosh,1
1988kishoreraju,Bollywood,1
1988kishoreraju,PMOIndia,1
1988kishoreraju,narendramodi,1
19be207ea5d4411,NewIndianXpress,1
19be207ea5d4411,ss_suryawanshi,1
1NEUTRALINDIAN,MdShami11,1
1NEUTRALINDIAN,shadab_chouhan1,1
1_lonerwolf,shikhas77056782,1
2bhktimes,puram_politics,1
3c993f1dbabd490,PChidambaram_IN,1
55659754Bhaskar,ADiravia,1
55659754Bhaskar,Ahimsa1616,1
55659754Bhaskar,Ajay51830120,1
55659754Bhaskar,AnilBas72712466,1
55659754Bhaskar,AnilKum04619533,1
55659754Bhaskar,BarunBasuthakur,1
55659754Bhaskar,Chandra51364237,1
55659754Bhaskar,Devansh53816390,1
55659754Bhaskar,HashmatRuhul,1
55659754Bhaskar,Hisamud47588796,1
55659754Bhaskar,JitendraManoha6,1
55659754Bhaskar,MdIqbal64955168,1
55659754Bhaskar,MdtajKohri5,1
55659754Bhaskar,Monaji58641983,1
55659754Bhaskar,MuzaffarIslam11,1
55659754Bhaskar,Naseem_Mbd,1
55659754Bhaskar,Pandey13K,1
55659754Bhaskar,Pinky717623862,1
55659754Bhaskar,Prabhat39441267,1
55659754Bhaskar,RajaRajavira,1
55659754Bhaskar,RajeshS50119232,1
55659754Bhaskar,RajivSi45818862,1
55659754Bhaskar,Ramesh270549,1
55659754Bhaskar,Rao26641901Gs,1
55659754Bhaskar,RomitSoniya,1
55659754Bhaskar,SanjuBabaBhau1,1
55659754Bhaskar,SavitaSikarwar,1
55659754Bhaskar,Shakeelsayed14,1
55659754Bhaskar,SharrmaPoonam,1
55659754Bhaskar,SinghDe41846382,1
55659754Bhaskar,SinghRakeshKu14,1
55659754Bhaskar,Smile3560,1
55659754Bhaskar,SudhirDevSharma,1
55659754Bhaskar,VibrantDemocra2,1
55659754Bhaskar,VinodKu51806624,1
55659754Bhaskar,_Mahakal_D_,1
55659754Bhaskar,aj23004007,1
55659754Bhaskar,dealip,1
55659754Bhaskar,hisamuddink51,1
55659754Bhaskar,indianposten,1
55659754Bhaskar,kukk44,1
55659754Bhaskar,mi_misra,1
55659754Bhaskar,nareshsharma107,1
55659754Bhaskar,navin4nation,1
55659754Bhaskar,onkargss11,1
55659754Bhaskar,patwalr336,1
55659754Bhaskar,rajeshpatnawale,1
55659754Bhaskar,ramesh_bdn,1
55659754Bhaskar,saifi_111,1
55659754Bhaskar,yadavashutosh49,1
716Shaktipal,ArunSFan,1
7890prakash,PMOIndia,1
7890prakash,ashutosh83B,1
7890prakash,narendramodi,1
88CaprS,BCCI,1
88CaprS,MHafeez22,1
88CaprS,babarazam258,1
88CaprS,iMRizwanPak,1
88CaprS,imVkohli,1
88CaprS,politics__sport,1
ABHINAVsr,BJP4India,1
ABHINAVsr,narendramodi,1
ABHINAVsr,republic,1
AGSawant,BJP4India,1
AGSawant,ShivSena,1
AKSHAYBARAI1,narendramodi,1
ALIIRFAN85,BCCI,1
ALIIRFAN85,vikrantgupta73,1
AMS13875529,ArfaSays_,1
AMS13875529,BCCI,1
AMS13875529,ICC,2
AMS13875529,WisdenCricket,1
AMS13875529,cricbuzz,1
AMS13875529,vikrantgupta73,1
ANalliappan,RaniRudrama,1
ANalliappan,amarprasadreddy,1
ASBhaskar03oct,IAMCouncil,1
ASBhaskar03oct,KTRTRS,1
ASBhaskar03oct,LambaAlka,1
ASBhaskar03oct,asadowaisi,1
ASBhaskar03oct,dilipkpandey,1
ASBhaskar03oct,irfhabib,1
ASBhaskar03oct,juhiesingh,1
ASBhaskar03oct,pbhushan1,1
ASBhaskar03oct,prakashraaj,1
ASBhaskar03oct,rajeshgupta,1
ASBhaskar03oct,ysathishreddy,1
AStriver,ICC,1
AStriver,iramizraja,1
AadityaBagwe,narendramodi,1
AamSantanu,ArfaSays_,1
Aanurag99,IndiaHistorypic,1
AapKapoor_,msisodia,1
AapKapoor_,rohini_sgh,1
Aash_ish_Shr,GretaThunberg,1
Aash_ish_Shr,Malala,1
Aash_ish_Shr,Martina,1
Aash_ish_Shr,ajitdatta,1
Aash_ish_Shr,rihanna,1
AathithyaaSurya,Kadu_Makarani,1
AathithyaaSurya,i_m_prapti,1
Aayush_mishra07,narendramodi,1
AazaadSatyam,NaIna0806,1
AazaadSatyam,arunjaitley,1
AbdulRa99443551,BJP4India,1
AbdulRa99443551,INCIndia,1
AbdulRa99443551,narendramodi,1
AbdulRa99443551,ncbn,1
AbhayRawal,INCIndia,1
AbhayRawal,TimesNow,1
AbhayRawal,narendramodi,1
AbhijitBarve9,Akshita_N,1
AbhijitBarve9,Geeta_Mohan,1
AbhijitBarve9,IndiaToday,1
Abhimanpatil4,Dev_Fadnavis,1
Abhimanpatil4,MumbaiCricAssoc,1
Abhimanpatil4,PawarSpeaks,1
Abhimanpatil4,ShelarAshish,1
Abhimanpatil4,mieknathshinde,1
Abhinaykoluguri,ANI,1
Abhisek17191664,AbdullahSid892,1
Abhisek17191664,ArfaSays_,4
Abhisek17191664,Esha963,1
Abhisek17191664,RanaWandaliya,1
Abhisek17191664,SAfridiOfficial,1
Abhisek17191664,Shelby_Colt,1
Abhisek17191664,Wierd45,1
Abhisek17191664,iamsulemanraza,1
Abhisek17191664,kieran_cricket,1
Abhishekf1,gundigre,1
Abhishekf1,manifester1233,1
AbidAsad,RahulGandhi,2
AbidAsad,Ravisutanjani,1
AbinasDasgupta,isudan_gadhvi,1
AbrahamToji,INCIndia,1
AbrahamToji,ShashiTharoor,1
Acidic_Mohit,AmitShah,1
Acidic_Mohit,ShashiTharoor,1
AcmeShagun,nsitharaman,1
ActorSunny,Loneranger9new,1
Adilkha03336464,AmitShah,1
Adilkha03336464,narendramodi,1
AdityaTodi9,Swamy39,1
AdityaTodi9,adgpi,1
AdityaTodi9,narendramodi,1
AdityaTodi9,nitin_gadkari,1
AdityaTodi9,rajnathsingh,1
Adityachahar20,ElfishPresley_,1
Adityachahar20,ExposeMSDfan,1
Adityachahar20,mufaddal_vohra,1
Adityachahar20,urjackie_,1
AdriftRider,BSNLCorporate,1
AdriftRider,CMofKarnataka,1
AdriftRider,ShobhaBJP,1
AdriftRider,narendramodi,1
AdvJebiMather,PrannoyRoyNDTV,1
AdvJebiMather,sardesairajdeep,1
AgencyTamil,AgencyTamil,1
AgencyTamil,KathiresanT12,1
AgencyTamil,iam_nithankrish,1
AgencyTamil,kaatturajaa,1
AhamVishwanath,ArvindKejriwal,1
AhamVishwanath,Republic_Bharat,1
AhamVishwanath,TimesNow,1
AhamVishwanath,ZeeNews,1
AhamVishwanath,narendramodi,1
AhamVishwanath,republic,1
Ahmad_Zahoor96,BCCI,1
Ahmad_Zahoor96,vikrantgupta73,1
AhriSpidon,AP,1
AhriSpidon,NDTVElections,1
AhriSpidon,RahulGandhi,1
AhriSpidon,ReutersIndia,1
AhriSpidon,htTweets,1
AhriSpidon,rose_k01,1
AipcMumbaiNorth,AIPCMaha,1
AipcMumbaiNorth,sumedhbgaikwad,1
Aish48799517,Weatherboi02,1
Aish48799517,ZEENA_56,2
Aiyer_Vaishnavi,ESPNcricinfo,1
Aiyer_Vaishnavi,KiloBatmaan,1
Aiyer_Vaishnavi,aziz_emran,1
AjayBalayya,narendramodi,1
AjayBhatt0808,BJP4India,2
AjayBhatt0808,INCIndia,2
AjayBhatt0808,PoliticalKida,1
AjayGup93878228,Ridz51998,1
AjayGup93878228,daniel86cricket,1
AjayRanaRSS,BJP4India,1
AjayRanaRSS,narendramodi,1
AjaySha89719829,AAPHaryana,2
AjaySha89719829,AnuKadyan_,1
AjaySha89719829,ChitraSarwara,2
AjaySha89719829,DrSushilKrGupta,2
AjaySha89719829,NirmalSMohra,2
AjaySha89719829,Tanwar_Indian,2
AjaySha89719829,UdayvirSSonu,2
AjaySha89719829,YogeshwarShrma,1
AjaySha89719829,dineshsinghaap,1
AjaySha89719829,pilotarunhooda,1
AjaySha89719829,prabhakarg_aap,1
AjitBhaskar8,BJP4India,1
AjitBhaskar8,INCIndia,1
AjitBhaskar8,anilambani,1
AjitBhaskar8,narendramodi,1
AjiteshSinha22,IGFupdates,1
AjiteshSinha22,StanChart,1
AjiteshSinha22,SuellaBraverman,1
AjiteshSinha22,manojladwa,1
AjmalKhanINC,kharge,1
AjmalRazi,TOIEditor,1
AjmalRazi,timesofindia,1
AkashKm01,narendramodi,1
AkashRana_INC,kharge,1
AkhileshDangiP,AmitShah,1
AkhileshDangiP,narendramodi,1
AkkiAdventurer,seemacnbc,1
AkmalsTweets,madaddie24,1
AkritityagiP,AmitShah,1
AkshaySrivatsa3,WahabViki,1
AkshaySrivatsa3,tahermemon,1
AliRaza59417745,imVkohli,1
AlkaJacob1,INCIndia,1
AlkaJacob1,RahulGandhi,1
AlkaJacob1,bharatjodo,1
AlphaBramha,AmitShah,1
AmanKaratt,KeralaGovernor,1
Amankin08581801,SonaliRai13,1
Amankin08581801,narendramodi,1
Amazing1_world,PMOIndia,1
Ambar_SIFF_MRA,SwatiJaiHind,1
Ambar_SIFF_MRA,voiceformenind,1
Amichi87071666,dhruv_rathee,1
AminahmedM,narendramodi,1
AmitJamwal09,KotwalMeena,1
AmitPrabhu9,ArfaSays_,1
AmiyaAKpau1,myogiadityanath,1
Amlanray,INCIndia,1
Amlanray,RahulGandhi,1
Amlanray,narendramodi,1
AmmU_MaanU,laksh_kgm,1
AmmU_MaanU,saysatheesh,1
AmritRajMathur,narendramodi,1
AnCharmer,TamilTheHindu,1
Anand11112293,Martina,1
Anand11112293,Sassy_Hindu,1
AnandRaj_ars,AmitShah,1
Anandkondaguli,srinivasiyc,1
AnantK2005,ArfaSays_,1
AnboundC,narendramodi,1
AndrewWLyngdohM,RahulGandhi,1
AndrewWLyngdohM,narendramodi,1
AneArvind,AmitShah,1
AneArvind,HMOIndia,1
AniketHalgekar,RahulGandhi,1
AniketHalgekar,muglikar_,1
AniketHalgekar,narendramodi,1
AnilKum04536706,AmitShah,1
AnilNai49148368,narthlin,1
Anilcherukara,DetheEshaSen,1
Anilcherukara,Jainamss,1
Anilcherukara,Modi2019forsure,1
Anilcherukara,NDVIVEK1,1
Anilcherukara,NaMo_Phani,1
Anilcherukara,Ramesh_BJP,1
Anilcherukara,Sowmiya07939778,1
Anilcherukara,VidudalaPrasad,1
Anilcherukara,arun_himane,1
Anilcherukara,deanarayan,1
Anilcherukara,namoArunima,1
Anilcherukara,narendramodi,1
Anilcherukara,sandeepfromvns,1
Anilcherukara,vanitajain21,1
AnimeshT123,JaikyYadav16,1
AnirbanBhattBJP,AmitShah,1
AnirbanBhattBJP,BJP4India,1
AnirudhBhatta10,Aloksharmaaicc,1
AnirudhBhatta10,Politics_2022_,1
AnishJpeter5,sibi_tweetz,1
Ankitsingh1009,indiatvnews,1
Anks00512,ChVishesh_,1
AnonymousNoise3,AmericanIndic,1
AnonymousNoise3,BurntOutCase,1
AnonymousNoise3,sairav,1
AntirdtUniw,trussliz,1
AnujSin21126024,QEBNA,1
AnujVaidya9,PopulismUpdates,1
AnupMovvar,AmitShah,1
AnupMovvar,BJP4India,1
AnupamD27934311,IAF_MCC,1
AnupamD27934311,narendramodi,1
AnupamD27934311,sarbanandsonwal,1
Anuraag_Shukla,dhankar_r,1
Apekshasm,PMOIndia,1
Apekshasm,narendramodi,1
Apekshasm,pradip103,1
Apnaprince631,BCCI,1
Apnaprince631,vikrantgupta73,1
Aqibk2710,BCCI,1
Aqibk2710,vikrantgupta73,1
ArabianTribune,trtworld,1
AradhyaShukla,Pooja_Tripathii,1
ArifRez43276939,indiatvnews,1
ArikapudiChakri,naralokesh,1
ArikapudiChakri,narendramodi,1
ArjunVeerIsa,BJP4India,1
ArjunVeerIsa,INCIndia,1
ArjunVeerIsa,dhaval8456,1
ArjunVeerIsa,narendramodi,1
Arkspeaks1,anandmahindra,1
Arunmudaliyar98,Indian_Analyzer,1
Arunmudaliyar98,sanju_sig565281,1
AryaVlog,OmarAbdullah,1
AryaVlog,RahulGandhi,1
AryanaIsd,OfficialDGISPR,1
AsheeshNegi7,icelandcricket,1
AshishBBZ30,SanskariStree,1
AshishBBZ30,_sabahsays,1
AshishBBZ30,h_tejas,1
AshishKotian12,BCCI,1
AshishKotian12,JayShah,1
AshishKotian12,ShelarAshish,1
AshishKotian12,ThakurArunS,1
AshishSovasaria,amitmalviya,1
Ashishpatelbjym,AmitShah,1
AshokBansal1700,RubikaLiyaquat,1
AshokBansal1700,narendramodi,1
AshokTetarbe,komie_sayss,1
AshokTirumal,narendramodi,1
Ashokyadav2000,umashankarsingh,1
Ashutos30568466,AmitShah,1
AshutoshSoni_,DiaSamahir,1
AshutoshSoni_,iamsulemanraza,1
AshwaniBhat12,RahulGandhi,1
Ashwinikumarsw7,AmitShah,1
Ashwinikumarsw7,HMOIndia,1
Asifrahmanmolla,RahulGandhi,1
AskTamal,BJP4India,1
AskTamal,CaptAbhimanyu,1
AskTamal,DeepaAthlete,1
AskTamal,ippatel,1
AskTamal,mlkhattar,1
AskTamal,narendramodi,1
Asma_Views,Bharatiya242,1
Asma_Views,iihtishamm,1
Asma_Views,kaluhunme,1
Astonvanila,sundersays,1
AsutoshB,BhavsarInv,1
AtthiDevarajan,BJP4India,1
AtthiDevarajan,K_Nageshwar,1
AtthiDevarajan,narendramodi,1
AtulBeret,BahadurManmohan,1
AtulBeret,shivkunalverma,1
AtulRajAnand2,yadavakhilesh,1
AtulkumarVyas2,TajinderBagga,1
AtulkumarVyas2,narendramodi,1
AtulkumarVyas2,vikasbha,1
Atullal71,AamAadmiParty,1
Atullal71,AtishiAAP,1
Atullal71,KuldeepKumarAAP,1
Atullal71,ipathak25,2
Atullal71,msisodia,1
AusCGChennai,HibiEden,1
AutarkrishanB,DostKhan_Jammu,1
AutarkrishanB,DrMohanBhagwat,1
AutarkrishanB,INCIndia,1
AutarkrishanB,RSSorg,1
Avengers501,BCCI,1
Avengers501,vikrantgupta73,1
Avinash35660051,YSJaganTrends,1
Avinash_0_0,ANI,1
Avinash_0_0,abhi_00four,1
Avininder2,zoo_bear,1
Awinashawii,INCIndia,1
Awinashawii,KV_Thomas,1
Awinashawii,TCGEHLOT,1
Awinashawii,narendramodi,1
Awinashawii,the_hindu,1
Ayaan_Rise,NarundarM,1
AzadNoor8,cjwerleman,1
AzharKh72220463,BCCI,1
AzharKh72220463,JayShah,1
Azizviceofhumen,DeekshaNRaut,1
BCThimmesh,ArvindKejriwal,1
BDUTT,semafor,1
BHARGAV_GN,DVSadanandGowda,1
BHARGAV_GN,OfficeofJPNadda,1
BHARGAV_GN,sheshapatangi1,1
BIJOY_AITC,Kohinoortmcp,1
BIJOY_AITC,abhishekaitc,1
BJPMMMumbai,AmitShah,1
BJPMMMumbai,BJPMahilaMorcha,1
BJPMahilaMorcha,AmitShah,1
BJPMahilaMorcha,BJP4India,1
BJYM4NAGALAND,AmitShah,1
BJYM4NAGALAND,BJYM4NAGALAND,1
BKunjuachu,SAfridiOfficial,1
BNN_Breaking,LBC,1
BNN_Breaking,guardian,1
BONBONIZER,BBhuttoZardari,1
BONBONIZER,HinaRKhar,1
BONBONIZER,ImranKhanPTI,1
BONBONIZER,MaryamNSharif,1
BONBONIZER,NawazSharifMNS,1
BONBONIZER,RamshaK92,1
BONBONIZER,RazaSHassan,1
BONBONIZER,SardarBhayo,1
BONBONIZER,alimdar82,1
BONBONIZER,farooq_pm,1
BONBONIZER,jannat_khar,1
BONBONIZER,uzerashah,1
BPrudhviteja,narendramodi,1
BRAVENEWEUROPE1,GhoshAmitav,2
BS1611968,SkyNews,1
BaazAcer,ARanganathan72,1
BabburiSriram,AmitShah,1
BabburiSriram,AmitShahOffice,1
BadheRakesh,BDUTT,1
BadheRakesh,RahulGandhi,1
Bahubali000,abhisar_sharma,1
Bahubali000,dhruv_rathee,1
BalajiGanesh85,BJP4TamilNadu,1
BalajiGanesh85,CPRBJP,1
BalajiGanesh85,CTRavi_BJP,1
BalajiGanesh85,PMOIndia,1
BalajiGanesh85,PiyushGoyal,1
BalajiGanesh85,PonnaarrBJP,1
BalajiGanesh85,VanathiBJP,1
BalajiGanesh85,blsanthosh,1
BalajiGanesh85,myra,1
BalajiGanesh85,narendramodi,1
BalajiiSrinivas,AmitShah,1
BalaniPalash,narendramodi,1
BandsIsland,DecolonizedBP,1
BandsIsland,DustJames90,1
BandsIsland,Rocko64_,1
BapiM14,Allavaru,1
BapiM14,HardikPatel_,1
BapiM14,INCIndia,1
BapiM14,IYC,1
BapiM14,IYCTelangana,1
BapiM14,IncBasavakalyan,1
BapiM14,JM_Scindia,1
BapiM14,RahulGandhi,1
BapiM14,RakshaRamaiah,1
BapiM14,keshavyadaviyc,1
BapiM14,narendramodi,1
BapiM14,priyankagandhi,1
BapiM14,srinivasiyc,1
BapiM14,srivatsayb,1
BaradYashavant6,crpfindia,1
BaradYashavant6,narendramodi,1
BasavaMashette,Indian_Analyzer,1
Bayzid85635510,Dan_T129,1
Bayzid85635510,FrostieDay,1
Bayzid85635510,HarmanManchanda,1
Bayzid85635510,RishiSunak,1
Bayzid85635510,SteveBarclay,1
Bayzid85635510,Tweeter14920,1
Bayzid85635510,thetimes,1
Bazball5,mohsinaliisb,1
Beargrowls1,FrontRowGrunt,1
BeautifulDurga,arunjaitley,1
Bedfordlfc1,SjoshiSJ,1
Bedfordlfc1,jonjoneCrypto,1
Bedfordlfc1,karunchandhok,1
BeingHumanSRK,BCCI,1
BeingHumanSRK,vikrantgupta73,1
BeingNakhat,GautamGambhir,1
Being_Rohitp,TajinderBagga,1
BerojgarAjaydee,yadavakhilesh,1
Bhaavinpurohit,BJP4India,1
Bhaavinpurohit,PMOIndia,1
Bhaavinpurohit,narendramodi,1
Bhabani78584856,narendramodi,1
Bharat_ReddyK,vinayak_jain,1
Bharath12450842,psychia90,1
Bharath12450842,shijith,1
BhargavaB7,RahulGandhi,1
BhargavaB7,narendramodi,1
BhargavaB7,ncbn,1
BhargavaSumit07,imVkohli,1
BhargavaSumit07,klrahul,1
BhargavaSumit07,rahuldravid_ind,1
Bhasker123,INCIndia,1
Bhasker123,INCMumbai,1
Bhasker123,RahulGandhi,1
Bhavanisms,SGanguly99,1
Bhavanisms,virendersehwag,1
Bhavesh99T,madversity,1
Bhavin_patel44,ArvindKejriwal,1
Bhavin_patel44,msisodia,1
BhuniaSudhamay,AmitShah,1
BhuniaSudhamay,SuvenduWB,1
Bhupendra26,AjitsinhJagirda,1
Bhupendra26,AmitMishra4All,1
Bhupendra26,ArunDeshpande20,1
Bhupendra26,BJP4India,1
Bhupendra26,Bala17332881,1
Bhupendra26,Bharatwashi2,1
Bhupendra26,Chander93814658,1
Bhupendra26,ChowkidarChokra,1
Bhupendra26,DamodarHegde4,1
Bhupendra26,DrGuptaJP,1
Bhupendra26,DrUgrabhatah,1
Bhupendra26,FireFly53647402,1
Bhupendra26,GSNarayan1960,1
Bhupendra26,GauravModified,1
Bhupendra26,Gkb19551,1
Bhupendra26,IndianRajeshNCo,1
Bhupendra26,J_o_l_i_e,1
Bhupendra26,JaganNKaushik,1
Bhupendra26,LoveBharatvarsh,1
Bhupendra26,MangalPande1857,1
Bhupendra26,Murali76133156,1
Bhupendra26,NetaNiyanta,1
Bhupendra26,Rajendrap1078,1
Bhupendra26,RakeshA12572734,1
Bhupendra26,RameshS0007,1
Bhupendra26,Ravichiruvolu1,1
Bhupendra26,SanjayS00663282,1
Bhupendra26,Satishrathod100,1
Bhupendra26,Savitritvs,1
Bhupendra26,SoniaGurnani19,1
Bhupendra26,Visalmama,1
Bhupendra26,_ankahi,1
Bhupendra26,apurvaparikh18,1
Bhupendra26,ashokghuge,1
Bhupendra26,bs_hariharan3,1
Bhupendra26,desai_ujjwala,1
Bhupendra26,keeranl,1
Bhupendra26,lokeshomkarvats,1
Bhupendra26,neerangautam,1
Bhupendra26,nilesh_pat,1
Bhupendra26,prasad_perla,1
Bhupendra26,r_subrahmanian,1
Bhupendra26,scleroplex,1
Bhupendra26,shytigress,1
Bhupendra26,smdrao,1
Bhupendra26,subodhs76831103,1
Bhupendra26,sumelg2,1
Bhupendra26,sureshseshadri1,1
BhuttoSadia,ICC,1
Bhuvan29895824,ArvindKejriwal,1
BiIndia,narendramodi,1
BikashBiddyut,AmitShah,1
BikashRaOdisha,CMO_Odisha,1
BikashRaOdisha,DrVivekBindra,1
BikashRaOdisha,EpicChannelIn,1
BikashRaOdisha,ForbesIndia,1
BikashRaOdisha,HISTORY,1
BikashRaOdisha,IndiaToday,1
BikashRaOdisha,Indian_Analyzer,1
BikashRaOdisha,Naveen_Odisha,1
BikashRaOdisha,Openthemag,1
BikashRaOdisha,Outlookindia,1
BikashRaOdisha,SandeepSeminars,1
BikashRaOdisha,chetan_bhagat,1
BikashRaOdisha,epic,1
BikashRaOdisha,thecaravanindia,1
BilalBh10407815,BCCI,1
BilalBh10407815,GhaffarDawnNews,1
BilalBh10407815,Musskey,1
BilalBh10407815,VK18Fanclub18,1
BilalBh10407815,_Rowdy01,1
BinShekeer,INCIndia,1
BinShekeer,ShashiTharoor,1
BinShekeer,ligiabraham,1
BipinTrivedi2,htTweets,1
BipinTrivedi2,narendramodi,1
BipinTrivedi2,sardesairajdeep,1
Bisu_twittes,AbuDhabiMandir,1
Bisu_twittes,HSajwanization,1
Bisu_twittes,uaetolerance,1
Bits744,BoltaHindustan,1
BjpAchary,AmitShah,1
BlackSc69267842,BCCI,1
BlackSc69267842,vikrantgupta73,1
BlockedScorpio,Amberological,1
BlockedScorpio,Maverickkk_88,1
BlockedScorpio,TarekFatah,1
BloomVade,CTR_Nirmalkumar,1
BloomVade,PMOIndia,1
BloomVade,SadhguruJV,1
BloomVade,Swamy39,1
BloomVade,TSK_Offiseal,1
BloomVade,UnSubtleDesi,1
BloomVade,UshaNirmala,1
BloomVade,jayasreenair1,1
BloomVade,rashtrapatibhvn,1
BlrNirmal,AmitShah,1
Bobbi_IND,AITCofficial,1
Bobbi_IND,KhelaHobe2024,1
Bobbi_IND,MamataOfficial,1
Bobbi_IND,abhishekaitc,1
Bobbysi58353869,MahuaMoitra,1
BollywoodMastiz,dharmbjp,1
BollywoodMastiz,narendramodi,1
BollywooodNewws,ANI,1
BollywooodNewws,AmitShah,1
BollywooodNewws,BJP4Bengal,1
BollywooodNewws,BJP4India,1
BollywooodNewws,BJP4Karnataka,1
BollywooodNewws,BJP4Odisha,1
BollywooodNewws,BJP4Rajasthan,1
BollywooodNewws,BJP4UP,1
BollywooodNewws,PollPolitics1,1
BollywooodNewws,RSSorg,1
BollywooodNewws,SunTV,1
BollywooodNewws,ZeeNewsHindi,1
BollywooodNewws,aajtak,1
BollywooodNewws,cnnbrk,1
BollywooodNewws,narendramodi,1
BollywooodNewws,ndtv,1
BollywooodNewws,rammadhavbjp,1
BoondockGoonda,LBC,1
Borderless_Mag,SAI_Chicago,1
Brahmastraa126,AmitShah,1
Brahmastraa126,narendramodi,1
Brahmos59,INCIndia,1
Brajesh96225872,ChobeyManisha,1
BranSta69985577,rambiritchv,1
BrandflexS,AmitShah,1
BrandflexS,narendramodi,1
BroadheathKC,AmitShah,1
BroadheathKC,BJP4India,1
BroadheathKC,OFBJPUK,1
BroadheathKC,narendramodi,1
BrokenPromise99,PawanKalyan,1
BrokenPromise99,RJRahulRJRahul,1
BrokenPromise99,ndtv,1
BrokenPromise99,ysjagan,1
BurdakChokharam,RahulGandhi,1
Burma4Faces,svembu,1
CASIPenn,swagatoganguly,1
CMArjunPrasad96,JanaSenaParty,1
CMArjunPrasad96,PawanKalyan,1
CNBCTV18Live,narendramodi,1
CNNnews18,ProfKapilKumar,2
CNNnews18,anjalipandey06,1
CNNnews18,maryashakil,2
CNNnews18,poetbadri,2
COFCRIME,Captain41230930,1
COMMONM00765487,JanaSenaParty,1
COMMONM00765487,PawanKalyan,1
COMMONM00765487,RahulGandhi,1
COMMONM00765487,narendramodi,1
COMMONM00765487,ncbn,1
COMMONM00765487,ysjagan,1
CSR_India,BrindaAdige,1
CSR_India,EktaVVerma,1
CSR_India,MinistryWCD,1
CSR_India,NCWIndia,1
CSR_India,NCWLIndia,1
CSR_India,PMOIndia,1
CSR_India,TimesNow,1
CSR_India,ranjanakumari,1
CSR_India,rashtrapatibhvn,1
CSR_India,sharmarekha,1
CSR_India,smritiirani,1
CSR_India,unwomenindia,1
CSharathReddy,Adipurush_India,1
CSharathReddy,AnilGoudKTR,1
CSharathReddy,Manasa4BJP,1
CSharathReddy,sivasurya0,2
CUTS_CITEE,Psm_cuts,1
CUTS_CITEE,_WCAbhinandan,1
CUTS_CITEE,narendramodi,1
CaptainAdvance1,BaneUntamed,1
CaptainAdvance1,MRobertsQLD,1
CatGodesss,Sikanda90321700,1
CatGodesss,uswwaa1,1
CdrPawanSanan,AmitShah,1
CdrPawanSanan,BJP4India,1
CdrPawanSanan,narendramodi,1
CdrPawanSanan,thushar_vn,1
Cervanec,Politics_Polls,1
Cervanec,lucid_hq,1
Cervanec,ohionorthern,1
ChBadarSays,QamarUZ73344441,1
Chacha_Raphrri,10DowningStreet,1
Chacha_Raphrri,RishiSunak,1
Chacha_Raphrri,RoyalFamily,1
Chacha_Raphrri,UKLabour,1
Chacha_Raphrri,sajidjavid,1
ChaiWithCharan_,vivekagnihotri,1
Chairman_PCRI,VinodKumar_1959,1
Chaitanya_CM21,AmitShah,1
Chaitanya_CM21,BCCI,1
Chaitanya_CM21,Dev_Fadnavis,1
Chaitanya_CM21,JayShah,1
Chaitanya_CM21,MumbaiCricAssoc,1
Chaitanya_CM21,ShelarAshish,1
Chaitanya_CM21,ianuragthakur,1
Chaitanya_CM21,narendramodi,1
ChalybeateSpa,RishiSunak,1
ChalybeateSpa,TomTugendhat,1
ChalybeateSpa,talfyn,1
Chandrakbose,AITCofficial,1
Chandrakbose,AmitShah,1
Chandrakbose,BJP4Bengal,1
Chandrakbose,DilipGhoshBJP,1
Chandrakbose,KailashOnline,1
Chandrakbose,MenonArvindBJP,1
Chandrakbose,MukulR_Official,1
Chandrakbose,RoopaSpeaks,1
Chandrakbose,SuPriyoBabul,1
Chandrakbose,amitmalviya,1
Chandrakbose,narendramodi,1
Chandrakbose,shivprakashbjp,1
Chari_twit,JhaSanjay,1
Chari_twit,ndtv,1
CharndeepDosan2,emsayle,1
Chaudharimohan8,kharge,1
ChelluriTeja2,YSJaganTrends,1
CherylBoutte,NABJ,1
ChetanHarkude,INCIndia,1
ChetanHarkude,Tejasvi_Surya,1
ChetanHarkude,blsanthosh,1
ChetanHarkude,srinivasiyc,1
Chloe44153622,RishiSunak,1
Chloe44153622,piersmorgan,1
ChotaGS,BJP,1
ChotaGS,Courts,1
ChotaGS,DMK,1
ChotaGS,India,1
ChotaGS,Judges,1
ChotaGS,Justice,1
ChotaGS,PMOIndia,1
ChotaGS,Politics,1
ChotaGS,TN,1
ChotaGS,Tamil,1
ChoudharySukhy,IrfanPathan,1
ChoudharySukhy,SeharShinwari,1
Choudhary_Kahin,iamsrk,1
Choudhary_Kahin,narendramodi,1
Chozha7,TheBluePen25,1
CleanSlate7474,ItsShubhangi,1
CleanSlate7474,amitk73,1
CleanSlate7474,tr_muthuraman,1
Commoner_IND,PTI_News,1
Cosmic_entity73,entropied2223,1
CricFreak_21,Adarsh17_18,1
CricFreak_21,AnushkaWhatever,1
CricFreak_21,AsifMah23797357,1
CricFreak_21,JofraArcher,1
CuetEducation,CuetEducation,1
CupidWitty,DeccanHerald,1
CupidWitty,sajithkumar,1
CursedPaki,IamIsrarHashmi,1
CursedPaki,MusadAfzal,1
D7349181464,rohini_sgh,1
DGMMehta,JhaSanjay,1
DGMMehta,RahulGandhi,1
DGMMehta,sardesairajdeep,1
DGTLSan,madversity,1
DILIPKUMAR9990,ArunSinghbjp,1
DILIPKUMAR9990,BJP4India,1
DKSHARMA358,DhuntHindi,1
DKSHARMA358,narendramodi,1
DM5632,BCCI,1
DM5632,vikrantgupta73,1
DOmowale,BurnEr92976227,1
DOmowale,jondannyoc,1
D__Melb,Richardmassey82,1
D__Melb,adrianhughes0,1
D__Melb,juliasuzanne76,1
Damodar18091831,ysjagan_cult,1
DamodarHegde4,18RahulJoshi,1
DamodarHegde4,narendramodi,1
DamodarHegde4,news18dotcom,1
DanishK65790516,BCCI,1
DanishK65790516,vikrantgupta73,1
DarkKnight_M27,ICC,1
DarkKnight_M27,qazimaaz88,1
Daskuma27141190,drajoykumar,1
Dave61164,JohnLalor18,1
DavidTh54231506,PaulTho47290238,1
DavidTh54231506,WhiteBuffaloSon,1
DavidTh54231506,theJagmeetSingh,1
DebadreeC,Big_guy_101,1
DebadreeC,Trinhnomics,1
DebadreeC,neelavsamrat,1
DebadreeC,raggedtag,1
DebasisJourno,NPatnaikOdisha,1
DebasisJourno,Siba_TNIE,1
DebasisJourno,geminianguddu,1
DebasisJourno,myogiadityanath,2
DebasisJourno,sardesairajdeep,1
Debbiecalling,INCIndia,1
Debbiecalling,PMOIndia,1
Debbiecalling,RahulGandhi,1
Debbiecalling,narendramodi,1
Deblinabose17,madversity,1
Deejay39265513,sagarikaghose,1
Deekay01119442,Martina,1
Deekay01119442,ajitdatta,1
DeepakMishraUp,AmitShah,1
DeepakMishraUp,myogiadityanath,1
DeepakMishraUp,narendramodi,1
Deepak_k_selvam,INCIndia,1
Deepak_sharma42,SAfridiOfficial,1
DefendAce_14,A_VinashPandey,1
DefendAce_14,BJP4Bengal,1
DefendAce_14,BJPLive,1
DefendAce_14,BJPSamvadWB,1
DefendAce_14,KailashOnline,1
DefendAce_14,MenonArvindBJP,1
DefendAce_14,NorthBjym,1
DefendAce_14,PIB_India,1
DefendAce_14,SuPriyoBabul,1
DefendAce_14,TeamBabul,1
DefendAce_14,narendramodi,1
DefendAce_14,sukhdevmati1991,1
DelhiKhabar,CMODelhi,1
DelhiKhabar,Ch_AnilKumarINC,1
DelhiKhabar,INCDelhi,1
DelhiKhabar,INCIndia,1
DelhiKhabar,ManojTiwariMP,1
DelhiKhabar,Manoj_Tibrewal,1
DelhiKhabar,RahulGandhi,1
DenisSmall4,CricketAus,1
DenisSmall4,DrVania2,1
DeshaDeva,nimmaupendra,1
Deshpande4BJP,AmitShah,1
DevSing58435956,GulabMatiala,1
DevSing58435956,proud_indian01,1
DevSing58435956,tingarmarwari,1
Devansh11977294,AkshayMarathe,1
Devansh11977294,ArvindKejriwal,1
Devansh11977294,msisodia,1
DevineniHamsa,AmitShah,1
DewasiSatpal,SachinPilot,1
Dhana3388,ashoswai,1
DhanajiSpeaks,AamAadmiParty,1
DhanajiSpeaks,BJP4India,1
DhanajiSpeaks,BJP4Maharashtra,1
DhanajiSpeaks,Dev_Fadnavis,1
DhanajiSpeaks,narendramodi,1
DhanajiSpeaks,nitin_gadkari,1
Dharmapurinerd,Aakar__Patel,1
Dharmapurinerd,Enraged_Indian,1
Dharmapurinerd,sar_arun,1
Dhaval_prembhai,AmitShah,1
Dhaval_prembhai,AmitShahOffice,1
Dheeraj46224602,David_J_Bier,1
Dheeraj46224602,Wellxsantos,1
Dheeraj46224602,adityaagashe,1
Dheeraj88904435,KapilSibal,1
Dheeraj88904435,Swamy39,1
Dheeraj88904435,_sayema,1
Dheeraj88904435,ramnathkovind,1
DhirajLadwa,LKTranslator,1
DiaSamahir,iamsulemanraza,1
DigvijayHoPE,AmitShah,1
DigvijayHoPE,BJP4India,1
Dil_Dil_Pakstan,AvinashArya09,1
Dil_Dil_Pakstan,LahoriJawan1,1
Dil_Dil_Pakstan,iihtishamm,1
Dil_Dil_Pakstan,ishu_mehrotra5,1
Dil_Dil_Pakstan,sakshi_k09,1
DileepKJaiswal,BJP4India,1
DineshB94563718,Hindustan,1
Dineshk23427961,BJP4Delhi,1
Dineshk23427961,BJP4Rajasthan,1
Dineshk23427961,BJPLive,1
Dineshk23427961,BJYM,1
Dineshk23427961,JaskaurBJP,1
Dineshk23427961,narendramodi,1
DiscourseDancer,hganjoo_153,1
Dkmitkari,BJP4India,1
Dkmitkari,PMOIndia,1
Dkmitkari,Swamy39,1
Dot_324,Politics_2022_,1
DrArpitMago,aajtak,1
DrArpitMago,sudhirchaudhary,1
DrAshSays,LBC,2
DrAshSays,MrDenmore,1
DrAshSays,SangitaMyska,2
DrAshSays,catrionabeck,1
DrDimpalpatel,AmitShah,1
DrGuchhait,AmitShah,1
DrGuchhait,BJP4Bengal,1
DrGuchhait,BJP4India,1
DrKBGupta2,BJP4India,1
DrKBGupta2,PMOIndia,1
DrKBGupta2,YogiAdityanath_,1
DrKBGupta2,ZeeNews,1
DrKBGupta2,ZeeNewsHindi,1
DrKBGupta2,narendramodi,1
DrKBGupta2,timesofindia,1
DrKrishnasamy,RahulGandhi,1
DrKrishnasamy,kharge,1
DrLuqmanAkhan,ECISVEEP,1
DrLuqmanAkhan,PMOIndia,1
DrLuqmanAkhan,SpokespersonECI,1
DrLuqmanAkhan,narendramodi,2
DrMBA1,Politics_2022_,1
DrMandeep17,scribe_prashant,1
DrManishKumar1,ArvindKejriwal,1
DrManishKumar1,msisodia,1
DrManjeet05,Chulbulpanda420,1
DrManjeet05,DrBhawanaSharm3,1
DrManjeet05,DrDhruvchauhan,1
DrManjeet05,DrMeet_Ghonia,1
DrManjeet05,Dr_ManishJangra,1
DrManjeet05,Drsarika_AAP,1
DrManjeet05,Indian__doctor,1
DrManjeet05,Sarkaridoctor12,1
DrManjeet05,ShankulDwivedi,1
DrManjeet05,drkps,1
DrManjeet05,drsfaizanahmad,1
DrManjeet05,mansukhmandviya,1
DrMiryounis,narendramodi,1
DrParulChandra1,Martina,1
DrParulChandra1,ajitdatta,1
DrParulChandra1,manishasinghal,1
DrSatyaSaraswat,RahulGandhi,1
DrSatyaSaraswat,narendramodi,1
DrSelvarajah,parthaskar,1
DrYousu52597815,_FaridKhan,1
Dr_AkshayBaheti,ashwinravi99,1
Dr_AkshayBaheti,imVkohli,1
Drbalashankar,AmitShah,1
Drbalashankar,INCIndia,1
Drbalashankar,PMOIndia,1
Drbalashankar,arunjaitley,1
Drbalashankar,narendramodi,1
Drbalashankar,priyankagandhi,1
DubaiTwitting,narendramodi,1
DustDumb,INCIndia,1
DustDumb,ShashiTharoor,1
DustDumb,kharge,1
DwivediNavratan,akshaykumar,1
DwivediNavratan,narendramodi,1
DwivediNavratan,narendramodi_in,1
EDSER5512,ChangeofPace414,1
EDSER5512,Seven_bridges1,1
EDSER5512,daddy46285121,1
EasternEye,Keir_Starmer,1
EasternEye,UKLabour,1
EjazEa92,ArfaSays_,1
EjazEa92,AvinashArya09,1
EjazEa92,Cricket_PCB,1
EktaRanga90,narendramodi,1
ElectionInfo1,narendramodi,1
ElijahPearloffc,AhmadShabir_,1
ElijahPearloffc,ESPNcricinfo,1
ElijahPearloffc,Mehdi_14_,1
ElijahPearloffc,_FaridKhan,1
ElijahPearloffc,islamebored,1
Engg_Vabhy,AamAadmiParty,1
Engg_Vabhy,AnilKapoor,1
Engg_Vabhy,BahujanParty,1
Engg_Vabhy,INCIndia,1
Engg_Vabhy,MadhuriDixit,1
Engg_Vabhy,NCP,1
Engg_Vabhy,ajaydevgn,1
Engg_Vabhy,narendramodi,1
Engrvaseem,dhruv_rathee,1
Enraged_Indian,ShashiTharoor,1
Enraged_Indian,backbenchblah,1
EqualityRahul,KapilMishra_IND,1
ErNandoliya,CMOGuj,1
ErNandoliya,PMOIndia,1
ErNandoliya,ibijalpatel,1
ErNandoliya,narendramodi,1
ErNandoliya,vijayrupanibjp,1
ErRaviAnand1,BJP4India,1
ErRaviAnand1,INCIndia,1
ErRaviAnand1,RahulGandhi,1
ErRaviAnand1,narendramodi,1
ErSSPandey1,myogiadityanath,1
Erkarunashankar,INCIndia,1
Erkarunashankar,RahulGandhi,1
Erkarunashankar,kharge,1
Erkarunashankar,priyankagandhi,1
Eskay86246232,BDUTT,1
Eskay86246232,alvares_shefali,1
Eskay86246232,tavleen_singh,1
EvilBhakt,ArfaSays_,2
EvilBhakt,CricketMagnemo,1
EvilBhakt,DeepankurRajde1,1
EvilBhakt,SAfridiOfficial,1
EvilBhakt,SajSadiqCricket,2
EvilBhakt,SupriyaShrinate,1
EvilBhakt,TheRealPCB,2
EvilBhakt,ashish_gadzets,1
EvilBhakt,bhattimajid,1
EvilBhakt,iramizraja,1
Explorer_Rajeev,narendramodi,1
FATHEKH29329435,imVkohli,1
FinancialBrdm,AmitShah,1
FinancialBrdm,AmitShahOffice,1
FinancialBrdm,OfficeOfRKSingh,1
FinancialBrdm,PMOIndia,1
FinancialBrdm,TajinderBagga,1
FinancialBrdm,narendramodi,1
FinancialBrdm,nsitharaman,1
FinancialBrdm,solanki10670189,1
FinestYew,Dirghatamas108,1
FinestYew,VatsRishap,1
Fokat_ke_tweets,ANSH_1033,1
Fokat_ke_tweets,SaiDhar04223213,1
Fokat_ke_tweets,mufaddal_vohra,1
FouzdarAkshat,AdnanSh_1,1
FouzdarAkshat,AdyAl08,1
FouzdarAkshat,rishibagree,1
Francyk619,INCIndia,1
Francyk619,ShashiTharoor,1
FredMcB,Liambishop1111,1
FredMcB,TonyBellew,1
GAUTAMSARAN10,MO_HI_L_8,1
GAUTAMSARAN10,MansiSo11922039,1
GAUTAMSARAN10,RahulGandhi,1
GAUTAMSARAN10,srinivasiyc,1
GBBranstetter,pronounced_ing,1
GOAT_Virat18,granth_mour,1
GPGautam89,AmitShah,1
GV13732933,SGanguly99,1
GV13732933,cricketaakash,1
GV13732933,sanjaymanjrekar,1
GVD_10,ImEvery16210518,1
GVD_10,scottheins,1
Gajanan52230347,AmitShah,1
Ganesa_Soldier,INCIndia,1
Ganesa_Soldier,TVMohandasPai,1
Ganesa_Soldier,americai,1
Ganesa_Soldier,ksmkkbookscom,1
Ganesa_Soldier,narendramodi,1
GaneshKmr21,Badteacher07,1
GaneshKmr21,OfficeOfOPS,1
GaneshKmr21,Spidey_227,1
GaneshKmr21,palznambiyar,1
GaneshKmr21,pinarayivijayan,1
GaneshKmr21,radilka0,1
GaneshKmr21,sunnewstamil,1
Ganeshs99969484,DivyaMaderna,1
Garvi_gujarat2,narendramodi,1
GauravPandya,BJP4India,1
GauravPandya,PMOIndia,1
GauravPandya,PawanDurani,1
GauravPandya,narendramodi,1
GautamPalanisa1,Adityagupta0723,1
GautamPalanisa1,ArfaSays_,1
GautamPalanisa1,BCCI,1
GautamPalanisa1,Mian286,1
GautamPalanisa1,OfficialSLC,1
GautamPalanisa1,TheRealPCB,1
GautamPalanisa1,aaronbcj,1
GennyIndi,Kodal3000,1
GennyIndi,Lovely_finaance,1
GennyIndi,Lovely_finance,1
GennyIndi,kripto_cem,1
George_J1187,krishna76_h,1
GhoshBoren,Indian_Analyzer,1
Gillu_Kaliya,RahulGandhi,1
GirishCShastry,AmitShah,1
GirishCShastry,AmitShahOffice,1
GirishCShastry,BJP4India,1
GirishCShastry,BJP4Karnataka,1
GirishCShastry,BJPLive,1
GirishCShastry,amitmalviya,1
GirishCShastry,narendramodi,1
GirishCShastry,pradip103,1
GirishCShastry,sumalathaA,1
Gladiat45837705,republic,1
GoldenEagleView,ShahnawazBJP,1
GoldenEagleView,kundanpathakk,1
Gopalak93945951,AmitShah,1
Gopalak93945951,ShashiTharoor,1
GosaviPtashant,AmitShah,1
GosaviPtashant,AmitShahOffice,1
GosaviPtashant,HMOIndia,1
Gouri114,RahulGandhi,1
Gouri114,Supriya23bh,1
GpKerala,RahulGandhi,1
GrayJazzy,CMarrewa,1
Gshashanksharma,AmitShah,1
GujunRupsas,BJP4India,1
GujunRupsas,IAF_MCC,1
GujunRupsas,IndiaToday,1
GujunRupsas,MamataOfficial,1
GujunRupsas,adgpi,1
GujunRupsas,indiannavy,1
GujunRupsas,narendramodi,2
GujunRupsas,pbhushan1,1
GuptaJiUPVale,AmitShah,1
Gurumoorty,PrashantKishor,1
H4r3eN,narendramodi,1
HARISH151192,AmitShah,1
HRITHIKSAINI1,Dchautala,1
HRITHIKSAINI1,RahulGandhi,1
HRITHIKSAINI1,mlkhattar,1
HRITHIKSAINI1,narendramodi,1
HRJadav1988,DevendraBhatn10,1
HR_Manojkumar,BJP4India,1
HR_Manojkumar,INCIndia,1
HR_Manojkumar,RahulGandhi,1
HR_Manojkumar,arunjaitley,1
HR_Manojkumar,narendramodi,1
HameemHamza1,Ankur6200,2
HameemHamza1,Putin8428,2
HameemHamza1,TamilRatsaschi,2
HammadS30915274,AvinashArya09,1
HamzaMughal321,JitenderVashi20,1
HamzaMughal321,TheMarwahKhan,1
HamzzaMo,ESPNcricinfo,1
HamzzaMo,bhogleharsha,1
HappaNarinder,myogiadityanath,1
HappaNarinder,narendramodi,1
HappaNarinder,the_hindu,1
HariAME,NarundarM,1
HarishBRSUSA,KTRTRS,1
HarishBRSUSA,TelanganaCMO,1
HaroldOWessex,AntySkeptik,1
HaroldOWessex,Jaydeep36187855,1
HaroldOWessex,Martina,1
HaroldOWessex,TheFredBaron,1
HarperCollinsIN,MohsinaKidwai,1
HarrisonBonner2,RepAdamSchiff,1
HarshBisaria,INCIndia,1
HarshBisaria,kharge,1
Harsh_deep_,TechAltar,1
Harsha_Twtz,Lokesh_039,1
Harsha_Twtz,RockStaaR7777,1
HarshalIdea,AmitShah,1
HarshalPatel_,narendramodi,1
Harshanand169,asportstvpk,1
Harshil27299,King_Chin1,1
Harshil27299,mxtaverse,1
HashimYJSpeaks,ECISVEEP,1
HashimYJSpeaks,narendramodi,1
Hassan10733,ESPNcricinfo,1
HawkinsCalls,DennisCricket_,1
HawkinsCalls,iramizraja,1
HawkinsCalls,mufaddal_vohra,1
HelpPolitics,AmitShah,1
HelpPolitics,BJP4India,1
HelpPolitics,narendramodi,1
HelpPolitics,ncbn,1
HelviusC,prody24445539,1
Hemanth23275424,SachinPilot,1
Hemanth23275424,ShashiTharoor,1
Hemanth23275424,priyankagandhi,2
HerrHankyPanky,BJP4India,1
HerrHankyPanky,narendramodi,1
Heyy_Arsal,ESPNcricinfo,2
Heyy_Arsal,prof_oak123,1
Hezza7,ObservationsG,1
Himansh75208039,narendramodi,1
HindpalJ,Bez_fren,1
HindpalJ,GitNigel,1
HindpalJ,LegalKant,1
HindpalJ,ManjitM31,1
Hindust02812915,POTUS,1
Hindust02812915,narendramodi,1
HirakjyotiSah14,AmitShah,1
HirakjyotiSah14,AmitShahOffice,1
HirakjyotiSah14,BJP4India,1
HukamSi69123262,AmitShah,1
HukamSi69123262,bjpamitshah,1
HukamSi69123262,nextpm,1
HukamSi69123262,nitin_gadkari,1
HullurPmp,narendramodi,1
Huma_Raza1,SajSadiqCricket,1
Humaira1Sx_,76Shadabkhan,1
Humaira1Sx_,Abhiman17908788,1
Humaira1Sx_,Cricketracker,1
Humaira1Sx_,D_vyom,1
Humaira1Sx_,Psychopath626,1
Humaira1Sx_,okkaran001,1
Humanit83520838,HRHMBNSALMAAN,1
HusssainmonoWar,motabhai,1
IAmViswanatha,DeccanHerald,1
IAmViswanatha,MIB_India,1
IAmViswanatha,PMOIndia,1
IAmViswanatha,churumuri,1
IAmViswanatha,narendramodi,1
IHemantRkumar,AmitShah,1
IKSBAYAM,BCCI,1
IKSBAYAM,JayShah,1
IKSBAYAM,SGanguly99,1
IKSBAYAM,YUVSTRONG12,1
IMA_Indian,Aloksharmaaicc,1
IMA_Indian,Politics_2022_,1
IMSHREESHAIL,AmitShah,1
IMSHREESHAIL,BJP4India,1
IMSHREESHAIL,BJP4Karnataka,1
IMSHREESHAIL,BSYBJP,1
IMSHREESHAIL,PCMohanMP,1
IMSHREESHAIL,ShobhaBJP,1
IMSHREESHAIL,Sunil_Deodhar,1
IMSHREESHAIL,TVMohandasPai,1
IMSHREESHAIL,amritabhinder,1
IMSHREESHAIL,narendramodi,2
IMSHREESHAIL,rajeev_mp,1
INCKerala,INCIndia,1
INCdilse,BDUTT,1
INCdilse,INCIndia,2
INCdilse,KWecare,1
INCdilse,LtColAnilDuhoon,1
INCdilse,MadanKandal3,1
INCdilse,Manekagandhibjp,1
INCdilse,ParaRjs,1
INCdilse,PriyaaReturnz,1
INCdilse,RShivshankar,1
INCdilse,RahulGandhi,2
INCdilse,ShashiTharoor,1
INCdilse,TanyaGhosh2312,1
INCdilse,VasantNalawade3,1
INCdilse,aayeff1,1
INCdilse,bhupendrachaube,1
INCdilse,chatukhor,1
INCdilse,eccentricraj,1
INCdilse,geetv79,1
INCdilse,kapskom,1
INCdilse,kkhushal9,1
INCdilse,pavannair,1
INCdilse,rachitseth,3
INCdilse,rahulkanwal,1
INCdilse,republic,1
INCdilse,rwac48,1
INCdilse,sunild1909,1
INCdilse,themojostory,1
INCdilse,yashoazad,1
IUsamaK10,Ahsankh68207156,1
IUsamaK10,daniel86cricket,1
IUsamaK10,krishna___786,1
I_am_Navya_,Martina,1
I_am_Navya_,ajitdatta,1
I_am_Navya_,manishasinghal,1
IamPKGupta,AjayPandey__,1
IamPKGupta,Indianit07,1
IamPKGupta,RAHUL9262514,1
IamPKGupta,TajinderBagga,1
IamPKGupta,ankurshah077077,1
IamPKGupta,harish202us,1
IamPKGupta,narendramodi,1
IamPKGupta,narendramodi177,1
IamPKGupta,narendrap85,1
IamPKGupta,rishibagree,1
IamPKGupta,vivekoberoi,1
Iam_Ni3ji,GretaThunberg,1
Iam_Ni3ji,Martina,1
Iam_Ni3ji,ajitdatta,1
Iam_Ni3ji,miakhalifa,1
Iam_Ni3ji,rihanna,1
IbharimMirza,capt_amarinder,1
IbharimMirza,narendramodi,1
IchayanKiran,ambedkariteIND,1
IctcImpact,ArvindKejriwal,1
IctcImpact,BJP4India,1
IctcImpact,BJPITCell,1
IctcImpact,IctcImpact,1
IdlyVadaa,kaushikcbasu,1
IjAhmad26,ESPNcricinfo,1
IjtihadiLife,Ankit_Kawade_,1
IllogicalIndia7,RahulGandhi,1
IllogicalIndia7,ShefVaidya,1
IllogicalIndia7,TajinderBagga,1
ImAAkashJaiswal,imsrk88,1
ImViiru,IdlyVadaa,1
ImViiru,rishibagree,1
Imalright_Jack,MaidinEngland2,1
Imtiazbahar,CricCrazyJohns,1
Imtiazbahar,mufaddal_vohra,1
Imvarun84,hvgoenka,1
InambinishaqAl1,Aloksharmaaicc,1
InambinishaqAl1,Ambujspeaks,1
InambinishaqAl1,Politics_2022_,1
IndiaCrooks,mattoosanna,1
IndiaIsEternal,BetrayedPatriot,1
IndiaToday,SandeepShastri2,1
IndiaToday,SumanaNandy,1
IndiaToday,sardesairajdeep,1
IndiaTweeted,narendramodi,1
India_I_Want,KamalNath_CM,1
India_TDP,PawanKalyan,1
India_TDP,gayatri008_16,1
India_TDP,ncbn,1
Indian260,ShekharGupta,2
Indian59612112,TheOptimisticB2,1
Indian59612112,anshuman1tiwari,1
IndianC64064946,cricbuzz,1
IndianExpress,RRPSpeaks,1
Indian_Brawls,BJP4India,1
Indian_Brawls,INCIndia,1
Indian_Brawls,drshamamohd,1
Indian_Marathi,Advaidism,1
Indian_Marathi,AitcProvat,1
Indian_Marathi,Jasmine01737661,1
Indian_Marathi,dharanisalem,1
Indian_Marathi,puram_politics,1
Indian_Marathi,thinker_karan,1
Indradeep20,AzmiShabana,1
Indradeep20,kanhaiyakumar,1
Indradeep20,narendramodi,1
InduVerma939,RahulGandhi,1
InduVerma939,nsitharaman,1
InfidelFriendly,Martina,1
Internetdevta,ANI,1
IsCavalry,sagarikaghose,1
Ishanmishraa,AmitShah,1
Ishukhan07,ArvindKejriwal,1
Iswetranjan,narendramodi,1
Iswetranjan,rajnathsingh,1
Iswetranjan,the_hindu,1
ItsHarshJ,AmitShah,1
ItsHarshJ,BJP4India,1
ItsMe25054297,TheRealPCB,1
Itsamans,AmitShah,1
JAIKUMARJHA,BJPLive,1
JAIKUMARJHA,CIA,1
JAIKUMARJHA,DDNational,1
JAIKUMARJHA,DrSYQuraishi,1
JAIKUMARJHA,ECISVEEP,1
JAIKUMARJHA,INCIndia,1
JAIKUMARJHA,IPS_Association,1
JAIKUMARJHA,SardarVm,1
JAIKUMARJHA,UN,1
JAIKUMARJHA,narendramodi,1
JAIKUMARJHA,newslaundry,1
JAIKUMARJHA,pbhushan1,1
JAIKUMARJHA,thecaravanindia,1
JAISHRIKRISHNAH,Martina,1
JAISHRIKRISHNAH,ajitdatta,1
JAYANTH_66,DrAmbardar,1
JAYSHET78066473,visvak,1
JITENDRATW,ReallySwara,1
JK_theForgiver,ArvindKejriwal,1
JK_theForgiver,You,1
JSM_Malathetu,gauravsabnis,1
JVSChaitanya1,Martina,1
JVSChaitanya1,ajitdatta,1
JVSChaitanya1,manishasinghal,1
JVSChaitanya1,vaibhav330,1
JadavBhadresh3,AmitShah,1
Jagnara11171253,YouTube,1
Jain0bhavesh,BJP4India,1
Jain0bhavesh,BJPLive,1
Jain0bhavesh,narendramodi,1
Jain0bhavesh,narendramodi_in,1
JaisheelR,BLRAirport,1
JaisheelR,PLEKarnataka,1
Jakku63,IndianMourinho,1
Jaldipmundhva,AmitShah,1
Jaldipmundhva,AmitShahOffice,1
JangaKarthik,Martina,1
JanmejaiSingh28,Shehzad_Ind,1
Jasmine23320134,VRspeaking,1
Jasmine23320134,_CreatingWealth,1
Jasmine23320134,kauschiku,1
Jasmine23320134,tavleen_singh,1
Jaydeep_Bapat,JumlaWala,1
Jaydeep_Bapat,narendramodi,1
Jeevitesh13,GunaAkula,1
Jeevitesh13,milindmghosh,1
Jenwinget5,narendramodi,1
Jenwinget5,the_sneha,1
Jewelanland,dvoshart,1
Jewelanland,gleocbc,1
JhaGnyaneshwar,INCIndia,1
JhaGnyaneshwar,ShashiTharoor,1
JiNashila,narendramodi,1
Jigtweets,AmitShah,1
Jigtweets,jitu_vaghani,1
Jigtweets,mpvadodara,1
Jigtweets,narendramodi,1
Jigtweets,vijayrupanibjp,1
JinnIbnThere,DaleSteyn62,1
JinnIbnThere,NXTBRUH2,1
JinnIbnThere,muhammadpirzad3,1
JinnIbnThere,whatever515151,1
JinnaSmit,LeidenHum,1
JinnaSmit,LeidenUPress,1
JinnaSmit,NWO_SSH,1
JioGarvSeHarDin,PMOIndia,1
JioGarvSeHarDin,narendramodi,1
Jit_indian,Ravisutanjani,1
JitendraSAlwar,kharge,1
JohnNel62847640,Aloksharmaaicc,1
JohnNel62847640,Politics_2022_,1
JokeyJokey7,JokeyJokey7,1
JokeyJokey7,NurulWasita,1
JoruParmar,IGFupdates,1
JoruParmar,StanChart,1
JoruParmar,SuellaBraverman,1
JoruParmar,manojladwa,1
JournalistJaff3,AdvNeelofar,1
JournalistJaff3,JKPC_,1
Joyeriding,RepBeatty,1
Jumblur,AmitShah,1
Jumblur,SwamiGeetika,1
Jumblur,narendramodi,1
Jurisnjuris,dna,1
JustnEqual4all,IndianExpress,1
JyotsnaTak,Swamy39,1
KARUPPAIAH1972,kharge,1
KCAnalyses,PulitzerPrizes,2
KCAnalyses,ReutersPR,1
KCAnalyses,behlihyi,2
KCAnalyses,mattoosanna,2
KCAnalyses,pressfreedom,2
KP_Aashish,ArvindKejriwal,1
KSKikoKiko,manageall,1
KTokekar,AIPCMaha,1
KTokekar,AIPCMumbaiWest,1
KTokekar,AalimJaveri,1
KTokekar,INCIndia,1
KTokekar,JhaSanjay,1
KTokekar,ProfCong,1
KTokekar,RahulGandhi,1
KTokekar,ReallyHassan,1
KTokekar,ShashiTharoor,1
KTokekar,mathewmantony,1
KTokekar,milinddeora,1
KTokekar,sumedhbgaikwad,1
KUNWARPRITAM1,rssurjewala,1
KaffirBaba_2,AnumaVidisha,1
KajaVinoth,INCIndia,1
KajaVinoth,RahulGandhi,1
KajaVinoth,Swamy39,1
KajaVinoth,smritiirani,1
Kalyanc20873499,cricbuzz,1
Kalyanc20873499,vijaymirror,1
Kamal1800,ANI,1
Kamal1800,AnumaVidisha,1
Kamal1800,msisodia,1
Kamal1800,ndtyagi1955,1
KamalSh27551503,deespeak,1
Kamalcmehta,umashankarsingh,1
Kameshr87086323,RishikaSadam,1
Kameshr87086323,Rithvik_25,1
Kameshr87086323,saibharadwaj,1
KammelaBala,AnkurWadhawan,1
KammelaBala,Chaiti,1
KammelaBala,IndiaToday,1
KanakkanMadambi,BDUTT,1
KanchanGupta,INCIndia,1
KanchanGupta,RahulGandhi,1
Kartiksharmamp,samajwadiparty,1
Kartiksharmamp,yadavakhilesh,1
Kashifali100101,BCCI,1
Kashifali100101,vikrantgupta73,1
KashmiriRaafae,BCCI,1
KashmiriRaafae,vikrantgupta73,1
KatheleenMitro,DalaiLama,1
KatheleenMitro,PlebeusPantomi1,1
KatheleenMitro,searching_right,1
Kaushik_Sahab1,vajinkya16,1
KavithaReddyKR,ShashiTharoor,1
KavithaReddyKR,tinucherian,1
Kazi_shihab42,ESPNcricinfo,1
Kedar_Shinde_,Dev_Fadnavis,1
KeishawnAnderso,naswca,1
Kempegowdashai,CricCaravan,1
Kempegowdashai,KirketXpertt,1
Kempegowdashai,Knight_Deva_28,1
Kempegowdashai,realRoguePrince,1
KeshavStrong,BCCI,1
KeshavStrong,BadBoy_Clash,1
KeshavStrong,JayShah,1
KeshavStrong,ShelarAshish,1
KeshavStrong,ThakurArunS,1
KeshavStrong,kritiitweets,1
KetanMishra7,ECISVEEP,1
KetanMishra7,narendramodi,1
KetanPatil1971,ArvindKejriwal,1
Kezo_IPS,MahuaMoitra,1
KhadimH02033476,BJP4India,1
KhadimH02033476,ImranKhanPTI,1
KhadimH02033476,ShkhRasheed,1
KhadimH02033476,Usman0malik2,1
KhadimH02033476,fawadchaudhry,1
KhadimH02033476,javerias,1
KhadimH02033476,mkatju,1
KhadimH02033476,narendramodi,1
KhairTabish,spicesofyore,1
Khalid92635,Sports_Himanshu,1
Khalid92635,mufaddal_vohra,1
KhalidHaseeb8,BCCI,1
KhalidHaseeb8,ImSaeedAnwar,1
KhalidHaseeb8,OfficialPSL,1
KhalidHaseeb8,TheRealPCB,1
Khud_Ki_Khushi,AvinashArya09,1
Khud_Ki_Khushi,Shivay__021,1
Khud_Ki_Khushi,VinayTi07991555,1
KhushiiSharmaa,narendramodi,1
KimJongUnOG,Abu_lig,1
KimJongUnOG,thesiriusreport,1
KingMSL5,abhi_ph17,1
KiranKiran1934,VSOMANNA_BJP,1
KirtiSachdeva13,narendramodi,1
KirtiThorat5,INCIndia,1
KirtiThorat5,RahulGandhi,1
KirtiThorat5,dr_simanchalla,1
KirtiThorat5,kharge,1
KiruRangaiah,RahulGandhi,1
KiruRangaiah,narendramodi,1
KishorMunot,INCIndia,1
KishorMunot,kharge,1
KishorMunot,narendramodi,1
KohinoorSpeaks,Kohinoortmcp,1
KohinoorSpeaks,TrinankurWBTMCP,1
KohinoorSpeaks,abhishekaitc,1
KohinoorSpeaks,aroopbiswasaitc,1
KohinoorSpeaks,sumitt7,1
KoolCj2,AvinashArya09,1
KoolCj2,Mohamma21731314,1
KoolCj2,Vk183forever,1
KoolCj2,mujhaid51098624,1
Kotadiya27,AmitShah,1
Koushik27061355,Sportskeeda,1
Kreative1100,anandmahindra,1
KrisVanor,Elizatweetz,1
KrisVanor,RahulGandhi,1
Krishna760046,AmitShah,1
Krishna760046,BJP4India,1
Krishna760046,narendramodi,1
Krishna_Priiya,DeeptiSachdeva_,1
Krishna_Priiya,Manekagandhibjp,1
Krishnkantshuk9,INCOverseas,2
Krishnkantshuk9,IYC,2
Kumar90788471,sonalbhutra,1
KumarSaurabhPBH,TPillai5,1
KumarSaurabhPBH,narendramodi,1
Kumarsn98,RahulGandhi,1
Kumarsn98,narendramodi,1
Kumud_Jsr,narendramodi,1
Kunal_6883,AmitShah,1
Kunal_6883,Swamy39,1
Kunal_6883,ektakappo,1
Kunal_6883,karanjohar,1
Kunal_6883,narendramodi,1
Kushanarchy,mean_free_heart,1
KusumSharma07,AmitShah,1
LIKU72,AjayKushwaha_,1
LIKU72,PMOIndia,1
LIKU72,narendramodi,1
LIKU72,narendramodi_in,1
LILAC_LILAC210,YusufDFI,1
LaksshyaAdvani,AmitShah,4
LaksshyaAdvani,AnupamPKher,1
LaksshyaAdvani,ArvindKejriwal,1
LaksshyaAdvani,BJP4Bihar,1
LaksshyaAdvani,BJP4India,4
LaksshyaAdvani,DrAMSinghvi,1
LaksshyaAdvani,GeneralBakshi,1
LaksshyaAdvani,H_D_Devegowda,1
LaksshyaAdvani,HardikPatel_,1
LaksshyaAdvani,HemantSorenJMM,1
LaksshyaAdvani,IndiaToday,1
LaksshyaAdvani,KanganaFanClub,1
LaksshyaAdvani,MehboobaMufti,2
LaksshyaAdvani,NewsX,1
LaksshyaAdvani,OmarAbdullah,1
LaksshyaAdvani,PMOIndia,2
LaksshyaAdvani,PawarSpeaks,1
LaksshyaAdvani,Pushpendraamu,1
LaksshyaAdvani,RahulGandhi,2
LaksshyaAdvani,Rangoli_A,1
LaksshyaAdvani,SharadYadavMP,1
LaksshyaAdvani,SushmaSwaraj,1
LaksshyaAdvani,TarekFatah,1
LaksshyaAdvani,YaswantSinha,1
LaksshyaAdvani,YourStoryCo,1
LaksshyaAdvani,aartic02,1
LaksshyaAdvani,amritabhinder,1
LaksshyaAdvani,derekobrienmp,1
LaksshyaAdvani,girirajsinghbjp,1
LaksshyaAdvani,goelgauravbjp,1
LaksshyaAdvani,ianuragthakur,1
LaksshyaAdvani,jigneshmevani80,1
LaksshyaAdvani,laluprasadrjd,1
LaksshyaAdvani,mkstalin,1
LaksshyaAdvani,mohituraina,1
LaksshyaAdvani,narendramodi,9
LaksshyaAdvani,ncbn,1
LaksshyaAdvani,nsitharaman,1
LaksshyaAdvani,rsprasad,1
LaksshyaAdvani,yadavakhilesh,1
LaksshyaAdvani,yadavtejashwi,1
LalPatrakar,AmitShah,1
LalPatrakar,ArvindKejriwal,1
LalPatrakar,narendramodi,1
LalitNarayan2,ActivistSandeep,1
LalitNarayan2,SupriyaShrinate,1
LalitenduBJP,AmitShah,1
LalitenduBJP,BJP4India,1
Lata_MV,JhaSanjay,1
LinaChakrabor14,MyAnandaBazar,1
LionInsafian,kanhaiyakumar,1
LionInsafian,narendramodi,1
LionInsafian,swatisingh1995,1
LokeshMasterji,ECISVEEP,1
LokeshMasterji,PMOIndia,1
LokeshMasterji,adrspeaks,1
LokeshSharma085,ECISVEEP,1
LokeshSharma085,HMOIndia,1
LokeshSharma085,JasumatiPatel,1
LokeshSharma085,narendramodi,1
LongshiKikon7,RahulGandhi,1
LongshiKikon7,drsbhasin,1
LoojhCannon,MamataOfficial,1
LoyalSoul8,BJP4India,1
LoyalSoul8,Shehzad_Ind,1
LoyalSoul8,sambitswaraj,1
Lubabalo_GN,CSChiwanza,1
MJaadugar,IndiaInColor,1
MKBhatia1961,JhaSanjay,1
MODIfied_Pintu,AmitShah,1
MODIfied_Pintu,BJP4India,1
MONU1941,05Chandan,1
MONU1941,CBRW08,1
MRD8479,HRajaBJP,1
MRajend87958011,MirrorNow,1
MRajend87958011,saravofcl,1
MRajend87958011,shreyadhoundial,1
MSGN15,BhupinderShooda,1
MSGN15,INCIndia,1
MSGN15,INCSandesh,1
MSGN15,IYC,1
MSGN15,OfficeOfKNath,1
MSGN15,PChidambaram_IN,1
MSGN15,RahulGandhi,1
MSGN15,ajaymaken,1
MSGN15,ashokgehlot51,1
MSGN15,kcvenugopalmp,1
MSGN15,kharge,1
MSGN15,nsui,1
MSGN15,priyankagandhi,1
MSGN15,srinivasiyc,1
MServe2grow,AmitShah,1
MServe2grow,JM_Scindia,1
MServe2grow,ManiShankarAiya,1
MServe2grow,RahulGandhi,2
MServe2grow,SachinPilot,1
MServe2grow,kcvenugopalmp,1
MServe2grow,narendramodi,2
MServe2grow,priyankagandhi,2
MSwaero,BJP4India,1
MSwaero,narendramodi,1
M_T_6579,ArvindKejriwal,1
Maango_maan,sagarikaghose,1
MadhaviDivadkar,AAPPunjab,1
MadhaviDivadkar,ArvindKejriwal,1
MadhaviDivadkar,BhagwantMann,1
MadhaviDivadkar,mssirsa,1
Mafiakadushman,ashoswai,1
Mahabharat6091,PMOIndia,1
Mahabharat6091,mrig_trushna,1
Mahabharat6091,sbabones,1
MahealaniWave,Kurrco,1
MahendarVelpur,KVishReddy,1
MaitreyaeiU,htTweets,1
Makebharatmahan,AamadmiGs,1
Makebharatmahan,AgrawalNirmal1,1
Makebharatmahan,AkKhanna61,2
Makebharatmahan,Am_dilip,3
Makebharatmahan,Anju1951Purohit,1
Makebharatmahan,AnkushD65021363,3
Makebharatmahan,AshwinKr17,3
Makebharatmahan,BHAGAT_G_SINGH,1
Makebharatmahan,BJP4India,2
Makebharatmahan,BalramS55671001,1
Makebharatmahan,BhavikaKapoor5,1
Makebharatmahan,CHAKRABORTYJEE,1
Makebharatmahan,Chandani3Suresh,1
Makebharatmahan,ChayWalli,1
Makebharatmahan,ChhabraGeeta,1
Makebharatmahan,DEBKANCHAN,1
Makebharatmahan,FreeTradeParty,1
Makebharatmahan,GarvHinduAR,1
Makebharatmahan,Graja0235Raja,2
Makebharatmahan,Hajindersingh2,1
Makebharatmahan,INCIndia,3
Makebharatmahan,Indian_GirishN,3
Makebharatmahan,JaganNKaushik,4
Makebharatmahan,Jatayuview,1
Makebharatmahan,KINGEHIND,3
Makebharatmahan,KSVSUBRAMANIAN,1
Makebharatmahan,KashmirSParihar,1
Makebharatmahan,Lakshya2019,1
Makebharatmahan,MeenakshiLanger,3
Makebharatmahan,MuralikrishnaE1,1
Makebharatmahan,PMOIndia,1
Makebharatmahan,PatroRajesh68,2
Makebharatmahan,Ra_THORe,1
Makebharatmahan,Rajesh201963,3
Makebharatmahan,RoopsinghRupa,3
Makebharatmahan,Rudra_Aksh09,1
Makebharatmahan,SGK19551,1
Makebharatmahan,Saliltoday,1
Makebharatmahan,SameerS54983997,1
Makebharatmahan,SanjayA32520675,1
Makebharatmahan,Sengar_RV,3
Makebharatmahan,ShivaKap,1
Makebharatmahan,Starxxx99791775,2
Makebharatmahan,Sudhakar2810,1
Makebharatmahan,SudhirParasher,1
Makebharatmahan,SulagnaDash6,3
Makebharatmahan,SunitaG1962,3
Makebharatmahan,Surya46846252,1
Makebharatmahan,Swwagatam,3
Makebharatmahan,ThunderIndia93,3
Makebharatmahan,VSampathkumar14,3
Makebharatmahan,Venu__Madhav,2
Makebharatmahan,_VenuMadhav_,3
Makebharatmahan,___madhav___,1
Makebharatmahan,adityaakc,1
Makebharatmahan,ak_patra,1
Makebharatmahan,albertindian200,1
Makebharatmahan,applewatchfan81,1
Makebharatmahan,brainjal,1
Makebharatmahan,colkt,1
Makebharatmahan,confess2gaurav,2
Makebharatmahan,cprd_india,4
Makebharatmahan,dharmvirjangra9,1
Makebharatmahan,diksha0211,2
Makebharatmahan,flyingvoyage,2
Makebharatmahan,gopalak67779671,1
Makebharatmahan,harish69665,1
Makebharatmahan,harsubh,1
Makebharatmahan,ind_rajat92,3
Makebharatmahan,jayeshdewana12,1
Makebharatmahan,jewelkapur,3
Makebharatmahan,johnygorkha,3
Makebharatmahan,jyotsnavarma9,4
Makebharatmahan,kailashkaushik8,4
Makebharatmahan,kapoorashok25,4
Makebharatmahan,krishnakacker,1
Makebharatmahan,nabihamusic,2
Makebharatmahan,narendra52,3
Makebharatmahan,narendramodi,4
Makebharatmahan,navinjoshi1947,1
Makebharatmahan,nehasamee11,1
Makebharatmahan,nparama1951,3
Makebharatmahan,paliwal_w,3
Makebharatmahan,pksrivastava6,3
Makebharatmahan,pmaliens,3
Makebharatmahan,purushueme,3
Makebharatmahan,raayar,3
Makebharatmahan,raghuynt,1
Makebharatmahan,rajeshwarbal1,1
Makebharatmahan,ram26chouhan,1
Makebharatmahan,rashmi21044,3
Makebharatmahan,ravi_sec,1
Makebharatmahan,rohitsh020678,3
Makebharatmahan,sandeepg6413,3
Makebharatmahan,sethia_b,4
Makebharatmahan,singhsantosh98,4
Makebharatmahan,sn_ojha,1
Makebharatmahan,stlohiya,3
Makebharatmahan,vanny_rao,2
Makebharatmahan,vgambala2,1
Makebharatmahan,yogivimal,3
MalayPattnaik1,AmitShah,1
MalayPattnaik1,BJP4India,1
MalayPattnaik1,narendramodi,1
Malcolm60305113,BJP4Goa,1
Malcolm60305113,GoaFront,1
Malcolm60305113,PMOIndia,1
Malcolm60305113,Rakesh82083283,1
Malcolm60305113,TendulkarBJP,1
Malcolm60305113,narendramodi,1
Malcolm60305113,nstomar,1
Malcolm60305113,sureshpprabhu,1
Malharonaldo,narendramodi,1
ManKochhar,_YogendraYadav,1
Man_deep_t,TimesNow,1
Man_deep_t,thehawkeyex,1
ManasJo55222688,KirenRijiju,1
ManasJo55222688,VishalDadlani,1
ManasJo55222688,_rahulaggarwal,1
Mandar2917,AUThackeray,2
Mandar2917,NewIndianXpress,1
Mandar2917,OfficeofUT,1
Mandar2917,TheMornStandard,1
Mandar2917,ss_suryawanshi,1
ManishK53802197,MajorPoonia,1
ManitaGautamMa1,BasakAnuradha,1
ManitaGautamMa1,narendramodi,1
ManitaGautamMa1,rsprasad,1
ManitaGautamMa1,sanskritidubey,1
ManjeetKrip,ANI,1
ManjeetKrip,IndianExpress,1
ManjeetKrip,timesofindia,1
ManjuForHebbala,AamAadmiParty,1
MannanSait,kharge,1
ManoharGoud41,AmitShah,1
ManojMehtamm,RahulGandhi,1
ManojMehtamm,StayingReal0511,1
MansingBhor,narendramodi,1
ManuNair_778,Jairam_Ramesh,1
Mariann17711490,DonaldJTrumpJr,1
Mathtut33741288,JAIBHARAT2022,1
Mathtut33741288,PritishNandy,1
MayMarkets,mosharrafzaidi,1
MayaK_23,PMOIndia,1
MayaK_23,Swamy39,1
MayaK_23,TimesNow,1
MayaK_23,gauravbh,1
MayaK_23,narendramodi,1
MayaK_23,rssurjewala,1
Mayank_P_Grover,narendramodi,1
MdHussainAh,narendramodi,1
MeKushalappa,AmitShah,1
Meen__Curry,BJP4India,1
Meen__Curry,narendramodi,1
Mehboob111Ali,RajatSharmaLive,1
Mehboob111Ali,indiatvnews,1
Mehboob111Ali,narendramodi,1
Meinbelive,LadyVelvet_HFQ,1
MelDsouza72,PChidambaram_IN,1
MelethuShibin,KeralaGovernor,1
MeraBha09786376,KirtiAzaad,1
MgAnsar64614420,HemantSorenJMM,1
MgAnsar64614420,PMOIndia,1
MgAnsar64614420,rss,1
MgAnsar64614420,zoo_bear,1
MicKen08799600,SkyNewsAust,1
MikeDesai,Praveenananth09,1
MikeDesai,alokshinde,1
MilanV,dhume,1
MilanV,tanvi_madan,1
Miraninick,narendramodi,1
MirzaBa16626187,BCCI,1
MirzaBa16626187,DennisCricket_,1
Mishal216,BCCI,1
Mishal216,Muhamma36140350,1
Mishal216,NamanAhir6,1
Mishal216,proudindian7197,1
Mishal216,vikrantgupta73,1
Mishal216,zanyness,1
Mishra_Suprakas,ModiFansClub,1
Mishra_Suprakas,badri4BJP,1
Mishra_Suprakas,being_Jatak,1
Mishra_Suprakas,wesuportmodi4PM,1
MissilePSPK,JanaSenaParty,1
MissilePSPK,PawanKalyan,1
Mlkumawat92,PMOIndia,1
MnojSheladiya,anujakapurindia,1
Modinomics8,AshrafFem,1
MogamboRules,Sanginamby,1
Mohamma11562822,Chdhry_Nisar,1
Mohamma45759442,Alamgircongress,1
Mohamma45759442,HemantSorenJMM,1
Mohamma45759442,MdMdaun0007,1
MohammedZawid,Indian10000000,1
MohammedZawid,Indian_fairy77,1
MohammedZawid,Ravan_Politics,1
MohammedZawid,abhi_ar1,1
MohammedZawid,apnarajeevnigam,1
MohammedZawid,mailtoabhijit,1
MohammedZawid,raissecret,1
MohammedZawid,shahalam13,1
MohanDxshivsena,AmitShah,1
MohanDxshivsena,AmitShahOffice,1
Mohana2024,Shehzad_Ind,1
Mohansainikpuri,narendramodi,1
Mohit95177277,faahil,1
MohitAg14612872,AmitShah,1
MohitAg14612872,PiyushGoyal,1
MohitAg14612872,PiyushGoyalOffc,1
MohitAg14612872,narendramodi,1
MohsinQ17959991,Musskey,1
MohsinQ17959991,Pankaj97324948,1
Mohsinabbaccy,AatifNawaz,1
Mohsinabbaccy,Kingmak73129524,1
MoiSpeaks,SAfridiOfficial,1
MonashBusiness,CDES_Monash,1
MonicaDevireddy,INCIndia,1
MonicaDevireddy,ShashiTharoor,1
MonicaDevireddy,kharge,1
MonicaK2511,RameshS0007,1
MonicaK2511,_pallavighosh,1
MonicaK2511,thehawkeyex,1
MousreeChakrab1,AmitShah,1
MousreeChakrab1,SuvenduWB,1
MrAShukla,BJP4India,1
MrAShukla,RahulGandhi,1
MrMOTOGRAPHER,KapilSharmaK9,1
MrMOTOGRAPHER,RahulGandhi,1
MrMOTOGRAPHER,narendramodi,1
MrNarci,mutthusouplover,1
MrNarci,originalmiks,1
MrSamIndian,scribe_prashant,1
Mr_Chashmish1,pratiksha12_,1
Mr_Mehra007,liamdawson_1,1
Mr_dutta1984,TimesNow,1
Mritunj96776276,narendramodi,1
Mrjames61088949,ArvindKejriwal,1
MsAishaK,jaffrelotc,1
MugheesShahid9,kritiitweets,1
Muhamma58855292,ArfaSays_,1
Muhamma58855292,KingKoh49020812,1
Muhamma58855292,udaykiran78,1
MukeshAdvani,myogiadityanath,1
MukeshAdvani,narendramodi,1
MulajkarManoj,INCIndia,1
MulajkarManoj,ShashiTharoor,1
MulajkarManoj,kharge,1
MuljiThakkar,AmitShah,1
MuraliSeshadri,Martina,1
MuraliSeshadri,Sassy_Hindu,1
Muslims4USA,27thLetterrr,1
MuthusamyMP1,20th,1
MuthusamyMP1,GPI,1
Mystic1371,saliltripathi,1
Mystic1371,vyasa1968,1
NANIBNB,BJP4Andhra,1
NANIBNB,narendramodi,1
NARESHMP2,AmitShah,1
NARESHMP2,Krvenkatesh7,1
NARESHMP2,Murugan_MoS,1
NARESHMP2,VinojBJP,1
NARESHMP2,annamalai_k,1
NGKabra,docbhooshan,1
NGKabra,vgr,1
NGnanavelu,MumbaichaDon,1
NLights21,MahuaMoitra,1
NMahanwar,Liberal_India1,1
NSNEGI73,AmitShah,1
NSNEGI73,BJP4India,1
NSNEGI73,narendramodi,1
NSUNILK76414368,BJP4Telangana,1
NSUNILK76414368,INCTelangana,1
NSUNILK76414368,KTRTRS,1
NSUNILK76414368,bandisanjay_bjp,1
NSUNILK76414368,ndtv,1
NSUNILK76414368,ndtvindia,1
NSUNILK76414368,sravandasoju,1
NSUNILK76414368,trspartyonline,1
NSUNILK76414368,umasudhir,1
NaanAppadiThaan,75,1
NaanAppadiThaan,IndiaUNNewYork,1
NaanAppadiThaan,RKRadhakrishn,1
NaanAppadiThaan,Smita_Sharma,1
NaanAppadiThaan,antonioguterres,1
NabajitSaha11,windiescricket,1
Nabeelfish,AbhijitChavda,1
Nabeelfish,sbabones,1
NafPresident,AnumaVidisha,1
NafPresident,INCIndia,1
NafPresident,IamAjaySehrawat,1
Name22679214,voiceformenind,1
NamelessWander4,OBZ_dechen,1
NamithaRao20,AmitShah,1
NamithaRao20,AmitShahji,1
NamtungD,BJP4India,1
NamtungD,PemaKhanduBJP,1
NamtungD,narendramodi,1
NamtungD,sumpi_choki,1
NancyDaffodils,GauthamHindu,1
Nandish___GP,AmitShah,1
Nandish___GP,BJP4Karnataka,1
Nandish___GP,BSYBJP,1
Naradan786,GauthamMachaiah,1
Naradan786,INCIndia,1
Naradan786,JPNadda,1
Naradan786,kharge,1
Narayan46263883,DaleSteyn62,1
Narayan46263883,DrManyu47,1
Narayan46263883,JinnIbnThere,1
Narayan46263883,NXTBRUH2,1
Narayan46263883,whatever515151,1
Narendr_24,INCIndia,1
Narendr_24,ShashiTharoor,1
Narendr_24,kharge,1
NarendraNOjha,BJP4Bihar,1
NarendraNOjha,BJP4India,1
NarendraNOjha,narendramodi,1
NareshB6162,SitaramYechury,1
NareshBhalla,narendramodi,1
Natraj15469788,AshokRaj86,1
Natraj15469788,bharanikausika,1
NavalJadhav_3,BBCHindi,1
NavalJadhav_3,BBCNews,1
NavalJadhav_3,BBCWorld,1
NaveenAR17,BSYBJP,1
NaveenAR17,narendramodi,1
NavinYa75277224,Martina,1
NavinYa75277224,_antithesis_1,1
NayanKumar99,ArvindKejriwal,1
NeerajS78942174,ArvindKejriwal,1
NeerajS78942174,mukeshahlawatap,1
Neerajkalia,PMOIndia,1
Neerajkalia,narendramodi,1
NeetinKrPurnea,Ranjeet4India,1
NeetinKrPurnea,kharge,1
Neha77316988,Alina17000179,1
Neha77316988,CPMumbaiPolice,1
Neha77316988,narendramodi,1
NetaJazbaati,sudhirchaudhary,1
News4u0,neelkantbakshi,1
NewsHtn,MohitBhatt90,1
NewsJ1964,KapilSibal,1
Nidhikant01,akshaykumar,1
Nidhikant01,narendramodi,1
NigamLovy,narendramodi,1
NihalKirnalli,narendramodi,1
NiharRanjanCha9,RahulGandhi,1
NikhilAapka,AamAadmiParty,1
NikhilAapka,ArvindKejriwal,1
NikhilAapka,BJP4India,1
NikhilAapka,INCIndia,1
NikhilAapka,RahulGandhi,1
NikhilAapka,narendramodi,1
Nikhil__Tayade,AmitShah,1
Nikhil__Tayade,BJP4India,1
NileshModi_19,sandeep_PT,1
NimishAdvani,BCCI,1
Nirmala04773110,republic,1
Nishikathediva,indiantweeter,1
Nishikathediva,narendramodi,1
NiteshKumar_92,ArnabGoswamiRtv,1
NitheshN9,narendramodi,1
Nithinreddy00,narendramodi,1
Nitin44043688,GauravPandhi,1
NitinShuklaIND,ArvindKejriwal,1
Nixonnoel,rishibagree,1
NoCodeMarketer,puram_politics,1
NonSeculaIndian,AITCofficial,1
NonSeculaIndian,BJP4Bengal,1
NonSeculaIndian,BJP4India,1
NonSeculaIndian,FAM4TMC,1
NonSeculaIndian,MamataOfficial,1
NoobyBooby10,AlongImna,1
NoobyBooby10,narendramodi,1
Notmistaken,MichaelMaley7,1
Notmistaken,RizviAbul,1
NrChandramani,AamAadmiParty,1
NrChandramani,msisodia,1
Numberr_17,PrashantKishor,1
Nvneeraj2,AatifNawaz,1
OMDKhaleel,AmitShah,1
OMDKhaleel,SheilaDikshit,1
OMDKhaleel,narendramodi,1
ObergAdmn,narendramodi,1
ObergAdmn,timesofindia,1
OberoiDavinder,RahulGandhi,1
OberoiDavinder,narendramodi,1
ObjectiveTwt,Aloksharmaaicc,1
ObjectiveTwt,GargAdiOfficial,1
ObjectiveTwt,Politics_2022_,1
ObjectiveTwt,anjanaomkashyap,1
OfNoFixtAddress,sundersays,1
OfficialShubh_,ijaynarayan,1
OfficialShubh_,narendramodi,1
OjhaAnanta,ianjusharma9,1
OnlyIndian65,sagarikaghose,1
Onlyesskay,JM_Scindia,1
Onlyesskay,SachinPilot,1
Onlyesskay,vivekagnihotri,1
OnyeAjuju,IfeanyiUddin,1
Optionseller141,dhruv_rathee,1
OsamaJa18536561,ShashiTharoor,1
OverKAnalytics,JeffHorwitz,1
OverKAnalytics,RSButner,1
OverKAnalytics,swodinsky,1
PCMohanMP,AmitShah,1
PManoj222,narendramodi,1
PRAMOD_K83,GabbbarSingh,1
PSaraik,The_NehaJoshi,1
PSaraik,narendramodi,1
PVenkatGandhi,ECISVEEP,1
PVenkatGandhi,PMOIndia,1
PVenkatGandhi,PiyushGoyal,1
PVenkatGandhi,RBI,1
PVenkatGandhi,arunjaitley,1
PVenkatGandhi,narendramodi,1
Pahladsingh,fpjindia,1
Pahladsingh,satishacharya,1
Palwanchasathi5,narendramodi,1
PamNeufeld,CaporalGroulx,1
PamNeufeld,RichardPChurch,1
PamNeufeld,leighgt,1
PamNeufeld,theJagmeetSingh,1
PanditRamJoshi,srinivasiyc,1
Pandit_Rathod7,INCIndia,1
ParasKGhelaanii,NupurSharmaBJP,1
ParasKGhelaanii,PMOIndia,1
ParasKGhelaanii,SharmaKhemchand,1
ParasKGhelaanii,ShyamSJaju,1
ParasKGhelaanii,amitmalviya,1
ParasKGhelaanii,iPankajShukla,1
ParasKGhelaanii,narendramodi,1
Pardesi73115191,ESPNcricinfo,1
ParishGalaiya,narendramodi,1
Parshur42227357,Martina,1
Parshur42227357,ajitdatta,1
ParsiBawaa,RCBTweets,1
ParsiBawaa,narendramodi,1
ParthSh45129334,Kanthan2030,1
PathiThadhagath,narendramodi,1
PatniGaurav,AmitShah,1
PatniGaurav,Dev_Fadnavis,1
PatniGaurav,narendramodi,1
PavanJourno,ncbn,1
PawanKu65013264,AskAnshul,1
PawanKu65013264,UN_HRC,1
PawanKu65013264,nytimes,1
Pawan_Jhabak,BJP4India,1
Pawan_Jhabak,FinMinIndia,1
Pawan_Jhabak,arunjaitley,1
Pawan_Jhabak,narendramodi,1
Payy00b,pbhushan1,1
Pendu_Boyzz,TopologyInVeins,1
PeterGriffin720,mehmoodfs,1
PeterGriffin720,thepeeinghuman,1
PetzerVivian,antifaoperative,1
Pharaoh425,VictorDonJer,1
PhilospherRishi,RahulGandhi,1
Pillai_Sunil,kaushikcbasu,1
Pinnacle_Shail,Jaspritbumrah93,1
Pinnacle_Shail,MdShami11,1
Pinnacle_Shail,imVkohli,1
PirulalAcharyy2,AmitShah,1
PirulalAcharyy2,SuvenduWB,1
PiyushJ93848261,BCCI,1
PiyushJ93848261,aqeeluddins,1
PiyushK_Indian,dr_chayanika,1
PlebeusPantomi1,DalaiLama,1
PlebeusPantomi1,KatheleenMitro,1
PlebeusPantomi1,searching_right,1
PlingEm,narendramodi,1
PodilaSathish,AmitShah,1
Politicalkeeda4,MumbaichaDon,1
Politicalkeeda4,marathikedar,1
Pooja45119527,CityMayorLeic,1
Pooja45119527,DrSJaishankar,1
Pooja45119527,Majstar7,1
Pooja45119527,NCanagarajah,1
Pooja45119527,Phalguni_J,1
Pooja45119527,leicesternews,1
Pooja45119527,uniofleicester,1
PoojaPophale,dharmadispatch,1
PortShaan,NazneenAkhtar10,1
PoserBlack,narendramodi,1
PoulomiMSaha,PMOIndia,1
Pr1ncess17,NueplexCinemas,1
PrabalGhorai,ArvindKejriwal,1
PrabuKaran1,narendramodi,1
Pradeep61374025,BrutIndia,1
Pradeep_DLI,ArvindKejriwal,1
PradeepkumarPM,mangellife29,1
PradeepkumarPM,revanth_anumula,1
PrakashChakra,AmitShah,1
PrakashChakra,BJP4Bengal,1
PrakashChakra,DilipGhoshBJP,1
PrakashChakra,MukulR_Official,1
PrakashChakra,narendramodi,1
PrakashChakra,rishibagree,1
PramodP39473222,TajinderBagga,1
Pranavsinh9,narendramodi,1
Pranavsinh9,shekharkapur,1
Pranay7even,KVishReddy,1
Pranay7even,rshachindra,1
PranjalKSarma,DattaHosabale,1
PranjalKSarma,NewsArenaIndia,1
PranjalKSarma,PrashantKishor,1
PranjalKSarma,Tejasvi_Surya,1
PranjalKSarma,blsanthosh,1
PranjalKSarma,jtnladakh,1
PranjalKSarma,narendramodi,1
PranjalKSarma,nitin_gadkari,1
PranjalKSarma,poonam_mahajan,1
Pranjalverma199,smritiirani,1
Prashan12804233,AsianetNewsSN,1
Prashan12804233,asadowaisi,1
Prashan_indian,AmitShah,1
Prashan_indian,BJP4India,1
Prashantseeks1,narendramodi,1
Prashantseeks1,rashtrapatibhvn,1
PratimTripathi,anand_arackal,1
PratimTripathi,rishibagree,1
PraveeenAg,narendramodi,1
Praveen24Bjym,narendramodi,1
PrawnsFry,PMOIndia,1
PrawnsFry,PiyushGoyal,1
PrawnsFry,ShelarAshish,1
PrawnsFry,narendramodi,1
Prerana92344416,AmitShah,2
Prerana92344416,annamalai_k,1
Prerana92344416,myogiadityanath,1
Priiiiyansh__,NDP_8,1
Priiiiyansh__,Politics_2022_,1
PrinceT66447707,MPDharmendraYdv,1
PrinceT66447707,anuragspparty,1
PrinceT66447707,yadavakhilesh,1
Prisoner_POV,JSM_Malathetu,1
Prisoner_POV,gauravsabnis,2
Prisoner_POV,udaymenon57,1
PrithvirajDas8,TheRealPCB,1
PritishTewari,ArvindKejriwal,1
PriyankPandya10,narendramodi,1
ProObamaAgenda,NickAdamsinUSA,1
ProfKarunyakara,kharge,1
ProfSRK,AmitShah,1
ProfSRK,AmitShahOffice,1
ProfSRK,HMOIndia,1
ProfSRK,LillyMaryPinto,1
ProfSRK,brigvkagrawal,1
ProfSRK,noconversion,1
PromodKB,YaariSports,1
Proudindian55,AmitShah,1
Proudindian55,INCIndia,1
Proudindian55,INCKarnataka,1
Proudindian55,RajThackeray,1
Proudindian55,narendramodi,1
Proudsanatan1,ShayarImran,1
Puneet60002458,BhagwantMann,1
Puneet60002458,mssirsa,1
PursueRam,htTweets,1
PursueRam,priyankagandhi,1
QaisRazaShamsi1,BCCI,2
QaisRazaShamsi1,Rishumahi07,1
QaisRazaShamsi1,vikrantgupta73,2
Qamarza34458884,OfficialDGISPR,1
QuadriBasith,boomlive_in,1
QuadriBasith,narendramodi,1
Queen4luck,AmitShah,1
Queen4luck,BJP4India,1
Queen4luck,HMOIndia,1
Queen4luck,JayShah,1
Queen4luck,Rizzvi73,1
Queen4luck,mohsinaliisb,1
Queen4luck,razi_haider,1
Queen4luck,sawerapasha,1
Queen4luck,wwasay,1
RAUSHAN33948968,INCIndia,1
RGspeak,INCIndia,1
RGspeak,RahulGandhi,1
RIJU87,RahulGandhi,1
RIJU87,bhupendrachaube,1
RIJU87,narendramodi,1
RJRahulRJRahul,AAPInNews,1
RJRahulRJRahul,ChittoorYSRCP,1
RJRahulRJRahul,Fan_Of_JaGUN,1
RJRahulRJRahul,NaniYsrcpfan,1
RJRahulRJRahul,Raghura55684510,1
RJRahulRJRahul,TV9Telugu,1
RJRahulRJRahul,YSRCPUSA,1
RJRahulRJRahul,ashwathmreddy,1
RJRahulRJRahul,indiapoliticsIP,1
RJRahulRJRahul,re_prathap,1
RJRahulRJRahul,timesofindia,1
RJRahulRJRahul,tv9gujarati,1
RKurmiOfficial,AmitShah,1
RKurmiOfficial,BJP4India,1
RNagothu,AmitShah,1
RNagothu,BJP4India,1
ROCKYPAILA,PMOIndia,1
ROCKYPAILA,narendramodi,1
ROHIT_GGMU,ShashiTharoor,1
RRK_fire,RahulGandhi,1
RS73448285,AvonandsomerRob,1
RVigneshRuban,AmitShah,1
RVigneshRuban,AmitShahOffice,1
RVigneshRuban,annamalai_k,1
RVigneshRuban,blsanthosh,1
RVigneshRuban,narendramodi,1
Raa_onee,ElectionsMv,1
Raa_onee,INCIndia,1
Raa_onee,INCTelangana,1
Raa_onee,RahulGandhi,1
Raa_onee,kunalkamra88,1
Raa_onee,narendramodi,1
Rabbit77941319,shyvijay,1
RabindrBiswal,KapilMishra_IND,1
RadheyShyamBJP,AmitShah,1
RafaDayal,AvinashArya09,1
RaghaavMD,srsmutt,1
RaghavendraBJP,narendramodi,1
RagothamaraoM,Shibin_twitz,1
RagothamaraoM,rvaidya2000,1
Ragstargupta3,RahulGandhi,1
RahulD_Indian,jyotiTpandey05,1
RahulGandhims,Politics_2022_,1
RahulJainbjp1,AmitShah,1
RahulKu79793091,AmitShah,2
RahulKu79793091,narendramodi,1
RahulKu79793091,rajnathsingh,1
RahulTi16570056,RahulGandhi,1
Rahulanalytics,59173728I6371,1
Rahulanalytics,Sahanasatianaat,1
Rahulanalytics,SumedhVats,1
Rahulanalytics,gauravsabnis,1
Raj29699058,Vp1080108,1
Raj29699058,democraciatwork,1
Raj29699058,suhasinih,1
RajSinghTKR,htTweets,1
RajSriv54597769,PMOIndia,1
RajSriv54597769,akshaykumar,1
RajSriv54597769,mrsfunnybones,1
RajSriv54597769,narendramodi,1
Raja_Africa,BJP4Haryana,1
Raja_Africa,BJP4India,1
Raja_Africa,narendramodi,1
Raja_Africa,sureshpprabhu,1
Raja_Sw,QueerNaari,1
Raja_Tantram,CaseyNewton,1
Rajamani2a,DrSharmila15,1
Rajamani2a,free_thinker,1
RajaniDubai,KTRTRS,1
RajaniDubai,trsharish,1
RajaniDubai,vkjourno,1
RajarshiSaman10,CJBdingo25,1
RajatNath1986,INCIndia,1
RajatNath1986,ShashiTharoor,1
RajatgargBJP,AmitShah,1
RajawatMaya,Cricupdatesfast,1
RajawatMaya,Shubham1spartan,1
RajeevChullikad,INCIndia,1
RajeevChullikad,RahulGandhi,1
RajeevChullikad,kharge,1
RajeshGuwahati,BJP4India,1
RajeshGuwahati,INCIndia,1
RajeshGuwahati,narendramodi,1
RajeshP42031571,INCIndia,1
RajeshP42031571,RahulGandhi,1
RajeshhBhardwaj,PrashantKishor,1
Rajput_Ramesh,Dev_Fadnavis,1
Rajsing72535252,narendramodi,1
RajuBistaBJP,ECISVEEP,1
RajuBistaBJP,PMOIndia,1
RajuBistaBJP,SpokespersonECI,1
RajuBistaBJP,narendramodi,1
RajuBistaBJP,rashtrapatibhvn,1
Rajvbhagat16,first_desi,1
Ramakrishna4BJP,AmitShah,1
Ramakrishna4BJP,BJP4India,1
Ramakrishna4BJP,SafronSuporters,1
Ramakrishna4BJP,TeamRBReddy,1
Ramnarayan_gan,narendramodi,1
Rampati61062532,AjitPawarSpeaks,1
RandomS52042275,kapskom,1
RangiyaSanjiv,AmitShah,1
RangiyaSanjiv,BJP4AnN,1
RangiyaSanjiv,BJP4India,1
RangiyaSanjiv,JPNadda,1
RangiyaSanjiv,blsanthosh,1
RangiyaSanjiv,narendramodi,1
RanjitPLoksabha,JaikyYadav16,1
RanjitPLoksabha,rajhanse2,1
RaviGunaje,5Forty3,1
RaviGunaje,AmitShah,1
RaviGunaje,AskAnshul,1
RaviGunaje,BJP4India,1
RaviGunaje,KiranKS,1
RaviGunaje,RPJaiswal8,1
RaviGunaje,narendramodi,1
RaviGunaje,smritiirani,1
RaviMishra2029,narendramodi,1
RaviMittal906,narendramodi,1
RaviPandey2591,AmitShah,1
RaviPandey2591,HMOIndia,1
RaviSBanerjee,BJP4India,1
RaviSBanerjee,BJP4Jharkhand,1
RaviSBanerjee,Shaliniguptabjp,1
RaviSBanerjee,dasraghubar,1
RaviSBanerjee,narendramodi,2
Ravigayawala,IamAjaySehrawat,1
RawatIsSurname,AnumaVidisha,1
RawatIsSurname,INCIndia,1
RazzChinmay,Bin__Walid,1
RealHrushikesh,ArvindKejriwal,1
RealHrushikesh,narendramodi,1
RealMorang21,AamAadmiParty,1
RealMorang21,msisodia,1
Real_Ghadage,AmitShah,1
Real_Ghadage,BJP4India,1
Real_Ghadage,narendramodi,1
Real_Ghadage,nitin_gadkari,1
ReckoningDayof,AmitShah,1
ReckoningDayof,ArvindKejriwal,1
ReckoningDayof,CRPaatil,1
ReckoningDayof,amitmalviya,1
ReckoningDayof,narendramodi,1
Redlookinglass,narendramodi,1
Reena03102000,INCIndia,1
Reena03102000,ShashiTharoor,1
Rehmanofficiale,hollywoodcurry,1
RemainsStellar,CoolChaiQuodi,1
Remo_Wiliams,kapskom,1
Remo_Wiliams,puneet_sahani,1
RiceBag1234,Martina,1
RiceBag1234,ajitdatta,1
RiceBag1234,manishasinghal,1
RiderIndian08,RuhiRuhiN,1
Ridz51998,DennisCricket_,1
Ridz51998,koshurkoul,1
RightWinger4U,JhaSanjay,1
RightWinger4U,delhi7,1
Rihaan__Shah,ArfaSays_,1
Rihaan__Shah,rohanmanoor,1
Rihaan__Shah,the_scrapperr,1
RileyxxHuey,MentalRejects,1
RileyxxHuey,afuahirsch,1
RimaChaturvedi,INCIndia,1
RimaChaturvedi,RahulGandhi,1
RishavS68860714,Aliii_shahx,2
RishavS68860714,IamHassan5120,2
RishavS68860714,YouTube,1
RishavS68860714,mohsinaliisb,2
RishiBakree,Politics_2022_,1
RishiBakree,ghoshi_manjeet,1
RishiBakree,indian_armada,1
RishiBakree,thispodcastguy,1
Rishi_saxena21,daysofthewick,1
Rita_2110,narendramodi,1
Rita_2110,republic,1
RiteshS19173444,trussliz,1
RitikaTrehan4,AmitShah,1
RitikaTrehan4,BJP4India,1
RitwikMehta5,AmitShah,1
Rkjangid515,AnushkaSharma,1
Rkjangid515,aliaa08,1
Rkjangid515,deepikapadukone,1
Rkjangid515,narendramodi,1
Rogerdo92124473,Martina,1
Rogerdo92124473,ajitdatta,1
Rogerdo92124473,manishasinghal,1
RohitRipu100,RahulGandhi,1
RohitashRajana,AmitShah,1
RohittRaina,goan_ease,1
RonaldJoswa,Chromobile1,1
RoopaNataraj,UnSubtleDesi,1
Roshan71272373,kharge,1
Roshan94899981,PMOIndia,1
Roshan94899981,narendramodi,1
Royal_Sumit1,PMOIndia,1
Royal_Sumit1,republic,1
Royal_Sumit1,sudhirchaudhary,1
Rudra2609,Martina,1
Rudra2609,ajitdatta,1
RudreshScharma,DrSJaishankar,1
RudreshScharma,PMOIndia,1
RudreshScharma,RituRathaur,1
RudreshScharma,newschatTM,1
S386ER1,ArvindKejriwal,1
S386ER1,BBCHindi,1
S386ER1,BDUTT,1
S386ER1,BJP4India,1
S386ER1,BhavikaKapoor5,1
S386ER1,CongressSparta1,1
S386ER1,DDNewsLive,1
S386ER1,Davinde14684961,1
S386ER1,INCIndia,1
S386ER1,NewsNationTV,1
S386ER1,ProfCong,1
S386ER1,RahulGandhi,1
S386ER1,ShashiTharoor,1
S386ER1,ShillongTimes,1
S386ER1,Suryamariappa,1
S386ER1,ZeeNews,1
S386ER1,aajtak,1
S386ER1,abpnewstv,1
S386ER1,arunjaitley,1
S386ER1,azadspeakschnl,1
S386ER1,htTweets,1
S386ER1,madhukishwar,1
S386ER1,narendramodi,1
S386ER1,ncbn,1
S386ER1,ndtv,1
S386ER1,ndtvindia,1
S386ER1,nytimes,1
S386ER1,priyankagandhi,1
S386ER1,sampitroda,1
S386ER1,srini4483,1
S386ER1,viruztweet,1
SKarumali,voiceofhello,1
SMRehmaan,BCCI,1
SMRehmaan,ICC,1
SMRehmaan,TheRealPCB,1
SMRehmaan,iramizraja,1
SMuthaira,AvinashArya09,1
SMuthaira,Colt26787607,1
SMuthaira,Satyam1819,1
SNellay,INCIndia,1
SOhAilStAR05,Kushagr1117,1
SOhAilStAR05,Past_teach_us,1
SR64810900,Swamy39,1
SR64810900,Vinesh92039390,1
SR_Tmc007,Kohinoortmcp,1
SR_Tmc007,abhishekaitc,1
SR_Tmc007,priyankac19,1
SSrichandani,ArfaSays_,1
SSulochan,AmitShah,1
SSulochan,BJP4India,1
SSulochan,SafronSuporters,1
SUMITSINGH740,ZeeNewsHindi,1
SUMITSINGH740,aajtak,1
SUMITSINGH740,abpnewstv,1
SUMITSINGH740,anjanaomkashyap,1
SUMITSINGH740,myogiadityanath,1
SUMITSINGH740,narendramodi,1
SUMITSINGH740,sardanarohit,1
SURESH20966,Martina,1
SURESHRanade13,ANI,1
SVOjha,Martina,1
SVOjha,ajitdatta,1
S_k_chaudhary,ANI,1
S_k_chaudhary,BJP4India,1
SachinSinghjam5,SaketGokhale,1
Sachinbambhniya,BJP4India,1
Sachinbambhniya,narendramodi,1
Sachinbambhniya,rajnathsingh,1
SadanandTyagi3,AamAadmiParty,1
SadanandTyagi3,ArvindKejriwal,1
SaddamSid007,AvinashArya09,1
SaddamSid007,BCCI,1
SaddamSid007,vikrantgupta73,1
Sahadev45972830,surajitdasgupta,1
SahibzadaAliH13,ACCMedia1,1
SahibzadaAliH13,BCCI,1
SahibzadaAliH13,JayShah,1
SaiKris43198613,RahulGandhi,1
SaiKumarRyakkam,AmitShah,1
SaiKumarRyakkam,BJP4India,1
SaiKumarRyakkam,SafronSuporters,1
SaidevanandG,AmitShah,1
SaidevanandG,BJP4India,1
SaidevanandG,somuveerraju,1
SajalSingh2024,ANI,1
SajalSingh2024,RahulGandhi,1
SajalSingh2024,narendramodi,1
Sajalaitc,AITC4Tripura,1
Sajalaitc,AITCofficial,1
Sajalaitc,BIJOY_AITC,1
Sajalaitc,DebarghoAITC,1
Sajalaitc,INCIndia,1
Sajalaitc,KohinoorSpeaks,1
Sajalaitc,Kohinoortmcp,1
Sajalaitc,SR_Tmc007,1
Sajalaitc,Sanjib_Haloai,1
Sajalaitc,TMC_Supporters,1
Sajalaitc,TrinankurWBTMCP,1
Sajalaitc,abhishekaitc,1
Sajalaitc,aitcsudip,1
Sajalaitc,aroopbiswasaitc,1
Sajalaitc,priyankac19,1
Sajalaitc,sumitt7,1
Sajalaitc,tanmoyofc,1
SalariaSahdev,AmitShah,1
SalariaSahdev,BJP4India,1
SalehHaji22,RahulGandhi,1
Sally75682464,DailyO_,1
Sally75682464,adgpi,1
Sally75682464,narendramodi,1
Sally75682464,rajnathsingh,1
Sally75682464,rpuni,1
SalmanSoz,INCIndia,1
SalmanSoz,ShashiTharoor,1
SamBhatt17,ArvindKejriwal,1
SamBhatt17,sardesairajdeep,1
SamantaMajumder,AdnanAliKhan555,1
SamantaMajumder,IMA_Indian,1
SameelKhan_08,imavinashvk,1
Samjudit,ANI,1
Samjudit,INCIndia,1
Samjudit,indian_nocturne,1
Samjudit,narendramodi,1
Samjudit,rajarajeevkumar,1
Sampannakarnat1,BJP4India,1
Sampannakarnat1,BJP4Karnataka,1
Sampannakarnat1,IndiaToday,1
Sampannakarnat1,nagma_morarji,1
Sampannakarnat1,narendramodi,1
Sampannakarnat1,rahulkanwal,1
SanatKumarPaul4,KuenselOnline,1
SanchayanBiswa4,BCCI,1
SanchayanBiswa4,JayShah,1
SanchayanBiswa4,ShelarAshish,1
SanchayanBiswa4,ThakurArunS,1
Sandeep20205027,SitaramYechury,1
Sandeep47840771,news24tvchannel,1
SandeepCoasty,AnumaVidisha,1
SandeepRanade22,RahulGandhi,1
SandeepRanade22,miss_roh08,1
SandhuKanwar,BJPPunjab,1
SandhuKanwar,INCPunjab,1
SandhuKanwar,kharge,1
SandhuKanwar,sagarikaghose,1
SandipGhose,ANI,1
SandipGhose,AmitShah,1
SandipGhose,ChandrusWeb,1
SandipGhose,INCIndia,1
SandipGhose,MEAIndia,1
SandipGhose,MinhazMerchant,2
SandipGhose,MrsGandhi,1
SandipGhose,MyNation,1
SandipGhose,Nidhi,1
SandipGhose,PMOIndia,1
SandipGhose,Pepguru,1
SandipGhose,RatanSharda55,1
SandipGhose,ReshmiDG,1
SandipGhose,ShekharGupta,1
SandipGhose,Sudip_007_truth,1
SandipGhose,arunjaitley,3
SandipGhose,c_aashish,1
SandipGhose,centerofright,1
SandipGhose,erna_solberg,1
SandipGhose,goyalsanjeev,1
SandipGhose,manakgupta,1
SandipGhose,manoharparrikar,1
SandipGhose,narendramodi,5
SandipGhose,navikakumar,1
SandipGhose,ndtv,1
SandipGhose,nrkamsvaag,1
SandipGhose,nsitharaman,1
SandipGhose,rahulroushan,1
SandipGhose,rammadhavbjp,1
SandipGhose,sooryan,1
SandipGhose,swapan55,1
Sandy47928778,Ajay_Bagga,1
SandykherSandy,narendramodi,1
SangeetaS_09,Martina,1
Sanjay63995720,CNNnews18,2
Sanjay63995720,ProfKapilKumar,2
Sanjay63995720,maryashakil,2
Sanjay63995720,poetbadri,2
SanjayChandel99,PMOIndia,1
SanjayChandel99,epfoaindia,1
SanjayChandel99,narendramodi,1
SanjayChandel99,santoshgangwar,1
SanjayChandel99,socialepfo,1
SanjayM33162682,EmiTgn,1
SanjayR24076281,ArvindKejriwal,1
SanjayR24076281,rohini_sgh,1
SanjaySTank,DrGPradhan,1
SanjivvSsharma,INCIndia,1
SanjivvSsharma,RahulGandhi,1
SanjivvSsharma,ShashiTharoor,1
SanjivvSsharma,kharge,1
SanjivvSsharma,priyankagandhi,1
SanjivvSsharma,varungandhi80,1
Santhos25259797,ECISVEEP,1
Santhos25259797,Martina,1
Santhos25259797,ajitdatta,1
Santhos25259797,manishasinghal,1
SanthoshRaman6,SelfDoubtist,1
SanthoshRaman6,cheraputra,1
SanthoshRaman6,cvkrishnan,1
Santosh70697723,nitin_gadkari,1
SarcasticCupcak,Neoavatara,1
SardarChand3,ashokgehlot51,1
SarmaWay,BDUTT,1
SarmaWay,ShashiTharoor,1
SarmaWay,kharge,1
SaswataBanerj18,cbhanp,1
Sathique1,airnewsalerts,1
Sathique1,drmaaleem,1
Sathique1,narendramodi,1
Sathique1,the_Aryandarsh,1
SathishkrishCBE,INCIndia,1
SathishkrishCBE,SalmanSoz,1
SathishkrishCBE,ShashiTharoor,1
Sathya2215,DeekshaNRaut,1
SatishChhimpa5,BCCI,1
SatishChhimpa5,ICC,1
SatishChhimpa5,MarinaMI_24,1
SatishChhimpa5,Sportskeeda,1
SatishChhimpa5,bhogleharsha,1
SatyaMishra_BJP,AmitShah,1
Sauba_Oumesh,INCIndia,1
Sauba_Oumesh,ShashiTharoor,1
Sauba_Oumesh,kharge,1
SaurabhMaini2,Amitjanhit,1
SaurabhMaini2,GargaC,1
SaurabhMaini2,KTRTRS,1
SaurabhMaini2,Koosukuntla_TRS,1
SaurabhMaini2,bharathbunny27,1
SaurabhMaini2,hasanminhaj,1
SaurabhMaini2,irfhabib,1
SaurabhMaini2,jagadishTRS,1
SaurabhMaini2,pbhushan1,1
SaurabhMaini2,rajeshgupta,1
SaurabhMaini2,satishacharya,1
SaurabhMaini2,ysathishreddy,1
SayyadHash,narendramodi,1
SayyadHash,prakashraaj,1
Scorpion1007,IndiaToday,1
Scorpion1007,narendramodi,1
SevadalGGM,RahulGandhi,1
ShSantoshTiwari,ECISVEEP,1
ShSantoshTiwari,MirrorNow,1
ShSantoshTiwari,ScbaIndia,1
ShSantoshTiwari,barandbench,1
ShSantoshTiwari,narendramodi,1
ShSantoshTiwari,ndtv,1
ShSantoshTiwari,ppbajpai,1
ShSantoshTiwari,rajnathsingh,1
Shabbir46155466,PTI_News,1
Shabbir46155466,ndtv,1
ShahabJafri55,scribe_prashant,1
Shaikbabusahe10,JanaSenaParty,1
Shaikbabusahe10,PawanKalyan,1
ShaileeMaliwal,AmitShah,1
ShailendraSahuu,SiddharthKG7,1
Shaileshindia1,TataSky,1
Shaileshindia1,narendramodi,1
ShailjaSgh,Martina,1
ShailjaSgh,ajitdatta,1
Shakeel38639134,narendramodi,1
ShaktiShekhar,narendramodi,1
Shalimartowns,aartic02,1
SharafMehdi,narendramodi,1
SharmaA42683845,ShashiTharoor,1
ShashiRanjaninc,INCIndia,1
ShashiRanjaninc,RahulGandhi,1
ShashiRanjaninc,chetan_bhagat,1
Shashi_Jadoun,Aloksharmaaicc,1
Shashi_Jadoun,BJP4India,1
Shashi_Jadoun,Politics_2022_,1
Shashi_Jadoun,aimim_national,1
Shawn_Singh1974,antonioguterres,1
ShivMehra07,sambitswaraj,1
Shiva_Ashtagii,BJP4India,1
Shiva_Ashtagii,narendramodi,1
ShivamShankarS,TimesNow,1
ShivamShankarS,narendramodi,1
Shivamk_03,BJP4Gujarat,1
Shivamk_03,BJP4India,1
Shivamk_03,CMOGuj,1
Shivamk_03,DG_NTA,1
Shivamk_03,PrakashJavdekar,1
Shivamk_03,narendramodi,1
Shivamk_03,vijayrupanibjp,1
Shivan20092021,PChidambaram_IN,1
Shivend11088555,ArfaSays_,1
Shivend11088555,Omer116490,1
Shivend11088555,zubiraja23,1
Shobha_shetty,RahulGandhi,1
Shobha_shetty,davidfrawleyved,1
Shobha_shetty,narendramodi,1
ShreedharMudig3,Martina,1
ShreedharMudig3,UnSubtleDesi,1
ShriramDesh,news24tvchannel,1
Shrreygulati,ANI,1
Shrreygulati,INCIndia,1
Shrreygulati,vivekagnihotri,1
Shubham62684292,samajwadiparty,1
ShubhamK3030,AmitShah,1
ShyamPrasadRao1,DeekshaNRaut,1
Sidd91902935,EconomicTimes,1
Sidd91902935,RahulGandhi,1
SiddMSI,DgpKarnataka,1
SiddMSI,HMOIndia,1
SiddMSI,MLJ_GoI,1
SiddMSI,MinistryWCD,1
SiddMSI,NCWIndia,1
SiddMSI,PMOIndia,1
SiddMSI,ndtv,1
SiddMSI,pareekindia,1
SiddMSI,sharmarekha,1
SiddMSI,smritiirani,1
Siddesh_here,IGFupdates,1
Siddesh_here,StanChart,1
Siddesh_here,SuellaBraverman,1
Siddesh_here,manojladwa,1
Siddh1611,DrRizwanAhmed1,1
Siddh1611,narendramodi,1
Siddhar51146335,apdclsocial,1
SiddharthRoy25,ANI,1
SiddharthRoy25,RahulGandhi,1
SiddharthRoy25,ani_digital,1
SiddharthaMegan,KTRTRS,1
SidhKishore,narendramodi,1
SidhKishore,sudhirchaudhary,1
SidraDaudpota,BCCI,1
SidraDaudpota,vikrantgupta73,1
Sigma4566,ThePollLady,1
Simrankhara1,MEAIndia,1
Simrankhara1,Nation_Politics,1
Simrankhara1,PMOIndia,1
Simrankhara1,ahmednasirlaw,1
Singamsubha,narendramodi,1
SinghAbhay004,KapilMishra_IND,1
SinghAbhay004,TajinderBagga,1
SinghAbhay004,aajtak,1
SinghLogics,gganeshhh,1
SinghaiRation,OfficeOfRSP,1
SinghaiRation,RahulGandhi,1
Sippy_Baweja,ArvindKejriwal,1
Sippy_Baweja,GautamGambhir,1
Sippy_Baweja,narendramodi,1
SirClouseau,GoodwinMJ,1
SirClouseau,MirzaMullick,1
SirJohnMcClane,INCIndia,1
SirJohnMcClane,ShashiTharoor,1
SirTushar25,rishibagree,1
Sithedi2,Aabhas24,1
Sithedi2,Rock16Shubham,1
Sithedi2,aaaashutoshhhh,1
SixthSenseInd,RituRathaur,1
SixthSenseInd,narendramodi,1
Sj_kpcc,BJP4India,1
Sj_kpcc,INCIndia,1
Sj_kpcc,KapilSibal,1
Sj_kpcc,News9Tweets,1
Sj_kpcc,derekobrienmp,1
Sj_kpcc,narendramodi,1
Sj_kpcc,sherryontopp,1
Sj_kpcc,tv9kannada,1
SkAfsar61139611,KohinoorSpeaks,1
SkAfsar61139611,Kohinoortmcp,1
SkAfsar61139611,TrinankurWBTMCP,1
SkAfsar61139611,abhishekaitc,1
SkAfsar61139611,aroopbiswasaitc,1
SkAfsar61139611,sumitt7,1
SkJk34114427,NPCI_NPCI,1
SkJk34114427,RuPay_npci,1
SkJk34114427,SuryahSG,1
SkJk34114427,narendramodi,2
SmestarZ,jerryrajrod1,1
SmestarZ,seriousfunnyguy,1
Smtank2,Martina,1
Smtank2,ajitdatta,1
Smtank2,manishasinghal,1
Snowflakiezt,ANI,1
Snowflakiezt,IPR_IND,1
Snowflakiezt,TheNameIs_Bruce,1
SocialAmit,timesofindia,1
SocioPoliticalW,AvijitSinha5,1
SocioPoliticalW,BhavikaKapoor5,1
SocioPoliticalW,ChokidarCh0rHai,1
SocioPoliticalW,CkjMumbai,1
SocioPoliticalW,DickDarryl,1
SocioPoliticalW,EmpoweringGoa,1
SocioPoliticalW,EncourageAAP,1
SocioPoliticalW,IchbinUjjaini,1
SocioPoliticalW,JeffryJonThomas,1
SocioPoliticalW,KPadmaRani1,1
SocioPoliticalW,Mayavi101,1
SocioPoliticalW,Nikhil_P_B,1
SocioPoliticalW,PreetiSMenon,1
SocioPoliticalW,Puneetvizh,1
SocioPoliticalW,RanjitOne,1
SocioPoliticalW,Saqibmugloo,1
SocioPoliticalW,SatishPan2013,1
SocioPoliticalW,Scimitar_SS,1
SocioPoliticalW,ScrewedbyState,1
SocioPoliticalW,TachilR,1
SocioPoliticalW,Tamil1947,1
SocioPoliticalW,Tapan_999,1
SocioPoliticalW,Vidyut,1
SocioPoliticalW,aayeff1,1
SocioPoliticalW,advocate_co,1
SocioPoliticalW,amitbehere,1
SocioPoliticalW,b_k70,1
SocioPoliticalW,ganesan312,1
SocioPoliticalW,geetv79,1
SocioPoliticalW,instigate_in,1
SocioPoliticalW,joerave,1
SocioPoliticalW,kirti_sd,1
SocioPoliticalW,koyal19,1
SocioPoliticalW,krishpachegonkr,1
SocioPoliticalW,kukk44,1
SocioPoliticalW,kurup62,1
SocioPoliticalW,navasmytheen,1
SocioPoliticalW,nehasamee11,1
SocioPoliticalW,priyapyadav18,1
SocioPoliticalW,rsvas2,1
SocioPoliticalW,sadhavi,1
SocioPoliticalW,sanjayuvacha,1
SocioPoliticalW,scrapravi,1
SocioPoliticalW,seemarkmenon,1
SocioPoliticalW,sunilddesai,1
SocioPoliticalW,tarun_k_trivedi,1
SocioPoliticalW,terence_fdes,1
SocioPoliticalW,twilightfairy,1
SocioPoliticalW,watdehel,1
Sociologyihu,IrfanHindustan,1
Sohaibazmi23,Saifullislamis1,1
SoniMishra20,TheWeekLive,1
SoniMishra20,narendramodi,1
Soumyajyoti2277,drshamamohd,1
Sourabh41907044,AskAnshul,1
SouthAsian9,ArfaSays_,1
SouthAsian9,Rajaram78914070,1
SouthAsian9,YasserRonaldo__,1
SouthAsian9,sanju_bisht1990,1
Sportify07,khelgyani_abhi,1
Sportsmenia2,ArfaSays_,1
SrChandanMishra,AmitShah,1
SrChandanMishra,BJP4India,1
SrChandanMishra,cmohry,1
SrChandanMishra,narendramodi,1
Sravan9918,UnSubtleDesi,1
SreejithSpeaks,ANI,1
SreejithSpeaks,INCIndia,1
Sreenuvasulared,Saul_Goodmannnn,1
Sreenuvasulared,ncbn,1
SridharDPS,INCIndia,1
SridharDPS,RahulGandhi,1
SridharDPS,kharge,1
SridharDPS,narendramodi,1
Srikanth__u,BrutIndia,1
Srikarrrrr,INCIndia,1
Srikarrrrr,RahulGandhi,1
Srikarrrrr,hameedsk381,1
SrimantiG,AmitShah,1
SrimantiG,BJP4India,1
SrinivasTalla12,raghav_chadha,1
Srmane20Mane,AmitShah,1
Srmane20Mane,AshwiniUpadhyay,1
Srmane20Mane,BSBommai,1
Srmane20Mane,MediaHarshVT,1
Srmane20Mane,NewsX,1
Srmane20Mane,RSSorg,1
Srmane20Mane,TNNavbharat,1
Srmane20Mane,VHPDigital,1
Srmane20Mane,abplive,1
Srmane20Mane,indiatvnews,1
Srmane20Mane,myogiadityanath,1
Srmane20Mane,narendramodi,1
Srmane20Mane,republic,1
Srmane20Mane,tv9_hindi,1
StephenWarman,news18dotcom,1
StephenWarman,sampath_s,1
Steven41299786,Dominiquetaegon,1
Subham34654039m,narendramodi,1
SubratPattnay11,Indian_fairy77,1
SubratPattnay11,SupriyaShrinate,1
SubzeroSunny,TeamPspkBlr,1
SuchKul,AmitShah,1
Sudeep__Sinha,S_MahajanLS,1
Sudeep__Sinha,narendramodi,1
SudipNaikGoa,AmitShah,1
SudipNaikGoa,AmitShahOffice,1
SudiptoD30,BanerjeePapri,1
SudiptoD30,rishibagree,1
SujeevanF29s,sumanthraman,1
Sujit_Kumbhar_,INCIndia,1
Sujit_Kumbhar_,kharge,1
Sujith_Gopalan,INCIndia,1
Sujith_Gopalan,ShashiTharoor,1
Sujith_Gopalan,kharge,1
Sulayma56466276,anu_jironi,1
Sulu53070826,Unitedd_India,1
Sunil85157166,Swamy39,1
SunilSinghJi1,isudan_gadhvi,1
Sunilswainbjp,AmitShah,1
Sunny52832927,BCCI,1
Sunny52832927,vikrantgupta73,1
SunnyChettri17,StringReveals,1
SunnyChettri17,narendramodi,1
Surelysam15,ArfaSays_,1
SurendhraMohan,AmitShah,1
SurgingBharat,narendramodi,1
Suryaanshchauha,ArslanAsh95,1
Suryaanshchauha,anyhow73608543,1
SusantaBiswal82,BJP4India,1
SusantaBiswal82,BJPOdishaLive,1
SusantaBiswal82,PandaJay,1
SusantaBiswal82,narendramodi,1
SusantaBiswal82,narendramodiji,1
Sushant_Kaushal,AmitShah,1
Sushant_Kaushal,BJP4India,1
Sushant_Kaushal,narendramodi,1
SushilMunje,BJP4India,1
SushilMunje,PMOIndia,1
SushilMunje,arunjaitley,1
SushilMunje,narendramodi,1
SushilMunje,nsitharamanoffc,1
Swann108,narendramodi,1
SwapnilNakate7,BJP4India,1
SwapnilNakate7,dhruv_rathee,1
SwapnilNakate7,narendramodi,1
Swapnil_g23,Anks00512,1
Swapnil_g23,harshvardhanG14,1
TANYASi427,AvinashArya09,1
TANYASi427,JeeTayyaba,1
TE5S3RACT,BJP4India,1
TE5S3RACT,BJP4Karnataka,1
TE5S3RACT,HMOIndia,1
TE5S3RACT,MIB_India,1
TE5S3RACT,MomentsIndia,1
TE5S3RACT,PMOIndia,1
TE5S3RACT,Ra_THORe,1
TE5S3RACT,ianuragthakur,1
TE5S3RACT,narendramodi,1
TE5S3RACT,rsprasad,1
THEHINDUTRUMP,AmitShah,2
THEHINDUTRUMP,AparBharat,1
THEHINDUTRUMP,JPNadda,1
THEHINDUTRUMP,ianuragthakur,1
THEHINDUTRUMP,narendramodi,1
THEHINDUTRUMP,thakkar_sameet,1
THE_UNJUSTIFIED,narendramodi,1
TM00121,BCCI,1
TM00121,vikrantgupta73,1
TOIAhmedabad,narendramodi,6
TOIGoaNews,BJP4Goa,1
TOIGoaNews,BJP4India,1
TOIGoaNews,PMOIndia,1
TOIGoaNews,TOICitiesNews,1
TOIGoaNews,manoharparrikar,1
TOIGoaNews,narendramodi,1
TRohitkrishna,AmitShah,1
TRohitkrishna,AmitShahOffice,1
TRohitkrishna,BJP4UP,1
TRohitkrishna,narendramodi,1
TSudhirtripathi,shubhankrmishra,1
T_Jenish21,narendramodi,1
T_Jenish21,narendramodi_in,1
Talwinder20,AniruddhasT,1
Talwinder20,Ashtalakshmi8,1
Talwinder20,BJP4India,1
Talwinder20,Bollywoodventu,1
Talwinder20,Chandan_tndn,1
Talwinder20,DetheEshaSen,1
Talwinder20,Devils_Court,1
Talwinder20,Glen__Quagmire,1
Talwinder20,Gupta_21_,1
Talwinder20,HatindersinghR,1
Talwinder20,Marut_,1
Talwinder20,MoiSherni,1
Talwinder20,Mukesh196058,1
Talwinder20,NagpurKaRajini,1
Talwinder20,Nshetty77,1
Talwinder20,ParasKGhelani,1
Talwinder20,Ruler_manisha,1
Talwinder20,SethiVed,1
Talwinder20,ShootinThoughts,1
Talwinder20,Shrimaan,1
Talwinder20,TheSignOfFive,1
Talwinder20,TheSupremeRahu,1
Talwinder20,The_Raack,1
Talwinder20,Veenabhakta,1
Talwinder20,VoiceOfAxom,1
Talwinder20,__phoenix_fire_,1
Talwinder20,a_muglikar,1
Talwinder20,akkiiboy,1
Talwinder20,anusha_199,1
Talwinder20,bithika11,1
Talwinder20,deanarayan,1
Talwinder20,desi_brat,1
Talwinder20,drvsharma99,1
Talwinder20,eparitosh,1
Talwinder20,jogakhichudi,1
Talwinder20,madhu1004,1
Talwinder20,maya_sahoo,1
Talwinder20,mini_707070,1
Talwinder20,nair_hena,1
Talwinder20,namoArunima,1
Talwinder20,narendramodi,1
Talwinder20,neha_jpn,1
Talwinder20,nsbchd,1
Talwinder20,sadhanak,1
Talwinder20,saket71,1
Talwinder20,sandeepfromvns,1
Talwinder20,sugandhakohli,1
Talwinder20,tishtriya,1
Talwinder20,vinaleekha1,1
Talwinder20,yaajushi,1
Tamilan2Indian,BJP4India,1
Tamilan2Indian,Narayanan3,1
Tamilan2Indian,RahulGandhi,1
Tamilan2Indian,narendramodi,1
TanejaViikaas,dy,1
TanejaViikaas,livemanish_,1
Tanveer73561787,DeepikaSRajawat,1
Tanveer73561787,bharatjodo,1
Tara11120,AKanuv108,1
TeoCanales,edelamadrid,1
ThakurArvind3,girirajpai,1
ThakurArvind3,narendramodi,1
ThatipamulaL,AmitShah,1
ThatipamulaL,AmitShahOffice,1
ThatipamulaL,BJP4India,1
ThatipamulaL,BJP4Telangana,1
TheAHayKid,RadRedRaven,1
TheAHayKid,SiestaSocialist,1
TheAnanthK,JhaSanjay,1
TheBoogeiman,RoflGandhi_,1
TheNewMidlands,RishiSunak,1
TheRoyalRaajput,AmitShah,1
TheViditsharma,BJP4India,1
TheViditsharma,KapilMishra_IND,1
TheViditsharma,SirPareshRawal,1
TheViditsharma,TajinderBagga,1
TheViditsharma,narendramodi,1
TheZenix1,INCIndia,1
TheZenix1,PMOIndia,1
TheZenix1,narendramodi,1
TheZenix1,rishibagree,1
Thefinnigans,RishiSunak,1
Themaxfaxsurge1,BalumaDoluma,1
Themaxfaxsurge1,ITWreports,1
Thevampireabhi,BJP4India,1
Thevampireabhi,SushmaSwaraj,1
Thevampireabhi,narendramodi,1
Thippeswamy1967,BJP4India,1
Thippeswamy1967,BJP4Karnataka,1
Thippeswamy1967,BJPLive,1
Thippeswamy1967,JagadishShettar,1
Thippeswamy1967,narendramodi,1
TikekarVikram,PMOIndia,1
TikekarVikram,narendramodi,1
TimesNow,priyankac19,2
Tin420Tin,ANI,1
Tin420Tin,ani_digital,1
Tinyhunterme,sambitswaraj,1
TomLond58927886,goolammv,1
TonyStarkGforG,TheLallantop,1
ToooOpinionated,LiteralLiberalY,1
ToooOpinionated,desertrabbit0,2
TourDHorizon2,MichaelKugelman,1
Trendsetting123,AnthonySald,1
Trendsetting123,HAL_India,1
Trendsetting123,HaftaWasooli,1
Trendsetting123,INCIndia,1
Trendsetting123,KPadmaRani1,1
Trendsetting123,Puneetvizh,1
Trendsetting123,RahulGandhi,2
Trendsetting123,RanjitOne,1
Trendsetting123,SimmiAhuja_,1
Trendsetting123,Tamil1947,1
Trendsetting123,b_k70,1
Trendsetting123,divyaspandana,1
Trendsetting123,geetv79,1
Trendsetting123,joerave,1
Trendsetting123,priyankac19,1
Trendsetting123,sanjaynirupam,1
Trendsetting123,sanjayuvacha,1
Trendsetting123,terence_fdes,1
Trendsetting123,watdehel,1
TripathySubrat,BSYBJP,1
TripathySubrat,narendramodi,1
TriptiRTiwari,narendramodi,2
TrueBlueLiberal,JTCMD2,1
TruthOfIndians,INCIndia,2
TruthOfIndians,ShashiTharoor,1
TruthOfIndians,kharge,2
Truthwi71886182,kharge,1
Turiyamm,CPIM_WESTBENGAL,1
Turiyamm,MamataOfficial,1
Turiyamm,Mayawati,1
Turiyamm,Trinamool,1
Turiyamm,dalitsamajindia,1
TweetsBrock,Google,1
TweetsBrock,narendramodi,1
TweetsBrock,thumma_sree,1
USMAN64930435,BCCI,1
USMAN64930435,vikrantgupta73,1
UdayKr_Bhumihar,AmitShah,1
UdayNimavat24,AmitShah,1
UditMathur,narendramodi,1
Uduche_Prashant,AmitShah,1
Uduche_Prashant,BJP4Karnataka,1
Uduche_Prashant,DighvijayNews,1
Uduche_Prashant,Tejasvi_Surya,1
Uduche_Prashant,indiatvnews,1
Uduche_Prashant,narendramodi,1
UnApologeticM1,gunjakapoor,1
Unchained70,ajay43,1
UpsetParrot,indiatvnews,1
UrMalli,NDTVElections,1
UrMalli,ndtv,1
UshiParmar,majorgauravarya,1
Utkarsh56762822,AlexeiArora,1
UtkarshV_BJP,BJP4India,1
UtkarshV_BJP,BJP4Rajasthan,1
UtkarshV_BJP,gssjodhpur,1
UtkarshV_BJP,narendramodi,1
Uttishta_Bharat,INCIndia,1
Uttishta_Bharat,ShefVaidya,1
VIJAYKabilan12,AmitShah,1
VIJAYKabilan12,AmitShahOffice,1
VIJAYKabilan12,DrGunasekarAC,1
VIJAYKabilan12,annamalai_k,1
VIJAYKabilan12,blsanthosh,1
VIJAYKabilan12,narendramodi,1
VINODMI27154371,sudhirchaudhary,1
VJ,sundersays,1
VPanchamukhi,AjayPandey__,1
VPanchamukhi,ChandBrajesh,1
VPanchamukhi,ChaturvediS2,1
VPanchamukhi,DPKS511,1
VPanchamukhi,DrVarun3,1
VPanchamukhi,Engihumor,1
VPanchamukhi,Guru_villainHTL,1
VPanchamukhi,ImSid__,1
VPanchamukhi,Indiansontop,1
VPanchamukhi,J_Y_890,1
VPanchamukhi,Jks2019,1
VPanchamukhi,MamataOfficial,1
VPanchamukhi,Mayawati,1
VPanchamukhi,Nehagoswami0722,1
VPanchamukhi,PawarSpeaks,1
VPanchamukhi,Pratyangira1,1
VPanchamukhi,PrinceOfBarnel,1
VPanchamukhi,RahulGandhi,1
VPanchamukhi,RajeshR41677172,1
VPanchamukhi,RssKanishk,1
VPanchamukhi,SanatanSumit___,1
VPanchamukhi,Saurabhmahi07,1
VPanchamukhi,Unique_Aartiiii,1
VPanchamukhi,VedTiwari,1
VPanchamukhi,VinodRungta3,1
VPanchamukhi,VivekmMisra,1
VPanchamukhi,Vyas241S,1
VPanchamukhi,_m_rohit,1
VPanchamukhi,agrwal_akhil,1
VPanchamukhi,ankahibate,1
VPanchamukhi,awiresham,1
VPanchamukhi,bittusempire,1
VPanchamukhi,deanarayan,1
VPanchamukhi,dpka102,1
VPanchamukhi,dr_dey_subodh,1
VPanchamukhi,iVinayShukla_,1
VPanchamukhi,imAnkitGunjal,1
VPanchamukhi,kirantikari0,1
VPanchamukhi,kundanpathakk,1
VPanchamukhi,mkstalin,1
VPanchamukhi,narendramodi,1
VPanchamukhi,pandey_indrani,1
VPanchamukhi,prem_aaru,1
VPanchamukhi,pretatma9,1
VPanchamukhi,shuklapinku,1
VPanchamukhi,sinner_pandit,1
VPanchamukhi,tum_si_,1
VPanchamukhi,vk_bharatiya,1
VPanchamukhi,yadavakhilesh,1
VPanchamukhi,yadavtejashwi,1
VRKRKKS,CMOKerala,1
VRKRKKS,CMOTamilNadu,1
VRKRKKS,TelanganaCMO,1
VRKRKKS,pinarayivijayan,1
VRKRKKS,ysjagan,1
VVirenjoshi5,Martina,1
V_V_Bhut001,yadavakhilesh,1
VadeBloom,ACH_ANKURARYA,1
VadeBloom,AKTKbasics,1
VadeBloom,DrAMSinghvi,1
VadeBloom,KapilSibal,1
VadeBloom,ProfKapilKumar,1
VadeBloom,RSSorg,1
VadeBloom,RajyaSabha,1
VadeBloom,Saffron_Sn,1
VadeBloom,Sassy_Hindu,1
VadeBloom,ShamikaRavi,1
VadeBloom,ishkarnBHANDARI,1
VadeBloom,nhsp_president,1
VadeBloom,p_srinivasan,1
VadeBloom,pbhushan1,1
VadeBloom,prettypadmaja,1
VadeBloom,rashtrapatibhvn,2
VaguelyRight,AmitShah,1
VaguelyRight,AsYouNotWish,1
VaguelyRight,BJP4India,2
VaguelyRight,Ish_Bhandari,1
VaguelyRight,narendramodi,3
VaguelyRight,seemantinibose,1
Vaibha2910Salvi,AbhiGhugarkar,1
Vaibha2910Salvi,KshitijaBhoomk1,1
Vansh123451,on_drive23,1
Vaqas1,SajSadiqCricket,1
Varroon,narendramodi,1
Varun80693309,rohini_sgh,1
Varun_Mundrathi,Ravisutanjani,1
Varun_yad22,BJP4India,1
Varun_yad22,HTGurgaon,1
Varun_yad22,TOIGurgaon,1
Varun_yad22,mlkhattar,1
Varun_yad22,narendramodi,1
Varun_yad22,nitin_gadkari,1
Varun_yad22,ramanmalik,1
Vasanth04842659,ChangeOrg_India,1
Vasanth04842659,KTRTRS,1
Vasanth04842659,SmitaSabharwal,1
Vasanth04842659,asadowaisi,1
Vasanth04842659,drshamamohd,1
Vasanth04842659,karunanundy,1
Vasanth04842659,priyankac19,1
Vasi_of_kashi,TheRealPCB,1
Vasudev00411816,narendramodi,1
Vasudev00411816,sardesairajdeep,1
Vasudev00411816,socialmediabjp,1
VeeMuthusamy,ashoswai,1
Venkate98225655,knpnayyar,2
Venkate98225655,raashtravadi1,1
Venkatramansre3,vikramsathaye,1
VeryCoolBairagi,AmitShah,1
VeryCoolBairagi,BJP4India,1
VeryCoolBairagi,RahulGandhi,1
VeryCoolBairagi,SushmaSwaraj,1
VeryCoolBairagi,narendramodi,1
VeryCoolBairagi,smritiirani,1
VickySi34901728,nsitharamanoffc,1
VigneshCA1991,im_saiganesh,1
VijayRe19335492,HarishBRSUSA,1
VijayRe19335492,KMogilaiah,1
VijayRe19335492,KVishReddy,1
Vijay_Baytu,AmitShah,1
Vijay_Baytu,KailashBaytu,1
Vijayhema87,BarristerSudhir,1
Vijayhema87,RShivshankar,1
Vijayhema87,Shehzad_Ind,1
Vijayhema87,akashmuni01,1
Vijayhema87,smitaprakash,1
Vijendra1Verma,BroadWit,1
Vijendra1Verma,ChouhanShivraj,1
Vijendra1Verma,OfficeofSSC,1
Vijendra1Verma,VasundharaBJP,1
Vijendra1Verma,narendramodi,1
Vijendra1Verma,vivekagnihotri,1
VikashG_tweet,scribe_prashant,1
Vikram04969437,DrSudarsanPatra,1
Vikram04969437,timesofindia,1
VikramGoud4BJP,AmitShah,1
VimalSana9,BJP4Himachal,1
VimalSana9,BJP4India,1
VimalSana9,BalbirSinghVer5,1
VimalSana9,Gitanjalimhta,1
VimalSana9,PavanRanaRSS,1
VimalSana9,SaizalRajiv,1
VimalSana9,ShyamSJaju,1
VimalSana9,Virenderbjp,1
VimalSana9,chetanbragta,1
VimalSana9,iSureshBjp,1
VimalSana9,jairamthakurbjp,1
VimalSana9,narendramodi,1
VimalSana9,satpalsattibjp,1
VinayCamay,INCIndia,1
VinayCamay,RahulGandhi,1
VinayKu24997951,ABPNews,1
VinayKu24997951,RubikaLiyaquat,1
VinayShindeBlr,KanwalSibal,1
VipulPatel__,ArvindKejriwal,1
Visca__Barca10,Aman72237966,1
Visca__Barca10,Amarjeet9031,1
Visca__Barca10,Hariskhan756,1
Visca__Barca10,JayShah,1
Visca__Barca10,Predator21122L,1
Visca__Barca10,SushantNMehta,1
Visca__Barca10,maliksa48247157,1
Vishal_FilmBuff,narendramodi,1
Vishal_man17,AamAadmiParty,1
Vishal_man17,ArvindKejriwal,1
Vishal_man17,msisodia,1
VishnuN44838702,AmitShah,1
VishnuN44838702,AmitShahOffice,1
Vishnu_abhi,AAPNareshBalyan,1
VishuHooli23,AmitShah,1
VishuHooli23,BJP4India,1
VishuHooli23,CTRavi_BJP,1
VishuHooli23,nalinkateel,1
Vishu_ForU,Ravan_Politics,1
VishweshvarDev,cucumbe69539087,1
VishweshvarDev,yashasvipratap,1
Viswana42276595,DccNarayanpet,1
Viswana42276595,RahulGandhi,1
Viswana42276595,VSReddy_MP,1
Viswana42276595,ncbn,1
VittalPremi999,Ravisutanjani,1
Vivek82367798,AmitShah,1
VivekBadmaliya,akshaykumar,1
VivekBadmaliya,narendramodi,1
VivekMathur21,amitmalviya,1
VivekMathur21,rishibagree,1
VivekSharmaBJYM,AmitShah,1
Vivekba75575982,yadavakhilesh,1
Vivuuu7,PMOIndia,1
Vivuuu7,dmgbnagar,1
Vivuuu7,narendramodi,1
Vivuuu7,rajnathsingh,1
WaggonerJackie,NatGeo,1
Wakeupishere,narendramodi,1
Wakeupishere,one_by_two,1
WaqasAhmedreal,INCIndia,1
WaqasAhmedreal,ShashiTharoor,1
Waqqas_Patel,MamataOfficial,1
Waqqas_Patel,nurul_runu,1
WaseemG1998kk,GhaffarDawnNews,1
WeirdtravellerT,ShahinRahmanUK,1
Welfare4Poor,BJP4India,1
Welfare4Poor,narendramodi,1
WestBengalPMC,INCIndia,1
YGMadhuvanthi,AmitShah,1
YIndiaY,backtotrolling,1
YIndiaY,mallusingh76,1
YIndiaY,puram_politics,1
Yasir_bangalore,BJP4Karnataka,1
Yasir_bangalore,BSYBJP,1
Yasir_bangalore,GCC_MP,1
Yasir_bangalore,PMOIndia,1
Yasir_bangalore,narendramodi,1
Yasir_bangalore,nsitharaman,1
Yessrao,AnandWrites,1
Ymw2022,ZichenWanghere,1
YogeshChandraCG,INCIndia,1
YogeshChandraCG,ShashiTharoor,1
YogeshChandraCG,kharge,1
YogeshV74075861,AmitShah,1
YogeshV74075861,Dev_Fadnavis,1
YogeshV74075861,RSSorg,1
Yogi00718,SanksP,1
Yogi00718,WasiqUK,1
Yugistier1987,ESPNcricinfo,1
ZAINKHANONLINE,AatifNawaz,1
ZMadon,YoBlackPepper,1
Zacchariahshums,IJust_Thought,1
Zaheer_Golpure,BCCI,1
Zaheer_Golpure,vikrantgupta73,1
Zakirranga,sibazien,1
_A_j_i_t,AP,1
_A_j_i_t,IAF_MCC,1
_A_j_i_t,SudheenKulkarni,1
_A_j_i_t,adgpi,1
_A_j_i_t,indiannavy,1
_A_j_i_t,narendramodi,1
_A_j_i_t,ndtv,1
_A_j_i_t,rashtrapatibhvn,1
_Abeyysaley,JesteenJ,1
_Abeyysaley,Saumyar05874015,1
_Abeyysaley,iSMKspeaks,1
_Abeyysaley,shoaib100mph,1
_Ashwatthama_,INCIndia,1
_Ashwatthama_,divyaspandana,1
_Country_First,tehseenp,1
_PSRF,narendramodi,1
_PSRF,realDonaldTrump,1
_Richa_Pandey,narendramodi,1
_SUBHAM_RANA_,AmitShah,1
_Sid_P,ArvindKejriwal,1
_Sid_P,TajinderBagga,1
___kaustubh,EmergingRoy,1
___kaustubh,kaul_vivek,1
__itsyst__,ShashiTharoor,1
_adarsh_ilango,RahulGandhi,1
_ashish_somkuor,amarprasadreddy,1
_itsKunalSingh,RahulGandhi,1
_itsKunalSingh,narendramodi,1
_itsKunalSingh,sonamJain001,1
_param98,Aloksharmaaicc,1
_param98,INCIndia,1
_param98,NayakRagini,1
_param98,RahulGandhi,1
_param98,SupriyaShrinate,1
_rajat_agrawal_,cricbuzz,1
_the2ndaccount,arunjaitley,1
_the2ndaccount,narendramodi,1
_umakantsingh,ArvindKejriwal,1
_umakantsingh,MamataOfficial,1
_umakantsingh,Mayawati,1
_umakantsingh,ravishndtv,3
_umakantsingh,yadavakhilesh,1
_utkarshg6,thakurign,1
a01nar,ImranKhanPTI,1
a01nar,narendramodi,1
a01nar,rupasubramanya,1
a4arnav_notB_V,BritishIrishPA,1
a4arnav_notB_V,MichaelVaughan,1
a4arnav_notB_V,TheBarmyArmy,1
a_vinash__,ANI,1
a_vinash__,narendramodi,1
aa3132,TajinderBagga,1
aahashmii,narendramodi,1
aakarshdhawan,ArpanCh46678124,1
aakarshdhawan,baldwhiner,1
aakarshdhawan,sambitswaraj,1
aalochak_2017,srinivasiyc,1
aaloo690,ArfaSays_,1
aaloo690,srdmk01,1
aayeff1,tavleen_singh,1
abb_entrainment,RahulGandhi,1
abb_entrainment,narendramodi,1
abd_warner,AmbatiRambabu,1
abd_warner,KotteKavya,1
abd_warner,PawanKalyan,1
abhay_vk,commenman7,1
abhay_vk,karanbhasin95,1
abhi_O_mega,Atheist_Krishna,1
abhi_O_mega,Swamy39,1
abhi_O_mega,sambitswaraj,1
abhinav4736,ArvindKejriwal,1
abhinav4736,velumania,1
abhishe17043546,SREEHARI2001,1
abhishekcjain,BJP4India,1
abhishekcjain,INCIndia,1
abhishekcjain,PMOIndia,1
abhishekcjain,RahulGandhi,1
abhishekcjain,narendramodi,1
abhishekkatiyar,SPJaiswalKanpur,1
abhishekkatiyar,Uppolice,1
abhishekkatiyar,abhibajpai09,1
abhishekkatiyar,adgzonekanpur,1
abhishekkatiyar,kanpurnagarpol,1
abhishekkatiyar,pankajjha_,1
abhishekkatiyar,redeyestimes,1
abhitiwary,BJP4India,1
abhitiwary,INCIndia,1
abhitiwary,RahulGandhi,1
abhitiwary,narendramodi,1
acmemahesh,narendramodi,1
actindia,narendramodi,1
adamsguy7700,Chaklindar,1
adamsguy7700,SethShruti,1
adamsguy7700,Straightalkr,1
adarsh_appa,AskAnshul,1
adarsh_appa,BSYBJP,1
adarsh_appa,CNNnews18,1
adarsh_appa,DrGPradhan,1
adarsh_appa,INCIndia,1
adarsh_appa,RahulGandh,1
adarsh_appa,RahulGandhi,1
adarsh_appa,muglikar_,1
adarsh_appa,narendramodi,1
adarsh_appa,news18dotcom,1
adayalk,ArvindKejriwal,1
adayalk,RahulGandhi,1
adayalk,narendramodi,1
adityabajaj,thewire_in,1
adityagautamO_O,ashoswai,1
adluru_gowtham,AmitShah,1
adluru_gowtham,BJP4India,1
adluru_gowtham,SafronSuporters,1
advanitom,ndtv,1
advpankajag,AmitShah,1
advsarang,narendramodi,1
advsarang,pid_gov,1
aestheticnitins,narendramodi,1
afeezgunners,tbanj_,1
agrawmohit,AamAadmiParty,1
agrawmohit,BJP4India,1
agrawmohit,INCIndia,1
agrawmohit,RahulGandhi,1
agrawmohit,narendramodi,1
agtvjjrdfbct,Dev_Fadnavis,1
ahmxyd,potatohead_77,1
ajaychat555,INCIndia,1
ajaychat555,ZeeNewsHindi,1
ajaychat555,narendramodi,1
ajaycontractor1,TheDeepak2022,1
ajaypask,AnantkumarH,1
ajaypask,kanhaiyakumar,1
ajaypask,the_hindu,1
ajjubloom,INCIndia,1
ajjubloom,RahulGandhi,1
ajjubloom,Supriya23bh,1
ajjubloom,kharge,1
akaruiganga,BJP4India,1
akaruiganga,PandaJay,1
akaruiganga,narendramodi,1
akashp1712,ArvindKejriwal,1
akashp1712,MilanVy69109155,1
akjana2004,MahuaMoitra,1
akkie24upd,CindyAnnDSilva,1
akkie24upd,nooranand,1
akohli,sos100,1
akshatlaghate,KapilMishra_IND,1
akshatlaghate,TajinderBagga,1
akshatlaghate,narendramodi,1
akshayalladi,TheEmissaryCo,1
akshayji10,nikhiltastic,1
akshaykittu,BJP4India,1
akshaykittu,iKabirBedi,1
akshaykittu,narendramodi,1
akshaykumark95,BCCI,1
akshayluniya,RahulGandhi,1
akshayluniya,narendramodi,1
aksnasha,ArvindKejriwal,1
aksnasha,avadhootashok,1
alankar_naveesh,ICC,1
alankar_naveesh,Jashan041,1
alankar_naveesh,arihafatimah,1
alimumtaz414,BCCI,1
alimumtaz414,vikrantgupta73,1
alishas64767091,ANI,1
alishas64767091,anjanaomkashyap,1
alishas64767091,narendramodi,1
alishas64767091,priyankagandhi,1
alishas64767091,romanaisarkhan,1
alithinksout,kharge,1
alok_vishwa,abplive,1
alokg2k,Martina,1
alokg2k,ajitdatta,1
alokroy82,BJP4India,1
alokroy82,bjpsupporters,1
alokroy82,narendramodi,1
aman2800x,PiyushGoyal,1
aman2800x,narendramodi,1
amanufan10,ArvindKejriwal,1
amanufan10,RahulGandhi,1
amanufan10,VVSLaxman281,1
amanufan10,imVkohli,1
amanufan10,narendramodi,1
amar2weets,Steven_Swinford,1
amar2weets,susannareid100,1
amarvala,AmitShah,1
ambadasmehetre,narendramodi,1
ambadi999,praveenswami,1
ambadi999,suchetvirsingh,1
ambedkarNSUI,INCIndia,2
ambedkarNSUI,INCTelangana,2
ambedkarNSUI,RahulGandhi,2
ambedkarNSUI,TSNSUI,2
ambedkarNSUI,VenkatBalmoor,2
ambedkarNSUI,bharatjodo,2
ambedkarNSUI,nsui_suryapet,2
ambedkarNSUI,revanth_anumula,2
amberoceana23,UKFReview,1
amij24,Republic_Bharat,1
amij24,TelanganaCMO,1
amij24,kishanreddybjp,1
amij24,narendramodi,1
amij24,republic,1
amish_bhalla95,narendramodi,1
amish_bhalla95,priyankagandhi,1
amit2677,ArvindKejriwal,1
amit2677,PMOIndia,1
amit2677,TajinderBagga,1
amitcreative,narendramodi,1
amiteshsethi,narendramodi,1
amitrakshitbjp,AmitShah,1
amitrakshitbjp,BJP4India,1
amrikdeol,RS_Brar,1
amrish_dave,INCIndia,1
amrish_dave,Starboy2079,1
amrut9669,narendramodi,1
amrut9669,sardesairajdeep,1
anand_jadhav64,engineers_feed,1
anand_kumar86,Dabinderjit,1
anand_kumar86,DrJasjitSingh,1
anand_kumar86,Hardeep_Matharu,1
anand_kumar86,HuffPostPol,1
anand_kumar86,NSP55,1
anand_kumar86,NoCasteSingh,1
anand_kumar86,PlymouthChaz,1
anand_kumar86,PoliticsJOE_UK,1
anand_kumar86,SCUKofficial,1
anand_kumar86,SikhFedUK,1
anand_kumar86,SikhPA,1
anand_kumar86,UKLabour,1
anand_kumar86,singharj,1
anandstdas,News18Odia,1
anchalsingh30,narendramodi,1
angry_tn,PMOIndia,1
aniket_nemad,Anjupra7743,1
aniket_nemad,ihansraj,1
aniket_nemad,narendramodi,1
anilGFPL,INCIndia,1
anilGFPL,ShashiTharoor,1
anilGFPL,kharge,1
anilsharmaa,RahulGandhi,1
anilsharmaa,narendramodi,1
anitadevi1020,BJP4Assam,1
anitadevi1020,himantabiswa,1
anitadevi1020,pallablochandas,1
ankisp,KanchanGupta,1
ankisp,a_n_k_u_r,1
ankit_amc,BahadurManmohan,1
ankit_amc,TheHindu,1
ankitbjoshi,narendramodi,1
ankitx,AmitShah,1
ankurin2006,narendramodi,1
anni_sonia,AmitShah,1
anni_sonia,BJP4Bengal,1
anni_sonia,BJP4Bihar,2
anni_sonia,BJP4Gujarat,1
anni_sonia,BJP4Himachal,1
anni_sonia,JPNadda,1
anni_sonia,JhaRahul_Bihar,1
anni_sonia,KapilMishra_IND,1
anni_sonia,SMCHOUOfficial,1
anni_sonia,Shubhrastha,1
anni_sonia,TawdeVinod,1
anni_sonia,amitmalviya,1
anni_sonia,bjpbiharfans,1
anni_sonia,blsanthosh,1
anni_sonia,girirajsinghbjp,1
anni_sonia,mangalpandeybjp,1
anni_sonia,narendramodi,1
anni_sonia,nareshvindia,1
anni_sonia,rsprasad,1
anni_sonia,sanjayjaiswalMP,1
anoopkumar_bjp,AmitShah,1
anoopkumar_bjp,BJP4India,1
anoopkumar_bjp,SafronSuporters,1
ansh291092,narendramodi,1
ansh291092,waglenikhil,1
anshumanjha4,rishibagree,1
anshumansingh79,DrNirmalKhatri,1
anshumansingh79,INCAyodhya,1
anshumansingh79,RahulGandhi,1
anshumansingh79,ShashiTharoor,1
anshumansingh79,SupriyaShrinate,1
anshumansingh79,srinivasiyc,1
antonjose005,Gabbar0099,1
antopraveen1,Mini52614198,1
anup36782445,BBCHindi,1
anuragr39982571,AmitShah,1
anuragr39982571,AmitShahOffice,1
anusharavi10,BJP4India,1
anusharavi10,H_D_Devegowda,1
anusharavi10,Tejasvi_Surya,1
anusharavi10,narendramodi,1
anxioushours7,RahulGandhi,1
anxioushours7,ReallySwara,1
anxioushours7,akashbanerjee,1
anxioushours7,dhruv_rathee,1
anxioushours7,kunalkamra88,1
anxioushours7,mehartweets,1
anxioushours7,one_by_two,1
anyhow73608543,ArslanAsh95,1
apmd5,INCIndia,1
apmd5,kharge,1
apnaDK,Indian,1
apurvaparikh18,SortedEagle,1
aquasanjay,puram_politics,1
arbazahamed_11,AmitShah,1
arbazahamed_11,caarpit83,1
arbazahamed_11,digvijaya_28,1
arbazahamed_11,narendramodi,1
archieposts,ajitdatta,1
archimags,Loquacious_Lion,1
archimags,Subhash_ati9,1
archimags,pravchak,1
arjunapartho,ArvindKejriwal,1
arjunapartho,CMODelhi,1
arjunapartho,DelhiPolice,1
arjunapartho,KumaarSaagar,1
arjunapartho,Prakash74933439,1
arjunapartho,SudarshanNewsTV,1
aroonshetty123,ashoswai,1
arpitwal,ItsShubhangi,1
arpsik,ArfaSays_,1
arpsik,DennisCricket_,1
arpsik,iihtishamm,1
arrescon,PDRMsia,1
arrescon,SPRMMalaysia,1
arrescon,sprmcommunity,1
arshadifthi7,INCPunjab,1
arshadifthi7,ManishTewari,1
arshadifthi7,RajaBrar_INC,1
arshadifthi7,sanjaynirupam,1
arshpath,TimesNow,1
aruls08,CMOTamilNadu,1
aruls08,OfficeOfOPS,1
aruls08,PMOIndia,1
aruls08,narendramodi,1
arun4friends,AmitShah,1
arun4friends,BJP4India,1
arun4friends,INCIndia,1
arun4friends,ShivSena,1
arun4friends,narendramodi,1
arunbala9866,KSRadhakrish,1
arunbalan_pandy,BBCNews,1
arunbalan_pandy,BBCWorld,1
arunjitmanna,narendramodi,1
arunjitmanna,thewire_in,1
arunrai23617373,htTweets,1
arviindk,ImranKhanPTI,1
arviindk,narendramodi,1
arviindk,vivekoberoi,1
arvind029,htTweets,1
arvind029,narendramodi,1
aryachalil,AAPExpress,1
aryachalil,AAPGujarat,1
aryachalil,ArvindKejriwal,1
aryachalil,Gopal_Italia,1
aryachalil,aapkerala,1
aryachalil,isudan_gadhvi,1
aryachalil,msisodia,1
aryanshah84,abpnewshindi,1
aryanshah84,narendramodi,1
as_dd11,Raz_khan789,1
as_kapoor,narendramodi,1
as_kapoor,sherryontopp,1
as_kapoor,thetribunechd,1
asad_khadry,KhadryBasha,1
asarharen,ArvindKejriwal,1
asarharen,Ask1RightQ,1
asarharen,HaRenDr93359212,1
asarharen,rishibagree,1
asarpotar,BJP4India,1
asarpotar,RahulGandhi,1
asarpotar,crazymadddy,1
asarpotar,dalermehndi,1
asarpotar,narendramodi,2
ashish_sh11,ArvindKejriwal,1
ashmehta_fin,INCIndia,1
ashmehta_fin,ShashiTharoor,1
ashok1812,srsmutt,1
ashok77g,BesuraTaansane,1
ashtwitte,Indian_Analyzer,1
ashujoshi27,MumbaichaDon,1
ashujoshi27,devsaigal,1
ashwani_jaswal,ShefVaidya,1
asimtwitt,GauravPandhi,1
asimtwitt,arunjaitley,1
askshawty,Politics_PR,1
aspirant8_xyz,Raamadaasan1,1
aspirant8_xyz,Yashu_ts,1
astrosumitbajaj,AmitShah,1
athulkrishna_7,AmitShah,1
athulkrishna_7,AmitShahOffice,1
athulkrishna_7,HMOIndia,1
attamjhisatakli,ndtvfeed,1
atulgoyal4599,ArvindKejriwal,1
atulthakur22,smitaprakash,1
aussiesunil,Bundeskanzler,1
aussiesunil,Muhamma28356849,1
aussiesunil,vonderleyen,1
avicrickett,Usama7,1
avicrickett,abdullahhammad4,1
avinashsardar,AmitShah,1
avinashsardar,BJP4India,1
avinashsardar,Dev_Fadnavis,1
avinashsardar,SanjayDhotreMP,1
avinashsardar,narendramodi,1
avinashsardar,nitin_gadkari,1
avinashsardar,raosahebdanve,1
avinoire,Kunaldesai20011,1
avinoire,MuhammadAsif26_,1
avinoire,iam_JZK,1
avinoire,mibrahim2025,1
aviroopm,RahulGandhi,1
aviroopm,akashbanerjee,1
aviroopm,narendramodi,1
aviroopm,ravishndtv,1
avishek435,viren11811,1
awake1975,Ram_Guha,1
awake1975,awake1975,1
awake1975,dhume,1
ayaz_karbelkar,indiatvnews,1
az_ptl,narendramodi,1
azeemassadi,AnkitLal,1
azeemassadi,kapsology,1
b3rr13sncr34m,Iceinmyline,1
baba_sexo,BCCI,1
baba_sexo,vikrantgupta73,1
baboolal1,ishkarnBHANDARI,1
badassbrownmom,tavleen_singh,1
baig_arfath,OfficialUrmila_,1
baig_arfath,PMOIndia,1
baig_arfath,narendramodi,1
balbir59,narendramodi,1
baleshs,JhaSanjay,1
baleshs,KapilSibal,1
baleshs,NayakRagini,1
baleshs,Pawankhera,1
baleshs,RahulGandhi,1
baleshs,narendramodi,1
baleshs,priyankac19,1
baleshs,sambitswaraj,1
baryannaidu,BJP4India,1
baryannaidu,INCIndia,1
baryannaidu,PMOIndia,1
baryannaidu,RahulGandhi,1
baryannaidu,narendramodi,1
bast_terence,narendramodi,1
baw_ra,abhiandniyu,1
bbgo91,WalkofV,1
bbnjacob,INCIndia,1
bbnjacob,kharge,1
beingtheroyal,RavindraGuptINC,1
beingtheroyal,kpmaurya1,1
bela_pal,AmitShah,1
bela_pal,BJP4UP,1
bela_pal,CMOfficeUP,1
bela_pal,DrMNPandeyMP,1
bela_pal,SushmaSwaraj,1
bela_pal,drdineshbjp,1
bela_pal,kpmaurya1,1
bela_pal,myogiadityanath,1
bela_pal,narendramodi,1
bengapinto,DKShivakumar,1
bengapinto,INCKarnataka,1
bengapinto,RahulGandhi,1
beningamshilshi,Politics_2022_,1
bent75419675,Abeethegreat,1
bent75419675,CNNPolitics,1
bent75419675,Tylerhereforfun,1
betweendlines12,Martina,2
betweendlines12,UnSubtleDesi,1
betweendlines12,Wimbledon,1
betweendlines12,ajitdatta,1
betweendlines12,faizanlakhani,1
betweendlines12,manishasinghal,1
betweendlines12,rajamaka,1
betweendlines12,usopen,1
bgsaigal,ArvindKejriwal,1
bgsaigal,BRmemberedFrGud,1
bgsaigal,Planoffinance,1
bgsaigal,nytimes,1
bgsaigal,seriousfunnyguy,1
bhadoria_ss,narendramodi,1
bhagat_9495,AmitShah,1
bhagat_9495,ChitranshPathk,1
bhagat_9495,bhak_sala,1
bhagat_9495,malharbhatt001,1
bhagat_9495,narendramodi,1
bhagat_9495,theskindoctor13,1
bharathimagdum,AmitShahOffice,1
bhaskarsen11,INCIndia,1
bhaskarsen11,KOLLEO,1
bhaskarsen11,Mahendr51390853,1
bhaskarsen11,arunjaitley,1
bhaskarsen11,narendramodi,1
bhaskarsen11,vinoks,1
bhats016,StarSportsIndia,1
bhats016,TheRealPCB,1
bhats016,TheRock,1
bhavyaved1,AmitShah,1
bhawnak20661318,MrUnderhill20,1
bidishalolo,DrAmolDeshmukh,1
bigmonu,PMOIndia,1
bigmonu,narendramodi,1
biharibabuuuu,BJP4India,1
bikramkeshare,IndiaToday,1
bikramkeshare,sardesairajdeep,1
binger_abc,drshamamohd,1
bisonXalpha,1967Vandana,1
bisonXalpha,BharatAbhimani,1
bisonXalpha,aparnasridhar7,1
bisonXalpha,bvsche,1
bisonXalpha,grrajan3,1
bisonXalpha,longlivetamil,1
bisonXalpha,narendramodi,1
bisonXalpha,sardesairajdeep,1
bisonXalpha,sumanthraman,1
bisonXalpha,venkate98507511,1
bkm45262379,IamAjaySehrawat,1
blahblublee,MamataOfficial,1
blahblublee,narendramodi,1
bloggibloggi,narendramodi,1
bmchandru58,INCIndia,1
bmchandru58,ShashiTharoor,1
bmi1857,Martina,1
bmi1857,ajitdatta,1
bmi1857,manishasinghal,1
bobbyvijayan,INCIndia,1
bobbyvijayan,ShashiTharoor,1
bobbyvijayan,kharge,1
bobmoni202,INCIndia,1
bobmoni202,sagarikaghose,1
bramhasmiiii,BJP4India,1
brijalshah,AmitShah,1
brijalshah,DrSYQuraishi,1
brijalshah,PiyushGoyal,1
brijalshah,Ramlal,1
brijalshah,TajinderBagga,1
brijalshah,narendramodi,1
brijalshah,rammadhavbjp,1
brijalshah,smritiirani,1
bs_2000,aajtak,1
bs_2000,ashutoshjourno,1
bs_2000,gopimaniar,1
bs_2000,narendramodi,1
btripathybjp,aajtak,1
btripathybjp,narendramodi,1
buildcfc,AvinashArya09,1
bukhari_wassim,AmitShah,1
buravllei,MilinDesai05,1
buravllei,sanjaysp8888,1
caarpit83,INCIndia,1
caarpit83,madhukishwar,1
caarpit83,narendramodi,1
caprashant1,connectgurmeet,1
capt_tp,INCIndia,1
capt_tp,ShashiTharoor,1
carlfisher575,LKTranslator,1
cashkumark,ArvindKejriwal,1
cashkumark,BefittingFacts,1
causenag,Sanginamby,1
cdpanchal,AmitChavdaINC,1
cdpanchal,BJP4Gujaraat,1
cdpanchal,DainikBhaskar,1
cdpanchal,DeshGujarat,1
cdpanchal,Divya_Bhaskar,1
cdpanchal,INCGujarat,1
cdpanchal,INCIndia,1
cdpanchal,JagranNews,1
cdpanchal,NobatDaily,1
cdpanchal,ShuklaDaksha,1
cdpanchal,Siddharth_ABP,1
cdpanchal,drmanishdoshi,1
cdpanchal,jigarravaljam,1
cdpanchal,narendramodi,1
cdpanchal,paresh_dhanani,1
cfrankli,DPJHodges,1
cfrings81,JakeHJournalist,1
cfrings81,LBC,1
cfrings81,SangitaMyska,1
cfrings81,SnoopDuggie,1
cfrings81,racc_party,1
chaitra87541496,AmitShah,1
chaitra87541496,BJP4India,1
chaitra87541496,BSYBJP,1
chaitra87541496,RAshokaBJP,1
chaitra87541496,bhagwantkhuba,1
chaitra87541496,narendramodi,1
chaitra87541496,yogrishiramdev,1
chaloo_pandey,Fact,1
chaloo_pandey,MamataOfficial,1
chaloo_pandey,Mayawati,1
chaloo_pandey,PawarSpeaks,1
chaloo_pandey,RahulGandhi,1
chaloo_pandey,narendramodi,1
chaloo_pandey,ncbn,1
chaloo_pandey,yadavakhilesh,1
chandankonduru,Bidda40,1
chandannarain,SupriyaShrinate,1
chanderkent,BJP4India,1
chanderkent,INCIndia,1
chanderkent,MoHUA_India,1
chanderkent,RahulGandhi,1
chanderkent,arunjaitley,1
chanderkent,narendramodi,1
chanderkent,the_hindu,1
charan_XCV,jansuraajonline,1
chau_vik1947,Indian_Analyzer,1
cherryforbidden,INCIndia,1
cherryforbidden,ShashiTharoor,1
cherryforbidden,kharge,1
chikkerur2011,BJP4India,1
chikkerur2011,INCIndia,1
chikkerur2011,narendramodi,1
chikkerur2011,nimmasuresh,1
chikkerur2011,rishibagree,1
chiman1760,Martina,1
chiman1760,ajitdatta,1
chiman1760,manishasinghal,1
chiman1760,vaibhav330,1
chin_raval,AmitShah,1
chin_raval,DaveAniruddh,1
chin_raval,VinodChavdaBJP,1
chin_raval,ivishalthacker,1
chin_raval,jitu_vaghani,1
chin_raval,narendramodi,1
chin_raval,satyacmehta,1
chin_raval,vijayrupanibjp,1
chinassp,HurriyatJK,1
chinassp,cjwerleman,1
chinassp,mustagfir786,1
chinmaya021,news24tvchannel,1
chinmayhurkat,connectgurmeet,1
chitalgandhi,ShashiTharoor,1
chitalgandhi,tinucherian,1
choukidar_mahi,AnilKapoor,1
choukidar_mahi,PMOIndia,1
choukidar_mahi,akshaykumar,1
choukidar_mahi,kittu_monika,1
choukidar_mahi,narendramodi,1
chunduru_hm,INCDelhi,1
chunduru_hm,INCIndia,1
chunduru_hm,INCPunjab,1
chunduru_hm,IYC,1
chunduru_hm,IYCTelangana,1
chunduru_hm,Jairam_Ramesh,1
chunduru_hm,RahulGandhi,1
chunduru_hm,Vignesh_TMV,1
chunduru_hm,kanhaiyakumar,1
chyshivam16,ArfaSays_,1
cmanash2012,sakshijain1824,1
colorofpecock,Hariindic,1
colorofpecock,goggabachchan,1
colorofpecock,narendramodi,1
comm0nman1,BJP4India,1
comm0nman1,RahulGandhi,1
comm0nman1,myogiadityanath,1
comm0nman1,narendramodi,1
comm0nman1,priyankagandhi,1
common_man243,Abhinav_Pan,1
common_man243,ArvindKejriwal,2
confuse09767454,ArvindKejriwal,1
confuse09767454,AtishiAAP,1
confuse09767454,SanjayAzadSln,1
congres_progres,indiatvnews,1
congres_progres,sambitswaraj,1
connected2india,INCIndia,1
connected2india,SuellaBraverman,1
connected2india,connected2india,1
connected2india,kharge,1
conscientious1o,Randeep_Sisodia,1
cpdecides,RanaAyyub,1
cpdecides,daniellecitron,1
cpucortexm,Martina,1
crahul04,bhupendrachaube,1
crahul04,narendramodi,1
creativejain,IndianExpress,1
creativejain,ieexplained,1
creativesteve7,TheRealPCB,1
cricket67904061,BCCI,1
cricket67904061,vikrantgupta73,1
cricketsi56,RahulGandhi,1
cricketsi56,sardesairajdeep,1
csparveenbansal,JhaSanjay,1
cssmjcksn,DrGugu_WNcube,1
cssmjcksn,Jigaman15,1
cssmjcksn,Mug2155,1
cssmjcksn,NkomoMandela,1
cssmjcksn,NoRiver5,1
cssmjcksn,NtateRanaka,1
cssmjcksn,enkudheni,1
cssmjcksn,kyrantitterton,1
cssmjcksn,vinnyzhola,1
cssmjcksn,zamoepre,1
d33pm3,GVLNRAO,1
d33pm3,IndiaToday,1
d33pm3,narendramodi,1
d33pm3,sardesairajdeep,1
d6933485e20049e,ICC,1
d6933485e20049e,TheRealPCB,1
d_jaishankar,meghamohan,1
d_singh26,sssingh21,1
daanapani,BrainandMoney,1
daffa96584229,Kharibaat1,1
daffa96584229,harsh8848,1
daffa96584229,svembu,1
daksh3492,AmanDubey_,1
daksh3492,AmitShah,1
daksh3492,AnumaVidisha,1
daksh3492,LambaAlka,1
daksh3492,MukeshSharmaMLA,1
daksh3492,NayakRagini,1
daksh3492,RahulGandhi,1
daksh3492,Rajasthan_PYC,1
daksh3492,RamlaljatINC,1
daksh3492,SupriyaShrinate,1
daksh3492,boxervijender,1
daksh3492,keshavyadaviyc,1
darkviolin,ArizonaMirror,1
darshanik,SalmanSoz,1
darshanik,ShashiTharoor,1
dattaram16,narendramodi,1
dattaram16,sambitswaraj,1
debaprasad2402,smitaprakash,1
debu_bhb,PrashantKishor,1
deebee6161,ayeshahazarika,1
deedosden,narendramodi,1
deeepakkher,BDUTT,1
deepak_bansal11,sanjivesethi1,1
deepakkumarrout,ArvindKejriwal,1
deepchat18,ArvindKejriwal,1
deepchat18,HargovindMistry,1
deepchat18,SMRao56551136,1
deepchat18,_Shri_Kamlam,1
demiguise77,sadafjafar,1
desiMoriarty,Martina,1
devanshvmali,PritiVipulMali,1
devanshvmali,kumarmanish9,1
devanshvmali,postaresume,1
devenrolly1987,AamAadmiParty,1
devenrolly1987,ArvindKejriwal,1
devenrolly1987,INCIndia,1
devenrolly1987,PMOIndia,1
devenrolly1987,narendramodi,1
df3d8692b4544e2,WeThePeople3009,1
dhankar_r,Amana_Ansari,1
dharam_vir_uk,RahulGandhi,1
dharam_vir_uk,narendramodi,1
dharamvirAnaria,INCIndia,1
dharamvirAnaria,kharge,1
dharmvir_9,BJP4India,1
dharmvir_9,narendramodi,1
dhillonbharat20,BoltaHindustan,1
dhir_ritesh,Saffron_Sn,1
dhrumil5192,vibhor_anand,1
dhruva1208,AmanDubey_,1
dhruva1208,AnumaVidisha,1
dhruva1208,LambaAlka,1
dhruva1208,MukeshSharmaMLA,1
dhruva1208,NayakRagini,1
dhruva1208,RahulGandhi,1
dhruva1208,Rajasthan_PYC,1
dhruva1208,RamlaljatINC,1
dhruva1208,SupriyaShrinate,1
dhruva1208,boxervijender,1
dhruva1208,keshavyadaviyc,1
dhruvparnami,dhruv_rathee,1
dibanba,CotozaM,1
dibanba,bonganijones3,1
dibanba,jabulane_r,1
dilip_ganatra,jspandey_,1
dilip_ganatra,rishibagree,1
dipesh_covalent,Martina,1
dipesh_covalent,RahulGandhi,1
dipesh_covalent,ajitdatta,1
dipunair,ShashiTharoor,1
dipunair,kharge,1
divyang4481,ArvindKejriwal,1
doc_sanatani,Indian_Analyzer,1
doc_sanatani,ShelarAshish,1
docdkm,AmitShah,1
docdkm,AskAnshul,1
docdkm,narendramodi,1
docstl,BJP4India,1
docstl,SankarshanT,1
docstl,narendramodi,1
drAparnaSingh12,Pooja_Tripathii,1
dr_rikin,amitsurg,1
dr_rikin,narendramodi,1
dr_umesh1969,UnSubtleDesi,1
drbeccaa,AvinashArya09,1
drdipeshparikh,PiyushGoyalOffc,1
drdipeshparikh,narendramodi,1
drmahesh4000,ManMundra,1
drshamamohd,CNNnews18,1
drshamamohd,RahulGandhi,1
dsouzahr,AAP4GOA,1
dsouzahr,msisodia,1
dsouzahr,narendramodi,1
dsouzahr,vijnad,1
duli1992,narendramodi,1
durga_raam,SS_bangtan7,1
durrani_farrukh,narendramodi,1
dushyantgadewal,narendramodi,1
duu_aaa,BCCI,1
dweplea,cye9kv1,1
dwivedi_reema,BJP4India,1
dwivedi_reema,narendramodi,1
eagle1_eyes,narendramodi,1
eagle1_eyes,sanjaynirupam,1
ecfr,markhleonard,1
ecfr,pbmehta,1
emailsid90,JhaSanjay,1
emailsid90,RahulGandhi,1
emailsid90,narendramodi,1
emailsid90,timesofindia,1
emesar2,Bestum_best,1
emesar2,SHEKARSUSHEEL,1
emperor_mohd,GautamGambhir,1
envyk_blr,AAPKarnataka,1
envyk_blr,AamAadmiParty,1
envyk_blr,BLRrocKS,1
envyk_blr,Nimmabhaskar22,1
epw_in,sranjan19,1
er_dktiwari,SupriyaShrinate,1
eshwarpappu,narendramodi,1
eshwarpappu,sagarikaghose,1
everydaymarxist,kavita_krishnan,1
explore4rrr,ChinaSpox_India,1
fanofModii,Sangharshspeaks,1
farazakaf,BSNLCorporate,1
farazakaf,IndiaPostOffice,1
farazakaf,IndiaToday,1
farazakaf,MTNLOfficial,1
farazakaf,jetairways,1
farazakaf,mrsfunnybones,1
farazakaf,narendramodi,3
farazakaf,sardesairajdeep,1
farazakaf,srivatsayb,1
farhanqaafa,BJP4India,1
farhanqaafa,ajitanjum,1
farhanqaafa,vinodkapri,1
fatimak45012977,Aqhil2017,1
fatimak45012977,bhavi_kap,1
fatimak45012977,saraf_pankaj,1
fatimak45012977,srinivasiyc,1
fekubawa,Veturi2011,1
fekubawa,bhavi_kap,1
flytherocketeer,YvetteCooperMP,1
followshashank1,SudhanshuTrived,1
forexmayhem,PawanPr74907968,1
forexmayhem,RahulGandhi,1
forexmayhem,SimmiAhuja_,1
formytimefrom,KHariohm,1
formytimefrom,UpdatesChennai2,1
fox_mandal,PMOIndia,1
fox_mandal,RSSorg,1
fpjindia,satishacharya,1
freespeechabi,narendramodi,1
frielopastry,PhilJDore,1
frielopastry,horserider1001,1
gaelmag,LBC,1
gaelmag,SangitaMyska,1
gagkumar,OnReality_Check,1
gagkumar,RahulGandhi,1
gagkumar,ndtv,1
gagsshri,AmitShah,1
ganeshmpandey,AmitShah,1
gauagg,AmitShah,1
gauagg,PMOIndia,1
gauagg,RahulGandhi,1
gauagg,narendramodi,2
gauagg,rajnathsingh,1
gauagg,smritiirani,1
gauravwankhede,PrashantKishor,1
gauravwankhede,mightydean3,1
gauri_sidhanthi,BJP4India,1
gauri_sidhanthi,MrsGandhi,1
gauri_sidhanthi,narendramodi,1
gauri_sidhanthi,smritiirani,1
gazmer2,narendramodi,1
gerryshih,NaomiNixWrites,1
gerryshih,NihaMasih,1
gerryshih,josephmenn,1
gerryshih,pranesh,1
ghoshc,sambitswaraj,1
gillipix,MrsGandhi,1
gillipix,muglikar_,1
gillipix,priyashmita,1
gk15680305,TheKhabriTweets,1
gkrishna98,MuralikrishnaE1,1
gkrishna98,Ray_luxuryyacht,1
gkrishna98,bhuvikal,1
gkrishna98,klnbjp,1
gkrishna98,narendramodi,1
gokulnair,AmitShah,1
gokulnair,Swamy39,1
gokulnair,narendramodi,1
gokulnair,sampitroda,1
goody_guy2002,DeekshaNRaut,1
goody_guy2002,IMA_Indian,1
goody_guy2002,imam_hih,1
gopalkagarwal,IndiaAheadNews,1
gopalkagarwal,News18Urdu,1
gopalsi49843661,AmitShah,1
gopalsi49843661,narendramodi,1
gopimaliwal,rranjan501,1
gorabpk,AmitShah,1
gouravd17,drshamamohd,1
gouravd17,narendramodi,1
gouravmondal14,narendramodi,1
gouthamkumarbjp,AmitShah,1
govindJ88010649,AmitShah,1
govindJ88010649,BJP4India,1
govindJ88010649,BJP4Rajasthan,1
govindJ88010649,gssjodhpur,1
govindJ88010649,narendramodi,1
gowtham7shetty,pranitasubhash,1
gowthamV86,PTI_News,1
grajat341,AyeshaMasroor56,1
grajat341,GongRight,1
grajat341,iamsulemanraza,1
greg22ndst,Cervanec,1
greg22ndst,Politics_Polls,1
greg22ndst,lucid_hq,1
greg22ndst,ohionorthern,1
gudhapurush,kharge,1
gulshan_laskar,kharge,1
gupta_siddharth,ashoswai,1
gupta_taanvi,AmitShah,1
gurdeeprekhi,RahulGandhi,1
gurdeeprekhi,srinivasiyc,1
guru_sharnam,vikalprs,1
gurvind45909601,ArvindKejriwal,2
gvrchandra,BJP4India,1
gvrchandra,Kaalateetham,1
gvrchandra,narendramodi,1
hamanshuparekh,AmitShah,1
hareeshhosmane9,narendramodi,1
hareeshhosmane9,news18dotcom,1
hareeshhosmane9,priyankagandhi,1
hari000123,Raks200567,1
hari000123,sansbarrier,1
hariiyengaar,kharge,1
harish_ait9,sravandasoju,1
harmiks,narendramodi,1
harnisfindoliya,AmitShah,1
harnisfindoliya,myogiadityanath,1
harnisfindoliya,narendramodi,1
harnisfindoliya,vijayrupanibjp,1
harshkkapoor,AmitShah,1
harshkkapoor,AmitShahOffice,1
harshkkapoor,AmitTaneja1,1
harshkkapoor,PMOIndia,1
harshkkapoor,Ramlal,1
harshkkapoor,TCGEHLOT,1
harshkkapoor,narendramodi,1
harshkkapoor,shwait_malik,1
harshkkapoor,vijaysamplabjp,1
hatefreeworldX,Jairam_Ramesh,1
hatefreeworldX,prasanto,1
heissuman,ShwetaKukreja_,1
hemanthbhk_bjp,AmitShah,1
hemirdesai,Elizatweetz,2
hemirdesai,RahulGandhi,2
heyram_234,KanakManiDixit,1
heyram_234,badoni24,1
hieronymus310,Augiedamous,2
hieronymus310,DandiaAsad,2
himanshupmehta,nitinagarwalINC,1
hina_lib,PMOIndia,1
hina_lib,narendramodi,1
hina_lib,pradip103,1
hiteshah22,ShashiTharoor,1
hkk3455,INC,1
hkk3455,INCPresident_,1
hkk3455,PriyankKharge,1
hkk3455,RahulGandhi,1
hkk3455,SoniaGandhi_FC,1
hkk3455,kharge,1
hkk3455,priyankagandhi,1
hmd5692,BCCI,1
hryogeesh,Navayan,1
hsfthh,TalkB4Wicket,1
hum_bolega,Martina,1
hunkharsh,RahulGandhi,1
hunkharsh,ShatruganSinha,1
hunkharsh,digvijaya_28,1
hunkharsh,jayaprada_MP,1
hunkharsh,narendramodi,1
hunkharsh,priyankagandhi,1
hunkharsh,rajnathsingh,1
hunkharsh,rsprasad,1
hunkharsh,smritiirani,1
hydertext,tavleen_singh,1
iAmSubhra17,Martina,1
iAmSubhra17,ajitdatta,1
iAwaisAkhtar,kajolmanshad,1
iHarishBhardwaj,AmitShah,1
iHarishBhardwaj,BJP4India,2
iHarishBhardwaj,BJPLive,1
iHarishBhardwaj,ChouhanShivraj,1
iHarishBhardwaj,HMOIndia,1
iHarishBhardwaj,INCIndia,1
iHarishBhardwaj,PMOIndia,1
iHarishBhardwaj,RahulGandhi,1
iHarishBhardwaj,narendramodi,2
iHarishBhardwaj,rajnathsingh,1
iMALLIKARJUN1,AmitShah,1
iMac_too,aroonpurie,1
iSuyashPandey,AmitShah,1
iabhishektyagi,IndiaToday,1
iabhishektyagi,derekobrienmp,1
iabhishektyagi,sardesairajdeep,1
iajaychheda,AmitShah,1
iajaychheda,BJP4India,1
iajaychheda,RahulGandhi,1
iajaychheda,milinddeora,1
iajaychheda,narendramodi,1
iajaychheda,sanjaynirupam,1
iamARDiggaj,nsitharaman,1
iamAmoghShambu,BJP4Karnataka,1
iamAmoghShambu,JanataDal_S,1
iamAmoghShambu,narendramodi,2
iamAmoghShambu,nimmaupendra,1
iamTapanPandya,RahulGandhi,1
iamTapanPandya,divyaspandana,1
iamTapanPandya,narendramodi,3
iam_SivaC,SChaudharyINC,1
iam_Sudip,narendramodi,1
iam_joshan,Politics_2022_,1
iamabdulraheem,ArvindKejriwal,1
iamankit22,akshaykumar,1
iamankit22,narendramodi,1
iamanurag04,AmitShah,1
iamanurag04,ECISVEEP,1
iamanurag04,INCIndia,1
iamanurag04,barandbench,1
iamanurag04,narendramodi,1
iamanurag04,narendramodi_in,1
iamanurag04,sushmitadevmp,1
iamarundevs,voiceofhello,1
iamayushjain_,MaxBupa,1
iamayushjain_,narendramodi,1
iamberagarwal,AmitShah,1
iamchetanverma,CNNnews18,1
iamchetanverma,akshaykumar,1
iamchetanverma,narendramodi,1
iamchetanverma,news18dotcom,1
iamdk_mish,AmitShah,1
iamdk_mish,ArvindKejriwal,1
iamdk_mish,narendramodi,1
iamhemuk,YSJaganTrends,1
iamjunaiz,narendramodi,1
iamjunaiz,trussliz,1
iamkaranbachani,ANI,1
iamkaranbachani,IAF_MCC,1
iamkaranbachani,MamataOfficial,1
iamkaranbachani,PTIofficial,1
iamkaranbachani,RahulGandhi,1
iamkaranbachani,SadisMehmud,1
iamkaranbachani,SirPareshRawal,1
iamkaranbachani,ani_digital,1
iamkaranbachani,mohitbharatiya_,1
iamkaranbachani,narendramodi,1
iamljp,BJP4India,1
iamljp,INCIndia,1
iamljp,INCKarnataka,1
iammohsinshaikh,shubhankrmishra,1
iamnivesh,ActivistSandeep,1
iamnivesh,JM_Scindia,1
iamvsj,Twitter,1
iamvsj,ashokepandit,1
iamvsj,narendramodi,1
iatulya,PritishNandy,1
icecrea19873483,SpokespersonCHN,1
igljibran,BCCI,1
igljibran,Kotresh11,1
igljibran,RVCJ_FB,1
igljibran,Santosh04129953,1
igljibran,vikrantgupta73,1
iicrdindia,ArvindKejriwal,1
iicrdindia,annahazares,1
ijassat,Freekashmirnow,1
ijassat,KashmirDispatch,1
ijassat,MRN1SA,1
ijassat,narendramodi,1
imARwrite,SAfridiOfficial,1
imARwrite,prasuyeshu,1
imSkrishnaaa,narendramodi,1
imVaquar,GautamGambhir,1
imVaquar,IndiaToday,1
imVaquar,narendramodi,1
im_abhi_s,GemsOfCricket,1
imanishag,BJP4India,1
imanishag,KirronKherBJP,1
imanishag,narendramodi,1
imashadur,narendramodi,1
imfakir,BJP4India,1
imfakir,narendramodi,1
imfan_abhishek,DRDO_India,1
imfan_abhishek,isro,1
imfan_abhishek,narendramodi,1
imfan_abhishek,yadavakhilesh,1
imgauravsinha,PMOIndia,1
imgirishka,Martina,1
imgirishka,Twitter,1
imgirishka,ajitdatta,1
imonikaudeshi,AmitShah,1
imonikaudeshi,AmitShahOffice,1
imoupiya01,Martina,1
imoupiya01,ajitdatta,1
imoupiya01,manishasinghal,1
imrahul_21,narendramodi,1
imrahul_21,rsprasad,1
imrahul_21,sambitswaraj,1
imraokesh,narendramodi,1
imraokesh,rajnathsingh,1
imridul2k,AmitShah,1
imridul2k,narendramodi,1
imridul2k,smritiirani,1
imsannysk,narendramodi,1
imtiyaz799,MOINKAMAL4,1
imtiyaz799,PravinSawhney,1
inareshkumbhani,AmitShah,1
indglish,RanjitOne,1
indiadebate2020,NewsX,1
indiadebate2020,RajivMessage,1
indian_cult,2024YCP,1
indian_cult,jagan,1
indian_cult,kishore_pandiri,1
indian_cult,ncbn,2
indian_cult,sureshiras,1
indian_cult,ysjagan,1
indian_ireland,AnMailleach,1
indian_nagrik,rakhitripathi,1
indian_online,DCBMEP,1
indian_online,naomi2009,2
indiangary,Nattashasharrma,1
indiangary,RJDforIndia,1
indianmarket8,ArunKrishnan_,1
indianmarket8,Martina,1
indianmarket8,Saiarav,1
indianmarket8,_antithesis_1,1
indianmarket8,joysamcyborg,1
indianmarket8,omarali50,1
indianmarket8,whatwasthataga4,1
indullera,BCCI,1
instyleofrohit,narendramodi,1
insywincyspider,RishiSunak,1
invincibleindia,NewIndianXpress,1
invincibleindia,TheMornStandard,1
invincibleindia,santwana99,1
invincibleindia,ss_suryawanshi,1
isa__shahid,ArfaSays_,1
isa__shahid,s_srij,1
isaabellsz,BCCI,1
isaabellsz,vikrantgupta73,1
ishanakshat,kunalkamra88,1
ishanakshat,narendramodi,1
ishtiaq787,BJP4India,1
ishtiaq787,INCIndia,1
ishtiaq787,RahulGandhi,1
ishtiaq787,ashutosh83B,1
ishtiaq787,narendramodi,1
ishtiaq787,priyankagandhi,1
ishubhamsah,0xSaurabh,1
ishubhamsah,HaimantikaM,1
isindianpolitic,AmitShah,1
isomasundaram72,AmitShah,1
isumitrathi,AmitShah,1
ithe_noobie,prasadvedpathak,1
ithedevilnirmal,narendramodi,1
its_akshay_more,kharge,1
its_me_aps,Cryptic_Miind,1
its_pr1nc1,cheeky_goblin,1
its_pr1nc1,ethicalsid,1
itsjagbir,BJP4India,1
itsjagbir,narendramodi,1
itsme005,narendramodi,1
itsme005,sachin_rt,1
itsmeKNR,RahulGandhi,1
itspradeep27,ItsShubhangi,1
iycglobalusa,RahulGandhi,1
iyer_rn,BJP4India,1
iyer_rn,PMOIndia,1
iyer_rn,PiyushGoyal,1
iyer_rn,RituRathaur,1
iyer_rn,SushmaSwaraj,1
iyer_rn,TrueIndology,1
iyer_rn,kanimozhi,1
iyer_rn,madhukishwar,1
iyer_rn,narendramodi,1
iyer_rn,nitin_gadkari,1
iyer_rn,nsitharaman,1
iyer_rn,smritiirani,1
jabbarsharieff,kharge,1
jagdishrshah,AamAadmiParty,1
jagdishsahu9784,AmitShah,1
jagdishsahu9784,AprajitaSarangi,1
jagdishsahu9784,BJP4India,1
jagdishsahu9784,BJP4Odisha,1
jagdishsahu9784,PandaJay,1
jagdishsahu9784,SatyaPrNayak,1
jagdishsahu9784,Subash2Dr,1
jagdishsahu9784,dpradhanbjp,1
jagdishsahu9784,narendramodi,1
jagdishsahu9784,purnapcp,1
jaideepgupta,DeekshaNRaut,1
jaimishra54,narendramodi,1
jaiunnaomisra,narendramodi,1
jasjiv,kazhugan,1
jawman111,Rajeshkaundle,1
jaydeeep,narendramodi,1
jaysusri1,RahulGandhi,1
jaysusri1,amitmalviya,1
jaysusri1,bhushankpatil12,1
jaysusri1,sanjaynirupam,1
jeyaharshan,AmitShah,1
jgopikrishnan70,caricatured,1
jigs_modi,PiyushGoyal,1
jigs_modi,narendramodi,1
jinxavi,AlongImna,1
jitendrakr10,akshaykumar,1
jitendrakr10,kavita2680,1
jitendrakr10,narendramodi,1
jkanthtl,AgrawalRMD,1
jkanthtl,BJP4India,1
jkanthtl,ComradeBhuvi,1
jkanthtl,JPNadda,1
jkanthtl,PrakashJavdekar,1
jkanthtl,blsanthosh,1
jkanthtl,narendramodi,1
jkanthtl,surendranbjp,1
jkc2001in,Theparthworld,1
jkc2001in,hvgoenka,1
jmsnsha1,INC,1
jmsnsha1,PMOIndia,1
jmsnsha1,RottenOnly,1
jmsnsha1,narendramodi,1
jmsnsha1,smritiirani,1
john_the_wise,AmitShah,1
john_the_wise,ShashiTharoor,1
johncheeran,BJP4India,1
johncheeran,narendramodi,1
journalistHari,narendramodi,2
joyasian,abhijitmajumder,1
joybangla_ac,dw_politics,1
jpathariya,RanvirShorey,1
juggyindian22,Aloksharmaaicc,1
juggyindian22,Politics_2022_,1
junaida90331130,BCCI,1
junaida90331130,vikrantgupta73,1
juntz29,AmitThusu,1
juntz29,narendramodi,1
justanything9,RahulGandhi,1
justanything9,narendramodi,1
justin23448669,EconomicTimes,1
justin23448669,narendramodi,1
justin23448669,priyankagandhi,1
jvpandya,DrGPradhan,1
jvpandya,INCIndia,1
jvpandya,RahulGandhi,1
jvsrk70,INCIndia,1
jvsrk70,Priyascorner,1
jvsrk70,ShashiTharoor,1
jvsrk70,kharge,1
jvsrk70,rasheedkidwai,1
k89467324,JayShah,1
k89467324,M_Raj03,1
kaailash1,Masumabegum94,1
kafkaguy,oldmantelegram,1
kalpak007,narendramodi,1
kamalpakashji,kamaalrkhan,1
kamesh_gadia,PMOIndia,1
kamesh_gadia,alok_bhatt,1
kamesh_gadia,sbabones,1
kamlesh54780243,AmitShah,1
kamlesh54780243,AmitShahOffice,1
kamlesh54780243,Sadhvi_prachi,1
kamunaati,BCCI,1
kamunaati,ICC,1
kanav461,AmitShah,1
kanav461,BJP4India,1
karansaaj,narendramodi,1
karthic47034071,DG_NTA,1
karthic47034071,JPNadda,1
karthic47034071,PrakashJavdekar,1
karthic47034071,narendramodi,1
karthic47034071,sris26923104,1
kartik_kanoongo,AamAadmiParty,1
kartik_kanoongo,ArvindKejriwal,1
kartik_kanoongo,IacGaurav,1
kashivar,aajtak,1
kashivar,narendramodi,1
kashivar,ndtv,1
kashivar,republic,1
kashivar,sardesairajdeep,1
kashmir_my_land,priyankac19,1
katapayadi,NaomiNixWrites,1
katapayadi,NihaMasih,1
katapayadi,gerryshih,1
katapayadi,josephmenn,1
katapayadi,pranesh,1
kaul4,INCIndia,1
kaul4,RahulGandhi,1
kaul4,rssurjewala,1
kavurirajesh,narendramodi,1
kawaljeetbjp,AmitShah,1
kelin953,ArvindKejriwal,1
kelin953,engineers_feed,1
kewalroshan,DhareraoDS,1
kewalroshan,HMOIndia,1
kewalroshan,rajnathsingh,1
khadeerma,INCIndia,1
khaganadh,IndianExpress,1
khaliq_alia,ESPNcricinfo,1
khanetl,narendramodi,1
khaula_ashfaq,AvinashArya09,1
khevisheachumi,AmitShah,1
khevisheachumi,BJP4India,1
khevisheachumi,BJP4Nagaland,1
khevisheachumi,JPNadda,1
khevisheachumi,PMOIndia,1
khevisheachumi,blsanthosh,1
khurramch,Pakistanomy,1
kinglodi7,ESPNcricinfo,1
kiranjadhavbjp1,AmitShah,1
kirolaLalit,PiyushGoyal,1
kirolaLalit,narendramodi,1
kirolaLalit,nsitharaman,1
kirubanandhan05,BCCI,1
kirubanandhan05,ImSaeedAnwar,1
kirubanandhan05,OfficialPSL,1
kirubanandhan05,TheRealPCB,2
kirubanandhan05,Warda_mughall,1
kissingerspeaks,BCCI,1
kissingerspeaks,TaimourW20,1
kissingerspeaks,kieran_cricket,1
kkmaurya,narendramodi,1
klRahul90700485,areeba_chaudhry,1
kohgirlpower,RaoArunNarayan1,1
kohgirlpower,SwatiJaiHind,1
kohgirlpower,narendramodi,1
krangaus1,AmitShah,1
krangaus1,amarprasadreddy,1
krish_IN,INCIndia,1
krish_IN,PMOIndia,1
krish_IN,RahulGandhi,1
krish_IN,ShashiTharoor,1
krish_IN,Twitter,1
krish_IN,narendramodi,1
krishenkhosa,JahnaviJain_,1
krishenkhosa,narendramodi,1
krishna2917,BJP4India,1
krishna2917,narendramodi,1
krishnakanth336,narendramodi,1
krishnamurthir,RahulGandhi,1
krishnamurthir,samijes777,1
kuldeepSCS,RahulGandhi,1
kuldeepSCS,SupriyaShrinate,1
kumaraakash061,ShashiTharoor,1
kumardurgesh262,PMOIndia,1
kumardurgesh262,narendramodi,3
kumarrohit_74,BDUTT,1
kumarrohit_74,KTRTRS,1
kumarrohit_74,LambaAlka,1
kumarrohit_74,isai_,1
kumarrohit_74,juhiesingh,1
kumarrohit_74,pbhushan1,1
kumarrohit_74,prakashraaj,1
kumarrohit_74,satishacharya,1
kumarrohit_74,yadavtejashwi,1
kumarrohit_74,ysathishreddy,1
kumarrohit_74,zoo_bear,1
kumarsamarth33,BJP4India,1
kumarsamarth33,INCIndia,1
kumarsamarth33,RahulGandhi,1
kumarsamarth33,narendramodi,1
kundansriv,AmitShah,1
kundansriv,BJP4India,1
kundansriv,RadhamohanBJP,1
kundansriv,narendramodi,1
kurumach,Unitedd_India,1
kurumach,peacefullypolit,1
kush0143,narendramodi,1
kushgarg12,narendramodi,1
kushgarg12,ravishndtv,1
kvk_gopal,RahulGandhi,1
kyabolripublic,MarvelStudios,1
kyabolripublic,narendramodi,1
kysharsh,imaniyajanjuaa,1
lalitpahwa,Shehzad_Ind,1
lalitpahwa,ashoswai,1
latheef_sherin,PiyushGoyal,1
latheef_sherin,narendramodi,1
laxmanp06190373,RahulGandhi,1
leespidey11,RahulGandhi,1
leespidey11,kunalkamra88,1
leespidey11,narendramodi,1
leo_patel_,TheSamirAbbas,1
leo_patel_,narendramodi,1
letsbondiway,Pun_Starr,1
letsbondiway,smeamit,1
letsgoobabyyy,_FaridKhan,1
lettercaffee,NSMlive,1
lifelessonshary,RahulGandhi,1
lifelessonshary,narendramodi,1
likender,Mimamsa6,1
ljinad,farooqkperogi,1
local_rocky,zoo_bear,1
lokeshvinay6,parthpunter,1
lore3440,RawStory,1
lseshu01,reddy_aria,1
lseshu01,ysjagan,1
mRishuParihar,SupriyaShrinate,1
m_coolavi,sudhirchaudhary,1
m_richardmayson,NewshubPolitics,1
mac_ios_andriod,ArfaSays_,1
mac_ios_andriod,TheRealPCB,1
mac_ios_andriod,iNaveedZafar,1
mac_ios_andriod,mufaddal_vohra,1
madhavg_Indian,NagaBabuOffl,1
madhusudan41,narendramodi,1
madhusudhan0,AmitShah,1
madhusudhan0,BJP4India,1
madhusudhan0,JPNadda,1
madhusudhan0,bandisanjay_bjp,1
madhusudhan0,blsanthosh,1
madhusudhan0,narendramodi,1
madkin256,KumarSoonil19,1
madkin256,bhogleharsha,1
maheshk20600708,AmitShah,1
maheshk20600708,BJP4Delhi,1
maheshk20600708,BJP4India,1
maheshk20600708,BJP4Karnataka,1
maheshk20600708,BJP4Maharashtra,1
maheshk20600708,BJP4UP,1
maheshk20600708,BJYM,1
maheshk20600708,Iam_thakurs,1
maheshk20600708,MumbaiBJP,1
maheshk20600708,PiyushGoyal,1
maheshk20600708,doublesindhi,2
maheshk20600708,myogiadityanath,1
maheshk20600708,narendramodi,1
maheshk20600708,narendramodi_in,1
maheshk20600708,rsprasad,1
maheshk20600708,saffron0009,1
maheshk20600708,sambitswaraj,1
maheshknraju,MamataOfficial,1
maheshknraju,RahulGandhi,1
maheshknraju,narendramodi,1
maheshknraju,rajeev_mp,1
majesty_sunny,PMOIndia,1
majesty_sunny,narendramodi,1
majesty_sunny,sagarikaghose,1
majoramitbansal,prsundarji,1
malik42174767,AmitShah,1
malik42174767,BJP4India,1
malik42174767,GAMIR_INC,1
malik42174767,INCIndia,1
malik42174767,OmarAbdullah,1
malik42174767,drmfirdosi,1
malik42174767,gowhargeelani,1
malik42174767,narendramodi,1
malik42174767,yadavakhilesh,1
manaaahill,Amrit91947176,1
manaaahill,dheetafridian__,1
manaaahill,djkohlic,1
manaaahill,mayursasane8,1
manaaahill,notsxcuc,1
manavnair29,bsdhanoa,1
manavnair29,vasabjit_b,1
manchik_83,Charvaka_Tamil,1
manchik_83,MateeshB,1
manchik_83,Utkarsh_LFC,1
manchik_83,madversity,1
manchik_83,ppushp7,1
mani24sjcpl,AmitShah,1
mani24sjcpl,BDUTT,2
mani24sjcpl,BJP4India,1
mani24sjcpl,BJP4Karnataka,1
mani24sjcpl,CNNnews18,1
mani24sjcpl,CTRavi_BJP,1
mani24sjcpl,GabbarSingTax,1
mani24sjcpl,HAL_India,2
mani24sjcpl,IndiaToday,1
mani24sjcpl,MirrorNow,1
mani24sjcpl,NewsX,1
mani24sjcpl,Nidhi,2
mani24sjcpl,PIB_India,1
mani24sjcpl,PiyushGoyal,1
mani24sjcpl,RSSorg,1
mani24sjcpl,RahulGandhi,1
mani24sjcpl,ShobhaBJP,1
mani24sjcpl,TVMohandasPai,1
mani24sjcpl,TheVijayMallya,1
mani24sjcpl,_YogendraYadav,1
mani24sjcpl,dhanyarajendran,1
mani24sjcpl,gauravbh,1
mani24sjcpl,ikamalhaasan,1
mani24sjcpl,kiranshaw,1
mani24sjcpl,mkvenu1,1
mani24sjcpl,narendramodi,2
mani24sjcpl,ndtv,1
mani24sjcpl,pbhushan1,2
mani24sjcpl,prakashraaj,1
mani24sjcpl,prameshjain12,2
mani24sjcpl,rajinikanth,1
mani24sjcpl,rkhuria,2
mani24sjcpl,sagarikaghose,1
mani24sjcpl,sanjayuvacha,2
mani24sjcpl,shahid_siddiqui,1
mani24sjcpl,sumanthraman,2
manis_kumar,narendramodi,2
manishbpl1,mangeshkarlata,1
manishbpl1,narendramodi,1
manishca7,AmitShah,1
manishchop,ErikSolheim,1
manishtayade83,WahabViki,1
manjoagarwal,BCCI,1
manjoagarwal,ICC,1
manjoagarwal,SGanguly99,1
manjoagarwal,iRogerBinny,1
manjoagarwal,sachintendulkar,1
manjoagarwal,therealkapildev,1
manjulsh,INCIndia,1
manjulsh,KapilMishra_IND,1
manojha72,umashankarsingh,1
maqbool_sm,RahulGandhi,1
maqbool_sm,shahid_patka,1
mardangabirli,Avikagain01,1
mardangabirli,NikolPashinyan,1
maruharish,muralipiyer,1
mathew_tomi,sardesairajdeep,1
mathewmantony,ShashiTharoor,1
maumauveteran,Theo_mwangi,1
mauneel,kanhaiyakumar,1
maverickkhan19,ArfaSays_,1
maverickkhan19,LiamPayne2824,1
maverickkhan19,Pradeepmundayat,1
mayamadhava,AmitShah,1
mayamadhava,PonnaarrBJP,1
mayamadhava,narendramodi,1
mayursejpal,AmitShah,1
mayursejpal,BJP4India,1
mayursejpal,INCIndia,1
mayursejpal,MamataOfficial,1
mayursejpal,Mayawati,1
mayursejpal,RahulGandhi,1
mayursejpal,narendramodi,1
mayursejpal,priyankagandhi,1
me_nikunjp,mkstalin,1
medha60,BIHAR_CM,1
medha60,FinMinIndia,1
medha60,OfficeOfNG,1
medha60,PMOIndia,1
medha60,PresidentBuild1,1
medha60,Swamy39,1
medha60,narendramodi,1
meee_mumbaikar,LadyVelvet_HFQ,1
meee_mumbaikar,fispahani,1
meee_mumbaikar,kharge,1
meee_mumbaikar,ndtvfeed,1
meee_mumbaikar,scroll_in,1
meetumashankar,MichaelKugelman,1
meetumashankar,bainjal,1
meetumashankar,narendramodi,2
mehtamihir786,Ambuj_IND,1
mehtamihir786,LiberalIndian16,1
mehtamihir786,TJeryyyyyy123,1
michael_mahanta,narendramodi,1
michael_mahanta,sagarikaghose,1
mindspeak01,Aabhas24,1
missartola,Mayawati,1
missartola,ashokgehlot51,1
missartola,narendramodi,1
missed_call002,NationBreaking,1
missed_call002,Nation_Politics,1
mitun_kr,MohdKashifUmai1,1
mkatju,AsifAzmi_Delhi,1
mkatju,Bhavna__B,1
mkatju,BoriaMajumdar,1
mkatju,ChuckBerry1969,1
mkatju,GerardWhateley,1
mkatju,HaydosTweets,1
mkatju,Hipsterrrific,1
mkatju,ICC,2
mkatju,ISRKzBeliever,1
mkatju,ImshikharNegi,1
mkatju,MCG,1
mkatju,MasoomNabi,1
mkatju,Mohanlal,1
mkatju,Neeraj_chopra1,1
mkatju,Poushali_limca,1
mkatju,PunjabKingsIPL,1
mkatju,RakeshSinha01,1
mkatju,Rana_Bir,1
mkatju,RaviShastriOfc,1
mkatju,SEN_Cricket,1
mkatju,Saqlain_Mushtaq,1
mkatju,ShantanuGuhaRay,1
mkatju,ShashiTharoor,1
mkatju,Smita_Sharma,1
mkatju,Suhelseth,1
mkatju,T20WorldCup,2
mkatju,TANUSHREEGUHAR6,1
mkatju,TweetNitinS,1
mkatju,VenkyMama,1
mkatju,WasimJaffer14,1
mkatju,YUVSTRONG12,1
mkatju,advmajeedmemon,1
mkatju,ajaydevgn,1
mkatju,arshdeepsinghh,1
mkatju,babarazam258,1
mkatju,beastieboy07,1
mkatju,diplal,1
mkatju,fgautier26,1
mkatju,gbsaltlake,1
mkatju,hardikpandya7,2
mkatju,iamsrk,3
mkatju,imVkohli,18
mkatju,irfhabib,1
mkatju,maryashakil,1
mkatju,mayankcricket,1
mkatju,nadeemmalik,1
mkatju,oindrilla24,1
mkatju,ombhattacharya,1
mkatju,pius_khandelwal,1
mkatju,raghav_chadha,1
mkatju,rahulkanwal,1
mkatju,rashidkhan_19,1
mkatju,rounakguharoy,1
mkatju,sjjperry,1
mkatju,venkateshiyer,1
mkumarr420,ArunKrishnan_,1
mkumarr420,Martina,1
mkumarr420,Saiarav,1
mkumarr420,_antithesis_1,1
mkumarr420,joysamcyborg,1
mkumarr420,omarali50,1
mkumarr420,whatwasthataga4,1
mobin_ulhaq,Ashutosh_here1,1
mobin_ulhaq,bijonshah,1
mobin_ulhaq,iihtishamm,1
mohammadanwar,ShivaniV2901,1
mohamme63753332,AamAadmiParty,1
mohamme63753332,iAmanUppal,1
mohanmborana,narendramodi,1
moiDeepak,ArfaSays_,1
monidipadey,BattaKashmiri,1
montuvadoliya,narendramodi,1
mr_ajaz4j,narendramodi,1
mrddtripathi,narendramodi,1
mrhafees,SportAndPol786,1
mrhitesh22,ICC,1
mrhitesh22,NiumGlobal,1
mrinmaay,narendramodi,1
msanjay1930,RahulGandhi,1
mssamant,MajorPoonia,1
mssamant,Ompraka99997798,1
mssamant,narendramodi,1
mssamant,smritiirani,1
mudinjathasey,CHMadrid10,1
mudinjathasey,NafihAhammed3,1
mudinjathasey,amarprasadreddy,1
mudinjathasey,nova_cand,1
muhammadirshad6,ANI,1
muhammadirshad6,akshaykumar,1
muhammadirshad6,divyaspandana,1
muhammadirshad6,narendramodi,1
muhammadirshad6,siddaramaiah,1
muhammadzuhaib9,BCCI,1
muhammadzuhaib9,narendramodi,1
mukesh_kowshik,kalnemibasu,1
mukeshpanwarrr,rishibagree,1
mukherjee_dutta,AmitShah,1
mukherjee_dutta,SuvenduWB,1
multifandom12_3,ncert,1
murariiiiiiii,ysjagan,1
mvskmohan,INCIndia,1
mvskmohan,RahulGandhi,1
mvskmohan,narendramodi,1
mymeenakshi,Cawnporiah_,1
mymeenakshi,TIP_Pradhanjii,1
mymeenakshi,narendramodi,1
mywords2tweet,GuzKhanOfficial,1
mywords2tweet,gregmackett,1
n_suri2004,Enraged_Indian,1
n_suri2004,ShashiTharoor,1
naanstopfun,PMOIndia,1
nagaraj_sandra,AmitShah,1
naimishdesai22,Martina,1
naimishdesai22,ajitdatta,1
nainatravelgirl,eyeshwetaaa,1
naini_rajender,BJP4India,1
naini_rajender,INCIndia,1
naini_rajender,INCTelangana,1
naini_rajender,RahulGandhi,1
naini_rajender,manickamtagore,1
naini_rajender,revanth_anumula,1
nallaganesh,techieV2,1
nancy0913dc,INCIndia,1
nancy0913dc,chitraaum,1
narendragawas4,AmitShah,2
narendragawas4,BJP4Goa,1
narendragawas4,BJP4India,2
narendragawas4,CTRavi_BJP,1
narendragawas4,visrane,1
narendramodikaf,Officeofthushar,1
narendramodikaf,narendramodi,1
narendramodikaf,nihalchandindia,1
narendravarma49,divyaspandana,1
narendravarma49,narendramodi,1
nasonworth777,atRachelGilmore,1
nativeprid,TereseMarieM,1
nativeprid,sfchronicle,1
naveenrawath,narendramodi,1
ncbncu,ncbn,1
ndtyagi1955,ProfMKay,1
ne7Pz8I6lN3GmuG,IndianExpress,1
ne7Pz8I6lN3GmuG,RRPSpeaks,1
nealdeo22,AmitShah,3
nealdeo22,PratyushaHSingh,2
neenaRichie33,GCHQ,1
neenaRichie33,LBC,1
neenaRichie33,NCA_UK,1
neenaRichie33,NHPUKOfficial,1
neenaRichie33,ShelaghFogarty,1
neenaRichie33,SpeechUnion,1
neenaRichie33,TiceRichard,2
neenaRichie33,getcarter4,1
neenaRichie33,reformparty_uk,1
neeraj_rajput,RathiSanjeev,1
neeraj_rajput,arunp2810,1
neeraj_rajput,narendramodi,1
nehagawade75,KetansinhS,1
nehagawade75,narendramodi,1
neutralamit,pappuyadavjapl,1
nginguMamoe,TheVuyoBrown,1
nihal_pavan,BJP4India,1
nihal_pavan,BJP4Karnataka,1
nihal_pavan,INCIndia,1
nihal_pavan,KarnatakaModi,1
nihal_pavan,RahulGandhi,1
nihal_pavan,narendramodi,1
nihal_pavan,smritiirani,1
nikhilpghag,HMOIndia,1
nikhilpghag,TimesNow,1
nikhilpghag,americai,1
nikhilpghag,dpradhanbjp,1
nikhilsingh2609,narendramodi,1
nikhilsingh2609,ravishndtv,1
nikunjhpanchal,AmitShah,1
nikunjhpanchal,narendramodi,1
nimaisinha,Dr_RizwanAhmed,1
nishantandrews,narendramodi,1
nishantandrews,sardesairajdeep,1
nishantpant_in,himantabiswa,1
nishantpant_in,zoo_bear,1
nishbha27,grafidon,1
nishbha27,rishibagree,1
nitiesh_sood,ImRo45,1
nitiesh_sood,MuhammadAsif26_,1
nitiesh_sood,babarazam258,1
nitin_nam,CorkytheCat747,1
nitin_nam,POLITICOEurope,1
noel__r,IndiaToday,1
noel__r,MumbaiNCP,1
noendingsight,DDNewsLive,1
noendingsight,IndiaToday,1
noendingsight,RahulGandhi,1
noendingsight,TimesNow,1
noendingsight,ZeeNews,1
noendingsight,aajtak,1
noendingsight,abpnewstv,1
noendingsight,indiatvnews,1
noendingsight,narendramodi,1
noendingsight,news18dotcom,1
noendingsight,republic,1
nofiltermayank,desh_bhkt,1
noorsheriff,JhaSanjay,1
notgagaladee,B5001001101,1
notgagaladee,ImEsthy,1
notgagaladee,KayChangImti11,1
notgagaladee,ShashiTharoor,1
notgagaladee,nick_todays,1
notsxcuc,djkohlic,2
npshn,ESPNcricinfo,1
nripendrabs,narendramodi,1
nrkrkomal,narendramodi,1
nsha611,LBC,1
nsha611,SangitaMyska,1
nusrat_xahra,HamzaMuzaffar23,1
nusrat_xahra,rantspakistani,1
obcmorcha4tshyd,AmitShah,1
obcmorcha4tshyd,BJP4India,1
obcmorcha4tshyd,BJP4OBCMorcha,1
obcmorcha4tshyd,drlaxmanbjp,1
obcmorcha4tshyd,obcmorcha4ts,1
officialrahulks,TheVijayMallya,1
officialrahulks,saharaindia,1
oldetownjames33,JonathonBrent,1
oldetownjames33,LakotaMan1,1
oldetownjames33,NyuJosh,1
oldetownjames33,OneNativeVoice,1
oldetownjames33,Thomas__Nilsson,1
omar_raja1,ANI,1
omarali50,Raven_krishna,1
omkars_handle,Jairam_Ramesh,1
omkars_handle,rishibagree,1
onjayan,INCKerala,1
onjayan,Jeffmat43381747,1
onkarindian,ArvindKejriwal,1
onlynishank,narendramodi,1
onlynishank,rishibagree,1
onwardkerala,rachitseth,1
openmindedatma,Martina,1
openmindedatma,ajitdatta,1
openmindedatma,manishasinghal,1
openmindedatma,vaibhav330,1
ordinarygirlan,ECISVEEP,1
ordinarygirlan,RahulGandhi,1
ordinarygirlan,narendramodi,1
oxforddictionar,ptrmadurai,1
padaliya1707,AmitShah,1
padaliya1707,AmitShahOffice,1
pakkirmoh,thesportsbash,1
palakolworld,kishan_Janasena,1
pan_sinha,ArvindKejriwal,2
panderavi73,JhaSanjay,1
pandit_87,alizeh_99,1
pandit_87,iihtishamm,1
pandit_87,irfanjahangir0,1
pandit_87,knockyouout31,1
pankaj_agrawaal,KamalPremi2,1
pankaj_agrawaal,M_Lekhi,1
pankajagr_2000,MamataOfficial,1
pankajgorde,BJP4India,1
pankajgorde,PMOIndia,1
pankajgorde,Swamy39,1
pankajgorde,narendramodi,1
papondarboliya,AmitShah,1
papondarboliya,CMOfficeAssam,1
papondarboliya,himantabiswa,1
parashargopal,ShashiTharoor,1
parteek649,DC_Gurugram,1
parteek649,MinOfPower,1
parteek649,MoRD_GOI,1
parteek649,PMOIndia,1
parteek649,RajKSinghIndia,1
parteek649,TOIGurgaon,1
parteek649,cmohry,1
parteek649,htTweets,1
parteek649,mlkhattar,1
parteek649,narendramodi,1
parteek649,ndtv,1
parteek649,rajnathsingh,1
parthasarathyTN,Eeepaa,1
pateldev1704,AkshayMarathe,1
pateldev1704,ShivamSanghi12,1
pathare_vishwa,ZeeNews,1
pathare_vishwa,narendramodi,1
pavankumar04,AmitShah,1
pawan0773,SudhanshuTrived,1
pawanbargal2,AmitShah,1
pbala1978,AmitShahOffice,1
pbimal_,narendramodi,1
pbimal_,sunandavashisht,1
pburavalli,Iyervval,1
pburavalli,TwitterIndia,1
pburavalli,jack,1
pburavalli,narendramodi,1
pburavalli,realDonaldTrump,1
pcjodukallu,ECISVEEP,1
pcjodukallu,INCIndia,1
pcjodukallu,INCKarnataka,1
pcjodukallu,narendramodi,1
penpapper2311,9943rajat,1
penpapper2311,AnilSaxena16,1
penpapper2311,HadaKamlendra,1
penpapper2311,Vaibhav59517879,1
penpapper2311,VikasSu75886202,1
penpapper2311,VishnuR11725598,1
penpapper2311,YouthMovement16,1
penpapper2311,ayushsuman7023,1
penpapper2311,narendramodi,1
penpapper2311,shashwats16,1
penpapper2311,vishnurathore99,1
philpjg,tavleen_singh,1
pictureworks,MerielMyers,1
pigglymoon,ShelaghFogarty,1
pigglymoon,rick_rampal,1
pinakparekh4u,PMOIndia,1
pinakparekh4u,narendramodi,1
pinakparekh4u,niv_rathi,1
pkm1999,ANI,1
pkm1999,TVMohandasPai,1
pkm1999,davidfrawleyved,1
pkm1999,mihirssharma,1
pkm1999,sumanthraman,1
pkm1999,tjoseph0010,1
pmkv27,BJP4India,1
pmkv27,RahulGandhi,1
pmkv27,narendramodi,1
pml8411,rodbeaton1949,1
politics__sport,aaliaaaliya,1
politics__sport,ahadfoooty,1
politics__sport,nassercricket,1
politics__sport,shoaib100mph,1
politics_socio,APPOLICE100,1
politics_socio,AskAnshul,1
politics_socio,NCWIndia,1
politics_socio,sharmarekha,1
politics_socio,ysjagan,1
poljino,RahulGandhi,1
pononline,AIADMKOfficial,1
pononline,khushsundar,1
pononline,narendramodi,1
ppareek8837,GauravPandhi,1
ppareek8837,PMOIndia,1
ppareek8837,PMOIndia_RC,1
ppareek8837,narendramodi,1
prabinkp,AmitShah,1
prabinkp,AmitShahOffice,1
pradeepdilse_,BJP4Delhi,1
pradeepdilse_,iRakeshPanday,1
pradipmder00,RahulGandhi,1
prafful_sarda,AshishSinghLIVE,1
prafful_sarda,EconomicTimes,1
prafful_sarda,aashish81us,1
prafful_sarda,jigneshmevani80,1
prafful_sarda,narendramodi,1
prafful_sarda,narendramodi_in,1
prafful_sarda,vinay1011,1
prafulm1307,waglenikhil,1
pragmaticwriter,BJP4India,1
pramodhima,narendramodi,1
prashantbandya,JayShah,1
prashantynd45,ANI,1
prashantynd45,ArvindKejriwal,1
prashantynd45,HaryanaKesari,1
prashantynd45,Jansatta,1
prashantynd45,NaveenJaihind,1
prashantynd45,OfficeOfJaihind,1
prashantynd45,PTI_News,1
prashantynd45,mhonenews,1
prashantynd45,news24tvchannel,1
prateekhaldipur,ImranKhanPTI,1
prateekhaldipur,RahulGandhi,1
prateekhaldipur,narendramodi,1
prateekmishra_1,narendramodi,1
prateekpatro3,BJP4India,1
prateekpatro3,narendramodi,1
prathod2008,AmitShah,1
prathod2008,narendramodi,1
pratik_malpure,narendramodi,1
pratikgunnhal,AkhilVargheseK,1
pratikgunnhal,AslamWani2,1
pratikgunnhal,Konkani_babu,1
pratikgunnhal,ReutersIndia,1
pratikj06865444,Indian_Analyzer,1
pratikj777,ANI,1
pratikmukane,RahulGandhi,1
pratul_mall,DalitCongressUP,1
praveen_menon,SitaramYechury,1
praveenv88,Martina,1
praveenv88,ajitdatta,1
praveenv88,manishasinghal,1
pravingandhino1,EtvGujaratiNews,1
pravingandhino1,Gujarat1st,1
pravingandhino1,INCIndia,1
pravingandhino1,RatanSharda55,1
pravingandhino1,TimesNow,1
pravingandhino1,gauravbh,1
pravingandhino1,navikakumar,1
pravingandhino1,nsitharaman,1
pravingandhino1,sumanthraman,1
pravinmalibjp,narendramod,1
pravinmalibjp,narendramodi,1
prem_janardhan,BlkpillBrahmin,1
prem_janardhan,LinBiYao,1
prem_janardhan,TheBluePen25,1
prem_janardhan,beemji,1
prem_janardhan,rangakrishnan1,1
prem_janardhan,sansbarrier,1
prem_janardhan,sgurumurthy,1
prem_janardhan,tmkrishna,1
prem_janardhan,vignesh25037794,1
prgti_bhaira,RahulGandhi,1
prgti_bhaira,abpnewstv,1
prgti_bhaira,narendramodi,1
primination,LadlaMemer,1
primination,ShezamKhan,1
pritesh_vrit,AmitShah,1
profpratap,BJP4India,1
profpratap,INCIndia,1
profpratap,sherryontopp,1
pronami007,apurvaparikh18,1
pronami007,mgnayak5,1
proudafridians,SAfridiOfficial,1
psjneeraj551,AmitShah,1
pulimajjige,kamaalrkhan,1
pulimajjige,ln_1718,1
punebjp,SureshNakhua,1
pvrao301,AmitShah,1
pvrao301,BJP4India,1
pvrao301,SafronSuporters,1
python_help,Harvard,1
python_help,Meta,1
python_help,NobelPrize,1
quithypocrisy,NCMIndiaa,1
quithypocrisy,pilibhitpolice,1
r4vs5i,MitandGrit,1
r_rinju,Martina,1
r_rinju,RanaAyyub,1
r_rinju,_antithesis_1,1
raayar,AmitShah,1
raayar,BJPSanjayJoshi,1
raayar,ChouhanShivraj,1
raayar,DainikBhaskar,1
raayar,MPRakeshSingh,1
raayar,NandKumarSinghC,1
raayar,News18India,1
raayar,OfficeofSSC,1
raayar,PMOIndia,1
raayar,PiyushGoyal,1
raayar,Ramlal,1
raayar,TCGEHLOT,1
raayar,ZeeNewsHindi,1
raayar,abpnewshindi,1
raayar,narendramodi,1
raayar,nstomar,1
raayar,paritosh2608,1
raayar,sonugehlot3,1
raayar,vinay1011,1
raaz_india,ArfaSays_,1
raghav2k,Manekagandhibjp,1
raghav2k,ShefVaidya,1
raghavgauri,yadavakhilesh,1
raghu21886,ShekharGupta,1
raghu_telugu__,drmahishmak,1
rahulrpatel27,narendramodi,1
rahulrpatel27,smritiirani,1
rahulshri24,ManmohanSinghPM,1
rahulshri24,vivekoberoi,1
rahulsofficial,Shehzad_Ind,1
rahulsrv786,iammegha12,1
rahulsrv786,narendramodi,1
rajabhi123,ANI,1
rajabhi123,AamAdamiParty,1
rajabhi123,ArvindKejriwal,1
rajabhi123,manish_sisodiya,1
rajcto,INCIndia,1
rajcto,narendramodi,1
rajeev51jc,anandmahindra,1
rajeewsingh,medardipretto,1
rajeshkshitij,News18CG,1
rajeshkshitij,News18MP,1
rajgopalnb,PChidambaram_IN,1
rajgopalnb,RvUpadhya,1
rajnish1Midas,JeenalNGalaINC,1
rajuabraham1,SitaramYechury,1
rajveer34567,AmitShah,1
rajveer34567,INCIndia,1
rajveer34567,RahulGandhi,1
rajveer34567,narendramodi,1
rakame_2,WahabViki,2
rakame_2,longoff6,2
rakeshpatiBJP,AmitShah,1
ram_tiwari_,DivyaMaderna,1
ramachandra_vr,SaketGokhale,1
ramachandra_vr,tavleen_singh,1
raman_thakor,mygovindia,1
raman_thakor,narendramodi,1
rambhaktravan,LiveLawIndia,2
rambhaktravan,SupradeepM,2
rambiritchv,BranSta69985577,1
rameshsays,madversity,1
ramuhmn,ShivamJ24,1
ramuhmn,bhatia_niraj23,2
ramuhmn,dev_19112001,1
ramuhmn,jubbajai,1
rangarajan123,INCIndia,1
rangarajan123,Jairam_Ramesh,1
rangarajan123,SanghiSanatani,1
rangarajan123,vazhapadi,1
rangats,CPRBJP,1
rangats,DrJJayavardhan,1
rangats,DrTamilisaiBJP,1
rangats,HRajaBJP,1
rangats,NainarBJP,1
rangats,PonnaarrBJP,1
rangats,TTVDhinakaran,1
rangats,narendramodi,1
ranjalrajesh,AmitShah,1
ranjalrajesh,Swamy39,1
ranjalrajesh,narendramodi,1
ranjalrajesh,rvaidya2000,1
rans_tanny,ANI,1
rassperr,BCCI,1
rassperr,ICC,1
rassperr,SanamShahzad115,1
rassperr,TheRealPCB,1
rassperr,TheRealPCBMedia,1
rassperr,faizanlakhani,1
ravikantagaur,ShashiTharoor,1
ravikudupa,TheGopalan,1
ravikudupa,VJsapps,1
ravikudupa,sonal20112,1
ravipolara,DDNewsLive,1
ravipolara,narendramodi,2
ravipolara,rajyasabhatv,1
ravispandey,IndianExpress,1
ravispandey,ShashiTharoor,1
ravm6780,Sameykhan2,1
rd202021,narendramodi,1
rd202021,tv9gujarati,1
realdeshbhakt10,Kareena__Kpn1,1
reddycnuk,AmitShah,1
regovernon,INCIndia,1
regovernon,RahulGandhi,1
regovernon,ShashiTharoor,1
regovernon,kharge,1
rehankhan1461,RVCJ_FB,1
rhyming_robot,KiranKS,1
richajourno,BJP4India,1
richajourno,ImranKhanPTI,1
richajourno,NewIndianXpress,1
richajourno,RahulGandhi,1
richajourno,narendramodi,2
richajourno,rssurjewala,1
riddle_me_thiss,kunalkamra88,1
riddle_me_thiss,narendramodi,1
riding_my_duck,ArfaSays_,1
rightwingleftis,VeengasJ,1
rightwingleftis,crank00711122,1
rishabhm1121,RehanAslam_07,1
rishjain2507,narendramodi,1
riteshrajsharma,manoharparrikar,1
riteshrajsharma,narendramodi,1
rituparnasarm10,GurudattBK,1
rituparnasarm10,KartiPC,1
rituparnasarm10,PMOIndia,1
rituparnasarm10,narendramodi,1
rituparnasarm10,santheepnair,1
rizwanreshi4,ashoswai,1
rjindalrs,PMOIndia,1
rjindalrs,narendramodi,1
rkd_sharma,BJP4India,1
rkd_sharma,TIME,1
rkd_sharma,aajtak,1
rkd_sharma,indiatvnews,1
rkd_sharma,ndtv,1
rkd_sharma,republic,1
rkd_sharma,sambitswaraj,1
rkkrishnark,narendramodi,1
roarDworld,DarshanaJardosh,1
roarDworld,HetavPatelBJP,1
roarDworld,Proud_Hindu_PS,1
roarDworld,RahulGandhi,1
roarDworld,RishiMishra_,1
roarDworld,SengarAjay505,1
roarDworld,ads7506,1
roarDworld,jeetensingh,1
roarDworld,kashyap9991,1
roarDworld,mvnair212,1
roarDworld,narendramodi,1
roarDworld,saagar_anand,1
roarDworld,sir_jenishpatel,1
rocky_coool,narendramodi,1
rohanChahar05,ICC,1
rohanChahar05,ha_taang,1
rohit1286,INCIndia,1
rohit_deswal02,ArvindKejriwal,1
rohit_deswal02,narendramodi,1
romy1965,SunilKudva,1
romy1965,ajay43,1
romy1965,mkatju,1
romy1965,narendramodi,1
rowdy_ranganna,BBCNews,1
royalamitsingh,AKHOURINISHANT2,1
royalamitsingh,OptimistShyamal,1
royalamitsingh,PrashantKishor,1
rraina1481,SalmanSoz,1
rrravi51,sujayak,1
rustedcadets,sudhirchaudhary,1
ruthcyr6,vee_c_w,1
ruutvij,CEO_Maharashtra,1
ruutvij,PMOIndia,1
ruutvij,RahulGandhi,1
ruutvij,narendramodi,1
rvishwar,ANI,1
s_mamta99,NipulPau,1
s_mamta99,mgnayak5,1
s_satire,DainikBhaskar,1
s_satire,RahulGandhi,1
s_satire,narendramodi,1
sachdevagaurav,UnSubtleDesi,1
saeed_naqvijour,GerryAdamsSF,1
safkass,AmitShah,1
safkass,BJP4India,1
safkass,narendramodi,1
sagarlohatkar,ArvindKejriwal,1
sagartrueindian,narendramodi,1
saharsh_badyal,smokinadi,1
sahilchapalgao1,BhattRohin,1
sahilchapalgao1,PriyankaPulla,1
sahilchapalgao1,monteskw,1
sahoomsmahi,ArvindKejriwal,1
sahoomsmahi,msisodia,1
saini1249,AmitShah,1
saini1249,BJP4India,1
saini1249,TajinderBagga,1
saini1249,arunjaitley,1
saini1249,narendramodi,1
saini1249,rajnathsingh,1
saipurnima_Kgm,AmitShah,1
saipurnima_Kgm,AmitShahOffice,1
saira_stockBULL,madhukishwar,1
saira_stockBULL,narendramodi,1
saketbgu,madversity,1
saksham1211,PMOIndia,1
saksham1211,narendramodi,1
saltnpeppa95,DavidCRooney1,1
saltnpeppa95,tylercoates,1
samarth_dubey29,SachinPandeyATD,1
samarth_dubey29,SirClouseau,1
samarth_dubey29,bainjal,1
samarth_dubey29,dghconference,1
sambhadu,narendramodi,1
samnedumchira,narendramodi,1
samonwheel,narendramodi,1
sampathkumarpsk,JayShah,1
sampathkumarpsk,amarprasadreddy,1
samyanika,YashwantSinha,1
samyanika,narendramodi,1
sanatanDha,BorisJohnson,1
sanatanDha,MinhazMerchant,1
sanatanDha,RishiSunak,1
sanbhalko,amitmalviya,1
sanchana27,AmitShah,1
sanchana27,AmitShahOffice,1
sandeepsebol,ShashiTharoor,1
sandisaksena,RishiSunak,1
sandisaksena,YouTube,1
sandybond001,ndtv,1
saneyedoc,narendramodi,1
sangwords,KTRTRS,1
sangwords,RobinZaccheus,1
sanjaypatil4bjp,AmitShah,1
sanjeev10091940,rishibagree,1
sanjeevchadha8,AkshayAnandShri,1
sanjeevhapur,BJP4India,1
sanjeevhapur,Ish_Bhandari,1
sanjeevhapur,darabmansoorali,1
sanjeevhapur,narendramodi,1
sanjeevhapur,yadavakhilesh,1
sanjoychakra,ShampaDey13,1
sanjoychakra,bidishapsgs,1
sanjukta,RahulGandhi,1
sankalpbhaireli,narendramodi,1
santosh0535,NaaIsm,1
sarcosnoufil,BCCI,1
sarcosnoufil,JayShah,1
sarcosnoufil,ShelarAshish,1
sarcosnoufil,ThakurArunS,1
sareenamar,dilipjain1979,1
sareenamar,narendramodi,1
sareenamar,thewire_in,1
sarijul75,INCIndia,1
sarijul75,ShashiTharoor,1
sashukrishnan,AmitShah,1
sashukrishnan,DevanathayadavT,1
sashukrishnan,blsanthosh,1
sastryhind87,narendramodi,1
satish3nair,BCCI,1
satisharma09,AmitShah,1
satisharma09,BJP4India,1
satisharma09,PMOIndia,1
satisharma09,republic,1
satyabrs,gganeshhh,1
satyavaanX,BesuraTaansane,1
satyavaanX,BroadWit,1
saurabhdutta22,AnumaVidisha,1
saurabhdutta22,Jairam_Ramesh,1
saurabhdutta22,LambaAlka,1
saurabhdutta22,SurrbhiM,1
saurabhdutta22,arunagg007,1
saurabhdutta22,khan_tannam,1
saurav_jain07,BCCI,1
savillj013,DrAshSays,1
savillj013,MrDenmore,1
savitha_rao,GajananKirtikar,1
savrambharubhai,PatelParbatbhai,1
savrambharubhai,Shaileshbjym1,1
savrambharubhai,narendramodi,1
saying_as_it_is,INCIndia,1
saying_as_it_is,priyankagandhi,1
sayyad_arshi,PraveenAnanth9,1
sayyad_arshi,thedevil_ind,1
sayyam_here,WisdenCricket,1
sbajpai2811,AmitShah,1
sbajpai2811,BJP4UP,1
sbajpai2811,myogiadityanath,1
sbajpai2811,narendramodi,2
scroll_in,ShoaibDaniyal,7
sdeora601,ANI,1
sdeora601,AmitShah,1
sdeora601,UN,1
sdeora601,akshaykumar,1
sdeora601,narendramodi,2
seenuvaidya,AmitShah,1
seismorevanth,IndiaToday,1
seismorevanth,NayakRagini,1
seismorevanth,RahulGandhi,1
seismorevanth,_YogendraYadav,1
seismorevanth,sardesairajdeep,1
sekharraja13,HANSEN_SOGROOVY,1
serna_ns,IndiaHistorypic,1
sexydawg1,BJP4India,1
sexydawg1,divyaspandana,1
sexydawg1,narendramodi,1
sgirjals,C90284166,1
sgirjals,NewIndianXpress,1
sgirjals,ss_suryawanshi,1
shafeeq_17,anandmahindra,1
shailesh__9,Cricketracker,1
shaileshbrahm,ArvindKejriwal,1
shajijoy,BDUTT,1
shajijoy,KTRTRS,1
shajijoy,LambaAlka,1
shajijoy,isai_,1
shajijoy,juhiesingh,1
shajijoy,pbhushan1,1
shajijoy,prakashraaj,1
shajijoy,sanket,1
shajijoy,satishacharya,1
shajijoy,yadavtejashwi,1
shajijoy,ysathishreddy,1
shajijoy,zoo_bear,1
shakilsh58,CMShehbaz,1
shakilsh58,HamidMirPAK,1
shakilsh58,najamsethi,1
shankarvarma63,OpIndia_com,1
shankarvarma63,the_priyanshuu,1
sharanu_ja,rockyandmayur,1
sharmaabhinav97,WeAreHimachalis,1
shashikant17,iKabirBedi,1
shashikant17,narendramodi,1
shashwat0504,isay_nobita,1
she_abhishek,RahulGandhi,1
she_abhishek,narendramodi,1
shirishag75,Enraged_Indian,1
shirishag75,bateshwar62,1
shirishag75,nitin_gadkari,1
shirishag75,ram_bomble,1
shirodhrit,SmestarZ,1
shirodhrit,vivekagnihotri,1
shivapansari,Aabhas24,1
shivapansari,Sithedi2,1
shivapansari,ragways,1
shivji1008,AnumaVidisha,1
shivji1008,zoo_bear,1
shobhana222,AamAadmiParty,1
shobhana222,ArvindKejriwal,1
shobhana222,INCIndia,1
shobhana222,ashutosh83B,1
shobhana222,narendramodi,1
shobhana222,yadavakhilesh,1
showmeyouradhar,alishan_jafri,1
shravan_THADANI,hvgoenka,1
shreerokz,Selvakumar_IN,1
shrinihtmumbai,narendramodi,1
shrinkharis,DeekshaNRaut,1
shripad_krishna,szhang_ds,1
shuru12383,YusufDFI,1
shyamjra,AamAadmiParty,1
siddharthrvyas,ANI,1
siddharthrvyas,cbic_india,1
siddiquiimam57,Abhinav_Pan,1
singh_drmanisha,Martina,1
singh_drmanisha,ajitdatta,1
singhratan656,ArvindKejriwal,1
singhratan656,Mayawati,1
singhratan656,RahulGandhi,1
singhratan656,yadavakhilesh,1
sirajul,narendramodi,1
sishaaver,ishaantharoor,1
sishaaver,kapskom,1
sistla_sujatha,AmitShah,1
sixsigma896,Cricketracker,1
siyawardas,Ra_Bies,1
sjsuspartan,INCIndia,1
sjsuspartan,JhaSanjay,1
sjsuspartan,priyankac19,1
sk05_k,INCIndia,1
sk05_k,kharge,1
sk05_k,narendramodi,1
sleepyhead1892,RahulGandhi,1
sleepyhead1892,narendramodi,1
smfaizhaider,RahulGandhi,1
smfaizhaider,firstpost,1
smfaizhaider,narendramodi,1
smita_muk,ECISVEEP,1
smita_muk,narendramodi,1
snehalpatel1958,BesuraTaansane,1
sniffthenews,ModiLeDubega,1
sohailakber71,BCCI,1
sohailakber71,vikrantgupta73,1
solankarganapat,AmitShah,1
soniarehimtulla,IndianWoman16,1
soniarehimtulla,narendramodi,1
soubhagya_bal,narendramodi,1
souravconnects,AamAadmiParty,1
spidey_18,Martina,1
spkathirvel1,ADMKManamadurai,1
spkathirvel1,ADMK_Chennai,1
spkathirvel1,ADMK_Isaikalai,1
spkathirvel1,ADMK_Karur,1
spkathirvel1,ADMKofficial,3
spkathirvel1,AD_DINESH,1
spkathirvel1,AIADMKITWINGOFL,3
spkathirvel1,AIADMKOfficial,4
spkathirvel1,AiadmkTrends,1
spkathirvel1,CVShanmugamofl,1
spkathirvel1,DevanathayadavT,1
spkathirvel1,Dhanaakutty1,1
spkathirvel1,Dharmaselva11,2
spkathirvel1,DilleepRavi,1
spkathirvel1,DrKrishnasamy,2
spkathirvel1,DrVpb,2
spkathirvel1,EPS4TamilNadu,1
spkathirvel1,EPSTamilNadu,14
spkathirvel1,ErGobinath_Admk,1
spkathirvel1,GowriSankarD_,4
spkathirvel1,Gowthamadmk1216,1
spkathirvel1,IndiraniSudala1,3
spkathirvel1,ItNagaram,1
spkathirvel1,JananiiSathish,1
spkathirvel1,JeevaS92,1
spkathirvel1,KazhagaAtchi,1
spkathirvel1,KovaiSathyan,2
spkathirvel1,Kovaimanoj,2
spkathirvel1,Krishnavijay152,1
spkathirvel1,MEYY_ADMK,1
spkathirvel1,MalaimurasuTv,2
spkathirvel1,MalathiA16,1
spkathirvel1,MinnalMurali6,2
spkathirvel1,MulanurTamil,1
spkathirvel1,NEWSAIADMK,1
spkathirvel1,Nareshh070391,2
spkathirvel1,News18TamilNadu,2
spkathirvel1,NewsTamilTV24x7,1
spkathirvel1,PBenjaminoffl,1
spkathirvel1,PTTVOnlineNews,1
spkathirvel1,PugalAdmk,1
spkathirvel1,Pvp5566778899,2
spkathirvel1,RJK51434103,5
spkathirvel1,RamaAIADMK,2
spkathirvel1,SHYAMKUMARBL,1
spkathirvel1,SPVelumanicbe,2
spkathirvel1,STThirunavukka1,1
spkathirvel1,Seattaikarthik1,2
spkathirvel1,Senthil_AIADMK,1
spkathirvel1,SivarajKnr,1
spkathirvel1,TMCforTN,1
spkathirvel1,TSaseekumar,1
spkathirvel1,ThanthiTV,1
spkathirvel1,Vijayak67301775,1
spkathirvel1,Vinayak14188891,3
spkathirvel1,WebAiadmk,2
spkathirvel1,abpnadu,1
spkathirvel1,adp_dhandapani,1
spkathirvel1,bd289342bfe54a6,2
spkathirvel1,edapadiyaar,1
spkathirvel1,eps_squad,1
spkathirvel1,gopalcobler,4
spkathirvel1,jeyabalanrk,1
spkathirvel1,karthickselvaa,1
spkathirvel1,karthik_nmkl,1
spkathirvel1,lakhinathan,1
spkathirvel1,mkstalin,1
spkathirvel1,nandhagibbs,2
spkathirvel1,news7tamil,1
spkathirvel1,nilapen12,1
spkathirvel1,polimernews,1
spkathirvel1,punkunran1,1
spkathirvel1,rajanchellppavv,1
spkathirvel1,sarun003,1
spkathirvel1,satyenaiadmk,13
spkathirvel1,sivakumarvmp,1
spkathirvel1,sriram1202,1
spkathirvel1,venkatadmk10,1
spkathirvel1,vimalAiadmk,1
spotanish,satishacharya,1
sridharkswamy,mishraboi,1
sridharkswamy,tehseenp,1
sriramprasann15,FirdausLaibah,1
sriramprasann15,SmokingLiberals,1
sriramprasann15,desimojito,1
sriramprasann15,niiravmodi,1
srvicky21,ArvindKejriwal,1
srvicky21,narendramodi,1
srvicky21,ndtv,1
srvicky21,ndtvfeed,1
ss_gurprit,narendramodi,1
ssavinash,narendramodi,1
ssavinash,siddaramaiah,1
sshubh111,AvinashArya09,1
sshubh111,Long_punter,1
sshubh111,ShahidAslam87,1
ssjgov,RenonFurnishing,1
ssjgov,Shehzad_Ind,1
stand4Gazaa,cjwerleman,1
starchangemaker,ANINewsUP,1
starchangemaker,AmitShah,1
starchangemaker,BJP4India,1
starchangemaker,maheshpoddarjhr,1
starchangemaker,narendramodi,1
sthyagu,ikamalhaasan,1
sthyagu,maiamofficial,1
str_gzing,CNNnews18,1
str_gzing,bhupendrachaube,1
str_gzing,narendramodi,1
subratnayak61,2014election,1
subratnayak61,AprajitaSarangi,1
subratnayak61,PMOIndia,1
subratnayak61,narendramodi,1
suddhya,republic,1
sudha2shekhar,narendramodi,1
sudhamanibjp,AmitShah,1
sudhamanibjp,AmitShahOffice,1
sudhamanibjp,VanathiBJP,1
sudhamanibjp,annamalai_k,1
sudhamshu,peeleraja,1
sufisid99,narendramodi,1
sujata_trivedi,BJP4India,1
sujata_trivedi,JagranNews,1
sujata_trivedi,arunjaitley,1
sukritic1,AHSN_DF,1
sukritic1,HemaKalyan,1
sukritic1,SinghAvinash_03,1
sukritic1,TheDogMother_,1
sukritic1,Vibhachugh1,1
sukritic1,joedelhi,1
suman_singh696,BrettMo88596801,1
suman_singh696,DefenceU,1
suman_singh696,Egitaniense,1
suman_singh696,_FrankWestphal,1
suman_singh696,_dancing_wind_,1
sumankr8,Airtel_Presence,1
sumankr8,airtelindia,1
sumankr8,narendramodi,1
sumanpoddar14,INCIndia,1
sumanpoddar14,RahulGandhi,1
sumanth_palepu,AmitShah,1
sumitbehl,AmitShah,1
sumitbehl,KapilMishra_IND,1
summertime168,prashant_m1,1
sunder121,ashooke123,1
sunder121,rose_k01,1
sunil2819,AcharyaPramodk,1
sunil2819,ArvindKejriwal,1
sunil2819,INCIndia,2
sunil2819,Jairam_Ramesh,2
sunil2819,ManishTewari,2
sunil2819,Minakshishriyan,1
sunil2819,SachinPilot,2
sunil2819,ShashiTharoor,2
sunil2819,capt_mishra,1
sunil2819,kharge,1
sunil2819,mini_razdan10,1
sunil2819,seriousfunnyguy,1
sunildeesu,iamsulemanraza,1
sunilfois,BJP4India,1
sunilfois,IndianExpress,1
sunny_mannumood,Subytweets,1
sunnyyy58001113,Martina,1
sunnyyy58001113,ajitdatta,1
supermarthyper,BeserkerGuts,1
supermarthyper,anmolsngl02,1
surendrakar3,_pallavighosh,1
suresham_,BJPLive,1
suresham_,HVenkatarajan,1
suresham_,jaymohan,1
suresham_,narendramodi,1
sureshs86737826,AamAadmiParty,1
sureshs86737826,SanjayAzadSln,1
sureshverma13,kaushikcbasu,1
surgicalstrike3,BJP4India,1
surgicalstrike3,narendramodi,1
surgicalstrike3,swapan55,1
sushyakulkarni,narendramodi,1
svsrinivas17,AmitShah,1
swarajk_,TheWand68425335,1
swatichopra1,MohsinaKidwai,3
swatichopra1,sunetrac,1
swatskat,AmitShah,1
swatskat,narendramodi,1
swodinsky,broderick,1
syedibrahim431,CNNnews18,1
syedibrahim431,DrJitendraSingh,1
syedibrahim431,narendramodi,1
syedssgks,narendramodi,1
tRaginiKapoor,arunjaitley,1
tahzeeb_e_hind,TheSouthfirst,1
tahzeeb_e_hind,newsjunkiemp,1
tahzeeb_e_hind,satishacharya,1
tarboozreturn,LinBiYao,1
tarunbhalla06,BJPSilchar,1
tarunbhalla06,narendramodi,1
teaokatoa,tauhenare,1
teecee120,7ven_zw_org,1
teecee120,amaizuskitchen,1
teecee120,freddyMM93,1
tejpeer,DrHanj,1
tejpeer,RGagroo,1
tejpeer,Riteshgupta2109,1
tejpeer,VandanaJayrajan,1
tejpeer,_NAN_DINI,1
tejpeer,ashokpeer,1
tejpeer,divya_16_,1
tejpeer,narendramodi,1
tejpeer,rkenue,1
tejpeer,sunil_trv,1
tejpeer,trakroo_shiban,1
tejpeer,vel_jaya,1
tejpeer,vinod_sharma,1
tejpeer,vivekagnihotri,1
teri_terrible,LakotaMan1,1
tfarcdrow,AnupamPKher,1
tfarcdrow,BrakeSwitch,1
tfarcdrow,ECISVEEP,1
tfarcdrow,Gen_VKSingh,1
tfarcdrow,RBI,1
tfarcdrow,freefrank992,1
tfarcdrow,narendramodi,1
thakre_aarya,Pun_Starr,1
thakurhpkangra,Gurubhat_,1
thakurhpkangra,narendramodi,1
theLokeshV,rishibagree,1
theLokeshV,sonali210g,1
the_AnuBhavKr,narendramodi,1
the_ajitsingh,BorisJohnson,1
the_ajitsingh,SkyNews,1
the_ajitsingh,Stone_SkyNews,1
the_ajitsingh,naomi2009,1
the_taagung,ECISVEEP,1
the_taagung,narendramodi,1
thebishtx,IAF_MCC,1
thebishtx,adgpi,1
thebishtx,narendramodi,1
thebishtx,nsitharaman,1
thehannyjain,narendramodi,1
thepolicytimes,uddhavthackeray,1
thesamaynews,AmitShah,1
thesamaynews,BJP4India,1
thesamaynews,Naveen_Odisha,1
thesuryajha,AmitShah,1
thinkof_quasars,reddit_lies,1
thinkshreyas,kavita_krishnan,1
thomasguy789,Athlemophobia,1
timeforjaya,BhaJaPod,1
tinucherian,ShashiTharoor,1
titus_nithin,BJP4India,1
titus_nithin,CNNnews18,1
titus_nithin,INCIndia,1
titus_nithin,RahulGandhi,1
titus_nithin,narendramodi,1
tohidivity,priyankagandhi,1
tpofw14,DrGPradhan,1
tpofw14,hindupost,1
tpofw14,narendramodi,1
tpofw14,pGurus1,1
tpofw14,postcard_news,1
tracaratan,AudreyTruschke,1
tracaratan,RahulGandhi,1
tracaratan,narendramodi,1
transhumanist_,QaziRazaUlHaq3,1
transhumanist_,majorgauravarya,1
trust_in_nature,Atriyaeducation,1
trust_in_nature,BagathNomula,1
trust_in_nature,JAGANTRS,1
trust_in_nature,KTRTRS,1
trust_in_nature,KonathamDileep,1
trust_in_nature,ManchireddyTRS,1
trust_in_nature,MutaGopal,1
trust_in_nature,USrinivasGupta,1
trust_in_nature,Vidyasagarrao_K,1
trust_in_nature,prakashraaj,1
trust_in_nature,trspartyonline,1
tubaprlkcfc,HoopAficionado,1
tuwiceuuu,inquirerdotnet,1
tuwiceuuu,jasonborned,1
tweet2anirudha,narendramodi,1
twitpc08,ArvindKejriwal,1
twitteer_450,DennisCricket_,1
twstopsfreespch,klrahul0122,1
twstopsfreespch,nistula,1
twstopsfreespch,vasudha_ET,1
u21himanshu,ABPNews,1
u21himanshu,PMOIndia,1
u21himanshu,RailMinIndia,1
u21himanshu,RailwaySeva,1
u21himanshu,aajtak,1
ubaidrabbi,ESPNcricinfo,1
udaymenon57,gauravsabnis,1
udayvirgarg,ESPNcricinfo,1
ultimate4all,AamAadmiParty,1
ultimate4all,msisodia,1
umakantsingh_IN,MamataOfficial,2
umakantsingh_IN,Mayawati,1
umakantsingh_IN,samajwadiparty,1
umang_indian,KTRTRS,1
umaransari94,j_dhillon8,1
umesh_shandilya,vikrantgupta73,1
unlimited_women,Francis_Joseph,1
unlimited_women,moubanerjee28,1
unlimited_women,suneetadhar,1
unsc1325,Gingerly636,1
ursjaggu,indian_liberals,1
ursjaggu,narendramodi,1
urstrulyVenkata,RaoMlc,1
urstrulyVenkata,narendramodi,1
usmannghani,kritiitweets,1
vala_khima,AmitShah,1
valvir_chauhan,ArfaSays_,1
valvir_chauhan,Priyans12183206,1
valvir_chauhan,qaziasadurehman,1
van_vij,tavleen_singh,1
vastuinfo,narendramodi,1
vbjchem,SpeakingTigers,1
veerbahaduradv,AmitShah,1
veerbahaduradv,BJP4India,1
veerbahaduradv,narendramodi,1
veerbahaduradv,ptshrikant,1
vegasdoxidog,BillKristol,1
venkatcm,sardesairajdeep,1
venkybengaluru,Martina,1
vgstp88,ArvindKejriwal,1
vgstp88,msisodia,1
vgstp88,rohini_sgh,1
vickz74,INCIndia,1
vijayakumarvad3,BCCI,1
vijayakumarvad3,ImSaeedAnwar,1
vijayakumarvad3,OfficialPSL,1
vijayakumarvad3,TheRealPCB,1
vijaybpujari,CRAGHUNATH1,1
vijaybpujari,aamir_khan,1
vijaybpujari,akshaykumar,1
vijaybpujari,kavita_krishnan,1
vijsub,DVSBJP,1
vijsub,PMOIndia,1
vijsub,narendramodi,1
vikash_online99,AmitShah,1
vikash_online99,AmitShahOffice,1
vikasku02219136,RahulGandhi,1
viki_im,BJP4India,1
viki_im,PMOIndia,1
viki_im,narendramodi,2
viki_im,narendramodi177,1
viki_im,sudhirchaudhary,1
vikkichoudhry,INCMP,1
vikkichoudhry,PMOIndia,1
vikkichoudhry,narendramodi,1
vikram140gulati,narendramodi,4
vikshi1311,aajtak,1
vikshi1311,rahulkanwal,1
vikshi1311,shivamudgil,1
vilobhpatankar,narendramodi,1
vineet66,MisaoHarry,1
vineet66,RahulGandhi,1
vineet66,narendramodi,1
vineet66,ndtv,1
vinoims,saliltripathi,1
vipul2777,RoshanKrRai,1
vipulmatrix,RURALINDIA,1
viralrg,drumamehta,1
vishesh_srt,ShashiTharoor,1
visheshsahni15,narendramodi,1
vivdragon2006,abpnewstv,1
vivdragon2006,narendramodi,1
vivekkalra,DibyasinhaSaho1,1
vivekkalra,RahulGandhi,1
vivekkalra,imviratkohli,1
viveksingaram,BJP4India,1
viveksingaram,attomeybharti,1
viveksingaram,narendramodi,1
vjshankar,INCIndia,1
vjshankar,KartiPC,1
vjshankar,ShashiTharoor,1
vjshankar,arbitram,1
vjshankar,jeysridhar1,1
vkc1000,narendramodi,1
vmurali001,PChidambaram_IN,1
vnitsingh,BCCI,1
vnitsingh,JayShah,1
vokkaliga007,AmitShah,2
vokkaliga007,BJP4India,2
vokkaliga007,narendramodi,2
vokkaliga007,snsachinnandu,1
vpankaj1,BJP4Haryana,1
vpankaj1,JPNadda,1
vpankaj1,narendramodi,1
vpp_nkg,PSarbabidya,1
vpp_nkg,Swamy39,1
vrikrodara1718,iihtishamm,1
vrmahajan,RCBTweets,1
vrmahajan,narendramodi,1
vskutwal666666,AmitShah,1
vskutwal666666,narendramodi,1
vvenkataramu,INCIndia,1
vvenkataramu,PChidambaram_IN,1
vvenkataramu,ShashiTharoor,1
vvenkataramu,ghulamnazad,1
vvenkataramu,sagarikaghose,1
vvenkataramu,timesofindia,1
vyasa1968,JBS280,1
vyasa1968,SPrabhaker,1
waceemilyas,AvinashArya09,1
warrier_anjana,AmitShah,1
warrier_anjana,IndianExpress,1
warrier_anjana,RahulGandhi,1
warrier_anjana,narendramodi,1
warrier_anjana,sambitswaraj,1
watchyourRepsOH,JDVance1,1
watchyourRepsOH,psamsundar,1
windmilldemon,GregAbbott_TX,1
withPKwithJSP,PawanKalyan,1
with_chetan,ArvindKejriwal,1
with_chetan,BhagwantMann,1
with_chetan,isudan_gadhvi,1
wll_ow,BlkpillBrahmin,1
wordsmithkaur,CindyAnnDSilva,1
wordsmithkaur,nooranand,1
worldpatriot777,JeffLebowski402,1
worldpatriot777,Terrell_1973,1
worldpatriot777,mattgaetz,1
wpsdillibabu,HMOIndia,1
wpsdillibabu,amarprasadreddy,1
wpsdillibabu,arivalayam,1
wpsdillibabu,karthikbjpkarur,1
wpsdillibabu,rashtrapatibhvn,1
writesalman,narendramodi,1
wtf65536,carol_stirling,1
wtf65536,everjanet,1
wtf65536,farmgeek,1
wtfshubhh,BJP4India,1
wtfshubhh,RahulGandhi,1
yamininataraj1,AmitShah,1
yashntrivedi,INCIndia,1
yashntrivedi,RahulGandhi,1
yashntrivedi,narendramodi,1
yashnx,Shoumik_06,1
yashnx,adityavsinhha,1
yashwanth21g,narendramodi,1
yaz_mughal,ArfaSays_,1
ymediagroup,YudhvirJaswal,1
yogi289714,INCIndia,1
yogi289714,Jairam_Ramesh,1
yogi289714,abpnewstv,1
yoursdharm,AmitShah,1
yuh274,DanisonBecker,1
yuh274,Maham0fficial_2,1
yuh274,PankajV40399450,1
yuh274,dadunani000,1
zaki_u_s,vikrantgupta73,1
zapatta091,DrRizwanAhmed1,1
zapatta091,MajorPoonia,1
zapatta091,ParimalKumarSh2,1
zapatta091,RahulGandhi,1
zapatta091,TajinderBagga,1
zealjordan,BorisJohnson,1
zealjordan,SirGrahamBrady,1
