Source,Target,Weight
03_nandhu,KTRBRS,1
03_nandhu,RGVzoomin,1
03_nandhu,RahulGandhi,1
03_nandhu,RaoKavitha,1
03_nandhu,TSwithKCR,1
03_nandhu,VisharadanDr,1
03_nandhu,bandisanjay_bjp,1
03_nandhu,kishanreddybjp,1
03_nandhu,revanth_anumula,1
04MANDISH,LambaAlka,1
04MANDISH,SouravArts,1
04MANDISH,narendramodi,1
05madhusharma19,narendramodi,1
0NabeelKhan,SalmanMMS,1
0NabeelKhan,TimHortons,1
0mNam0,HMOIndia,1
0mNam0,PChidambaram_IN,1
0mNam0,desertfox61I,1
0mNam0,madskak,1
0mNam0,narendramodi,1
1008ankurpuri,RanaAyyub,1
1008ankurpuri,gopalgiri_uk,1
1008ankurpuri,wajad_ulla,1
100rabharat,IndianExpress,1
100rabharat,ZaidaZadkiel,1
100rabharat,asad1_rehman,1
15_sanu,Pawankhera,1
2008Nilenduk,ajitanjum,1
377VT,manoj_begu,1
421Dua,KhelExpert,1
421Dua,SachinN21777770,1
421Dua,_FaridKhan,1
421Dua,proudindian7197,1
55_0923,rahulkanwal,1
55_0923,vivekagnihotri,1
619_arav,R_Pratapsingh,1
65thakursahab,narendramodi,1
667b153884b24dd,narendramodi,1
667b153884b24dd,shrinjanrg,1
7384nikky,ANI,1
7384nikky,maveinlux,1
738Eddie,DaFlanker12,2
738Eddie,DerekJGrossman,2
738Eddie,joysamcyborg,2
90Guptagaurav,BJP4India,1
90Guptagaurav,narendramodi,1
999Gpt,INCIndia,1
999Gpt,RahulGandhi,1
9c6bca48aaa1478,News18TamilNadu,1
A142857,narendramodi,1
A2D2_,BJP4India,1
A2D2_,INCIndia,1
A2D2_,RahulGandhi,1
A2D2_,narendramodi,1
A67Nitin,shema9,1
AAAI_Khan,Qamarcheema,1
AAAI_Khan,ashoswai,1
AADMISADAKKA,Qamarcheema,1
AAP_Tihar,RKCERTIFIED,1
AAyanRAJPUT16,narendramodi,1
ABD12095673,BCCI,1
ABD12095673,ImRo45,1
ABD12095673,poserarcher,1
ABargeer,mataonline,1
ACS20,ndtv,1
ACS20,ndtvfeed,1
ADalwani,AmitShah,1
ADalwani,BJP4India,1
ADalwani,JPNadda,1
ADalwani,NupurSharmaBJP,1
ADalwani,Shehzad_Ind,1
ADalwani,SudhanshuTrived,1
ADalwani,gauravbh,1
ADalwani,narendramodi,1
ADalwani,nitin_gadkari,1
ADalwani,rajnathsingh,1
ADalwani,sambitswaraj,1
AGSawant,BJP4India,1
AGSawant,INCIndia,1
AGSawant,ShivSena,1
AGSawant,narendramodi,1
AKIndia93371150,TanDhesi,1
AKLalB,BJP4India,1
AKLalB,INCIndia,1
AKLalB,Payal_Rohatgi,1
AKLalB,RSSorg,1
AKLalB,TIME,1
AKLalB,ZeeNews,1
AKLalB,narendramodi,1
AKLalB,republic,1
AM4CFC,PierrePoilievre,1
AM4CFC,ShastaMorgen,1
AMSahay291157,BJP4India,1
AMSahay291157,INCIndia,1
AMSahay291157,RahulGandhi,1
AMSahay291157,aajtak,1
AMSahay291157,abpnewstv,1
AMSahay291157,indiatvnews,1
AMSahay291157,narendramodi,1
AMangoGuy,narendramodi,1
AN4Bharat,ArvindKejriwal,1
AN4Bharat,MeenaJoshi_,1
AN4Bharat,RahulGandhi,1
AN4Bharat,ShashiTharoor,1
AN4Bharat,barandbench,1
ANAK1N_FPS,L57899654,1
ANAK1N_FPS,REDACTEDSpider,1
ANAK1N_FPS,hollywoodhandle,1
ANILGAINDHAR,ArvindKejriwal,1
ANILGAINDHAR,CMODelhi,1
ANILGAINDHAR,JPNadda,1
ANILGAINDHAR,Virend_Sachdeva,1
ANILGAINDHAR,kuljeetschahal,1
ANILSHA09797156,UdhavThackeray,1
ANILSHA09797156,adityathacks_fc,1
ANILSHA09797156,sanjayraut_IND,1
ANIROODHRAVI,GauravPandhi,1
ANIROODHRAVI,INC,1
ANIROODHRAVI,vivekagnihotri,1
ANKITKRAGRAWAL,RahulGandhi,1
ANKITKRAGRAWAL,narendramodi,1
ANKITKRAGRAWAL,narendramodi_in,1
ANSOM68,RatanSharda55,1
ANSOM68,ShashiTharoor,1
ANSOM68,scribe9104,1
ANSOM68,sikupk,1
ANURAG_SPG,AAPDelhi,1
ANURAG_SPG,AAPRocks,1
APaliwal7,AFP,1
APaliwal7,jan_hupkens,1
ARannout,narendramodi,1
AStArun_,BJP4India,1
AStArun_,INCIndia,1
AStArun_,RahulGandhi,1
AStArun_,sambitswaraj,1
ATULRAJ43555801,Dev_Fadnavis,1
ATULRAJ43555801,RajThackeray,1
ATULRAJ43555801,mieknathshinde,1
ATULRAJ43555801,thakkar_sameet,1
Aaaayush_,BJP4Mumbai,1
Aaaayush_,KirenRijiju,1
Aaaayush_,Swamy39,1
Aaaayush_,smritiirani,1
AadhaarCrimes,IMPraveenDalal,1
AadhaarCrimes,NWOInIndia,1
AadhaarCrimes,_CEDILRI,1
AadhaarCrimes,_PTLB,1
Aarush_Meena8,PTI_News,1
AathavanW,Paul_Koshy,1
Aay_Bajwa,prabhsharanbir,1
AazaadSatyam,TajinderBagga,1
AazaadSatyam,balamy,1
AbbabyG,Shehzad_Ind,1
Abbasi________,BCCI,1
Abbasi________,ManishPandeyNew,1
AbdulkaderMB,raalferns,1
AbdullahAbuthar,Ishaaq__Newton,1
AbdullahAbuthar,NazmusSaqib20,1
AbdurRahman_IPS,RahulGandhi,1
Abdurkitabi,theJagmeetSingh,1
Abhay96869779,Pawankhera,1
Abhay96869779,RahulGandhi,1
AbhayRawal,ANI,1
AbhayRawal,BJP4India,1
AbhayRawal,INCIndia,1
AbhayRawal,RahulGandhi,1
AbhayRawal,hd_kumaraswamy,1
AbhayRawal,narendramodi,1
Abhi11here,GordunGekko,2
Abhijee38515792,HindenburgRes,1
AbhijeetBorgao3,AryanSi59198333,1
AbhijeetBorgao3,HinduNatl,1
AbhijeetBorgao3,Mayawati,1
AbhijeetBorgao3,PMOIndia,1
AbhijeetBorgao3,RahulGandhi,1
AbhijeetBorgao3,myogiadityanath,1
AbhijeetBorgao3,narendramodi,1
AbhijeetBorgao3,rajnathsingh,1
AbhijeetBorgao3,yadavakhilesh,1
AbhimaniBharat,sikka_harinder,1
Abhinav00496293,RoKhanna,1
Abhinav00496293,Shobji,1
Abhinav07171435,Mazharfarooqui,1
Abhinav07171435,news24tvchannel,1
AbhisOBC,RoKhanna,1
AbhisekAnchal,ZeeNews,1
Abhishe34735247,CricCrazyJohns,1
Abhishe34735247,Hamzakhan0309,1
Abhishe81785453,narendramodi,1
AbhishekSaket,NickKristof,1
Abhishekf1,KarnataBala1956,1
Abhishekf1,RP_Agarwal_,1
Abhishekf1,gundigre,1
AbhishekhSivan2,IYC,1
AbieeAz,YouTube,1
AceJaceu,Christo86495198,1
AceJaceu,_mehmetaha_,1
Ad_it_ya__,nitin_gadkari,1
Adeyinka4real1,AreaFada1,1
Adeyinka4real1,fkeyamo,1
Adeyinka4real1,inecnigeria,1
AdhyatmikYOG,ArvindKejriwal,1
AdhyatmikYOG,BJP4India,1
AdhyatmikYOG,amitmalviya,1
AdibHasan444,iAnkurSingh,1
AdityaGawali07,ARanganathan72,1
AdityaGawali07,vikramsampath,1
AdityaGuddad,chandraseniya,1
Adityak38994430,ANI,1
Adityapandey_3,AmitShah,1
Adityapandey_3,AshwiniKChoubey,1
Adityapandey_3,amitabhsuman101,1
Adityapandey_3,narendramodi,1
AdvaitaKala,Iyervval,1
AdvaitaKala,YouTube,1
AggarwalAbi,RahulGandhi,1
AhmadHassanArbi,FazalAbbax,1
AhmedAhsanAbbas,SIDDESHBHAGAT1,1
AhmedAhsanAbbas,attorneybharti,1
Ahmedbaloch1111,OmarAbdullah,1
Ahmedbaloch1111,capt_amarinder,1
Ahmedbaloch1111,narendramodi,1
Ahmedbaloch1111,sumitdhillon,1
Ajay44971962,timesofindia,1
AjayKum70451045,INCIndia,1
AjayKum70451045,SupriyaShrinate,1
AjaySin97882710,ArvindKejriwal,1
Ajaykumar_Abhay,ABPNews,1
Ajkshu,BJP4India,1
Ajkshu,INCIndia,1
Ajkshu,dhruv_rathee,1
Ajkshu,kunalkamra88,1
Ajkshu,narendramodi,1
AkashAdlak6,BJP4India,1
AkashAdlak6,INCIndia,1
AkashAdlak6,RahulGandhi,1
AkashAdlak6,ReallySwara,1
AkashAdlak6,jk_rowling,1
AkhandB08349640,AamAadmiParty,1
AkhandB08349640,ArvindKejriwal,1
AkhandB08349640,New,1
AkramHu17029088,RahulGandhi,1
Akshayhelps,Dr_Hinduism,1
Akshayhelps,INCIndia,1
Akshayhelps,LahaneSachin2,1
Akshayhelps,MenonArvindBJP,1
Akshayhelps,PChidambaram_IN,1
Akshayhelps,RahulGandhi,1
Akshayhelps,ShahnawazBJP,1
Akshayhelps,SudhanshuTrived,1
Akshayhelps,SwanandBJP,1
Akshayhelps,annamalai_k,1
Akshayhelps,ashwani_mahajan,1
Akshayhelps,nsitharaman,1
Akshayhelps,pallavict,1
Akshayhelps,sambitswaraj,1
AlexAshishMni,Tapan_999,1
AlexAshishMni,prakashraaj,1
AlexCTR23,BoutinExore,1
AlexCTR23,WokeIndigenous,1
AlexDeLarge_110,theJagmeetSingh,1
AlexFloating,AdhadhuMV,1
AlexFloating,MohamedNasheed,1
AlexFloating,mdpshippe,1
Alien_GoodOne,KirenRijiju,1
Alien_GoodOne,SupriyaShrinate,1
Alien_GoodOne,rishibagree,1
AlkaJacob1,WIONews,1
AlokRai2001,AmitShah,1
AlokRai2001,BJP4India,1
AlokRai2001,narendramodi,2
AlokRai2001,rajnathsingh,1
AlphaWings7877,ArenaJet,1
AmalRam05443419,narendramodi,1
Amardeep0008,TajinderBagga,1
Amardeep0008,browngirlvin,1
Amardeep0008,sahiblad,1
Amchi_dosth,narendramodi,1
Ameek09,narendramodi,1
AmiFromIndia,narendramodi,1
AmiFromIndia,vivekoberoi,1
AmirAhm18714468,ashoswai,1
Amit08Speaks,AmitShah,1
Amit08Speaks,BJP4India,1
Amit08Speaks,MaheishGirri,1
Amit08Speaks,narendramodi,1
Amit08Speaks,rsprasad,1
Amit8Mehra,NetaFlixIndia,1
AmitThusu,narendramodi,1
AmitVaani79,AamAadmiParty,1
AmitVaani79,ArvindKejriwal,1
AmitVaid999,MirrorNow,1
AmitVaid999,NitishKumar,1
AmitVaid999,PMOIndia,1
AmitVaid999,TimesNow,1
AmitVaid999,ZeeNews,1
AmitVaid999,aajtak,1
AmitVaid999,dna,1
AmitVaid999,indiatvnews,1
AmitVaid999,narendramodi,1
AmitVaid999,ndtv,1
Amit_Ind,DipTea__,1
Amit_Ind,soonbai2002,1
AmitabhPoddar1,nytimes,1
Amiti14,INCIndia,1
Amiti14,narendramodi,1
Amlanray,BJP4Bengal,1
Amlanray,BJP4India,1
Amlanray,ChouhanShivraj,1
Amlanray,DilipGhoshBJP,1
Amlanray,NITIAayog,1
Amlanray,RajivKumar1,1
Amlanray,narendramodi,1
AmmU_MaanU,cvkrishnan,1
AmmU_MaanU,muralewrites,1
AmreshDixit,VishalBhargava5,1
AmritabhaD,BJP4India,1
AmritabhaD,PMOIndia,1
AmritabhaD,narendramodi,1
Amul_IndiaLover,Aryan_warlord,1
Amul_IndiaLover,YusufDFI,1
Amul_IndiaLover,thecpshah,1
Anadinidhana,maryashakil,1
Anand74Ravi,RahulGandhi,1
Anand74Ravi,ShashiTharoor,1
AnandTripathy7,BJP4Bihar,1
AnandTripathy7,BJP4Chapra,1
AnandTripathy7,RajivPratapRudy,1
AnandTripathy7,narendramodi,1
Ananthaforu,IPL,1
Ananthaforu,henrygayle,1
Ananthaforu,narendramodi,1
AnbalaganJob,ArvindKejriwal,1
AndColorPockeT,iMac_too,1
AnikMehta5,RahulGandhi,1
AniketN_79,thephukdi,1
Anil2272013,ArvindKejriwal,1
Anil50305597,kutty983,1
AnilKhare1270,Sonalimumbai1,1
AnilKum74935518,OpIndia_com,1
AnilKum74935518,sangersons,1
AnilPatel_IN,RahulGandhi,1
AnilPatel_IN,ShatruganSinha,1
Anil_V10,JIX5A,1
Anil_V10,sidhant,1
AnirbanM_,IndiGenBharat,1
AniruddhaDD,INCIndia,1
AniruddhaDD,Shehzad_Ind,1
AniruddhaDD,SupriyaShrinate,2
AniruddhaDD,amitmalviya,1
AniruddhaDD,sambitswaraj,1
AnishAgrawal91,RahulGandhi,1
AnishAkram6,ANI,1
AnjaanRahi7,hatefreeworldX,1
AnjaliS07752366,HindenburgRes,1
AnjivKumar,HuffPostIndia,1
AnkitDubey__,divyaspandana,1
AnkitGuptaBJYM,smritiirani,1
AnkitTiwari_Ji,BJP4India,1
AnkitTiwari_Ji,Congress,1
AnkitTiwari_Ji,DainikBhaskar,1
AnkitTiwari_Ji,narendramodi,1
AnkushK96766177,narendramodi,1
AnnaP1985,ajeetbharti,1
AnnaP1985,narendramodi,1
AnnaP1985,priyankagandhi,1
Annette21908627,JhaSanjay,1
Annette21908627,KartiPC,1
Annette21908627,RahulGandhi,1
Annette21908627,asadowaisi,1
Annette21908627,narendramodi,1
Annette21908627,sreenshri,1
Annette21908627,vijaythottathil,1
Anonymo11835850,BSBommai,1
Anonymo11835850,ShivamJ24,1
Anonymo11835850,news24tvchannel,1
AnoopChathoth,kaushikcbasu,1
AnoopKMishra5,Karanpartap01,1
AnoopKMishra5,MrOldMonk,1
AnoopKMishra5,narendramodi,1
AnoushkaAgain,KenRoth,1
AnoushkaAgain,kcl0391,1
Anshu_Vats1,nytimes,1
Anu_Iyengar_,CBCNews,1
Anu_Iyengar_,Katz4B,1
Anu_Iyengar_,SammyVada,1
Anu_Iyengar_,SanUvacha,1
Anu_Iyengar_,VJjha,1
Anu_Iyengar_,dear_pixie,1
Anu_Iyengar_,gyanmurti123,1
Anu_Iyengar_,malikakas,1
Anu_Iyengar_,mini_razdan10,1
Anu_Iyengar_,nsb1080,1
Anu_Iyengar_,rummyrum4,1
Anu_Iyengar_,thebritishhindu,1
Anubhav58418881,imsucharita,1
Anubhav58418881,narendramodi,1
AnujVasishth,YogirajManoj_,1
Anuj_tejagurjar,ArvindKejriwal,1
AnuragG97516689,narendramodi,1
ApoliticalKida,srinivasiyc,1
AprameyaM1,ANI,1
AprameyaM1,Gen_VKSingh,1
AprameyaM1,colhunnybakshi,1
ArghyaIndian,ReallySwara,1
ArgumnttvIndian,amitmalviya,1
AritraSaha_SC11,RoKhanna,1
AritraSaha_SC11,narendramodi,1
Arjun88156123,lpolgreen,1
ArjunPa48400939,AamAadmiParty,1
ArjunPa48400939,ArvindKejriwal,1
Arjun_Anant,prakashraaj,1
ArpitTi99169603,ANI,1
ArpitTi99169603,Fayad_e_azam,1
ArpitTi99169603,RakeshTikaitBKU,1
ArpitTi99169603,theskindoctor13,1
Arshmikhail,YashhhTomar,1
Arshmikhail,theskindoctor13,1
Article19_1_A,anshul_aliganj,1
ArtimeSilk,CBCNews,1
ArtimeSilk,CoHNAOfficial,1
ArtimeSilk,sourdopinions,1
Arun171771,BBCWorld,1
Arun171771,RahulGandhi,1
Arun171771,dwnews,1
ArvinderSinghw1,virsanghvi,1
Arya1Veer,narendramodi,1
Arya_B_chand,KibaVenisha,1
Aryan42,INCIndia,1
Aryan42,INCJharkhand,1
Aryan42,IYC,1
Aryangu91061226,ZeeNews,1
AshishK5,RituRathaur,1
AshishK5,SaffronJay,1
AshishK5,narendramodi,1
AshishK5,sanjeevchadha8,1
AshishK5,shuklapinku,1
AshishMahendraG,INCIndia,1
AshishMahendraG,RahulGandhi,1
AshishS48332884,AmitShah,1
AshishS48332884,BJP4India,1
AshishS48332884,arunjaitley,1
AshishS48332884,narendramodi,1
Ashley52946510,RoKhanna,1
Ashley52946510,narendramodi,1
Ashok_0573,narendramodi,1
Ashutoshpriya17,IAF_MCC,1
Ashutoshpriya17,adgpi,1
Ashutoshpriya17,indiannavy,1
Ashutoshpriya17,narendramodi,1
Ashutoshpriya17,rashtrapatibhvn,1
AshwinKannadiga,YedaDosa,1
AshwinKannadiga,nanuramu,1
AshwinKannadiga,puram_politics,1
AsifDefender125,aj_raja,1
AskIndianKnight,RoKhanna,1
AskRajjj,narendramodi,1
AskTamal,NandanNilekani,1
AskTamal,PMOIndia,1
AskTamal,TVMohandasPai,1
AskTamal,nakulsaxena786,1
AskTamal,narendramodi,1
AskTamal,rsprasad,1
AskTamal,sharads,1
AskTamal,sureshpprabhu,1
AsmaKhawaja5,ciss_ajk,1
AssumeImJoking,VivekGRamaswamy,1
AssumeImJoking,hodgetwins,1
Asylum_News9,IYC,1
Atheist_vishal,Arun2981,1
AtthiDevarajan,RShivshankar,1
AtthiDevarajan,TimesNow,1
AtthiDevarajan,narendramodi,2
Atul24sinhaLead,ANI,1
Atul24sinhaLead,ZeeNewsHindi,1
Atul24sinhaLead,aajtak,1
Atul24sinhaLead,abpnewstv,1
Atul24sinhaLead,republic,1
AugustineAjoy,BCCI,1
AugustineAjoy,mastercardindia,1
Avinash54281217,narendramodi,1
AvinashPSarguja,INCIndia,1
AvinashPSarguja,RahulGandhi,1
AvinashRautela1,PMOIndia,1
AvinashRautela1,ShashiTharoor,1
AvinashRautela1,narendramodi,1
AyaanAlisp,RahulGandhi,1
AyadoureStalin,LokSabhaSectt,1
AyadoureStalin,RahulGandhi,1
AyamAtamBrahm,AshwinKannadiga,1
AyamAtamBrahm,YedaDosa,1
AyamAtamBrahm,aladeen_efawadh,1
AyamAtamBrahm,nanuramu,1
AyamAtamBrahm,puram_politics,1
AyamAtamBrahm,surekabarbie,1
AyooWhtsupp,ghulamnazad,1
AyooWhtsupp,news24tvchannel,1
AzmRehmanAajTV,DrShenwari,1
AzmRehmanAajTV,realZalmayMK,1
BASU070862,BhavikaKapoor5,1
BASU070862,True_secular,1
BBhawana15,AmitShah,1
BBhawana15,BJP4India,1
BBhawana15,narendramodi,1
BBhawana15,rajnathsingh,1
BBhawana15,smritiirani,1
BHAGIRATHJATBKN,RahulGandhi,1
BHATTRAI_PREM,desimojito,1
BJP4India_in,smritiirani,2
BJP4Karnataka,narendramodi,1
BL_Tm_Enthalpy,RoKhanna,1
BL_Tm_Enthalpy,narendramodi,1
BL_Tm_Enthalpy,wwcummings,1
BMMaharshi,SportyVishaI,1
BSathis30408660,htTweets,1
BSharan_6,ArvindKejriwal,1
BSharan_6,SitaramYechury,1
BURIED_CITIZEN,Sabhapa30724463,1
BabaladS,RahulGandhi,1
BabaladS,narendramodi,1
BabuChandigaria,ZeeNews,1
BabuN45324006,BJP4India,1
BabuN45324006,INCIndia,1
BadheRakesh,PoliticalWire3,1
BadheRakesh,ShilpiSinghINC,1
BakersValley,INCIndia,1
BakersValley,RahulGandhi,1
BakersValley,narendramodi,1
Balakrishnandr7,BBCNews,1
Balakrishnandr7,FoxNews,1
Balapillai9991,MrPaluvet,1
Baldeep19036182,DrAMSinghvi,1
Baldeep19036182,ndtv,1
Baliram_Ch,SirPareshRawal,1
Baliram_Ch,narendramodi,1
BaljeetSinghBh2,BarackObama,1
BaljeetSinghBh2,Gudiya8SRK,1
BaljeetSinghBh2,Troll_Modi,1
BaljeetSinghBh2,akshaykumar,1
BaljeetSinghBh2,narendramodi,1
BalshaliBharat,RahulGandhi,1
BalshaliBharat,narendramodi,1
BansariLachman,ArvindKejriwal,1
BansariLachman,DrManishKumar1,2
BansariLachman,INCIndia,1
BansariLachman,Jairam_Ramesh,1
BansariLachman,NetworkOcn,2
BansariLachman,Pawankhera,1
BansariLachman,RahulGandhi,1
BansariLachman,ZeeNews,1
BansariLachman,htTweets,1
BansariLachman,ndtv,1
BansariLachman,republic,1
BansariLachman,sambitswaraj,2
BansariLachman,thakur_show,2
BansariLachman,the_hindu,1
BarattHuj,Maninde11008616,1
BarattHuj,PaganismRocks,1
BarkaseVinay,RoKhanna,1
BarkaseVinay,narendramodi,1
BasiM51828134,Suhelseth,1
BasnettPraney,AmitShah,1
BasnettPraney,narendramodi,1
BeeSaysPolitics,mmpadellan,1
BeingAbhijeet7,ANI,1
BeingAbhijeet7,IndiaToday,1
BeingAbhijeet7,ThePollLady,1
BeingAbhijeet7,anandarup_guin,1
BeingHumanShan,narendramodi,1
BeingHumanShan,tusharcosmoo_g,1
BeingSuketa,narendramodi,1
Beinginindian,fayedsouza,1
Beinginindian,ravishndtv,1
BengalNewzIndia,BJP4Maharashtra,1
BengalNewzIndia,INCMaharashtra,1
Bhagwa_95,ANI,1
Bhagwa_95,BCNagesh_bjp,1
Bhagwa_95,BSBommai,1
Bhagwa_95,BSYBJP,1
Bhagwa_95,CMofKarnataka,1
Bhagwa_95,INCIndia,1
Bhagwa_95,Mystic_VJ,1
Bhagwa_95,PMOIndia,1
Bhagwa_95,SupriyaShrinate,1
Bhagwa_95,ani_digital,1
Bhagwa_95,narendramodi,2
Bhagwa_95,srinivasiyc,1
BhanuPa20923556,AbhiuditKoushal,1
BhanuPa20923556,BJYM4JK,1
BhanuPa20923556,IArunPrabhat,1
BhanuPa20923556,abheet20,1
Bharat59036499,free_thinker,1
Bharat59036499,narendramodi,1
Bharat59036499,samjawed65,1
Bharat_Ki_Baat,ArvindKejriwal,1
Bharat_ReddyK,MEAIndia,1
Bharatendu20,narendramodi,1
Bharath36502,Enraged_Indian,1
Bharath36502,India_on_move,1
Bharath36502,ndtv,1
BharathModi,RahulGandhi,1
BharathModi,smritiirani,1
BharatiMuralid2,nytimes,1
Bharthiya1947,ChetanAhimsa,1
Bharthiya1947,TALWARVIVEKY,1
BhartiyIndian,major_pawan,1
BhartiyIndian,narendramodi,1
BhartiyIndian,tarkikworld,1
Bhaskar69914806,ANI,1
Bhaskar69914806,BJP4India,1
Bhaskar69914806,NDTVElections,1
Bhaskar69914806,TOIIndiaNews,1
Bhaskar69914806,narendramodi,1
BhatNabi5,RahulGandhiiFan,1
BhimROCKY,jaffrelotc,1
BhimROCKY,sushantijs,1
Bhokal_,thehawkeyex,1
Bhrasht_Brahmin,cvkrishnan,1
Bhupend73349872,ssrajputINC,1
BigGulpOBourbon,greentexts_bot,1
BiharPolitics,INCIndia,1
BiharPolitics,Qamarcheema,1
Bihari_hu_main,ANI,1
BijayKumarSar16,kaushikcbasu,1
Bikash27791777,narendramodi,1
Bikash27791777,timesofindia,1
Billabo30103487,Politics_2022_,1
BimalRo38855389,RoKhanna,1
BimalRo38855389,narendramodi,1
BinaCancerian,Rahulk123d,1
Bindaazbol,RahulGandhi,1
Bindaazbol,minicnair,1
Bingo_mk,ArvindKejriwal,1
Bingo_mk,BesuraTaansane,1
Bingo_mk,bahl65,1
Bishista9,INCIndia,1
Bishista9,RahulGandhi,1
Bishista9,priyankagandhi,1
Bit3Snake,ImtiazMadmood,1
BksShres,NepalPressnp,1
BlackIAdder,AmRaadPSF,1
Blank_Singh_351,RahulGandhi,1
Blank_Singh_351,Rk_humour,1
BlowingThought,PChidambaram_IN,1
BlowingThought,airnewsalerts,1
BobbyFan007,AamAadmiParty,1
BoozyBoy123,DavidPocock,1
BoozyBoy123,HinduHate,1
BoredIndian3,mrkumarshivam,1
BoredIndian3,mufaddal_vohra,1
BoriaMajumdar,iabhijitdesh,1
BoriaMajumdar,karjk,1
Boston_CowBoy,RoKhanna,1
Brajesh96225872,Sabhapa30724463,2
BroArpitHere,abpnewstv,1
BroArpitHere,narendramodi,1
Bugsdodo,RahulGandhi,1
BunuRout,SanjayAzadSln,1
BurntOutCase,akshayalladi,1
BusyBurn,gilroy_stanley,1
BusyBurn,theJagmeetSingh,1
C0ldCanadian,theJagmeetSingh,1
CASumanAggarwal,INCIndia,1
CASumanAggarwal,KapilSibal,1
CASumanAggarwal,KirenRijiju,1
CASumanAggarwal,kharge,1
CASumanAggarwal,sardesairajdeep,1
CMKRISHNAMURTH2,georgesoros,1
CNBCTV18Live,BJP4India,1
CNBCTV18Live,INCIndia,1
CNBCTV18Live,JhaSanjay,1
CNBCTV18Live,narendramodi,1
CPARSJ,DrGPradhan,1
CPARSJ,INCIndia,1
CPARSJ,KapilSibal,1
CPARSJ,shweta_ohri,1
CRR_India,GandhiWisdom,1
CRR_India,KTRBRS,1
CRR_India,RajeevRai,1
CRR_India,TRBRajaa,1
CRR_India,TRSmahi,1
CRR_India,U2Brutus_off,1
CRR_India,isai_,1
CRR_India,pbhushan1,1
CRR_India,prakashraaj,1
CRR_India,rashtrapatibhvn,1
CRR_India,satishacharya,1
CRR_India,ysathishreddy,1
CRR_India,zoo_bear,1
CRhech,theJagmeetSingh,1
Cadeyrnn,lmaojank,1
Candidpunit19,RahulGandhi,1
Candidpunit19,imanojyadav,1
Capriraj,BJP4India,1
Capriraj,TimesNow,1
Capriraj,narendramodi_in,1
Capriraj,republic,1
CaptAKJ,IndiaToday,1
CaptAKJ,narendramodi,1
CaptAssamRegt,MinhazMerchant,1
CaptAssamRegt,RahulGandhi,1
Cdipra,priyankagandhi,1
Cgoutam51Kumar,jai_bothra,1
Cgoutam51Kumar,timesofindia,1
Chaitubr,WSJ,1
Chanaky25084927,BefittingFacts,1
Chanaky25084927,Kaushal38827602,1
Chanaky25084927,RahulGandhi,1
Chander75177644,R_pandey__,1
Chandra030564,BhavikaKapoor5,1
Chandra030564,Faiz_INC,1
Chandra77967186,JPNadda,1
Chandra77967186,sambitswaraj,1
ChandraPrasadP9,JhaSanjay,1
ChandraPrasadP9,narendramodi,1
ChandraUday,DrAyeshaRay,1
ChandramouliEa1,ANI,1
ChandramouliEa1,Debjani48444388,1
ChandramouliEa1,DevKuma43943937,1
ChandramouliEa1,a_man8888,1
ChandranPeechu6,law_ninja,1
ChandrikaJai,IsraeliPM,1
ChandrikaJai,narendramodi,1
Chandubhopal,RahulGandhi,1
Chandubhopal,SupriyaShrinate,1
ChannelReserve,AskAnshul,1
CharlesRajaK,author_sharma,1
CharlieJamieVed,Abhimanyuuu15,1
CharlieJamieVed,AsYouNotWish,1
CharlieJamieVed,UtsavSanduja,1
ChetanAhimsa,RahulGandhi,1
Chetreeraju,RahulGandhi,1
Chetreeraju,SushmaSwaraj,1
Chetreeraju,ggiittiikkaa,1
Chetreeraju,narendramodi,1
Chetreeraju,rssurjewala,1
Chetreeraju,sambitswaraj,1
Chetreeraju,sarbanandsonwal,1
Chetreeraju,sureshpprabhu,1
Chettinadseemai,amarprasadreddy,1
Chettinadseemai,narendramodi,1
ChettriParvati,narendramodi,1
Chiru26480065,RoKhanna,1
Chiru26480065,narendramodi,1
Chowdar9555,Filomen03258997,1
Chowdar9555,Kanthan2030,1
ChowkidarIndia7,hindupost,1
ClydeFern22,ANI,1
CoKapSeven,RSSorg,1
CoKapSeven,swankhede_IRS,1
ColAmitkumar,TulunaduS,1
ColHaridas,Indian,1
ColHaridas,sambitswaraj,1
Commonman543,ReallySwara,1
Commonman543,SirPareshRawal,1
Commonman543,abhisar_sharma,1
Commonman543,vivekagnihotri,1
Commonmanonfire,AdityaRajKaul,1
ConsumerRPC,IndiaToday,1
ConsumerRPC,MrsGandhi,1
ConsumerRPC,RahulGandhi,1
ContactVVR,AmbRus_India,2
ContactVVR,Amb_Ulyanov,1
ContactVVR,Dpol_un,1
ContactVVR,DrSJaishankar,1
ContactVVR,IkaynIhcas,1
ContactVVR,KremlinRussia_E,1
ContactVVR,RusEmbIndia,1
ContactVVR,ShriRajTripute_,1
ContactVVR,VishnuFNO,1
ContactVVR,YonSolitary,1
ContactVVR,mfa_russia,1
ContactVVR,narendramodi,1
Covidindia45,vasant5577,1
Crabbypixel,LiteralLiberalY,1
Crabbypixel,WokeJanta,1
Crabbypixel,pun__fact,1
CsekharJ,ANI,1
CsekharJ,prettypadmaja,1
CsekharJ,priyankagandhi,1
CuriosInsight,MaximeBernier,1
CursedPaki,prakashraaj,1
Cyberlamp22,timesofindia,1
DBhandari14,RahulGandhi,2
DBhandari14,narendramodi,2
DDNewsLive,narendramodi,1
DEEPANKAR_DG,deepakshenoy,1
DEEPANKAR_DG,soicfinance,1
DHARMEN47207039,BarackObama,1
DHARMEN47207039,ObamaFoundation,1
DHuntngMachine,BJP4TamilNadu,1
DHuntngMachine,annamalai_k,1
DHuntngMachine,narendramodi,1
DKVerma_BJP,AamAadmiParty,1
DKVerma_BJP,ArvindKejriwal,1
DMarulkar,PawarSpeaks,1
DMarulkar,nadim_gkp,1
DOmowale,mxmovement,1
DRBOND_007,INCIndia,1
DRRAJESHKAPURIA,BellamSwathi,1
DRRupeshKumarD1,ArvindKejriwal,1
DRVINODGUPTA,RoKhanna,1
DSSURESH10,BSYBJP,1
DSSURESH10,MohanSinghlad2,1
DSSURESH10,narendramodi,1
DSSURESH10,nsitharaman,1
DSSURESH10,rajnathsingh,1
Dark_ReaperUSMC,MWash90,1
Dark_ReaperUSMC,POTUS,1
Dark_ReaperUSMC,mtlgreeksamos,1
DarshAtul,ZeeNews,1
DassBabai,AITCofficial,1
DassBabai,BJP4India,1
DassBabai,RahulGandhi,1
DattaVGunjal,BJP4India,1
DattaVGunjal,RahulGandhi,1
DattaVGunjal,narendramodi,1
DaveSolanki,SICSSL_RRU,1
DaveSolanki,UsanasF,1
DavidKS20,IndiaToday,1
DayaNai50921609,rashtrapatibhvn,1
DaymaKalpesh,capt_amarinder,1
DaymaKalpesh,narendramodi,1
DcWalaDesi,AmitShah,1
DcWalaDesi,BJP4India,1
DcWalaDesi,INCIndia,1
DcWalaDesi,PMOIndia,1
DcWalaDesi,RahulGandhi,1
DcWalaDesi,narendramodi,1
DcWalaDesi,nitin_gadkari,1
DebajyotiBis,TheRathore3,1
DebashishBorah,IndianExpress,1
Debu19999710,RoKhanna,1
Debu19999710,narendramodi,1
DeccanHerald,narendramodi,1
DeccanHerald,sampitroda,1
DeepIntoJai,ArvindKejriwal,1
Deepali_p,RahulGandhi,1
Deepali_p,narendramodi,1
Deepest33071441,Cricketracker,1
DeeptiSachdeva_,narendramodi,1
DefendAce_14,mkvenu1,1
DefendAce_14,narendramodi,1
DefendAce_14,thewire_in,1
DesiLounda,SudhaRamenIFS,1
DessieAussie,RahulGandhi,1
DessieAussie,narendramodi,1
DevPati74619351,ChessKazakh,1
DevPati74619351,ChessbaseIndia,1
DevPati74619351,ECUonline,1
DevPati74619351,EuropeEchecs,1
DevPati74619351,OnTheQueenside,1
DevPati74619351,SnjKpr,1
DevPati74619351,SusanPolgar,1
DevPati74619351,WOMChess,1
DevPati74619351,aicfchess,1
DevaDjm,INCIndia,1
DevaDjm,sewaparamo1234,1
DevenderSRana,BJP4India,1
DevenderSRana,BJP4JnK,1
Devendr96584049,ARanganathan72,1
Devendr96584049,RishiSunak,1
DeviPrasadRao8,INCIndia,1
DeviPrasadRao8,Indian_Analyzer,1
DeviPrasadRao8,RahulGandhi,1
DeviPrasadRao8,ShineHamesha,1
Devil_No_01,BJP4India,1
Devil_No_01,PMOIndia,1
Devil_No_01,SushmaSwaraj,1
Devil_No_01,TajinderBagga,1
Devil_No_01,ZeeNews,1
Devil_No_01,arunjaitley,1
Devil_No_01,dna,1
Devil_No_01,narendramodi,1
Devil_No_01,nsitharaman,1
Devil_No_01,sudhirchaudhary,1
Dhana3388,BellamSwathi,1
Dhana3388,Mamta1Pawan,1
Dhana3388,Spoof_Junkey,1
Dhana3388,SupriyaShrinate,1
Dhana3388,priyankagandhi,1
Dharamv95841020,priyankagandhi,1
Dharmeshbardoli,aajtak,1
Dhebar_Hardik,ArvindKejriwal,1
Dhebar_Hardik,ReallySwara,1
Dhriyamana,tavleen_singh,1
Dhruvil07U,RahulGandhi,1
DhvaniKikani,AnupamPKher,1
DhvaniKikani,BJP4India,1
DhvaniKikani,INCIndia,1
DhvaniKikani,RahulGandhi,1
DhvaniKikani,narendramodi,1
DhvaniKikani,smritiirani,1
DickyLafour,JujuliaGrace,1
DickyLafour,MiddleEastEye,1
DickyLafour,damienburke1234,1
DickyLafour,mrjamesob,1
Digi_4u,INCIndia,1
Digi_4u,RahulGandhi,1
DigitalGaur4U,FMFpage,1
DigitalGaur4U,TheWire,1
DigitalGaur4U,narendramodi,1
DigitalGaur4U,squintneon,1
DilDaarSt,manojtomarup81,1
DilSeModiTak,AmberChalia,1
DilSeModiTak,BJP4India,1
DilSeModiTak,narendramodi,1
DimpleNegi12,AmitShah,1
DimpleNegi12,BJPLive,1
DimpleNegi12,PMOIndia,1
DimpleNegi12,myogiadityanath,1
DimpleNegi12,narendramodi,1
DimpleNegi12,rajnathsingh,1
DineshK67003857,SanjayAzadSln,1
DipankarMalakar,ZeeNews,1
DipankarMalakar,narendramodi,1
DipankarMalakar,sudhirchaudhary,1
Dipesh__Indian,ANI,1
Dipesh__Indian,BBCHindi,1
Dipesh__Indian,BJP4India,1
Dipesh__Indian,INCIndia,1
Dipesh__Indian,PTI_News,1
Dipesh__Indian,RahulGandhi,1
Dipesh__Indian,devanshijoshi71,1
Dipesh__Indian,foxnewspolitics,1
DiscAmit,SupriyaShrinate,1
DiscAmit,kharge,1
Dive_bomb_,iamMrWarrior,1
DiviakHDev,AmitShah,1
DiviakHDev,MumbaichaDon,1
DobbyElf_twt,narendramodi,1
DocUnapologetic,ArvindKejriwal,1
Dollyka47083975,Kulwinder031708,1
Dollyka47083975,PunjabPoliceInd,1
Dpkvigyapan,AamAadmiParty,1
Dpkvigyapan,AskAnshul,1
Dpkvigyapan,BJP4India,1
Dpkvigyapan,INCIndia,1
Dpkvigyapan,bspindia,1
Dpkvigyapan,cpimspeak,1
Dpkvigyapan,narendramodi,1
Dpkvigyapan,samajwadiparty,1
DrEndodontist27,SupriyaShrinate,1
DrSharafudheen,ShashiTharoor,1
Dr_RizwanAhmed,smritiirani,1
Dravidan90s,DrTamilisaiBJP,1
Dravidan90s,PonnaarrBJP,1
Dravidan90s,narendramodi,1
Druhyu_Purush,kartheeque,1
Drunkenmystic,newslaundry,1
DuvvuriSrinivas,rupamurthy1,1
Dvskumar89,BCCI,1
Dvskumar89,YUVSTRONG12,1
Dvskumar89,surya_14kumar,1
EJitheesh,BCCI,2
EJitheesh,GautamGambhir,1
EJitheesh,ImRo45,1
EJitheesh,WasimJaffer14,1
EJitheesh,bhogleharsha,1
EJitheesh,venkateshprasad,1
EMediaIndia,ANI,1
EMediaIndia,INCIndia,1
EMediaIndia,anjuchopra73,1
ET2047,derekobrienmp,1
ET2047,narendramodi,1
EjazEa92,AdityaMenon22,1
EjazEa92,Arora24Kusum,1
EjazEa92,GurpreetSSahota,1
EjazEa92,Sandhwan,1
EjazEa92,SikhPA,1
EjazEa92,Tractor2twitr_P,1
EjazEa92,Vishalk852,1
EjazEa92,anandpur_exile,1
EjazEa92,bhavjitsingh_,1
EjazEa92,ipsinghTOI,1
EjazEa92,psgazi,1
EjazEa92,ravishndtv,1
EktaK15,AskAnshul,1
ElPunitor,CBCNews,1
ElPunitor,theJagmeetSingh,1
ElahiShaban,HamidMirPAK,1
Elixir17965439,Indian_Smithy,1
Elixir17965439,RahulGandhi,1
Elizabe81496676,Indian,1
ElonBaba7,TajinderBagga,1
ElonBaba7,maheshindia,1
ElonBaba7,naveenjain1605,1
Elvaliente90,HindenburgRes,1
EmPhysicianInd,ZeeNews,1
Enraged_Indian,RahulGandhi,1
Enraged_Indian,VikasSareen11,1
Enraged_Indian,_pallavighosh,1
Enraged_Indian,philpjg,1
Enraged_Indian,priyankagandhi,1
Er_Jawadmoh,Shehzad_Ind,1
Eswarre17924888,moonriver365,1
Eswarre17924888,narendramodi,1
EvilRashford,BCCI,1
EvilRashford,Sportskeeda,1
FWACorruption,ArvindKejriwal,1
FXbyDharma,Paul_Koshy,1
FXlearnerFX,AshishSinghKiJi,1
FXlearnerFX,mrhafees,1
FXmidterm,JIX5A,1
FZ1610,p_sahibsingh,1
Fairsquare00,tavleen_singh,1
Faisalbilal3394,INCIndia,1
Faisalbilal3394,INCJammuKashmir,1
Faisalbilal3394,RahulGandhi,1
Faisalbilal3394,raghav_chadha,1
Faisalbilal3394,rajanipatil_in,1
FanofICTforever,SeharShinwari,1
FaristeyBoy,ANI,1
Fazil3210,timesofindia,1
FinestYew,ClanTelugu,1
FinestYew,adityajakki,1
FizzQuaint,crave_21,1
FlyboyDrummer,AdamKinzinger,1
FokatKeVichar,BJP4India,1
FokatKeVichar,PMOIndia,1
FokatKeVichar,narendramodi,1
FokatKeVichar,narendramodi_in,1
FrankRa98758937,rising_hindu,1
FrankRa98758937,sagrolikarBJP,1
Frankopinion10,theJagmeetSingh,1
Freakotrader,CanIndian_Bro,1
Freakotrader,NDP,1
Freakotrader,OntarioNDP,1
Freakotrader,bcndp,1
Freakotrader,theJagmeetSingh,1
Freeidrees,narendramodi,1
FrustIndian,tfipost,1
FrustyIndy,RahulGandhi,1
FutureEquals,RahulGandhi,1
FutureEquals,narendramodi,1
G0_Nano,INCIndia,1
G31121985,AamAadmiParty,1
G31121985,SanjayAzadSln,1
GB98398017,narendramodi,1
GG34754409,sardesairajdeep,1
GKG_cornerstone,sardesairajdeep,1
GOPINAT74257092,Adithya_Tweets_,1
GOPINAT74257092,Nomadic_JR,1
Gagan_Aarya,SandhuBaljodh,1
Gagan_Aarya,kabja69,2
Gagan_Aarya,khuliankh,1
Gagan_Aarya,satnam42807372,1
GampaSD,narendramodi,1
GaryDRawnsley,kapskom,1
GaurJBharath,AnupTiw40393128,1
GaurJBharath,NagarJitendra,1
GauravD00491651,diljitdosanjh,1
GauravOffice,BillGates,1
GauravOffice,UN,1
GauravOffice,manoharparrikar,1
GauravOffice,narendramodi,1
GauravP68764585,ashoswai,1
GauravP68764585,isthisthat,1
Gauravsrock,RoKhanna,1
GaureeshVats,BJP4India,1
GaureeshVats,BJP4UP,1
GaureeshVats,narendramodi,1
GautamK83696822,lavsingh_live,1
GautamK83696822,sureshpprabhu,1
GautamMirdha,INCIndia,1
GautamMirdha,MamataOfficial,1
GautamMirdha,RahulGandhi,1
Gautam__Angira,BJYM,1
Gautam__Angira,Tejasvi_Surya,1
Gautam__Angira,Varun_Jhaveri,1
Gautam__Angira,satyamdubeyias,1
GeetsDee,RoKhanna,1
GeetsDee,narendramodi,1
GemGemGenie,RanaAyyub,1
GeneralMeow61,theJagmeetSingh,1
GeorginaAdlam,Alexmram,1
Gi51886027,jatinder_tur,1
Gi51886027,thecaravanindia,1
Ginson44248915,RahulGandhi,2
Ginson44248915,SoniaGandhi_FC,1
GirishS55307322,RahulGandhi,1
GirishS55307322,SupriyaShrinate,1
Gkbmk1,KTRBRS,1
Gladiat45837705,RahulGandhi,1
Gladiat45837705,SirJadeja,1
Global_Indian20,TheLallantop,1
GnationIndia,PiyushGoyal,1
GnationIndia,narendramodi,1
Goel1977Puneet,pallavict,1
GoenkaHimmat,BernieSpofforth,1
GoenkaHimmat,TEDY_BN,1
GoenkaHimmat,WallStreetSilv,1
GoenkaHimmat,brockreiss,1
GoldenEagleView,BJP4India,1
GoldenEagleView,JhaShwetajha12,1
GoldenEagleView,PMOIndia,1
GoldenEagleView,aajtak,1
GoldenEagleView,imaheshgupta,1
GoldenEagleView,narendramodi,1
GoldenEagleView,riteshadesai,1
Gourishmajjagi,ANI,1
Gourishmajjagi,BJP4India,1
Gourishmajjagi,INCIndia,1
Gourishmajjagi,RahulGandhi,1
Gourishmajjagi,narendramodi,1
Gourishmajjagi,ndtv,1
Gourishmajjagi,nimmaupendra,1
Gourishmajjagi,publictvnews,1
Gourishmajjagi,tv9kannada,1
GovernorGa_,NoVa_Politics,1
GovindJee13,TimesNow,1
GovindJee13,narendramodi,1
GovindJee13,ndtv,1
GovindJee13,ravishndtv,1
GrandMasterSuSu,RahulGandhi,1
GrandMasterSuSu,khushsundar,1
Groot_82_IN,INCIndia,1
Groot_82_IN,RahulGandhi,1
Groot_82_IN,sardesairajdeep,1
GsVishwanathan,Indian_Analyzer,1
GujunRupsas,RahulGandhi,1
GujunRupsas,TVMohandasPai,1
GujunRupsas,divyaspandana,1
GujunRupsas,narendramodi,1
GulshanRaiNBT,NavbharatTimes,1
GulshanRaiNBT,SandhyaTimes4u,1
GulshanRaiNBT,narendramodi,1
GurFatehPB,vivekagnihotri,1
GuraniManoj,BhavikaKapoor5,1
GuruSutanu,RahulGandhi,1
GuruSutanu,YRDeshmukh,1
GuruSutanu,narendramodi,1
Gurush_,Profdilipmandal,1
GyanaRa09952488,AcharyaPitamba1,1
GyanaRa09952488,AprajitaSarangi,1
GyanaRa09952488,PandaJay,1
GyanaRa09952488,dpradhanbjp,1
GyanaRa09952488,jualoram,1
GyanaRa09952488,narendramodi,1
GyanaRa09952488,sambit_swaraj1,1
Gyanforfree007,barkhatrehan16,1
Gyanigirl,narendramodi,1
HAsItH38415338,INCIndia,1
HAsItH38415338,RahulGandhi,1
HAsItH38415338,Shehzad_Ind,1
HAsItH38415338,priyankagandhi,1
HChotwani,Swamy39,1
HK199910,AamAadmiParty,2
HK199910,ArvindKejriwal,1
HK199910,Being_Humor,1
HK199910,PoliticalKida,1
HK199910,desimojito,1
HackBot20,kasyapa_sharma,1
HackBot20,smeamit,1
HackBot20,zoo_bear,1
Half_Fri,CliniicalLM10,1
Hamadzaffar1,nanuramu,1
Hamadzaffar1,puram_politics,1
HamaraBajaaj,kunalkamra88,1
HamaraBajaaj,varungrover,1
Hanuman_Shakti,Billaeazam,1
Hanuman_Shakti,KrisNair1,1
Hanuman_Shakti,Tara87524176,1
Hanuman_Shakti,rishibagree,1
Hanuman_Shakti,simhadri_rao,1
Hanuman_Shakti,suvernaradha,1
HardRock0407,republic,1
Hardik02803301,MahuaMoitra,1
Hardik02803301,Nidhi,1
Hardik02803301,Paul_Koshy,1
Hardik02803301,gulf_news,1
Hardik02803301,pbhushan1,1
HariharNandan,YusufDFI,1
Harinde12669039,IndiaToday,1
Harinde12669039,SarkDeb,1
Harinde12669039,loveenatandon,1
Harinde12669039,theJagmeetSingh,1
HarisRiazz,news24tvchannel,1
Harish_C_K,ThePollLady,1
HariysOfficial,BalaaTweets,1
HariysOfficial,JanaSenaParty,1
HariysOfficial,PawanKalyan,1
HariysOfficial,Supriyaaa3,1
HariysOfficial,YSRCParty,1
HariysOfficial,rj_4_all,1
HariysOfficial,ysjagan,1
HariysOfficial,ysrnani,1
Harris80219061,akakrcb6,1
Harsh1011,republic,1
Harshad90341352,SikhMessenger,1
Harshad90341352,thebritishhindu,1
HarshitPai,INCIndia,1
HarshitPai,narendramodi,1
HarshithGorige,BJP4Andhra,1
HarshithGorige,Nene_Indian,1
HarshithGorige,ncbn,1
HarshithGorige,ysjagan,1
Harshitmalik25,AryanKshatriya2,1
Harshitmalik25,Vk18iresh,1
Harshitmalik25,thepranaysingh,1
Hasaneisusi,TheLallantop,1
Hasaneisusi,Tiny_Dhillon,1
HashimYJSpeaks,narendramodi,1
Hector_Clemenza,HCI_London,1
Hector_Clemenza,PoonamJoshi_,1
Heerva_Trivedi,RDATT_,1
Heerva_Trivedi,RahulGandhi,1
HelpPolitics,narendramodi,1
HemanNamo,wrmead,1
Hemant9664,RahulGandhi,1
Hemant9664,ShashiTharoor,1
Hemraj15_03,JoeBiden,1
Hemraj15_03,nytimes,1
Hemraj15_03,realDonaldTrump,1
HenrySolly22,PraveenDavar,1
HereIsSamrat,TrueInd93360960,1
HereIsSamrat,sunita747,1
HeySamarjit,narendramodi,1
HeySeeta,PMOIndia,1
HiGuptaVishal,ArvindKejriwal,1
HiGuptaVishal,INCIndia,1
HiGuptaVishal,RahulGandhi,1
HimanshuHazra1,BJP4India,1
HimanshuHazra1,Prof_Hariom,1
HimanshuHazra1,narendramodi,1
Hindu_Akil,AITCofficial,1
Hindu_Akil,BJP4India,1
HirenPa68022515,devanshijoshi71,1
HoneyOverBaddie,softrosekay,1
Hosanna87460666,RashmikumariRa1,1
Hosanna87460666,narendramodi,1
HrushiHr,AmitShah,1
HrushiHr,BJP4India,1
HrushiHr,IndianExpress,1
HrushiHr,narendramodi,1
HrushiHr,smritiirani,1
HudsonInstitute,WSJopinion,1
HudsonInstitute,wrmead,1
HullurPmp,INCIndia,1
HullurPmp,narendramodi,1
HullurPmp,republic,1
Hustler81,AamAadmiParty,1
Hustler81,ArvindKejriwal,2
Hustler81,IITKgp,1
Hustler81,SheetalPronamo,1
I0Icrusher,amitmalviya,1
IAMHAPPYKAY,_sabanaqvi,1
IAmViswanatha,narendramodi,1
IK_PurvaPaksha,rvaidya2000,1
ILANGO98193,CTRavi_BJP,1
ILANGO98193,Dev_Fadnavis,1
ILANGO98193,DrSEShinde,1
ILANGO98193,ShelarAshish,1
ILANGO98193,cbawankule,1
ILANGO98193,mieknathshinde,1
ILANGO98193,thakkar_sameet,1
ILoveRonAndDon,JJ_McCullough,1
ILoveYouSirJi,Shehzad_Ind,1
IMANHUMAN_,ArvindKejriwal,1
IMANHUMAN_,SanjayAzadSln,1
IMA_Indian,AdnanAliKhan555,1
IMSHREESHAIL,RahulGandhi,1
IMSHREESHAIL,narendramodi,1
IMSHREESHAIL,srivatsayb,1
IMSmik_dutta,priyankagandhi,1
INC_Shahebaz,News18India,1
INC_Shahebaz,RahulGandhi,1
INC_Shahebaz,RajatSharmaLive,1
INC_Shahebaz,SwetaSinghAT,1
INC_Shahebaz,abpnewstv,1
INC_Shahebaz,anjanaomkashyap,1
INC_Shahebaz,kanhaiyakumar,1
INC_Shahebaz,narendramodi,1
INC_Shahebaz,ppbajpai,1
INCdilse,ANI,1
INCdilse,INCIndia,1
INCdilse,PrashantTandy,1
INCdilse,SaralPatel,1
INCdilse,arvindgunasekar,1
INCdilse,ndtv,1
INCdilse,nramind,1
INCdilse,rohini_sgh,1
INCdilse,sanjayuvacha,1
INCdilse,sumitkashyapjha,1
INCdilse,sunetrac,1
INCdilse,the_hindu,1
IPrabhakarSP,narendramodi,1
IQtan90,ANI,1
ISuccessPrabhu,narendramodi,1
IVANDSO12281747,KirenRijiju,1
IVRajpipla,HardeepSPuri,1
IVijayboi,narendramodi,1
IYC,RahulGandhi,1
IYC,kcvenugopalmp,1
I_am_sudhanshu7,narendramodi,1
I_ss_santosh,marketreader_,1
I_z_h_a_a_r,ANI,1
I_z_h_a_a_r,RajThackeray,1
I_z_h_a_a_r,indian_patil,1
Iam18milind,Anjan94150697,1
Iam18milind,PrasannaKD97,1
Iam18milind,attar_toufiq,1
IamHmmHmm,HinduAmericans,1
IamIndian011,INCIndia,1
IamIndian011,Pawankhera,1
IamPKGupta,narendramodi,1
IamRameshSub,alpha_defense,1
IamRameshSub,zhukov45,1
Iam_arunsajeev,BCCI,1
Iam_arunsajeev,mastercardindia,1
Iamshibashis,awcwvlc,1
Iamshibashis,mufaddal_vohra,1
Iamvickyvikas2,BJP4India,1
Iamvickyvikas2,TigerRajaSingh,1
Iamvickyvikas2,narendramodi,1
Iamvikasr,ActorMadhavan,1
Iamvikasr,rachitseth,1
Ian04203236,BJP4India,2
Ian04203236,INCIndia,2
Ian04203236,WJBMass,2
Ian04203236,championrat02,2
IctcImpact,AhmAsmiYodha,1
IctcImpact,BJP4India,3
IctcImpact,BJPITCell,2
IctcImpact,BTVI,3
IctcImpact,FastNewsDelhi,1
IctcImpact,IctcImpact,3
IctcImpact,JhaRahul_Bihar,1
IctcImpact,NRI4NaMo,3
IctcImpact,PMOIndia,3
IctcImpact,Proud_Hindu_PS,1
IctcImpact,TimesNow,3
IctcImpact,Tithi_Mishra,1
IctcImpact,ZeeNews,3
IctcImpact,adgpi,3
IctcImpact,ankitasood13,1
IctcImpact,devyanidilli,1
IctcImpact,harshkkapoor,1
IctcImpact,incredibleindia,1
IctcImpact,narendramodi,2
IctcImpact,nsitharaman,1
IctcImpact,prettypadmaja,1
IctcImpact,priyanka4nation,1
IctcImpact,republic,3
IctcImpact,vinitgoenka,1
ImSaa_yan,kunalkamra88,1
Im_RJ29,narendramodi,1
ImaHonestIndian,BJP4India,1
ImaHonestIndian,KapilSibal,1
ImranKh60770780,SydZainRaza,1
ImranKh60770780,atayyyf,1
IndiaFirst2034,AmitShah,1
IndiaFirst2034,BJP4India,1
IndiaFirst2034,BJPLive,1
IndiaFirst2034,HTPunjab,1
IndiaFirst2034,INCIndiaLive,1
IndiaFirst2034,IndiaToday,1
IndiaFirst2034,PriyanakaGandhi,1
IndiaFirst2034,RahulGandhi,1
IndiaFirst2034,TV9Marathi,1
IndiaFirst2034,TimesNow,1
IndiaFirst2034,aajtak,1
IndiaFirst2034,abpmajhatv,1
IndiaFirst2034,ahmedpatel,1
IndiaFirst2034,narendramodi,1
IndiaFirst2034,ndtv,1
IndiaFirst2034,ndtvindia,1
IndiaFirst2034,republic,1
IndiaFirst2034,sherryontopp,1
IndiaSpend,SanjoyHazarika3,2
IndiaToday,sambitswaraj,1
India_Maharaj,DesiDude46,1
India_Maharaj,onetiponehand_,1
India_Progress,BurntOutCase,2
India_Progress,Me_Predictor,2
India_Progress,akshayalladi,2
Indian199413,RSPraveenSwaero,1
Indian199413,YouTube,1
Indian2001Shibu,chhavi_narwal,1
Indian2001Shibu,shaandelhite,1
Indian2023A,theJagmeetSingh,1
Indian2410,ExposingRumour,1
Indian2410,Politics_2022_,2
Indian2410,brajeshabpnews,1
Indian2410,vajinkya16,1
IndianAli7,ARYNEWSOFFICIAL,1
IndianAli7,CMShehbaz,1
IndianAli7,ImranKhanPTI,1
IndianAli7,PTVNewsOfficial,1
IndianAli7,ashoswai,1
IndianBurnol,RoKhanna,1
IndianBurnol,legalloops,1
IndianBurnol,narendramodi,1
IndianC15953445,business,1
IndianChanting,GraduatedBen,1
IndianChanting,TWKsicem,1
IndianChanting,eileendt5,1
IndianChanting,hpmacd,1
IndianD07,AamAadmiParty,1
IndianD07,ArvindKejriwal,1
IndianD07,Mystic_Soul25,1
IndianEnigmatic,MaximeBernier,1
IndianExpress,Ajai_Sahni,1
IndianExpress,AmbMoKumar,1
IndianF05045999,Bhavyanmurthy,1
IndianInte,ARanganathan72,1
IndianInte,TimesNow,1
IndianInte,republic,1
IndianInte,sumanthraman,1
IndianJahil,BCCI,2
IndianJahil,Cricketracker,1
IndianJahil,ImranKhanPTI,1
IndianJahil,JayShah,2
IndianJahil,PakPMO,2
IndianJahil,_FaridKhan,1
IndianMalang,RepMTG,1
IndianMcCarthy,curlykrazy07,1
IndianPatriot75,republic,1
IndianRKumar71,pasirecardo01,1
IndianRKumar71,pun_fact,1
IndianRKumar71,simerjeetsingh2,1
IndianRKumar71,theJagmeetSingh,1
IndianRitzy24X7,ANI,1
IndianSoldier86,kaushikcbasu,1
IndianStaunch,RenukaCCongress,1
IndianTintin_,Devahoothi,1
IndianTintin_,HMBrough_,1
IndianTintin_,ruchirsharma_1,1
IndianTrainFan,BJP4Keralam,1
IndianTrainFan,ECISVEEP,1
IndianTrainFan,smritiirani,1
IndianYaar13,sudhirchaudhary,1
Indian_Analyzer,smritiirani,1
Indian_Farmer,ANI,1
Indian_Hindu86,BRSparty,1
Indian_S_007,soArohic,1
Indian_Tamil26,DrSenthil_MDRD,1
Indianbysoul1,Pawankhera,1
Indianbysoul1,SanjaiGandhi,1
Indianbysoul1,khushsundar,1
Indianhumann,RahulGandhi,1
Indianhumann,vidyarthee,1
Indianonlyjaiho,AamAadmiParty,1
Indianonlyjaiho,ArvindKejriwal,1
IndicFan,ShashiTharoor,1
IndicWanderer,avarakai,1
InnerVo22251335,BhavikaKapoor5,1
InnerVo22251335,RahulGandhi,2
InnerVo22251335,SupriyaShrinate,1
InqIndian,alishan_jafri,1
Inquilab_rahega,Politics_2022_,2
IntelZombie,BJP4India,1
IntelZombie,RahulGandhi,1
IntelZombie,narendramodi,1
InvestMENA,Anjan94150697,1
InvestMENA,ashoswai,1
IsCavalry,GabbbarSingh,1
IsCavalry,lpolgreen,1
Isantanu10,AmanChopra_,1
Isantanu10,RahulGandhi,3
Isantanu10,amitmalviya,1
IshvenderS,AmitShah,1
IshvenderS,HasibaAmin,1
IshvenderS,aakash_du,1
IshvenderS,arunjaitley,1
IshvenderS,narendramodi,1
IshvenderS,priyankagandhi,1
IshvenderS,smritiirani,1
IshwariTyagi,ZeeNews,1
ItIsWha92763579,tmkrishna,1
ItsDeshmukh,IamSanjuSamson,1
ItsDeshmukh,ShashiTharoor,1
ItsDeshmukh,surya_14kumar,1
ItsJun11,chedetofficial,1
ItsJun11,jauharicapital,1
ItsJun11,kusanvinvin,1
ItsmeOhgod,BhaavnaArora,1
JAYANTH_66,ruchirsharma_1,1
JAYANTH_66,vinod_sharma,1
JDumde,Awhadspeaks,3
JDumde,INCIndia,3
JDumde,OfficeofUT,1
JDumde,PawarSpeaks,2
JDumde,RahulGandhi,3
JDumde,SunainaHoley,2
JDumde,The_NikhilB,1
JDumde,anant1306,1
JDumde,jitengajaria,1
JDumde,priyankagandhi,2
JDumde,rautsanjay61,3
JDumde,rishi_dr119,1
JDumde,sardesairajdeep,1
JITENDRAm18,Dev_Fadnavis,1
JITENDRAm18,OmungKumar,1
JITENDRAm18,narendramodi,1
JITENDRAm18,vivekoberoi,1
JJoseph4128,Reuters,1
JK_Gidwani,ArvindKejriwal,1
JK_Gidwani,indian_nagrik,1
JK_Gidwani,torquewater,1
JK_theForgiver,AAPDelhi,1
JK_theForgiver,AamAadmiParty,1
JK_theForgiver,ArvindKejriwal,1
JK_theForgiver,INCIndia,1
JK_theForgiver,RahulGandhi,1
JK_theForgiver,samajwadiparty,1
JK_theForgiver,yadavakhilesh,1
Jagan68299457,BCCI,1
JaganSocialist,Cricketracker,1
JaganSocialist,i_atifmumtaz,1
JaganSocialist,iamaliwajee,1
JagdevS18161249,aajtak,1
Jai050600,ANI,1
Jai050600,RahulGandhi,1
Jai050600,SandeepVIOC,1
JaiHindKB,PMOIndia,1
JainSauhard,narendramodi,1
Jaison815,IamSanjuSamson,1
Jaison815,rajasthanroyals,1
Jakkappanav,INCIndia,1
Jakkappanav,RahulGandhi,1
Jakkappanav,amitmalviya,1
JangliRaja,18z45,1
JangliRaja,JAGDISH73187314,1
JangliRaja,Lotusfeetns,1
JangliRaja,PMOIndia,1
JangliRaja,RahulGandhi,1
JangliRaja,narendramodi,2
JangliRaja,sambitkesri,1
JangliRaja,shahid_siddiqui,1
Jasonphilip8,ashoswai,1
JayantaOfficial,RahulGandhi,1
JayatriNag,AmitShah,1
JayatriNag,narendramodi,1
Jaydeep_Bapat,RahulGandhi,1
Jaydeep_Bapat,SupriyaShrinate,1
JayendraSurve,narendramodi,1
JayeshRaghavan,AmitShah,1
JayeshRaghavan,BJP4India,1
JayeshRaghavan,narendramodi,1
Jeeteshtweets,AamAadmiParty,1
Jeeteshtweets,AapKaGopalRai,1
Jeeteshtweets,BhagwantMann,1
Jeeteshtweets,SanjayAzadSln,1
JhaashokinA,SupriyaShrinate,1
Jhankar56202653,MuthurajJoseph,1
Jhankar56202653,ashoswai,1
JhansonKaRaja,RahulGandhi,1
JhansonKaRaja,barandbench,1
JigarM2607,narendramodi,1
JishnuTimes,narendramodi,2
Jitumoni28,DrShobha,1
Jitumoni28,IndiaToday,1
Jitumoni28,PadmajaJoshi,1
Jitumoni28,ZeeNews,1
Jitumoni28,himantabiswa,1
Jitumoni28,narendramodi,1
Jitumoni28,rahulkanwal,1
JodoIndian,INCDataDept,1
JodoIndian,Kiruthika_TNPYC,1
JodoIndian,MPMahendran_INC,1
JodoIndian,Politics_2022_,1
JodoIndian,SpiritOfCongres,1
JodoIndian,Surya_BornToWin,1
JodoIndian,jothims,1
JoyMondalAITC,abhishekaitc,1
Jprout123Jyoti,sardesairajdeep,1
Jramrania,PsyQid,1
Jramrania,bubblebuster26,1
JujharSBrar,aniltalwar2,1
Julywolf3,SubbiahTS,1
Julywolf3,annamalai_k,1
Julywolf3,hihareesh,1
JustBeingVK,INCDelhi,1
JustBeingVK,narendramodi,1
Justice_justuju,samyak128,1
JustinBlackfac8,DeshGujarat,1
JyotiKarma7,srinivasiyc,1
K03067727Dubey,SupriyaShrinate,1
KALEEMPKM,INCIndia,1
KALEEMPKM,narendramodi,1
KCAnalyses,ArvindKejriwal,1
KCAnalyses,seriousfunnyguy,1
KCLall,INCIndia,1
KCLall,MamataOfficial,1
KCLall,RahulGandhi,1
KCLall,ThinkingGuy6,1
KDasgupta_18,nytimes,1
KGaurav99916080,zoo_bear,1
KISHORCHOPADE,ANI,1
KISHORCHOPADE,ECISVEEP,1
KISHORCHOPADE,PTI_News,1
KISHORCHOPADE,narendramodi,1
KISHORCHOPADE,rashtrapatibhvn,1
KKadhirr_artdir,thirumaofficial,1
KPL_Lokesh,BJP4India,1
KPL_Lokesh,akshaykumar,1
KPL_Lokesh,narendramodi,1
KParas288,ajitanjum,1
KREMS9,PrashantKishor,1
KRUNALMAHESURI1,Sports_Himanshu,1
KRathod1984,CPMumbaiPolice,1
KUMARESHTRIVEDI,AMISHDEVGAN,1
KUMARESHTRIVEDI,ArvindKejriwal,2
KUMARESHTRIVEDI,News18India,1
KUMARESHTRIVEDI,SteveMartinToGo,2
KVKSCHOUDARY,CNBCTV18News,1
KadakChaa,KanwalSibal,1
Kahaniwala_918,BJP4India,1
Kahaniwala_918,INCIndia,2
Kahaniwala_918,RahulGandhi,2
Kahaniwala_918,digvijaya_28,1
KahnuMohanty,RKCERTIFIED,1
Kailash57059662,Kumar1975Rajesh,1
KajaVinoth,narendramodi,1
Kalaam67367960,AamAadmiParty,1
Kalaam67367960,ArvindKejriwal,1
Kalaam67367960,RahulGandhi,1
KalleshaSr3,BCCI,1
KalleshaSr3,IamSanjuSamson,1
KalleshaSr3,ShubmanGill,1
KalleshaSr3,ishankishan51,1
KalleshaSr3,klrahul,1
KalleshaSr3,surya_14kumar,1
KalleshaSr3,yuzi_chahal,1
Kalwasna1Krish,BCCI,1
Kalwasna1Krish,ImRo45,1
KamalKashyap92,ArvindKejriwal,2
KamalKashyap92,desimojito,1
Kamini777,CNN,1
Kamini777,DeputySecState,1
Kamini777,FoxNews,1
Kamini777,GoI_MeitY,1
Kamini777,IndianEmbassyUS,1
Kamini777,InvestIndiaUSA,1
Kamini777,JoeBiden,1
Kamini777,MEAIndia,1
Kamini777,MIB_India,1
Kamini777,NRSC,1
Kamini777,POTUS,1
Kamini777,PTI_News,1
Kamini777,RDXThinksThat,1
Kamini777,Rajeev_GoI,1
Kamini777,SandhuTaranjitS,1
Kamini777,SecBlinken,1
Kamini777,SenateDems,1
Kamini777,USAGov,1
Kamini777,USAmbIndia,1
Kamini777,USAmbKeshap,1
Kamini777,USAndIndia,1
Kamini777,USIBC,1
Kamini777,WhiteHouse,1
Kamini777,ianuragthakur,1
Kamini777,narendramodi,1
Kamini777,reachind_USACAN,1
Kamini777,washingtonpost,1
KamleshDixit23,Indian_Analyzer,1
KanchiTank,timesofindia,1
Kandie4Kandie,NormalGuy223,1
Kanishk66911072,INCIndia,1
Kanishk66911072,RahulGandhi,1
Kanishk66911072,narendramodi,1
Kannan09609880,barandbench,1
KanwalSethi2,CandidShweta,1
KapdoskarPrasad,BJP4India,1
KapdoskarPrasad,RahulGandhi,1
KapilVirmani3,SupriyaShrinate,1
KapilVirmani3,priyankagandhi,1
Karhiio2001,Jonell100,2
Karhiio2001,OHoYEG,1
Karhiio2001,SpookTheNook,1
Karhiio2001,jenniferelle_,1
KarimbilPavan,Paul_Koshy,1
KarimbilPavan,RahulGandhi,1
Karmic_Indian,SwadeshAbhiman,1
KartheeLove,Prameel46648186,1
Karthikgtweets,narendramodi,1
KartikeyaBatra,BDUTT,1
KartikeyaBatra,themojostory,1
Kartzagra,AamAadmiParty,1
Kartzagra,ArvindKejriwal,1
KashiS56009855,AJEnglish,1
KashiS56009855,BJP4Karnataka,1
KashiS56009855,BhavikaKapoor5,1
KashiS56009855,NikhilReddyINC,1
KashiS56009855,Ra_THORe,1
KashiS56009855,krishnabgowda,1
KashiS56009855,narendramodi,1
KashiS56009855,psychesupriya,1
KashiS56009855,srinivasiyc,1
KashiS56009855,zoo_bear,1
Kashif03620293,PTIofficial,1
KatiaBarros,runews,1
KatiaBarros,tomhillerz,1
KatratL,8adrov,1
KatratL,tavleen_singh,1
KaurReggie,aamberdhaliwal1,1
KaushalRamc,ANI,1
Kaushik_Since85,GVLNRAO,1
Kaushik_Since85,INCIndia,1
Kaushik_Since85,RahulGandhi,1
Kaushik_Since85,TimesNow,1
Kaushik_Since85,narendramodi,1
Kaustubh_SSS,140tude,1
KautilyaSPP,Trilok__K,1
Kautilyaneeti,RahulGandhi,1
Kautilyaneeti,ShashiTharoor,1
KayEnn70,AzmiShabana,1
KayEnn70,BDUTT,1
KayEnn70,Javedakhtarjadu,1
KayEnn70,Nidhi,1
KayEnn70,SZamati,1
KayEnn70,_sabanaqvi,1
KayEnn70,iamsrk,1
KayEnn70,vinitgoenka,1
KedarMohite1,ANI,1
KeshavG00560522,Being_Humor,1
KeshavG00560522,KendraLust,1
KeshavG00560522,the_fauxy,1
KetPan,darkandcrude,1
KetPan,niks_1985,1
Ketulsinh10,CricCrazyHabiba,1
Ketulsinh10,_FaridKhan,1
Ketulsinh10,abdullahjansays,1
Ketulsinh10,kritiitweets,1
KhalidIqbal04,ndtv,1
Khilios,DanielJ85660483,1
Khilios,NightshadeMia,1
Khilios,taycolivia,2
KhoranaR,TimesNow,1
KhoranaR,indiatvnews,1
KhoranaR,ndtv,1
KhoranaR,republic,1
KhutainM,Priyank13589891,1
KhutainM,narendramodi,1
Kiara91606372,BJP4India,1
Kiara91606372,UU_University,1
Kiara91606372,ashoswai,1
KillekarNitin,BJPLive,1
KillekarNitin,narendramodi,1
KirtikBhanusha1,ArvindKejriwal,1
Kishan98727631,SupriyaShrinate,1
KishoreVaid,RahulGandhi,1
Kishorkumbhar14,IAjitDovalIND,1
Kishorkumbhar14,Mukeshambani_9,1
Kishorkumbhar14,nitin_gadkari,1
KmRao75,RahulGandhi,1
Koushik42061986,priyankagandhi,1
KovidRaj5,ReutersIndia,1
Kowshik04616113,ShuhidAufridi,1
Kowshik04616113,ritik_____raj,1
KpBaiji,ABPNews,1
KpBaiji,AdarshJha001,1
KpBaiji,romanaisarkhan,1
Krishan06681745,Being_Humor,1
Krishchampion,NinasGate,1
Krishna300998,BBCHindi,1
Krishna_Mur1965,smitaprakash,1
Krishnam3v,1710rajesh,1
Krishnam3v,Swamy39,1
Krishnam3v,timesofindia,1
KrishnamurthyVK,narendramodi,1
Krsna66yodha,ANI,1
KsantoshkuPatro,INCIndia,1
Kulkarni03Man,narendramodi,1
KulriyaPoonam,PMOIndia,1
KulriyaPoonam,mann_ki_baat,1
KulriyaPoonam,narendramodi,1
Kumar70971507,Paul_Koshy,1
KumarRa09785556,davidfrawleyved,1
KumarRa09785556,narendramodi,1
KumarSoneta,AbhishekBarari,1
KumarSoneta,RahulGandhi,1
KumarSoneta,arunjaitley,1
KumarSoneta,narendramodi,1
Kumar_Hazzarapu,RoKhanna,1
Kumar_Hazzarapu,narendramodi,1
Kumarpr28,balbir59,1
Kumarpr28,sujataanandan,1
Kunal_Tweeets,PMOIndia,1
Kunal_Tweeets,RahulGandhi,1
Kunal_Tweeets,narendramodi,1
Kunal_Tweeets,tusharbbsr,1
KuttansOfIndia,himantabiswa,1
KuttansOfIndia,myogiadityanath,1
KuttansOfIndia,narendramodi,1
Kvr79320142,BCCI,1
Kvr79320142,mastercardindia,1
LDoddannagari,INCIndia,1
LDoddannagari,INCKerala,1
LDoddannagari,Me_Shreyansh,1
LDoddannagari,RahulGandhi,1
LEFRIGHTLEF,DrKumarBinodPr2,1
LMulrajani,BJP4India,1
LMulrajani,INCIndia,1
LMulrajani,ShashiTharoor,1
LOLHahaRoflLmao,RoKhanna,1
LOLHahaRoflLmao,narendramodi,1
LVR_1968,Udhaystalin,1
LVR_1968,chennaipolice_,1
LVR_1968,imprasath,1
LadduYadavBJP,narendramodi,2
LadduYadavBJP,rose_k01,1
Ladipo62032729,King_Inspires,1
Lahari16821651,narendramodi,1
Lahari16821651,ncbn,1
LajarM,StarSportsIndia,1
LakhanToshniwal,RahulGandhi,1
LakhanToshniwal,narendramodi,1
LakhanToshniwal,republic,1
Lakshiv17,narendramodi,1
Lakshiv17,shalabhii,1
LaksshyaAdvani,AmitShah,2
LaksshyaAdvani,BJP4India,2
LaksshyaAdvani,BJP4Rajasthan,1
LaksshyaAdvani,INCIndia,1
LaksshyaAdvani,PMuralidharRao,1
LaksshyaAdvani,PrakashJavdekar,1
LaksshyaAdvani,Ramlal,1
LaksshyaAdvani,VasundharaBJP,1
LaksshyaAdvani,gssjodhpur,1
LaksshyaAdvani,indiantweeter,1
LaksshyaAdvani,narendramodi,3
LaksshyaAdvani,timesofindia,1
Laktishrouben,SaalanPaari,1
LalaTukaram,Me_Predictor,1
LeLi_MC_hain,AmitShah,1
LeLi_MC_hain,narendramodi,1
LearnShareSpeak,Enraged_Indian,1
Life_isChoice,ArvindKejriwal,1
LionKin75362831,ANI,1
LionKin75362831,Bhavika,1
LionKin75362831,BhavikaKapoor5,1
LiteralLiberalY,ProfBabones,1
LloydRodr28,AatishTaseer,1
LloydRodr28,TIME,1
LloydRodr28,bainjal,1
LloydRodr28,naina_bajekal,1
LokeshJ24596963,Indian_Index,1
LokeshJ24596963,RohitSundria,1
LokeshJ24596963,rakaanga2,1
LongmanGill,BBC_WorId,1
LongmanGill,BJP4India,1
LongmanGill,BJPLive,1
LongmanGill,HMOIndia,1
LongmanGill,RoshanKrRai,1
LongmanGill,SakshiMaharajMp,1
LongmanGill,narendramodi,1
LongmanGill,rajnathsingh,1
LongmanGill,smritiirani,1
Lord_Reaver69,indian_idol13,1
LostCase17,kharge,1
LostCase17,lpolgreen,1
LowCarbLyfStyle,ttindia,1
Lucky09690,mssirsa,1
Lucky09690,narendramodi,1
LuckyJunwar,News18India,1
MAGESHW57341284,IndiaToday,1
MAHESH79989822,puram_politics,1
MASTERMIND_4_U,SirJadeja,1
MASTERMIND_4_U,narendramodi,1
MAURYADIVAKAR,UN,1
MAURYADIVAKAR,htTweets,1
MAURYADIVAKAR,nytimes,1
MAURYADIVAKAR,the_hindu,1
MAURYADIVAKAR,washingtonpost,1
MBTheGuide,DeccanHerald,1
MBTheGuide,RajThackeray,1
MBTheGuide,narendramodi,1
MBoseofficial,narendramodi,1
ME_TVR,jothims,1
MILVETERAN,ParaRjs,1
MKBhatia1961,RoKhanna,1
MKBhatia1961,narendramodi,1
MKG1869,ClaudiaWebbe,1
MM09021996,bainjal,1
MM09021996,narendramodi,2
MMTiwari27,BJP4India,1
MMTiwari27,arjunrammeghwal,1
MMTiwari27,narendramodi,1
MODIJI_helpus,2congressparty,1
MODIJI_helpus,Abzyk1,1
MODIJI_helpus,AccucutShaha,1
MODIJI_helpus,AlpeshThakor_,1
MODIJI_helpus,Arun06696270,1
MODIJI_helpus,Baisaaa,1
MODIJI_helpus,C7dGJexzYqUMr0n,1
MODIJI_helpus,Gomti15303117,1
MODIJI_helpus,GreatIndiankhan,1
MODIJI_helpus,HaftaWasooli,1
MODIJI_helpus,HardikPatel_,1
MODIJI_helpus,INCIndia,1
MODIJI_helpus,INCpriyankaRG,1
MODIJI_helpus,Indi2DCore,1
MODIJI_helpus,NNaseemahmad071,1
MODIJI_helpus,NavStar04641572,1
MODIJI_helpus,PawanPr74907968,1
MODIJI_helpus,ProudIn73884384,1
MODIJI_helpus,Rahul0427111,1
MODIJI_helpus,RahulGandhi,1
MODIJI_helpus,RajanNewEra,1
MODIJI_helpus,SNSHARM59638054,1
MODIJI_helpus,Sanjeev91730967,1
MODIJI_helpus,SanjivBilwal,1
MODIJI_helpus,SoniyaGandhi10,1
MODIJI_helpus,SujauddinG,1
MODIJI_helpus,Surendr56165770,1
MODIJI_helpus,SuryaPrtpSingh_,1
MODIJI_helpus,TARUNDA02191585,1
MODIJI_helpus,ThackerBHVESH,1
MODIJI_helpus,TheHinduWarrio1,1
MODIJI_helpus,TheNurpuriya,1
MODIJI_helpus,VinitNarang123,1
MODIJI_helpus,Virendr62094845,1
MODIJI_helpus,dnyadav,1
MODIJI_helpus,ghosh_aroop,1
MODIJI_helpus,gops333,1
MODIJI_helpus,joshibalramr,1
MODIJI_helpus,mohini_chaudhry,1
MODIJI_helpus,narendramodi,1
MODIJI_helpus,nikita_anand,1
MODIJI_helpus,paree7861,1
MODIJI_helpus,sahab_chawla,1
MODIJI_helpus,sambitswaraj,1
MODIJI_helpus,samratsaleem,1
MODIJI_helpus,srinivasiyc,1
MODIJI_helpus,tony_jatinder,1
MOHDQAS66552981,BJP4India,1
MPoudyal,hello_acharya,1
MTA_1969,BhavikaKapoor5,1
MUKTESWARJI,IndEditorsGuild,1
MUKTESWARJI,narendramodi,1
MULTI__BAGGER,AudaciousQuest,1
MadCapProf,akshaykumar,1
MadCapProf,ambkcsingh,1
MadCapProf,narendramodi,1
MadhavPriyaa,AmitShah,1
MadhavPriyaa,BJP4India,1
MadhavPriyaa,narendramodi,1
MadhavPriyaa,nsitharaman,1
MadhavPriyaa,rajnathsingh,1
MadhavPriyaa,smritiirani,1
Madhok_14,news24tvchannel,1
MagnifyingFacts,BJP4India,1
MagnifyingFacts,INCIndia,1
MahatoJagannath,AmitShah,1
MahatoJagannath,dasraghubar,1
MahatoJagannath,narendramodi,1
MahatoJagannath,yugalnist,1
Maheshw52647865,ANI,1
MajumdarSid,INCIndia,1
MajumdarSid,Iypan8,1
MajumdarSid,JM_Scindia,1
MajumdarSid,RahulGandhi,1
MajumdarSid,ShashiTharoor,1
MajumdarSid,ShekharGupta,1
MajumdarSid,SoniaGOfficial,1
MajumdarSid,akashbanerjee,1
MajumdarSid,narendramodi,1
MajumdarSid,nitin_gadkari,1
MajumdarSid,sardesairajdeep,1
MalaRoy03303471,BJP4India,1
Malcolm30031982,TheFactFindr,1
MalikiAbdul585,zahacktanvir,1
Malolan05,thengaai,1
Mammothoffl2,AlthafAgamed,1
Mammothoffl2,Murali_is_here,1
Mammothoffl2,cfc_superman,1
Manas8991,brinderdhillon,1
ManasKedia4,KrishKhairnar,1
Mandy_Sanghera1,777SunnyAngel,1
Mandy_Sanghera1,AdamFeroz,1
Mandy_Sanghera1,Alex_J_Speaker,1
Mandy_Sanghera1,AyurshiD,1
Mandy_Sanghera1,Bernieadufe,1
Mandy_Sanghera1,CarolinejGoode,1
Mandy_Sanghera1,ChrisTuck_WWHF,1
Mandy_Sanghera1,DarioMelian,1
Mandy_Sanghera1,FILMVOLT1,1
Mandy_Sanghera1,FMUnit,1
Mandy_Sanghera1,FarwaAkhlaq,1
Mandy_Sanghera1,GlobalGirlPower,1
Mandy_Sanghera1,Gwenton,1
Mandy_Sanghera1,HiboWardere,1
Mandy_Sanghera1,ImranKhanPTI,1
Mandy_Sanghera1,MohsinDurrany,1
Mandy_Sanghera1,NevilleGaunt,1
Mandy_Sanghera1,NursesSikh,1
Mandy_Sanghera1,Phil_VCSA,1
Mandy_Sanghera1,PilsworthWayne,1
Mandy_Sanghera1,RamLakha,1
Mandy_Sanghera1,RoseAcademies,1
Mandy_Sanghera1,Usriroy,1
Mandy_Sanghera1,_Yeshna,1
Mandy_Sanghera1,aguerl,1
Mandy_Sanghera1,amitjainmkr,1
Mandy_Sanghera1,angel4many,1
Mandy_Sanghera1,bub_mel,1
Mandy_Sanghera1,critoe,1
Mandy_Sanghera1,eldiablo0786,1
Mandy_Sanghera1,fsahat,1
Mandy_Sanghera1,gurchrandhawa,1
Mandy_Sanghera1,itsmidonah,1
Mandy_Sanghera1,itsnotok2019,1
Mandy_Sanghera1,kirthijayakumar,1
Mandy_Sanghera1,kritimakhija,1
Mandy_Sanghera1,maat333,1
Mandy_Sanghera1,narendramodi,1
Mandy_Sanghera1,paulscates,1
Mandy_Sanghera1,peepeesharp,1
Mandy_Sanghera1,pointponder,1
Mandy_Sanghera1,sabahatkazmi86,1
Mandy_Sanghera1,sd_saurav,1
Mandy_Sanghera1,somto_ugwu,1
Mandy_Sanghera1,subsaharanmun,1
Mandy_Sanghera1,wmpsentinel,1
Manishkumar_roy,INCIndia,1
Manishkumar_roy,RShivshankar,1
Manishkumar_roy,TimesNow,1
Manishkumar_roy,narendramodi,1
Manishkumar_roy,navikakumar,1
ManojKhatri,Derzuschauer7,1
ManojSri9,tehseenp,1
Manojsh62504277,boxervijender,1
ManpreetSDor,CBCNews,1
Mansur9295,elonmusk,1
Manu45632167,ANI,1
ManuNair_778,RahulGandhi,1
ManuNair_778,alva_margaret,1
ManujaGowda,spidel_,1
Marankothi,AbiramiGopalan,1
Marankothi,AlanIgnatius,1
Marankothi,Anil_Kunju88,1
Marankothi,Anti_CAA_23,1
Marankothi,ArasiyalKadai,1
Marankothi,Bacteria_Offl,1
Marankothi,Chella38641,1
Marankothi,DrNagajothi11,1
Marankothi,DrSharmila15,1
Marankothi,HULK655037121,1
Marankothi,INCIndia,1
Marankothi,IloveTamilnad,1
Marankothi,IlovemyNOAH2019,1
Marankothi,KanimozhiDMK,1
Marankothi,RahulGandhi_TN,1
Marankothi,TRBRajaa,1
Marankothi,chithradevi_91,1
Marankothi,isai_,1
Marankothi,jijinjm,1
Marankothi,kaka_offic,1
Marankothi,priyankagandhi,1
Marankothi,vanam_offcl,1
Mari02528503,s_badrinath,2
Mariolotov,stungnthumz,1
Markviegas,narendramodi,1
Marmik__,main_of_k,1
MarwariJat,chakravartiin,1
MashukAhmedKha1,LailaPalestini1,1
Mathurakavi7,bbctamil,1
MayankK42395353,narendramodi,1
Mayank_Gala,SuPriyoBabul,1
Mayank_Gala,Tejasvi_Surya,1
Mayank_Gala,narendramodi,1
Me_Predictor,AmericanIndic,1
Me_Predictor,BurntOutCase,1
Me_Predictor,ritwik_priya,1
Meenakshipai,_NAN_DINI,1
Meenakshipai,narendramodi,1
Meenakshipai,sssingh21,1
MehtaRudi,AudreyTruschke,1
MeraIndia6,Swamy39,1
Mighty7693524,ivrespecter,2
MikeBul15385320,MickyRazor,1
MikeBul15385320,elonmusk,1
MikeBul15385320,mtaibbi,1
Mike_Nadar,POTUS,1
Mike_Nadar,UN,1
MilindP31081968,mataonline,3
Mini2411Singh,AITCofficial,1
Mini2411Singh,BJP4Bengal,1
Mini2411Singh,MamataOfficial,1
MinkseNinja,rooh_dar,1
MinkseNinja,spectatorindex,1
MinkseNinja,theonlyharsh19,1
MinkseNinja,universal_so,1
Minni2r,CeodelhiOffice,1
Minni2r,RahulGandhi,1
Minni2r,narendramodi,1
MiraGup1189,visheshtaaa_j15,1
MishraSahill,narendramodi,1
MisraHector,SatpathyLive,1
Missano_Raj,narendramodi,1
Missr71884780,bastille_sam,1
MithySingh,barkhatrehan16,1
Mjukeit101,Mfoka_Jobe,1
Mmabathobao,tabanimcgucci,1
ModiAgainAt2024,RahulGandhi,1
ModiAgainAt2024,narendramodi,1
ModiAgainAt2024,nytimes,1
ModiFrom,OpIndia_com,1
Mohan41591648,SriRamya21,1
Mohan41591648,VarierSangitha,1
Mohan41591648,_ankahi,1
Mohan41591648,pallavict,1
Mohan41591648,ramapriya1989,1
Mohan41591648,sowmiyasid,1
MohanBi53465294,ANI,1
MohanBi53465294,Indian_Analyzer,1
MohanBi53465294,ani_digital,1
Mohazamil,ANI,1
Mohazamil,Nation_frst,1
MohinderGulati,Paul_Koshy,1
MohitKh54740273,ArvindKejriwal,1
Mohitkumarrana,ANI,1
Mohitkumarrana,Harjeet_Chopra,1
Mohitkumarrana,ShivAroor,1
Moin67860000,GuptaPragnya,1
Moin67860000,RahulGandhi,1
MonicaK2511,rvasisht,1
Monisha_INDIA,johnpeterpaul,1
Monisha_INDIA,rimreaper0,1
Monisha_INDIA,sidhant,1
MorAnand,DrKumarVishwas,1
MorAnand,narendramodi,1
MpMannu2singh,INCIndia,1
MpMannu2singh,divyaspandana,1
MpMannu2singh,narendramodi,1
MrIndian15,INCIndia,1
MrIndian15,kanhaiyakumar,1
MrIndian15,shalluchandla,1
MrSamIndian,INCIndia,1
MrSamIndian,RahulGandhi,1
MrSamIndian,Ranjiar,1
MrdifferentAry1,BCCI,1
MrdifferentAry1,JayShah,1
MrdifferentAry1,SGanguly99,1
MrdifferentAry1,StuartBinny84,1
MrdifferentAry1,imVkohli,1
Mrfrank_martin,ShashiTharoor,1
Mrigu_Das,theskindoctor13,1
Mrinmoy31525274,LearnMach_1,1
Mrprofessor8683,narendramodi,1
Mrprofessor8683,raosahebdanve,1
MuDu_Smart,Dkumar_dj,1
MuDu_Smart,WFRising,1
MuGong15,Kanthan2030,1
MuGong15,weilinkuang,1
MufcMohit07,ShashiTharoor,1
MufcMohit07,narendramodi,1
Muhamma40593091,banand84,1
Muhamma40593091,kritiitweets,1
MukeshAdvani,PiyushGoyal,1
MukeshPathakji,AmarSinghTweets,1
MukeshPathakji,AmitShah,1
MukeshPathakji,BJP4India,1
MukeshPathakji,narendramodi,1
MukundaSN1,Bharathvarsh25,1
MukundaSN1,GoudraAbhay,1
MukundaSN1,georgesoros,1
Mumbai_Citizens,HCI_London,1
Mundia_KE,shailjapatel,1
Muneeb_screen,CaptainArjun99,1
Muneeb_screen,ImranKhanPTI,1
Muneeb_screen,sana1nagra,1
Munshiabraarhus,ghulamnazad,1
MuraliSeshadri,ShivAroor,1
Murphy189344196,Brutu24,1
Murphy189344196,SocialitePhysio,1
MuskMel99183271,PradyotManikya,3
MuskMel99183271,Shahid_Faridi_,1
MuskMel99183271,TripuraCPIM,1
MuskanG85566146,4hnaxf,1
MuskanG85566146,visheshtaaa_j15,1
MyThyagu,RenukaCCongress,1
Mynation47,AhmedKhabeer_,1
NABAKRISHNA007,ANI,1
NAMDEVSuryawa11,ranjona,1
NBA06071,Abhratwitting,1
NBA06071,GombauJosep,1
NEELisPREET,M_Lekhi,1
NGR_blr,BJP4India,1
NGR_blr,narendramodi,1
NGR_blr,rajeev_mp,1
NITINKML,JammyDodgered,1
NITINKML,ashoswai,1
NITISHKUMARGU17,AmitShah,1
NITISHKUMARGU17,BJP4India,1
NITISHKUMARGU17,narendramodi,1
NKGUPTA_IBC,p_sahibsingh,1
NPTheGreat79,RahulGandhi,1
NPTheGreat79,SupriyaShrinate,1
NS150761,NayakRagini,1
NS150761,RahulGandhi,1
NS150761,SupriyaShrinate,1
NS150761,pbhushan1,1
NS150761,srinivasiyc,2
NSNSRINIVASS,priyankagandhi,1
NadeemA59571021,WikiHowToLogout,1
NadeemA59571021,miqdaad,1
NaeemAkramCA,RajeshDSachdev,1
Nakiran3,narendramodi,1
NalVinz,nakkheeranweb,1
NamahShivaay108,RedRiverCries,1
NamahShivaay108,shreyas49593773,1
Naman58086948,INCIndia,1
NarRamchandra,BJP4Karnataka,1
NarRamchandra,CPBlr,1
NarRamchandra,HMOIndia,1
NarRamchandra,narendramodi,1
Narang9Narang,priyankagandhi,1
Narendr33404951,priyankagandhi,1
Narendra_nichi1,KarnatakaModi,1
Narendra_nichi1,MrsGandhi,1
Narendra_nichi1,Narendra_nichi1,1
Narendra_nichi1,Swamy39,1
Narendra_nichi1,astitvam,1
Narendra_nichi1,chetanrh,1
Narendra_nichi1,narendramodi,1
Narendra_nichi1,rvaidya2000,1
NareshBhalla,PMOIndia,1
NareshBhalla,narendramodi,1
Nash9979,ThombreMilind,1
Nash9979,vivekagnihotri,1
NasirYousofi,AFP,1
Nasuniyekoaawaj,HamroKhelkud,1
Nasuniyekoaawaj,Shubham64204512,1
Nasuniyekoaawaj,SuvamKoirala_45,1
Nasuniyekoaawaj,montydesai,1
NatarajanSe,ExSecular,1
NavK39399817,tariqmateen,1
NaveenAN799,BelagaviKannada,1
NaveenAN799,BimaruKumari,1
NaveenChandra87,priyankac19,1
NavinDave48,sadsadpanini,1
NavinDave48,timesofindia,1
NayabNaseer,ANI,1
NayabNaseer,narendramodi,1
NayakHassan,RanaAyyub,1
Nazir_Ahmed42,Danishcane,1
Nazir_Ahmed42,ImranKhanPTI,1
Neel_Misra_,BJP4India,1
Neena50172713,SummerMerin,1
Neena50172713,iAnkurSingh,1
NeerajGBN,Congress,1
NeerajGBN,RakeshSinha01,1
NeerajGBN,narendramodi,1
Neerja10482840,ArvindKejriwal,1
Neha77316988,fambruharmy,1
Neha77316988,narendramodi,1
Neha77316988,rsprasad,1
NevilChristian7,MeghUpdates,1
NewIndia2040,Jairam_Ramesh,1
NewIndia2040,arinbasu,1
NewIndianXpress,xpresskerala,2
News9Tweets,BJP4India,3
News9Tweets,BJP4Karnataka,1
News9Tweets,BSYBJP,1
News9Tweets,INCIndia,3
News9Tweets,INCKarnataka,1
News9Tweets,RAshokaBJP,1
News9Tweets,RahulGandhi,2
News9Tweets,ShobhaBJP,1
News9Tweets,amitmalviya,1
News9Tweets,divyaspandana,1
News9Tweets,narendramodi,3
News9Tweets,priyankagandhi,1
News9Tweets,siddaramaiah,1
NewsJ1964,RahulGandhi,1
NewsJ1964,nanditathhakur,1
NewsPaxindic,WokeJanta,1
NewsPaxindic,paapi_billi_,1
NewsPaxindic,rana_vanc,1
NewsWorldIN,AmitShah,1
NewsWorldIN,TajinderBagga,1
NewsWorldIN,amitmalviya,1
Nidhi17907074,RAJESH_B_7,2
Nidhi17907074,RahulGandhi,2
Nidhi17907074,TheSunShine_,1
Nidhi17907074,UmoekaIfiok,1
Nidhi17907074,izeenatrana,2
NiharRan,ChinmoyAIH,1
NiharRan,dkagarwal,1
Niharikasahoo20,narendramodi,1
Niitesshh,ArvindKejriwal,1
Niitesshh,amitshri1009,1
Nik33352,AnupriyaSPatel,1
Nik33352,AshwiniKChoubey,1
Nik33352,AyushmanNHA,1
Nik33352,BJP4India,1
Nik33352,JPNadda,1
Nik33352,narendramodi,1
Nikhil_Kataria5,narendramodi,1
NileshTamhane78,PawarSpeaks,1
Nipunsinghhal,LokSabhaSectt,1
Nirdoshss,tufailelif,1
NischalBhasin,MehboobaMufti,1
NischalBhasin,PTI_News,1
NishaAjayKanoj1,RahulGandhi,1
NishaAjayKanoj1,timesofindia,1
NishidhMPatel,narendramodi,1
NitWiterazzi,BJP4India,1
NitWiterazzi,ElangoSudhakar,1
NitWiterazzi,narendramodi,1
Nithinreddy00,BJP4Telangana,1
Nithinreddy00,narendramodi,1
NitinDi71729547,raghav_chadha,1
NitinGu68499172,arunjaitley,1
NitinJuneja_,RemaNagarajan,1
NitinP42,AamAadmiParty,1
NitinP42,ArvindKejriwal,1
NiveditaTrived5,Crystal_x_Clear,1
Nixachar,ArvindKejriwal,1
Nixachar,Jitumoni28,1
Nixachar,RahulGandhi,1
Nkittt,INCIndia,1
Nkittt,capt_amarinder,1
Nkittt,sardesairajdeep,1
No4Hypo,ECISVEEP,1
No4Hypo,Saravana_2785,1
No4Hypo,Surya_BornToWin,1
NoVa_Politics,crusadxr_,1
NoorClinic5,HamidMirPAK,1
ObservingEditor,PanickarS,1
Oldsalt52,maritstiles,1
OmiiiZing,Adwanism,1
Oneindia,narendramodi,1
OnlyIndian65,AishPaliwal,1
OnlyIndian65,IndiaToday,2
OnlyIndian65,Scribe_Rahul,1
OnlyIndian65,anaghakesav,1
OnlyIndian65,kumari_selja,1
OnlyIndian65,snehamordani,1
OpinionatedBong,DiscussingFilm,1
OraConner11,ashoswai,1
PARVEJA69228557,RahulGandhi,1
PARVEJA69228557,ZeeNews,1
PBTheBanglaBoy,BJP4India,1
PBTheBanglaBoy,PMOIndia,1
PBTheBanglaBoy,narendramodi,1
PChhater,YahooNews,1
PMCBankCrisis,BJP4India,1
PMCBankCrisis,RahulGandhi,1
PMCBankCrisis,narendramodi,1
PRAVEEN83112145,ManishTewari,1
PRK4181,Badass_Superdad,1
PRK4181,bahl65,1
PRanasar,sidmtweets,1
PRanjitkumar,PiyushGoyal,1
PRanjitkumar,narendramodi,1
PRanjitkumar,rpsinghkhalsa,1
PTKANNAN2525,PMOIndia,1
P_K_Srivastava,aviator_baba,1
PagalHuMain0203,SamKhan999,1
PakiArmy2,MuqtedarKhan,1
PakiArmy2,ryadav1234,1
PalshikarSuhas,ChandraUday,1
PandaSaffron,indhavaainko,1
PandaSaffron,indianbachelor,1
PankitPs,prakashraaj,1
Pappu4201,ShekharGupta,1
Pappu4201,narendramodi,1
Pardesi30,SeharShinwari,1
Partap_Sbajwa,RahulGandhi,1
Parthas00794415,ARanganathan72,1
Parthas00794415,RishiSunak,1
ParthoS70210450,MeghUpdates,1
ParthoS70210450,Ranjan_Ashish96,1
ParthoS70210450,catcheronthesly,1
ParthoS70210450,sanchitbisht08,1
PartiSparti,KirenRijiju,1
PartiSparti,SupriyaShrinate,1
PatriotChandel,ANI,1
PatriotChandel,amaritesh,1
PaulMorris29,Akshat__Jaiswal,1
PaulMorris29,UPWarriorz,1
PaulMorris29,bhogleharsha,1
Paul_Koshy,ptrmadurai,1
PawanTi33966574,Dr_RizwanAhmed,1
PawanTi33966574,RoKhanna,1
PawanTi33966574,sudhirchaudhary,1
PawanVe86607047,ANI,1
PawanVe86607047,sahusagar11,1
PeacockTN,laksr_tn,1
PeacockTN,strategywoman,2
PemaKhanduBJP,smritiirani,1
Pemzeewaltra,BBCHindi,1
PeterGriffin720,AmyMek,1
PeterGriffin720,mehedihasan8989,1
PeterGriffin720,sathendrakangr1,1
Phaantoms,Jairam_Ramesh,1
PhaniBh29348097,ashoswai,1
Phanind20455198,ForeverBLRU,1
PhilipKuriakos4,INCIndia,1
PhilipKuriakos4,vijaythottathil,1
Phoenix_akrs,Mongol_Amsha,1
Phoenix_akrs,bhaashaakosh,1
Physcho_user,AmitShah,1
Physcho_user,ChouhanShivraj,1
PieUponPie,Aarshjainalive2,1
PieUponPie,MeghUpdates,1
Piyush_Kas1,Aiza_B2,1
PoeticJFdn,AkaliBabbar,1
PoeticJFdn,BCSikhs,1
PoeticJFdn,modhaliwal,1
PoeticJFdn,neeti420,1
PoliticsTara,LoudMthBrownGrl,1
PoliticsTara,StLuciaYoga,4
PoliticsTara,TereseMarieM,1
PoliticsTara,Tinu,1
PoliticsTara,ishlytweets,1
PoliticsTara,vagendaqueen,1
Politics_inVein,INCKarnataka,1
Politics_inVein,RanaAyyub,1
Politics_inVein,lpolgreen,1
PrabChats,BJP,1
PrabChats,INCIndia,1
PrabChats,abhiasks,1
PrabChats,narendramodi,1
Prabhat65338321,MinakshiKandwal,1
PrafulVekaria,PrafulVekaria,1
PrafulVekaria,myogiadityanath,1
PrafulVekaria,timesofindia,1
PrafulpB,BJP4India,1
PrafulpB,RSSorg,1
PrafulpB,Swamy39,1
PrafulpB,VHP_INDIA,1
PrafulpB,alap030193,1
PrafulpB,narendramodi,1
PrafulpB,vhs_karnataka,1
PrafulpB,vhsindia,1
PrahladHombali,narendramodi,1
PramodS55144249,ImtiazMadmood,1
PranavDwivedi55,PS_IAIOC,1
PranavDwivedi55,ShashiTharoor,1
PranavS_21,RahulGandhi,1
PranavS_21,narendramodi,1
Pranay7even,ANI,1
PrasadHSLI,RahulGandhi,1
PrasadHSLI,SupriyaShrinate,1
PrasadHSLI,priyankagandhi,1
PrasadSatya10,RoKhanna,1
PrasadSatya10,elmihiro,1
Prashan48933734,Dev_Fadnavis,1
Prashan48933734,narendramodi,1
Prashan89513868,Karanpartap01,1
Prashant_1410,BJP4India,1
Prashant_Dobhal,KapilSibal,1
Prashant_Dobhal,Manva_tweets,1
PrassangGoyal,RahulGandhi,1
PrasunSG,RahulGandhi,1
PrasunSG,SpokespersonECI,1
PrasunSG,narendramodi,1
Pratik2914,RenukaCCongress,1
Pratik2914,digvijaya_28,1
PratikshaJamwal,Shehzad_Ind,1
PratikshaJamwal,SupriyaShrinate,1
Pravin_Ratthi,BJP4India,1
Pravin_Ratthi,INCIndia,1
Pravin_Ratthi,narendramodi,1
Pravin_Ratthi,sherryontopp,1
PrayagRajBhuyan,ARanganathan72,1
PrayagRajBhuyan,BJP4India,1
PrayagRajBhuyan,INCIndia,1
PrayagRajBhuyan,Iyervval,1
PreethiIyer6,AmitShah,2
PreethiIyer6,BJP4India,1
PreethiIyer6,ZeeNewsHindi,1
PreethiIyer6,narendramodi,2
PremIndian5,ShivAroor,1
PremIndian5,WatchOut_Anand,1
Prfct_isolation,Panjab_IN,1
Prfct_isolation,vikramsinghsan,1
PrimusPrimusIn1,BBCWorld,1
PrimusPrimusIn1,NAN_DINI_,1
PrimusPrimusIn1,nytimes,1
PrimusPrimusIn1,washingtonpost,1
Princeexpert,IAF_MCC,1
Princeexpert,narendramodi,1
PriyanGMenon,BJP4India,1
PriyanGMenon,BajrangDalOrg,1
PriyanGMenon,RSSorg,1
PriyanGMenon,WHCongress,1
PriyanGMenon,narendramodi,1
PriyanGMenon,vhpitcell,1
Priyank69620295,ParambathP,1
Priyank69620295,karan89419345,1
ProfSK5,RahulGandhi,1
ProfSK5,ShadowSakshi,1
ProfSRK,AjayPandey__,1
ProfSRK,AmitShah,1
ProfSRK,AmitShahArmy,1
ProfSRK,AmitShahEra,1
ProfSRK,AmitShahFanClub,1
ProfSRK,AmitShahOffice,1
ProfSRK,AmitShah_Club,1
ProfSRK,BJP4Manipur,1
ProfSRK,BJP4Udupi,1
ProfSRK,BJP4UttarKannad,1
ProfSRK,Babble524,1
ProfSRK,DebashishHiTs,1
ProfSRK,DheerajGbc,1
ProfSRK,DrDishaJasani,1
ProfSRK,HIMESH_SS,1
ProfSRK,HarishK04131926,1
ProfSRK,Harvansh_Batra,1
ProfSRK,KotasBJP,1
ProfSRK,LillyMaryPinto,1
ProfSRK,MahiHerambha,1
ProfSRK,Meenu_71,1
ProfSRK,NazlinShaikh,1
ProfSRK,OnlineRajan__,1
ProfSRK,ParasKGhelani,1
ProfSRK,PatelOnTop,1
ProfSRK,PathanAsmakhan,1
ProfSRK,RamsaBJYM,1
ProfSRK,SeediSeediBaat,1
ProfSRK,TigerNaMo,1
ProfSRK,VictoryForNamo,1
ProfSRK,YashpalBJP,1
ProfSRK,ankitasood13,1
ProfSRK,bakoriya_kirti_,1
ProfSRK,hindu_blood,1
ProfSRK,hindustanse,1
ProfSRK,iNarendraModiG,1
ProfSRK,ibhagwa_n,1
ProfSRK,lacerci65,1
ProfSRK,mattarhegde,1
ProfSRK,meenakshisharan,1
ProfSRK,msunilbishnoi,1
ProfSRK,narendramodi,1
ProfSRK,narendramodi177,1
ProfSRK,pooja303singh,1
ProfSRK,prema66437147,1
ProfSRK,sagenaradamuni,1
ProfSRK,samar97189157,1
ProfSRK,sanghavideepa,1
ProfSRK,sukanyaiyer2,1
PukhrajKarwasa4,SupriyaShrinate,1
Puneetdan,PoonamJoshi_,1
PunitShukla,IRCTCofficial,1
PunitShukla,PMOIndia,1
PunitShukla,PiyushGoyal,1
PunitShukla,PiyushGoyalOffc,1
PunitShukla,RailMinIndia,1
PunitShukla,RailYatri,1
PunitShukla,narendramodi,1
PunitShukla,suvidhaswadeshi,1
Punjabi75231837,BeniwalSanta,1
Punjabi75231837,mssirsa,1
PunksVarun,narendramodi,1
PuriVirender,12091897ksss,1
PuriVirender,BJP4India,1
PuriVirender,TimesNow,1
PuriVirender,narendramodi,1
PuriVirender,sudhirchaudhary,1
Purshotam341,BCCI,1
Purshotam341,Hanumavihari,1
Purshotam341,mdsirajofficial,1
Puttu_MaaNi,RahulGandhi,1
Puttu_MaaNi,narendramodi,1
QadeemJan3,BBCWorld,1
QadeemJan3,ModiIndianFans,1
QadeemJan3,PDChina,1
QadeemJan3,PakPMO,1
QadeemJan3,RussiaUN,1
QadeemJan3,UN,1
QadeemJan3,US_EUCOM,1
QadeemJan3,rashtrapatibhvn,1
QaiserJin,BJP4India,1
QueenPhoenix1,DonFbpe,1
QyukiIndian,TonyTwitching,1
QyukiIndian,pbhushan1,1
R4raull78,Sportskeeda,1
RAAKMISRA,RahulGandhi,1
RAAKMISRA,SupriyaShrinate,1
RAJESH_B_7,ARanganathan72,1
RAJESH_B_7,Bharatiyan108,1
RAJESH_B_7,MumbaichaDon,1
RAJESH_B_7,NAN_DINI_,1
RAJESH_B_7,amitmalviya,1
RAJGOPAL601228,annamalai_chap2,1
RAJGOPAL601228,annamalai_k,1
RAJGOPAL601228,sundarrajachola,1
RANJITS43955330,SidhuJetha,1
RANJITS43955330,pbhushan1,1
RANVIJAYTWEETS,ArvindKejriwal,1
REDDRAG1290,sidhant,1
RJ18Krishan,RahulGandhi,1
RK006699,Kanthan2030,1
RK006699,SnackOverflow2,1
RK006699,rohithverse,1
RK006699,samakesjokes,1
RK006699,syed_irrfan_ali,1
RK006699,vivekagnihotri,1
RK006699,zoo_bear,1
RKCERTIFIED,ArvindKejriwal,1
RKCERTIFIED,indian_nagrik,1
RKCERTIFIED,torquewater,1
RK_shriyan,narendramodi,1
RNair089,ANI,1
RNair089,JohnBrittas,1
RNair089,RahulGandhi,1
RNels1201,AamAadmiParty,1
RNels1201,ArvindKejriwal,1
RNels1201,SitaramYechury,1
RNels1201,anupburte,1
RNels1201,narendramodi,1
RP_Agarwal_,KarnataBala1956,1
RP_Agarwal_,gundigre,1
RRT_allrounder,priyankagandhi,1
RRanjan1986,SupriyaShrinate,1
RST986,AcharyaPramodk,1
RST986,INCIndia,2
RST986,RahulGandhi,1
RST986,rssurjewala,1
RSaimum,EccentricEnbyy,1
RYelavarthy,ShashiTharoor,1
RYelavarthy,TVMohandasPai,1
RYelavarthy,urulagneb,1
RaazkumarGauta3,tina_yadav666,1
RadPoll,narendramodi,1
Radioactive189,RahulGandhi,1
Raghav64503770,BJP4India,1
Raghav64503770,INCIndia,1
Raghav64503770,RahulGandhi,1
Raghav64503770,narendramodi,1
Raghuram_C,PrinceArihan,1
Raghuram_C,RahulGandhi,1
Ragvhu_01524olx,BesuraTaansane,1
Rahul0777Kumar,Swamy39,1
RahulVoy,TCDLawSchool,1
RaifYtinav,melaniejoly,1
RaisaabRana1,FrontalForce,1
RaisaabRana1,PatilSushmit,1
Raj111188,narendramodi,1
RajAggarwl,ArvindKejriwal,1
RajSinghTKR,rishibagree,1
RajVard40415730,ImtiazMadmood,1
Rajali1910,khushsundar,1
Rajali1910,narendramodi,1
Rajan_jha,INCIndia,1
Rajan_jha,RahulGandhi,1
Rajasthani_Oont,RahulGandhi,1
Rajat0000093,BoltaHindustan,1
RajatDe83449669,sahouraxo,1
RajatNagpal07,Javedakhtarjadu,1
RajendraAJS,TheLallantop,1
RajendraAJS,ndtvindia,1
RajendranT2,RahulGandhi,1
RajendranT2,jothims,1
Rajesh24Sahai,RahulGandhi,1
Rajesh27349126,ZeeNews,1
Rajeshmudl,NAN_DINI_,1
Rajeshnegi1976,prakashraaj,1
RajivNemaIndori,BJP4India,1
RajivNemaIndori,INCIndia,1
RajivNemaIndori,RahulGandhi,1
RajivNemaIndori,narendramodi,1
RajuBistaBJP,AITCofficial,1
RajuBistaBJP,ECISVEEP,1
RajuBistaBJP,PMOIndia,1
RajuBistaBJP,SpokespersonECI,1
RajuBistaBJP,VPSecretariat,1
RajuBistaBJP,narendramodi,1
RajuBistaBJP,rashtrapatibhvn,1
RajvanshThakur,AmitShah,1
RajvanshThakur,Ramlal,1
RajvanshThakur,narendramodi,1
RajvanshThakur,rajnathsingh,1
Rakeshdhiman54,RahulGandhi,1
Rakeshdhiman54,shema9,1
Rakeshdhiman54,sreenshri,1
Rakeshsharma264,GautamGambhir,1
Rakeshsharma264,iamsrk,1
RamFram,ashoswai,1
RamSharik,myogiadityanath,1
RamSharik,narendramodi,1
RamSharik,nirahua1,1
Ram_shekhawat28,Pawankhera,1
Ram_ya_0,CantBullshit,1
Ram_ya_0,indumathi37,1
RamaVrk,Burnolmoment1,1
RamaVrk,indhavaainko,1
Ramakri38320728,Bezawada_Alludu,1
Ramakri38320728,ncbn,1
RamanGupta11,nytimes,1
RamanaR61120950,malati_reddi,1
RamaramanSinha1,news24tvchannel,1
RameshBaabu_,arnicopanday,1
RameshChennai9,DrGauravGarg4,1
RameshMudu4BJP,SmritiIraniOffc,1
RameshMudu4BJP,smritiirani,1
RamooRyadav,AjayYaduvanshiS,1
RamooRyadav,Anu_yadav88,1
RamooRyadav,dreamgirlhema,1
RamooRyadav,narendramodi,1
RamooRyadav,smritiirani,1
RamooRyadav,yadavakhilesh,1
Randeep39872288,SupriyaShrinate,1
Ranjaygupta100,INCIndia,1
Ranjaygupta100,srinivasiyc,1
Ranjeet19831446,sardesairajdeep,1
RanjitMenon14,JPNadda,1
RanjitMenon14,RahulGandhi,1
Rashtravaad1947,AalokTweet,1
Rashtravaad1947,SingerHariharan,1
Rashtravaad1947,akshapardasany,1
Rashtravaad1947,kshitijtarey,1
Rathinamnallai2,ikamalhaasan,1
Rathinamnallai2,news7tamil,1
Ratinsharma76,TimesNow,1
Ratinsharma76,navikakumar,1
Ratinsharma76,tehseenp,1
Ratinsharma76,thenewshour,1
RaviBhartiii,ShashiTharoor,1
RaviNag52326718,ArvindKejriwal,1
RaviNag52326718,mickey_8527,1
RaviNag52326718,msisodia,1
RaviNag52326718,narendramodi,1
RaviPatelIN,AmitLeliSlayer,1
RaviRathod1048,BJP4India,1
RaviRathod1048,INCIndia,1
RaviRathod1048,JhaSanjay,1
RaviRathod1048,RahulGandhi,1
RaviRathod1048,ashutosh83B,1
RaviRathod1048,narendramodi,1
RaviRathod1048,priyankac19,1
RaviRathod1048,priyankagandhi,1
RaviRathod1048,rssurjewala,1
Ravikum68755258,GauravChawla84,1
Ravikum68755258,LambaAlka,1
RayH20962019,Dr_RizwanAhmed,1
RealJaYneet,narendramodi,1
Reasonable_INDI,ANI,1
ReignsDebashis,ANI,1
ReloadPolitics,Sanjay_Dixit,1
ReloadPolitics,coolfunnytshirt,1
ReloadPolitics,realwithrima,1
ReloadPolitics,ruchirsharma_1,1
Resident__Troll,NeelDas83815238,1
Resident__Troll,Sabyasachi_13,1
Resident__Troll,TimesNow,1
Resident__Troll,arsrabhishek,1
Resident__Troll,manoj4justice,1
Resident__Troll,prathibhatweets,1
RevanasiddeshR,AjayPandey__,1
RevanasiddeshR,AnantkumarH,1
RevanasiddeshR,BJP4UttarKannad,1
RevanasiddeshR,Babble524,1
RevanasiddeshR,DebashishHiTs,1
RevanasiddeshR,DheerajGbc,1
RevanasiddeshR,Dubey1Vij,1
RevanasiddeshR,HIMESH_SS,1
RevanasiddeshR,HarishK04131926,1
RevanasiddeshR,Harvansh_Batra,1
RevanasiddeshR,LillyMaryPinto,1
RevanasiddeshR,MahiHerambha,1
RevanasiddeshR,Meenu_71,1
RevanasiddeshR,NaMo_Ganesh,1
RevanasiddeshR,Narendramodi_PM,1
RevanasiddeshR,Narendrap86,1
RevanasiddeshR,OnlineRajan__,1
RevanasiddeshR,PatelOnTop,1
RevanasiddeshR,ProfSRK,1
RevanasiddeshR,RamsaBJYM,1
RevanasiddeshR,Reema_bjp,1
RevanasiddeshR,SeediSeediBaat,1
RevanasiddeshR,SiddharthjainIT,1
RevanasiddeshR,SmithaDutt,1
RevanasiddeshR,TheAshokSingh,1
RevanasiddeshR,TigerNaMo,1
RevanasiddeshR,VictoryForNamo,1
RevanasiddeshR,VishnuN46898801,1
RevanasiddeshR,YashpalBJP,1
RevanasiddeshR,aarohi923,1
RevanasiddeshR,ankitasood13,1
RevanasiddeshR,bakoriya_kirti_,1
RevanasiddeshR,hindu_blood,1
RevanasiddeshR,hindustanse,1
RevanasiddeshR,iSameerKaushik,1
RevanasiddeshR,lacerci65,1
RevanasiddeshR,lakshmianand96,1
RevanasiddeshR,mattarhegde,1
RevanasiddeshR,meenakshisharan,1
RevanasiddeshR,narendramodi,1
RevanasiddeshR,narendramodi177,1
RevanasiddeshR,pandey_indrani,1
RevanasiddeshR,prema66437147,1
RevanasiddeshR,rpmaiya,1
RevanasiddeshR,samar97189157,1
RevanasiddeshR,sanghavideepa,1
RevanasiddeshR,sukanyaiyer2,1
RevanasiddeshR,vanitajain21,1
RevanasiddeshR,ved94514,1
RevanasiddeshR,vibhor_anand,1
Rhl15738352,BDUTT,1
Rhl15738352,HCI_London,1
Riazshiek1,AJEnglish,1
Riazshiek1,Aakar__Patel,1
Riazshiek1,BBCWorld,1
Riazshiek1,CNN,1
Riazshiek1,INCIndia,1
Riazshiek1,RahulGandhi,1
Riazshiek1,narendramodi,1
Riazshiek1,singhthakurvije,1
RickyC77645836,JustinTrudeau,1
RickyC77645836,PierrePoilievre,1
RiderIndian08,Politics_2022_,5
RiderIndian08,mrhafees,2
RidgeRail,deespeak,1
RightinCenter,narendramodi,1
Rishi_saxena21,DrGauravGarg4,1
RishivSharmaJK,DailyExcelsior1,1
RishivSharmaJK,GreaterKashmir,1
RishivSharmaJK,JAMMULINKS,1
RishivSharmaJK,Kashmir_Monitor,1
RishivSharmaJK,RisingKashmir,1
RishivSharmaJK,Rupa_Books,1
RishivSharmaJK,SaddamNabiAzad,1
RishivSharmaJK,ghulamnazad,1
RishivSharmaJK,kashmirobserver,1
Rittuu2,1953_rvc,1
Rittuu2,Sjp1007,1
Rittuu2,narendramodi,1
RjrounakRj,ANI,1
Rknehra9,ArvindKejriwal,1
RohitMu91645791,Pawankhera,1
RohitMu91645791,RahulGandhi,1
RohitMu91645791,khushsundar,1
Rohit_Chauhan1,CBCNews,1
Rohit_Live007,ArvindKejriwal,1
Rohit_Live007,CNNnews18,1
Rohit_Live007,KishoreAjwani,1
Rohitchawla89,narendramodi,1
RoshanKrRaii,ArvindKejriwal,1
Rramanhr,ANI,1
RulesRaamanujam,AmitShah,1
RulesRaamanujam,JPNadda,1
RulesRaamanujam,annamalai_k,1
RulesRaamanujam,blsanthosh,1
RulesRaamanujam,narendramodi,1
RulesRaamanujam,rvaidya2000,1
RuperaVedant,PMOIndia,1
RuperaVedant,TheYadavPrince,1
RuperaVedant,narendramodi,1
RuperaVedant,narendramodi_in,1
RutwikSadavarte,ArvindKejriwal,1
RutwikSadavarte,PoliticalKida,1
RutwikSadavarte,thakkar_sameet,1
RvUpadhya,RahulGandhi,1
RvUpadhya,laluprasadrjd,1
RvUpadhya,papapencho_,1
RvUpadhya,shashank_ssj,1
S2Kharode,RoKhanna,1
S2Kharode,narendramodi,1
SANJAYG19971747,ReallySwara,1
SANTHOS15514244,cricbuzz,1
SAURABH26626166,DrGauravGarg4,1
SAWAN_1829,YUVSTRONG12,1
SAWAN_1829,surya_14kumar,1
SBokadia,MrsGandhi,1
SBokadia,narendramodi,1
SDSingh_Indian,vivekagnihotri,1
SELVARAJKANNAN9,buitengebieden,1
SELVARAJKANNAN9,sidhant,1
SJVatsal,smritiirani,1
SKMohap24572998,kanak_news,1
SKSys9,ArunKau06224511,1
SKalita47051518,RanaAyyub,1
SKrishna_AP_IND,RahulGandhi,1
SLiberandu,ProfBabones,1
SMenon44251026,republic,1
SN13372496,NarundarM,1
SR66904277,ANI,1
SRGanguli1,DeShobhaa,1
SRoyChowdhury01,MilanV,1
SSS210800,CJBdingo25,1
SSS210800,mairal,1
SUDHAKARDAMIN1,SupriyaShrinate,1
SUKANT_12,IndiaToday,1
SUKANT_12,TimesNow,1
SUKANT_12,rajnathsingh,1
SURENDRAJENA54,ashoswai,1
SURIMENON1,bubblebuster26,1
SWADESHRMOHANTY,AmolTikam,1
SWADESHRMOHANTY,Tejasvi_Surya,1
SWADESHRMOHANTY,muglikar_,1
SWARAJ_1947,WeDravidians,1
S_ShekharSingh,BJP4India,1
S_ShekharSingh,narendramodi,1
S_k_chaudhary,ANI,1
S_k_chaudhary,AmitShah,1
S_k_chaudhary,MamataOfficial,1
SaangSarohi,Leeladh99091741,1
SaangSarohi,Sandhu_Lawyer,1
SaangSarohi,roverrinks,1
SaangSarohi,sikka_harinder,1
Sachida72117650,k0mmunicat0r,1
Sachida72117650,shahidtrimzi,1
Sachin0072002,1shankarsharma,1
Sachin0072002,LoosinMaway,1
Sachin54620442,thewire_in,1
SachinSaurav_10,DrIanHall,1
SachinSaurav_10,sreemoytalukdar,1
SachinSkharge9,INCIndia,1
SachinSkharge9,kharge,1
Sachin_twit_ter,RahulGandhi,1
SaffronKnight7,RahulGandhi,1
SaffronKnight7,shashank_ssj,1
Saffron_Shweta,narendramodi,1
SagarPrakhar,INCIndia,1
SagarPrakhar,RahulGandhi,1
SahilSh71887674,krsnaupdates,1
Saipremkumar3,TLDRNewsGlobal,1
Saislakshmanan,thewire_in,1
Saivamsi_Rage,mcshivanisen,1
SajidCKP,RahulGandhi,1
SajidCKP,SirAiyar,1
SajidCKP,aajtak,1
SajidCKP,sampitroda,1
SajivS16,INCIndia,1
SajivS16,RahulGandhi,2
SajivS16,ShashiTharoor,1
SajivS16,SupriyaShrinate,1
SajivS16,khushsundar,1
SajivS16,srinivasiyc,1
Sallu54325,ndtv,1
SalyhaAley,ImranKhanPTI,1
SalyhaAley,RahulGandhi,1
SalyhaAley,tony_ashai,1
Sam87313191,ShashiTharoor,1
Sam87313191,realitycheckind,1
Samajhdar_insan,ShashiTharoor,1
Samajhdar_insan,satishacharya,1
SamantaMajumder,ndtvfeed,1
SamantaMajumder,vkjha783,1
SameerS79051441,amitmalviya,1
Samirr77,news24tvchannel,1
SammyVada,jassi908,1
SammyVada,pbkslionsden,1
SampathSharda,arivalayam,1
SampathSharda,mkstalin,1
SanUnited1,RiteshrRaj,1
SanUnited1,mufaddal_vohra,1
SanatanHiDharm,AnshumanSail,1
Sanatanirajput2,BJP4India,1
Sandeep64758498,RahulGandhi,1
SandeepAlesar,AamAadmiParty,1
SandeepAlesar,ArvindKejriwal,1
SandeepAlesar,msisodia,1
SandeepAlesar,raghav_chadha,1
SandeepD1965,KanchanGupta,1
Sandeepborkar01,BoltaHindustan,1
SandipGhose,ARanganathan72,1
SandipGhose,RahulGandhi,1
SandipGhose,narendramodi,1
SandipGhose,rajeshmahapatra,1
SandipGhose,santanudutt,1
SandipGhose,smritiirani,1
SandipGhose,thesuniljain,1
SanghiLiveWire,BJP4India,1
SanghiLiveWire,INCIndia,1
SangytownWalla,JhaSanjay,1
SangytownWalla,YouTube,1
Sanjay97021139,erbmjha,1
SanjaySpake,AmitShah,1
SanjaySpake,ArvindKejriwal,1
SanjaySpake,BhagwantMann,1
SanjaySpake,DrManishKumar1,1
SanjaySpake,ppbajpai,1
Sanjaysswaraj,Iyervval,1
Sanjaysswaraj,thenewsminute,1
Sanjuroyalrr,76thHundredWhxn,1
Sanjuroyalrr,IamSanjuSamson,1
SanketVGarg,DilipGhoshBJP,1
SanketVGarg,SayaniSengupt15,1
SanketVGarg,narendramodi,1
SanketVmarathe,INCIndia,1
SanketVmarathe,kharge,1
Santanu203031,BCCI,1
Santanu203031,mastercardindia,1
Santhos95700628,KRD_forum,1
Santhos95700628,Yugi1728,1
Santhos95700628,thala_ak1996,1
SarcasticBouy,narendramodi,1
SarikaBJP_,RavinderKapur2,1
SarikaBJP_,SupriyaShrinate,1
Sarkar_Tales,BJP4Karnataka,1
Sarkar_Tales,IndiaUnfolding,1
Sarkar_Tales,KhandekarSurbhi,1
Sarkar_Tales,MaheshBhatt2016,1
Sarkar_Tales,Mohit_Shiv_hare,1
Sarkar_Tales,Rahul_saffron,1
Sarkar_Tales,RatanSharda55,1
Sarkar_Tales,ShefVaidya,1
Sarkar_Tales,VishweshIndia,1
Sarkar_Tales,kavmayor,1
Sarkar_Tales,narendramodi,1
Sarkar_Tales,shaziailmi,1
Sarkar_Tales,vivekshettym,1
SarojGa90242859,cpimspeak,1
SasidaranSri,CricketAus,1
SasidaranSri,WasimJaffer14,1
SatishSbidu,pvsubramanyam,1
SatyamBhatia7,narendramodi,1
SaurabhKauthale,narendramodi,1
SaurabhKauthale,sujataanandan,1
Saurabhengg87,Mystic_VJ,1
Save_d_Nation,BBCWorld,1
SavvyPriya,PMOIndia,1
SavvyPriya,bainjal,1
SawarnArun,ANI,1
SawarnArun,AmitShah,1
SawarnArun,PTI_News,1
SawarnArun,RahulGandhi,1
SawarnArun,aajtak,1
SawarnArun,narendramodi,1
SawarnArun,rashtrapatibhvn,1
SawarnArun,timesofindia,1
SawarnArun,tribunemagazine,1
Scorpion1007,BSYBJP,1
Scorpion1007,INCIndia,1
Scorpion1007,IndiaToday,3
Scorpion1007,PMOIndia,2
Scorpion1007,narendramodi,3
Scorpion1007,sambitswaraj,1
Seb3qNKpI5XA4un,RahulGandhi,1
SecularFraud,calamur,1
Secular_Hoon,Anjupra7743,1
Secular_Hoon,DickDarryl,1
Secular_Hoon,DilliDurAst,1
Secular_Hoon,DosalaMosa,1
Secular_Hoon,FSofrg,1
Secular_Hoon,GauriKantMish11,1
Secular_Hoon,HARVEY_1978,1
Secular_Hoon,KPadmaRani1,1
Secular_Hoon,LeenaCong,1
Secular_Hoon,Loneranger9new,1
Secular_Hoon,MaulikaSingh1,1
Secular_Hoon,Mc5WrKeuGU6nh8D,1
Secular_Hoon,MoKasim38855048,1
Secular_Hoon,Praveen65838395,1
Secular_Hoon,Puneetvizh,1
Secular_Hoon,RajeRajmani,1
Secular_Hoon,RanjitOne,1
Secular_Hoon,SaffronJay,1
Secular_Hoon,ShajanJohn3,1
Secular_Hoon,SifatiAhad,1
Secular_Hoon,Sumitrabjp,1
Secular_Hoon,TajinderBagga,1
Secular_Hoon,Tamil1947,1
Secular_Hoon,TheRenouncer,1
Secular_Hoon,VijayKu17239615,1
Secular_Hoon,aayeff1,1
Secular_Hoon,advocate_co,1
Secular_Hoon,avinash_kadbe,1
Secular_Hoon,b_k70,1
Secular_Hoon,choyyan,1
Secular_Hoon,divyaspandana,1
Secular_Hoon,diwakar_borah,1
Secular_Hoon,dnyadav,1
Secular_Hoon,geetv79,1
Secular_Hoon,harmony1960,1
Secular_Hoon,imrzn1,1
Secular_Hoon,jivanchavan,1
Secular_Hoon,kukk44,1
Secular_Hoon,msgpahujaa,1
Secular_Hoon,mujworld,1
Secular_Hoon,narendramodi,1
Secular_Hoon,pakhandi_bhagao,1
Secular_Hoon,princess2322,1
Secular_Hoon,psmanwatkar,1
Secular_Hoon,raaz_megh,1
Secular_Hoon,rkmarar9,1
Secular_Hoon,satyend06746119,1
Secular_Hoon,shaziailmi,1
Secular_Hoon,sunilddesai,1
Secular_Hoon,youngroy25,1
SeekerSantanu,BJP4India,1
SeekerSantanu,INCIndia,1
SeekerSantanu,KirenRijiju,1
SeekerSantanu,RahulGandhi,1
SeekerSantanu,TVMohandasPai,1
SeekerSantanu,ghulamnazad,1
Seeking_Eternal,RoKhanna,1
Seeking_Eternal,alok_bhatt,1
Seeking_Eternal,narendramodi,1
SelfDoubtist,SortedEagle,1
SembiyanMT,theJagmeetSingh,1
SerenityNow1857,PreityUpala,1
SerenityNow1857,SamjhoMeriBaat,1
SerenityNow1857,peterbakernyt,1
SeriousRita,RajeshThind,1
SeriousRita,brianklaas,1
Shaalr1,JPNadda,1
Shaalr1,RahulGandhi,1
ShabirA07557827,imkevin149,1
Shaiz_sj,narendramodi,1
Shalini_A_B,MaximeBernier,1
ShantharajuRaj6,INCIndia,1
Shanu201301,AamAadmiParty,1
Shanu201301,ArvindKejriwal,1
Shanu201301,digvijaya_28,1
Shanu201301,narendramodi,1
Shanz037,Ankush369963,1
Shanz037,RVCJ_FB,1
Sharad22797808,ArvindKejriwal,1
SharanRoars,sardesairajdeep,1
SharmaKhemchand,narendramodi,1
SharmaNeerajInd,ArvindKejriwal,1
Shashkum93,ArvindKejriwal,1
ShawTwitvikash,ANI,1
Sheikh44461736,SamKhan999,1
ShivaaniKTalwar,narendramodi,1
ShivaaniKTalwar,rssurjewala,1
Shivashukla1977,ArinArindom,1
Shivashukla1977,SonyTV,1
Shivashukla1977,TheArijitSingh,1
Shivashukla1977,senjuti_das,1
ShobhaBJP,narendramodi,1
ShriMITAKARI,RahulGandhi,1
ShriMITAKARI,moneycontrolcom,1
ShriMITAKARI,narendramodi,1
ShuaibAzhar,CharSoAth,1
Shubham35846475,ndtv,1
ShyamDu98223012,Sheelz7,1
ShyamDu98223012,marnus3cricket,1
ShyamDwar,SupriyaShrinate,1
ShyamDwar,khushsundar,1
Siba_TNIE,NewIndianXpress,1
Siba_TNIE,XpressOdisha,1
Siba_TNIE,santwana99,1
SiddG19,AmitShah,1
SiddG19,BJP4India,1
SiddG19,PiyushGoyal,1
SiddG19,PiyushGoyalOffc,1
SiddG19,PrakashJavdekar,2
SiddG19,SushmaSwaraj,1
SiddG19,arunjaitley,1
SiddG19,narendramodi,2
SiddG19,nitin_gadkari,1
SiddharthRoy25,NayakRagini,1
SiddharthRoy25,RahulGandhi,1
SiddharthRoy25,ShahnawazBJP,1
SiddharthRoy25,aajtak,1
SiddharthRoy25,anjanaomkashyap,1
SiddharthRoy25,gauravbh,1
Siddhartha1401,PiyushGoyal,1
Siddhartha1401,narendramodi,1
Siddprag,INCIndia,1
SideshowQuinn,SHCunning,1
SideshowQuinn,btat,1
SideshowQuinn,sltrib,1
SikkandarSiraj1,RahulGandhi,1
SilenT_Horn,IndEditorsGuild,1
SilentS13942491,BJP4India,1
Simhaverse,MeghUpdates,1
Simhaverse,abdullahjansays,1
Singh02017,BJP,1
Singh02017,PMOIndia,1
Singh51501499,aajtak,1
SinghOze,DavidShoebridge,1
SinglaAjit,JayantBhandari5,1
Sinuvarghese255,RahulGandhi,1
Skhott,LegalWeed4SC,1
SkumarNippani,sgxnifty_live,1
SolidSnuke,cereal_twit,1
SomuSapkale,RVCJ_FB,1
Sonali_tobby,pnjaban,1
SonuAtmanirbhar,RoKhanna,1
SonuAtmanirbhar,narendramodi,1
SoodRajive,Shehzad_Ind,1
SoodRajive,TeamSP_Official,1
SoorajHill,GillesVerniers,1
SoorajHill,chandrats06,1
SoorajHill,srinathraghava3,1
SoorajHill,thewire_in,1
SorcerousWords,Mahesh9999755,1
SorcerousWords,MeghUpdates,1
SoumyaD114,AskLipun,1
SoumyaD114,ThatBioinfoGuy,1
Sparsh22892882,INCKarnataka,1
SrajalSingh,ArvindKejriwal,1
Sreejit98002834,aprnaksd,1
SridharShelat,dubash,2
SridharShelat,kartheeque,1
SridharShelat,nishankonar,1
SridharShelat,omarali50,2
Srini14Vasu,cricbuzz,1
Srini14Vasu,parthiv9,1
SriniWyra,KTRBRS,1
SriniWyra,pbhushan1,1
SriniWyra,prakashraaj,1
Sriniva61579302,AsianetNewsSN,1
Sriniva61579302,BJP4Karnataka,1
Sriniva61579302,BJP4TamilNadu,1
Sriniva61579302,annamalai_k,1
Sriniva61579302,shashi_shekara,1
Srmane20Mane,Dev_Fadnavis,1
Srmane20Mane,KirenRijiju,1
Srmane20Mane,byadavbjp,1
Srmane20Mane,himantabiswa,1
Srmane20Mane,myogiadityanath,1
Ssaenz15,RahulGandhi,1
Ssaenz15,mkstalin,1
StockMarketTyms,BJP4India,1
StockMarketTyms,HindenburgRes,1
StockMarketTyms,narendramodi,1
StockMarketTyms,nishkumar1977,1
Stockarth,IAMCouncil,1
Stockarth,RoKhanna,1
Stockarth,narendramodi,1
StopThink1st,pnjaban,1
StrangerVB,ANI,1
Su_MoBhakt,RashmiDVS,1
Subcontinent111,nafissiddiqui1,1
Subcontinent111,sayyadafatima8,2
Subrama53283710,abpnadu,1
Subrama53283710,idumbaikarthi,1
Sudarshan2707,ANI,1
Sudeep__Sinha,AmitShah,1
Sudeep__Sinha,BJP4India,1
Sudeep__Sinha,BJP4Maharashtra,1
Sudeep__Sinha,Dev_Fadnavis,1
Sudeep__Sinha,narendramodi,2
SudhakarSheno12,miss_roh08,1
SudhakarSheno12,priyankagandhi,1
Sudhanshu_321,BCCI,1
Sudhanshu_321,ImRo45,1
Sudhanshu_321,JayShah,1
SudhirPA3,ArvindKejriwal,1
SugiSiva3089,INCIndia,1
SugiSiva3089,kcvenugopalmp,1
Sujayvenk1,RahulGandhi,1
Sujayvenk1,ajaydevgn,1
Sujayvenk1,iHrithik,1
Sujayvenk1,narendramodi,1
Sukhpreet001984,mssirsa,1
Sukhpreet001984,narendramodi,1
SumanJRamesh,PriyaBahal22,1
SumanJRamesh,TimesNow,1
SumanJRamesh,shaziailmi,1
SumanJRamesh,thenewshour,1
SunilDeepak04,MehboobaMufti,1
SunilDeepak04,htTweets,1
SunilKu54677431,BJP4India,1
SunilKu54677431,KunalGhoshAgain,1
SunilKu54677431,NisithPramanik,1
SunilKu54677431,gautamdas29,1
SunilSu15700280,SuryaNFC3,1
SunnyJain2019,IndianAirforce_,1
SunnyJain2019,narendramodi,1
Surasen3,CNNnews18,1
Surasen3,RahulGandhi,1
Surasen3,ndtv,1
Surasen3,sagarikaghose,1
Surasen3,sampitroda,1
Surasen3,virsanghvi,1
SurenderGaur6,SupriyaShrinate,1
SurendraSuman25,INCIndia,1
SurendraSuman25,RahulGandhi,1
SureshG44747219,AmitShah,1
SureshG44747219,BJP4India,1
SureshG44747219,SushmaSwaraj,1
SureshG44747219,arunjaitley,1
SureshG44747219,narendramodi,1
SureshK77282053,NuvaidV,1
SurgingBharat,ashabhosle,1
SurgingBharat,narendramodi,1
Susanta17236622,chinmoyee5,1
Swann108,RahulGandhi,1
SwapnilDm2,PramanickKeyur,1
SwapnilDm2,SupriyaShrinate,1
SyanGurpreet,sujataanandan,1
TBETrust,i2Aaron,1
TG_TheGun,MrsGandhi,1
TG_TheGun,mroy0448,1
THEMYSTERYLOVE1,RahulGandhi,1
THEMYSTERYLOVE1,narendramodi,1
TOIAhmedabad,narendramodi,3
TOIAhmedabad,vijayrupanibjp,1
TSK_Offiseal,Akshita_N,1
TSK_Offiseal,INCIndia,1
TSK_Offiseal,RahulGandhi,1
TSRBSKBLR,RahulGandhi,1
TTanneeru,GoogleNews,1
TUSHAR63,AITCofficial,1
TUSHAR63,BanglarGorboMB,1
TUSHAR63,FAM4TMC,1
TUSHAR63,IndiaWantsMB,1
TUSHAR63,Jay_Majumdar,1
TUSHAR63,MamataOfficial,1
TUSHAR63,TMC_Supporters,1
TUSHAR63,abhishekaitc,1
TaiyangPK,Turinhorze,1
Tamilan2Indian,narendramodi,1
TamizhIndian22,sunnewstamil,1
TanvirSalim1,seemasirohi,1
TariqueHAshraf,SamKhan999,1
TariqueHAshraf,The_SalmanQ,1
TarunRajSingh_,AshokKu24943051,1
TarunRajSingh_,RahulGandhi,1
TarunRajSingh_,bgmahesh,1
TarunRajSingh_,colonelsharotri,1
TarunRajSingh_,jeetensingh,1
TarunRajSingh_,narendramodi,1
TarunRajSingh_,payalmehta100,1
TarunRajSingh_,priyankagandhi,1
Tarunbi18434991,AitcProvat,1
Tarunbi18434991,ThinkingGuy6,1
TausifS03001359,RanaAyyub,1
TeacherSuyog23,AlexWEllis,1
TeacherSuyog23,DrJitendraSingh,1
TeacherSuyog23,DrSJaishankar,1
TeacherSuyog23,MEAIndia,1
TeacherSuyog23,MIB_India,1
TeacherSuyog23,M_Lekhi,1
TeacherSuyog23,PIB_India,1
TeacherSuyog23,PMOIndia,1
TeacherSuyog23,RDXThinksThat,1
TeacherSuyog23,VPIndia,1
TeacherSuyog23,ianuragthakur,1
TeacherSuyog23,reachind_uk,1
TebyMathew,KirenRijiju,1
TejpreetSandhu,jatinder_tur,1
Tejsaini13,AamAadmiParty,1
Telugu_vaaru,puram_politics,1
Temujjiin,ArvindKejriwal,1
TendulkarBJP,narendramodi,1
TeraSaya143,RahulGandhi,1
Terraformre,upadhyayabhii,1
Testimo23441800,ArvindKejriwal,1
TheComm82706306,DrKumarVishwas,1
TheDanishShah,KirtiAzadMP,1
TheDanishShah,RahulGandhi,1
TheDanishShah,narendramodi,1
TheGame070709,BluePilgrims,1
TheGame070709,Indian_Footbal1,1
TheGame070709,kalyanchaubey,1
TheGame070709,manipurfootball,1
TheGirlinIndia,Manekagandhibjp,1
TheGirlinIndia,PetaIndia,1
TheGirlinIndia,Sahanasatianaat,1
TheGirlinIndia,VoicelessRights,1
TheGirlinIndia,WWFINDIA,1
TheGirlinIndia,mkstalin,1
TheGirlinIndia,pfaindia,1
TheGopalan,anandjr,1
TheIndiaTalkies,Politics_2022_,1
TheMandyaGowda,BSYBJP,1
TheMandyaGowda,kalmadisuresh,1
TheMandyaGowda,narendramodi,1
TheNewIndian_in,RajThackeray,1
TheNewIndian_in,mieknathshinde,1
TheNewIndian_in,mnsadhikrut,1
TheOnlyBrahma,BJP4India,1
TheOnlyBrahma,RahulGandhi,1
ThePakistanExp1,SyedMuzammilOFL,1
ThePrintIndia,IbnKhaldunIndic,2
ThePrintIndia,RohmetraA,2
TheRajanMishr,OfficeOfDGP,1
TheTiredTruth,BBCHindi,1
TheUnnamedFeel4,RiseofBurnol,1
TheZenix1,narendramodi,1
The_AB_Tripathi,BJP4India,1
The_AB_Tripathi,BJP4UP,1
The_AB_Tripathi,BJPLive,1
The_AB_Tripathi,INCIndia,1
The_AB_Tripathi,RahulGandhi,1
The_AB_Tripathi,SirPareshRawal,1
The_AB_Tripathi,SushmaSwaraj,1
The_AB_Tripathi,ashishjansevak,1
The_AB_Tripathi,myogiadityanath,1
The_AB_Tripathi,narendramodi,1
The_AB_Tripathi,priyankagandhi,1
The_AB_Tripathi,sambitswaraj,1
The_Real_Slar,shminsington,1
The_Realist_I,BJP4India,1
The_Realist_I,amitmalviya,1
Theboss45110865,MamataOfficial,1
Thethouthou,puram_politics,1
Thirugopi,Saattaidurai,1
Thirugopi,Upsc92262830,1
ThirumalWnp,KTRBRS,1
TickooC,RShivshankar,1
TickooC,RahulGandhi,4
TickooC,SupriyaShrinate,1
TickooC,derekobrienmp,1
TickooC,priyankac19,1
Tiger_Of_Bengal,AmitShahOffice,1
Tiger_Of_Bengal,IndiaToday,1
Tiger_Of_Bengal,Republic_Bharat,1
Tiger_Of_Bengal,ZeeNews,1
Tiger_Of_Bengal,aajtak,1
Tiger_Of_Bengal,narendramodi,1
TimBoltx,AndyBrookeLmstn,1
TimCucked,TruckerDW,1
TimCucked,theJagmeetSingh,1
TimesNow,JhaSanjay,1
TimesNow,KarthikIndrAnna,1
TiwariItendra,IndiaHistorypic,1
TraderDoor,ANI,1
TrajansS,lndian_Bronson,1
TravelSpace9,BoltaHindustan,1
TravelSpace9,INCIndia,1
TravelSpace9,INCTelangana,1
TravelSpace9,Manikrao_INC,1
TravelSpace9,RahulGandhi,1
TravelSpace9,kcvenugopalmp,1
TravelSpace9,kharge,1
TravelSpace9,priyankagandhi,1
TravelSpace9,revanth_anumula,1
Trendsetting123,Jairam_Ramesh,1
Trendsetting123,RahulGandhi,1
Trendsetting123,RaniPadmaK,1
Trendsetting123,SupriyaShrinate,1
Trendsetting123,TimesNow,1
Trendsetting123,narendramodi,1
Trendsetting123,priyankagandhi,1
Triloch90478504,kharge,1
Triloch90478504,narendramodi,1
TriptiRTiwari,BJP4India,1
TriptiRTiwari,INCKerala,1
TriptiRTiwari,RahulGandhi,1
TriptiRTiwari,ShashiTharoor,1
TriptiRTiwari,narendramodi,3
TrollCrickoot,BCCI,1
TrollCrickoot,SalarAbbasi10,1
TrollCrickoot,ahmedch3366,1
TrollingWoke,KapilSibal,1
TrueEnlighten,CPMumbaiPolice,1
TrueEnlighten,FinMinIndia,1
TrueEnlighten,MumbaiPolice,1
TrueEnlighten,vineetasng,1
Truthisbutter1,CityofKigali,1
Truthisbutter1,DilanYesilgoz,1
Truthisbutter1,PaulKagame,1
Truthisbutter1,RwandaMFA,1
Truthisbutter1,SuellaBraverman,2
Tsarofukie,Anamikaa6969,1
Tsarofukie,lonermonkeyy,1
TulunaduS,ColAmitkumar,1
TulunaduS,mtheGill,1
Tweet_Amogha,Enraged_Indian,1
Tweet_Amogha,Shabbs20,1
TweetingBhaiya,_sayema,1
UCCININD,ANI,1
UCCININD,CNN,1
UCCININD,HabdankJ,1
UCCININD,POTUS,1
UCCININD,SenBillCassidy,1
UCCININD,USAndChennai,1
UCCININD,USAndHyderabad,1
UCCININD,USAndIndia,1
UCCININD,USAndKolkata,1
UCCININD,USAndMumbai,1
UCCININD,ericgarcetti,1
UCCININD,palkisu,1
USCMSEE,RoKhanna,1
USCMSEE,narendramodi,1
UdayNaganath,CMOMaharashtra,1
UdayNaganath,PMOIndia,1
Udhav_Joshi,narendramodi,1
Uma08672028,priyankagandhi,1
UmmerHamza,ShashiTharoor,1
UnabashedIndian,sardesairajdeep,1
Unknown10967826,narendramodi,1
Unnikgs,narendramodi,1
UntoldGlimpse,Gandaberunda4,1
UofGCulture,suchichoudhury,1
UptownPandit,KTRBRS,1
UptownPandit,RahulGandhi,1
UrbanNaaKushal,ARanganathan72,1
UrbanNaaKushal,scribe9104,1
Usman_MianJi,ashoswai,1
Ussilampatti84,Paul_Koshy,1
VASUDEVALAKSHM1,INCIndia,1
VBachao,narendramodi,1
VENKATESHPP3,NickKristof,1
VISHWAN10673968,ECISVEEP,1
VISHWAN10673968,Imavinash28,1
VISHWAN10673968,narendramodi,1
VJtwiter28,Swamy39,1
VKAnilKumar2,Krishnavijay152,1
VKAnilKumar2,OPS4CM,1
VKAnilKumar2,OfficeOfOPS,1
VKAnilKumar2,VPJayapradeep,1
VKc_Indian,ByRakeshSimha,1
VKc_Indian,karthikck31,1
VShoutings,BrandonLBradfor,1
VTA2410,RahulGandhi,1
VVG1934,RoKhanna,1
VaguelyRight,AdiShankaraa,1
VaguelyRight,AmitShah,1
VaguelyRight,___subodh,1
VaguelyRight,narendramodi,1
VaibhavKumarAr5,KapilMishra_IND,1
VakilBharati,RahulGandhi,1
VakilBharati,narendramodi,1
VakilBharati,sushilkedia,1
VarchasviC,icrynowww,1
VarchasviC,mufaddal_vohra,1
VarishtSport,quiteuselesstbh,1
VarkalaB,RaoKavitha,1
Varshapre,RahulGandhi,1
Varun01277764,narendramodi,1
VarunGoswami07,ArvindKejriwal,1
VatsSatender,ReallySwara,1
VatsSatender,akashbanerjee,1
VatsSatender,bprerna,1
VatsSatender,dhruv_rathee,1
VatsSatender,narendramodi,1
VdmAnand,kishida230,1
VdmAnand,narendramodi,1
VeerAheerIndian,PreityUpala,1
VeeraPratapDesu,KTRBRS,1
Veevadd,RoKhanna,1
Veevadd,narendramodi,1
VelSami12,BudsnReality,1
VelSami12,JoJoFromJerz,1
Velo94682356,ashoswai,1
Velo94682356,mnawaz94,1
Venkate27873456,ashwinravi99,1
Venor_crinite,saturninedroid,1
Veronika_Gulati,TajinderBagga,1
VibhakarB,republic,1
VictorR47117342,kishida230,1
VictorR47117342,narendramodi,1
VidyadhariDhar1,OpIndia_com,1
VidyadhariDhar1,RoKhanna,1
Vignesh78881579,ikamalhaasan,1
Vijapandey,narendramodi,1
Vijapandey,yadavtejashwi,1
VijayJohnNaveed,BJP4India,1
VijayJohnNaveed,BJP4TamilNadu,1
VijayJohnNaveed,DrTamilisaiBJP,1
VijayJohnNaveed,narendramodi,1
VijayJohnNaveed,news7tamil,1
VijayJolapara,HarryDS46144044,1
VijayJolapara,prakashraaj,1
VijayPDayama,OfficeofUT,1
VijayRa35781681,narendramodi,1
VijayanandChin,MamataOfficial,1
VijayanandChin,Mayawati,1
VijayanandChin,PawarSpeaks,1
VijayanandChin,RahulGandhi,1
VijayanandChin,mkstalin,1
VijayanandChin,narendramodi,1
VijayanandChin,yadavakhilesh,1
VijayanandChin,yadavtejashwi,1
Vijaylko32V,SupriyaShrinate,1
VijeeshVincen1,ashwinravi99,1
VikasM1969,BenjaminCylus,1
VikasM1969,RahulGandhi,1
VikasM1969,UpholdDharma,1
VikasM1969,mkstalin,1
VikasTi95414443,RoKhanna,1
VikasTi95414443,narendramodi,1
VikashSihag07,ShahRukhKhan,1
VikashSihag07,bollywood_life,1
VikashSihag07,narendramodi,1
Vikasthecult,AudreyTruschke,1
Vikasthecult,sanjayuvacha,1
VikiLeax,BJP4India,1
VikiLeax,PChidambaram_IN,1
VikiLeax,narendramodi,1
VikramKMalkani,nytimes,1
VinayDokania,narendramodi,1
VinayDokania,netanyahu,1
Vinayag83418893,ManjunathMuruga,1
Vinayag83418893,Renuka9907,1
Vinayag83418893,arutweetz,1
Vinayag83418893,mkstalin,1
Vinayag83418893,tnpoliceoffl,1
VineetAhlawat8,Mirza45994191,1
VineetAhlawat8,Qamarcheema,1
VineetAhlawat8,RahulGandhi,1
Vinit_khuman,ProfBabones,1
VinodtsKumar,ShashiTharoor,1
Vinourfriend,INCIndia,1
VipinVohra4,baxiabhishek,1
Vips7777Vips,ShashiTharoor,1
Vishal99082006,RoKhanna,1
Vishal99082006,narendramodi,1
VishalChan58061,TOIMumbai,1
VishalU15,smritiirani,1
Vishal_FilmBuff,BJP4India,1
Vishal_FilmBuff,TheLallantop,1
Vishal_FilmBuff,narendramodi,3
Vishleshak_1,lpolgreen,1
Vishwas2504,Pun_Starr,1
Vishwasshettre,AamAadmiParty,1
Vishwasshettre,MeghUpdates,1
Viv_zeppelin,Aman1529,1
Viv_zeppelin,Sheeetalps,1
Viv_zeppelin,_sabanaqvi,1
VivekINC03,RahulGandhi,1
Vrisha_MD,MehboobaMufti,1
Vrisha_MD,PTI_News,1
VrushabShingvi,RoKhanna,1
Walialfa,Pawankhera,1
Walialfa,dr_chayanika,1
Walialfa,khushsundar,1
WeForNews,Dassault_OnAir,1
WeForNews,INCIndia,1
WeForNews,rssurjewala,1
WeLoveCuefee,AUThackeray,1
WeLoveCuefee,RahulGandhi,1
WengersFan,Balantholar,1
WengersFan,Tamilmay,1
WengersFan,TwitterIndia,1
WengersFan,kirubaganesan3,1
Whitney06119914,ANI,1
WildIndian_Jazz,Nike,2
WildIndian_Jazz,OffspringWiley,2
Wild_Indian7,Letter_to_Jack,1
Wild_Indian7,chinedu_hendrix,1
WolfsGhost,__Arjun__26,1
WordsOfPundit,narendramodi,1
WuntakalL,rakhitripathi,1
XposeCryptoScam,INCIndia,2
XpressOdisha,NewIndianXpress,1
XpressOdisha,Siba_TNIE,1
XpressOdisha,santwana99,1
YPRajesh,Krishn_,1
YPRajesh,Reuters,1
YamdootF,kharge,1
YamdootF,narendramodi,1
YashAgr04,AmitShah,1
YashAgr04,BJP4Bengal,1
YashAgr04,Chandrabosebjp,1
YashAgr04,DilipGhoshBJP,1
YashAgr04,KailashOnline,1
YashAgr04,SuPriyoBabul,1
YashAgr04,narendramodi,1
Yash_Ag_11,IamSanjuSamson,1
Yash_Ag_11,ShashiTharoor,1
Yash_Ag_11,surya_14kumar,1
YashwanthPNaik,BJP4Karnataka,1
YashwanthPNaik,rishibagree,1
YashwanthPNaik,siddaramaiah,1
YbrantNews,YbrantNews,1
Ye24Noticer,RexCrespo,1
Ye24Noticer,SinghOnMission,1
YeshwantMPuran1,Malaguena27,1
Yogesh19113573,DrVivekBindra,1
Yogesh19113573,RailMinIndia,1
YogeshOffl_,Whitehatjanet,1
YogeshOffl_,stephen_taylor,1
YogeshOffl_,tstevens966,1
Yogeshkhawakend,kareena_kpn,1
Yugma12,narendramodi,1
YurInnerVoice,iJasOberoi,1
YurajYuvraj,narendramodi,1
Yuvisanish,BCCI,1
Zacchariahshums,MoronVerbose,1
Zacchariahshums,chami9539,1
Zuhoor2010,NatashaFatah,1
Zuhoor2010,TapalNargis,1
Zuhoor2010,TarekFatah,1
_3C273,MinkseNinja,1
_3C273,arya_amsha,1
_A_j_i_t,ANI,1
_A_j_i_t,RahulGandhi,1
_A_j_i_t,narendramodi,1
_Aditya_adi_,RahulGandhi,1
_Amused_Indian,ANI,1
_Amused_Indian,Soumya_Ray,1
_M_2024,prakashraaj,1
_MaqsoodJamal,GauravPandhi,1
_MaqsoodJamal,narendramodi,1
_MaqsoodJamal,tufailelif,1
_PepeGonsalves5,tractor_jeet,1
_Priyansha__,SekarSekar375,1
_RoyAvinash,AyushmannBhava,1
_RoyAvinash,ayushmannk,1
__Santanu,MamataOfficial,1
__Santanu,narendramodi,1
___Ambassador__,Daedra_Amsha,1
___Ambassador__,DebadreeC,1
___Ambassador__,terminator1229,1
___Invisible_1,BCCI,2
__deepakk,Olivia_Silver_,1
__ichat,ArvindKejriwal,1
_krishna_yadava,BJP4India,1
_krishna_yadava,INCIndia,1
_krishna_yadava,narendramodi,1
_krishna_yadava,rahulkanwal,1
_oriGinaL_God,Veera284,1
_umakantsingh,ArvindKejriwal,1
_umakantsingh,KTRTRS,1
_umakantsingh,MamataOfficial,2
_umakantsingh,Mayawati,2
_umakantsingh,PrabhuChawla,1
_umakantsingh,PrannoyRoyNDTV,1
_umakantsingh,YashwantSinha,1
_umakantsingh,mkstalin,1
a22ajay,amitmalviya,1
a_charan2004,SupriyaShrinate,1
a_man8888,ANI,1
a_man8888,ChandramouliEa1,1
a_man8888,Debjani48444388,1
a_man8888,DevKuma43943937,1
a_randomindian,Paul_Koshy,1
a_randomindian,RahulGandhi,1
a_vinash__,AamAadmiParty,1
a_vinash__,ArvindKejriwal,1
a_vinash__,KapilSibal,1
a_vinash__,Ra_THORe,1
a_vinash__,RahulGandhi,1
a_vinash__,ShashiTharoor,1
a_vinash__,arunjaitley,1
a_vinash__,manakgupta,1
a_vinash__,narendramodi,1
a_vinash__,rajnathsingh,1
a_vinash__,rssurjewala,1
a_vinash__,subbelwanshi86,1
aagg436,Yang_2024_Stan,1
aashish_katare,ANI,1
aashish_katare,LambaAlka,1
aashish_katare,RahulGandhi,1
aasingha94,3011_ajit,1
aasingha94,BloodravenUzui,1
aasingha94,CNN,1
abdullah_loni,RahulGandhi,1
abeytusshar,amitmalviya,1
abhay00071,narendramodi,1
abhaymishra09,SushantBSinha,1
abhi_kabadi,taran_adarsh,1
abhilegend000,KumarPuspack,1
abhinav_borbora,scroll_in,1
abhinavbillaiya,DDNewsLive,1
abhinavbillaiya,RahulGandhi,1
abhinavbillaiya,ZeeNewsHindi,1
abhinavbillaiya,abpnewshindi,1
abhinavbillaiya,indiatvnews,1
abhinavbillaiya,narendramodi,1
abhinavbillaiya,republic,1
abhinavmehta912,extremeroshik,1
abhinavmehta912,stats_feed,2
abhishek8927,SukhuSukhvinder,1
abhisheknatu,KremlinRussia_E,1
abhisheknatu,SushmaSwaraj,1
abhisheknatu,narendramodi,1
abhishekoparora,AHindinews,1
abhitryst,INCIndia,1
abhitryst,narendramodi,1
abjohny1,Iamshaktii,1
abjohny1,RahulGandhi,1
achintaborah,narendramodi,1
adabnow,INCIndia,1
adarshagarwalla,TanDhesi,1
adarshahgd,ceo_karnataka,1
adarshahgd,narendramodi,1
adarshmishra127,narendramodi,1
adeleshiv,amitmalviya,1
adithyavardhan,BRSparty,1
adithyavardhan,BTR_KTR,1
adithyavardhan,KTRBRS,1
adithyavardhan,KTR_News,1
adithyavardhan,KonathamDileep,1
adithyavardhan,Krishank_BRS,1
adithyavardhan,SupriyaShrinate,1
adithyavardhan,TSwithKCR,1
adithyavardhan,isai_,1
adityajoshipura,angryoldman27,1
adriaanboshoff2,MukeloSa,1
adriaanboshoff2,SunflowerSrina,1
adv_chandnishah,smritiirani,1
advdhamija18,Aabha108,1
advnarayang,ANI,1
agarwal_fca,ImtiazMadmood,1
aggarwal_kunal7,BJP4India,1
aggarwal_kunal7,CPIMKerala,1
aggarwal_kunal7,narendramodi,1
ainvey_hi,JesseAPinkman,1
airnewsalerts,narendramodi,1
ait_jitendra,RahulGandhi,1
ajay36mittal,BCCI,1
ajay36mittal,IamSanjuSamson,1
ajay36mittal,ShashiTharoor,1
ajaygurugram,HoCSpeaker,1
ajaygurugram,OurCommons,1
ajaygurugram,POTUS,1
ajayrangole2018,RGWayanadOffice,1
ajayrangole2018,RahulGandhi,1
ajayt7_,INCIndia,1
ajeetyankee,KirenRijiju,1
ajeetyankee,PMOIndia,1
ajitpalsingh51,SavageViking42,1
aju7643,narendramodi,1
akaATP,BJP4India,1
akaATP,narendramodi,1
aka_beingroyal,INCIndia,1
akashrajput1947,Muktiprateekbd1,1
akashrajput1947,mohakmangal,1
akbhagi,narendramodi,1
akfromindia,ArvindKejriwal,1
akhilepandey,BJP4India,1
akhilepandey,RahulGandhi,1
akhilepandey,narendramodi,1
akhilmaheshwri,narendramodi,1
akrsgc,Pawankhera,1
akrsgc,khushsundar,1
akssinghal,AmitShah,1
akssinghal,narendramodi,1
algo_121,BJP4India,1
algo_121,INCIndia,1
algo_121,MeghaSPrasad,1
algo_121,Prashan22024195,1
algo_121,StarshipAlves,1
algo_121,TarekFatah,1
algo_121,TheLallantop,1
algo_121,narendramodi,1
aliveRakesh,AmitShah,1
aliveRakesh,BJP4India,1
aliveRakesh,PiyushGoyal,1
aliveRakesh,narendramodi,1
allrightholiday,AamAadmiParty,1
allrightholiday,ArvindKejriwal,1
allrightholiday,RahulGandhi,1
alok21oct,HemanNamo,1
alok21oct,INCIndia,1
alok21oct,RahulGandhi,1
alok21oct,narendramodi,1
aloysius8055,ANI,1
alstaris,Chellaney,1
alstaris,DrSJaishankar,1
alstaris,RishiSunak,1
alstaris,rumel_dahiya,1
alstaris,widhyarthi,1
aman12b,ArvindKejriwal,1
aman12b,iJasOberoi,1
aman12b,ramansaini_142,1
ameyasohoni1,cricbuzz,1
amit2648,Grofers,1
amit_miishra,DrGauravGarg4,1
amit_stackover,gauravbh,1
amitabha_m,pvsubramanyam,1
amitabm021,narendramodi,1
amitkaggarwal8,ArvindKejriwal,1
amitkaggarwal8,narendramodi,1
amrendravatssi3,narendramodi_in,1
amritofficial7,ANI,1
anand_virgo,BJP4India,1
anand_virgo,narendramodi,1
anandashutosh69,AHindinews,1
anandstdas,NewIndianXpress,2
andy_fool,jabraanshahid,1
andy_fool,muneebqadirmmq,1
angelicawayner,campbellclaret,1
angelicawayner,ianbbdesign,1
ani1yadav,RiaRevealed,1
aniruddh_v,RoKhanna,1
aniruddh_v,narendramodi,1
anjuchopra73,UN,1
anjuchopra73,news24tvchannel,1
ankit82353263,HHMaharajaSawai,1
ankit_gameon,BJP4India,1
ankit_kh07,RahulGandhi,1
ankithoc,adityadickysin,1
ankushy58276008,TheLallantop,1
annetteashley61,AliMirajUK,1
annetteashley61,LBC,1
annetteashley61,RishiSunak,1
anshupandeyy,BJP4Delhi,1
anujkaushik5345,Being_Humor,1
anup071254,AnthonySald,1
anup071254,INCIndia,1
anup071254,IncBasavakalyan,1
anup071254,narendramodi,1
anup071254,youngroy25,1
anupam_anjaan,BJP4India,1
anupam_anjaan,narendramodi,1
anupamsingh101,IndiaToday,1
anupamsingh101,SharmaLalit8,1
anurag_santosh,ShashiTharoor,1
anuraggrover28,Mani582005,1
anuraggrover28,shubhis1810,1
anuragvenkat1,ThePlacardGuy,1
anuragvenkat1,mkstalin,1
anusan123,Being_Humor,1
anusharavi10,BJP4India,1
anusharavi10,INCIndia,1
anusharavi10,MallikarjunINC,1
anusharavi10,narendramodi,1
anusharavi10,siddaramaiah,1
anxioushours7,akashbanerjee,1
apnnewsindia,ImranKhanPTI,1
apnnewsindia,narendramodi,1
aquarius_616,abpmajhatv,1
ar9yogesh,narendramodi,1
aranibanerjee,Namara18Mc,1
aranibanerjee,_MukeshAmbani,1
aranibanerjee,ashoswai,1
aranibanerjee,narendramodi,1
ardhan14,KTRBRS,1
arinbasu,minicnair,1
arjun_achilles5,NarundarM,1
arjundsage1,INCIndia,1
arjundsage1,RahulGandhi,1
arjunmohurle,AmitShah,1
arjunmohurle,DrSJaishankar,1
arjunmohurle,RoKhanna,1
arjunmohurle,narendramodi,1
arjunra62697137,BCCI,1
arjunra62697137,mastercardindia,1
arpanparikh,TheLallantop,1
arpitsangal,KiranKS,1
arsalaqureishi,AdityaRajKaul,1
arsalaqureishi,Raja_Sw,1
arsalaqureishi,bipinRkumar,1
arsalaqureishi,iamrana,1
arsalaqureishi,narendramodi,2
arsalaqureishi,rsrobin1,1
arshipatel_0203,_sayema,1
arshipatel_0203,warispathan,1
arshit20jain,narendramodi,1
arunjeba,RahulGandhi,1
arunpawar_srcc,RahulGandhi,1
arviindk,RahulGandhi,1
arviindk,narendramodi,1
asadfarooquee,narendramodi,1
asadfarooquee,nirahua1,1
asadfarooquee,smritiirani,1
asd_ankit,narendramodi,1
asd_ankit,tejbahadursp,1
asd_ankit,yadavakhilesh,1
aseemtakyar9,journojoseph,1
aseemtakyar9,nkk_123,1
aseemtakyar9,zoo_bear,1
ashim_goyal,DrSJaishankar,1
ashim_goyal,ShashiTharoor,1
ashish_nishuu,IYC,1
ashish_nishuu,LambaAlka,1
ashishbrahma5,MousumiMohanty2,1
ashok_sugla,priyankagandhi,1
ashoko,DeeptiSachdeva_,1
ashoko,narendramodi,1
ashokshuklasoda,RagaTimes,1
ashokshuklasoda,RahulGandhi,1
ashokshuklasoda,_sayema,1
ashumishra0010,SupriyaShrinate,1
aslideshbhakth,sardesairajdeep,1
asokmallelil,BJP4India,1
asokmallelil,RahulGandhi,1
asokmallelil,divyaspandana,1
asokmallelil,narendramodi,1
asterix0900,KanwalSibal,1
asterix0900,Niranja93692093,1
asterix0900,RajAhluwalia9,1
augustinjacob6,AmitShah,1
augustinjacob6,ArvindKejriwal,1
augustinjacob6,ManojTiwariMP,1
augustinjacob6,Punitspeaks,1
augustinjacob6,RahulGandhi,1
augustinjacob6,amitmalviya,1
augustinjacob6,narendramodi,1
avadhootashok,AamAadmiParty,1
avadhootashok,ArvindKejriwal,1
avadhootashok,NayyarSanjeev,1
avadhootashok,SatyendarJain,1
avadhootashok,msisodia,1
avadhootashok,sa_123456_as,1
avadhootashok,thakur_nave,1
avanishmalhotra,BJP4India,1
avanishmalhotra,INCIndia,1
avanishmalhotra,RahulGandhi,1
avanishmalhotra,TajinderBagga,1
avanishmalhotra,amitmalviya,1
avanishmalhotra,theskindoctor13,1
ayushl07,BJP4India,1
ayushl07,ECISVEEP,1
ayushl07,IAF_MCC,1
ayushl07,INCIndia,1
ayushl07,kapsology,1
ayushl07,narendramodi,1
ayushl07,soibalspeaks,1
azaadqalam,PrashantTandy,1
azaadqalam,VandanaMegastar,1
azaadqalam,WhatsApp,1
b_227012,Rjrasva,1
b_227012,Sapratha,1
baazthefalcon,BhagwantMann,1
baazthefalcon,narendramodi,1
babbarbaswa,ChrisVanHollen,1
bablu345,bhatiatech,1
bablu345,narendramodi,1
bablu345,sardesairajdeep,1
babuchandra01,Jairam_Ramesh,1
babuchandra01,TVMohandasPai,1
badamipavan,INCIndia,1
badamipavan,nsitharaman,1
bakbakman24,ANI,1
balananda2007,ashajadeja325,1
baliyans,AAPDelhi,1
baliyans,ArvindKejriwal,1
bananapeel1727,ArvindKejriwal,1
bananapeel1727,ajitanjum,1
bankasaurabh,RahulGandhi,1
bansalnat5680,Nidhi,1
bansalnat5680,RahulGandhi,1
bansalnat5680,narendramodi,1
bansalsaaab,ShyamMeeraSingh,1
barbara_thyab,PraveenDavar,1
beachshack001,ArvindLBJP,1
beachshack001,PCMohanMP,1
beachshack001,east_bengaluru,1
beingharleen,INCIndia,1
beingharleen,RahulGandhi,1
bela_pal,CMOfficeUP,1
bela_pal,myogiadityanath,1
bela_pal,narendramodi,1
benewindia,Mukul_Rohatgi,1
benewindia,TNNavbharat,1
benewindia,navikakumar,1
bengal008,suchitrav,1
bengaluruputra,prakashraaj,1
bengapinto,KPadmaRani1,1
bengapinto,RahulGandhi,1
bengapinto,akashbanerjee,1
bengapinto,dhruv_rathee,1
bengapinto,divyaspandana,1
bengapinto,narendramodi,1
bengapinto,niiravmodi,1
bengapinto,pbhushan1,1
bengapinto,priyankac19,1
bengapinto,rssurjewala,1
bengapinto,sardesairajdeep,1
bengapinto,veteran10525,1
bennishiroor,narendramodi,1
beyorek,ANI,1
beyorek,cvijay88,1
beyorek,iamthedoctor101,1
bgaggar,ARanganathan72,1
bgaggar,RishiSunak,1
bgaggar,SudhanshuTrived,1
bgaggar,TimesNow,1
bgaggar,rishibagree,1
bhadwa_billa,Chrisiep1310,1
bhadwa_billa,nytimes,1
bhagchand84,hanumanbeniwal,1
bhageerath_b,nytimes,1
bhandarigaurav2,AmitShah,1
bhandarigaurav2,arunjaitley,1
bhandarigaurav2,narendramodi,1
bhandarigaurav2,rajnathsingh,1
bhatia_anand,PoojaB1972,1
bhattaraymanoj,ANI,1
bhavik1377,RahulGandhi,1
bhavyesh_h_shah,ANI,1
bhu_meeee_ka,nrjawa,1
bhu_meeee_ka,rishibagree,1
bibhu2000,MahuaMoitra,1
bibhu2000,RahulGandhi,1
bigbindian,srinivasiyc,1
biharirohit,Javedakhtarjadu,1
biharirohit,YouTube,1
bismay_inc,Elizatweetz,1
bismay_inc,RahulGandhi,1
blrcntrl,CTRavi_BJP,1
blrcntrl,RahulGandhi,1
blueelobstar,Danny511CA,1
blueelobstar,WrestlingHumble,1
bluegrapetravel,MahuaMoitra,1
bluegrapetravel,dir_ed,1
bob_7723,ANI,1
bob_7723,IamVarun02,1
bob_7723,RahulGandhi,1
bond_vinod,narendramodi,1
bond_vinod,republic,1
boredknees,OfficialSauravD,1
bowler_organics,RichardGarriott,1
bplssri,ShakunthalaHS,1
bplssri,kharge,1
brijeshmishra49,SupriyaShrinate,1
brikeshyadav094,ArvindKejriwal,1
brown_cunt,mufaddal_vohra,1
bubblebuster26,Indian_Analyzer,1
bugs_bhargava,annamalai_k,1
bullbearer,NAN_DINI_,1
bunkybun,TulsiGabbard,1
bunkybun,kshamasocialist,1
buravllei,ArvindKejriwal,1
buravllei,INCIndia,1
buravllei,RahulGandhi,1
buravllei,TajinderBagga,1
buravllei,sanjaysp8888,1
bv_subash,ShakunthalaHS,1
cBeyondObvious,KTRBRS,1
cLEOpatra2878,IndianExpress,1
cLEOpatra2878,chowkdar,1
cLEOpatra2878,narendramodi,1
caarpit83,ANI,1
caarpit83,akshaykumar,1
caarpit83,narendramodi,1
caashokbehera,srinivasiyc,1
cackbajpai,Dr_Uditraj,1
cackbajpai,narendramodi,1
calicool_tanu,PriaINC,1
callmethakur,narendramodi,1
canucksatya,JhaSanjay,1
canucksatya,narendramodi,1
carolkrish,SuellaBraverman,1
carolkrish,TamilGuardian,1
carolkrish,bholekebhai,1
carolkrish,ukhomeoffice,1
cas_gupta,ikamalhaasan,1
chai_sapien,moshimisen,1
chai_sapien,nytimes,1
chaitanya5262,YUVSTRONG12,1
chaitanya5262,surya_14kumar,1
chakku1997,Politics_2022_,1
champc3827,BCCI,1
champc3827,IPL,1
champc3827,IamSanjuSamson,1
champc3827,ShashiTharoor,1
champc3827,surya_14kumar,1
champrose,AmitShah,1
champrose,PrakashJavdekar,1
champrose,narendramodi,1
chandan55950707,INCIndia,1
chandan55950707,INCIndiaLive,1
chandan55950707,MamataOfficial,1
chandan55950707,RahulGandhi,1
chandan55950707,sherryontopp,1
chandanvaio,ArvindKejriwal,1
chandanvaio,amitmalviya,1
chandrats06,RahulGandhi,1
chandrats06,ravi27kant,1
chandresh246,Buvana_1309,1
chandresh246,MajorPoonia,1
charanOneMan,ECISVEEP,1
charanOneMan,narendramodi,1
charanOneMan,ncbn,1
charmed_mained,JM_Scindia,1
charmer_nku,AmitShah,2
charmer_nku,BJP4India,1
charmer_nku,DilipGhoshBJP,1
charmer_nku,KailashOnline,1
charmer_nku,MamataOfficial,1
charmer_nku,MukulR_Official,1
charmer_nku,SrBachchan,1
charmer_nku,SuPriyoBabul,1
charmer_nku,VijayaRahatkar,1
charmer_nku,me_locket,1
charmer_nku,narendramodi,2
chasmewalaladka,RahulGandhi,1
chasmewalaladka,narendramodi,1
chatteejees,ANI,1
chatur59,NAN_DINI_,1
cheez_m,BJP4India,1
cheez_m,INCIndia,1
cheez_m,capt_amarinder,1
chetanKB1997,INCKarnataka,1
chetanKB1997,siddaramaiah,1
chetananant07,Arasu2021,1
chhabs,DanHusain,1
chhatithokke,iJasOberoi,1
chhatithokke,jjjust4fffun,1
chheda_pravin,BJP4India,1
chheda_pravin,KiritSomaiya,1
chheda_pravin,OfficeofPoonamM,1
chheda_pravin,OurIndiaFirst19,1
chheda_pravin,PawanKu91793043,1
chheda_pravin,narendramodi,1
chheda_pravin,poonam_mahajan,1
chheda_pravin,republic,1
chheda_pravin,sambitswaraj,1
chheda_pravin,sardanarohit,1
chin_raval,narendramodi,1
chittukuruvi4,INCIndia,1
chittukuruvi4,ksmkkbookscom,1
cjamesfisher,rupasubramanya,1
cjamesfisher,theJagmeetSingh,1
cmsisthebest,ANI,1
cmsisthebest,ANINewsUP,1
cmsisthebest,smritiirani,1
cococlimber,BCCI,1
cococlimber,IamSanjuSamson,1
cococlimber,mastercardindia,1
codewithmevivek,MeenakshiV11,1
codewithmevivek,TrulyMonica,1
collectorvalsad,CEOGujarat,1
collectorvalsad,CKharsan,1
collectorvalsad,pkumarias,1
commandur,DMKITwing,1
commandur,MKumaramangalam,1
commandur,RahulGandhi,1
commandur,SadhaaAzhagiri,1
commandur,rkarnan,1
commandur,saravofcl,1
commandur,vazhapadi,1
common_man243,Arun2981,1
common_man243,BhagwantMann,1
common_man243,Gurdeepgurus,1
common_man243,Tweet2Chayan,1
common_man243,indian_nagrik,1
common_man243,mani92__,1
common_man243,vajinkya16,1
connect2karanji,narendramodi,1
cr7akhtar,AdityaRajKaul,1
crescendo2001,INCIndia,1
crescendo2001,SupriyaShrinate,1
crimepoint,YouTube,1
cringearchivist,GillesVerniers,1
cringearchivist,MilanV,1
criticalnative,OrangeLeafWave,1
criticalnative,tr6_guy,1
cruzeronmove,SupriyaShrinate,1
csbrSays,narendramodi,1
cvbuch1,VtvGujarati,1
cvganesh2k,amitmalviya,1
cvkrishnan,akshayalladi,1
cw4t7abs,IndiaToday,1
cw4t7abs,PMOIndia,1
cw4t7abs,XHNews,1
cw4t7abs,ZeeTV,1
cw4t7abs,htTweets,1
cw4t7abs,narendramodi,1
cw4t7abs,ndtv,1
cw4t7abs,rangilarsool,1
cw4t7abs,timesofindia,1
cyberbhoi,zoo_bear,1
cyn_hic,sidhant,1
cynicalminds0,PoonamJoshi_,1
cynicalminds0,healthydebater,1
d45fc33d075b439,omar_quraishi,1
dabiajsd,ShashiTharoor,1
dabiajsd,YouTube,1
damnthatstrue01,elonmusk,1
danileilar,thotzekage,1
darshanik1,AamAadmiParty,1
darshanik1,ArvindKejriwal,1
darshanik1,INCIndia,1
darshanik1,RahulGandhi,1
darshanik1,chugalkhor1,1
darshanik1,sambitswaraj,1
dc20111,BBCHindi,1
dcw1501,ndtv,1
dcw1501,ndtvfeed,1
ddtimes,YouTube,1
debarchanrout,ANI,1
debasis__,narendramodi,1
deepankarthishb,PMOIndia,1
deepankarthishb,narendramodi,1
degreecalvin,ShekharGupta,1
deplorabledesi2,AbhiNdy,1
deplorabledesi2,rupamurthy1,1
devansh13994332,anandmahindra,1
dhanera4bjp,AmitShah,1
dhanera4bjp,RSSorg,1
dhanera4bjp,bhikhubhaidbjp,1
dhanera4bjp,narendramodi,1
dharam_dvs,GautamGambhir,1
dharam_dvs,Puneite_,1
dharam_dvs,YUVSTRONG12,1
dharam_dvs,imVkohli,1
dharam_dvs,virendersehwag,1
dharmendra0207,RKCERTIFIED,1
dharmendra0207,RahulGandhi,1
dharmendra0207,SS_Info1003,1
dharmendra0207,malik_kart,1
dhaulidhar,FaizAliQureshi7,1
dhaulidhar,Shehzad89,1
dhbarbhuiya1,RahulGandhi,1
dhrumil5192,PMOIndia,1
dhrumil5192,narendramodi,1
dhume,pratyasharath,1
dibakar_s16,RoKhanna,1
dibakar_s16,lalitkjha,1
dibyendumondal,narendramodi,1
dibyendumondal,shreyadhoundial,1
digger_ind,Marankothi,1
dilip_ganatra,narendramodi,1
dilip_ganatra,sagarikaghose,1
dilipsamanta1,narendramodi,1
dilipsamanta1,priyankagandhi,1
dilllu,BJP4India,1
dilllu,narendramodi,1
dilllu,nistula,1
dilllu,the_hindu,1
dinesagarwal,RahulGandhi,1
dinesagarwal,khushsundar,1
dineshpon,News18TamilNadu,1
dineshpon,RahulGandhi,1
dineshpon,ikamalhaasan,1
discoveryhomes1,Karanpartap01,1
discoveryhomes1,Vih_kising,1
discoveryhomes1,narendramodi,1
divya_2377,RajuVish90,1
divya_2377,shalabhmani,1
dixantbansal,IMinakshiJoshi,1
dkagarwal,ShashiTharoor,1
dkftp,ArvindKejriwal,1
dkftp,DChaurasia2312,1
dkftp,ImManishAwasthi,1
dkftp,PTI_News,1
dkftp,SanjayAzadSln,1
dkftp,WithCongress,1
dkftp,aajtak,1
dkftp,ndtvindia,1
dkkothari,PandaJay,1
docdkm,I_am_Vedvrat,1
dogcongress,ARanganathan72,1
dona3659,RahulGandhi,1
dona3659,narendramodi,1
dona3659,rishibagree,1
dona3659,rsprasad,1
dr_MNY,64wdelgado,1
dr_MNY,ExSecular,1
dr_MNY,LotusBharat,1
dr_MNY,Shehzad_Ind,1
dr_mahesh_dixit,SonyTV,1
dr_mahesh_dixit,VishalDadlani,1
dradarshsharma,RahulGandhi,1
dradarshsharma,narendramodi,1
dradarshsharma,nsitharaman,1
drbmsinghal12,IndiaTVHindi,1
drbmsinghal12,htTweets,1
drbmsinghal12,ianuragthakur,1
drbmsinghal12,ndtv,1
drbmsinghal12,news24tvchannel,1
drdeepakneo,Indian__doctor,1
drdeepakneo,ashokgehlot51,1
drjhavn1,INCIndia,1
drjhavn1,IndiaToday,1
drjhavn1,PMOIndia,1
drjhavn1,gauravcsawant,1
drjhavn1,kamaljitsandhu,1
drkandoi,ArvindKejriwal,1
drkarthikm,KapilSibal,1
drmanagoli,priyankac19,1
drmanku,NagarJitendra,1
drmanku,NitishKumar,1
drmanku,RJDforIndia,1
drmanku,TejashwiOffice,1
drmanku,yadavtejashwi,1
drogon23,RahulGandhi,1
drpratikjain,JhaSanjay,1
drsanjaymayukh,BJP4India,1
drsanjaymayukh,sambitswaraj,1
drsubhashkapila,narendramodi,1
drsubhashkapila,narendramodiIVI,1
drutpalortho,htTweets,1
duniyashadai,_FaridKhan,1
dushyantc2049,ShashiTharoor,1
eartherian,KiranKS,1
eartherian,narendramodi,1
eeshii_,narendramodi,1
elektrik9x,PMOIndia,1
elektrik9x,narendramodi,1
elektrik9x,wef,1
elonchieftwit,elonmusk,1
em_basu,ShumaRaha,1
emocean4u,ShashiTharoor,1
epawitter1,ShatruganSinha,1
eradityasingla,SheetalPronamo,1
escapetoneptune,championrat02,1
escapetoneptune,mudflesh,1
esskayray,srinivasiyc,1
eunnie2003,RichieRego,1
eunnie2003,narendramodi,1
eunnie2003,sidd_sharma01,1
ezazahmad09,IndianExpress,1
f3arl3ssIndian,SanggitaT,1
fab_mayank,nytimes,1
fab_mayank,plalor,1
fab_mayank,sreemoytalukdar,1
faizanusuf,FarooqTirmizi,1
false_cb,strghtforward,1
fareed2060,vijaythottathil,1
farhanqaafa,AliuddinAquil,1
farhanqaafa,asadowaisi,1
fatimasadozai,PMOIndia,1
fatimasadozai,RahulGandhi,1
fekubawa,RahulGandhi,1
fekubawa,priyankagandhi,1
fekubawa,sreenshri,1
festivalbharat,charlessthomson,1
festofdemocracy,Newsumindia,1
festofdemocracy,PMOIndia,1
fireAnd_Bloodd,AAPPunjab,1
fireAnd_Bloodd,ArvindKejriwal,1
fireAnd_Bloodd,HVSBanwait,1
firstpost,narendramodi,1
fndncmngrnd,ChrisVanHollen,1
frdmofspeechh,DMKITwing,1
frdmofspeechh,Gohul19,1
frdmofspeechh,LeemaBalraj,1
frdmofspeechh,kovaiVino,1
frdmofspeechh,mkstalin,1
freedominindia7,RahulGandhi,1
g_prssad,ArvindKejriwal,1
g_prssad,BJPdelhi0908,1
gagan_sangtani,prakashraaj,1
gargsourav,Telegraph,1
gargsourav,dhruv_rathee,1
garryk_,AamAadmiParty,1
garryk_,BJP4India,1
garryk_,GautamGambhir,1
garryk_,INCIndia,1
garryk_,SanskariKruti,1
garudadwaja,DVSBJP,1
gaudiya_surya,OliveGreens09,1
gaurav_politics,sardesairajdeep,1
gauravbhanu89,rishibagree,1
gauravkajaria,faahil,1
gauravkapoorvns,BJP4India,1
gauravkapoorvns,RSSorg,1
gauravkapoorvns,myogiadityanath,1
gauravkapoorvns,narendramodi,1
gauravmfc2000,INCIndia,1
gauravmfc2000,PMOIndia,1
gauravmfc2000,RahulGandhi,1
gauravmfc2000,narendramodi,1
gauravmfc2000,narendramodi_in,1
gauravmunger,ProfBabones,1
gautam_ggn,TOIGurgaon,1
gautam_ggn,mlkhattar,1
gautam_ggn,narendramodi,1
gautam_ggn,nitin_gadkari,1
gauzy2021,zoo_bear,1
gen_khorana,pompg,1
geoffspark1,huhhhhhhy1,1
geoffspark1,thehawkeyex,1
geoguru70,RoKhanna,1
ghoshron,BABUDONEKALE,1
ghoshron,khushsundar,1
gillipix,MrsGandhi,1
gillipix,muglikar_,1
gillipix,narendramodi,1
girishkumarp,MamataOfficial,1
girishkumarp,Mayawati,1
girishkumarp,PawarSpeaks,1
girishkumarp,RahulGandhi,1
girishkumarp,mkstalin,1
girishkumarp,narendramodi,1
girishkumarp,nimmaupendra,1
girishkumarp,yadavakhilesh,1
girishkumarp,yadavtejashwi,1
gkbarani,ptrmadurai,1
global_mouthful,narendramodi,1
global_mouthful,vivekagnihotri,1
glphanirajj,CityPolice,1
glphanirajj,HCI_London,1
glphanirajj,Iyervval,1
glphanirajj,ukhomeoffice,1
gmjecks,AmitShah,1
gmjecks,BJP4India,1
gmjecks,Ish_Bhandari,1
gmjecks,KailashOnline,1
gmjecks,KirenRijiju,1
gmjecks,amitmalviya,1
gmjecks,narendramodi,1
gold_jake1,mediacrooks,1
goldenTwine,IgorStimac,1
goldenTwine,KhelNow,1
goldenTwine,RishavC03,1
goldenTwine,chetrisunil11,1
goldenTwine,sevensftbl,1
gopaldhaker3,narendramodi,1
gopaldhaker3,shuchikalra,1
gowri_gowd,INCIndia,1
gowri_gowd,ImranKhanPTI,1
gowri_gowd,RahulGandhi,1
gowri_gowd,kbsalsaud,1
gowri_gowd,meeriqbal,1
gowri_gowd,narendramodi,1
gowri_gowd,sardesairajdeep,1
grah_76,sahil_vi,1
grovervj,BJP4India,1
grovervj,INCIndia,1
grovervj,RahulGandhi,1
grovervj,narendramodi,1
grovervj,rssurjewala,1
gsk1234567,BJP4India,1
gsk1234567,JPNadda,1
gsk1234567,JP_LOKSATTA,1
gsk1234567,RahulGandhi,1
gsk1234567,Tejasvi_Surya,1
gsk1234567,aajtak,1
gsk1234567,narendramodi,1
gst183,AnwarFadzil,1
gst183,BahangD,1
gst183,Hock_ann26,1
gst183,PackRagu,1
gst183,RazibSyah,1
gst183,_chuad,1
gst183,broz6969,1
gst183,dinimann,1
gst183,gu_na_lan,1
gst183,imfsea_aruna,1
gst183,kuabt,1
gst183,nonvitalheart,1
gst183,richardrichli,1
gundug8,RahulGandhi,1
gundug8,narendramodi,1
gunnymikawa1,Kartiraag,1
gunnymikawa1,sam57312167,1
gunnymikawa1,sanjukta,1
guptaajay69,IamAjaySehrawat,1
gurmeetkaur18,AdnanAliKhan555,1
gurmeetkaur18,NAAVNAAN,1
gurmeetkaur18,Swiggy,1
gurshan1,TimTim87505914,1
gurshan1,VIAwesome,1
gurshan1,palminder1990,1
guruji_prasad,VVani4U,1
gyankagyan,TheRudra1008,1
ha_to_kya_,TheLallantop,1
haanjibhaiji,ANI,1
haanssa,BJP4India,1
haanssa,BJP4Maharashtra,1
haanssa,PMOIndia,1
haanssa,narendramodi,1
haanssa,narendramodi_in,1
hackerlog_,smritiirani,1
happygoluckyim,beastoftraal,1
hareeshjgd,RaoKavitha,1
hareeshjgd,TelanganaCMO,1
hareeshjgd,narendramodi,1
harishoberoibjp,UN,1
harshaman77,Paul_Oommen,1
harsharajbs,PTI_News,1
harsharajbs,SudheenKulkarni,1
harsharajbs,musing_4m_hills,1
harshlapsia,BJP4India,1
harshlapsia,narendramodi,1
harshnama,RahulGandhi,1
harshshah_,BJP4India,1
harshshah_,narendramodi,1
heershah7,BJP4India,1
heershah7,ECISVEEP,1
heershah7,narendramodi,1
heir_apparent__,Medapata,1
hello_acharya,popatlal50,1
hemant25585,narendramodi,1
hemanthtsm,klnbjp,1
hemanthtsm,narendramodi,1
hemanthtsm,ysjagan,1
hemmu25,DeepikaBhardwaj,1
hemmu25,narendramodi,1
hierahul,elonmusk,1
hijawed,TOIIndiaNews,1
himantabiswa,narendramodi,1
hirensatra2020,karthikgnath,1
hmanzoorhussain,KlasraRauf,1
hmanzoorhussain,narendramodi,1
hodgee007,MargaretChown,1
hodgee007,theLLCoolK,1
hope_tree2010,sujataanandan,1
hosur_p,tv9kannada,1
hpocrsydemocrsy,TrulyMonica,1
hritik33940405,nytimes,1
hrp333,ARanganathan72,1
hrp333,Billabo30103487,1
hrp333,RishiSunak,1
hrstaep,01dewdrop19,1
hrstaep,ariesbbz,1
hrstaep,dilfdemoris,1
hukumdaaar,BJP4India,1
hukumdaaar,ZomatoIN,1
hukumdaaar,narendramodi,1
iKamalVeda,ArunKrishnan_,1
iKamalVeda,INCIndia,1
iKrishnaKamalam,HLKodo,1
iKrishnaKamalam,SaffronDalit,1
iRajavelu,ikamalhaasan,1
iSharmaSonia,narendramodi,1
iTheHealer,IndianExpress,1
iTheHealer,Pawankhera,1
i_PrashantRana,MamataOfficial,1
i_PrashantRana,RahulGandhi,1
i_am_Sourav25,Jasmine01737661,1
i_am_Sourav25,MeghUpdates,1
i_am_Sourav25,madaddie24,1
i_motala81,Shehzad_Ind,1
i_sid007,MEAIndia,1
i_sid007,Om40hm,1
i_sid007,dr5suren,1
i_vishal01,srinivasiyc,1
iamAKHTER,RahulGandhi,1
iamAmoghShambu,BJP4India,1
iamAmoghShambu,BJP4Karnataka,1
iamAmoghShambu,PMOIndia,1
iamAmoghShambu,narendramodi,1
iamTapanPandya,narendramodi,1
iamalokshri,RoKhanna,1
iamalokshri,narendramodi,1
iamamitverma7,AamAadmiParty,1
iamamitverma7,BJP4India,1
iamamitverma7,INCIndia,1
iamatifhussainn,ANI,1
iamatifhussainn,__gurudas,1
iamdesi101,SupriyaShrinate,1
iamdesi101,priyankagandhi,1
iamekantsharma,KirenRijiju,1
iamekantsharma,SupriyaShrinate,1
iamjunaiz,BJP4India,1
iamjunaiz,INCIndia,2
iamjunaiz,INCKarnataka,1
iamjunaiz,IYC,1
iamjunaiz,Jairam_Ramesh,1
iamjunaiz,RahulGandhi,2
iamjunaiz,SupriyaShrinate,1
iamjunaiz,kharge,1
iamkaranbachani,ArvindKejriwal,1
iamkaranbachani,TimesNow,1
iamkaranbachani,narendramodi,1
iamkirantk,BCCI,1
iamkirantk,ImRo45,1
iamkshitijrai07,ImtiazMadmood,1
iamkshitijrai07,nomanqayum,1
iamkshitijrai07,theskindoctor10,1
iamramganesh,Veera284,1
iamsahilparray,manojsinha_,1
iamshiv144,BJP4India,1
iamshiv144,ECISVEEP,1
iamshiv144,ShefVaidya,1
iamshiv144,TajinderBagga,1
iamshiv144,narendramodi,1
iamshiv144,rsprasad,1
iamup,ArvindKejriwal,1
ibelong2india,AdiUvacha,1
ibelong2india,annamalai_k,2
ibelong2india,arivalayam,2
ibelong2india,arunkumark86,2
ibelong2india,sumanthraman,2
ibhavik_patel,PMOIndia,1
ibhavik_patel,RailMinIndia,1
ibhavik_patel,bkmkb2019,1
ibhavik_patel,drmbct,1
ibhavik_patel,narendramodi,1
ideasmithy,AGirlOfHerWords,1
idesibanker,IndiaToday,1
idesibanker,narendramodi,1
idesibanker,sardesairajdeep,1
idjnyx,KhalidBaig85,1
igljibran,_FaridKhan,1
igljibran,babarazam258,1
igloo_alaskans,BBCHindi,1
ijamal80,AnandSharmaINC,1
ijamal80,INCTamilNadu,1
ijamal80,Jairam_Ramesh,1
ijamal80,MWasnik_INC,1
ijamal80,ProfCongTN,1
ijamal80,RahulGandhi,1
ijamal80,SanjaySDutt,1
ijamal80,TN_PYC,1
ijamal80,TamilNaduPMC,1
ijamal80,ahmedpatel,1
ijamal80,kcvenugopalmp,1
ijamal80,priyankagandhi,1
ijeevan,RahulGandhi,1
ijenavajva,AyishaMuhamad,1
ijenavajva,OccupyMars13,1
ijenavajva,PMRashford10,1
ijenavajva,Saad_Gondal,1
ikaramchand,SudheenKulkarni,1
ikaramchand,narendramodi,1
ileshs,RahulGandhi,1
ilu701,narendramodi,1
im_shiv_aa,TelanganaCMO,1
im_shiv_aa,narendramodi,1
im_xhope,AAPNareshBalyan,1
im_xhope,AbhyudayaMamidi,1
im_xhope,DeepakSEditor,1
im_xhope,DeepalTrevedie,1
im_xhope,DeepikaSRajawat,1
im_xhope,KTRBRS,1
im_xhope,LambaAlka,1
im_xhope,MaimunahSharif,1
im_xhope,PriyankKharge,1
im_xhope,bharatjoshi2911,1
im_xhope,pbhushan1,1
im_xhope,satishacharya,1
im_xhope,ysathishreddy,1
imarti_o,RahulGandhi,1
imarti_o,ShashiTharoor,1
imarunaksh,narendramodi,1
imasinha,ArvindKejriwal,1
imharit,narendramodi,1
imirrfann,RahulGandhi,1
imirrfann,TejYadav14,1
imirrfann,abpnewstv,1
imirrfann,narendramodi,1
imirrfann,the_hindu,1
imruchin,Enraged_Indian,1
imsayyedabbas,INCIndia,1
imsayyedabbas,IYC,1
imsayyedabbas,narendramodi,1
imsbaid,AadeshRawal,1
imzeeshannadir,MLCricket,1
inder_mohan,MamataOfficial,1
inder_mohan,myogiadityanath,1
inder_mohan,republic,1
inderjeeth,narendramodi,1
inderjeeth,timesofindia,1
india__support,nsitharaman,1
indian12061974,ANI,1
indian12061974,MehboobaMufti,1
indian12061974,OpIndia_com,1
indian12061974,Shaikh_Mohsin12,1
indian22711912,LiberalSlayer0,1
indian22711912,RahulGandhi,1
indian22711912,fpjindia,1
indian22711912,meSureshSharma,1
indian22711912,sardesairajdeep,1
indian_better,ANI,1
indian_better,mssirsa,1
indian_gr8human,aajtak,1
indian_ireland,irishexaminer,1
indian_krunal01,ChapraZila,1
indian_krunal01,PMishra_Journo,1
indian_krunal01,PankajCyberArmy,1
indian_l0tus,RahulGandhi,1
indian_online,Asad_Ashah,1
indian_online,KanwalSibal,1
indian_online,MeghUpdates,1
indianbachelor,PandaSaffron,1
indianbachelor,indhavaainko,1
indiandeniro,ChekrishnaCk,1
indiantravelway,ndtv,1
indomitablesoul,EconomicTimes,1
indooseth,jairamthakurbjp,1
induCityMakers,ArvindKejriwal,1
induCityMakers,RahulGandhi,1
induCityMakers,narendramodi,1
indusaineeli,Mystic_VJ,1
insanebuddy_aj,Hitansh_Arya,1
insanebuddy_aj,Moneybaglives,1
intrstngrochak,republic,1
ipradhanjiii,ANI,2
ipradhanjiii,Chulbulpanda420,2
ipradhanjiii,Gaindaswamy,2
ipradhanjiii,mlkhattar,1
isd2047,Allavaru,3
isd2047,CharuPragya,3
isd2047,JayGalla,1
isd2047,SanjayAzadSln,1
isd2047,_YogendraYadav,2
isd2047,ghanshyamtiwari,3
ishikafanclub,narendramodi,1
isinghsandeep,RahulGandhi,1
isinghsandeep,narendramodi,1
isoodlee,BJP4India,1
isoodlee,FltLtAnoopVerma,1
isorabh,Naveen_Odisha,1
isorabh,aajtak,1
isorabh,abpnewstv,1
isorabh,narendramodi,1
itsVDS,nytimes,1
its_seabee,Gohul19,1
its_seabee,__Arjun__26,1
its_umesh93,AartiTikoo,1
its_umesh93,AmitShah,1
its_umesh93,CitiznMukherjee,1
its_umesh93,NitishKumar,1
its_umesh93,RahulGandhi,1
its_umesh93,ShahnawazBJP,1
its_umesh93,Shehzad_Ind,1
its_umesh93,gyanjarahatke,1
its_umesh93,narendramodi,1
its_umesh93,nitin_gadkari,1
its_umesh93,rajnathsingh,1
itsjumon,PranavR40,1
itsjumon,Troll_Fotballl,1
itsjumon,axzziemusic,1
itsmittalHim,INCIndia,1
itsmittalHim,RahulGandhi,1
itsmittalHim,priyankagandhi,1
iyerraman75,INCIndia,1
iyerraman75,RahulGandhi,1
jahanzebian,ESPNcricinfo,1
jaimalphatta,MikeGillYYC,1
jaimalphatta,Parikramah,1
jaivas22,priyankac19,1
jarvissandra1,DalrympleWill,1
jarvissandra1,EmpirePodUK,1
jarvissandra1,GoalhangerPods,1
jarvissandra1,tweeter_anita,1
jatinnsays,RahulGandhi,1
jatinnsays,narendramodi,1
jayraksha23,derekobrienmp,2
jayraksha23,shiptrained,1
jayush91,RoKhanna,1
jayush91,narendramodi,1
jazeeljabbar,ShashiTharoor,1
jcbehera,DeepikaSRajawat,1
jcbehera,JohnBrittas,1
jcbehera,KTRBRS,1
jcbehera,LambaAlka,1
jcbehera,ManojSinghKAKA,1
jcbehera,TRBRajaa,1
jcbehera,U2Brutus_off,1
jcbehera,pbhushan1,1
jcbehera,prakashraaj,1
jcbehera,ysathishreddy,1
jcbehera,zoo_bear,1
jee8778,WallisKeziah,1
jeeteshkumar919,narendramodi,1
jeeteshkumar919,noconversion,1
jeetrambhardwj,POTUS,1
jeetrambhardwj,RoKhanna,1
jeetrambhardwj,news24tvchannel,1
jershli,rayyanspeaks,1
jhambt,the_hindu,1
jhawar2811,ANI,1
jhawar2811,ANINewsUP,1
jhawar2811,BJP4India,1
jhawar2811,narendramodi,1
jhawarmukul,RahulGandhi,1
jinoytommanjaly,ECISVEEP,1
jishnu0605,Paul_Koshy,1
jiteshgor,IndiaToday,1
jiteshgor,PMOIndia,1
jiteshgor,aajtak,1
jiteshgor,narendramodi,1
jiteshgor,rahulkanwal,1
jjk_utkarsh,RahulGandhi,1
jkamath,rajab,1
jobinindia,BJP4India,1
jobinindia,narendramodi,1
joharashwin,INCIndia,1
joharashwin,RahulGandhi,1
joharashwin,narendramodi,1
jokidu2007,CPAC_TV,1
joshi_nachiket,ChrisVanHollen,1
joydeepg9,bidishapsgs,1
joysamcyborg,Aheartlikeyou,1
joysamcyborg,CharlotteFLit,1
joysamcyborg,theJagmeetSingh,2
joysamcyborg,vonbrauckmann,1
js_kool,KumudShankar,1
js_kool,MoatasimSolkar,1
js_kool,SupriyaShrinate,1
js_kool,nandtara,1
jshah94,hirannzz,1
jugaltink,ZeeNews,1
juggyindian22,IndiaToday,1
juggyindian22,drajoykumar,1
juggyindian22,gauravcsawant,1
juggyindian22,sardesairajdeep,1
junaid_akht,soldierspeaks,1
june091993,derekobrienmp,1
just___AK,RSSorg,1
just___AK,haroonyusuf22,1
just___AK,narendramodi,1
just_indy3,BJP4India,1
just_indy3,narendramodi,1
just_indy3,sardesairajdeep,1
just_indy3,tmkrishna,1
justcurious00,sushantsareen,1
justin23448669,indiatvnews,1
justin23448669,narendramodi,1
justnlawless,PramanickKeyur,1
justnlawless,gautam_adani,1
justnlawless,priyankac19,1
jyotiR_Indian,PawarSpeaks,1
jyotiR_Indian,ShriPatilKarad,1
jyotiR_Indian,praful_patel,1
jyotiR_Indian,supriya_sule,1
k_glock17,ThombreMilind,1
k_glock17,elonmusk,1
kaafiuncool,narendramodi,1
kabadi_wala_,AsYouNotWish,1
kabadi_wala_,alfonso46087188,1
kabadi_wala_,yajnadevam,1
kabiraindia,BJP4Maharashtra,1
kabiraindia,OfficialUrmila,1
kaizar_sahil,CricCrazyJohns,1
kaizar_sahil,centris77177711,1
kalaiy,__Arjun__26,1
kallybuddy,RahulGandhi,1
kallybuddy,SupriyaShrinate,1
kamaljeet0255,ANI,1
kamalpreet1,majorgauravarya,1
kanaram55559235,ANI,1
kanhi4568,curious_soul2,1
kannajai,DrSharmila15,1
kannajai,RahulGandhi,3
kannajai,Surya_BornToWin,1
kannajai,jaya2016maha,1
kannan_view,BJP4India,1
kannan_view,narendramodi,1
karanchohan25,OpIndia_com,1
karanchohan25,newbook86,1
karishma__m__,AmitShah,1
karma_k_r,Saudi,1
karma_k_r,SaudiGovernance,1
karma_k_r,TarekFatah,1
karma_k_r,Tejasvi_Surya,1
karma_k_r,UAE,1
karma_k_r,UAEEmbassyUS,1
karma_k_r,UAEmGov,1
karma_k_r,narendramodi,1
karmachanics,bahutbadadanda,1
karmachanics,listen2dil,1
karnaa_____,RVCJ_FB,1
karnshpk,RahulGandhi,1
karnshpk,ZeeNewsHindi,1
karnshpk,narendramodi,1
karnshpk,shefalitiwari7,1
karnshpk,vijyendrajadon,1
karthik_s3,ArvindKejriwal,1
karthik_s3,KanchanGupta,1
karupande09,ANI,1
karupande09,irahultrivedi,1
karupande09,kushalmighty07,1
kaushikshah63,AmitShah,1
kaushikshah63,INCIndia,1
kaushikshah63,RahulGandhi,1
kaushikshah63,kharge,1
kaushikshah63,narendramodi,1
kaushikshah63,ombirlakota,1
kaushikshah63,priyankagandhi,1
kaushikshah63,rashtrapatibhvn,1
kaverikavz,TimesNow,1
kaverikavz,narendramodi,1
kaverison,sujataanandan,1
kavtan2,CityMayorLeic,1
kavtan2,EastClp,1
kavtan2,RealSocialist31,1
kavtan2,sharmen_r,1
keshriprashant,DRDO_India,1
keshriprashant,INCIndia,1
keshriprashant,IndiaToday,1
keshriprashant,RahulGandhi,1
keshriprashant,TimesNow,1
keshriprashant,narendramodi,1
keshriprashant,republic,1
keval2020,theJagmeetSingh,1
khaasaamadmi,Umericawale,1
khaasaamadmi,arunpudur,1
khaasaamadmi,rashmigupta3011,1
khanarif77,LambaAlka,1
khanarif77,SujataIndia1st,1
khanarif77,sambitswaraj,1
kharibol,AmitShah,1
kharwa_vilas,Prime,1
khichdi4u,sowmiyasid,1
khushbo82615997,PMOIndia,1
khushbo82615997,narendramodi,1
kilokhali,AleksandrKallus,1
kilokhali,MikeGillYYC,1
kimutaifinian,shailjapatel,1
kingbadanty1,AamAadmiParty,1
kingbadanty1,ArvindKejriwal,1
kingbadanty1,RahulGandhi,1
kipgen313,TMLH_BJP,1
kislaya2000,jhasushant,1
kitsharma,IndianExpress,1
kitsharma,ambkcsingh,1
kjayaprasad60,PiyushGoyal,3
kjayaprasad60,byadavbjp,3
knikesonmyfeet,bhupendrachaube,1
knikesonmyfeet,narendramodi,1
kooky_skm,bhuwanmelkani90,1
kooky_skm,naveenjindalbjp,1
kowlasarmisir,JamesCleverly,1
kowlasarmisir,Jas_Athwal,1
kowlasarmisir,RedbridgeLive,1
kowlasarmisir,redbridgelabour,1
kpartha,annamalai_k,1
kpartha,karthikgnath,1
kpjadon02,ArvindKejriwal,1
kpjadon02,MehboobaMufti,1
kpjadon02,RahulGandhi,1
kpjadon02,narendramodi,1
kpjadon02,ncbn,1
kpjadon02,yadavakhilesh,1
kpjadon02,yadavtejashwi,1
kr_Suraj07,PoliticalKida,1
kr_Suraj07,myogiadityanath,1
kr_Suraj07,yadavakhilesh,1
krish_IN,INCIndia,1
krish_IN,PMOIndia,1
krish_IN,RahulGandhi,1
krish_IN,ShekharGupta,1
krish_IN,mihirssharma,1
krish_IN,narendramodi,1
krishanofficial,narendramodi,1
krishna2jadhav,amitmalviya,1
krishna2jadhav,narendramodi,1
krishnakant_75,IndiaToday,1
krishnakant_75,nayanikaaa,1
krishnakant_75,sunandavashisht,1
krishnakant_75,tapasya_s,1
kriyakumaravel,AmitShah,1
kriyakumaravel,HRajaBJP,1
kriyakumaravel,RahulGandhi,1
kriyakumaravel,narendramodi,1
krsnakhandelwal,NagarJitendra,1
krunal_990,BhagwantMann,1
krunal_990,CMOPb,1
krushnabhai,RealSwatiS,1
ksvijayabaskar,ProfBabones,1
kulkarniom01,Shubhworldwide,1
kumarSanjeevbos,ArvindKejriwal,1
kumarSanjeevbos,JIX5A,1
kumardurgesh262,narendramodi,2
kumarj9,AmitShah,1
kumarj9,BJP4India,1
kumarj9,JPNadda,1
kumarj9,NikunjGargN,1
kumarj9,PChidambaram_IN,1
kumarj9,RahulGandhi,1
kumarj9,TimesNow,1
kumarj9,bubblebuster26,1
kumarj9,narendramodi,1
kunal_mukadam12,BJP4India,1
kunal_mukadam12,JPNadda,1
kurinjiboy,RShivshankar,1
kurinjiboy,TimesNow,2
kurinjiboy,narendramodi,2
kurinjiboy,navikakumar,1
kusumnb,ActorMadhavan,1
kusumnb,RahulGandhi,1
kusumnb,narendramodi,1
kutty983,AnchorAnandN,1
kutty983,RajeshTamret,1
kutty983,SupriyaShrinate,1
kvlnswamy,narendramodi,1
kw841,PoojaPrasanna4,1
kw841,dhanyarajendran,1
lShivaraj_CH7,narendramodi,1
lakshmiprashan7,BhavikaKapoor5,1
lakshmiprashan7,PradyotManikya,1
lakshmiprashan7,RahulGandhi,2
lakshmiprashan7,Shahid_Faridi_,1
lakshmiprashan7,ShashiTharoor,1
lakshmiprashan7,aroonpurie,2
lakshmiprashan7,geetv79,1
lalboojhakkad,khushsundar,1
lalitgupta942,BJP4India,1
lalitgupta942,RahulGandhi,1
lalitgupta942,narendramodi,1
lalitp_3,RoKhanna,1
lalitp_3,narendramodi,1
lanka_world,palkisu,1
lazy__mongoose,mtiller,1
lazy__mongoose,peterbakernyt,1
lazy__mongoose,pinakadharini,1
leofarhan90,Shahidmasooddr,1
libcrusader,Abhinav00496293,1
libcrusader,BhanuManav,1
libcrusader,puram_politics,1
liberandujivi,nytimes,1
likender,kharge,1
likender,narendramodi,1
livelydk,ANI,1
livelydk,Randhir71808438,1
livingintolight,A_refusenik,1
livingintolight,Kanthan2030,1
livingintolight,ggreenwald,1
livingintolight,mtracey,1
lokeshreddy94,ANI,1
lokeshreddy94,kushal_mehra,1
lokeshreddy94,mysticsrishti,1
lokeshreddy94,ramprasad_c,1
loneWolf1IXIX2,INCIndia,1
loosebool,RoKhanna,1
loosebool,Twitter,1
lopes_naz,ANI,2
lopes_naz,Azadar04,1
lopes_naz,BJP4India,2
lopes_naz,BS1611968,1
lopes_naz,BhavikaKapoor5,1
lopes_naz,Dev_Fadnavis,1
lopes_naz,Enraged_Indian,1
lopes_naz,MeShankara,1
lopes_naz,MrinalKamboj,1
lopes_naz,Paul_Koshy,3
lopes_naz,RahulGandhi,1
lopes_naz,Shehzad_Ind,1
lopes_naz,SirRavishFC,3
lopes_naz,Thecorruptorr,1
lopes_naz,abhisar_sharma,1
lopes_naz,adgpi,2
lopes_naz,cbic_india,1
lopes_naz,iamharmeetK,1
lopes_naz,kharge,1
lopes_naz,mieknathshinde,1
lopes_naz,pbhushan1,1
lubakowalchyk,CavellRandell,1
lubakowalchyk,RosieBarton,1
lubakowalchyk,TheZenOfGavin,1
lvipandit,AmitShah,1
lvipandit,BJP4India,1
lvipandit,JoshiPralhad,1
lvipandit,MSDESkillIndia,1
lvipandit,PiyushGoyal,1
lvipandit,ShivaGopalMish1,1
lvipandit,narendramodi,1
lvipandit,rajnathsingh,1
mYsTiQuEiSbLuE,Kothur1Nachiket,1
mYsTiQuEiSbLuE,SkySportsPL,1
madaddie24,MaithiliMuses,1
madaddie24,RahulGandhi,1
madaddie24,avidhyaa,1
madaddie24,sardesairajdeep,1
madhan_100,Bhavyanmurthy,1
madhavi_rath,naomi2009,1
madhusudan41,ECISVEEP,1
madhusudan41,KrodhiThakur,1
madhusudan41,nc24x7,1
mahadevanrajesh,srinivasiyc,1
mahap,IAF_MCC,1
mahap,PMOIndia,1
mahap,narendramodi,1
maharaj_ishu,ANI,1
maharaj_ishu,Hanuman_Shakti,1
maharaj_ishu,INCChhattisgarh,1
maharaj_ishu,INCRajasthan,1
mairal,CGISFO,1
mairal,EqualityLabs,1
mairal,OopaliOperajita,1
mairal,RoKhanna,1
mairal,dalitdiva,1
major_madhan,RahulGandhi,1
malvikasingh304,PMOIndia,1
malvikasingh304,narendramodi,1
manamuntu,YashNag56617030,1
manan_shah345,YusufDFI,1
manavpatel747,UnSubtleDesi,1
mangoman2014,ArvindKejriwal,1
mani24sjcpl,AmitShah,2
mani24sjcpl,AnthonySald,2
mani24sjcpl,AvijitSinha5,2
mani24sjcpl,BJP4India,4
mani24sjcpl,BJP4Karnataka,1
mani24sjcpl,BSYBJP,1
mani24sjcpl,Bachhawat1957,2
mani24sjcpl,ChandFeku,2
mani24sjcpl,Deep4INC,2
mani24sjcpl,Dev_Fadnavis,1
mani24sjcpl,DickDarryl,2
mani24sjcpl,EmpoweringGoa,2
mani24sjcpl,HAL_India,1
mani24sjcpl,IchbinUjjaini,2
mani24sjcpl,Infosys_nmurthy,1
mani24sjcpl,KPadmaRani1,1
mani24sjcpl,Mahabat99627436,2
mani24sjcpl,ManojM66,2
mani24sjcpl,March69313407,2
mani24sjcpl,NITINKML,1
mani24sjcpl,Nidhi,1
mani24sjcpl,PChidambaram_IN,1
mani24sjcpl,PRADEIDO,2
mani24sjcpl,ParveenKader,2
mani24sjcpl,RSSorg,4
mani24sjcpl,RabiyaAhmed16,2
mani24sjcpl,RahulGandhi,1
mani24sjcpl,RakeshSinha01,2
mani24sjcpl,RanjitOne,2
mani24sjcpl,SreenivasanJain,1
mani24sjcpl,TVMohandasPai,1
mani24sjcpl,Tamil1947,2
mani24sjcpl,aayeff1,2
mani24sjcpl,ajay_369,2
mani24sjcpl,b_k70,2
mani24sjcpl,baluph21,2
mani24sjcpl,dannymit,2
mani24sjcpl,dhanyarajendran,1
mani24sjcpl,dineshgrao,1
mani24sjcpl,geetv79,2
mani24sjcpl,holatombola,1
mani24sjcpl,iamadwoy,2
mani24sjcpl,ikamalhaasan,1
mani24sjcpl,kiranshaw,1
mani24sjcpl,kirti_sd,2
mani24sjcpl,krishpachegonkr,2
mani24sjcpl,kumarakash1110,2
mani24sjcpl,manoharparrikar,2
mani24sjcpl,narendramodi,4
mani24sjcpl,nehasamee11,2
mani24sjcpl,parthagee,2
mani24sjcpl,pbhushan1,3
mani24sjcpl,prakashraaj,1
mani24sjcpl,prameshjain12,3
mani24sjcpl,priyapyadav18,2
mani24sjcpl,rajesingh1,2
mani24sjcpl,rajinikanth,1
mani24sjcpl,rk_misra,1
mani24sjcpl,rkhuria,4
mani24sjcpl,rupagulab,2
mani24sjcpl,sambitswaraj,2
mani24sjcpl,scrapravi,2
mani24sjcpl,sgurumurthy,1
mani24sjcpl,standup2voice4,2
mani24sjcpl,sumanthraman,4
mani24sjcpl,sunltwari,2
mani24sjcpl,t_d_h_nair,1
mani24sjcpl,tarun_k_trivedi,2
mani24sjcpl,viveksreddy9,1
mani24sjcpl,watdehel,2
mani24sjcpl,wiselunatic,2
mani24sjcpl,zules7172,2
manidevi2006,RahulGandhi,1
manidevi2006,drmahendran_r,1
manis_kumar,narendramodi,1
manishksarraf,AamAadmiParty,1
manishksarraf,ArvindKejriwal,1
manishksarraf,OberoiShelly,1
manishksarraf,Saurabh_MLAgk,1
manjanathags123,vijaythottathil,1
mannkmalik,ANNAHAZARE,1
mannkmalik,ArvindKejriwal,1
mannkmalik,msisodia,1
manojkdass64,ChanakyaaTv,1
manojsirsa,narendramodi,1
mansukhpatel181,Shehzad_Ind,1
mantra_sam,palminder1990,1
mantra_sam,theJagmeetSingh,1
manuchaudhari,snsachinnandu,1
marut_123,ClaudiaWebbe,1
marutirnr79,narendramodi,1
maryammahnoor4,Declaracion,1
maryammahnoor4,UNHumanRights,1
maryammahnoor4,hrw,1
maryammahnoor4,mohrpakistan,1
mavisanjeev7,BJP4India,1
mavisanjeev7,RubikaLiyaquat,1
mavisanjeev7,aajtak,1
mavisanjeev7,abpnewstv,1
mavisanjeev7,narendramodi,1
mayankbhartia77,PiyushGoyal,1
mayankbhartia77,narendramodi,1
mayursejpal,AmitShah,2
mayursejpal,BJP4India,2
mayursejpal,INCIndia,1
mayursejpal,RahulGandhi,1
mayursejpal,narendramodi,2
mayursejpal,priyankagandhi,1
mbbs_here,BBCWorld,2
mbbs_here,CNN,2
mbbs_here,s_afreen7,1
md____IS__HERE,BCCI,1
md_mdjahangeer,BCCI,1
md_mdjahangeer,mastercardindia,1
me_mrd,MeghUpdates,1
medi_tej,RVCJ_FB,1
meetwithg,UnSubtleDesi,1
mehtaankitk,gauravbh,1
mei_hoon_teja,NewsArenaIndia,1
mejayvardhan,INCIndia,1
mejayvardhan,narendramodi,1
meme_lord9,ANI,1
meme_lord9,PankajSinghUN,1
meme_lord9,RishiSunak,1
meme_lord9,ranjeetM13,1
meme_lord9,sushantsareen,1
mhdshibily111,BCCI,1
mhdshibily111,IamSanjuSamson,1
michaelbevan555,nytimes,1
mihirwakharkar,ArvindKejriwal,1
mirakyz,NPRWeekend,1
mirakyz,lfrayer,1
mirakyz,narendramodi,1
mirakyz,nprscottsimon,1
mirzaaaamir,ashoswai,1
misbahhafeez,BasuAshis,1
missartola,narendramodi,2
mita_anilkumar,narendramodi,1
mithun1samy,IamSanjuSamson,1
mithun1samy,ShashiTharoor,1
mithun1samy,surya_14kumar,1
mkinthuk,AnshumanSail,1
mlq3,asiasentinel,1
mmohan_52,zoo_bear,1
mnknt1,MahuaMoitra,1
mnknt1,RahulGandhi,1
modifanatics,MumbaichaDon,1
modifanatics,mieknathshinde,1
mohakkhatu,IMA_Indian,1
mohakkhatu,aroonpurie,1
mohakkhatu,s_karkala,1
mohakkhatu,shaandelhite,1
mohandasvasu05,Pawankhera,1
mohandasvasu05,khushsundar,1
mohanla11568199,VivekKumar_IND,1
moi_artiste,SPeitsch,1
moi_artiste,mehdirhasan,1
monkeyshowcrazy,RoobiniSanthosh,1
mpaitweets,gojingamnae,1
mpandeyz,nytimes,1
mr_shantiswarup,manogyaloiwal,1
mrstrange985,FinancialReview,1
mrstrange985,gandu1234_j,1
mrstrange985,mjavinod,1
msptweets10,BCCI,1
mubarak450,AJEnglish,1
mukesh_halari,ANI,1
mukesh_halari,INCIndia,1
mukesh_halari,IndiaToday,1
mukesh_halari,Pawankhera,1
mukesh_halari,QGuy11,1
mukesh_halari,RahulGandhi,1
mukesh_halari,ShashiTharoor,1
mukesh_halari,srinivasiyc,1
mukesh_halari,thekiranbedi,1
mukesheeeb,RahulGandhi,1
mukeshshah06,AamAadmiParty,1
mukeshshah06,ArvindKejriwal,1
mukeshshah06,narendramodi,1
mukunda81758783,ARanganathan72,1
mukunda81758783,RishiSunak,1
murali_Bombay,FltLtAnoopVerma,1
murali_Bombay,indian_online,1
murali_Bombay,prakashraaj,1
musharraf_zahid,SamKhan999,1
my_musings_ind,ToooOpinionated,1
myequity1988,RahulGandhi,1
myequity1988,ikamalhaasan,1
myequity1988,vpraja03,1
nagrikfirst,priyankagandhi,1
nagrikfirst,rahulkanwal,1
nair_rohit,RahulGandhi,1
nameshakehe,ItinerantCamel,1
nameshakehe,stephendziedzic,1
nancy0913dc,RahulGandhi,1
nancy0913dc,narendramodi,1
nancy0913dc,nytimes,1
nannu2087,TajinderBagga,1
narayananembar,narendramodi,1
narayananembar,sumanthraman,1
nareshdubbudu,ShatruganSinha,1
nareshdubbudu,narendramodi,1
nareshpopat,brijdoshi,1
nareshpopat,narendramodi,1
navneetf,Jairam_Ramesh,1
navneetf,RahulGandhi,1
nayan_jat03,Manishajispeaks,1
nayeemy,MailmeHoysala,1
nayeemy,cotees,1
nbdas25,AITCofficial,1
nbdas25,BanglarGorboMB,1
nbdas25,FAM4TMC,1
nbdas25,IndiaWantsMB,1
nbdas25,Jay_Majumdar,1
nbdas25,Prasenj77180709,1
nbdas25,TMC_Supporters,1
neelsavla92,AakashSharma_23,1
neelsavla92,Starboy2079,2
neelsavla92,yesvamsi,1
negihimanshu321,ShashiTharoor,1
negihimanshu321,sandythapar,1
neurosis1979,OmarAbdullah,1
neutralneuter,prakashraaj,1
newprasin,ArvindKejriwal,1
newprasin,erbmjha,1
newslaundry,Somwaghmare,1
nexuspuneet13,narendramodi,1
ni_achar,BSYBJP,1
ni_achar,RaghuBhojaih,1
ni_achar,divyaspandana,1
ni_achar,narendramodi,1
ni_achar,srivatsayb,1
nickybaker51976,DalrympleWill,1
niks_1985,AndColorPockeT,1
nileee9281,INCIndia,1
nirajjournalist,BJP4India,1
nirajjournalist,INCIndia,1
nirupma1403,Swamy39,2
nirupma1403,TimesNow,1
nirupma1403,gauravstvnews,1
nirupma1403,jagdishshetty,2
nirupma1403,mm_0774,1
nirvana74v,BJP4India,1
nirvana74v,Twitter,1
nirvana74v,facebook,1
nirvana74v,narendramodi,1
nirvana74v,sankrant,1
nishaDev1,BJPIndia,1
nishaDev1,DeccanHerald,1
nishaDev1,INCIndia,1
nishaDev1,ProsaicView,2
nishaDev1,aajtak,1
nishaDev1,ajay43,1
nishaDev1,ndtv,1
nishantspine,Indian__doctor,1
nkish0786,epanchjanya,1
nkmec,GabbbarSingh,1
nkmec,Medhavi86753655,1
nkmec,jbelludi,1
nkmec,padpkd,1
nknagesh,KiranKS,1
noidanavigator,RahulGandhi,1
nomadic_singh,iainmarlow,1
nomadsamir11,Pawankhera,1
nomadsamir11,khushsundar,1
nominikhi,srinivasiyc,1
nondensocialist,Sturgeons_Law,1
nope_nope696969,YedaDosa,1
nope_nope696969,nanuramu,1
nope_nope696969,puram_politics,1
nravikumar,KTRBRS,1
nrkrkomal,narendramodi,1
ns200026,DrKumarVishwas,1
nsshree,INCIndia,1
nsurya1408,BJP4India,1
nsurya1408,narendramodi,1
observor123,sujataanandan,1
officialiqbal93,AamAadmiParty,1
officialiqbal93,ArvindKejriwal,1
oja_queen,AmitShah,1
oja_queen,BJP4India,1
oja_queen,narendramodi,1
okkPolitics,ANI,1
okkiedokk,Pawankhera,1
okkiedokk,khushsundar,1
omislam85,AsYouNotWish,1
omislam85,narendramodi,1
ommair3malik,ashoswai,1
onkarbhutada,dhruv_rathee,1
onkarbhutada,iAnkurSingh,1
othergo,republic,1
oye104fm,vivekagnihotri,1
p_kumar09,narendramodi,1
p_stanc,JhaSanjay,1
palakshi_das,AmitShah,1
palakshi_das,GhanakantaChut5,1
palakshi_das,abhishekaitc,1
palakshi_das,ripunbora,1
palakshi_das,rsprasad,1
pallasite99,India_on_move,1
pallasite99,kaushikcbasu,1
pallevenkat3456,KTRBRS,1
pallevenkat3456,narendramodi,1
pallevenkat3456,sidd_sharma01,1
pandeymic,AmitShah,1
pandeymic,BJP4India,1
pandeymic,narendramodi,1
pandya_dakshesh,Enraged_Indian,1
panjabi_kishore,BJP4India,1
panjabi_kishore,INCIndia,1
panjabi_kishore,amitmalviya,1
pankajlf,narendramodi,1
pankajpujari,ArvindKejriwal,1
pankajpujari,bahl65,1
panwarsudhir1,BJP4India,1
panwarsudhir1,IndianExpress,1
panwarsudhir1,MathewLiz,1
panwarsudhir1,narendramodi,1
parakramiyodha,Dalzell60,1
paranjoygt,thewire_in,1
parrydubey,mcshivanisen,1
parthvyas1989,BJP4India,1
parthvyas1989,ImranKhanPTI,1
parthvyas1989,narendramodi,1
pathikmankad,INCIndia,1
pathikmankad,RahulGandhi,1
patil_bhushan,nameshiv,1
patilkrishna245,INCIndia,1
patilkrishna245,RahulGandhi,1
patilkrishna245,capt_amarinder,1
patilkrishna245,narendramodi,1
pattali_makkal,Sankara99725900,1
pattali_makkal,muthuindiradjit,1
pavisiddh,INCIndia,1
pavisiddh,Pawankhera,1
pavisiddh,srinivasiyc,1
pbhardwaj1121,narendramodi,1
pcj2010,ArvindKejriwal,2
pcj2010,Gopal_Italia,1
pcj2010,news24tvchannel,1
peace208208,RajThackeray,1
peanutchikki28,DeepikaBhardwaj,1
peanutchikki28,SDhawan25,1
peerzadamasroor,INCIndia,1
peerzadamasroor,RahulGandhi,1
perspicacite,45LVNancy,1
perspicacite,AmyMek,3
perspicacite,Beard_Vet,1
perspicacite,Bombay_Viking,1
perspicacite,CNN,1
perspicacite,CRRJA5,1
perspicacite,ChuckCallesto,1
perspicacite,DanishMFA,1
perspicacite,DavidWolfe,1
perspicacite,DivaJain2,1
perspicacite,DrLoupis,1
perspicacite,EastMojo,1
perspicacite,EndWokeness,1
perspicacite,FemalesForTrump,1
perspicacite,GPledare,1
perspicacite,GuntherEagleman,1
perspicacite,HJoyceGender,1
perspicacite,HinduAmerican,1
perspicacite,JIPOfficial,1
perspicacite,JamesDelingpole,1
perspicacite,JosepBorrellF,1
perspicacite,JustinTrudeau,1
perspicacite,MaajidNawaz,1
perspicacite,MrSinha_,2
perspicacite,NahBabyNah,1
perspicacite,NitishKumar,1
perspicacite,OlooneyJohn,1
perspicacite,OpIndia_com,1
perspicacite,Pawankhera,1
perspicacite,RanaAyyub,5
perspicacite,ReallySwara,1
perspicacite,Roman_Baber,1
perspicacite,SaharaReporters,1
perspicacite,SiegmundFrei,1
perspicacite,StandingforXX,1
perspicacite,SushantBSinha,1
perspicacite,TheChiefNerd,1
perspicacite,TheThe1776,1
perspicacite,ToscaAusten,1
perspicacite,UltraDane,1
perspicacite,VBhardwaj4444,1
perspicacite,VasH0o,1
perspicacite,b1udad,5
perspicacite,erbmjha,1
perspicacite,garethicke,1
perspicacite,its_the_Dr,1
perspicacite,jihadwatchRS,1
perspicacite,kevinolearytv,1
perspicacite,larsloekke,1
perspicacite,liz_churchill8,1
perspicacite,mattgaetz,1
perspicacite,noconversion,2
perspicacite,sacsahuaman2,1
perspicacite,sahouraxo,1
perspicacite,sardesairajdeep,1
perspicacite,trun191,1
photomessenger,GreatY111,1
photomessenger,GurratanSingh,1
photomessenger,JustinTrudeau,1
photomessenger,Punjabi75231837,1
pintunakrani,narendramodi,1
pjdaddyofficial,narendramodi,1
pk70s,softgrowl,1
pklections,AQTVshow,1
pklections,Abbasshabbir72,1
pklections,Atifrauf79,1
pklections,ImranKhanPTI,1
pklections,ImranRiazKhan,1
pklections,MoeedNj,1
pklections,NikkiHaley,1
pklections,TonyLew48833823,1
pklections,afnanullahkh,1
pklections,akhan4pakistan,1
pklections,amit_kolkur,1
pklections,pmln_org,1
pklections,sohailraja70,1
pkm1999,ReshmiDG,1
pkm1999,megirish2001,1
pkm1999,svaradarajan,1
pkm1999,thewire_in,1
pkmanglik,RahulGandhi,1
pmaliens,AmitShah,1
pmaliens,BJP4India,1
pmaliens,RahulGandhi,1
pmaliens,narendramodi,1
pmaliens,nirmalnaik,1
pmaliens,rahulkanwal,1
pmaliens,vikasbha,1
pointout13,IFTWC,1
pointout13,bloodforthesun,1
politicalpips,narendramodi,1
politics_pussy,JammersMinde,1
politics_pussy,chaosmodemeg,1
politics_pussy,shaun_vids,1
politicsskill,RahulGandhi,1
polkhol_politic,BimaruKumari,2
polkhol_politic,ReddyGives,1
polkhol_politic,prakashraaj,1
polkhol_politic,rashmitha_psv,1
pooravshah75,DilliDurAst,1
pooravshah75,IndiaToday,1
pooravshah75,LotusBharat,1
popcornman1212,mrk445,1
popcornman1212,worldranking_,1
prabudha_d,ANI,1
prabudha_d,BJP,1
prabudha_d,narendramodi,1
pradeep79185835,suhasinih,1
pradeepkunche,BJP4India,1
pradeepkunche,ZeeNews,1
pradeepkunche,narendramodi,1
pradipB27643686,65thakursahab,1
pradipB27643686,INCIndia,1
pradipB27643686,RahulGandhi,1
pradipB27643686,WilfredQuadros1,1
pradipB27643686,adhirrcinc,1
pradipB27643686,ashoswai,1
prafulla_babul,MadhukumarVP1,1
prafulla_babul,astitvam,1
prafulla_babul,narendramodi,1
pragsrats,smritiirani,1
prajob,JohnBrittas,1
prajob,RahulGandhi,1
prakasia,KanchanGupta,1
prakasia,RahulGandhi,1
prashant6252,PiyushGoyal,1
prashant6252,narendramodi,1
prashantsachin,EmilSutovsky,1
prashantsachin,FIDE_chess,1
prashantsachin,PHChess,1
prateekpatro3,AmitShah,1
prateekpatro3,BJP4India,1
prateekpatro3,ChouhanShivraj,1
prateekpatro3,narendramodi,1
prathik65860863,IndiaHistorypic,1
pratikkapadiya,SupriyaShrinate,1
prav_609,narendramodi,1
prav_s4u,IndiaHistorypic,1
praveen00281478,JhaSanjay,1
praveen00281478,archu243,1
praveen00281478,narendramodi,1
praveen60644575,RahulGandhi,1
praveenkhanna78,BDUTT,1
pravi202,AmitShah,1
pravi202,BJP4India,1
pravi202,PMOIndia,1
pravi202,narendramodi,1
pravingandhino1,RahulGandhi,1
pravingandhino1,Sanju_Verma_,1
pravingandhino1,TimesNow,2
pravingandhino1,UnSubtleDesi,1
pravingandhino1,bainjal,1
pravingandhino1,narendramodi,2
pravingandhino1,nsitharaman,1
pravingandhino1,priyankac19,2
pravingandhino1,republic,1
pravingandhino1,sambitswaraj,1
preeetiraghuvan,ArvindKejriwal,1
preethisadasiv,PMOIndia,1
prem__pp,CMOfficeUP,1
prem__pp,PMOIndia,1
prem__pp,myogiadityanath,1
prem__pp,narendramodi,1
prem__pp,rajnathsingh,1
premranjanPR,sidhant,1
primepost_,AamAadmiParty,1
primepost_,AamAadmiPartyJK,1
priusiy,HinduAmericans,1
priyank88183099,kdhanjal12,1
priyank88183099,manpreetj13,1
priyank88183099,rana1sonu,1
pronami007,kuldip09kuldip,1
proudindiannnn1,jutekap,1
proudindiannnn1,rishibagree,1
proudindiannnn1,vihinsagar,1
psonpal,ANI,1
psychiatrycal,bhak_sala,1
ptrkarthikeyan,INCIndia,1
ptrkarthikeyan,RahulGandhi,1
publicissues121,DrSJaishankar,1
publicissues121,IndiaToday,1
publicissues121,KirenRijiju,1
publicissues121,TheLallantop,1
publicissues121,htTweets,1
publicissues121,narendramodi,1
puchhappady82,BJP4India,1
puchhappady82,BJPKarITCell,1
puchhappady82,MUKUNDAckpura,1
puchhappady82,RSSorg,1
puchhappady82,Sahakar_Bharati,1
puchhappady82,narendramodi,1
puchhappady82,rajeshpadmar,1
punch_des,AASI_Amsha,1
punch_des,AmareanSeraph,1
punch_des,Champion_khorne,1
puneet705,narendramodi,1
punt1151,SPrabhaker,1
puritanist1,thakkar_sameet,1
purushotham_d,DefenceMinIndia,1
purushotham_d,narendramodi,1
pvnr1977,smitaprakash,1
qaisershaami,narendramodi,1
qaisershaami,pinakchakrvarty,1
qaisershaami,suhasinih,1
r04han,ArnazHathiram,1
r04han,JhaSanjay,1
r04han,Mnomics_,1
r04han,MyFellowIndians,1
r04han,RahulGandhi,1
r04han,Subytweets,1
r04han,inquestioner,1
r04han,narendramodi,2
r04han,neo_pac,1
r04han,sanjayuvacha,1
r04han,sonu1mohanty,1
r11_ash,BJP4India,1
r11_ash,PMOIndia,1
r11_ash,narendramodi,1
rabhrakha,RepRoKhanna,1
rabimikuna,ShatruganSinha,1
radiantworld05,narendramodi,1
rafiIndian15,Anilsairaj_BJP,1
rafiIndian15,KTRBRS,1
rafiIndian15,War_Ramm,1
raghuveer1RAM,narendramodi,1
rahgup5,RoKhanna,1
rahulkumarktr,ShahnawazBJP,1
rahulkumarktr,narendramodi,1
rahulvatsa,INCIndia,1
rahulvatsa,RahulGandhi,1
rahulvatsa,narendramodi,1
rahulwason1,ZeeNews,1
raisrikar,CBShukla3,1
raisrikar,Sarassada,1
raisrikar,sujataanandan,1
raj20703,srinivasiyc,1
raj301120rahul,BJP4India,1
raj301120rahul,PMOIndia,1
raj301120rahul,narendramodi,1
rajRKpandey,BJP4India,1
rajRKpandey,INCIndia,1
rajRKpandey,KnottyCommander,1
rajRKpandey,PawarSpeaks,1
rajRKpandey,Shruthi26342848,1
raja_funtoosh,ANINewsUP,1
raja_funtoosh,PMOIndia,1
raja_funtoosh,SwachhBharatGov,1
raja_funtoosh,myogiadityanath,1
raja_funtoosh,narendramodi,1
raja_funtoosh,swachhbharat,1
rajabhi123,RahulGandhi,1
rajabhi123,ndtv,1
rajanshdeep,Rupinder_Kaur86,1
rajanshdeep,basra_gurleen,1
rajashreevalder,AmitShah,1
rajashreevalder,DeputyPM_Canada,1
rajashreevalder,PMOIndia,1
rajashreevalder,RahulGandhi,1
rajeetdel,BJP4India,1
rajemanoj,Anand_Dasa88,1
rajeshNworld,BJP4India,1
rajeshNworld,PandaJay,1
rajeshNworld,narendramodi,1
rajeshboi51,BBCHindi,1
rajeshboi51,BoltaHindustan,1
rajeshboi51,Simply_Krishna,1
rajeshboi51,SupriyaShrinate,1
rajeshjjoshi1,tavleen_singh,1
rajeshlele,IndiaExplained,1
rajhanse2,RoflGandhi_,1
rajit77,Swamy39,1
rajkumar23220,SupriyaShrinate,1
rajkumar23220,priyankagandhi,1
rajneeshv74,BCCI,1
rajneeshv74,ImRo45,1
rajneeshv74,imVkohli,1
rajsekhar93,ANI,1
rajsekhar93,ani_digital,1
rajurai77,RohiniAcharya2,1
rakesh_dhody,Bharadwaj2004,1
ram_kannur,the_hindu,1
ramanjokhakar,htTweets,1
ramanjokhakar,monikahalan,1
rameshketweet,IdrisGandhi,1
rameshmm3,Tejasvi_Surya,1
rameshmm3,narendramodi,1
rameshsinha037,Mukeshambani_9,1
rammohanpsumeru,PriyankKharge,1
rammohanpsumeru,RahulGandhi,1
ranaharish14,Qamarcheema,1
ranajig,20bizmen,1
ranajig,ASHWIN_MADALIYA,1
ranajig,AnandBadkul,1
ranajig,AnthonySald,1
ranajig,AvijitSinha5,1
ranajig,AvinashGowds,1
ranajig,BJP4India,1
ranajig,DEBKANCHAN,1
ranajig,Deep4INC,1
ranajig,DickDarryl,1
ranajig,DrPawan_Gupta,1
ranajig,INCIndia,1
ranajig,Jai_Maharaj_,1
ranajig,Khushal26378475,1
ranajig,ManojM66,1
ranajig,NARESHRMEHTA,1
ranajig,NagendraRs,1
ranajig,PandeIndira,1
ranajig,ProsaicView,1
ranajig,Puneetvizh,1
ranajig,RanjitOne,2
ranajig,Samyuktha1908,1
ranajig,Shehzad_Ind,1
ranajig,South_Indians,1
ranajig,TajinderBagga,1
ranajig,VazeIndian,1
ranajig,WuntakalL,1
ranajig,anup071254,1
ranajig,b_k70,1
ranajig,bharatk8,1
ranajig,bka_bk,1
ranajig,henryaustin0,1
ranajig,joehandsome79,1
ranajig,kukk44,1
ranajig,lets_say_truth,1
ranajig,mcavoyed2,1
ranajig,narendramodi,1
ranajig,nehasamee11,1
ranajig,pkjmys,1
ranajig,pragnik,1
ranajig,priyapyadav18,1
ranajig,satindra21,1
ranajig,saxenasan,1
ranajig,scrapravi,1
ranajig,sudhirkaveri,1
ranajig,sweposten,1
ranajig,udaybhat1954gm2,1
ranajig,watdehel,1
ranajig,yusufiosys,1
randomqwerm,IndianTechGuide,1
randomqwerm,cool0154,1
ranjeetspecial,narendramodi,1
ranjeetspecial,smitaprakash,1
ranjithhs,ARanganathan72,1
rashivtripathi,Indian_Analyzer,1
rationalhindu11,RahulGandhi,1
rationalhindu11,SupriyaShrinate,1
ravi_chander,BHKspeaks,1
ravi_chander,Coromandel12841,1
ravi_chander,elonmusk,1
ravi_chander,surnell,1
ravipolara,narendramodi,2
ravisheoran,BJP4India,1
ravisheoran,PMOIndia,1
ravisheoran,narendramodi,1
raymeem,AmyMek,1
rbhargav23,RVCJ_FB,1
rdalwale,JPNadda,1
rdalwale,RahulGandhi,1
reachandy2000,BSNLCorporate,1
reachandy2000,DoT_India,1
reachandy2000,IndiaPostOffice,1
reachandy2000,MTNLOfficial,1
reachandy2000,VodafoneGroup,1
reachandy2000,VodafoneIN,1
reachandy2000,manojsinhabjp,1
reachandy2000,narendramodi,1
readobit,OfficeOfKNath,1
readobit,ashokgehlot51,1
readobit,narendramodi,1
realnitinarora,ANI,1
reasoning2016,ProfBabones,1
researchboy5,Indian_Analyzer,1
researchboy5,zoo_bear,1
resolutesurya,RahulGandhi,1
resolutesurya,ikamalhaasan,1
return_to_hades,TheCharmedGenie,1
rgusharmav,vivekagnihotri,1
rideup88,OfficialDGISPR,1
rimreaper0,CharlotteFLit,1
rimreaper0,maxtempers,1
rishishaguna,ANI,1
rishishaguna,MrsGandhi,1
rishishaguna,Singh2639,1
rishishaguna,theskindoctor13,1
ritikasuper,BBCHindi,1
rittocentre,kakar_harsha,1
riz110syed,SamKhan999,1
rizardsaji,draramadoss,1
rizardsaji,narayanantbjp,1
rkmarar9,thewire_in,1
rksingh1610,RahulGandhi,1
rksingh1610,YouTube,1
rmpgujju,narendramodi,1
rmpgujju,ndtv,1
rocky_coool,ABPNews,1
rocky_coool,NewsNationTV,1
rocky_coool,narendramodi,1
rodsharma109,INCIndia,1
rodsharma109,priyankagandhi,1
roegreeen,ArvindKejriwal,1
rohiit_jain,sadhavi,1
rohimuddin19,AmitLeliSlayer,1
rohit1982adi,Karanpartap01,1
rohitabrol,RahulGandhi,1
rohitabrol,raghav_chadha,1
rohitkrgupta,samirkapoor1971,1
rohitprashar14,sambitswaraj,1
rohitsaharan20,INCIndia,1
rohitsaharan20,priyankagandhi,1
roofalicious,kharge,1
roop_lekha,RahulGandhi,1
roop_lekha,news24tvchannel,1
roshanishenazz,Dev_Fadnavis,1
roshanishenazz,narendramodi,1
roshanishenazz,smritiirani,1
roteIndischer,INCKerala,1
roukhashlom,TradCaliph,1
roverrinks,INCKerala,1
roverrinks,LavanyaBallal,1
roverrinks,Pawankhera,1
roverrinks,RURALINDIA,1
roverrinks,SpiritOfCongres,1
roverrinks,Subytweets,1
roverrinks,TowardsLiberti,1
roverrinks,geetv79,1
roverrinks,srivatsayb,1
roverrinks,vijaythottathil,1
rrban014,X_XIX_VIII,1
rrban014,tractor_jeet,1
rscIndian,ANI,1
ruchikarana97,narendramodi,1
ruchindira,RahulGandhi,1
s_kumar678,TanDhesi,1
sa8ypr,BSP4India,1
sa8ypr,Mayawati,1
sabusijo,RahulGandhi,1
sachin_kamte,INCIndia,1
sachin_kamte,INCKarnataka,1
sachin_kamte,RahulGandhi,1
sachinc39435150,RahulGandhi,1
sachinc39435150,SupriyaShrinate,1
sachinsoliya,ArvindKejriwal,1
safsuf16,ImranKhanPTI,5
safsuf16,POTUS,1
safsuf16,SecBlinken,1
safsuf16,UN_HRC,1
safsuf16,VP,1
safsuf16,antonioguterres,1
safsuf16,hrw,1
sagorika_s,Dalzell60,1
sahiladya6993,TajinderBagga,1
sahilsk666,RISHABHA2Y,1
saikrishna2444,KTRBRS,1
saikrishna2444,RajivRanjanJDU,1
saikrishna2444,TRBRajaa,1
saikrishna2444,hd_kumaraswamy,1
saikrishna2444,isai_,1
saikrishna2444,pbhushan1,1
saikrishna2444,pradeepraiindia,1
saikrishna2444,prakashraaj,1
saikrishna2444,rajeevgowda,1
saikrishna2444,ysathishreddy,1
saikrishna2444,zoo_bear,1
sailpikd,RenukaCCongress,1
sajik_krishnan,ShashiTharoor,1
saket71,lpolgreen,1
saket71,nytimes,1
samavi2707,ArvindKejriwal,1
samavi2707,alok_bhatt,1
sameerbhuyan1,SushmaSwaraj,1
sameerbhuyan1,narendramodi,1
sammoosvi,news24tvchannel,1
sammoosvi,rajnathsingh,1
sampigelawyer,INCShauryaveer,1
sampigelawyer,MMuffasir,1
sampigelawyer,RahulGandhi,1
sampigelawyer,TimesNow,1
sampigelawyer,kcvenugopalmp,1
sampigelawyer,narendramodi,1
sampigelawyer,nytimes,2
sampigelawyer,prajavani,1
sampigelawyer,prakashraaj,1
sampigelawyer,siddaramaiah,1
samreddii,AmitShahOffice,1
samreddii,Anirban_AITC,1
samreddii,derekobrienmp,1
samreddii,narendramodi,1
samyanika,IndiaToday,1
sanatanitweets,rammadhavbjp,1
sandeep73232326,Ravisutanjani,1
sangene4life,richaanirudh,1
sanischarey,sanjeevuprety,1
sanjeev69379106,WeekendInvestng,1
sanjeevhapur,ANI,1
sanjeevhapur,AmitShah,1
sanjeevhapur,BJP4India,1
sanjeevhapur,RahulGandhi,1
sanjeevhapur,narendramodi,1
sanjeevoak,JahnaviJain_,1
sanjeevoak,narendramodi,1
sanjitneer,VishalDadlani,1
sanjukta,ECISVEEP,1
sanjukta,IndiaToday,1
sanjukta,RahulGandhi,2
sanjukta,akshaykumar,1
sankartweets,RahulGandhi,1
sankartweets,Sarvan62728374,1
sanvai,FinancialXpress,1
saqib_hameed46,ImranKhanPTI,1
saqib_hameed46,narendramodi,1
saqib_hameed46,priyagupta999,1
sareenamar,Mayawati,1
sareenamar,RahulGandhi,1
sareenamar,jayantrld,1
sareenamar,shahid_siddiqui,1
sarkarsantosh,RahulGandhi,1
sarthakjindal7,narendramodi,1
sashikarmwar,Enraged_Indian,1
satapur,BJP4India,1
satapur,ChampaiSoren,1
satapur,DeepalTrevedie,1
satapur,DeepikaSRajawat,1
satapur,KTRBRS,1
satapur,KibaVenisha,1
satapur,LambaAlka,1
satapur,ProfBabones,1
satapur,RahulGandhi,1
satapur,SheetalPronamo,1
satapur,SpiritOfCongres,1
satapur,SupriyaShrinate,1
satapur,SyedHazeena,1
satapur,U2Brutus_off,1
satapur,amitmalviya,1
satapur,chinmoyee5,1
satapur,follow_amj,1
satapur,prakashraaj,1
satapur,rohini_sgh,1
satapur,sagarikaghose,1
satapur,sakshijoshii,1
satapur,ysathishreddy,1
satapur,zoo_bear,1
satish_peri,bidishapsgs,1
satish_peri,rupen_chowdhury,1
satishchits,ExSecular,1
satishpkpk,AamAadmiParty,1
satishpkpk,ArvindKejriwal,1
satya_cal,BJP4India,1
satya_cal,narendramodi,1
satyaa73,AsYouNotWish,1
satyaa73,Bibhu180,1
satyaa73,narendramodi,1
satyaagrahindia,RishiSunak,1
saurabh53234732,RahulGandhi,1
saurabh_7766,Ha1d3r1,1
saurabh_7766,Himanshu_Hims22,1
saurabh_7766,_FaridKhan,1
saurabh_deb,RahulGandhi,1
saurabh_deb,raghav_chadha,1
saurabhaman5551,Gentleman2109,1
saurabhaman5551,Mehboobp1,1
saurabhaman5551,RoKhanna,1
saurabhaman5551,aertherks,1
saurabhaman5551,narendramodi,1
saurabhaman5551,ramprasad_c,1
savemyindian,pbhushan1,1
sawarn_ayush,BJPLive,1
sawarn_ayush,INCIndia,1
sawarn_ayush,RahulGandhi,1
saxearv,kharge,1
saying_as_it_is,RahulGandhi,1
saying_as_it_is,kunalkamra88,1
saysomethingne1,RahulGandhi,1
saysomethingne1,raghav_chadha,1
sbajpai2811,narendramodi,1
sbparekh,RahulGandhi,1
sbparekh,SoniaGandhi_FC,1
sbparekh,priyankagandhi,1
scshenoy,BJP4India,1
scshenoy,PoulomiMSaha,1
scshenoy,ShatruganSinha,1
scshenoy,danielisrael001,1
scshenoy,dreamgirlhema,1
scshenoy,narendramodi,1
seemay,thewire_in,1
senthilrajbabu,Swamy39,1
senthilrajbabu,nitin_gadkari,1
shadow_bann3d,RoKhanna,1
shadow_bann3d,narendramodi,1
shagil_,narendramodi,1
shahabkhanamu,aajtak,1
shahabkhanamu,abpnewstv,1
shahnawazknit,PiyushGoyal,1
shahsuneel,BJP4India,1
shahsuneel,DKShivakumar,1
shahsuneel,RahulGandhi,1
shahsuneel,siddaramaiah,1
shahtd,SpiritOfCongres,1
shaikhirfan177,CricCrazyJohns,1
shaikhirfan177,weeb_ams,1
shailen33150087,RahulGandhi,1
shailen33150087,timesofindia,1
shailkothari,SpiritOfCongres,1
shailkothari,khushsundar,1
shamimmandal,ANI,1
sharan_Gi11,IndiaToday,1
sharan_Gi11,loveenatandon,1
sharan_Gi11,rajeevdelhi09,1
sharathkalpada1,MumukshuSavitri,1
sharathkondle,zahacktanvir,1
sharathmsharma,INCIndia,1
sharathmsharma,INCKarnataka,1
sharathmsharma,IYC,1
sharavanan_rp,SreeIyer1,1
sharavanan_rp,Swamy39,1
sharavanan_rp,homam108,1
sharavanan_rp,vhsindia,1
sharma_tsa,MrSinha_,1
shashikanthtad1,vivekagnihotri,1
sheharbeen,OmarAbdullah,1
shenoyganeshs,BJP4India,1
shenoyganeshs,BJYM,1
shenoyganeshs,bjpsamvad,1
shenoyganeshs,narendramodi,1
shettysuhasa,tufailelif,1
shettyuk0022,EconomicTimes,1
shettyuk0022,narendramodi,1
shivam_suthar7,narendramodi,1
shivamsverma,AmitShah,1
shivamsverma,Swamy39,1
shivamsverma,narendramodi,1
shivamsverma,rajnathsingh,1
shivasutosh,nytimes,1
shivwas,samar11,1
shreekanthv,narendramodi,1
shreerokz,Veera284,1
shrikantalat,waglenikhil,1
shrisha_uchil,ANI,1
shrisha_uchil,RanvirShorey,1
shruti0112,PMOIndia,1
shruti0112,RajThackeray,1
shruti0112,electionco,1
shruti0112,narendramodi,1
shruti0112,sardesairajdeep,1
shub_lakku,AnushkaSharma,1
shub_lakku,IIM_Calcutta,1
shub_lakku,IIM_Rohtak,1
shub_lakku,aliaa08,1
shub_lakku,deepikapadukone,1
shub_lakku,iimahmedabad100,1
shub_lakku,narendramodi,1
shubha42566820,ANI,1
shubhamr528,BJP4India,1
shubhamr528,narendramodi,1
shudhansu14,RahulGandhi,1
shudhansu14,narendramodi,1
shudravani,RanaAyyub,1
shukla19961,Tejasvi_Surya,1
shukla19961,narendramodi,1
siddcoin108,RebelNewsOnline,1
siddd9798,Tejasvi_Surya,1
siddd9798,annamalai_k,1
siddd9798,sdr_since_1997,1
siddharthsuneja,KiritvshahV,1
siddharthsuneja,Sathish25101971,1
siddharthsuneja,hadassahbathula,1
siddharthsuneja,prakashraaj,1
siddhuMtp,narendramodi,1
silvastarKO,AlexWEllis,1
silvastarKO,BobBlackman,1
silvastarKO,CJBdingo25,1
silvastarKO,FISI_UK,1
silvastarKO,HCI_London,1
silvastarKO,RamiRanger,1
silvastarKO,abhishekjha157,1
silvastarKO,arpitvijay90,1
singhamit171,GabbbarSingh,1
singhraushan50,Paurushgupta_,1
six4669201,ahindu_,1
sixsigma896,AminaaKausar,1
sixsigma896,INCIndia,1
sk0702,BBCHindi,1
sk18349,SreeIyer1,1
sk18349,Swamy39,1
sk18349,homam108,1
sk18349,sharavanan_rp,1
sk18349,sridhar_b83,1
sk18349,vhsindia,1
sk_lakhawat,kajal_jaihind,1
skilledimmigrn,BJP4India,1
skilledimmigrn,MeghUpdates,1
skilledimmigrn,RahulGandhi,1
skilledimmigrn,narendramodi,1
skpoliticalview,RahulGandhi,1
skpoliticalview,anandmahindra,1
skpoliticalview,narendramodi,1
sksathwik,postpunksoldat,1
skshukla01INC,BJP4India,1
skshukla01INC,INCIndia,1
skshukla01INC,RahulGandhi,1
skshukla01INC,ShashiTharoor,1
skshukla01INC,narendramodi,1
skstrend,narendramodi,1
sky123bk,RahulGandhi,1
slakhi00,RightWinger4U,1
slakhi00,anushakunmittal,1
slakhi00,news24tvchannel,1
slmehra,BJP4India,1
slmehra,INCIndia,1
sm_pf,tinucherian,1
smalltownwaala,abpnewstv,1
smart94962010,RoKhanna,1
smartrandhawa,IndiaToday,1
smartrandhawa,gauravcsawant,1
smartrandhawa,sudhirchaudhary,1
smitadeshmukh,narendramodi,1
smsaifhaider,narendramodi,1
smt384,narendramodi,1
smt384,netanyahu,1
socialmedia5130,dhume,1
sohalamarsingh,adilhossain,1
sohalamarsingh,azimpremjiuniv,1
sohalamarsingh,vanyavaidehi,1
somilagrawal,an_tyagi,1
somnath_jsr,BCCI,1
somnath_jsr,IamSanjuSamson,1
somnath_jsr,rajasthanroyals,1
somvanshi001,RahulGandhi,1
somvanshi001,narendramodi,1
sonalid23580638,narendramodi,1
soodak25,SupriyaShrinate,1
sorkaridorkar,RemaNagarajan,1
sorkaridorkar,sujakrao,1
soulshivaa06,ArvindKejriwal,1
soulshivaa06,ModiBharosa,1
southfltakes,jacks_politics,1
sovividyadharan,NewIndianXpress,1
sovividyadharan,narendramodi,1
speaktruth04202,AOC,1
speaktruth04202,IlhanMN,1
speaktruth04202,RashidaTlaib,1
spksalem2,ADMKofficial,1
spksalem2,AdvSurulirajan,1
spksalem2,EPSTamilNadu,1
spksalem2,Sakti_Ilangovan,1
spksalem2,annamalai_k,1
sprasad0047,ArvindKejriwal,1
spsinghveteran,ArvindKejriwal,1
spsinghveteran,RahulGandhi,1
spsinghveteran,yadavtejashwi,1
spuriousme,AdyAl08,1
spuriousme,GovindKeshav9,1
spuriousme,HarshGeorge1,1
spuriousme,NotSooRanDomGuy,1
spuriousme,RahulGandhi,1
spuriousme,nanda_pradeip,1
spuriousme,nytimes,1
squarepeg97,niiravmodi,1
sreenshri,RahulGandhi,1
sreenshri,priyankagandhi,1
sreevs_,smritiirani,1
sri_demosthenes,bidonkules,1
srianuhem,ArvindKejriwal,1
srianuhem,SanjayAzadSln,1
srikanthpanda17,AAPPunjab,1
srikanthpanda17,officeofssbadal,1
srinivas_arya03,narendramodi,1
srinivas_shaz,AmitShah,1
srinivas_shaz,PTI_News,1
srinivas_shaz,adhirrcinc,1
srinivas_shaz,narendramodi,1
sriramprasann15,SarahLGates1,1
sritrader,narendramodi,1
srivastavanihit,RahulGandhi,1
srivastavanihit,ReallySwara,1
srkShivangi,AamAadmiParty,1
srkShivangi,ArvindKejriwal,1
srkShivangi,Saurabh_MLAgk,1
srkfan_sai,narendramodi,1
ss00055000,BellamSwathi,1
ss00055000,SiddharthSing64,1
ss96990,RoKhanna,1
ssjoshssjosh,AamAadmiParty,1
ssjoshssjosh,AmitShah,1
ssjoshssjosh,BJP4Goa,1
ssjoshssjosh,BJP4India,1
ssjoshssjosh,GoaFront,1
ssjoshssjosh,GoaLivelihoods,1
ssjoshssjosh,Goaforwardparty,1
ssjoshssjosh,INCGoa,1
ssjoshssjosh,My_Goa_,1
ssjoshssjosh,PMOIndia,1
ssjoshssjosh,ShivSena,1
ssjoshssjosh,mygovindia,1
ssjoshssjosh,narendramodi,1
ssmbmovie,GauthamMachaiah,1
ssmbmovie,Harish_7777,1
stanleyabraha15,Civilerbala1979,1
stanleyabraha15,TamilRatsaschi,1
stanleyabraha15,thenisiraj,1
stevereports,narendramodi,1
stfu_rocky,AmitShah,1
stfu_rocky,SushmaSwaraj,1
stfu_rocky,narendramodi,1
stfu_rocky,rajnathsingh,1
stonedsisyphus,omarali50,1
stonedsisyphus,randomvichar,1
stubsan,ANI,1
stubsan,ani_digital,1
stubsan,narendramodi,1
stustin,a_picazo,1
subhankar_cong,Jairam_Ramesh,1
subhankar_cong,NasirHussainINC,1
subhankar_cong,RahulGandhi,1
subhankar_cong,kharge,1
subhankar_cong,pranavINC,1
subhinav16,ramanmann1974,1
subratforgiven,akruwala,1
sudeepj21,SanUvacha,1
sudeepj21,zPopzz,1
sudeepraaz,Nene_Indian,1
sudeepraaz,kanth_manikanth,1
sudeshk26267892,RahulGandhi,1
sudharaghupathy,vivekagnihotri,1
sudhiraggarwa19,myogiadityanath,1
sudigowda,BJPKarnataka,1
sudigowda,BSYBJP,1
sudigowda,narendramodi,1
sudu_kl14,IndiaHistorypic,1
sudzz71,ghazalawahab,1
sudzz71,guftagu99,1
sufivyas,INCIndia,1
sufivyas,IndiaToday,1
sufivyas,LokSabhaSectt,1
sufivyas,RahulGandhi,1
sufivyas,Rahulshrivstv,1
suhailmcom,rajshamani,1
suhasbaliga,lpolgreen,1
sujakrao,RemaNagarajan,1
suketugaglani,narendramodi,1
sukh_j_14,DesiQuarterz,1
sukh_j_14,KanganaTeam,1
sukh_j_14,diljitdosanjh,1
sumanpani,BJP4India,1
sumanpani,BJP4Odisha,1
sumanpani,PandaJay,1
sumanpani,dpradhanbjp,1
sumanpani,narendramodi,1
sumit81says,BJP4India,1
sumit81says,arunjaitley,1
sumit81says,narendramodi,1
sumitbehl,AmitShah,1
sumitbehl,BJP4India,1
sumitbehl,TajinderBagga,1
sumitbehl,YRDeshmukh,1
sumitbehl,amitmalviya,1
sumitbehl,dr_maheshsharma,1
sumitbehl,mvmeet,1
sumitbehl,myogiadityanath,1
sumitbehl,narendramodi,1
sumitbehl,nitin_gadkari,1
sun_usind,JhaSanjay,1
sunilk1996,amitmalviya,1
sunilverma12300,PM,1
sunitchatz,ANI,1
sunny_kaiwartya,Reuters,1
sunnyburmanind,AamAdamiParty,1
sunnyburmanind,ArvindKejriwal,1
sunnyburmanind,BJP4India,1
sunnyburmanind,INCIndia,1
sunnyburmanind,SanjayAzadSln,1
sunnyburmanind,priyankagandhi,1
super378,OnlyTRS,1
super378,ncbn,1
superstar_srini,BJP4India,1
superstar_srini,INCIndia,1
superstar_srini,RahulGandhi,1
superstar_srini,khushsundar,1
surender19601,ANI,1
surendra_saladi,AmitShah,1
surendra_saladi,BCCI,1
surendra_saladi,CricCrazyJohns,1
surendra_saladi,_FaridKhan,1
surendra_saladi,mufaddal_vohra,1
surendra_saladi,narendramodi,1
suresh15021941,narendramodi,2
suresh15021941,news24tvchannel,1
sureshmoorthy09,ProfBabones,1
sureshsamani,ANI,1
sureshverma13,ndtvindia,1
sureshvojjolla1,BRSparty,1
sureshvojjolla1,KTRBRS,1
sureshvojjolla1,RahulGandhi,1
sureshvojjolla1,srk7263,1
surgamc,SpiritOfCongres,1
surgamc,khushsundar,1
suryaSingh9121,ShashiTharoor,1
sushilkedia,ShashiTharoor,1
suvendr02325211,INCIndia,1
suvendr02325211,RahulGandhi,1
suvendu143,RahulGandhi,1
suvendu143,iammdmoquim,1
svaradarajan,thewire_in,1
svdvizag,Nene_Indian,1
svenkataraman5,AaronMathewINC,1
swamy_susu,Pamphlet_in,1
swamy_susu,RoKhanna,1
swamybhakthan,jothishnair1010,1
swapnil_waghule,PRATIK81101888,1
swapnil_waghule,PiyushGoyal,1
swapnil_waghule,Satyasheel11,1
swapnil_waghule,Swamy39,1
swapnil_waghule,narendramodi,1
swapnil_waghule,nitin_gadkari,1
syal_mr,theJagmeetSingh,1
syed_monish,PiyushGoyal,1
syed_monish,narendramodi,1
t4v2a2,rupasubramanya,1
t4v2a2,theJagmeetSingh,1
tabrazbaloch,Fawad__Ahmed,1
tabrazbaloch,chiroisfunny,1
tabrazbaloch,rationale_voice,1
taefamansoora,zoo_bear,1
talhaahmad1999,Marwat_Sahab,1
talksbyakash,Brutu24,1
tamilnaadulive,narendramodi,1
tanuj_khatri,RahulGandhi,1
tanuj_khatri,narendramodi,1
tanxbis,AamAadmiParty,1
tanxbis,ArvindKejriwal,1
tanxbis,ndtv,1
tarezameenpe,DalitChef,1
tarezameenpe,Profdilipmandal,1
tarezameenpe,im_abhi_s,1
tarundhawan46,aajtak,1
tarunrai85,aajtak,1
tarunrai85,nehabatham03,1
tarunrai85,sambitswaraj,1
tdeepak531,AamAadmiParty,1
teejay_tweets,ShrrinG,1
tejassrin,samanth_s,1
tejpeer,sunandavashisht,1
tenor2002gmail,ANI,1
tfarcdrow,ANI,1
tfarcdrow,AnupamPKher,1
tfarcdrow,ananya_goenka,1
tfarcdrow,narendramodi,2
thaiyaan,PUTHYGAMES,1
thanikaivel2,PTI_News,1
the_newsmen,INCIndia,1
the_newsmen,RahulGandhi,1
the_newsmen,sambitswaraj,1
thearkitekct,jothishnair1010,1
theblrean,BJP4TamilNadu,1
theblrean,INCIndia,1
theblrean,RahulGandhi,1
theblrean,annamalai_k,1
theblrean,khushsundar,1
thecaravanindia,Akshayamukul,1
thefinalmiracle,PMOIndia,1
thefinalmiracle,narendramodi,1
theinfluencerst,BoltaHindustan,1
thelifeofsagar,RajatSharmaLive,1
thelifeofsagar,narendramodi,1
thepratikwadhwa,dhruv_rathee,1
thepratikwadhwa,kunalkamra88,1
thepratikwadhwa,narendramodi,1
thepratikwadhwa,sardesairajdeep,1
theshivarmy,Monster97531,1
theshivarmy,mnsadhikrut,1
theshivarmy,mnsreport9,1
thetribunechd,narendramodi,1
thisis_drgsp,Pawankhera,1
thtsmejustsayin,alok_ajay,1
thumunani,shahid_siddiqui,1
timesofindia,narendramodi,1
tinadave22,ru17maa,1
tinadave22,thebritishhindu,1
tjt4002,narendramodi,1
tkramanathan,nytimes,1
tomar_vik,narendramodi,1
torquewater,ArvindKejriwal,1
torquewater,indian_nagrik,1
trabaajo,AmitShah,1
trabaajo,BJP4India,1
trabaajo,INCIndia,1
trabaajo,PMOIndia,1
trabaajo,RahulGandhi,1
trabaajo,narendramodi,1
trabaajo,sureshpprabhu,1
trabaajo,trabaajo,1
traumatizerr,BJP4India,1
traumatizerr,narendramodi,1
travelnexplor,PChidambaram_IN,1
travelnexplor,the_hindu,1
trendtrader3333,DVSBJP,1
trendtrader3333,PMOIndia,1
trendtrader3333,narendramodi,1
trsriniwas,ProfBabones,1
tufail_2510,vivekagnihotri,1
tusharj79525722,pravchak,1
tuvter,indian_nagrik,1
tweetashsharma,RoKhanna,1
tweetashsharma,narendramodi,1
tweeterwagon,8adrov,1
twitvishy,ArvindKejriwal,1
twitvishy,abpnewstv,1
twitvishy,narendramodi,1
twstopsfreespch,_sabahgurmat,1
tyagibirjesh30,ANI,1
tyagibirjesh30,SaffronQueen_,1
uZruuDohin5gTKW,puram_politics,1
uaparikh,sakshijoshii,1
uday3393,JhaSanjay,1
udrane,Rohit_Shankster,1
udrane,ShivAroor,1
udrane,lalitkjha,1
umakantsingh_IN,MamataOfficial,1
umakantsingh_IN,NitishKumar,1
umakantsingh_IN,rashtrapatibhvn,1
umeshrsingh,pbhushan1,1
uniqprabhat,BJP4India,1
uniqprabhat,PMOIndia,1
uniqprabhat,SushmaSwaraj,1
uniqprabhat,myogiadityanath,1
uniqprabhat,narendramodi,1
unofficialO07,nytimes,1
upadhyayajay5,narendramodi,1
use_to_be_alive,EagleE_y_e,1
usman48406590,BCCI,1
usman48406590,JatinaroraH,1
usman48406590,centre_suvidha,1
usman48406590,mufaddal_vohra,1
usman48406590,nishnaik789,1
usmanalikhan005,ImranKhanPTI,1
usmanalikhan005,ImranRiazKhan,1
usmanalikhan005,SdqJaan,1
utsavpansari,ANI,1
utsavpansari,AmitShah,1
utsavpansari,BJP4Bihar,1
utsavpansari,BJP4India,1
utsavpansari,PMOIndia,1
utsavpansari,SushilModi,1
utsavpansari,narendramodi,1
utsavpansari,nkishoreyadav,1
utsavpansari,rsprasad,1
utsavpansari,schaurasiabjp,1
v4nshsharm4,bygbyrdpro,1
v_2vivsr,KapilSibal,1
v_vivekchopra,Enraged_Indian,1
vaibarg,BJP4India,1
vaibarg,narendramodi,1
vajapeyam,Jairam_Ramesh,1
vajapeyam,RahulGandhi,1
vampirkaninchen,Kanthan2030,1
vamsistweet,narendramodi,1
varagantiraj166,BCCI,1
varagantiraj166,mastercardindia,1
varidhi,narendramodi,1
varunkpandey,BJP4India,1
varunkpandey,RSSorg,1
varunkpandey,RahulGandhi,1
varunkpandey,ashokepandit,1
varunkpandey,narendramodi,1
varunkpandey,rssurjewala,1
vatsishappening,bygbyrdpro,1
vayakkattil,rishibagree,1
vcaghicha,BCCI,1
vcaghicha,mastercardindia,1
vech2247,grantwyeth,1
vedansh_anand,AjayKashyap_22,1
vedansh_anand,BJP4India,1
vedansh_anand,GaneshTurerao,1
vedansh_anand,RaghavArora6,1
vedansh_anand,RangamT,1
vedansh_anand,Vineets12Sheth,1
vedansh_anand,VsreeKuduvalli,1
vedansh_anand,adityasingh127,1
vedansh_anand,mritunjay118,1
vedansh_anand,narendramodi,1
vedansh_anand,narendramodi_in,1
vedant7_264r24,RAJSING02700562,1
vedant7_264r24,RVCJ_FB,1
vedant7_264r24,milkihon3,1
vedant7_264r24,tokyisto,1
vedvyaskrishna,ManishTewari,1
venk1975,RahulGandhi,1
venk1975,khushsundar,1
venkatRRP,RahulGandhi,1
venkatRRP,priyankagandhi,1
venkatactive,BraganzaSheeba,1
venkatactive,pbhushan1,1
venkatesamani,ECISVEEP,1
venkateshkotte,NTVJustIn,1
venuds23,10DowningStreet,1
venuds23,AFThunderbirds,1
venuds23,BlueAngels,1
venuds23,DeptofDefense,2
venuds23,LodhiMaleeha,1
venuds23,POTUS,2
venuds23,SecBlinken,1
venuds23,USForcesKorea,1
venuds23,USMCDrillTeam,1
venusgalactic,Shehzad_Ind,1
venusgalactic,ashokepandit,1
vgopss,narendramodi,1
vgopss,viralrg,1
vgstp88,INCIndia,1
vgstp88,Randeep_Sisodia,1
victor_desi,BJP4Karnataka,1
victor_desi,Iyervval,1
victor_desi,JaipurDialogues,1
victor_desi,Kudupa,1
vidyadharginde,RoKhanna,1
vidyadharginde,alok_bhatt,1
vidyootb,Randeep_Sisodia,1
viewer2071,AcharyaPramodk,1
vignesh_s,ManishTewari,1
vijayarumugam,DeepakRao44,1
vijayarumugam,PABadami,1
vikesh30,AamAadmiParty,1
vikesh30,ArvindKejriwal,1
vikesh30,narendramodi,1
viki_im,narendramodi,1
vikram140gulati,CNNnews18,1
vikram140gulati,RahulGandhi,1
vikram140gulati,narendramodi,2
vikram193,ANI,1
vimalra25355990,PTI_News,1
vinayvaani,lpolgreen,1
vince81viny,MalcolmInfiniti,1
vince81viny,TemidayoAjikobi,1
vineet66,narendramodi,1
vineet66,shekharkapur,1
vineetdhankhar,thekiranbedi,1
vineetgarg2002,RahulGandhi,1
vineetgarg2002,narendramodi,1
vineetgarg2002,ssrajamouli,1
vinnyloid,ANI,1
vinod_gnair,rishibagree,1
vinod_nannaware,ArvindKejriwal,1
vinod_nannaware,RahulGandhi,1
vinodkatiriya,RahulGandhi,1
vinodkatiriya,indSupremeCourt,1
vinodkatiriya,rashtrapatibhvn,1
vinuv7,ANI,1
vinuv7,ShashiTharoor,1
vinuv7,narendramodi,1
viptaware,BJP4India,1
viptaware,INCIndia,1
viptaware,myogiadityanath,1
viralranjha,umeshsharmakau,1
vishakarjun,RahulGandhi,1
vishakarjun,sunmor2901,1
vishalmakani,AnupamPKher,1
vishalmakani,BJP4India,1
vishalmakani,SirPareshRawal,1
vishalmakani,akshaykumar,1
vishalmakani,iamsunnydeol,1
vishalmakani,narendramodi,1
vishalpalan,narendramodi,1
vishalpalan,rammadhavbjp,1
vishnu_k2000,BJP4India,1
vishnu_k2000,VanathiBJP,1
visruthPv,i_m_the_dangerr,1
visruthPv,krsna_army,1
viswaguru1964,NkBlr,1
viswakau,_FaridKhan,1
vivekisrefugee,DrRupani,1
vivekisrefugee,ssangeetha95,1
vivekisrefugee,sujataanandan,1
vivekuksood,JhaSanjay,1
vj17061985,ANI,1
vj9496,RoKhanna,1
vj9496,narendramodi,1
vjanamenon,ANI,1
vjanamenon,ChetanM84117428,1
vjchandra2003,ANI,1
vjpsyverson,nameshiv,1
vksingh1990,samar11,1
vksunil,Live_Hindustan,1
vksunil,RahulGandhi,1
vksunil,htTweets,1
vksunil,narendramodi,1
vksunil,priyankagandhi,1
vksunil,shekharkahin,1
vohra_kabir,narendramodi,1
voice_ofindian,AmitShah,1
vsp_X_lib9andus,SupriyaShrinate,1
wachira_gitahi,DAlperovitch,1
wajad_ulla,RanaAyyub,1
wajad_ulla,gopalgiri_uk,1
wanderingalfie2,arthvvader,1
wandmaster2,PMOIndia,1
wandmaster2,narendramodi,1
wandmaster2,sardanarohit,1
wanthony11,ndtv,1
warmbreezejatti,SammyVada,1
waseem33,RoflGandhi_,1
wasoninfo,DasShaktikanta,1
wasoninfo,JhaSanjay,1
wasoninfo,MumbaichaDon,1
wasoninfo,Sangamah1947,1
wasoninfo,cvgopal,1
wasoninfo,narendramodi,1
wasoninfo,nsitharaman,1
wayfarerbio,narendramodi,1
wealthlearner,GQGPartners,1
wealthlearner,PMOIndia,1
wealthlearner,SEBI_India,1
wealthlearner,latha_venkatesh,1
wealthlearner,safiranand,1
wedstylebyAnil,AmanChopra_,1
welworth,balbir59,1
wisdom_quo,AmitShah,1
wisdom_quo,narendramodi,1
witch8_the,Geeta_Mohan,1
witch8_the,HCI_London,1
witch8_the,ToolsTech4All,1
wiz_harrypotter,ANI,1
wiz_harrypotter,RahulGandhi,1
wiz_harrypotter,ani_digital,1
wiz_harrypotter,rohanrgupta,1
wokeHunter7,Spoof_Junkey,1
wokeHunter7,desimojito,1
womanindunes,womanvsthevoid,1
womenspeeks,INCIndia,1
womenspeeks,RahulGandhi,1
womenspeeks,narendramodi,1
womenspeeks,priyankagandhi,1
wontsharename,nytimes,1
xThePrincipal,ANI,1
yarievnu,ARanganathan72,1
yarievnu,amitmalviya,1
yashmev26,INCIndia,1
yashmev26,INCIndiaLive,1
yashwanth21g,RahulGandhi,1
yashwanth21g,narendramodi,1
ybiyani0712,vivekagnihotri,1
yehvickyhai,Satya705720368,1
yelloflash29,038Degrees,1
yelloflash29,RepiakaMoni,1
yesbank1234,Rizzlord2003,1
yesbank1234,ShivamT85200703,1
yesbank1234,jareen66,1
yesbank1234,ravikiran485,1
yesbank1234,samar11,1
yogeshmishra__,AmitShah,1
yogeshmishra__,narendramodi,1
yogita911,sushantify,1
youdle,RahulGandhi,1
yougodap,BBCHindi,1
yougodap,BJP4India,1
younussideeq,bainjal,1
zafar197156,naziarubbani,1
zeeshan15_md,NarundarM,1
zeeshan15_md,tarunkhaitan,1
zzzznatzzzz,nanuramu,1
zzzznatzzzz,puram_politics,1
