Source,Target,Weight
090_gaurav,Meghna_venture,1
090_gaurav,NagarPr,1
090_gaurav,oye_piyush,1
090_gaurav,vijaygajera,1
0ld_m0nk,BJP4India,1
0ld_m0nk,INCIndia,1
0ld_m0nk,RahulGandhi,1
0ld_m0nk,ShekharGupta,1
0ld_m0nk,TajinderBagga,1
0ld_m0nk,TimesNow,1
0ld_m0nk,aajtak,1
0ld_m0nk,narendramodi,1
0ld_m0nk,ndtv,1
0ld_m0nk,republic,1
0ld_m0nk,sardanarohit,1
123avi456,INCIndia,1
123avi456,PTI_News,1
1981RAHULDEY,mishra_surjya,1
1deymataram,AmitShah,1
1deymataram,AnanthKumar_BJP,1
1deymataram,BSYBJP,1
1deymataram,Tej_AnanthKumar,1
1deymataram,narendramodi,1
225BHAVESH,Dr___Rishu,1
225BHAVESH,PMOIndia,1
225BHAVESH,VIP_IN88,1
225BHAVESH,narendramodi,1
225BHAVESH,nilesh_rishu,1
2NihilisticNerd,SilentEyes0106,1
3rimo3,MaryamNSharif,1
3rimo3,badnocs,1
3secondsahead,iamtjoseph,1
4_5741,ndtvvideos,1
55659754Bhaskar,ADiravia,1
55659754Bhaskar,Ahimsa1616,1
55659754Bhaskar,AnilBas72712466,1
55659754Bhaskar,AnilKum04619533,1
55659754Bhaskar,Chandra51364237,1
55659754Bhaskar,Devansh53816390,1
55659754Bhaskar,HashmatRuhul,1
55659754Bhaskar,Hisamud47588796,1
55659754Bhaskar,JitendraManoha6,1
55659754Bhaskar,MdIqbal64955168,1
55659754Bhaskar,MdtajKohri5,1
55659754Bhaskar,Monaji58641983,1
55659754Bhaskar,Naseem_Mbd,1
55659754Bhaskar,Pandey13K,1
55659754Bhaskar,Pinky717623862,1
55659754Bhaskar,Prabhat39441267,1
55659754Bhaskar,PremAna42891378,1
55659754Bhaskar,RajaRajavira,1
55659754Bhaskar,RajeshS50119232,1
55659754Bhaskar,RajivSi45818862,1
55659754Bhaskar,Ramesh270549,1
55659754Bhaskar,Rao26641901Gs,1
55659754Bhaskar,Reyyananan,1
55659754Bhaskar,RomitSoniya,1
55659754Bhaskar,SanjuBabaBhau1,1
55659754Bhaskar,SavitaSikarwar,1
55659754Bhaskar,Shahin_Golden9,1
55659754Bhaskar,Shakeelsayed14,1
55659754Bhaskar,SharrmaPoonam,1
55659754Bhaskar,SinghDe41846382,1
55659754Bhaskar,SinghRakeshKu14,1
55659754Bhaskar,Smile3560,1
55659754Bhaskar,SudhirDevSharma,1
55659754Bhaskar,UmmedRawna,1
55659754Bhaskar,VibrantDemocra2,1
55659754Bhaskar,VinodKu51806624,1
55659754Bhaskar,_Mahakal_D_,1
55659754Bhaskar,aj23004007,1
55659754Bhaskar,dealip,1
55659754Bhaskar,hisamuddink51,1
55659754Bhaskar,indianposten,1
55659754Bhaskar,kukk44,1
55659754Bhaskar,mi_misra,1
55659754Bhaskar,nareshsharma107,1
55659754Bhaskar,navin4nation,1
55659754Bhaskar,onkargss11,1
55659754Bhaskar,patwalr336,1
55659754Bhaskar,rajeshpatnawale,1
55659754Bhaskar,saifi_111,1
55659754Bhaskar,yadavashutosh49,1
614Chirag,8Y8ZQ,1
614Chirag,AmbujShrivast16,1
614Chirag,ArvindChaturved,1
614Chirag,Dharma2X,1
614Chirag,Dharma4X,1
614Chirag,Dharma6X,1
614Chirag,Geethabhati,1
614Chirag,JugalKhetan,1
614Chirag,Meshsi1502Kn,1
614Chirag,Paarvathi108,1
614Chirag,ProfSukh,1
614Chirag,REIyer4,1
614Chirag,RupamDu22916188,1
614Chirag,Swamy39,1
614Chirag,SwamyBhakt,1
614Chirag,Treasure1725,1
614Chirag,VHSAustralia,1
614Chirag,VarshaThacker,1
614Chirag,VijayRajan777,1
614Chirag,chitrapadhi,1
614Chirag,fgautier26,1
614Chirag,iamnikunjshah,1
614Chirag,jagdishshetty,1
614Chirag,madhukishwar,1
614Chirag,mm_0774,1
614Chirag,nviswam,1
614Chirag,rameshsethu,1
614Chirag,ranganaathan,1
614Chirag,sachin23kr,1
614Chirag,samarjeet_n,1
614Chirag,sumit_kochhar,1
614Chirag,vijay_rajan,1
614Chirag,vishalnautamlal,1
65thakursahab,NewIndianXpress,1
65thakursahab,TheMornStandard,1
65thakursahab,ThePrintIndia,1
6c15602aa3a2403,klrahul,1
6c15602aa3a2403,sardesairajdeep,1
80sArmyBRAT,narendramodi,1
999ias,Mrsumanth_,1
999ias,ThanayMSDian_7,1
ABHINAVsr,BJP4India,2
ABHINAVsr,NewsNationTV,1
ABHINAVsr,ZeeNews,1
ABHINAVsr,akshaykumar,1
ABHINAVsr,indiatvnews,1
ABHINAVsr,narendramodi,2
ADiOT_Kane,BJP4India,1
ADiOT_Kane,narendramodi,1
AHimar33,Citizens_United,1
AHimar33,KAConsulting,1
AHimar33,Politics_Polls,1
AHimar33,VinnyHriskonich,1
AHimar33,the_policies,1
AKHIILESH09,BJP4India,1
AKHIILESH09,narendramodi,1
AKMTUTER1,ARanganathan72,1
AKMTUTER1,JaipurDialogues,1
AKMTUTER1,ProfKapilKumar,1
AK_Das10,ArvindKejriwal,1
AK_Das10,MrsGandhi,1
ALOKdelhi6,DaaruBaazMehta,1
AMITCHAKRAVERTT,PiyushGoyal,1
AMITCHAKRAVERTT,narendramodi,1
AMITRUPARELIA2,AndrewC29236441,1
AMITRUPARELIA2,Andrew__Roth,1
AMITRUPARELIA2,KTC055,1
AMITRUPARELIA2,PippaCrerar,1
AMITRUPARELIA2,danielboffey,1
AMJ_1107,Dev_Fadnavis,1
AMJ_1107,narendramodi,1
AMJ_1107,nitin_gadkari,1
ANANDAP70092895,sardesairajdeep,1
ANANTADUTTA19,ANI,1
ANSHUBAJPAI1,INCIndia,1
ANYTHIN61090803,Indian_fairy77,1
ANYTHIN61090803,KarmaSaysStop,1
ANYTHIN61090803,SupriyaShrinate,1
ANYTHIN61090803,alamafsar4337,1
ANYTHIN61090803,librandu_buster,1
AO546765,JasswinderSing8,1
AO546765,husainhaqqani,1
ARK1285,narendramodi,1
ARKashyap1991,ArvindKejriwal,1
AR_Falak007,Ravindr22591940,1
AR_Falak007,SeharShinwari,1
ASRohil,bhash,1
ATMAINDIAN,PTI_News,1
Aagan86,swapan55,1
Aamirrasheeed,washingtonpost,1
AathithyaaSurya,RKCERTIFIED,1
AathithyaaSurya,devouit1,1
AathithyaaSurya,rmkarki,1
AathithyaaSurya,ss4boby,1
AbdulWa52147486,narendramodi,1
AbhaKulkarn90,karanjohar,1
AbhaKulkarn90,narendramodi,1
AbhaKulkarn90,vivekoberoi,1
Abhijith_09,cricketaakash,1
Abhijith_09,kanish77690921,1
AbhilashaPurwar,npmcode,1
AbhimanyuGandh3,abhiandniyu,1
Abhinav00496293,RanaAyyub,1
Abhinav00496293,philpjg,1
Abhishe07212975,IndiaToday,1
Abhishe07212975,RahulEaswar,1
Abhishe07212975,ShainaNC,1
Abhishe07212975,rahulkanwal,1
Abhishek_hada1,CMMadhyaPradesh,1
Abhishek_hada1,ChouhanShivraj,1
Abhishek_hada1,CollectorRaisen,1
Abhishek_hada1,DrPRChoudhary,1
Abhishek_hada1,JansamparkMP,1
Abhishek_hada1,Shubham_tamot,1
Abhishek_hada1,SurendraPatwa01,1
Abhishek_hada1,jdjsbhopal,1
Abhishekf1,kannadastar1234,1
AbuTarique,Indian_Analyzer,1
AbuTarique,bothrapawan53,1
AbyChackoNgp,IndiaToday,1
AbyChackoNgp,manjeet_sehgal,1
AbyChackoNgp,rahulkanwal,1
Acharyastani,RenukaJain6,1
Acharyastani,narendramodi,2
Acharyastani,pbhushan1,1
Achin7779Achin,ndtv,1
Ad_it_ya__,BJP4India,1
Adeeba_adeel222,MaleehaManzoor,1
Adeeba_adeel222,faridmemonpyo,1
AdiM2110,AamAadmiParty,1
AdiM2110,AdilKhanAAP,1
AdiM2110,ArvindKejriwal,1
AdiM2110,CNNnews18,1
AdiM2110,PKakkar_,1
AdiM2110,ashokkmrsingh,1
AdiM2110,maryashakil,1
AdiM2110,vinitgoenka,1
AdityaPandey008,Tejasvi_Surya,1
AdityaPandey008,narendramodi,1
AdnanAliKhan555,SandeepJakharpb,1
AdnanSh_1,KTRTRS,1
AdnanSh_1,angrybirddtweet,1
AdnanSh_1,superlimnl,1
AdvHarshalDesai,INCIndia,1
AdvHarshalDesai,narendramodi,1
AdvHarshalDesai,priyankagandhi,1
AdvYadavVijay,CNN,1
AdvYadavVijay,HardeepSPuri,1
AdvYadavVijay,ssingapuri,1
AdvYadavVijay,tehseenp,1
AjayNar42179034,mahleejsarkari,1
AjayPawar9009,narendramodi,1
AkanKwaku,BlackZorro07,1
AkanKwaku,TiffanyDCross,1
Akanksh81816715,ANI,1
AkashKu51632351,ArvindKejriwal,1
Akhandb43767521,VishalDadlani,1
Akhil_H,IndiaToday,1
Akhil_H,Seoul_gov,1
Akibbayad86,DaveAniruddh,1
Akibbayad86,DrRutvij,1
Akibbayad86,PiyushGoyal,1
Akibbayad86,SBJadejaBJP,1
Akibbayad86,VinodChavdaBJP,1
Akibbayad86,YogiDevnathji,1
Akibbayad86,hasmitagor1974,1
Akibbayad86,ivishalthacker,1
Akibbayad86,narendramodi,1
Akibbayad86,pradipsinhbjp,1
Aknmrao,AshokChavanINC,1
Aknmrao,INCIndia,1
Aknmrao,JhaSanjay,1
Aknmrao,RahulGandhi,1
Aknmrao,milinddeora,1
Aknmrao,narendramodi,1
Akolk11,puneetsinghlive,1
Akshatbtw,Indian_Analyzer,1
Akshay20021,narendramodi,1
AkshyaSinghvi,AmitShah,1
AkshyaSinghvi,BJP4India,1
AkshyaSinghvi,PiyushGoyal,1
AkshyaSinghvi,narendramodi,1
AkshyaSinghvi,rajnathsingh,1
AkshyaSinghvi,sureshpprabhu,1
AlamPas64605797,SupriyaShrinate,1
Alam_Chaudry,ForeignAffairs,1
Alam_Chaudry,narendramodi,1
Alangarammm,FarhadJarralPK,1
Alangarammm,Sanghiking1,1
Alangarammm,Spearcorps,1
Alangarammm,adgpi,1
Alangarammm,rajinikanth,1
Alangarammm,tnpoliceoffl,1
AlenDuraiGodwin,RahulGandhi,1
AlkaJacob1,puneetsinghlive,1
AllBrPolitics,Diplomat_APAC,1
AmadeusA8,EricNewton2020,1
AmalSarosh,BJP4India,1
AmalSarosh,INCIndia,1
AmalSarosh,PMOIndia,1
AmalSarosh,PiyushGoyal,1
AmalSarosh,RahulGandhi,1
AmalSarosh,ShashiTharoor,1
AmalSarosh,narendramodi,1
AmanKJhooti,ArvindKejriwal,1
AmanKJhooti,TajinderBagga,1
AmanPradyuman,BJP4India,1
AmanPradyuman,narendramodi,1
Amarjit_Sengha,limkitsiang,1
Amarjit_Sengha,mkula,1
Amarjit_Sengha,thulsimanogaran,1
Amarkha60218111,RahulGandhi,1
Amberkischub,AmitShah,1
Amberkischub,ECISVEEP,1
Amberkischub,HMOIndia,1
Amberkischub,PMOIndia,1
Amberkischub,RiturajSinhaBJP,1
Amberkischub,arvindgunasekar,1
Amberkischub,giviswa,1
Amberkischub,narendramodi,1
Amberkischub,sgurumurthy,1
American_47,DrTedros,2
American_47,WHO,1
American_47,WHOAFRO,1
American_47,WHOEMRO,1
American_47,WHOEgypt,1
American_47,WHOPhilippines,1
American_47,WHOSEARO,1
American_47,WHOThailand,1
American_47,WHOWPRO,1
American_47,WHO_Europe,1
American_47,WHO_Europe_DE,1
American_47,pahowho,1
AmitKum77447027,RahulGandhi,1
AmitKum77447027,srinivasiyc,1
Amukherjee13,ImranKhanPTI,1
Amukherjee13,babarazam258,1
Amytisd1,sardesairajdeep,1
AnalystEminent,ASKatyal,1
AnalystEminent,Pradip_K_Varma,1
AnarchistPk,mosharrafzaidi,1
AnbhuleSubhash,AKSHAY,1
AnbhuleSubhash,ANI,1
AnbhuleSubhash,akshaykumar,1
AnbhuleSubhash,narendramodi,1
AnbuMoham,Politics_2022_,1
Anbu_Ajith_,narendramodi,1
AnchalBohra1,TwitterBlue,1
AnchalBohra1,elonmusk,1
AnchitShethia,AmitShah,1
AnchitShethia,ECISVEEP,1
AnchitShethia,narendramodi,1
AniketS74923314,Qamarcheema,1
AniketS74923314,TimesNow,1
AnilJad34121521,vijaythottathil,1
AnirudhSundd,ChoudhuriTarit,1
AnirudhSundd,PMOIndia,1
AnirudhSundd,narendramodi,1
AnirudhSundd,vikasjoshi1976,1
AnishKu18363112,ArunSFan,1
AnishKu18363112,Jairam_Ramesh,1
AnishKu18363112,PriyankKharge,1
AnishKu18363112,RahulGandhi,1
AnishKu18363112,anjanaomkashyap,1
AnishKu18363112,bharatjodo,1
AnishKu18363112,kharge,1
AnishKu18363112,priyankagandhi,1
AnishKu18363112,rahulkanwal,1
AnishKu18363112,ravishndtv,1
AnishKu18363112,waglenikhil,1
Anjaney_Rajput,CricCrazyJohns,1
Anjaney_Rajput,JayShah,1
Anjaney_Rajput,SaGomesh,1
Anjaney_Rajput,chetans1987,2
AnjivKumar,JantaKaReporter,1
AnkishKumar8,narendramodi,1
AnkitSh69473086,AsYouNotWish,1
AnkitSh69473086,Being_Humor,1
AnkitSh69473086,SwamyDada,1
AnkitSh69473086,elonmusk,1
AnkitSh69473086,whatever515151,1
Ankitsh85332867,Swamy39,1
AnkurBansal004,AamAadmiParty,1
AnkurBansal004,ArvindKejriwal,1
AnkurRa75488560,narendramodi,1
AnkurRa75488560,ravishndtv,1
AnoopSh35964402,narendramodi,1
AntiHypocriter,ArvindKejriwal,1
AntiHypocriter,ndtv,1
Anuraag_Shukla,Vajrapani4,1
AnyatamShukla,CKAVindia,1
Apekshasm,MulayamSinghSP,1
Apekshasm,Republic_Bharat,1
Apekshasm,republic,1
Apna_Bollywood,LIGHT_YAGAMI_02,1
Apna_Bollywood,PeppaPe23588009,1
Apna_Bollywood,thunderxstorm07,1
ArjSingh92,ToluseO,1
Arjuunna,BluDexy,1
Arjuunna,ThatTimWalker,1
Arjuunna,seanzjay,1
ArmanStassiio,allaboutcrick74,1
Arnal2406,ndtv,1
ArshiAnshi,narendramodi,1
ArshiAnshi,ncbn,1
ArtiSharma001,Swamy39,1
ArtiSharma001,jagdishshetty,1
Arunabh16507002,narendramodi,1
Arvind94271048,DeepakAnandMPP,1
Arvind94271048,JustinTrudeau,2
Arvind94271048,PierrePoilievre,2
Arvind94271048,puneet_sahani,2
AryaSushruta,ANI,1
Arya_India13,smritiirani,1
As_it_is19,ArvindKejriwal,1
As_it_is19,TenzingLamsang,1
Ascetic07,BJP4India,1
Ascetic07,Ra_THORe,1
Ascetic07,SadhviPragya_MP,1
Ascetic07,jayantsinha,1
Ascetic07,narendramodi,1
AsgardThor10,BJP4India,1
AsgardThor10,mehtamihir786,1
AsgardThor10,narendramodi,1
AsgardThor10,pbhushan1,1
Ashishk98314830,aajtak,1
AshokPa72976701,YogVedantSamiti,1
AshokPa72976701,harne_r,1
AshokeRattan,AapKaGopalRai,1
AshokeRattan,ArvindKejriwal,1
AshokeRattan,RahulGandhi,1
AshokeRattan,narendramodi,1
AshuRhys,AAP4Assam,1
AshuRhys,ArvindKejriwal,1
AshuRhys,isudan_gadhvi,1
Ashwatthamapan2,INCIndia,1
Ashwatthamapan2,RahulGandhi,1
Ashwatthamapan2,ShashiTharoor,1
AshwinKrm,kushanmitra,1
Asitjena10,ANI,1
Asitjena10,ArvindKejriwal,2
Asitjena10,PankajJainClick,1
Asitjena10,msisodia,1
AskRajjj,PraveenDiaz,1
AskRajjj,bnjasim,1
AskRajjj,the_hindu,1
AskTamal,AmitShah,1
AskTamal,KailashOnline,1
AskTamal,PMOIndia,1
AskTamal,PMuralidharRao,1
AskTamal,Ramlal,1
AskTamal,arunjaitley,1
AskTamal,girirajsinghbjp,1
AskTamal,ippatel,1
AskTamal,narendramodi,1
AskTamal,nitin_gadkari,1
AskTamal,rajnathsingh,1
AskTamal,rammadhavbjp,1
AtifAnj85355665,DennisCricket_,1
AtifAnj85355665,avocalpakistani,1
Atlanta4S,Twitter,1
Atlanta4S,elonmusk,1
AtulPaty,narendramodi,1
Atulk66,narendramodi,1
AumOmnipresent,ndtvfeed,1
AveePDas,indian_2030,1
AveePDas,kanak_news,1
Avenger7894,ARanganathan72,1
Avinash_Bapu,BJP4India,1
Avinash_Bapu,narendramodi,1
Awaaarahoon,narendramodi,1
AxelF07516186,ManakPushkarna,1
AxelF07516186,ksahota67,1
AxelF07516186,rubysahotalib,1
Ayaan_Rise,ArvindKejriwal,1
Ayaan_Rise,SupriyaShrinate,1
Ayaan_Rise,aajtak,1
BABARP3,TimesNow,1
BABARP3,navikakumar,1
BAE__Apocalypse,liberal_slayerr,1
BGSubhash3,HarveyS95682467,1
BHAKTRIOT1811,INCIndia,1
BHAKTRIOT1811,itushardey,1
BHAKTRIOT1811,narendramodi,1
BJP4Germany,ArvindKejriwal,1
BJPBappa,ArvindKejriwal,1
BJP_News_1,54321869ss,1
BJP_News_1,being_Genious,1
BainsSarv18,AbC967041505,1
BainsSarv18,ArvindKejriwal,1
BainsSarv18,ambkcsingh,1
Bairaagiji,AamAadmiParty,1
Bairaagiji,ArvindKejriwal,1
Bairaagiji,ashokkmrsingh,1
Bakchod44068146,RahulGandhi,1
Bakchod44068146,narendramodi,1
Bakchod44068146,ravishndtv,1
BalaDharma3,SaketGokhale,1
BalliBhai_37,Dua_amman,1
Banaras_Ka_Beta,ArvindKejriwal,1
Banaras_Ka_Beta,BJP4Delhi,1
Banaras_Ka_Beta,BJP4India,1
BapiM14,narendramodi,1
BapiM14,sampitroda,1
Baranga104,DefenceMinIndia,1
Baranga104,DrSJaishankar,1
Baranga104,InsightGL,1
Baranga104,KapilMishra_IND,1
Baranga104,MonicaK2511,1
Baranga104,MumukshuSavitri,1
Baranga104,NAN_DINI_,1
Bashiruddinmai1,ARanganathan72,1
Bashiruddinmai1,DenzilPatrick2,1
BeAStarIndia,ArvindKejriwal,1
BeAStarIndia,PMOIndia,1
BeAStarIndia,republic,1
BeHuman00x,TimesNow,1
BeHuman00x,narendramodi,1
BeMohanty,HemantSorenJMM,1
BeMohanty,ShibuSorenJMM,1
BeheraJashobant,scoutdesk,1
BeingMeetZaveri,KotakBankLtd,1
BeingMeetZaveri,UPI_NPCI,1
BeingMeetZaveri,narendramodi,1
BeingofUniverse,Crisis_Producer,1
BeingsyedLateef,rakeshfilm,1
BernardDmello,DrAMSinghvi,1
BernardDmello,bhuvikal,1
BernardDmello,narendramodi,1
BernardDmello,vivekagnihotri,1
Bhaavinpurohit,BJP4India,1
Bhaavinpurohit,INCIndia,1
Bhaavinpurohit,PMOIndia,1
Bhaavinpurohit,aajtak,1
Bhaavinpurohit,narendramodi,1
Bhagyashrisep29,KartiPC,1
BhairavVaam,ArvindKejriwal,1
BhairavVaam,unapologeticAnk,1
BhalalaFenil,BJP4India,1
BhalalaFenil,narendramodi,1
Bharat7Bhutani,ShashiTharoor,1
BharatArmy93000,richaanirudh,1
BharataPutran,SuneethaEluri,1
BharataPutran,karunanundy,1
BharatiGhosh1,BJP4Bengal,1
BharatiGhosh1,BJP4India,1
BharatiGhosh1,narendramodi,1
BharatiyaMen,FamilyMan_berl_,1
BharatiyaMen,Save_Indian_Men,1
Bhargavi_17,AskAnshul,1
Bhargavi_17,RahulGandhi,1
Bhargavi_17,narendramodi,1
Bhaskar1994R,ndtv,1
Bhavika6B,itsmeKNR,1
Bhishmsharma12,ArvindKejriwal,1
Bhupend73349872,Pawankhera,1
BhusanBirendra,ArvindKejriwal,1
BhusanBirendra,indiatvnews,1
BhushanKarnik1,PawarSpeaks,1
BhushanKarnik1,SupriyaShrinate,1
BhushanKarnik1,drsaeedakhan14,1
BigScreenTicket,BJP4India,1
BigScreenTicket,narendramodi,1
BijayKu47941721,AKMohantyLive,1
BijayKu47941721,AboutBalasore,1
BijayKu47941721,CMO_Odisha,1
BijayKu47941721,DBalasore,1
BijayKu47941721,MoSarkar5T,1
BijayKu47941721,PRDeptOdisha,1
BijayKu47941721,SSEPD2,1
BijayKu47941721,SecyChief,1
BijayKu47941721,emergency_bls,1
BijayKu47941721,gapg_dept,1
BijayKu47941721,pcsarangi,1
BilalBh10407815,LittonOfficial,1
BilalBh10407815,Pallavi_paul21,1
Bilal_sahil1,betterpakistan,1
Bisu_twittes,HSajwanization,1
Biswade30959496,23pradeepsingh,1
Biswade30959496,Jairam_Ramesh,1
Biswade30959496,KTRTRS,1
Biswade30959496,Pawankhera,1
Biswade30959496,PradeepGuptaAMI,1
Biswade30959496,RahulGandhi,1
Biswade30959496,SupriyaShrinate,1
Biswade30959496,YRDeshmukh,1
Biswade30959496,navikakumar,1
Bit3Snake,unraveaero,1
BlackMirrorMonk,divya_16_,1
BlkpillBrahmin,HinduRaj2047,1
BluDexy,Arjuunna,2
BluDexy,ThatTimWalker,2
BluDexy,seanzjay,2
Bob_The_Mech,BalerionDaBread,1
Bob_The_Mech,CharleeG2007,1
Bob_The_Mech,StephenKing,1
BoldMonk_,babuyagu,1
BonifaceGhost,Italian347,1
BoxerLogical,AnasSarwar,1
BoxerLogical,LulaOficial,1
BoxerLogical,grs68,1
BrijBmthakur,drmhowrah,1
BrijBmthakur,narendramodi,1
Brijesh0410,BCCI,1
Brijesh0410,Madhavsuresh96,1
BristolNewland,DailyMirror,1
BristolNewland,Kevin_Maguire,1
BrunelAnth,BrunelResearch,1
BrunelAnth,BrunelSouthAsia,1
BrunelAnth,PeggyFroerer,1
Budding_Banker,kharge,1
BukhariKhadeer,DrGPradhan,1
BukhariKhadeer,RPJaiswal8,1
CAIETutor,ashoswai,1
CAIETutor,zoo_bear,1
CBAhetesham,Elizatweetz,1
CBAhetesham,INCIndia,1
CBAhetesham,RahulGandhi,1
CEO_Basedman,McThundernut,1
CEO_Basedman,StephenKing,1
CEO_Basedman,elonmusk,1
CEO_Basedman,theskindoctor13,1
CHALLARAJIREDD3,Murali_IASretd,1
CJBdingo25,sbabones,1
CK_speak,ArvindKejriwal,1
CLSharm85991977,ArvindKejriwal,1
CLSharm85991977,narendramodi,1
CLSharm85991977,timesofindia,1
CMYSJaganFan,narendramodi,1
CNNnews18,maryashakil,1
CTRavi_BJP,RahulGandhi,1
CTRavi_BJP,narendramodi,1
Can2021Maks,republic,1
CaptAKJ,ANI,1
CaptAKJ,ANINewsUP,1
CaptAKJ,AmitShah,1
CaptAKJ,narendramodi,1
CartoonSeries9,PMOIndia,1
Cbhsb76,BarackObama,1
Cbhsb76,JoeBiden,1
Cbhsb76,JohnBli40029937,1
Cbhsb76,JoshShapiroPA,1
Cbhsb76,demonsemenya,1
Cbhsb76,rebecca_belmont,1
Cdhar7,AmitShah,1
Cdhar7,BJP4India,1
Cdhar7,BJP4Karnataka,1
Cdhar7,BJP4Malleswaram,1
Cdhar7,BJPKarITCell,1
Cdhar7,BJPLive,1
Cdhar7,drashwathcn,1
Cdhar7,narendramodi,1
Centerist2,KrishKrushik,1
Centerist2,gauravcsawant,1
ChaT_Jaipur,ChaT_Jaipur,1
ChalamKevi,TIME,1
ChalamKevi,TarekFatah,1
ChalamKevi,narendramodi,1
ChalotraKeshav,RVCJ_FB,1
Chandanhardware,AmitShah,1
Chandanhardware,BJP4India,1
Chandanhardware,GorakhPaswanBjp,1
Chandanhardware,JPNadda,1
Chandanhardware,RSSorg,1
Chandanhardware,narendramodi,1
Chandra67931996,sagarikaghose,1
Chandra89463490,AntiIndia,1
Chandra89463490,TarekFatah,1
Chandra89463490,narendramodi,1
Chandra_Coats,benshapiro,1
CharterUnmai,_waleedshahid,1
ChaseAli,BiharKaLall,1
Chavan01538413,ArfaSays_,1
Chivas_Desi,sampitroda,1
Choudharyab143,AamAadmiParty,1
Choudharyab143,ArvindKejriwal,1
ChowkidarChokra,AjitsinhJagirda,1
ChowkidarChokra,AmitMishra4All,1
ChowkidarChokra,ArcherReturns,1
ChowkidarChokra,ArunDeshpande20,1
ChowkidarChokra,BJP4Gujarat,1
ChowkidarChokra,Bala17332881,1
ChowkidarChokra,Bharatwashi2,1
ChowkidarChokra,Bhupendra26,1
ChowkidarChokra,DamodarHegde4,1
ChowkidarChokra,DrUgrabhatah,1
ChowkidarChokra,GSNarayan1960,1
ChowkidarChokra,GauravModified,1
ChowkidarChokra,Gkb19551,1
ChowkidarChokra,GujaratPolice,1
ChowkidarChokra,HMOIndia,1
ChowkidarChokra,IndianRajeshNCo,1
ChowkidarChokra,J_o_l_i_e,1
ChowkidarChokra,JaganNKaushik,1
ChowkidarChokra,LoveBharatvarsh,1
ChowkidarChokra,MangalPande1857,1
ChowkidarChokra,Murali76133156,1
ChowkidarChokra,NetaNiyanta,1
ChowkidarChokra,PMOIndia,1
ChowkidarChokra,RakeshA12572734,1
ChowkidarChokra,RameshS0007,1
ChowkidarChokra,Ravichiruvolu1,1
ChowkidarChokra,SanjayS00663282,1
ChowkidarChokra,Satishrathod100,1
ChowkidarChokra,Savitritvs,1
ChowkidarChokra,SweetBandit108,1
ChowkidarChokra,Visalmama,1
ChowkidarChokra,_ankahi,1
ChowkidarChokra,apurvaparikh18,1
ChowkidarChokra,ashokghuge,1
ChowkidarChokra,athavale_abhi1,1
ChowkidarChokra,bankim_jani,1
ChowkidarChokra,bs_hariharan3,1
ChowkidarChokra,desai_ujjwala,1
ChowkidarChokra,myogiadityanath,1
ChowkidarChokra,neerangautam,1
ChowkidarChokra,nilesh_pat,1
ChowkidarChokra,prasad_perla,1
ChowkidarChokra,sambitswaraj,1
ChowkidarChokra,scleroplex,1
ChowkidarChokra,shytigress,1
ChowkidarChokra,smdrao,1
ChowkidarChokra,subodhs76831103,1
ChowkidarChokra,sumelg2,1
ChowkidarChokra,sureshseshadri1,1
ChowkidarChokra,umeshctyagi,1
CittiMedia,thebritishhindu,1
Cokeandchips2,GabbbarSingh,1
Cokeandchips2,Nabeelfish,1
Cokeandchips2,vivekagnihotri,1
ColonelSpeaks,Swamy39,1
CongressSevadal,ArvindKejriwal,1
CongressSevadal,CMODelhi,1
CorruptPunjab,AmitShah,1
CorruptPunjab,ArvindKejriwal,1
CorruptPunjab,BJP4India,1
CorruptPunjab,narendramodi,1
CorruptPunjab,ndtv,1
CsvRamanakumar,somnath1978,1
CuriosInsight,BurntOutCase,1
DBag6675,CMO_Odisha,1
DBag6675,IPR_Odisha,1
DBag6675,TukuniSahu,1
DEBARUNSAHA9,GoogleNews,1
DEEPVERMADSP,Politics_Polls,1
DEEPVERMADSP,elonmusk,1
DHGaikwad12,aayeff1,1
DILIPKUMAR9990,BJP4India,1
DILIPKUMAR9990,RajivPratapRudy,1
DIVYAAM_1979,ACuteTroll1,1
DIVYAAM_1979,AcharyaPramodk,1
DIVYAAM_1979,AkhileshPSingh,1
DIVYAAM_1979,Anju1951Purohit,1
DIVYAAM_1979,Babble524,1
DIVYAAM_1979,BerretBlack,1
DIVYAAM_1979,DrAVSriv,1
DIVYAAM_1979,INCIndia,1
DIVYAAM_1979,JugalKhetan,1
DIVYAAM_1979,KEYESEN2000,1
DIVYAAM_1979,KINGEHIND,1
DIVYAAM_1979,KapilSibal,1
DIVYAAM_1979,Latarai5,1
DIVYAAM_1979,MamataOfficial,1
DIVYAAM_1979,RISHIDE92234579,1
DIVYAAM_1979,RahulGandhi,1
DIVYAAM_1979,RaiBahadur13,1
DIVYAAM_1979,Rajesh201963,1
DIVYAAM_1979,Reema_bjp,1
DIVYAAM_1979,RohiniShah73,1
DIVYAAM_1979,SSharmajsr,1
DIVYAAM_1979,TimesNow,1
DIVYAAM_1979,ZeeNews,1
DIVYAAM_1979,_ankahi,1
DIVYAAM_1979,aksrivastava23,1
DIVYAAM_1979,dilipswatisri,1
DIVYAAM_1979,divyaspandana,1
DIVYAAM_1979,drsdwivedi7,1
DIVYAAM_1979,jyotsnavarma9,1
DIVYAAM_1979,kvQuote,1
DIVYAAM_1979,lakshmianand96,1
DIVYAAM_1979,muralydoctrack1,1
DIVYAAM_1979,narendramodi,1
DIVYAAM_1979,panditsripathak,1
DIVYAAM_1979,pkban,1
DIVYAAM_1979,rahul_sharma_8,1
DIVYAAM_1979,republic,1
DIVYAAM_1979,romy1965,1
DIVYAAM_1979,rssurjewala,1
DIVYAAM_1979,sanjaygobind,1
DIVYAAM_1979,shiprabahri,1
DIVYAAM_1979,suprema_she,1
DIVYAAM_1979,sushmitadevmp,1
DIVYAAM_1979,swetasamadhiya,1
DIVYAAM_1979,tehseenp,1
DIVYAAM_1979,vprakash68,1
DIVYAAM_1979,wetwokrishna,1
DJZARKIN,narendramodi,1
DKSHARMA358,BJP4India,1
DKSHARMA358,INCIndia,1
DKSHARMA358,ShatruganSinha,1
DKSHARMA358,abpnewshindi,1
DPrajapat1,PiyushGoyal,1
DPrajapat1,narendramodi,1
DakhsinRoy,Staunch_NaMo,1
DaktarBatra,ArvindKejriwal,1
Dal_Bati_Curma,ANI,1
DandotiyaTweets,BJP4India,1
DandotiyaTweets,narendramodi,1
DandotiyaTweets,vdsharmabjp,1
DarshanDevaiahB,IExpressSouth,1
DarshanDevaiahB,IndianExpress,1
DarshanDevaiahB,narendramodi,1
DarshanDevaiahB,sumalathaA,1
DavidTekam1,PTIofficial,1
DavidTekam1,TahseenG111,1
DavidTekam1,majorgauravarya,1
DebantaGupta,sambitswaraj,1
Debasis83085981,tjt4002,1
DebasisJourno,ManoranjanMedia,1
DebasisJourno,RahulGandhi,1
DebasisJourno,Rubenbanerjee,1
DebasisJourno,geminianguddu,1
DebasisJourno,myogiadityanath,1
DebasisJourno,rajeshmahapatra,1
DebasisJourno,sardesairajdeep,1
Deepak_t7887178,MVenkaiahNaidu,1
Deepakv411,ndtv,1
DeepalTrevedie,narendramodi,1
DeependraMSinha,rohini_sgh,1
DeeptiSachdeva_,narendramodi,1
DessieAussie,BCCI,1
DessieAussie,RahulGandhi,1
DessieAussie,ShashiTharoor,1
DessieAussie,klrahul11,1
DessieAussie,narendramodi,1
DevTweeting,narendramodi,1
DevendraVerma,abpnewstv,1
DeviPrasadRao8,BJP4India,1
Dhanunj68378210,ECISVEEP,1
Dhanunj68378210,Murali_IASretd,1
Dhanush_Arun_,SushmaSwaraj,1
Dharm90Incbihar,abhishek2811sin,1
Dharm90Incbihar,narendramodi,1
Dharm90Incbihar,ravikishann,1
DharmaFollow,EkVishwa,1
DharmaFollow,beingunique22,1
DharmaR1305,zahacktanvir,1
Dharma__101,ANI,1
Dharmraj8418096,narendramodi,1
DhivaharJ1,INCIndia,1
DhivaharJ1,RahulGandhi,1
DhivaharJ1,kharge,1
DhivaharJ1,priyankagandhi,1
DholakiaDhruv,BJP4India,1
DholakiaDhruv,narendramodi,1
Dhoomi_110,marvisirmed,1
Dhoomi_110,narendramodi,1
Dibyend88338661,Suhelseth,1
Dileep65656256,MMSumanth,1
Dileep65656256,chindichitranna,1
Dileep65656256,majeedsaskp,1
DipakKumarDutt5,narendramodi,1
DiptiChaurasia,AmitShah,1
DiptiChaurasia,BJP4India,1
DiptiChaurasia,DefenceMinIndia,1
DiptiChaurasia,IAF_MCC,1
DiptiChaurasia,INCIndia,1
DiptiChaurasia,RahulGandhi,1
DiptiChaurasia,ahmedabadmirror,1
DiptiChaurasia,narendramodi,1
DiptiChaurasia,nsitharaman,1
DiptiRa14054720,narendramodi,1
Divineedge111,SupriyaShrinate,1
DixitVedant,ANI,1
Dkpandey00,INCIndia,1
DocAritraHindu,Angelic34881252,1
DocAritraHindu,narendramodi,1
DocAritraHindu,rajnathsingh,1
DocSMI1616,RahulGandhi,1
DoctoredSpeech,BJP4India,1
DoctoredSpeech,BJP4UP,1
DoctoredSpeech,BJPKKSharma,1
DoctoredSpeech,INCIndia,1
DoctoredSpeech,INCUttarPradesh,1
DoctoredSpeech,RahulGandhi,1
DoctoredSpeech,manakgupta,1
DoctoredSpeech,narendramodi,1
DoctoredSpeech,news24tvchannel,1
DoctoredSpeech,priyankac19,1
DoctoredSpeech,rssurjewala,1
DoctoredSpeech,sambitswaraj,1
Dolipeepe,Francis36859781,1
Doogee_Browser,Cryptic_Miind,1
DoshiNarendra,RahulGandhi,1
DoshiNarendra,SurrbhiM,1
DoshiNarendra,ajaymaken,1
DrAmallll,falakjavaidkhan,1
DrAniketMishra,narendramodi,1
DrBose11,JayantBhandari5,1
DrBose11,kdraya1509,1
DrBose11,oprd24,1
DrBose11,sivaneshsaas,1
DrDBhasin,ANI,1
DrDBhasin,AmitShah,1
DrDBhasin,BJP4UK,1
DrDBhasin,narendramodi,2
DrDBhasin,tsrawatbjp,1
DrRatanGupta4,narendramodi,1
DrSalman_Arshad,LadyVelvet_HFQ,1
DrSalman_Arshad,ananddesikan,1
Dr_rahul32,narendramodi,1
Dr_rahul32,rk_kulkarni,1
DukeMahanta,INCIndia,1
DukeMahanta,RahulGandhi,1
DukeMahanta,priyankagandhi,1
DuraisamyUthan2,ashoswai,1
EagleEye009,ARanganathan72,1
EagleEye009,RahulGandhi,1
EagleEye009,narendramodi,1
EagleEye009,priyankagandhi,1
EasternEye,SuellaBraverman,1
EffendiNews,MonaEssSays,1
EffendiNews,NayabGJan,1
EffendiNews,SystemExpertPk,1
EffendiNews,epicurus_5124,1
EgiyeBangla2022,BJP4India,1
EgiyeBangla2022,elonmusk,1
ElectionInfo1,narendramodi,1
ElectionInfo1,sharma_jyo,1
Elias26813275,HussainiJaweria,1
ElvinBaruah,ArvindKejriwal,1
EnkayKotiyath,ArvindKejriwal,1
EnkayKotiyath,MrsGandhi,1
EnkayKotiyath,amitmalviya,1
Enraged_Indian,PTI_News,1
EqualityRahul,ANI,1
ErDines53058612,bharatjodo,1
Er_JatinMehta,TajinderBagga,1
Essarzed,BJP4India,1
Essarzed,PMOIndia,1
Essarzed,narendramodi,1
EvanMorgan86,GaryLineker,1
EvanMorgan86,GazraffGary,1
EvanMorgan86,sunick51,1
EwoksUnhinged,OrinocoTribune,1
FASIULLAHKHAN6,RahulGandhi,1
FASIULLAHKHAN6,bainjal,1
FASIULLAHKHAN6,gulf_news,1
Fahaad9791,majorgauravarya,1
FaheemSayed9,KTRTRS,1
FaheemSayed9,LambaAlka,1
FaheemSayed9,RajeevRai,1
FaheemSayed9,SyedHazeena,1
FaheemSayed9,beingAAPian,1
FaheemSayed9,isai_,1
FaheemSayed9,jeetusp,1
FaheemSayed9,pbhushan1,1
FaheemSayed9,satishacharya,1
FaheemSayed9,ysathishreddy,1
FansAashieshi2,19Cbrl,1
FansAashieshi2,ATSkolkatafc,1
FansAashieshi2,ArchanaTaide,1
FansAashieshi2,AshishasModi,1
FansAashieshi2,BJP4India,1
FansAashieshi2,ErosNow,1
FansAashieshi2,IndiraTandon1,1
FansAashieshi2,PMOIndia,1
FansAashieshi2,RidhimaLulla,1
FansAashieshi2,ankithashish,1
FansAashieshi2,annapurna96,1
FansAashieshi2,ashish30sharma,1
FansAashieshi2,diru_ashish,1
FansAashieshi2,gopika_madhav,1
FansAashieshi2,hinnaonenonly,1
FansAashieshi2,narendramodi,1
FansAashieshi2,sethimanav,1
FansAashieshi2,umeshsh,1
Farasatalipak1,PTIofficial,1
Farasatalipak1,majorgauravarya,1
Fasih_Ahmed,PramodKTyagi,1
FellowcitizenEs,RahulGandhi,1
FilterKaapiLive,OfficeOfOPS,1
FilterKaapiLive,narendramodi,1
Firdous_096,vtchakarova,1
FocusedPoor,CommanderCrash,1
FocusedPoor,libphobe,1
FoolishApathy,IndianExpress,1
FoolishApathy,PadmajaJoshi,1
FoolishApathy,Swamy39,1
FoolishApathy,TimesNow,1
FoolishApathy,TravelA75148805,1
FoolishApathy,narendramodi,1
FoolishApathy,ndtv,1
FoolishApathy,prakashraaj,1
FoolishApathy,ril_md,1
FoolishApathy,suhasinih,1
FoolishApathy,swati_gs,1
FrancHatturf,AamAadmiParty,1
FrancHatturf,ArvindKejriwal,1
FrancHatturf,DrKumarVishwas,1
FrancHatturf,Moinkhan_hyd,1
FrancHatturf,Qulq,1
FrancHatturf,kanhaiyakumar,1
FrancHatturf,msisodia,1
FrancHatturf,narendramodi,1
FrancHatturf,ravishndtv,1
FrancHatturf,realpreityzinta,1
FrancHatturf,thekaranthapar,1
Freespeech212,LoganR2WH,1
GALLIE01385862,APTNNews,1
GDesai123,vinayak_jain,1
GKNilesh,adite,1
GKamparaju,BCCI,1
GKamparaju,mufaddal_vohra,1
GNOpinion,RahulGandhi,1
GNOpinion,bainjal,2
GNOpinion,gulf_news,2
GS37396208,MamataOfficial,1
GS37396208,Mayawati,1
GS37396208,RahulGandhi,1
GS37396208,narendramodi,1
GadiSundar,BhimArmyChief,1
GadiSundar,KiranMechstars,1
GadiSundar,RBaagha,1
Ganeshn9598,RahulGandhi,2
Ganeshn9598,SupriyaShrinate,1
Ganeshn9598,WellSaidGuru,1
GanganeSunny,RahulGandhi,1
GanganeSunny,sardesairajdeep,1
Gauhar_Tweets,TIME,1
Gauhar_Tweets,drsusmitanaskar,1
Gauhar_Tweets,narendramodi,1
GauravGoenka4,RahulGandhi,1
GauravGoenka4,narendramodi,1
GauravGoenka4,sardanarohit,1
GauravNagvansh2,RahulGandhi,1
GauravNagvansh2,bharatjodo,1
Gauravproud1,AmitShahOffice,1
Gauravproud1,INCIndia,1
Gauravproud1,MamataOfficial,1
Gauravproud1,RahulGandhi,1
Gauravproud1,narendramodi,1
Gauravproud1,priyankac19,1
Gauravproud1,priyankagandhi,1
Gauravproud1,rssurjewala,1
Gauravproud1,sambitswaraj,1
Gauravproud1,smritiirani,1
GautamSen51,JhaSanjay,1
Gautam_K1984,RShivshankar,1
GeetDhirBJP,AmitShah,1
GeetDhirBJP,Geet_Dhir,1
GeetDhirBJP,NamoAgain2,1
GeetDhirBJP,namomerchandise,1
GeetDhirBJP,narendramodi,1
Geethak_MP,DrTamilisaiGuv,1
GirishVachana,BJP4Karnataka,1
GirishVachana,IAF_MCC,1
Gkojha4,TajinderBagga,1
GodfreeTrh,Tom_Fowdy,1
Godspreciousmo1,priyankagandhi,1
GomathiRaghava4,BBCWorld,1
GomathiRaghava4,DrMohanBhagwat,1
GomathiRaghava4,India_NHRC,1
GomathiRaghava4,JPNadda,1
Goodman19065173,Swamy39,1
GopalKeshri,amitmalviya,1
GopalKeshri,annamalai_k,1
GovernorGa_,ANI,1
GovernorGa_,OriginalAnmol,1
GovernorGa_,am_congressie,1
Govinda63106467,BJP4India,1
Govinda63106467,TajinderBagga,1
Govinda63106467,narendramodi,1
Grizzzleee1,ANI,1
Grizzzleee1,theskindoctor13,1
GujunRupsas,BJP4India,2
GujunRupsas,IndiaToday,1
GujunRupsas,MamataOfficial,1
GujunRupsas,Mayawati,1
GujunRupsas,RahulGandhi,2
GujunRupsas,bainjal,1
GujunRupsas,narendramodi,2
GujunRupsas,ncbn,1
GujunRupsas,yadavakhilesh,1
Gunwagh,MeSavarkar,1
GuptaNvn,Martina,1
GyaniPandit5,ArvindKejriwal,1
HALDERG12,ajitanjum,1
HALDERG12,hvgoenka,1
HALDERG12,srinivasiyc,1
HBBabu6,ActualIndia,1
HUSSAIN_SAMI,TRAI,1
HUSSAIN_SAMI,narendramodi,1
HadkulaTiger1,singhvarun,1
HamidMirPAK,PTIofficial,1
HamidMirPAK,RanaSanaullahPK,1
Hamzaaa_12,AyoubRather1,1
Hamzaaa_12,DeepakPathak_DP,1
Hamzaaa_12,ashoswai,1
Hanuman_Shakti,Sassy_Hindu,1
Hariindic,narendramodi,2
Harishchodhry1,RahulGandhi,1
Harkonen_1,Tom_Fowdy,1
Harshalsalve,narendramodi,1
Harshalsalve,rohini_sgh,1
HashimYJSpeaks,AmitShah,1
HashimYJSpeaks,narendramodi,1
Hashimalhanfi,sardesairajdeep,1
HimanshuArora11,BJP4India,1
HimanshuArora11,narendramodi,1
HinduDharma1,Swamy39,1
HinduDharma1,narendramodi,1
HindustaniGulal,Jairam_Ramesh,1
HindustaniGulal,RahulGandhi,1
HodaAnw78510692,RahulGandhi,1
Hot_zenith,RShivshankar,1
Hrithik2088,Manu211970,1
Hrithik2088,vijaygajera,1
Humesha_Gam,poserarcher,1
IAMehul,Mayawati,1
IAMehul,manakgupta,1
IAMehul,yadavakhilesh,1
IAMirfan15729,ImranKhanPTI,1
IAMirfan15729,Naaziish,1
IAMirfan15729,arsched,1
IAMirfan15729,javerias,1
IAmViswanatha,MamataOfficial,1
IAmViswanatha,narendramodi,1
IAmViswanatha,publictvnews,1
INCdilse,AashishKhetan,1
INCdilse,INCIndia,1
INCdilse,PChidambaram_IN,1
INCdilse,RURALINDIA,1
INCdilse,RahulGandhi,1
INCdilse,SreyashiDey,1
INCdilse,Subytweets,1
INCdilse,Tehelka,1
INCdilse,TimesNow,1
INCdilse,_PareshBhatt,1
INCdilse,ahmedpatel,1
INCdilse,atheist_delhi,1
INCdilse,deepsealioness,1
INCdilse,priyankagandhi,1
INCdilse,sanjayuvacha,1
ISK3112,INCIndia,1
ISK3112,RahulGandhi,1
ISK3112,abhisar_sharma,1
ISK3112,khanumarfa,1
ISK3112,ndtv,1
ISK3112,ravishndtv,1
ITrueNAS,bainjal,1
I_M_SOUMYA,ANI,1
I_M_SOUMYA,ani_digital,1
I_mst_,narendramodi,1
IamAshutoshPand,narendramodi,1
IamGUPTAMAYANK,Jawahargoel,1
IamGUPTAMAYANK,ZeeNews,1
IamGUPTAMAYANK,narendramodi,1
IamGUPTAMAYANK,sudhirchaudhary,1
IamKartikMalik,LicypriyaK,1
Iamaslam1969,BoltaHindustan,1
Iamaslam1969,IYC,1
Iamaslam1969,srinivasiyc,1
Iamud1,narendramodi,1
Iamud1,rajnathsingh,1
IchigoMufc,RahulGandhi,1
IchigoMufc,hoorsheikh_fiza,1
IctcImpact,BJP4India,1
IctcImpact,BJP4Karnataka,1
IctcImpact,BJPITCell,1
IctcImpact,BTVI,1
IctcImpact,Gurublr9,1
IctcImpact,IctcImpact,1
IctcImpact,NRI4NaMo,1
IctcImpact,PMOIndia,1
IctcImpact,Tejasvi_Surya,1
IctcImpact,TimesNow,1
IctcImpact,ZeeNews,1
IctcImpact,adgpi,1
IctcImpact,ofbjp_usa,1
IctcImpact,ofbjpkarnataka,1
IctcImpact,republic,1
IdlyVadaa,IndiaToday,1
IdlyVadaa,rahulkanwal,1
IgnoredIndia,Profdilipmandal,1
Ikrishnanand,Sriniva54626043,1
Ikrishnanand,SupriyaShrinate,1
Ikrishnanand,beyorek,1
IkuStudies,brettachapman,1
IkuStudies,kyote80,1
ImDE15208314,MajorPoonia,1
ImHuzaifaJawaid,MaleehaManzoor,1
ImHuzaifaJawaid,faridmemonpyo,1
ImN_G,singhvarun,1
ImRays_Of_light,elonmusk,1
ImRays_Of_light,micsolana,1
Imnotliberal,ECISVEEP,1
Imnotliberal,aajtak,1
Imnotliberal,airnewsalerts,1
Imnotliberal,narendramodi,1
Imnotliberal,thebetterindia,1
India73817355,narendramodi,1
IndiaKravMaga,Gen_VKSingh,1
IndiaToday,DrKanimozhiSomu,2
IndiaToday,RahulEaswar,2
IndiaToday,RiaRevealed,1
IndiaToday,ShainaNC,2
IndiaToday,Tejasvi_Surya,2
IndiaToday,annamalai_k,2
IndiaToday,dineshgrao,2
IndiaToday,manjeet_sehgal,1
IndiaToday,rahulkanwal,4
Indian_Brawls,AmarnathAldona,1
Indian_Brawls,DrPramodPSawant,1
Indian_Brawls,InGoa24x7,1
Indian_Brawls,MauvinGodinho,1
Indian___Hindu,prakashraaj,1
Indian_devpatel,AathavanW,1
Indian_devpatel,ShyamMeeraSingh,1
Indian_devpatel,timesofindia,1
Indian_tiger99,Politics_Polls,1
Indian_tiger99,elonmusk,1
IndieJones14,LBunny78,1
IndieJones14,Tom_Fowdy,1
IndologyF,ShashiTharoor,1
Intel_Kshatriya,thestingysolace,1
IsedLoveTho,DineshDSouza,1
Ithefarhan,narendramodi,1
ItsDikhit,AnupamPKher,1
ItsDikhit,PMOIndia,1
ItsDikhit,RenukaJain6,1
ItsDikhit,SirPareshRawal,1
ItsDikhit,davidfrawleyved,1
ItsDikhit,manakgupta,1
ItsYourShantanu,MrsGandhi,1
ItsYourShantanu,narendramodi,1
ItsYourShantanu,priyankagandhi,1
ItsYourShantanu,smritiirani,1
Itssaurabh,narendramodi,1
Itssaurabh,sardesairajdeep,1
JOPHSAW,AmitShah,1
JOPHSAW,narendramodi,1
JOSEPHMAHALSON,RashmiDVS,1
J_Rishika,INCIndia,1
J_Rishika,RahulGandhi,1
J_Rishika,narendramodi,1
Jacobmathewlive,AmitShah,1
Jacobmathewlive,BJP4India,1
Jacobmathewlive,INCIndia,1
Jacobmathewlive,SushmaSwaraj,1
Jacobmathewlive,arunjaitley,1
Jacobmathewlive,narendramodi,1
Jacobmathewlive,news24tvchannel,1
Jacobmathewlive,rajnathsingh,1
Jagadgurupeeth,NTRFanTrends,1
Jagadgurupeeth,tarak9999,1
JaganathanRam15,RShivshankar,1
JaganathanRam15,TimesNow,1
JaganathanRam15,iamshalabhkumar,1
Jagdish18280315,narendramodi,1
Jagdish18280315,waglenikhil,1
JaiDeep94259074,Apna_Bollywood,1
JaiDeep94259074,urs_trulybibek,1
JainGomteshwar,narendramodi,1
JangliRaja,CiddiquiShadab,1
JangliRaja,INCIndia,1
JangliRaja,IPraveenDixit,1
JangliRaja,RahulGandhi,1
JangliRaja,narendramodi,1
JangliRaja,sandeepfromvns,1
Janul14322135,naveenjindalbjp,1
JatinJayKaran3,Kishlaysharma,1
JatinPaul,the_hindu,1
Jayant47Patel,BJP4India,1
Jayant47Patel,RahulGandhi,1
Jayant47Patel,narendramodi,1
Jaydeep74440189,ReidRobillard,1
Jaydeep74440189,ThisIsREngland,1
Jaydeep74440189,proletaryan,1
JbTopGdYea,Justice_Bieberr,1
Jeff39874134,SouthAsiaIndex,1
JencaBenca,AndyElias2,1
JencaBenca,AngelaRayner,1
JencaBenca,HeManShoeSony,1
JhaRahul_Bihar,AmitShah,1
JhaRahul_Bihar,narendramodi,1
JibranKhalil18,ImranRiazKhan,1
JinnIbnThere,BCCI,1
JinnIbnThere,SajSadiqCricket,1
JinnIbnThere,Sports_Himanshu,1
JinnIbnThere,koushiknayak,1
Jitendr37502078,ANI,1
JjtJacob,ndtv,1
JoginderTh,PankajBansalPB,1
JoginderTh,ShekharGupta,1
JoginderTh,narendramodi,1
John17014868,Memeghnad,1
John_Kings45260,GaneshKmr21,1
John_Kings45260,NarundarM,1
Josh99992,KTRTRS,1
Jothipr42534028,laksr_tn,1
JustBeingVK,AamAadmiParty,1
JustBeingVK,ArvindKejriwal,1
JustBeingVK,narendramodi,1
JyotirvidI,ANI,1
JyotirvidI,RahulGandhi,1
JyotirvidI,narendramodi,1
KACHARAGADLA,BJP4India,1
KACHARAGADLA,narendramodi,1
KAPILDEO4BJP,ArvindKejriwal,1
KARAN_author,annamalai_k,1
KARUNAK43815304,shubhankrmishra,1
KDAD_love,ArvindKejriwal,1
KDinku,iMac_too,1
KMP82619126,pbhushan1,1
KPRJGhostEelam,BCCI,1
KPRJGhostEelam,Natarajan_91,1
KP_Aashish,IndiaToday,1
KP_Aashish,ncbn,1
KSHiremath_,hd_kumaraswamy,1
KSHiremath_,narendramodi,1
KSakarwar,PMOIndia,1
KSakarwar,narendramodi,1
K_KGETHO,IOL,1
KaalChakraOM,narendramodi,1
KabirSingh1000,SAfridiOfficial,1
Kailash57059662,mvmeet,1
KairaLavi,narendramodi,1
KalantreSameer,VSLOrg,1
KalantreSameer,pranaavj,1
Kalbag_,AudaciousQuest_,1
KaliaperumalA,ZeeNewsEnglish,1
KalyugVsKalki,newslaundry,1
KalyugVsKalki,yusrano_,1
KamaruNahas,Tejasvi_Surya,1
KamaruNahas,YGMadhuvanthi,1
KamaruNahas,annamalai_k,1
KammelaBala,IndiaToday,1
Kamran4261,isro,1
Kamran4261,narendramodi,1
Kamran4261,nitin_gadkari,1
Kandie4Kandie,BaazNewsOrg,1
Kandie4Kandie,CPC_HQ,1
Kandie4Kandie,PierrePoilievre,1
KaranKaul468,PMOIndia,1
KarmaisaStrange,LokeshVirat18K,1
KarmaisaStrange,Subrahm01101990,1
Karmic_Indian,smritiirani,1
Karthik1357901,MCGEightyTwo,1
Karthik1357901,mufaddal_vohra,1
Karthik1357901,venividi_vici20,1
Karthik_Pantham,Staunch_NaMo,1
Karthik_Pantham,annamalai_k,1
Kartick15707248,RahulGandhi,1
Kartick15707248,ZeeNews,1
Kartick15707248,dna,1
Kartick15707248,lalanjha80,1
Kartick15707248,narendramodi,1
KashBne,CNN,1
KashBne,HardeepSPuri,1
KashBne,ssingapuri,1
KashBne,tehseenp,1
KashmiriHindu1,amitmalviya,1
KaushalSaboo,Varun_dvn,1
KaushalSaboo,narendramodi,1
KeshavKantShrma,RahulGandhi,1
KeshavKantShrma,narendramodi,1
KeshavNayak_7,indian_stockss,1
KeshavNayak_7,vinayak_jain,1
Kezo_IPS,ashoswai,1
Khaled86016479,swapan55,1
Khandelw13Sagar,AmitShah,1
Khandelw13Sagar,RSSorg,1
Khandelw13Sagar,digvijaya_28,1
Khandelw13Sagar,narendramodi,1
KhemBirhade,AUThackeray,1
KhemBirhade,FaktAdityasaheb,1
KhemBirhade,ShivSena,1
Khurshedswami,RoadsOfMumbai,1
Khushbu91729671,AHindinews,1
Khushbu91729671,AITCofficial,1
Khushbu91729671,AamAadmiParty,2
Khushbu91729671,BJP4India,2
Khushbu91729671,INCIndia,2
Khushbu91729671,NCPspeaks,2
Khushbu91729671,PMOIndia,1
Khushbu91729671,narendramodi,2
Khushbu91729671,rahat_up,1
KianiJee,ImranKhanPTI,1
KianiJee,iihtishamm,1
KidsDyingOnRez,RTHuntNB,1
KidsDyingOnRez,TomFitton,1
KidsDyingOnRez,elonmusk,1
KinSpared,IndiaToday,1
KinSpared,manjeet_sehgal,1
KinSpared,rahulkanwal,1
Kiran_reddy7777,ysjagan,1
KishanThar,mrjamesob,1
KishorPolya,narendramodi,1
Kjunaidahmed,ashoswai,1
Kjunaidahmed,narendramodi,1
KomailMuhammad4,Rabbia112233,1
KonarkPublishe1,NAFEES,1
KonarkPublishe1,nafees_fazal,3
KonarkPublishe1,sandhyamendonca,4
KovaiUpdates,Chaitan21798706,1
KovaiUpdates,FlyWithIX,1
KovaiUpdates,IndEmbDoha,1
KovaiUpdates,flydubai,1
KrisPrinceI,Martina,1
Krish100c,AmitShah,1
Krish100c,BJP4India,1
Krish100c,BJP4Karnataka,1
Krish100c,DKShivakumar,1
Krish100c,INCIndia,1
Krish100c,ImranKhanPTI,1
Krish100c,RahulGandhi,1
Krish100c,TajinderBagga,1
Krish100c,rishibagree,1
Krishnakwrites,AbhishBanerj,1
KumarAvi0928,Anamikaa6969,1
Kumarpr28,INCIndia,1
Kumarpr28,JPNadda,1
Kumarpr28,drshamamohd,1
KyRosha,ashoswai,1
LabourLeftInt,GitaSahgal,1
LabourLeftInt,Pabloite,1
LabourLeftInt,PoMoGandhi,1
LabourLeftInt,SurSmd,1
LabourLeftInt,Yogi00718,1
LabourLeftInt,bobfrombrockley,1
LabourLeftInt,chalkpete,1
LabourLeftInt,feministdissent,1
LahoriAtHeart,ashoswai,1
Lakhimal2,narendramodi,1
LaksshyaAdvani,BJP4India,1
LaksshyaAdvani,INCIndia,1
LaksshyaAdvani,ManishTewari,1
LaksshyaAdvani,PMOIndia,1
LaksshyaAdvani,RajatSharmaLive,1
LaksshyaAdvani,SuPriyoBabul,1
LaksshyaAdvani,arunjaitley,1
LaksshyaAdvani,balbir59,1
LaksshyaAdvani,indiatvnews,1
LaksshyaAdvani,narendramodi,3
LaksshyaAdvani,nsitharaman,1
LaksshyaAdvani,republic,1
Lal38707086,Covi1979749381,1
Lal38707086,LevinaNeythiri,1
LalaTukaram,A_G951,1
LalaTukaram,Indian_Analyzer,1
LalaTukaram,JBS280,1
LalaTukaram,RightSector4,1
LalaTukaram,loverabbits76,1
LalaTukaram,narne_kumar06,1
LammaticHama,AuntyCarpetWeed,1
LearningEleven,icanseeyourpix2,1
LionKin75362831,TheGVT,1
LloydRodr28,SitaramYechury,1
LoRD_OF_GODs,narendramodi,1
LoRD_OF_GODs,vivekoberoi,1
Lonely_Fatima,poonamkachanddd,1
LonnieHodge16,LakotaMan1,1
LorenaDyson,WarMonitors,1
Luharavis,AbhijitChavda,1
Luharavis,icanseeyourpix2,1
MBTheGuide,BJP4India,1
MBTheGuide,BJP4Maharashtra,1
MBTheGuide,DeccanHerald,1
MBTheGuide,INCIndia,1
MBTheGuide,NCPspeaks,1
MBTheGuide,ShivSena,1
MBTheGuide,narendramodi,1
MIChoudhary_,NitishKumar,1
MIChoudhary_,narendramodi,1
MOHAIUDINSHEIKH,Jemima_Khan,1
MSBBJP,narendramodi,1
MServe2grow,AmitShah,1
MServe2grow,BJP4India,1
MServe2grow,INCIndia,1
MServe2grow,NupurSharmaBJP,1
MServe2grow,PChidambaram_IN,1
MServe2grow,PiyushGoyal,1
MServe2grow,RahulGandhi,1
MServe2grow,SudeshBJP,1
MServe2grow,anil_baluni,1
MServe2grow,arunjaitley,1
MServe2grow,gauravbh,1
MServe2grow,narendramodi,1
MServe2grow,rajeev_mp,1
MServe2grow,sgurumurthy,1
MShahidQAMAR_FR,Politics_Polls,1
MShahidQAMAR_FR,elonmusk,1
MTA_1969,INCBANSAL,1
MTA_1969,RahulGandhi,1
MUKTESWARJI,CitiznMukherjee,1
MUKTESWARJI,DrSYQuraishi,1
MUKTESWARJI,IndEditorsGuild,1
MUKTESWARJI,Swamy39,1
MUKTESWARJI,_ManmohanSingh,1
MUKTESWARJI,barandbench,1
MUKTESWARJI,ex_rashtrapati,1
MUKTESWARJI,narendramodi,1
MadhuMo25895965,ArvindKejriwal,1
MadhuMo25895965,KTRTRS,1
MadhuMo25895965,PMOIndia,1
MadhuMo25895965,SrBachchan,1
MadhuMo25895965,hydcitypolice,1
MadhuMo25895965,imVkohli,1
MadhuMo25895965,mygovindia,1
MadhuMo25895965,narendramodi,1
MadhuMo25895965,the1real_saif,1
Madhugirimodi,AmitShah,1
Madhugirimodi,PMOIndia,1
Madhugirimodi,narendramodi,1
Mahakal_Return,adah_sharma,1
Mahesh50362966,omkar_jagdale,1
Mahesh50362966,velumania,1
MaheshThuppeKal,TarunSatiya,1
MaheshThuppeKal,sbabones,1
Malharonaldo,ANI,1
Malharonaldo,narendramodi,2
MaluRescue,dinamalarweb,1
ManWithGrit,RahulGandhi,1
ManWithGrit,narendramodi,1
MananRajpura,BJP4India,1
MananRajpura,narendramodi,1
ManashMpk93,ANI,1
MangalS69252944,sbabones,1
Manish011984,Indian10000000,1
Manish011984,RahulGandhi,1
Manish011984,ShivsenaComms,1
Manish011984,SupriyaShrinate,1
Manish_singh786,narendramodi,1
Manish_singh786,nitin_gadkari,1
Manishbaghel0,rupin1992,1
ManjeshRana_,LoknitiCSDS,1
ManjeshRana_,the_hindu,1
ManojKu31807608,ArvindKejriwal,1
Manojmadhavan08,PMOIndia,1
Manojmadhavan08,mgnayak5,1
ManthanUnadkat,narendramodi,1
MaradaniRakesh,RGVzoomin,1
MaradaniRakesh,narendramodi,1
Marvellous_MrsG,ShyamMeeraSingh,1
Mathurakavi7,talk2anuradha,1
Max46546228,ArvindKejriwal,1
Mazhar_0987,MujtabaAasif,1
MdtajKohri5,zafarsareshwala,1
MeRash,PMOIndia,1
MeRash,narendramodi,1
MeenakshiKamat5,ANI,2
MeenakshiKamat5,amarDgreat,2
MeenakshiKamat5,sriniTW123,2
MeenakshiKamat5,ss4boby,2
MeghaGo95510439,Mustafology,1
Meinbelive,hazharoon,1
MeraBha09786376,AUThackeray,1
Micdona13,jcokechukwu,1
MihirBSR,ArvindKejriwal,1
Minahil34358734,ShivaTi72504679,1
Mini2411Singh,INCIndia,1
Mini2411Singh,priyankagandhi,1
MintOminty,timesofindia,1
Mishthi4u,rsprasad,1
MittaRKR,narendramodi,1
MohdRaziullahkh,BCCI,1
MohdRaziullahkh,JayShah,1
MohdRaziullahkh,PrithviShaw,1
MohitRamBharga1,timesofindia,1
MominaMoin,ashoswai,1
Mon86544957,AmitShah,1
Mon86544957,BJP4India,1
Mon86544957,amitmalviya,1
Mon86544957,narendramodi,1
Mon86544957,priyasethibjp,1
Moon2Rise,RahulGandhi,1
Moon2Rise,narendramodi,1
Moonhunter1987,RituRathaur,1
Moonhunter1987,mervindawson,1
MosjeL,ashoswai,1
MotheVarun,Nothingpolitica,1
MotheVarun,dhanyarajendran,1
MrAnveshSS,dineshgrao,1
MrAnveshSS,narendramodi,1
MrCenturies,TheDeadEdd,1
MrCenturies,agnew1979,1
MrLenka2,suryapsingh_IAS,1
MrNobod77256275,stats_feed,1
MrSk42687634,Velu1986_Arya,1
MrSk42687634,voiceofsavukku,1
Mr_singh1888,TajinderBagga,1
Mr_singh1888,narendramodi,1
Mrfrank_martin,narendramodi,1
Mtoro7150,TimesNow,1
MukaDarsaka,BesuraTaansane,1
MukaDarsaka,Randeep_Sisodia,1
MukhtarSofi4,aayeff1,1
MuktiramDhumal,myogiadityanath,1
MuktiramDhumal,myogioffice,1
MumbaiWakeUp1,sardesairajdeep,1
Mumbaikar1106,manojsinhabjp,1
Mumbaikar1106,narendramodi,1
Mumbailocalnewz,ArvindKejriwal,1
MunibaKamal,Informaticafan,1
Munjeet7,Saurabh_MLAgk,1
MustafaNewaz,laluprasadrjd,1
MustafaNewaz,yadavtejashwi,1
MuthurajJoseph,BJP4TamilNadu,1
MuthurajJoseph,SuryahSG,1
MuthurajJoseph,annamalai_k,1
Muzammi05760945,imhirakhan999,1
Mwalimu1,SamsonKasumba,1
Mystic_Soul25,ArvindKejriwal,1
NANIBNB,BJP4Andhra,2
NANIBNB,narendramodi,2
NARESHBATRA1963,ArvindKejriwal,1
NARESHBATRA1963,timesofindia,1
NB51926327,AUThackeray,1
NB51926327,factsarefactsz,1
NB51926327,ichbinengineer,1
NB51926327,kush_tho,1
NB51926327,ndtv,1
NB51926327,sardesairajdeep,1
NB51926327,zammerfax,1
NEELisPREET,BJP4Delhi,1
NIROJNAIK,AamAadmiParty,1
NIROJNAIK,ArvindKejriwal,1
NIROJNAIK,SanjayAzadSln,1
NKrishTweets,KirenRijiju,1
NSK_Kochhar,ArvindKejriwal,1
NUVVE_KAVALI,JanaSenaParty,1
NUVVE_KAVALI,PawanKalyan,1
NUVVE_KAVALI,YSJagan_Again,1
NUVVE_KAVALI,ndtv,1
NUVVE_KAVALI,ndtvindia,1
NUVVE_KAVALI,umasudhir,1
NaMoAgain2_0,AnupamPKher,1
NaMoAgain2_0,BJP4India,1
NaMoAgain2_0,HittsVora,1
NaMoAgain2_0,SirPareshRawal,1
NaMoAgain2_0,narendramodi,2
NaMoAgain2_0,smritiirani,1
NaMoShivay_76,BJP4India,1
NaMoShivay_76,DrGPradhan,1
NaMoShivay_76,PMOIndia,1
NaMoShivay_76,narendramodi,1
NaMoShivay_76,rssurjewala,1
Nabeelfish,benshapiro,1
Nabeelfish,vivekagnihotri,1
NajamAli2020,PseudoEconomist,1
Namastey_,Being_Humor,1
NamoNamo024,BefittingFacts,1
NamoNamo024,KirtiAzaad,1
Namratag22,narendramodi,1
Namratakm,RubikaLiyaquat,1
Namratakm,anjanaomkashyap,1
Namratakm,narendramodi,1
Namratakm,rahulkanwal,1
Namratakm,republic,1
Namratakm,sudhirchaudhary,1
NandaGo71678952,yogitabhayana,1
NanditaaMisra,ArvindKejriwal,1
NanditaaMisra,BJP4Delhi,1
NanditaaMisra,HarbirSinghSuri,1
NanditaaMisra,alkaj44,1
NanditaaMisra,gauagg,1
NanditaaMisra,nitin_gadkari,1
NanditaaMisra,vinitgoenka,1
NarayanShantha,BJP4India,1
NarayanShantha,narendramodi,1
Narendr55403394,narendramodi,1
NationFirst_TCG,JitinPrasada,1
NationFirst_TCG,parvezahmadj,1
NationalistTami,narendramodi,1
NationalistTami,rajinikanth_ss,1
NationalistTami,swamisaranamm,1
NationsBallot,narendramodi,1
Naval48581085,Staunch_NaMo,1
Nazneenparveen0,SpiritOfCongres,1
Nazneenparveen0,shaandelhite,1
NeerajS13318461,BJP4India,1
NeerajS13318461,Dev_Fadnavis,1
NeerajS13318461,INCIndia,1
NeerajS13318461,INCMaharashtra,1
NeerajS13318461,NANA_PATOLE,1
NeerajS13318461,RahulGandhi,1
NeerajS13318461,VikasThakre23,1
NeerajS13318461,atullondhe,1
NeerajS13318461,narendramodi,1
NeerajS13318461,priyankagandhi,1
Nepallover123,ArvindKejriwal,1
Nepallover123,Nepali_Comrade,1
Nepallover123,eOpinionPolls,1
Nepallover123,so_fa_kinghappy,1
NeutroniumHammr,BJP4Delhi,1
NeutroniumHammr,BJP4India,1
NeutroniumHammr,adeshguptabjp,1
NeutroniumHammr,gauagg,1
NewDelhiTimes,r_czarnecki,1
NhP41,sardesairajdeep,1
Nicknamzoom,ImEsthy,1
Nikunjforinc,Ramveergurjarp8,1
Nikunjforinc,Viveksbarmeri,1
Nimmajayaramred,ECISVEEP,1
Nimmajayaramred,ECtelagna,1
NindiPunj,IkkJutt_Jammu,1
NindiPunj,MehboobaMufti,1
NindiPunj,OmarAbdullah,1
NindiPunj,Prof_Hariom,1
NindiPunj,RahulGandhi,1
NindiPunj,narendramodi,1
NindiPunj,neelakantha,1
NindiPunj,rammadhavbjp,1
NisarAli586,GurjeetSAujla,1
NishaAjayKanoj1,republic,1
NitashaKaul,evianeleidig,1
NizamFoujdar,narendramodi,1
NizamFoujdar,ndtv,1
Nk461512,XHNews,1
Nk461512,narendramodi,1
Nkmohanty15K,RahulGandhi,1
NoCarbonTax1,theJagmeetSingh,1
NoOneUnscripted,BillKristol,1
NonsensePolice1,RahulGandhi,1
NonsensePolice1,SupriyaShrinate,1
NooseVp,narendramodi,1
NostalgiaUltra7,BandoBey,1
NotAmbani69,sharadshah,1
NotAmbani69,vijaybhambwani,1
Notalonehuman,AsYouNotWish,1
Notalonehuman,KumarRanganat15,1
Notalonehuman,MrIrshadahmad,1
Now_Abhi82,HardikPatel_,1
Now_Abhi82,MamataOfficial,1
Now_Abhi82,RahulGandhi,1
OMDKhaleel,BJP4India,1
OMDKhaleel,narendramodi,1
OgolaKing,DonaldBKipkorir,1
OgolaKing,Wangui340,1
OneBitken,kwadwosheldon,1
OneandOnlyIndie,narendramodi,1
Oneindia,DelhiMetro_,1
Oneindia,narendramodi,1
OnlyTRS,KTRTRS,1
Overlord4695,HouseGuards,2
Overlord4695,PDeniseLong,2
Overlord4695,ShailjaSgh,2
Overlord4695,johndoe84350606,2
OxIndiaCentre,SomervilleOx,1
PARNANDYMURTY,tavleen_singh,1
PARWEZA30169731,INCIndia,1
PARWEZA30169731,RahulGandhi,1
PARWEZA30169731,arifmohammadk,1
PARWEZA30169731,ashutosh83B,1
PARWEZA30169731,bhupeshbaghel,1
PARWEZA30169731,manakgupta,1
PARWEZA30169731,priyankagandhi,1
PARWEZA30169731,sanket,1
PATHAK20,Swamy39,1
PATHAK20,narendramodi,1
PMlN909,Atifrauf79,1
PRABHAT54902895,sudhirchaudhary,1
PShrivastava97,roshnikushal,1
PTelugu,KTRTRS,1
PTelugu,RaoKavitha,1
PTelugu,TelanganaCMO,1
PTelugu,trsharish,1
PVenuma,ShashiTharoor,1
PVenuma,sunnyhundal,1
Padma10239860,narendramodi,1
PaintingTheNews,RishiSunak,1
Pakibadshah1947,Anonymo61750540,1
Pakibadshah1947,NotAlexFound,1
Pakibadshah1947,republicdotpk,1
Pakibadshah1947,smartladkamemex,1
Pakkudu4,Crimsonithe,1
Pakkudu4,abhiandniyu,1
Pakkudu4,madan3,1
Pakkudu4,puram_politics,1
PalaUmesh,AAPNareshBalyan,1
PalanHemang,Marathi_Tweets,1
PandeyDewakar,narendramodi,2
PandeyDewakar,priyankagandhi,2
Pandyasrm,narendramodi,1
Pandyasrm,timesofindia,1
Pankaj___Thakur,AmitShah,1
Pankaj___Thakur,BJP4India,1
Pankaj___Thakur,narendramodi,1
Pankajk37531421,AUThackeray,1
Pankajk37531421,OfficeofUT,1
Pankajk37531421,SunilRaut65,1
Pankajk37531421,mumbaitak,1
Pankajk37531421,priyankac19,1
Pankajk37531421,sardesairajdeep,1
Pankajk37531421,v_sonal,1
Pankajsinha2701,DailyO_,1
Pankajsinha2701,narendramodi,1
Pankajsinha2701,sardesairajdeep,1
Pankajsnb,narendramodi,1
PanneerRethinam,LulaOficial,1
PanneerRethinam,SanghiTraitor,1
PanneerRethinam,Sankalp09393504,1
PanneerRethinam,SitaramYechury,1
Parmarj04665430,ANI,1
Parmarj04665430,prabhatisb,1
Parmarj04665430,singalromil,1
ParthaB34769052,MJ_007Club,1
ParthaB34769052,Shinda911,1
ParthaB34769052,_goyalvin,1
ParvChauhan,CJBdingo25,1
ParvChauhan,nayanikaaa,1
ParvChauhan,sunny_hundal,1
ParvChauhan,witch_worst,1
Pasulashiva4,INCIndia,1
Pasulashiva4,RahulGandhi,1
PatelSumit_,AmitShah,1
PatelSumit_,BJP4India,1
PatelSumit_,MannKiBaat_PMO,1
PatelSumit_,PMOIndia,1
PatelSumit_,aajtak,1
PatelSumit_,abpnewstv,1
PatelSumit_,dixitneha2724,1
PatelSumit_,narendramodi,1
PatelSumit_,sudhirchaudhary,1
PathakMedia,BJP4India,1
PathakMedia,BJPCentralMedia,1
PathakMedia,BJPLive,1
PathakMedia,Kaalateetham,1
PathakMedia,PMOIndia,1
PathakMedia,PMOIndia_RC,1
PathakMedia,PathakMedia,1
PathakMedia,narendramodi,1
Patriot38775406,ANI,1
PatrioticSeeker,MasalaBai,1
PatrioticSeeker,smartabhi1989,1
PawaarDhanush,narendramodi,1
PeaceLover07405,thisuser_isdumb,1
PijushDey,aimim_national,1
PijushDey,asadowaisi,1
PiyushK_Indian,Dr_SQRIlyas,1
PoonamJoshi_,CJBdingo25,1
PoonamJoshi_,DouglasKMurray,1
PoonamJoshi_,Muncha69420,1
PoonamJoshi_,RamiRanger,1
PoonamJoshi_,darshnasoni,1
PoonamJoshi_,hfbritain,1
PowarSatire,BBCHindi,1
PrabhakarChitr7,AAPHimachal_,1
PrabhakarChitr7,BJP4Himachal,1
PrabhakarChitr7,msisodia,1
Prabu95222,gerrvvvv,1
Prabu95222,kishor_nr,1
Prabu95222,kompanykdb,1
Prabu95222,lanka_world,1
Prabu95222,roverrinks,1
Pradeep848Singh,BDUTT,1
Pradeep848Singh,narendramodi,1
PradeepChenani,narendramodi,1
PradeepkumarPM,ActivistSandeep,1
PradipBaijal,ArvindKejriwal,1
PradipBaijal,TVMohandasPai,1
PrajithPS,narendramodi,1
PrakashPnegi,RahulGandhi,1
PrakashPnegi,narendramodi,1
Pramoddkummaar,ReutersAsia,1
Pranay7even,revanth_anumula,1
Prashanthbmw,ANI,1
Prashanthbmw,H_D_Devegowda,1
Prashanthbmw,narendramodi,1
Prashanthbmw,publictvnews,1
PrateekJain28,ArvindKejriwal,1
PrateekJain28,iAnkurSingh,1
PrateekJain28,narendramodi,1
PrateekJain28,nishant_india,1
Prathit21,SubClass_Music,1
Prathit21,sidhant,1
PratikGareja,narendramodi,1
Pratik_4077,AdityaMenon22,1
PratsahaySahay,ArvindKejriwal,1
PratsahaySahay,BJP,1
PratsahaySahay,vivekagnihotri,1
PraveeenAg,RahulGandhi,1
PraveeenAg,RubikaLiyaquat,1
PraveeenAg,abpnewshindi,1
PraveeenAg,narendramodi,2
Premta,AlEmbassyUK,1
Premta,Elis_Gj,1
Premta,UKinAlbania,1
Premta,aruci19,1
PrittOnTwitt,SupriyaShrinate,1
PriyanGMenon,Dev_Fadnavis,1
PriyanGMenon,dna,1
Priyara49079674,RAV1_K,1
Priyara49079674,arunpudur,1
ProfSRK,VictoryForNamo,1
ProfSRK,aartic02,1
ProfSRK,jadonpriyanka,1
Professor_Jha,PMOIndia,1
Professor_Jha,narendramodi,1
ProudHindu8365,ABPNews,2
ProudHindu8365,CNNnews18,2
ProudHindu8365,SudarshanTVnews,2
ProudHindu8365,TimesNow,2
ProudHindu8365,ZeeNews,2
ProudHindu8365,aajtak,2
ProudHindu8365,republic,2
ProudHinduPS,AnushkaSharma,1
ProudHinduPS,BabitaPhogat,1
ProudHinduPS,PhogatRitu,1
ProudHinduPS,Phogat_Vinesh,1
ProudHinduPS,aliaa08,1
ProudHinduPS,deepikapadukone,1
ProudHinduPS,geeta_phogat,1
ProudHinduPS,narendramodi,3
Proudin89033511,IYC,1
Prsnnta,ibusolih,1
PtGaurav786,Swamy39,1
PujaPrav,IamAjaySehrawat,1
Puneetvizh,09mitali,1
Puneetvizh,75,1
Puneetvizh,Aakar__Patel,1
Puneetvizh,Ajaykumar00009,1
Puneetvizh,AliyaAbbas,1
Puneetvizh,Alwynmoras4870,1
Puneetvizh,BN34772728,1
Puneetvizh,DevasisGuha,1
Puneetvizh,INCIndia,1
Puneetvizh,KJSingh12518759,1
Puneetvizh,LambaAlka,1
Puneetvizh,Malz59408224,1
Puneetvizh,ManojMehtamm,1
Puneetvizh,NayakRagini,1
Puneetvizh,PadmraniK,1
Puneetvizh,Pawankhera,1
Puneetvizh,PriyaaReturnz,1
Puneetvizh,RahulGandhi,1
Puneetvizh,RaniPadmaK,1
Puneetvizh,SaddamSamsadINC,1
Puneetvizh,SamHarris2429,1
Puneetvizh,SethLalits,1
Puneetvizh,Stanalb,1
Puneetvizh,Subytweets,1
Puneetvizh,SujataIndia1st,1
Puneetvizh,Trendsetting123,1
Puneetvizh,TweetInder,1
Puneetvizh,WeThePeople3009,1
Puneetvizh,bhavi_kap,1
Puneetvizh,fredhamilton,1
Puneetvizh,geetv79,1
Puneetvizh,inbred_mind,1
Puneetvizh,kap_bee,1
Puneetvizh,kukk44,1
Puneetvizh,mrsinghCricUmp,1
Puneetvizh,nandtara,1
Puneetvizh,pathan_neamath,1
Puneetvizh,priyankagandhi,1
Puneetvizh,priyapyadav18,1
Puneetvizh,psmanwatkar,1
Puneetvizh,ranjona,1
Puneetvizh,rkmarar9,1
Puneetvizh,ronaldrajanna,1
Puneetvizh,shuchitasrivast,1
Puneetvizh,silvestercliff,1
Puneetvizh,terence_fdes,1
Puneetvizh,tjose66,1
Puneetvizh,watdehel,1
PunterExpert,Indian_Analyzer,1
PunuPankaj,republic,1
PuriVirender,ANI,1
PuriVirender,INCIndia,1
PuriVirender,RahulGandhi,1
PuriVirender,narendramodi,1
QUEENx_xD,MajestyRia,1
QueerNaari,Raja_Sw,1
RAJESHK13762454,ndtv,1
RANJITS43955330,kaushikcbasu,1
RG101040,AtishiAAP,1
RG101040,KTRTRS,1
RG101040,PrakashJarwal,1
RG101040,SyedHazeena,1
RG101040,TRBRajaa,1
RG101040,Tenzingeche1,1
RG101040,ipathak25,1
RG101040,patna_RJD,1
RG101040,pbhushan1,1
RG101040,prakashraaj,1
RG101040,rajakumaari,1
RG101040,ysathishreddy,1
RGP_Trading,Martina,1
RJ18_AALE,Indian_Analyzer,1
RJ18_AALE,kalyanjac,1
RK2point0,ikamalhaasan,1
RK2point0,vijaytelevision,1
RKMukk,ashokepandit,1
RMforNetaji,satyanveshan,1
RQAAccountants,Swamy39,1
RST986,INCIndia,1
RST986,ShatruganSinha,1
RST986,rsprasad,1
RST986,sherryontopp,1
RST986,sonakshisinha,1
RT784726441,LakotaMan1,1
RVG58,ShampaDey13,1
R_P_Khare,AMISHDEVGAN,1
R_P_Khare,AnupamPKher,1
R_P_Khare,ShekharGupta,1
R_P_Khare,SirPareshRawal,1
R_P_Khare,TimesNow,1
R_P_Khare,anjanaomkashyap,1
R_P_Khare,narendramodi,1
R_P_Khare,republic,1
R_P_Khare,sardanarohit,1
R_P_Khare,sneheshphilip,1
RadPoll,iamkesarchauhan,1
RadPoll,narendramodi,1
RadPoll,nsitharaman,1
Raghav25509788,YouTubeIndia,1
RaghuRamaiah3,amit160793,1
RaghuRamaiah3,dr_veeprakash,1
Rahmanraju,ArvindKejriwal,1
Rahmanraju,ReutersAsia,1
Rahul0711_,INCIndia,1
RahulTalvar,narendramodi,1
RahulTi12173937,HCI_London,1
RahulTi12173937,RishiSunak,1
RahulTi12173937,SadiqKhan,1
RahulTi12173937,metpoliceuk,1
RahulTi12173937,sakshijoshii,1
Rahul_p12345,ArvindKejriwal,1
Rahul_p12345,Asksindia_,1
RahulgandhiSfan,INCIndia,1
RahulgandhiSfan,RahulGandhi,1
RahulgandhiSfan,kunalkamra88,1
Rahulsi28000933,INCIndia,1
Rahulsi28000933,Mayawati,1
Rahulsi28000933,RahulGandhi,1
Rahulsi28000933,rakeshbjpup,1
Rahulsi28000933,shalabhmani,1
Raj11750410,BBCHindi,1
Raj11750410,elonmusk,1
RajaHas04136872,ashoswai,1
Raja_Africa,BJP4Haryana,1
Raja_Africa,mlkhattar,1
Raja_Africa,narendramodi,1
Raja_Sw,QueerNaari,1
RajeevN67890427,elonmusk,1
RajeevN67890427,ndtv,1
RajeevS75831889,ArvindKejriwal,1
Rajiv20221,vinayak_jain,1
Rajiv_Scorpio,AamAadmiParty,1
Rajiv_Scorpio,ArvindKejriwal,1
Ram72258976,luckyschawla,1
Ram72258976,seriousfunnyguy,1
Ramesh_shivanna,BJP4India,1
Ramesh_shivanna,BJP4Karnataka,1
Ramesh_shivanna,RAshokaBJP,1
Ramesh_shivanna,Tejasvi_Surya,1
Ramesh_shivanna,VSOMANNA_BJP,1
Ramesh_shivanna,narendramodi,1
Ramkuma80133372,BJP4TamilNadu,1
Ramkuma80133372,YuwaSewaSangh,1
Ramkuma80133372,arivalayam,1
Ramkuma80133372,i_am_ravish,1
Ramkuma80133372,sivakumarie,1
Ramkuma80133372,xpresstn,1
RamptonJay1,AnneSablein,1
RanaMoinUddin2,Kalaam67367960,1
RanaMoinUddin2,ZEUS_PSF,1
RangamT,narendramodi,1
RangiyaSanjiv,blsanthosh,1
RaniNainika,KartiPC,1
Ranjith05333645,VatsSatender,1
Ranjith05333645,akashbanerjee,1
Ranjith05333645,kunalkamra88,1
Ranjith05333645,narendramodi,1
RanjithHosakere,1947democracy,1
RanjithHosakere,BJP4India,1
RanjithHosakere,INCIndia,1
RanjithHosakere,RahulGandhi,1
RanjithHosakere,narendramodi,1
RatanSharda55,narendramodi,1
RatneshPathak15,narendramodi,1
Raushan8789,BJP4Bihar,1
Raushan8789,BJP4India,1
Raushan8789,byadavbjp,1
Raushan8789,narendramodi,1
Raushan8789,nityanandraibjp,1
Ravi37503261,BCCI,1
Ravichandra1443,KapilSibal,1
Ravichandra1443,narendramodi,1
Ravie72371695,INCIndia,1
Ravispeaking,narendramodi,1
RawatDenny,AmitShah,1
Ray_luxuryyacht,MindExcavator,1
ReaderLals,deejaactually,1
ReaderLals,theycallme_x1,1
ReaderLals,wsxcvbnmlp,1
RealAravind36,AndhraPradeshCM,1
RealAravind36,CMOKerala,1
RealAravind36,CMOTamilNadu,1
Real_Vivek2020,AmitShah,1
Real_Vivek2020,PMOIndia,1
RedApeirogon,AnamitraBora1,1
Redchillifried,PTI_News,1
Reddevi44483856,Harenvshahin,1
Reddevi44483856,Sail_ptweets,1
Reddevi44483856,mufaddal_vohra,1
Rex56729647,elonmusk,1
Rex56729647,micsolana,1
Ricky00679107,AmitShah,1
Ricky00679107,PMOIndia,1
Ricky00679107,PawanKalyan,1
Ricky00679107,narendramodi,1
Ricky00679107,ncbn,1
Ricky00679107,ysrcongofficial,1
RidhimaTripath4,narendramodi,1
Rishab7997,Shelly76965,1
RishabhPandey5,Me_Predictor,1
RishabhRishu95,PMOIndia,1
RishabhRishu95,PiyushGoyal,1
RishabhRishu95,RailMinIndia,1
RishabhRishu95,narendramodi,1
Rishabians17,BCCI,1
Rishabians17,RishabhPant17,1
Rishi_INC,niravmodi,1
Ritikkeshri84,KapilMishra_IND,1
Ritikkeshri84,Pallavi28469877,1
Ritikkeshri84,myogiadityanath,1
Ritikkeshri84,narendramodi,1
Ritikkeshri84,shivabhardwaj_,1
RituRajqsc74,ArvindKejriwal,1
RizviSalim,narendramodi,1
RizviSalim,pankhuripathak,1
RizwanRajput444,OfficialDGISPR,1
Rjofficial2903,PiyushGoyal,1
Rjofficial2903,narendramodi,1
Rodriguesuzoo,AshwiniVaishnaw,1
Rodriguesuzoo,Dev_Fadnavis,1
Rodriguesuzoo,iyer_riyer695,1
Rofl_Punjabi,Cardamo77920366,1
Rohan_Bhargava_,UnSubtleDesi,1
RohiThomas,PMOIndia,1
RohiThomas,narendramodi,1
Rohit270294,Ankitpa73939167,1
Rohit270294,YogeshK13658134,1
Rohit270294,pushpampc13,1
RohitMGaikwad,AmitShah,1
RohitMGaikwad,BJP4India,1
RohitMGaikwad,BJP4Maharashtra,1
RohitMGaikwad,Dev_Fadnavis,2
RohitMGaikwad,KiritSomaiya,1
RohitMGaikwad,ModiBharosa,1
RohitMGaikwad,MumbaiBJP,1
RohitMGaikwad,OfficialUrmila,1
RohitMGaikwad,SMungantiwar,1
RohitMGaikwad,ShainaNC,1
RohitMGaikwad,ShelarAshish,2
RohitMGaikwad,TawdeVinod,1
RohitMGaikwad,aajtak,1
RohitMGaikwad,amitmalviya,1
RohitMGaikwad,arunjaitley,1
RohitMGaikwad,iGopalShetty,1
RohitMGaikwad,narendramodi,3
RohitMGaikwad,nitin_gadkari,3
RohitMGaikwad,poonam_mahajan,2
RohitMGaikwad,rajnathsingh,1
RohitMGaikwad,raosahebdanve,1
RohitManaktala,indian_nagrik,2
RohitManaktala,punitjuneja,1
RosesPaintedRed,Alex__1789,1
RosesPaintedRed,Taramarxian,1
RosesPaintedRed,bureaucatliu,1
RoshanSonmi,INCIndia,1
RoshanSonmi,narendramodi,1
RoshanSonmi,navedyar_khan,1
RoshanSonmi,thewire_in,1
Roshme333,DrSharmila15,1
RoyalTiger97,mxtaverse,1
RubyGuha,gganeshhh,1
Ruchbhavsar,narendramodi,1
Ruchbhavsar,netanyahu,1
RuchiLee,IndianExpress,1
RuchiLee,narendramodi,1
Rudra_TheArcher,INCIndia,1
Rudra_TheArcher,narendramodi,1
Rule_of_lawPAK,Cipher_Strategy,1
Rule_of_lawPAK,Minesbastos,1
Rule_of_lawPAK,RupertStone83,1
Rule_of_lawPAK,basitresearcher,1
RumanSpeaks,TimesNow,1
RumanSpeaks,kunalkamra98,1
RumanSpeaks,ndtv,1
RupaliJyoti,KS1729,1
RupaliJyoti,at_nobodyy,1
Rveerreddy,AmitShah,1
Rveerreddy,BJP4Telangana,1
Rveerreddy,BJPindia__,1
Rveerreddy,DeccanChronicle,1
Rveerreddy,SupremeCourtIND,1
Rveerreddy,narendramodi,1
Rveerreddy,nrijac,1
Rveerreddy,republic,1
SANJAY6RR,bhavi_kap,1
SANJEEV7778,narendramodi,1
SChalapathi,narendramodi,1
SELVARAJKANNAN9,LiveLawIndia,1
SELVARAJKANNAN9,pbhushan1,1
SGupta37786927,vaibhavUP65,1
SK58008634,Indian_Analyzer,1
SONNY_AUS,ndtv,1
SRGanguli1,GappistanRadio,1
SRGanguli1,MinhazMerchant,1
SRGanguli1,rahulkanwal,1
STDCode022,Vepk65275,1
SabeenJatoi,MoeedNj,1
SabeenJatoi,kuldidsingh,1
SacheinS2606,Indian_Analyzer,1
Sachin_K12,AmitShah,1
Sachin_K12,BJP4India,1
Sachin_K12,BJP4Karnataka,1
Sachin_K12,BSYBJP,1
Sachin_K12,CTRavi_BJP,1
Sachin_K12,RSSorg,1
Sachin_K12,narendramodi,1
Sachinbambhniya,narendramodi,1
Sachivg,BJP4India,1
Sachivg,BJP4JnK,1
Sachivg,Dharma2X,1
Sachivg,Swamy39,1
Sachivg,narendramodi,1
Saffronwing1,thesiriusreport,1
Sahanasatianaat,elonmusk,1
SailorAulakh,pbhushan1,1
SailorAulakh,singalromil,1
Saleem_Hassan7,mufaddal_vohra,1
SalomRaj9,TS_SinghDeo,1
Sameer_Rat,IndiaToday,1
Sameer_Rat,PMOIndia,1
Sameer_Rat,narendramodi_in,1
Sameermallick78,Arun_Kaku05,1
Sameermallick78,MrsGandhi,1
Samjudit,RakshaRamaiah,1
Samjudit,TVMohandasPai,1
Samjudit,YashwantSinha,1
Samjudit,narendramodi,1
SampathSharda,TMCforTN,1
SampathSharda,arivalayam,1
SampathSharda,mkstalin,1
Samuentaga,EuphoriTori,1
Sandeep17Tomor,gautam_adani,1
Sandeep17Tomor,the_hindu,1
SandeepBeladiy2,AmitShah,1
SandeepBeladiy2,arunjaitley,1
SandeepBeladiy2,narendramodi,1
SandipGhose,MahimaShastri,1
SandipGhose,PMOIndia,1
SandipGhose,ReshmiDG,1
SandipGhose,centerofright,1
SandipGhose,narendramodi,2
SandipGhose,smitabarooah,1
SandipGhose,swapan55,1
Sandip_Indica,RahulGandhi,1
Saniknr,narendramodi,1
SanjeeBabu,Dev_Fadnavis,1
SanjeeBabu,IndiaToday,1
SanjeeBabu,PiyushGoyal,1
SanjeevUpadhy13,risEnStArSURAJ,1
Sanjeev_kakar71,BeckyCNN,1
Sanjeev_kakar71,HardeepSPuri,1
Sankesh001,amitmalviya,1
Saptashwa7,Indian_Analyzer,1
Saptashwa7,KumarAlok1955,1
Saptashwa7,_pallavighosh,1
Sarahkhan770,Cricket52420856,1
Sarahkhan770,ImranKhanPTI,1
Sarahkhan770,vikrantgupta73,1
SardarVallabh,RShivshankar,1
SardarVallabh,TimesNow,1
SardarVallabh,narendramodi,1
Sarthak_kp2175,ArunSFan,1
Sarthak_kp2175,Jairam_Ramesh,1
Sarthak_kp2175,PriyankKharge,1
Sarthak_kp2175,RahulGandhi,1
Sarthak_kp2175,anjanaomkashyap,1
Sarthak_kp2175,bharatjodo,1
Sarthak_kp2175,kharge,1
Sarthak_kp2175,priyankagandhi,1
Sarthak_kp2175,rahulkanwal,1
Sarthak_kp2175,ravishndtv,1
Sarthak_kp2175,waglenikhil,1
Sarthakvikas,SubbaRaoTN,1
SarveshMeet,0mNam0,1
SarveshMeet,PChidambaram_IN,1
SarveshMeet,chandramani56,1
SarveswarB,BJP4India,1
SarveswarB,BJP4Odisha,1
SarveswarB,dpradhanbjp,1
SarveswarB,narendramodi,1
SarveswarB,ndtvindia,1
SarveswarB,otvnews,1
SatishN65030790,rakhitripathi,1
SatishSZope,ArunSFan,1
SatishSZope,Jairam_Ramesh,1
SatishSZope,PriyankKharge,1
SatishSZope,RahulGandhi,1
SatishSZope,anjanaomkashyap,1
SatishSZope,bharatjodo,1
SatishSZope,kharge,1
SatishSZope,priyankagandhi,1
SatishSZope,rahulkanwal,1
SatishSZope,ravishndtv,1
SatishSZope,waglenikhil,1
SatishTg1,ANI,1
SatpathiAnupam,AmbKapoor,1
SatpathiAnupam,AmbRus_India,1
SatpathiAnupam,IndEmbMoscow,1
SatpathiAnupam,IndianExpress,1
SatpathiAnupam,RITHMumbai,1
SatpathiAnupam,Ru_Cons_Kolkata,1
SatpathiAnupam,RusEmbIndia,1
SatpathiAnupam,SolodovDmitry,1
SatpathiAnupam,cgivladivostok,1
SatpathiAnupam,damon_bawa,1
SatpathiAnupam,mfa_russia,1
SatpathiAnupam,ruscult_chennai,1
SatpathiAnupam,rusintrade,1
SatpathyOnTruth,ECISVEEP,1
SatyaPeddapelli,KTRTRS,1
Satyam1819,BrasilEdition,1
Satyam1819,unbeatable48,1
SatyshivS,Aabhas24,1
SatyshivS,BJP4India,1
SatyshivS,CitiznMukherjee,1
SatyshivS,INCIndia,1
SatyshivS,PruthviRaj9769,1
SatyshivS,TrueIndology,1
SatyshivS,Virvij,1
SatyshivS,narendramodi,1
SaurabhMarwaha,ArvindKejriwal,1
SaurabhboseRC,TimesNow,1
SaurabhboseRC,narendramodi,1
Saurabhkumard12,ShashiTharoor,1
Saurabhkumard12,sunnyhundal,1
SaveHumanity111,R_Siddharthan,1
SaveSabrimala,BharatDharma,1
SaveSabrimala,arunjaitley,1
SaveSabrimala,majorgauravarya,1
SaveSabrimala,narendramodi,1
Savi_S9,BJP4India,1
Scorpion1007,CNNnews18,1
Scorpion1007,Zakka_Jacob,1
Scorpion1007,narendramodi,1
SecularFringe,amitmalviya,1
SeniorBruter,DeepikaSRajawat,1
SevadalDD,INCIndia,1
SevadalDD,PardeepChhabr12,1
SevadalDD,RahulGandhi,1
ShafiqAb1,Politics_Polls,1
ShafiqAb1,elonmusk,1
Shah_Xina,sambitswaraj,1
ShahzadasadiqR,AScindia,1
ShahzadasadiqR,JM_Scindia,1
ShailjaSgh,SuhagAShukla,1
Shakeelsati1927,MirMAKOfficial,1
ShamranMuhammad,QasimKhanSuri,1
SharmaM89,IndiaHistorypic,1
SharmaShubh,BJP4Rajasthan,1
SharmaShubh,narendramodi,1
SharmaVishal46,tinkerbell9958,1
Sharma_Vin_ay,NupurSharmaBJP,1
Sharma_Vin_ay,Swamy39,1
Sharma_Vin_ay,UnSubtleDesi,1
Sharma_Vin_ay,republic,1
Shasankp2,BJP4India,1
Shasankp2,ECISVEEP,1
Shasankp2,Nidhi,1
Shasankp2,akashbanerjee,1
Shasankp2,dhruv_rathee,1
Shasankp2,free_thinker,1
Shasankp2,sardesairajdeep,1
ShashankSingh82,VishalDadlani,1
Shaswatha108,anandmahindra,1
Shaswatha108,mageshmagi,1
SheenaokaWoman,DrYSinghSaini1,1
SheenaokaWoman,HVSBanwait,1
SheenaokaWoman,Pendu_Boyzz,1
SheenaokaWoman,SenSanders,1
SheenaokaWoman,SukhpalKhaira,1
Sheeraz4u,AmitShah,1
Sheeraz4u,BBCHindi,1
Sheeraz4u,BJP4India,1
Sheeraz4u,News18India,1
Sheeraz4u,SoULinStillNESS,1
Sheeraz4u,ZeeNews,1
Sheeraz4u,aajtak,1
Sheeraz4u,abhisar_sharma,1
Sheeraz4u,abpnewstv,1
Sheeraz4u,akshaykumar,1
Sheeraz4u,narendramodi,1
Sheeraz4u,ndtv,1
ShirazK4,RahulGandhi,1
ShivamKirtiSax1,DRDO_India,1
ShivamKirtiSax1,narendramodi,1
Shivam_311,HSajwanization,1
Shivam_311,M_Mordecai0,1
Shivam_311,Snowflakiezt,1
Shivam_311,proudindianmus,1
Shivam_Gosavi,PMOIndia,1
Shivam_Gosavi,ZeeNews,1
Shivam_Gosavi,narendramodi,1
Shivam_Gosavi,rajnathsingh,1
Shivauggera,Prof_Hariom,1
Shivauggera,narendramodi,1
Shiven2019,DevineniHamsa,1
ShoaibS31139565,ICC,1
ShodhitGoyal,aroonrao2000,1
ShodhitGoyal,rishibagree,1
ShoubhikD,PMOIndia,1
ShoubhikD,RahulGandhi,1
ShoubhikD,narendramodi,1
ShreyaS97249699,narendramodi,1
ShubhamAmbivert,mayar_khan,1
ShujathAliSufi,BJP4India,1
ShujathAliSufi,RahulGandhi,1
ShujathAliSufi,kishanreddybjp,1
ShujathAliSufi,narendramodi,1
ShujathAliSufi,rachitseth,1
ShujathAliSufi,sravandasoju,1
Sid77058694,rishibagree,1
SiddG19,AmitShah,1
SiddG19,MamataOfficial,1
SiddG19,narendramodi,1
SiddeshRao,SuryakantDeven1,1
SiddeshRao,narendramodi,1
SiddharthRoy25,BSP4India,1
SiddharthRoy25,SushriMayawati,1
SiddharthRoy25,narendramodi,1
SiddharthRoy25,priyankagandhi,1
SiddharthRoy25,samajwadiparty,1
SiddharthRoy25,yadavakhilesh,1
SiddiquiAndImam,tiwaryshweta,1
SinanAlHarith,CJBdingo25,1
Singh87691238,narendramodi,1
SinghGaur1,OfficeOfAdvani,1
SinghGaur1,narendramodi,1
SinghNiraz,narendramodi,1
SinghNiraz,narendramodi_in,1
SinghVAbhimanyu,JioCare,1
SinghVAbhimanyu,reliancejio,1
SinghVAbhimanyu,vajinkya16,1
Sisirkumardatt3,AITCofficial,1
Sisirkumardatt3,BJP4WBengal,1
Sisirkumardatt3,DilipGhoshBJP,1
Sisirkumardatt3,JasBJP,1
Sisirkumardatt3,KailashOnline,1
Sisirkumardatt3,RahulSinhaBJP,1
Sisirkumardatt3,narendramodi,1
SkWip,ArvindKejriwal,1
SkWip,NAN_DINI_,1
Slogy11,AkuBodohGuy,1
Slogy11,HelpingChads,1
Slogy11,garnetink_netin,1
SmitaKPune,ArvindKejriwal,1
SmitaPa22427400,TajinderBagga,1
SmnArun,DiligentGeek,1
SmnArun,ShivAroor,1
SmnArun,sskrishna_2,1
SocioPoliticalW,NitishKumar,1
Sohailmaka,majorgauravarya,1
SomjitDey,ArvindKejriwal,1
SomjitDey,ndtv,1
SoukatAhamed,rashtrapatibhvn,1
Soumya9219,ReutersAsia,1
Spockkyyy,Ravisutanjani,1
Sports_Kuldeep,BJP4India,1
Sports_Kuldeep,narendramodi,1
Sports_Kuldeep,sambitswaraj,1
SpottedElk7,drufitz8,1
Sprint_mind,INCIndia,1
Sprint_mind,RahulGandhi,1
Sprint_mind,kharge,1
Sprint_mind,narendramodi,1
SreyashiDey,MamataOfficial,1
SreyashiDey,narendramodi,1
Sridhar_SRN,IndiaToday,1
Srinidh48752585,ShefVaidya,1
Srinidh48752585,narendramodi,1
Srinidh48752585,vivekagnihotri,1
Srinivas_Guptha,divyaspandana,1
Ssuperdave4u,libbynyc,1
StarDeenu,BJP4India,1
StarDeenu,JioSaavn,1
StarDeenu,TajinderBagga,1
StarDeenu,mipaltan,1
StarDeenu,narendramodi,1
StarDeenu,reliancejio,1
StarDeenu,vivekagnihotri,1
StatueSpeaks,Tejasvi_Surya,1
StatueSpeaks,aajtak,1
StatueSpeaks,manogyaloiwal,1
StatueSpeaks,narendramodi,1
Strong_Bharat,MrVarunGoyal,1
Strong_Bharat,desimojito,1
Stubborn_desk,GovindarajanV10,1
Stubborn_desk,vijaygajera,1
Subcontinent111,Asksindia_,1
Subhash05187374,ShankersinhBapu,1
Subhash05187374,bainjal,1
Sucidebomber_,vijaygajera,1
Sudeep__Sinha,AmitShah,2
Sudeep__Sinha,AmitShahOffice,1
Sudeep__Sinha,BJP4India,2
Sudeep__Sinha,BJP4Maharashtra,1
Sudeep__Sinha,Dev_Fadnavis,1
Sudeep__Sinha,narendramodi,2
Sudhajai,UnSubtleDesi,1
SudhanPranavesh,AmitShah,1
SudhanPranavesh,BJP4India,1
SudhanPranavesh,JPNadda,1
SudhanPranavesh,NiveshChourey,1
SudhanPranavesh,annamalai_k,1
SudhanPranavesh,narendramodi,1
SudhiP51865959,ANI,1
Sudhir_ks84,PMOIndia,1
Sudhir_ks84,narendramodi,1
Sudhir_ks84,narendramodi_in,1
Sulemansundran4,WeThePeople3009,1
Sulla_Invictus,GreeneMan6,1
Sulla_Invictus,crocoduck_king,1
SumanSamal10,RanvirShorey,1
SumanthChinnu10,KTRTRS,1
SumanthChinnu10,ndtv,1
SumanthChinnu10,revanth_anumula,1
SumanthChinnu10,revathitweets,1
Sumit19870_,narendramodi,1
Sundii91,MajorPoonia,1
Sundii91,narendramodi,1
SundipK61956453,Indian_Analyzer,1
Sunil40728118,KirtiAzaad,1
Sunil85157166,aajtak,1
Sunil85157166,ashokasinghal2,1
Sunil85157166,narendramodi,1
Sunil85157166,sherryontopp,1
SunilB_29,KanchanGupta,1
SunilMandh,2425_mark,1
SunilMandh,morganhousel,1
SunilParasariya,DrKirodilalBJP,1
SunilRai4,taslimanasreen,1
SunilSepat,gewptgoc,1
SunilSepat,iSoumikSaheb,1
Sunnysweet16,ChandhokHursh,1
Sunnysweet16,dubash,1
Sunnysweet16,teasri,1
SuperPandaPa,IRCTCofficial,1
SuperPandaPa,RailMinIndia,1
SuperPandaPa,indianrailway__,1
SuperPandaPa,narendramodi,1
SurajHiDogaHai,ExSecular,1
SurajHiDogaHai,gunjanloheria,1
Surajit98804356,KhelaHobeUD,1
SurajitDash,PTI_News,1
SuratTejDhar,narendramodi,1
SurathM,ArvindKejriwal,1
SurathM,amitmalviya,1
SurendraDamani3,RShivshankar,1
SureshDMK19,INCIndia,1
SureshDMK19,Isriramseshadri,1
SureshDMK19,yeskay241974,1
SurienderKhalsa,BJP4India,1
SurienderKhalsa,JhaSanjay,1
SurienderKhalsa,narendramodi,1
SurjitJabbal,NewIndianXpress,1
SurjitJabbal,jabbalssurjit,1
SurjitJabbal,narendramodi,1
SuryaPr52118975,SevadalKLK,1
SuryaVa67767944,TimesAlgebraIND,1
Sushant99655745,ANI,1
Sushant99655745,smitaprakash,1
Suumandey,AmitShah,1
Suumandey,PiyushGoyal,1
Suumandey,iamsunnydeol,1
Suumandey,narendramodi,1
Suumandey,nsitharaman,1
SuvashaPanda,narendramodi,1
SuvashaPanda,sardesairajdeep,1
SwakhyarT,HMOIndia,1
SwakhyarT,KirenRijiju,1
SwakhyarT,MSJEGOI,1
SwakhyarT,PMOIndia,1
SwamyDada,AsYouNotWish,1
SwamyDada,RoshanKrRaii,1
Sweeneysucks,HackswithHaggs,1
THECHOUBEYDILIP,Republic_Bharat,1
TOIAhmedabad,narendramodi,8
TUSHUBAG,Unitedd_India,1
Tanejalawoffice,Sanjaygupts1996,1
TarunRajSingh_,BJP4India,1
TarunRajSingh_,amritabhinder,1
TarunRajSingh_,iKabirBedi,1
TarunRajSingh_,narendramodi,1
TarunSatiya,sbabones,1
Tavysingh,narendramodi,1
TeamBharatiya,ShekharGupta,1
TeamBharatiya,narendramodi,1
Teejay63,AJStream,1
Teejay63,narendramodi,1
TejasChintamani,AaronMathewINC,1
TejasChintamani,BryanCranston,1
TejasChintamani,RahulGandhi,1
TejasChintamani,aaronpaul_8,1
Telanganasuppor,HarishBRSUSA,1
Telanganasuppor,KTRTRS,1
Telanganasuppor,Nallabalu1,1
Telanganasuppor,RSRTRS,1
Telanganasuppor,VikramK99724267,1
Telanganasuppor,eccentricraj,1
Telanganasuppor,kishanreddybjp,1
Telanganasuppor,krishanKTRS,1
Telanganasuppor,sravandasoju,1
TempletonPeckJr,PeterDellaPenna,1
TenNewsDotIn,DhirendraGBN,1
TenNewsDotIn,PankajSinghBJP,1
TenNewsDotIn,dr_maheshsharma,1
TenNewsDotIn,narendramodi,1
TenNewsDotIn,tejpalnagarMLA,1
Terrible_asingh,mrjamesob,1
ThakurBagh,ggiittiikkaa,1
Thakur_VishalS,narendramodi,1
ThalaivaNxt,aspireswami,4
TharunPatel08,Politics_Polls,1
TharunPatel08,elonmusk,1
TheAnalyst8888,EconomicTimes,1
TheAnuragNag,indian_stockss,1
TheAnuragNag,narendramodi,1
TheBurhanAli,zoo_bear,1
TheContrarianPJ,kushal_mehra,1
TheForcesGuy,AamAadmiParty,1
TheForcesGuy,ArvindKejriwal,2
TheForcesGuy,KanchanGupta,1
TheForcesGuy,eOpinionPolls,1
TheForcesGuy,punam1punam,1
TheHansIndiaWeb,ncbn,1
TheHinduMag,johnstanly,1
TheLeaflet_in,DrAMSinghvi,1
TheOmkarThakur7,shubhankrmishra,1
ThePrabhatCh,ashokkmrsingh,1
ThePunisher1958,HardeepSPuri,1
TheRajSSRVD,RishiSunak,1
TheRajSSRVD,gymslip,1
TheRajSSRVD,kishida230,1
TheRajSSRVD,scorp48on,1
TheRajeshjk9,ShashiTharoor,1
TheTiredTruth,kamaalrkhan,1
TheTiredTruth,narendramodi,1
ThehinduData,RebeccaRoseVar1,1
Thippeswamy1967,BJP4India,1
Thippeswamy1967,narendramodi,1
ThiruYadav6,BJP4India,1
ThiruYadav6,INCIndia,1
ThiruYadav6,RahulGandhi,1
ThiruYadav6,RenukaJain6,1
ThiruYadav6,narendramodi,1
ThirumalWnp,ANI,1
ThirumalWnp,LotusBharat,1
Thirumurthy41,VishnuNDTV,1
Thirumurthy41,ndtv,1
ThuglakI,ArvindKejriwal,1
ThuglakI,Staunch_NaMo,1
TibetPeople,BrianDRuppert,1
TibetPeople,BuddhismTibet,1
TibetPeople,Buddhism_Now,1
TibetPeople,Kyangs_Thang,1
TibetPeople,OH_TibStudies,1
TibetPeople,StephBalkwill,1
TibetPeople,TibetanPeople_,1
TibetPeople,ccbs_studies,1
TibetPeople,degewa,1
TibetPeople,haha11lol11,1
TibetPeople,sangseraima,1
Tiger_Of_Bengal,Republic_Bharat,1
Tiger_Of_Bengal,narendramodi,1
TigreCabreado,DefenseDtb,1
TigreCabreado,OfSinews,1
TigreCabreado,ZEUS_PSF,1
TodibWalinee,GoodTrueNews,1
TodibWalinee,InnaVernikov,1
TodibWalinee,MaclennanTim,1
TodibWalinee,josula,1
TotagiR,Darkhorse_555,1
Toughstand,BJP4India,1
Toughstand,INCIndia,1
Toughstand,Suhana82874388,1
Toughstand,TarekFatah,1
Toughstand,narendramodi,1
Tranquerahboy,dhillonkevin,1
Travelbug9999,SupriyaShrinate,1
Trendsetting123,A14208485,1
Trendsetting123,ANI,1
Trendsetting123,Aneela_7,1
Trendsetting123,AnthonySald,1
Trendsetting123,ArunSFan,1
Trendsetting123,Ash_LoneHunter,1
Trendsetting123,AudaciousQuest_,1
Trendsetting123,DrAMSinghvi,1
Trendsetting123,INCIndia,1
Trendsetting123,KPadmaRani1,1
Trendsetting123,KapilSibal,1
Trendsetting123,LeenaMistrynjcp,1
Trendsetting123,Loneranger9new,1
Trendsetting123,Maruti_Corp,1
Trendsetting123,PChidambaram_IN,1
Trendsetting123,Pawankhera,1
Trendsetting123,RahulGandhi,1
Trendsetting123,SalariedTaxpay1,1
Trendsetting123,ShashiTharoor,1
Trendsetting123,Tamil1947,1
Trendsetting123,WuntakalL,1
Trendsetting123,YashwantSinha,1
Trendsetting123,aayeff1,1
Trendsetting123,arunjaitley,1
Trendsetting123,bainjal,1
Trendsetting123,beindiya,1
Trendsetting123,dhruv_rathee,1
Trendsetting123,drpoojaa,1
Trendsetting123,drshamamohd,1
Trendsetting123,harmony1960,1
Trendsetting123,logicalindianz,1
Trendsetting123,mujworld,1
Trendsetting123,narendramodi,1
Trendsetting123,ronaldrajanna,1
Trendsetting123,sanjukta,1
Trendsetting123,sibtehasan20,1
Trendsetting123,smritiirani,1
Trendsetting123,watdehel,1
TriptiRTiwari,BJP4India,1
TriptiRTiwari,narendramodi,2
Truethoughts68,BJP4India,1
Truethoughts68,Gupta_ReenaG,1
TruthBe92658745,Tejasvi_Surya,1
TruthBe92658745,miss_roh08,1
TruthOfIndians,Kumar96335493,1
TruthOfIndians,dhanyarajendran,1
TurkmenViking,AmitLeliSlayer,1
TurkmenViking,Prakhar93828105,1
TweetGowdru,RahulGandhi,1
USK141963,IamAjaySehrawat,1
U_krishna4U,AmitShah,1
U_krishna4U,BJP4India,1
U_krishna4U,narendramodi,1
UchilaNishit,_FaridKhan,1
UdayRajSinghBo1,CommissionIndia,1
UdayRajSinghBo1,Republic_Bharat,1
UdayRajSinghBo1,htTweets,1
UdayRajSinghBo1,narendramodi,1
UdayRajSinghBo1,nytimes,1
Udhaar_Ki_Bidi,ANI,1
Udhaar_Ki_Bidi,Being_Humor,1
Udhaar_Ki_Bidi,elonmusk,1
Udra_Uvacha,narendramodi,1
Umar_FansClub,drssshaikh,1
Umar_FansClub,iihtishamm,1
Umar_FansClub,muzammil_ahmd,1
Umar_Jamshed,Cheeku218,1
Umar_Jamshed,ImranKhanPTI,1
Umar_Jamshed,SeharShinwari,1
Umar_Jamshed,babarazam258,1
UmerBlue,bole_bharat,1
UmeshPu15063152,ArvindKejriwal,1
Umshchndra,AmitShah,1
Umshchndra,JPNadda,1
Umshchndra,RShervirala,1
Umshchndra,blsanthosh,1
Umshchndra,kishanreddybjp,1
Umshchndra,rvind81,1
UnagK,narendramodi,1
UptownPandit,AsraNomani,1
UptownPandit,PDeniseLong,1
UptownPandit,Respec_ADOS,1
UptownPandit,coolr46479653,1
UptownPandit,floppywaddle,1
UptownPandit,indumathi37,1
VALIPOKKANN,The_Kid_Icarus,1
VALIPOKKANN,virus69,1
VBHARANIDHARAN6,Divine_Politics,1
VBHARANIDHARAN6,annamalai_chap2,1
VBHARANIDHARAN6,annamalai_k,1
VBforNation,ArvindKejriwal,1
VBforNation,blsanthosh,1
VIKAS68081920,kamaalrkhan,1
VIKAS68081920,narendramodi,1
VINEET1966,BJP4India,1
VINEET1966,IndianExpress,1
VINEET1966,SalmanSoz,1
VINEET1966,narendramodi,1
VaasuSrinivasan,Jairam_Ramesh,1
VaasuSrinivasan,Pawankhera,1
VaasuSrinivasan,scribe_prashant,1
VaguelyRight,RenukaJain6,1
VaguelyRight,narendramodi,1
VaibhavWitness,JM_Scindia,1
VajeedAli,business,1
VajeedAli,opinion,1
VajeedAli,tylercowen,1
VakilBharati,DJ_drortho,1
VakilBharati,Drpratiksha1,1
VakilBharati,Squirrel_Soul,1
VakilBharati,Why_Doctor_,1
ValerianMeneze3,SupriyaShrinate,1
ValerianMeneze3,bainjal,1
ValsarajR,_pallavighosh,1
ValsarajR,sonnymonleema,1
VandanaMegastar,RahulGandhi,1
VandanaMegastar,Subytweets,1
VandanaMegastar,narendramodi,1
VcShrivastava,rupin1992,1
VenkateshPande2,narendramodi,1
VenkyMMT,iKamalVeda,1
VenuSpeak,ArvindKejriwal,1
VenuSpeak,Mayawati,1
VenuSpeak,RahulGandhi,1
Verpratech,Makebharatmahan,1
Verpratech,Sanjay3037,1
Verpratech,indianalltheway,1
Verpratech,narendramodi,1
Verpratech,temsutulaimsong,1
Vijapandey,AmarUjalaNews,1
Vijapandey,BJP4India,1
Vijapandey,DainikBhaskar,1
Vijapandey,HMOIndia,1
Vijapandey,INCIndia,1
Vijapandey,News18India,1
Vijapandey,RahulGandhi,1
Vijapandey,narendramodi,1
Vijapandey,republic,1
Vijay10870562,DAKSDV,1
Vijay10870562,alexmcet84,1
Vijayhema87,dhume,1
Vijayhema87,thevaibhavag,1
Vijayhema87,yadavakhilesh,1
Vijayhema87,yadavtejashwi,1
Vijendra1Verma,BJP4India,1
Vijendra1Verma,IndiaToday,1
Vijendra1Verma,Jay_Apoorva18,1
Vijendra1Verma,PandaJay,1
Vijendra1Verma,narendramodi,2
VikasInExile,ARanganathan72,1
VikashSharmaIB,KapilMishra_IND,1
VikashSharmaIB,ashwani_mahajan,1
Vikasthecult,narendramodi,1
VikramSamvat6,Saurabh_MLAgk,1
VikySinghal,BJP4India,1
VikySinghal,losmonrekha,1
VikySinghal,narendramodi,1
VikySinghal,prasannavishy,1
VikySinghal,ravigupta00,1
Vinay10071150,rishibagree,1
VinayDokania,narendramodi,1
Vinaykprakash,BBMP_CORPORATOR,1
Vinaykprakash,BJP4India,1
Vinaykprakash,BJP4Karnataka,1
Vinaykprakash,BJPKarITCell,1
Vinaykprakash,BSYBJP,1
Vinaykprakash,DVSBJP,1
Vinaykprakash,PCMohanMP,1
Vinaykprakash,bjparvind,1
Vinaykprakash,drashwathcn,1
Vinaykprakash,narendramodi,1
Vinod18735745,IanDunt,1
Vira_Ayush,Hatindersinghr3,1
Virender949,cartoonistrrs,1
Virender949,moliticsindia,1
VirkNilay,aajtak,1
Vishal_FilmBuff,narendramodi,1
VishnuBhadran93,preadi,1
Vishwaguru14,abhisar_sharma,1
Vishwaguru14,narendramodi,1
Viswana42276595,vinayk1111,1
VivekKu39833652,ArvindKejriwal,1
VivekKu39833652,MediaHarshVT,1
Vivek_Tyagi2,DrKumarVishwas,1
Vyshak39129218,GautamGambhir,1
WCepiphany,BJP4India,1
WTFworld9,narendramodi,1
WeThePeople3009,AUThackeray,1
WeThePeople3009,Indian_fairy77,1
WhoDatPhD,TheThomasSowell,1
WhoDatPhD,yodalaheewho,1
WhybotherMeh,AmanKayamHai_,1
WhybotherMeh,ArchieSriva,1
WhybotherMeh,Nidhi,1
WilliamJack_21,JM_Scindia,1
WintxrfellViz,abdullahhammad4,1
Wodehouse222,SwatySMalik,1
WorldOfAjeet,JhaSanjay,1
WorldOfAjeet,RahulGandhi,1
WuWeiLiving,joan_poh,1
WuWeiLiving,jynpang,1
Y0S0B,ArvindKejriwal,1
Y0S0B,KapilMishra_IND,1
YSJ2024,ysjagan,1
YashwanthPNaik,ANI,1
YashwanthPNaik,AmitShah,1
YashwanthPNaik,BSYBJP,1
YashwanthPNaik,INCIndia,1
YashwanthPNaik,narendramodi,1
Yasir_bangalore,GCC_MP,2
Yasir_bangalore,HKPatil1953,1
Yasir_bangalore,INCIndia,2
Yasir_bangalore,INCKarnataka,2
Yasir_bangalore,KarnatakaPMC,1
Yasir_bangalore,MLAYashomatiT,1
Yasir_bangalore,MYaskhi,2
Yasir_bangalore,PCvishnunadh,1
Yasir_bangalore,RahulGandhi,1
Yasir_bangalore,dineshgrao,1
Yasir_bangalore,kcvenugopalmp,1
Yasir_bangalore,narendramodi,2
YasserRonaldo__,ArfaSays_,1
YasserRonaldo__,ImAjayChopra,1
YasserRonaldo__,SiddharthVenk19,1
YesPiyushGupta,ArvindKejriwal,1
Yogendr96874081,ndtv,1
Yogiraj44367172,TheKusumBJP,1
Yogiraj44367172,bodyfixator,1
Yoursonly_Kunal,MonuCyIITR,1
Yugal_Nachiketa,Ujjawal1Mishra,1
Yukti___arora,BesuraTaansane,1
Yuvraaaj_,Politics_2022_,1
ZMadon,YoBlackPepper,1
ZMubshira,ShayanA2307,1
Zainiqbal786Za,Politics_2022_,1
_A_j_i_t,Akhilesh,1
_A_j_i_t,BJP4India,1
_A_j_i_t,ECISVEEP,1
_A_j_i_t,INCIndia,1
_A_j_i_t,IndiaToday,1
_A_j_i_t,RahulGandhi,1
_A_j_i_t,TimesNow,1
_A_j_i_t,adgpi,1
_A_j_i_t,narendramodi,1
_A_j_i_t,republic,1
_A_j_i_t,timesofindia,1
_A_j_i_t,yadavakhilesh,1
_Indian_Pride,BJP4TamilNadu,1
_Indian_Pride,StringReveals,1
_Indian_Pride,annamalai_k,1
_Indian_Pride,ishafoundation,1
_SensibleIndian,BJP4India,1
_SensibleIndian,INCIndia,1
_SensibleIndian,RahulGandhi,1
_SensibleIndian,narendramodi,1
_SensibleIndian,sampitroda,1
___bhatt,narendramodi,1
_aashutosh_,OfficeOfRSP,1
_aashutosh_,narendramodi,1
_aquibsiddiqui,narendramodi,1
_el_wolfie_,ANI,1
_iamDarshan,one_by_two,1
_naveenish,BCCI,1
_naveenish,chetans1987,1
_sshankar,AmitShah,1
_sshankar,narendramodi,1
_tea_person_,ActivistSandeep,1
_tea_person_,AtinS94299558,1
_tea_person_,rishibagree,1
_umakantsingh,MamataOfficial,1
_umakantsingh,yadavakhilesh,1
a4amitt,ArvindKejriwal,1
a4amitt,amitmalviya,1
aanand_ind,bhavi_kap,1
aanunim,AmitShah,1
aanunim,BJP4India,1
aanunim,Tejasvi_Surya,1
aanunim,narendramodi,1
aarifsk65,IndiaToday,1
aarifsk65,PoulomiMSaha,1
aarifsk65,amitmalviya,1
aavinashchaliha,AshokShrivasta6,1
aavinashchaliha,ShashiTharoor,1
aavinashchaliha,narendramodi,1
abdulilaah222,narendramodi,1
abhagup69695892,aajtak,1
abhagup69695892,gauravcsawant,1
abhayBoroBsty,AmitShah,1
abhayBoroBsty,himantabiswa,1
abhayBoroBsty,narendramodi,1
abhi_nangru,narendramodi,1
abhiksbp,Reporter_indian,1
abhinavsahay,RahulGandhi,1
abhishek2shukl,narendramodi,1
abhishekkrcare,BJP4India,1
abhishekkrcare,narendramodi,1
abhishekkrcare,sambitswaraj,1
abhishekmann18,LabyrinthAshish,1
abhitryst,narendramodi,1
abhiudupi96,ArvindKejriwal,1
absarpasha2,idineshdesai,1
abulqaish,Millat_Times,1
abulqaish,asadowaisi,1
abundantAK,ChouhanShivraj,1
abundantAK,narendramodi,1
achorera,ssrajamouli,1
acokaj,LSEGovernment,1
acokaj,LSEnews,1
acokaj,demi_neli,1
acokaj,guardian,1
acokaj,guardianopinion,1
acokaj,lea_ypi,1
actindia,AmitShah,2
actindia,BJP4India,1
actindia,narendramodi,2
adarsh_appa,INCIndia,1
adarsh_appa,ImranKhanPTI,1
adarsh_appa,RahulGandhi,1
adarsh_appa,TimesNow,1
adarsh_appa,eConto2013,1
adarsh_appa,narendramodi,1
adcajay,AmitShah,1
adcajay,HMOIndia,1
adcajay,Neeraj_AapBadli,1
adcajay,PMOIndia,1
adcajay,RanvirShorey,1
adcajay,narendramodi,1
addheeraj,chingch67629481,1
adidandime,Sanaya7v,1
adikya2,RahulGandhi,1
adityavuppala,narendramodi,1
aflatoonind,rayanislamabad,1
aflatoonind,shoaib100mph,1
agarwal458,_Shri_Kamlam,1
aggarwal_kunal7,IsraeliPM,1
aggarwal_kunal7,KremlinRussia_E,1
aggarwal_kunal7,PMOIndia,1
aggarwal_kunal7,narendramodi,1
aham_vritti,Mayawati,1
aham_vritti,narendramodi,1
ahmedkoya,Politics_2022_,1
airgod_anil,MrsGandhi,1
aishwar2414,1947democracy,1
aishwar2414,republic,1
ajajoshi,ArvindKejriwal,1
ajaychat555,INCIndia,1
ajaychat555,RahulGandhi,1
ajaychat555,narendramodi,1
ak_pattanayak,RahulGandhi,1
ak_pattanayak,pbhushan1,1
ak_pattanayak,srinivasiyc,1
aka_jimu,RahulGandhi,1
akamaltanha,Nidhii_SingH,1
akams_,LegalEzra,1
akams_,OlindPaul,1
akankshaswarups,YukteshwarKumar,1
akashkohli99,PMOIndia,1
akashkohli99,narendramodi,1
akbarcbe001,ANI,1
akbarcbe001,SivaramJ7,1
akghosh,hemanth_kgowda,1
akghosh,narendramodi,1
akhil_manne,Mirchi9,1
akhil_manne,TeluguTejam009,1
akkirango,MahalaxmiRaman,1
akkirango,SharadBishnoi05,1
akkirango,vbanno,1
akshayharlikar,BJP4India,1
akshayharlikar,INCIndia,1
akshayharlikar,RahulGandhi,1
akshayharlikar,narendramodi,1
aksingh2767,ramanmann1974,1
al_crick,Dubey1Neel,1
al_crick,ManishY07014487,1
al_crick,RahulThinksSo,1
al_crick,mufaddal_vohra,1
alishaikh3310,narendramodi,1
allthotaboopath,iamsrk,1
alok_bhatt,ArvindKejriwal,1
alok_bhatt,narendramodi,1
alokejoshi,INCIndia,1
alokejoshi,KapilSibal,1
alokejoshi,narendramodi,1
aman2800x,AudaciousQuest_,1
aman2800x,BJP4India,1
aman2800x,IamAGamerr,1
aman2800x,MachoMaestro,1
aman2800x,ProjectGE2019,1
aman2800x,RevathyNS,1
aman2800x,Subytweets,1
aman2800x,itsmesumis,1
aman2800x,mallucomrade,1
aman2800x,narendramodi,2
aman2800x,rashmi276717,1
aman2800x,trollsangh,1
amanhada12345,BJP4India,1
amanhada12345,businessline,1
amanmithaa,adah_sharma,1
amarveer_s,SharadBishnoi05,1
amarveer_s,sangeeta_tyagi,1
ambuj1tripathi,RahulGandhi,1
ambuj1tripathi,kaushkrahul,1
ambuj1tripathi,narendramodi,1
ambuj1tripathi,rajnathsingh,1
amij24,BJP4India,1
amij24,BJPBiharState,1
amij24,CMOBihar,1
amij24,INCIndia,1
amij24,IndiaToday,1
amij24,ShatruganSinha,1
amij24,aajtak,1
amij24,narendramodi,1
amij24,sonakshisinha,1
amit7794,RahulGandhi,1
amit7794,narendramodi,1
amitvocal,jigneshmevani80,1
amitvocal,narendramodi,1
amp1066_ani,RaghuramanMenon,1
amp1066_ani,Tiny_Dhillon,1
anIndian261088,INCIndia,1
anandsh42539594,AshwiniVaishnaw,1
anandsh42539594,DDNewsLive,1
anandsh42539594,PIB_India,1
anandsh42539594,PMOIndia,1
anandsh42539594,RailMinIndia,1
ananthnari,ThuglakD,1
ananthnari,annamalai_k,1
ananthnari,sgurumurthy,1
anbokshi,ppayub,1
andysanghvi,NavroopSingh_,1
angrywal1,Swamy39,1
anhilatecaste,Balajiv99,1
anhilatecaste,rishibagree,1
anibapat1,narendramodi,1
anibapat1,nitin_gadkari,1
aniketn62648454,chandnii__,1
anil7kishan,AmitShah,1
anil7kishan,narendramodi,1
anilGFPL,ReutersAsia,1
anilsharma45,BapnaSanjay,1
anilsharma45,narendramodi,1
anish_khosla,BJP4India,1
anish_khosla,INCIndia,1
anish_khosla,RahulGandhi,1
anish_khosla,TimesNow,1
anish_khosla,aajtak,1
anish_khosla,narendramodi,1
anish_khosla,republic,1
anjaligurav16,DefenceMinIndia,1
anjaligurav16,KetansinhS,1
anjaligurav16,MajorSaurabhSh1,2
anjaligurav16,NBhalwankar,1
anjaligurav16,NitinGurav9,2
anjaligurav16,PMOIndia,2
anjaligurav16,arunjaitley,1
anjaligurav16,crpfindia,1
anjaligurav16,khotsarika,1
anjaligurav16,lbscidsa,1
anjaligurav16,majorgauravarya,1
anjaligurav16,narendramodi,1
anjaligurav16,nsitharaman,2
anjaligurav16,rajnathsingh,1
anjaligurav16,republic,1
anjaligurav16,samirsinh189,1
ankitkumar8860,narendramodi,1
ankitmeswani,INCIndia,1
ankitmeswani,narendramodi,1
ankushh_b,narendramodi,1
antidote286,ANI,1
antidote286,ani_digital,1
anubhavk_21,NewsArenaIndia,1
anujgsj,ArvindKejriwal,1
anujgsj,BJP4India,1
anujgsj,INCIndia,1
anujgsj,RahulGandhi,1
anujgsj,narendramodi,1
anup_agarwal82,narendramodi,1
anuradhasabha,ByRakeshSimha,1
anuradhasabha,KannanSrikumar,1
anuradhasabha,KolahalasTV,1
anuradhasabha,Muralikrish088,1
anuradhasabha,amarprasadreddy,1
anuradhasabha,annamalai_chap2,1
anuradhasabha,annamalai_k,1
anuradhasabha,ckarunkumar,1
anuradhasabha,nagaraj80,1
anuradhasabha,sreeramjvc,1
anxioushours7,RahulGandhi,1
archie4445,narendramodi,1
archu243,narendramodi,1
aroraga,amarsidhu_,1
arpit_gupta_12,PrakashJavdekar,1
arpit_gupta_12,narendramodi,1
arpitsriv12,LambaAlka,1
arpitsriv12,Rahul_ForPM,1
arpitsriv12,SupriyaShrinate,1
arpitsriv12,srinivasiyc,1
arshiaunis,IbnKhaldunIndic,1
arslanpctfan,CricCrazyJohns,1
arslanpctfan,FilmFreak_0,1
arslanpctfan,RaghaavMD,1
arslanpctfan,ghahire,1
arslanpctfan,pkmkb_0019,1
arslanpctfan,rohit_0718,1
arunabhalahiri,Ashok_19,1
arunabhalahiri,BhatejaSahay,1
arunabhalahiri,MonicaK2511,1
arunabhalahiri,Nolifewoluv,1
arunabhalahiri,RocksMagik,1
arunabhalahiri,SanataniNk_5068,1
arunabhalahiri,SharadBishnoi05,1
arunabhalahiri,ashameows1406,1
arunabhalahiri,bangaloregunner,1
arunabhalahiri,konarksangal,1
arunabhalahiri,meelogsin,1
arunabhalahiri,nalayuckk2,1
arunabhalahiri,omkarthatte,1
arunabhalahiri,onlymilind1,1
arunabhalahiri,pauli_tickle,1
arunabhalahiri,piyushbafna1977,1
arunabhalahiri,sdjoshi55,1
arunabhalahiri,sun_usind,1
arunabhalahiri,tharealkosmos,1
arunabhalahiri,weiselaqua,1
arunbala9866,Jasonphilip8,1
arunbala9866,ProfSumathi,1
arungvsk,PChidambaram_IN,1
arunvrajkumar,IndianExpress,1
arunvrajkumar,arjuns04,1
arunvrajkumar,churumuri,1
arvind_inn,tee2799,1
aryan_mallick01,eshagupta2811,1
aryan_mallick01,narendramodi,1
as_kapoor,IndiaToday,1
asahay17,ArvindKejriwal,2
asahay17,amitmalviya,1
asahay17,msisodia,1
aschen__,DarthSagaswag,1
aseelbathery,INCIndia,1
aseelbathery,RahulGandhi,1
aseelbathery,ndtv,1
ashok1812,AamAadmiParty,1
ashok1812,ArvindKejriwal,1
ashok1812,MrsGandhi,1
ashokchouhan,ashoswai,1
ashtwitte,vijaygajera,1
ashubhguy,BJP4India,1
ashubhguy,narendramodi,1
ashwink96,vivekoberoi,1
ashwinmurthy,MamataOfficial,1
ashwinmurthy,Mayawati,1
ashwinmurthy,PawarSpeaks,1
ashwinmurthy,RahulGandhi,1
ashwinmurthy,mkstalin,1
ashwinmurthy,narendramodi,1
ashwinmurthy,yadavakhilesh,1
ashwinmurthy,yadavtejashwi,1
asimtwitt,SwamiGeetika,1
asimtwitt,narendramodi,1
asingh2611,ArvindKejriwal,1
asingh2611,BhagwantMann,1
aslidevbabu,JayShah,1
attorneybharti,ArvindKejriwal,1
attorneybharti,isudan_gadhvi,1
avi4605,ECISVEEP,1
avi4605,rashtrapatibhvn,1
avinashchoubey,arunjaitley,1
avinashchoubey,narendramodi,1
avyukttt,AmitShah,1
avyukttt,BJP4India,1
avyukttt,MaheishGirri,1
avyukttt,arunjaitley,1
avyukttt,narendramodi,1
avyukttt,nitin_gadkari,1
ayushhvj,SuPriyoBabul,1
ayushhvj,ThePlacardGuy,1
azharmk,MoizUrRehman_,1
azzy46,ndtv,1
azzy46,ndtvindia,1
azzy46,rohini_sgh,1
azzy46,umasudhir,1
b_anand,RahulGandhi,1
b_anand,ZeeNews,1
b_anand,aajtak,1
b_anand,abpnewstv,1
b_anand,narendramodi,1
b_anand,rahulkanwal,1
b_anand,republic,1
baba_bankchor_,ANI,1
baba_bankchor_,RAJEEVPANDE2405,1
baba_bankchor_,rider_provider7,1
baboolal1,Indian_Analyzer,1
baboolal1,halfbrokenhill,1
backupamit,SatyamV46148757,1
backupamit,ashwini_kochar,1
balaganesh1405m,BJP4India,1
balaganesh1405m,narendramodi,1
balaganesh1405m,nsitharaman,1
baljinder12490,srinivasiyc,1
baloch1132,ImranKhanPTI,1
baloch1132,gauravcsawant,1
balramshinde,PiyushGoyal,1
batman_ishh,BJP4India,1
batman_ishh,GautamGambhir,1
baupol,Hraoui17,1
bchowla,BesuraTaansane,1
bebaak__bol,BJP4India,1
bebaak__bol,RahulGandhi,1
bebaak__bol,SalmanNizami_,1
bebaak__bol,harmony1960,1
bebaak__bol,narendramodi,1
being_fara,ANI,1
being_fara,Baburaospeaking,1
beinggharshh,PMOIndia,1
beinggharshh,RajkummarRao,1
beinggharshh,narendramodi,1
beingindian108,thekaipullai,1
beingindian108,thirumagalasha,1
bela_pal,AmitShah,1
bela_pal,BJPLive,1
bela_pal,drdineshbjp,1
bela_pal,myogiadityanath,1
bela_pal,narendramodi,1
belvaimallya,ArvindKejriwal,1
benzal_dehyde,Vikram_7777777,1
benzal_dehyde,dekheeenjiii,1
bhakhtologic,KrisNair1,1
bharat_rns,Aditi_Indian_,1
bharat_rns,AhsAzad,1
bharat_rns,AzadHindAbad,1
bharat_rns,Azad_Hind_Fouj,1
bharat_rns,GenBipin,1
bharat_rns,IAF_MCC,1
bharat_rns,MMNarvane,1
bharat_rns,PritamD98150856,1
bharat_rns,adgpi,1
bharat_rns,artrac_ia,1
bharat_rns,priority_n,1
bharathbunny27,narendramodi,1
bharatkatyayan,DRDO_India,1
bharatkatyayan,narendramodi,1
bharatkatyayan,rssurjewala,1
bharatnag1,ArunSFan,1
bharatnag1,Jairam_Ramesh,1
bharatnag1,PriyankKharge,1
bharatnag1,RahulGandhi,1
bharatnag1,anjanaomkashyap,1
bharatnag1,bharatjodo,1
bharatnag1,kharge,1
bharatnag1,priyankagandhi,1
bharatnag1,rahulkanwal,1
bharatnag1,ravishndtv,1
bharatnag1,waglenikhil,1
bhaskareco67,RahulMukherji5,1
bhaskarsen11,AparupaPoddar,1
bhaskarsen11,CyclicSoul,1
bhaskarsen11,Dolasen7,1
bhaskarsen11,FirhadHakim,1
bhaskarsen11,Jayantasengoptu,1
bhaskarsen11,KOLLEO,1
bhaskarsen11,Karnikakahen,1
bhaskarsen11,Manekagandhibjp,1
bhaskarsen11,MuskanINC,1
bhaskarsen11,S_k_chaudhary,1
bhaskarsen11,abishekbagchi,1
bhaskarsen11,ali_oajed,1
bhaskarsen11,narendramodi,1
bhaskarsen11,rudranilblue,1
bhaskarsen11,tmcforindia,1
bhavik_g,Me_Predictor,1
bhavik_g,rai_sowkoor_Adi,1
bhavinvachhani,INCIndia,1
bhim_e,AamAadmiParty,1
bhim_e,DeepalTrevedie,1
bhismsingh,narendramodi,1
bidesh_desh,AngelaRayner,1
bidesh_desh,Friar_Balsam,1
bidesh_desh,neti_neti,1
bidesh_desh,tierney_ken,1
bikramjeet2051,Warrior_Mukul,1
binoy_chacko,NPDay,1
binoy_chacko,ShekharGupta,1
bipinbhimani,BJP4India,1
bipinbhimani,DrGPradhan,1
bipinbhimani,KapilMishra_IND,1
bipinbhimani,MrsGandhi,1
bipinbhimani,SureshNakhua,1
bipinbhimani,TajinderBagga,1
bipinbhimani,UnSubtleDesi,1
bipinbhimani,amitmalviya,1
bipinbhimani,girirajsinghbjp,1
bipinbhimani,myogiadityanath,1
bipinbhimani,narendramodi,1
bipinbhimani,rishibagree,1
birhu,AdvGantayat,1
birhu,KeshariDeb,1
birhu,SatpathyLive,1
birhu,Vkpandianfancl1,1
biswasuvro,DalitCongressUP,1
bithika11,23pradeepsingh,1
bobbie2201,INCIndia,1
bobbie2201,Otherparties,1
bobbie2201,RahulGandhi,1
bobbie2201,narendramodi,1
brgsays,DesiLadka234,1
brgsays,Me_Predictor,1
brgsays,TheEmissaryCo,1
bullyfromdesert,minicnair,1
carlosbhai,AaronMathewINC,1
cashkumark,ArvindKejriwal,1
cdpanchal,BJP4India,1
cdpanchal,INCIndia,1
cdpanchal,narendramodi,1
centrist2570_,Indian_Mortal,1
centrist2570_,zahacktanvir,1
ch_saeedahmad,RiyaDiljeet,1
chaata_buchiki,VSReddy_MP,1
chaata_buchiki,byadavbjp,1
chaitali253,AbhishBanerj,1
chaitali253,MamataOfficial,1
chaitali253,sanmoybanerji,1
chaitali253,sardesairajdeep,1
chaitanyadj,jitengajaria,1
chakrasrini,sumanthraman,1
chalotweetkaro,RahulGandhi,1
champrose,narendramodi,1
chandra0854,PK007_IND,1
chandra0854,srinivasiyc,1
chandra89774002,narendramodi,1
chandu_sethi,AdnanAliKhan555,1
chandu_sethi,khanna_somnath,1
chankonte35,AmitShah,1
chankonte35,BJPLive,1
chankonte35,aajtak,1
chankonte35,narendramodi,1
chauhan_ruchir,BJP4India,1
chauhan_ruchir,PMOIndia,1
chauhan_ruchir,narendramodi,1
chetans27289277,ArvindKejriwal,1
chhatithokke,Jairam_Ramesh,1
chichha_ledar,AmitShah,1
chichha_ledar,ArvindKejriwal,1
chichha_ledar,HardikPatel_,1
chichha_ledar,MamataOfficial,1
chichha_ledar,RahulGandhi,1
chichha_ledar,narendramodi,1
chichha_ledar,ncbn,1
chichha_ledar,yadavakhilesh,1
chiragmj0808,desh_bhkt,1
chiragpatel2907,ArvindKejriwal,1
chowkidaar_Raj,AgrwalRani,1
chowkidaar_Raj,ArunbajpaiRajan,1
chowkidaar_Raj,BJP4India,1
chowkidaar_Raj,KapilMishra_IND,1
chowkidaar_Raj,RahulGandhi,1
chowkidaar_Raj,RssKanishk,1
chowkidaar_Raj,ShilpiSinghINC,1
chowkidaar_Raj,TajinderBagga,1
chowkidaar_Raj,ippatel,1
chowkidaar_Raj,narendramodi,1
chowkidaar_Raj,rssurjewala,1
chowkidaarensis,BJP4India,1
chowkidaarensis,narendramodi_in,1
cmsrajesh,Dev_Fadnavis,1
cmsrajesh,Iiiiilhaaque,1
cmsrajesh,atullondhe,1
cmsrajesh,mieknathshinde,1
cmsrajesh,narendramodi,1
coffeestains11,narendramodi,1
comeonletsshare,Loneranger9new,1
coolest_sanghi,ArvindKejriwal,1
coolguyvarun01,DrHVoffice,1
coolguyvarun01,ManojTiwariMP,1
coolguyvarun01,SushmaSwaraj,1
coolguyvarun01,narendramodi,1
coolguyvarun01,rajnathsingh,1
coolmanvis,congress_,1
coolmanvis,narendramodi,1
coolmanvis,roshan_90,1
copyrighter19,veekay122002,1
countercurrents,countercurrents,1
countercurrents,rpuni,1
cowbai,CJBdingo25,1
cowbai,GitaSahgal,1
cowbai,INCIndia,1
cowbai,Pabloite,1
cowbai,PoMoGandhi,1
cowbai,RahulGandhi,1
cowbai,ShashiTharoor,1
cowbai,bobfrombrockley,1
cowbai,chalkpete,1
cowbai,feministdissent,1
cpensen,Swamy39,1
cqc_coffee_guns,SatyaBanerji,1
cqc_coffee_guns,dhruv_rathee,1
cqc_coffee_guns,sarathikg1,1
cric_crazy_js,KazmiWajahat,1
cric_crazy_js,iihtishamm,1
critic_03,elonmusk,1
critic_03,news24tvchannel,1
crypticyogi,ArvindKejriwal,1
csckdash,ANI,1
csckdash,FirstWorldGrief,1
csrengarajan,csrabi,1
csrengarajan,narendramodi,1
dadiyo64,24NewsHD,1
dadiyo64,UzmaRumi,1
dadiyo64,najamsethi,1
daivik_adake,narendramodi,1
dalitguru,Swamy39,1
darainalam,AsimAli6,1
darainalam,LicypriyaK,1
darainalam,SaibBilaval,1
darainalam,ZeeMohamed_,1
darainalam,disharavii,1
darklord_ms,ArvindKejriwal,1
darklord_ms,SmokingLiberals,1
darshilg,JPNadda,1
darshilg,narendramodi,1
darshilg,smritiirani,1
darshilg,unkownhindu,1
data4all,NewYorker,1
dattathakur,ArvindKejriwal,1
daulatjada,BJP4India,1
daulatjada,SirishaRao12,1
daulatjada,narendramodi,1
davedxb,ndtv,1
de_bose,pranav_s96,1
debasishdsarka1,JM_Scindia,1
decentwaraich,FirstSquawk,1
deep_maji,NamitaWahi,1
deepak_nayak33,InFreeSpace770,1
deepak_nayak33,geertwilderspvv,1
deepak_pawane,INCIndia,1
deepakbudki,RahulGandhi,1
deepakk6006,Sportskeeda,1
deepclash1234,Cryptic_Miind,1
deepish_ism,ArvindKejriwal,1
deepjain007,narendramodi,1
deepshrii,vijaygajera,1
deevidmah,ndtv,1
deshbhakt29,AamAadmiParty,1
deshbhakt29,kunalkamra88,1
deshbhakt29,narendramodi,1
deshhit10,narendramodi,1
desi_shephard,BJP4India,1
desi_shephard,narendramodi,1
desiderata_,Ethirajans,1
devcs,AmitShah,1
devcs,KeralaGovernor,1
devcs,narendramodi,1
devcs,rajnathsingh,1
devishsahil,MehboobaMufti,1
devsr84,Profdilipmandal,1
devsr84,outsidermas7,1
dew_pragath,JhaSanjay,1
dewan_dhiraj,JoeBiden,1
dhairyakumar,ImranKhanPTI,1
dharmdewan,KumarTyrion,1
dharmdewan,VishnuFNO,1
dharmen46941523,elonmusk,1
diadem_007,ADITYA122008,1
diadem_007,AnuVarsini,1
diadem_007,Aththimano,1
diadem_007,DMKITWING9,1
diadem_007,Haaarsshhh,1
diadem_007,Hereprak,1
diadem_007,Kratos80903512,1
diadem_007,Maayon_ash,1
diadem_007,TRBRajaa,1
diadem_007,gsabarees,1
dieSonne01,amitmalviya,1
dieSonne01,annamalai_k,1
digitalsanghii,PTI_News,1
dineshdivekar,narendramodi,1
dineshdivekar,pbhushan1,1
dineshjoshi18,vsirnate,1
dintweetz,LokPoll,1
dipankar1000,INCIndia,1
dipankar1000,MamataOfficial,1
dipankar1000,Mayawati,1
dipankar1000,NitishKumar,1
dipankar1000,RahulGandhi,1
dipankar1000,kamaalrkhan,1
dipankar1000,ncbn,1
dipankar1000,yadavakhilesh,1
dixashi,Ajain112,1
dmmanoj94,KTRTRS,1
dmmanoj94,PawanKalyan,1
dmmanoj94,narendramodi,1
dmmanoj94,ncbn,1
dmmanoj94,ysjagan,1
doctor_csr,TigerRajaSingh,1
doctor_csr,narendramodi,1
dontstageit,mlkhattar,1
dontstageit,narendramodi,1
dr_madaanKKC,BAbdulRaheem1,1
dr_madaanKKC,Dr_Uditraj,1
dr_madaanKKC,INCIndia,2
dr_madaanKKC,INCSandesh,1
dr_madaanKKC,INC_Television,1
dr_madaanKKC,SvpfIndia9,1
dr_madaanKKC,iipa9,1
dr_madaanKKC,ilo,1
dr_madaanKKC,kcvenugopalmp,1
dr_madaanKKC,kkc_india,2
dr_madaanKKC,sanjaygabaINC,1
drbmsinghal12,timesofindia,1
dream4everrrr,RahulGandhi,1
dream4everrrr,arunjaitley,1
dream4everrrr,narendramodi,1
dream4everrrr,smritiirani,1
drhvm_2001,INCIndia,1
drhvm_2001,abpnewstv,1
drhvm_2001,kharge,1
drhvm_2001,narendramodi,1
drmathimaths,RahulGandhi,1
drmathimaths,jothims,1
drprateekindia,BJP4Keralam,1
drrahulsri,narendramodi,1
drsanjaymayukh,BJP4India,1
dsquareddigest,Gilesyb,1
dumabichukwu,ObaTojo,1
dumabichukwu,TheNationNews,1
dumabichukwu,ahmed_jalekun,1
eAviPanwar,BattaKashmiri,1
eAviPanwar,Hinduism_sci,1
eAviPanwar,IndiaTales7,1
eAviPanwar,Sadhvi_prachi,1
eAviPanwar,Suchi_sharma_,1
eAviPanwar,Vadicwarrior,1
eAviPanwar,beingarun28,1
eAviPanwar,davidfrawleyved,1
eAviPanwar,findingtemples,1
eAviPanwar,hinduacademy,1
ek_deshpremi,bharatjodo,1
ekta2993,RahulGandhi,1
ekta2993,ravishndtv,1
elingardu,Cadeyrnn,1
elingardu,guntiiiii,1
embrozone,business,1
embrozone,opinion,1
embrozone,tylercowen,1
epd_anand,suneel1971,1
er_anandupadhya,BJP4Gujarat,1
er_anandupadhya,Divya_Bhaskar,1
er_anandupadhya,EtvGujaratiNews,1
er_anandupadhya,MRA_NGO_PUNE,1
er_anandupadhya,MinistryWCD,1
er_anandupadhya,NewsGujarati,1
er_anandupadhya,PMOIndia,1
er_anandupadhya,SIFKtka,1
er_anandupadhya,VtvGujarati,1
er_anandupadhya,cskkanu,1
er_anandupadhya,gujratsamachar,1
er_anandupadhya,narendramodi,1
er_anandupadhya,sandeshnews,1
er_anandupadhya,sifchandigarh,1
er_anandupadhya,siff4india,1
er_anandupadhya,sifgujarat,1
er_anandupadhya,sifngp,1
er_anandupadhya,sifpanipat,1
er_anandupadhya,tv9gujarati,1
er_anandupadhya,vaastavngo,1
ershanky,wasimakramlive,1
ertapanjatakia,ImranKhanPTI,2
ertapanjatakia,PTIofficial,2
ertapanjatakia,majorgauravarya,2
ertapanjatakia,shandanasaeed01,1
expecto_utkarsh,narendramodi,1
faizan_rahi13,abpmajhatv,1
faizanaamir94,narendramodi,1
fanboysidnaaz,RahulGandhi,1
fazlur31,htTweets,1
fazlur31,narendramodi,1
fekubawa,INCIndia,1
fekubawa,RPrasad74799171,1
fekubawa,SupriyaShrinate,1
fekubawa,veerappavenkap1,1
ferozjahan3,RahulGandhi,1
firensour1011,IndianExpress,1
fizaroo,TulsiGabbard,1
fizaroo,narendramodi,1
fpjindia,satishacharya,1
g22131,AamAadmiParty,1
g22131,ArvindKejriwal,1
g22131,TV9Bharatvarsh,1
gadanij,SahilGoyalAdv,1
gandharvgautam,ArvindKejriwal,1
ganeshpp,Harneetsin,1
ganeshpp,RajThackeray,1
garnetink_netin,AkuBodohGuy,1
garnetink_netin,HelpingChads,2
garnetink_netin,ThisguyTalha2,1
gauagg,AmitShah,1
gauagg,BJP4Delhi,1
gauagg,BJP4India,1
gauagg,GuptaJiUPWale,1
gauagg,KapilMishra_IND,1
gauagg,MaheishGirri,1
gauagg,ManojTiwariMP,1
gauagg,PrateekJain28,1
gauagg,PratyushKanth,1
gauagg,Punitspeaks,1
gauagg,TajinderBagga,1
gauagg,abhishekfrindia,1
gauagg,aparnagoelbjp,1
gauagg,iSinghApurva,1
gauagg,iSinghVikash,1
gauagg,kuljeetschahal,1
gauagg,narendramodi,1
gauagg,neelkantbakshi,1
gauagg,siddharthanbjp,1
gauravkrsrajput,iChiragPaswan,1
gauravkrsrajput,irvpaswan,1
gauravkrsrajput,narendramodi,1
gayaCNA,anwaribrahim,1
ghoshkk,SreyashiDey,1
ghoshkk,TimesNow,1
girmanipal,SouthAsianUni,1
gk3020,BBCNews,1
gmjecks,AmitShah,1
gmjecks,BJP4Arunachal,1
gmjecks,BJP4India,1
gmjecks,narendramodi,1
gmjecks,rammadhavbjp,1
gohil_96,BJP4India,1
gp62555817,shubhankrmishra,1
grassfedbeeef,ImranKhanPTI,1
grassfedbeeef,Rocksta1Reynold,1
grassfedbeeef,iramizraja,1
grovervj,AmitShah,1
grovervj,BJP4India,1
grovervj,BJP4Karnataka,1
grovervj,BSYBJP,1
grovervj,INCIndia,1
grovervj,INCKarnataka,1
grovervj,News9Tweets,1
grovervj,RahulGandhi,1
grovervj,ShobhaBJP,1
grovervj,dineshgrao,1
grovervj,narendramodi,1
grovervj,prameshjain12,1
gt_kozar,ericareport,1
gurdeep_virdi_1,ANI,1
guru__ghantaal,Indian_Analyzer,1
ha_taang,hazharoon,1
haajii99,kharge,1
hamishmacdona18,1312Se,1
hamishmacdona18,all23541275,1
happu_singh007,TajinderBagga,1
harishkumar_IND,TimesNow,1
harishkumar_IND,narendramodi,1
harry3165,GautamGambhir,1
harry3165,MaheishGirri,1
harry3165,YashwantSinha,1
harry3165,narendramodi,2
harsharock27011,narendramodi,1
harshit5259,BCCI,1
harshlapsia,BJP4India,1
harshlapsia,narendramodi,1
hatefreeworldX,GNOpinion,1
hatefreeworldX,RahulGandhi,1
hatefreeworldX,bainjal,1
hatefreeworldX,gulf_news,1
hbarstacking,Arpanbb,1
hbarstacking,narendramodi,1
heal_silence,kushal_mehra,1
hegde_ganapathi,Suhelseth,1
helloshailesh,ArvindKejriwal,1
hitpun15,RahulGandhi,1
hitpun15,narendramodi,1
hlast2704,MumbaichaDon,1
hodophilicx,Payalpatelaap,1
hokyarahahaibe,GorwayGlobal,1
hokyarahahaibe,RishiSunak,1
hollywood_jet,AndrewFiggy,1
hollywoodcurry,narendramodi,1
humanscare2,ABPNews,1
humanscare2,CMODelhi,1
humanscare2,DelhiPwd,1
humanscare2,ManojTiwariMP,1
humanscare2,NangloiW,1
humanscare2,Republic_Bharat,1
humanscare2,Sanjeev_aap,1
humanscare2,SuryajeetSingh7,1
humanscare2,ZeeNews,1
humanscare2,aajtak,1
humanscare2,indiatvnews,1
humanscare2,sambitswaraj,1
humanscare2,sudhirchaudhary,1
huzaifa81363690,AnwarLodhi,1
huzaifa81363690,ashna_34,1
huzaifa81363690,thecitizen_pak,1
huzefab,narendramodi,1
huzefab,sandipsabharwal,1
huzefab,sid_samanta,1
iDeshSharma,narendramodi,1
iDeshSharma,rssurjewala,1
iMPraka76048435,SupriyaShrinate,1
iMrProfessor,BJP4India,1
iMrProfessor,narendramodi,1
iNishant4,narendramodi,1
iShubhamJ,elonmusk,1
iShubhamJ,micsolana,1
i_shyam10,myogiadityanath,1
i_shyam10,narendramodi,1
i_vipuljvashhi,narendramodi,1
iamAbbySingh,DrSJaishankar,1
iamTapanPandya,narendramodi,3
iamThamem,narendramodi,1
iamThamem,svaradarajan,1
iamThamem,thewire_in,1
iamharmeetK,Arya_Anviksha_,1
iamharmeetK,RanvirShorey,1
iamharmeetK,realSatbirSingh,1
iamkaranbachani,ANI,1
iamkaranbachani,abpnewstv,1
iamkaranbachani,muhmmadbinsalmn,1
iamkaranbachani,narendramodi,1
iamkaranbachani,sanjaynirupam,1
iammishrapk,AmitLeliSlayer,1
iammishrapk,annamalai_k,1
iamrana,bulleyah,1
iamsafayet,ImKhannnn,1
iamsafayet,ImranKhanPTI,1
iamsafayet,OfficialDGISPR,1
iamsafayet,WajSKhan,1
iamsafayet,gyan_priy22,1
iamsafayet,narendramodi,1
iamshahss,BJP4India,1
iamshahss,INCIndia,1
iamshahss,Pawankhera,1
iamshahss,drartimehta,1
iamshahss,narendramodi,1
iamsubraman,fahee_mash,1
ifpforall,Abhratwitting,1
ifpforall,yashagarwalm,1
iid_sp,adityadickysin,1
iiirdi,narendramodi,1
imRakhiS,ArvindKejriwal,1
im_kaumudi,narendramodi,1
im_rnirmal,AIADMKOfficial,1
im_rnirmal,BJP4India,1
im_rnirmal,CMOTamilNadu,1
im_rnirmal,INCIndia,1
im_rnirmal,OfficeOfOPS,1
im_rnirmal,RahulGandhi,1
im_rnirmal,arivalayam,1
im_rnirmal,mkstalin,1
im_rnirmal,narendramodi,1
im_shiv_aa,PMOIndia,1
im_shiv_aa,narendramodi,1
imabidh,ImranKhanPTI,1
imabidh,RahulGandhi,1
imabidh,UN,1
imabidh,narendramodi,1
imabidh,sherryontopp,1
imactorprabhas1,Thanos_pandith,1
imactorprabhas1,divyasharma0978,1
imanishag,narendramodi,1
imboyb,historic_AB,1
imdiv_k,IAF_MCC,1
imdiv_k,INDIANARMY,1
imdiv_k,narendramodi,1
imsajal,deespeak,1
imsajal,narendramodi,1
imyousufkhan,ImranRiazKhan,1
inder_mohan,MamataOfficial,1
indian_cult,PawanKalyan,1
indian_exp18,chiragbarjatyaa,1
indian_girl15,coolfunnytshirt,1
indian_l0tus,RahulGandhi,1
indian_l0tus,SHAHIDA70662718,1
indian_l0tus,nidais4you,1
indian_manav,ndtv,1
indian_nagrik,anupagrawal23,1
indian_online,IanDunt,1
indian_online,IndiaToday,1
indian_online,NawazSharifMNS,1
indian_online,PTIofficial,1
indian_online,YousufNazar,1
indian_online,majorgauravarya,1
indian_online,naomi2009,1
indian_online,niazibae,1
indian_online,sardesairajdeep,1
indian_online,sbabones,1
indian_stockss,vinayak_jain,1
indianrook,ArvindKejriwal,1
indiansmes,BJP4India,1
indiansmes,PMOIndia,1
indiansmes,YouTube,1
indiansmes,narendramodi,1
indiansmes,republic,1
indiansmes,rsprasad,1
indiatvnews,GouravVallabh,1
indiatvnews,journosaurav,1
indoriitweeter,horror06,1
indoriitweeter,timesofindia,1
inismah,gauravsabnis,1
iprashant22,IndiaToday,1
iprashant22,manjeet_sehgal,1
iprashant22,rahulkanwal,1
ishankashi,Jairam_Ramesh,1
ishankashi,bratizbaqk,1
ishtiaq787,ArvindKejriwal,1
ishtiaq787,SupriyaShrinate,1
ism_Indian,TheViralFever,1
ism_Indian,sumitsaurabh,1
itsAnupriyaS,SardesaiVarun,1
itsNaman99,Raghuraj_Bhadri,1
itsVk_pratik19,AmitShah,1
itsVk_pratik19,narendramodi,1
itskannantwits,narendramodi,1
itstanmaysharma,BJP4India,1
itstanmaysharma,SushmaSwaraj,1
itstanmaysharma,narendramodi,1
itszabirahmed,ESPNcricinfo,1
itz_urz_Dhruv,sardesairajdeep,1
ix_zixi,excedrinenjoyer,1
jacquesmugatu,ajay43,1
jagdishc39,narendramodi,1
jaggurapta,narendramodi,1
jagpreetpama,Pung_AAP,1
jaideep2025,MrcuteAnish,1
jaideep2025,Prakash1Prasun,1
jaideep2025,SankarB78420183,1
jaideep2025,SonalKukreti,1
jaideep2025,aaliyagoyel1,1
jaideep2025,amarspks,1
jaideep2025,balajidtweets,1
jaideep2025,narendramodi,1
jaideep2025,nirbhaykapoor,1
jaideep2025,samirsinh189,1
jaideep2025,tushardelhi,1
jainrajeev501,khan_zafarul,1
jaissified,BJP4India,1
jaissified,Nidhi,1
jaissified,narendramodi,1
jamanlive,himantabiswa,1
jamanlive,narendramodi,1
janne_rams,MVenkaiahNaidu,1
janne_rams,PawarSpeaks,1
janne_rams,RahulGandhi,1
janne_rams,SharadYadavMP,1
janne_rams,SushmaSwaraj,1
janne_rams,narendramodi,1
janne_rams,ncbn,1
jarralnaqash94,ICC,1
jarralnaqash94,Investor_DSD,1
jarralnaqash94,NazamAslam1,1
jataka_tales,jyotiyadaav,1
jayachandra_pai,ShashiTharoor,1
jenishanghan,narendramodi,1
jenishanghan,vijayrupanibjp,1
jerrydsouza14,BCCI,1
jiboyv,INCIndia,1
jiboyv,TheAhmedShariff,1
jiboyv,adikulk,1
jjboruah,ndtv,1
joenicedj,GetIndieNews,1
joenicedj,ReefBreland,1
joenicedj,ogbonna_collin,1
john_is_da_man,Politics_2022_,1
johncheeran,ImranKhanPTI,1
johncheeran,narendramodi,1
johnnydullat,ARanganathan72,1
johnnydullat,NIA_India,1
johnygorkha,KapilMishra_IND,1
johnygorkha,Shinda911,1
johnygorkha,arpispeaks,1
josephpcherian,BCCI,1
josephpcherian,WasimJaffer14,1
jshilanjanm,BJP4India,1
jshilanjanm,ambkcsingh,1
jshilanjanm,narendramodi,1
jsprt20,narendramodi,1
jsprt20,priyankagandhi,1
jsprt20,shammybaweja,1
jssjaya,ashoswai,1
julushah,Am_dilip,1
julushah,AmitShah,1
julushah,Anju1951Purohit,1
julushah,BachaoIndiako,1
julushah,Bhartiy9,1
julushah,ChakdeIndia11,1
julushah,DebashishHiTs,1
julushah,Drsunandambal,1
julushah,IamRajii,1
julushah,JaganNKaushik,1
julushah,KINGEHIND,1
julushah,KashmirSParihar,1
julushah,KumarSa91466701,1
julushah,LD_VillageGuy,1
julushah,LillyMaryPinto,1
julushah,MODI_FiredHindu,1
julushah,NiranjanTripa16,1
julushah,Pepperm89283007,1
julushah,RaghavendraUp16,1
julushah,RashmiVRane,1
julushah,RathoreAsha,1
julushah,SGK19551,1
julushah,Saliltoday,1
julushah,SangoliR,1
julushah,Sapna_3,1
julushah,Satishrathod100,1
julushah,Savitritvs,1
julushah,SubramaniamIy19,1
julushah,ThunderIndia93,1
julushah,Udhav432,1
julushah,Vaidikah,1
julushah,ads7506,1
julushah,brainjal,1
julushah,colkt,1
julushah,dharmvirjangra9,1
julushah,gouranga1964,1
julushah,hrisjoshi,1
julushah,jyotsnavarma9,1
julushah,kailashkaushik8,1
julushah,mahavir0017,1
julushah,narendramodi,1
julushah,praneelraja,1
julushah,prasad_perla,1
julushah,ragarwal,1
julushah,ragarwal1111,1
julushah,snanda54,1
julushah,tutunpaul,1
julushah,vera_anz,1
julushah,yessirtns,1
justin23448669,narendramodi,1
justliveit21,KTRTRS,1
justliveit21,Mirchi9,1
justliveit21,NtvteluguHD,1
justliveit21,PMOIndia,1
justliveit21,RahulGandhi,1
justliveit21,TV9Telugu,1
justliveit21,TelanganaCMO,1
justliveit21,Telugu360,1
justliveit21,narendramodi,1
justliveit21,ndtv,1
justliveit21,timesofindia,1
jyotig1002,IndiaToday,1
jyotig1002,sardesairajdeep,1
jyotig1002,sbabones,2
k0stoglotov,DilettanteryPod,1
k_krahul,Aakar__Patel,1
k_krahul,DelhiPolice,1
k_krahul,TariqSDesai,1
k_krahul,svaradarajan,1
k_krahul,tunkuv,1
kalantri_vijay,narendramodi,1
kaleidoscopeic,rishibagree,1
kalyanjac,Indian_Analyzer,1
kandpalsonu1,cyalm,1
karan4solanki,KirenRijiju,1
karant440,MinaxhiSeshadri,1
karant440,TDasKumar,1
karant440,rose_k01,1
karthikarya28,narendramodi,1
karthiktz,BJP4India,1
karthiktz,INCIndia,1
karthiktz,RahulGandhi,1
karthiktz,narendramodi,1
karunamg,pollingofficial,1
kasaveri,Thinkerks,1
kasbel821,Tej_AnanthKumar,1
kasbel821,Tejasvi_Surya,1
kasbel821,narendramodi,1
kasbel821,yashodaben,1
kashsanj,AmitShah,1
kashsanj,RahulGandhi,1
kashsanj,narendramodi,1
kathanayakudu2,VSReddy_MP,1
kaushal1698,ArnavKaushik10,1
kaushal1698,IAF_MCC,1
kaushal1698,narendramodi,1
kaushikTripath4,JM_Scindia,1
kaushikvikram,Suhelseth,1
kaustav_t,IanDunt,2
kaustav_t,c_codes_,1
kaustav_t,hsunil10,1
kaustav_t,pratapkrishn23,1
kaustav_t,terry_maralyn,1
kaustav_t,vipul_kp,1
kazimtweets,bhupendrachaube,1
kazimtweets,narendramodi,1
kbssidhu1961,NotParagAgrawal,1
kchari2,IndianExpress,1
ketan_bagaria,Polytikles,1
keyan_sv,RahulGandhi,1
keyan_sv,jamewils,1
khaaknashien,AdityaRajKaul,1
khaaknashien,AnupamPKher,1
khaaknashien,FltLtAnoopVerma,1
khaaknashien,Ptr6Vb,1
khaaknashien,TandonRaveena,1
khaaknashien,TheSatishDua,1
khaaknashien,UN,1
khaaknashien,Vedmalik1,1
khaaknashien,amritabhinder,1
khaaknashien,atahasnain53,1
khaaknashien,i_Anika_Nazir,1
khaja_uk,ndtv,1
khajan,kharge,1
khan_layeeque,Sarangsspeaks,1
killersam64,SatishBahri,1
kingashoka111,Swamy39,1
kingashoka111,nviswam,1
kiran_m_kumar,BJP4Delhi,1
kiran_m_kumar,BJP4India,1
kiran_m_kumar,BJP4Karnataka,1
kiran_m_kumar,BJPLive,1
kiran_m_kumar,Swamy39,1
kiran_m_kumar,narendramodi,2
kiran_m_kumar,ndtv,1
kiran_m_kumar,smritiirani,1
kiran_stories,MhndrP,1
kiran_stories,narendramodi,1
kiran_stories,yinwoman,1
kirolaLalit,narendramodi,1
kissuentertain2,AradhnaSingh_,1
kks131049,Being_Humor,1
kks131049,Lohana1983,1
krishanuadak4,DaagaAurTeja,1
krishanuadak4,MrIrshadahmad,1
krishanuadak4,Za1d,1
krishind07,ANI,1
krishind07,narendramodi,1
krishnamurthir,SJB56856832,1
krishnavashisth,ArvindKejriwal,1
krishnavashisth,narendramodi,1
krishsql,ArfaSays_,1
krismeloche,kwelsh69513201,1
krismeloche,ptripp63,1
krvkethan,narendramodi,1
kshama1703,ANI,1
kshama1703,Amitkalraj,1
kshama1703,BJP4Bengal,1
kshama1703,BJP4India,1
kshama1703,ExSecular,1
kshama1703,GroupMastana,1
kshama1703,MamataOfficial,1
kshama1703,PMOIndia,1
kshama1703,SmritiS15,1
kshama1703,aajtak,1
kshama1703,abpnewstv,1
kshama1703,narendramodi,1
ktantp,HananyaNaftali,1
ktantp,RishiSunak,1
kuchhnahii,RahulGandhi,1
kuldipsingh99,IndiaToday,1
kuldipsingh99,nabilajamal_,1
kulluarvind9,narendramodi,1
kumar69781989,HasanSafin,1
kumar_saket06,AamAadmiParty,3
kumar_saket06,ArvindKejriwal,1
kumardhanak,RahulGandhi,1
kumardhanak,narendramodi177,1
kumardurgesh262,narendramodi,7
kumarjyoti1324,INCIndia,1
kumarjyoti1324,narendramodi,1
kunal9706,AmitShah,1
kunal9706,BJP4Assam,1
kunal9706,BJP4India,1
kunal9706,CMOfficeAssam,1
kunal9706,PMOIndia,1
kunal9706,narendramodi,1
kunal9706,sarbananda,1
kunsing,Schandillia,1
kunwarkundan,ARanganathan72,1
kurinjiboy,ArvindKejriwal,1
kurinjiboy,aartic02,1
kurinjiboy,narendramodi,1
kurinjiboy,ranjona,1
ladda_shrikant,ndtv,1
lallantop_loki,ArvindKejriwal,1
lata1509,narendramodi,1
lawgate_IN,narendramodi,1
laxman_m_k,Ajayvchandra1,1
laxman_m_k,khanavo,1
laxman_m_k,vikramchandra,1
leashless,kylemathews,1
leerdasmeer,PerturbedSnoop,1
libphobe,CommanderCrash,1
libphobe,FocusedPoor,1
libphobe,Jp1HhMf777,1
lifedivine3,narendramodi,1
lijinkumar1,annamalai_k,1
lodhi_arvindra,imranirampal,1
london4keeps,AviKaner,1
london4keeps,JaneWri82131900,1
london4keeps,MarinaMedvin,1
london4keeps,yair_politics,1
lovekeshchandra,Gopal_Italia,1
lovekeshchandra,avadhootashok,1
lovembansal_01,NagendraMS14,1
lovembansal_01,talk2anuradha,1
m4nibaba,INCIndia,1
m4nibaba,narendramodi,1
mDanesh46791587,ArfaSays_,1
madhusudan41,BJP4India,1
madhusudan41,Yadavavishkarat,1
madhusudan41,ppbajpai,1
madymadhav006,AK_Aspire,1
madymadhav006,AnishKamboj20,1
madymadhav006,DrPrafullaGupt2,1
madymadhav006,ManishR1187,1
mahaan_purush,Rajshree_yadav_,1
mahadevanrajesh,INCIndia,1
mahadevanrajesh,MWasnik_INC,1
mahadevanrajesh,Rahi,1
mahadevanrajesh,SanjaySDutt,1
mahadevanrajesh,americai,1
mahadevanrajesh,narendramodi,1
mahadevanrajesh,sirivellaprasad,1
mahesh246sharma,sudhirchaudhary,1
maheshach92,ayasharkhan,1
maheshach92,hazharoon,1
maheshach92,olauberpingpong,1
mahifanboy,ipunamchoudhary,1
mailkashyap2002,ANI,1
mailkashyap2002,ArvindKejriwal,1
maisonset,TelugiteVamsi,1
maj_sk,PoliticalKida,1
maj_sk,msisodia,1
mallu_rebel,AmitShah,1
mallu_rebel,BJP4India,1
mallu_rebel,narendramodi,1
malpaniofficial,RahulGandhi,1
malpaniofficial,aajtak,1
malpaniofficial,jain_kolana,1
malpaniofficial,ndtv,1
manaharika,nevastopxplorin,1
manazir_hindi,INCIndia,1
manazir_hindi,Mr_ManmohanSing,1
manazir_hindi,Punjaindia,1
mangeshdhaimade,BJP4India,1
mangeshdhaimade,Dev_Fadnavis,1
mangeshdhaimade,KiritSomaiya,1
mangeshdhaimade,narendramodi,1
mani24sjcpl,AmitShah,1
mani24sjcpl,BJP4India,1
mani24sjcpl,GVLNRAO,1
mani24sjcpl,GabbarSingTax,1
mani24sjcpl,HAL_India,1
mani24sjcpl,IndiaToday,1
mani24sjcpl,JhaSanjay,1
mani24sjcpl,MrsGandhi,1
mani24sjcpl,Nidhi,1
mani24sjcpl,RSSorg,1
mani24sjcpl,RangarajPandeyR,1
mani24sjcpl,TVMohandasPai,1
mani24sjcpl,amitmalviya,1
mani24sjcpl,chitraSD,1
mani24sjcpl,fayedsouza,1
mani24sjcpl,gauravcsawant,1
mani24sjcpl,harshmadhusudan,1
mani24sjcpl,karthickselvaa,1
mani24sjcpl,kishalay,1
mani24sjcpl,narendramodi,1
mani24sjcpl,nelsonvijay08,1
mani24sjcpl,prameshjain12,1
mani24sjcpl,priyankac19,1
mani24sjcpl,rahulkanwal,1
mani24sjcpl,republic,1
mani24sjcpl,rkhuria,1
mani24sjcpl,sagarikaghose,1
mani24sjcpl,sambitswaraj,1
mani24sjcpl,sumanthraman,1
mani_iyer0761,ARanganathan72,1
manis_kumar,narendramodi,2
manisha__gupta,250praveen,1
manisha__gupta,narendramodi,1
manisha__gupta,rishibagree,1
manishbpl1,RahulGandhi,1
manishbpl1,narendramodi,1
manishkargupta1,republic,1
manishkulk,Tej_AnanthKumar,1
manishkulk,narendramodi,1
manmeetagarwal,narendramodi,1
manmeetagarwal,republic,1
manmeetagarwal,sherryontopp,1
mannsanatani,MyNation,1
mannsanatani,abhijitmajumder,1
mannsanatani,soFarSoGood123,1
mannsanatani,vivekagnihotri,1
mannu_21,PTI_News,1
manojtjha,DrSJaishankar,1
manojtjha,PTI_News,1
mantej2020,VSReddy_MP,1
mantej2020,byadavbjp,1
manu_bvmntl,BBhuttoZardari,1
manu_bvmntl,narendramodi,1
mariumal,Shoaib_Jatt,1
martin00844336,salma_poet,1
matkewali,HENRIFANTHOME,1
matkewali,mayuri_patkar05,1
mayamadhava,AmitShah,1
mayamadhava,BJP4India,1
mayamadhava,BJP4Karnataka,1
mayamadhava,BjpUdupi,1
mayamadhava,ShobhaBJP,1
mayamadhava,TVMohandasPai,1
mayamadhava,amitmalviya,1
mayamadhava,davidfrawleyved,1
mayamadhava,narendramodi,1
mayamadhava,nsitharaman,1
mayamadhava,smritiirani,1
mayank_pcs,narendramodi,1
mayankbhartia77,AmitShah,1
mayankbhartia77,PiyushGoyal,1
mayankbhartia77,arunjaitley,1
mayankbhartia77,narendramodi,1
mayankbhartia77,nitin_gadkari,1
mayankbhartia77,rajnathsingh,1
mayankkumar123,ndtv,1
mayankredkop,BoRedBellingham,1
me6czahid,qurat5000,1
mePrabodhKant,AnupamPKher,1
mePrabodhKant,BJP4India,1
mePrabodhKant,PMOIndia,1
mePrabodhKant,ShashiTharoor,1
mePrabodhKant,ajmdk,1
mePrabodhKant,narendramodi,1
mePrabodhKant,sagarikaghose,1
mePrabodhKant,sardesairajdeep,1
mePrabodhKant,tavleen_singh,1
meaningless_Twt,suryapsingh_IAS,1
medha60,AmitShahOffice,1
medha60,BJP4India,1
medha60,BJP4Karnataka,1
medha60,mvmeet,1
medha60,narendramodi,1
meetumashankar,SiddiquiMaha,1
meetumashankar,narendramodi,2
mehta_pprakash,ArvindKejriwal,1
mgrg7,ramanmann1974,1
mhchoudhury98,akashbanerjee,1
mhchoudhury98,asadowaisi,1
mhchoudhury98,ashoswai,1
mhchoudhury98,awasthis,1
mhchoudhury98,dhruv_rathee,1
mhchoudhury98,sanjayuvacha,1
microrao,PMOIndia,1
microrao,narendramodi,1
milindshah2006,Arya_India13,1
mishravivek901,ImranKhanPTI,1
mishravivek901,abpnewstv,1
mishravivek901,narendramodi,1
mkluwangba,NBirenSingh,1
mkluwangba,narendramodi,1
mohan_puliampet,LavanyaBallal,1
mohan_puliampet,PoojaB1972,1
mohan_puliampet,SureshM29080542,1
mohan_puliampet,h_amrish,1
mohnmera,AamAadmiParty,2
mohnmera,BSDhingra1,2
mohnmera,Staunch_NaMo,2
monikaa6688,IndiaToday,1
monitwts,RahulGandhi,1
mossdx316,DineshDSouza,1
motorwala369,TarekFatah,1
motorwala369,raj11467614,1
mrafi,RahulGandhi,1
mritunj50269298,ShatruganSinha,1
mrnanda24,AshBiswal,1
mrnanda24,DattaHosabale,1
mrnanda24,DrShobha,1
mrnanda24,MrsGandhi,1
mrnanda24,PandaJay,1
mrnanda24,RKSinhaBJP,1
mrnanda24,RSSorg,1
mrnanda24,ShobhaBJP,1
mrnanda24,Sunil_Deodhar,1
mrnanda24,dpradhanbjp,1
mrnanda24,narendramodi,1
mrnanda24,sambitswaraj,1
mrnanda24,vinitgoenka,1
mudasiriqbal9,BJP4India,1
mudasiriqbal9,narendramodi,1
mudgal_k,ArvindKejriwal,1
mudgal_k,RahulGandhi,1
mudgal_k,Staunch_NaMo,1
mukesh_rawat16,PoliticalKida,1
mukesh_rawat16,msisodia,1
mukeshsinghin,AmitShah,1
mukeshsinghin,BJP4India,1
mukeshsinghin,RahulGandhi,1
mukeshsinghin,narendramodi,1
mukeshsinghin,nirmalnaik,1
mukeshsinghin,nsitharaman,1
mukeshsinghin,rahulkanwal,1
mukeshsinghin,vikasbha,1
mukulJawla1,EleenaShahbaz,1
mukulJawla1,zarnnj,1
mukuvacha,ashoswai,1
munafs7,j_garima_j,1
muthuramanrmb,Actor_Siddharth,1
muthuramanrmb,RahulGandhi,1
muthuramanrmb,akshaykumar,1
mvp_prakash,DineshKarthik,1
mvp_prakash,MuruganRam18,1
mvp_prakash,RayuduAmbati,1
mvp_prakash,Sriniva03524414,1
mvp_prakash,praveenv08,1
mvthaker,AmitShah,1
mvthaker,BJP4India,1
mvthaker,arunjaitley,1
mvthaker,narendramodi,1
nafeesa27,AmitShah,1
nafeesa27,narendramodi,1
naggypriya,ANI,1
naggypriya,IndiaToday,1
naggypriya,PMOIndia,1
naggypriya,TOIIndiaNews,1
naggypriya,TheOfficialSBI,1
naggypriya,narendramodi,1
nagurajesh,IndiaToday,1
nagurajesh,sbabones,1
nalinmehta,AshokaUniv,2
nalinmehta,BJP4India,2
nalinmehta,JBhattacharji,2
nalinmehta,TheNewBJP,2
nalinmehta,WestlandBooks,1
nalinmehta,aatreyee2,1
nalinmehta,karthikavk,2
nalinmehta,narendramodi,2
nalinmehta,rahul_tverma,1
nalinmehta,sanjeevrsingh,2
nallaganesh,RahulGandhi,1
nallaganesh,Tavysingh,1
nallaganesh,livemint,1
nallaganesh,narendramodi,1
nandlal8055,aditiyadav000,1
nandtara,RahulGandhi,1
nandtara,bainjal,1
naren56_o,LevinaNeythiri,1
naren56_o,sneheshphilip,1
nauwaq,AnshumanSail,1
naveensomvanshi,ArvindKejriwal,1
nayanabose,narendramodi,1
nayanabose,ndtv,1
nazarulislam71,ShekharGupta,1
nazarulislam71,narendramodi,1
neelu_pravesh,juggernautbooks,1
neelu_pravesh,sagarikaghose,1
neenaRichie33,27Tawnyowl,2
neenaRichie33,MrHarryCole,2
nepat64,SyapaaGirl,1
netizenhind,TelanganaCMO,1
netizenhind,asadowaisi,1
netizenhind,trspartyonline,1
new_immigrant,patrickbrownont,1
nhlfandan,AnmolGaganMann,1
nhlfandan,AroraAmanSunam,1
nhlfandan,BhagwantMann,1
nhlfandan,aartic02,1
nhlfandan,harjotbains,1
nhlfandan,santoshspeed,1
niazi_jr7,PTIofficial,1
niazi_jr7,indian_online,1
niazi_jr7,majorgauravarya,1
niftyji,PMOIndia,1
niftyji,narendramodi,1
nihal_pavan,divyaspandana,1
nihal_pavan,narendramodi,1
nikhilkarkare8,RahulGandhi,1
nikhilkarkare8,abpnewstv,1
nikhilkarkare8,narendramodi,1
nikhy2612,BJP4Delhi,1
nirajkummarsing,AamAadmiParty,1
nirajkummarsing,ArvindKejriwal,1
niteshvnair,AnchorAnandN,1
njkenny,AAPGujarat,1
njkenny,Payalpatelaap,1
nkanekal,DeccanHerald,1
nkanekal,hd_kumaraswamy,1
nkanekal,narendramodi,1
nmhegde75,INCTelangana,1
nmhegde75,anusharavi10,1
nmhegde75,kskiyer,2
nnojha,ANI,1
nocaste_,ArvindKejriwal,1
nocaste_,_SandeepDikshit,1
nomadicoyster,Firezstarter1,1
nonebyzero,JoshuaPHilll,1
nooriha1234,iihtishamm,1
notyet47019407,_Jasmine___1,1
notyet47019407,andyverity,1
notyet47019407,doctor_oxford,1
nrupalmehta,narendramodi,1
nviswam,Swamy39,1
nviswam,yesaswi30,1
office_das,DadaMatang,1
office_das,DarshanGor22,1
office_das,ModiBharosa,1
office_das,PiyushPatelBJP,1
office_das,Rajesh__Gor,1
office_das,Ram__Rathod,1
office_das,ThackerNikhil,1
office_das,advpjjadeja,1
office_das,ivishalthacker,1
office_das,narendramodi_in,1
office_das,varun_thacker,1
ommishra2899,Ra_THORe,1
ommishra2899,narendramodi,1
onjayan,JohnBrittas,1
onlygoodvibeszz,AbhiMaths2017,1
onlygoodvibeszz,AnupamPKher,1
onlygoodvibeszz,narendramodi,1
optimistsurgeon,NitishKumar,1
oye___man,ArvindKejriwal,1
oye___man,ECISVEEP,1
oye___man,RahulGandhi,1
oye___man,narendramodi,1
p_malavikapatil,unraveaero,1
padiyar_u,Indian_Analyzer,1
paekut,Suhelseth,1
pan_sinha,ArvindKejriwal,1
pankajg96094450,RaviRanjanIn,1
pareeyam,ArvindKejriwal,1
paritush_assam,AmitShah,1
paritush_assam,AskAnshul,1
paritush_assam,EpsitaBarua,1
paritush_assam,NewsLiveGhy,1
paritush_assam,Nihar_Sarma,1
paritush_assam,Pijush_hazarika,1
paritush_assam,ZeeNewsHindi,1
paritush_assam,himantabiswa,1
paritush_assam,manabdeka,1
paritush_assam,myogiadityanath,1
paritush_assam,nanglucky,1
paritush_assam,narendramodi,1
parmarrahul1991,mpparimal,1
parthap05367836,ShubhamAzadHind,1
parthology,AmitShah,1
parthology,narendramodi,1
patel7296,narendramodi,1
pattaazhy,bhatnaturally,1
pattaazhy,centerofright,1
pattnaikpramod1,BJP4Delhi,1
payaltanna8,narendramodi,1
peace1391,narendramodi,1
pgplavida,Jairam_Ramesh,1
pgplavida,bratizbaqk,1
pgplavida,kharge,1
pharmauth127,CNN,1
phoenixxxxxz,desimojito,1
pieushsapna,AamAadmiParty,1
pieushsapna,ArvindKejriwal,1
pieushsapna,harjotbains,1
pieushsapna,thakur_surjeet,1
piyushdesaibjp,narendramodi,1
pk99000,amanmithaa,1
pkm1999,AmitShah,1
pkm1999,BDUTT,1
pkm1999,INCIndia,3
pkm1999,IndiaHistorypic,1
pkm1999,LambaAlka,1
pkm1999,Nidhi,1
pkm1999,PrannoyRoyNDTV,1
pkm1999,PritishNandy,1
pkm1999,RahulGandhi,2
pkm1999,RaisinaSeries,1
pkm1999,SushriMayawati,1
pkm1999,ashoswai,1
pkm1999,ayhussain,1
pkm1999,bainjal,2
pkm1999,majorgauravarya,1
pkm1999,narendramodi,2
pkm1999,sagarikaghose,1
pkm1999,sardesairajdeep,1
pkunalp,adgpi,1
pkunalp,narendramodi,1
pmaliens,AartiTikoo,2
pmaliens,RahulGandhi,3
pmaliens,RonyDutta,1
pmaliens,Shankar_Bidari,1
pmaliens,maneeshchhibber,1
pmaliens,narendramodi,4
pmaliens,prvish,1
pmkv27,ANI,1
pmkv27,JaiTDP,1
pmkv27,narendramodi,1
pmkv27,ncbn,1
pnkjks,AamAadmiParty,1
pnkjks,ArvindKejriwal,1
politicalmonk51,ArvindKejriwal,1
politicalmonk51,MediaHarshVT,1
politicalmonk51,PMOIndia,1
politicalmonk51,mshahi0024,1
politicalmonk51,narendramodi,1
politics__sport,BCBtigers,1
politics__sport,BLACKCAPS,1
politics__sport,CricketAus,1
politics__sport,ICC,1
politics__sport,OfficialSLC,1
politics__sport,ProteasMenCSA,1
politics__sport,TheRealPCB,1
politics__sport,windiescricket,1
porus_Numbardar,ShivSena,1
porus_Numbardar,narendramodi,1
potterhead0531,ANI,1
potterhead0531,RahmaniShazi,1
potterhead0531,Zainiqbal786Za,1
prabhakaryerram,BJP4India,1
prabhakaryerram,sambitswaraj,1
pradeepkunche,AmitShah,2
pradeepkunche,ArvindKejriwal,1
pradeepkunche,BJP4India,2
pradeepkunche,CNNnews18,1
pradeepkunche,MamataOfficial,1
pradeepkunche,ManojSharmaBpl,1
pradeepkunche,Mayawati,1
pradeepkunche,RSSorg,1
pradeepkunche,RahulGandhi,1
pradeepkunche,SadhviPragya_MP,1
pradeepkunche,SitaramYechury,1
pradeepkunche,arunjaitley,1
pradeepkunche,narendramodi,2
pradeepkunche,ncbn,1
pradeepkunche,rsprasad,1
pradeepkunche,yadavakhilesh,1
pradeepv21,ArvindKejriwal,1
pradeepv21,CaptNauniGill,1
pradip103,jankibaat1,1
prafful_sarda,AshishSinghLIVE,1
prafful_sarda,aashish81us,1
prafful_sarda,manakgupta,1
prafful_sarda,narendramodi,1
prafful_sarda,narendramodi_in,1
prafful_sarda,vinay1011,1
prafulla_babul,RahulGandhi,1
prafulla_babul,divyaspandana,1
prafulla_babul,narendramodi,1
prafulla_babul,nimmasuresh,1
prafulla_babul,worldbankdata,1
prakashkumarchh,JhaSanjay,1
prakshepaastr,DrSJaishankar,1
prakshepaastr,HardeepSPuri,1
pramodthimmaiah,SunilSubaiah,1
pramodthimmaiah,sharanpoovanna,1
pramodthimmaiah,siddaramaiah,1
prasanthdx9,AavinTN,1
prasanthdx9,MSSevanism_7,1
prasanthdx9,arivalayam,1
prasanthdx9,sunnewstamil,1
prashant0619,narendramodi,1
prashant0619,rahulkanwal,1
prashant2280,wmakarand,1
prathap402246,KumarExclusive,1
pratikmukane,ss_suryawanshi,1
prereligionman,pbhushan1,1
prettypadmaja,IndiaToday,1
prettypadmaja,SanatanWays,1
prettypadmaja,sbabones,1
prince_umesh04,UnSubtleDesi,1
priya_lakkol,RahulGandhi,1
prof_mshukla,akshaykumar,1
prof_mshukla,narendramodi,1
profpratap,BJP4India,1
proud_indian011,republic,1
ps5_expert_play,Sfirx426,1
ps5_expert_play,janecoaston,1
ptnkant,narendramodi,1
puneet705,narendramodi,1
punkndfunk,StephenKing,1
punkndfunk,elonmusk,1
pushpinder0311,narendramodi,1
pvedi,ashoswai,1
pvnr1977,ArvindKejriwal,1
r2krs,ArvindKejriwal,1
r_pallavi_,ArvindKejriwal,1
rachitaprasad,PMOIndia,3
rachitaprasad,narendramodi,3
radionews_jammu,AmitShah,1
radionews_jammu,BJP4India,1
radionews_jammu,narendramodi,1
rahmed40095085,ESPNcricinfo,1
rahul_agasthya,narendramodi,1
rahul_nayan_,narendramodi,1
rahulgr8gupta,AmitShah,1
rahulgr8gupta,narendramodi,1
rahulgr8gupta,varungandhi80,1
rahulmeher,INCIndia,1
rahulmeher,LambaAlka,1
rahulmeher,RahulGandhi,1
rahulmeher,Rahul_ForPM,1
rahulmeher,SupriyaShrinate,1
rahulmeher,srinivasiyc,1
rahulshah1590,BJP4India,1
rahulshah1590,narendramodi,1
raiparas,narendramodi,1
rajaramrajgopal,annamalai_k,1
rajesh17176068,IMVijayan1,1
rajesh17176068,IndianFootball,1
rajesh17176068,Shaji4Football,1
rajesh17176068,kalyanchaubey,1
rajmanu77799,BCCI,1
rajmanu77799,PrithviShaw,1
rajmanu77799,bishnoi0056,1
rajmanu77799,chetans1987,1
rajmanu77799,y_umesh,1
rajmytech,AmitLeliSlayer,1
rajsinghrahul0,AAPNareshBalyan,1
rajtri_1710,IndiaToday,1
rajtri_1710,narendramodi,1
rajtri_1710,rahulkanwal,1
rajtri_1710,sardesairajdeep,1
rajuagn,suhasinih,1
rajusvin,AnshumanSail,1
rajveer34567,AmitShah,1
rajveer34567,PMOIndia,1
rajveer34567,arunjaitley,1
rajveer34567,narendramodi,1
rakeshcspeaks,SalmanSoz,1
rakeshcspeaks,SushmaAnand89,1
rakeshcspeaks,narendramodi,1
rakeshcspeaks,sanjayuvacha,1
ramdasoffice,Er_deepikarana,1
ramdasoffice,kushoffice,1
ramdasoffice,raju_bhai123,1
ramdasoffice,shubhankrmishra,1
rammohan4b,BJP4India,1
rammohan4b,INCIndia,1
rammohan4b,RahulGandhi,1
ramuhmn,ndtvindia,1
ramuhmn,zoo_bear,1
ranakhalid765,raghu_saran10,1
randomthakkar14,Saurabh_MLAgk,1
rangarajbabu,harsharajsahu,1
rangarajbabu,htTweets,1
ranjeetspecial,BesuraTaansane,1
ranjithvu,mohandastg,1
rao_n101,dreamgirlhema,1
raomeenakshi7,AcharyaSandra,1
raomeenakshi7,BJP4India,1
raomeenakshi7,BJP4Karnataka,1
raomeenakshi7,Priya54247587,1
raomeenakshi7,Tejasvi_Surya,1
raomeenakshi7,me_soudu,1
raomeenakshi7,mocking_bird01,1
raomeenakshi7,narendramodi,1
raomeenakshi7,sarika3011,1
rashshokh,0__Shunya__0,1
rathirajatweets,YasH_317,1
rauby11,ARanganathan72,1
rauby11,JaipurDialogues,1
rauby11,vikramsampath,1
ravi08_sangwan,ArvindKejriwal,2
ravikummitha,KTRTRS,1
ravipolara,VtvGujarati,1
ravipolara,narendramodi,3
ravipolara,priyankagandhi,1
ravsky9,ArvindKejriwal,1
raysubrata,indian_stockss,1
realArunVijayV,bhagatram2020,1
reevakhanna1,Schandillia,1
reevakhanna1,TheDeshBhakt,1
rehan74267134,MnshaP,1
rickyjha33,BJP4India,1
rickyjha33,DelhiMuse,1
rickyjha33,GautamGambhir,1
rickyjha33,NehaShalini2,1
rickyjha33,PansariNeha,1
rickyjha33,ParasKGhelani,1
rickyjha33,PrernakumariAdv,1
rickyjha33,Reema_bjp,1
rickyjha33,SoniaGurnani19,1
rickyjha33,narendramodi,1
rickyjha33,pashyantii,1
rickyjha33,pulkit321mat,1
rickyjha33,sandeepfromvns,1
riddle_me_thiss,indiatvnews,1
risingindia75,AamAadmiParty,1
risingindia75,ArvindKejriwal,1
risingindia75,bhairav_hara,1
riteshagarwal4u,KanchanGupta,1
riteshbb,tuvter,1
ritzzi23,eyeshwetaaa,1
rkvvss,BJP4India,1
rkvvss,narendramodi,1
rkvvss,ncbn,1
rmanusmare,arungiri,1
roarDworld,FarOutAkhtar,1
roarDworld,Javedakhtarjadu,1
roarDworld,MirzaSania,1
roarDworld,PatelNhruGandhi,1
roarDworld,RahulGandhi,1
roarDworld,SrBachchan,1
roarDworld,aamir_khan,1
roarDworld,arrahman,1
roarDworld,deespeak,1
roarDworld,narendramodi,1
roarDworld,rishibagree,1
robertgodson_,Amb_Balemoh,1
robertgodson_,EducharlesO,1
robertgodson_,renoomokri,1
rocks_114,nailainayat,1
rocky_coool,ANI,4
rocky_coool,News18India,1
rocky_coool,SwetaSinghAT,1
rocky_coool,TimesNow,1
rocky_coool,_poojaLive,1
rocky_coool,aajtak,1
rocky_coool,abpnewstv,1
rocky_coool,ani_digital,2
rocky_coool,indiatvnews,1
rocky_coool,narendramodi,1
rocky_coool,republic,1
rodger14223,MamataOfficial,1
rohit_ajitkumar,EverydayWarren,1
rohithbr,puram_politics,1
rohitsahai_,aajtak,1
roopakjakhmola,RahulGandhi,1
roopakjakhmola,narendramodi,1
roopakjakhmola,ndtv,1
roopeshtiwari7,RatanSharda55,1
royalrpsingh,narendramodi,1
royrabindrakr,narendramodi,1
roystonmaski,Satya02086376,1
roystonmaski,nitinagarwalINC,1
rpuni,countercurrents,1
rsuraj_777,ArunSFan,1
rudrastays,baleanup78,1
rudregowdadn,rishibagree,1
rupeshchanchal,KirenRijiju,1
rvidrmr,Twitter,1
rvidrmr,TwitterIndia,1
rvidrmr,iAnkurSingh,1
rvidrmr,rishibagree,1
s63339457_singh,INCGujarat,1
s63339457_singh,INCIndia,1
s63339457_singh,Kaustav92690133,1
s63339457_singh,Politics_2022_,1
s63339457_singh,StudentneedsJ,1
s63339457_singh,ndtv,1
s63339457_singh,ndtvindia,1
s63339457_singh,news24tvchannel,1
saahilmenghani,ArvindKejriwal,1
sabah999,BJP4India,1
sabah999,INCIndia,1
sabah999,RahulGandhi,1
sabah999,narendramodi,1
sabah999,priyankagandhi,1
sachinmparikh,PMOIndia,1
sachinmparikh,narendramodi,1
sacshind,AAPMumbai,1
sacshind,ArvindKejriwal,1
sacshind,AshokShrivasta6,1
sacshind,Truethoughts68,1
saffrontimes,rahulkanwal,1
sahilynwa,abhymurarka,1
saket71,BJP4India,1
saket71,INCIndia,1
salamat2103,ArunSFan,1
salamat2103,Jairam_Ramesh,1
salamat2103,PrashantKishor,1
salamat2103,RahulGandhi,1
salamat2103,anjanaomkashyap,1
salamat2103,kharge,1
salamat2103,ppbajpai,1
salamat2103,priyankagandhi,1
salamat2103,rahulkanwal,1
salamat2103,sudhirchaudhary,1
salamat2103,waglenikhil,1
salemgopinath,RKRadhakrishn,1
salemgopinath,RahulGandhi,1
salemgopinath,vaishnaroy,1
salmanaly24,AamAadmiParty,1
salmanaly24,ArvindKejriwal,1
salmanaly24,thepeeinghuman,1
salujhar,ImranKhanPTI,1
salujhar,sardesairajdeep,1
sam_01992,1116sen,1
samtrivandrum,shaandelhite,1
samyanika,BJP4India,1
samyanika,INCIndia,1
samyanika,konkonas,1
samyanika,narendramodi,1
sanatani_bharat,ArvindKejriwal,1
sandeepdeshpa10,BCCI,1
sandeepdeshpa10,chetans1987,1
sandeepgarg2000,RahulGandhi,1
sandeepgarg2000,narendramodi,1
sandhumannu0476,LambaAlka,1
sandhumannu0476,Rahul_ForPM,1
sandhumannu0476,SupriyaShrinate,1
sandhumannu0476,srinivasiyc,1
sandie_rt,Martina,1
sandip_58,ArvindKejriwal,1
sandip_58,PreetiChoudhry,1
sandip_58,SwetaSinghAT,1
sandip_58,aajtak,1
sandip_58,isudan_gadhvi,1
sandipoec,ANI,1
sandsalt1,prakashraaj,1
sanjaysb1,PTI_News,2
sanketp24,ManojT,1
sanketp24,Namo_Again__,1
sanketp24,Pankajsnb,1
sanketp24,narendramodi,1
santosh6875,BJP4Karnataka,1
santosh6875,hd_kumaraswamy,1
santosh6875,narendramodi,1
sarvatrra,ashutosh83B,1
sarvatrra,khanumarfa,1
satish_khetra,BJP4India,2
satish_khetra,BJP4UK,1
satish_khetra,BJP4UP,1
satish_khetra,RahulGandhi,1
satish_khetra,arunjaitley,1
satish_khetra,drharshvardhan,1
satish_khetra,narendramodi,1
satish_khetra,samajwadiparty,1
satish_khetra,yadavakhilesh,1
satishjha,DeccanHerald,1
satishnair2000,ANI,1
satishnair2000,ArvindKejriwal,1
satpals81454832,RahulGandhi,1
satpals81454832,SupriyaShrinate,1
satpals81454832,narendramodi,1
satyajit_i,BCCI,1
satyajit_i,DineshKarthik,1
satyajit_i,steelharie,1
satyanewshi,defiantsunfloer,1
satyavadin,AmitShah,2
satyavadin,BJP4Karnataka,1
satyavadin,BSYBJP,2
satyavadin,ShobhaBJP,1
satyavadin,narendramodi,2
saurabh07___,AmitShah,1
saurabh07___,AnupamPKher,1
saurabh07___,BJP4India,1
saurabh07___,INCIndia,1
saurabh07___,RahulGandhi,1
saurabh07___,SachinPilot,1
saurabh07___,SirPareshRawal,1
saurabh07___,SushmaSwaraj,1
saurabh07___,ashokgehlot51,1
saurabh07___,narendramodi,1
saurabh07___,priyankagandhi,1
saurabh07___,rajnathsingh,1
sauravsinhaoffl,RahulGandhi,1
sauravsinhaoffl,ZeeNews,1
sauravsinhaoffl,arunjaitley,1
sauravsinhaoffl,narendramodi,1
savan_sharma2,RVCJ_FB,1
save2019,Cryptic_Miind,1
scroll_in,ShoaibDaniyal,11
sdeora601,PiyushGoyal,1
sdeora601,narendramodi,1
seekerchandan,Mohansinha,1
seemasirohi,bainjal,1
shaanada,CNNnews18,1
shaanada,shilparathnam,1
shabanta,PanickarS,1
shabanta,Pratham86718126,1
shabanta,ProfKapilKumar,1
shabanta,RamaGoyal18,1
shabanta,anujdhar,1
shabanta,chandrachurg,1
shabanta,sameer_kasture,1
shadowz1990,KhaledBeydoun,1
shadowz1990,anandobrahma1,1
shahnaw39477443,HannahEP,1
shailen33150087,BJP4India,1
shailen33150087,INCIndia,1
shailen33150087,narendramodi,1
shailesh_watt,AAPGujarat,1
shailesh_watt,AgrwalUjjwal,1
shailfilm,AjitDovalFans,1
shailfilm,PMOIndia,1
shailfilm,SirPareshRawal,1
shailfilm,narendramodi,1
shailfilm,vickykaushal09,1
shajahan_usman,SanjanaMohan10,1
shamseerHashim,voiceofhello,1
shamshad_kne,iSinghApurva,1
shamshad_kne,myogiadityanath,1
shank111991,ANI,1
shanoorazdan,narendramodi,1
sharma2508,AsYouNotWish,1
sharma_suniel,muglikar_,1
sharmagandharvv,AdityaRajKaul,1
sharmagandharvv,IndEmbMoscow,1
sharmagandharvv,IndianDiplomacy,1
sharmagandharvv,KremlinRussia_E,1
sharmagandharvv,MEAIndia,1
sharmagandharvv,PIB_India,1
sharmagandharvv,PMOIndia,1
sharmagandharvv,PTI_News,1
sharmagandharvv,ReutersIndia,1
sharmagandharvv,SputnikInt,1
sharmagandharvv,amitabhprevi,1
sharmagandharvv,ani_digital,1
sharmagandharvv,horror06,1
sharmagandharvv,htTweets,1
sharmagandharvv,mfa_russia,1
sharmagandharvv,narendramodi,3
sharmagandharvv,rianru,1
sharmagandharvv,sidhant,1
sharmavedi2307,narendramodi,1
shashinirvi,republic,1
shashwat0203,narendramodi,1
she_is_An0maly,narendramodi,1
shemin_joy,AmitShah,1
shemin_joy,BJP4India,1
shemin_joy,DeccanHerald,2
shemin_joy,Dr_Uditraj,1
shemin_joy,ManojTiwariMP,1
shemin_joy,SitaramYechury,1
shemin_joy,arunjaitley,1
shemin_joy,cpimspeak,1
shemin_joy,narendramodi,1
shemin_joy,nsitharaman,1
shinens39,IndiaToday,1
shinens39,RahulEaswar,1
shinens39,ShainaNC,1
shinens39,rahulkanwal,1
shiva_makki,HinduAmerican,1
shiva_makki,JDVance1,1
shiva_makki,hindupact,1
shivanigandhi25,AmitShah,1
shivanigandhi25,PMOIndia,1
shivanigandhi25,TIME,1
shivanigandhi25,narendramodi,1
shivazzafilms,BJP4India,1
shivazzafilms,PiyushGoyal,1
shivazzafilms,Ra_THORe,1
shivazzafilms,amitmalviya,1
shivazzafilms,ashwani_mahajan,1
shivazzafilms,kg_suresh,1
shivazzafilms,narendramodi,1
shivendrapatel2,BJP4India,1
shivendrapatel2,Janardan_BJP,1
shivendrapatel2,narendramodi,1
shivendrapatel2,rshuklabjp,1
shivprakash2k1,Shehzad_Ind,1
shivprakash2k1,cambabitayadav,1
shivprakash2k1,camsunilyadav,1
shivprakash2k1,narendramodi,1
shivuchavadi,narendramodi,1
shivuniq,ArvindKejriwal,1
shivuniq,DeepakSharma_90,1
shivuniq,RahulGandhi,1
shivuniq,abhisar_sharma,1
shivuniq,ppbajpai,1
shreeniwaskum13,ashwinravi99,1
shrikantpmundra,OmarAbdullah,1
shrinkharis,ArunSFan,1
shrinkharis,Jairam_Ramesh,1
shrinkharis,PrashantKishor,1
shrinkharis,RahulGandhi,1
shrinkharis,anjanaomkashyap,1
shrinkharis,kharge,1
shrinkharis,ppbajpai,1
shrinkharis,priyankagandhi,1
shrinkharis,rahulkanwal,1
shrinkharis,sudhirchaudhary,1
shrinkharis,waglenikhil,1
shubhamgarg0019,narendramodi,1
shubhamgarg0019,nitin_gadkari,1
shubhen73383333,BJP4India,1
shubhen73383333,IndiaToday,1
shubhen73383333,myogiadityanath,1
shubhen73383333,narendramodi,1
shubhen73383333,sardesairajdeep,1
shyamkumarksha,prakashraaj,1
sibinmohan,SoniaSikka4,1
sigma__male_,bishnoi0056,1
silvergold02,ArvindKejriwal,1
silvergold02,BefittingFacts,1
simon_easow,DineshRawat888,1
simon_easow,ranvijaylive,1
sinas_k,bole_bharat,1
singh_7909,AamAadmiParty,1
singh_7909,BJP4India,1
singh_7909,INCIndia,1
singh_7909,WIONews,1
singham71,BJP4India,1
singham71,HMOIndia,1
singham71,amritabhinder,1
singham71,ibhagwa_n,1
singham71,narendramodi,1
singham71,nsitharaman,1
sinky41812081,ArvindKejriwal,2
sintu94,MajorPoonia,1
skannan_81,Shobanaramacha1,1
skdodisha,BJP4Karnataka,1
skdodisha,BJP4TamilNadu,1
skdodisha,BJYM,1
skdodisha,BattaKashmiri,1
skdodisha,RSSorg,1
skynetrj,RahulGandhi,1
smartshan_87,BJP4India,1
smartshan_87,PMOIndia,1
smartshan_87,jvidyasagar,1
smartshan_87,narendramodi,1
smilenishtha,PMOIndia,1
smilenishtha,narendramodi,1
smita_muk,annamalai_k,1
smita_muk,karthikgnath,1
smokincjoe,sandeep_PT,1
so_fa_kinghappy,Nepallover123,1
sohaibahmed91,HardieGrant,1
sohaibahmed91,HardieGrantUK,1
sohaibahmed91,iamShaniera,1
sohaibahmed91,wasimakramlive,1
sohan_miyawala,ArvindKejriwal,1
sojitrawali,drshamamohd,1
sour_starfruit,ArvindKejriwal,2
sour_starfruit,KumarRkpal1986,1
sour_starfruit,Ni_hari_ka,2
sourpaneer,Jai_Gee83,1
speaks_prav,ArvindKejriwal,1
spectatorSENPAI,ANI,1
spectatorSENPAI,vijayment,1
spiv_chavo,AshSwapan,1
spiv_chavo,KatyaSedgwick,1
spkathirvel1,EPSTamilNadu,1
spkathirvel1,Vinayak14188891,1
srastogi50,AmitShah,1
srastogi50,BJP4India,1
srastogi50,IndianExpress,1
srastogi50,narendramodi,1
srisailamurty,aimim_national,1
srisailamurty,asadowaisi,1
srivathsacm,narendramodi,1
srspdkt,RahulGandhi,1
ss_gurprit,Tejasvi_Surya,1
ss_gurprit,narendramodi,1
stansmith1970,Norpaccount2,1
stansmith1970,Tim_Clif,1
stansmith1970,thengaai,1
stanton_jeffers,MikeSievert,1
stanton_jeffers,TMobile,1
stanton_jeffers,elonmusk,1
stevereports,H_D_Devegowda,1
stevereports,RahulGandhi,1
subhasis19,EK_Valensvek,1
subhasis19,Sheikh__Zohaib,1
subhramaitra5,DrAmitMitra,1
subodhs_93,narendramodi,1
sucheta2701,KrishanuOnline,1
sucheta2701,zubair86758105,1
sudhakarsarswat,narendramodi,1
sudhirbharg,RahulGandhi,1
sudhirbharg,TheSamirAbbas,1
sudhirbharg,narendramodi,1
suhaeee,OfficialDGISPR,1
suhas_sawant85,AmitShah,1
suhas_sawant85,SwapnilATalekar,1
suhas_sawant85,narendramodi,1
sujubarca,ANI,1
sujubarca,ImEsthy,1
sumanth_karanth,BJP4India,1
sumanth_karanth,INCIndia,1
sumonseng,narendramodi,1
sunandobanerjee,MamataOfficial,1
sundarpearl,narendramodi,1
sunilsonia,ArvindKejriwal,1
sunilsonia,rohini_sgh,1
sunilsuri4bjp,VikasGoda,1
sunilsuri4bjp,narendramodi,1
sunilsuri4bjp,trsriniwas,1
sunilsuri4bjp,vivekananda_p,1
super378,SushmaSwaraj,1
super378,narendramodi,1
superlimnl,AdnanSh_1,1
superlimnl,KTRTRS,1
superlimnl,angrybirddtweet,1
surappa,RahulGandhi,1
suresh15021941,narendramodi,1
suresh15021941,news24tvchannel,1
suresh15021941,rajnathsingh,1
suri95080404,ANI,1
suriliimehek,ndtv,1
suriliimehek,shilpa_pande,1
svc2003,DrKumarVishwas,1
swapnil31pandey,elonmusk,1
swarup42,ANI,1
swarup42,ModifiedShekhar,1
syeali2003,SamarHBilour,1
taangsu,AsraNomani,1
taangsu,Shasterdhari,1
taangsu,bugimane,1
taher_king,AamAadmiParty,1
taher_king,AdityaMenon22,1
taher_king,AndTVOfficial,1
taher_king,INCIndia,1
taher_king,WonderWomaniiya,1
taher_king,ZeeTV,1
taher_king,dr_speakup,1
taher_king,sanjayuvacha,1
talking_blunt,ArvindKejriwal,1
tamilnaadulive,narendramodi,4
tamopahaha,RahulGandhi,1
tamopahaha,narendramodi,1
tanujsharma20,ArvindKejriwal,1
tanujsharma20,narendramodi,1
tanujsharma20,rashtrapatibhvn,1
tanushreeghosh,DIFFindia,1
tanveeralam26,rohini_sgh,1
tanveeralam26,sumit10790358,1
tech1LAJoe,ImranKhanPTI,1
teddyalways1,narendramodi,1
tejpeer,BJP4India,1
tejpeer,RituRathaur,1
tejpeer,anshul_aliganj,1
tfarcdrow,ANI,1
tfarcdrow,waglenikhil,1
thawani_avijit,samlakig,1
the_dpksingh,GautamGambhir,1
the_dpksingh,arunjaitley,1
the_dpksingh,narendramodi,1
the_hindu,johnstanly,2
the_hindu,nistula,1
thecaravanindia,seemay,1
thedeccannews,BJP4India,1
thedeccannews,narendramodi,1
thedeccannews,priyankagandhi,1
theflyinggaruda,sagaya1984,1
theflyinggaruda,thangapushpam03,1
thejacobjiby,BeingCharisBlog,1
thejacobjiby,IASassociation,1
thejacobjiby,realdoctormo,1
thennagam133,narendramodi,1
thennagam133,shakkuiyer,1
therahulnair7,ANI,1
therahulnair7,ANINewsUP,1
therahulnair7,narendramodi,1
thereal_ud,ArvindKejriwal,1
theresource24x7,Dev_Fadnavis,1
theresource24x7,thatPunekar,1
thetribunechd,narendramodi,2
thinkinape,BattaKashmiri,2
thinkinape,Scared_1984,1
thinkinape,sangshaptak_3,1
tikudio,Swamy39,1
time__square,ILoveYouJanuDil,1
time__square,Jyran45,1
tirumuru_87,JP_LOKSATTA,1
tirunavallisr,PawanKalyan,1
tirunavallisr,siddusss,1
tiwari_shirish,pbhushan1,1
tk24dutta_india,AITCofficial,1
tk24dutta_india,ArunSFan,1
tk24dutta_india,BJP4India,1
tk24dutta_india,INCIndia,1
tk24dutta_india,PIB_India,1
tk24dutta_india,cpimspeak,1
tk24dutta_india,narendramodi,1
tk24dutta_india,vardhiniyerbh,1
torquewater,Reuters,1
tpsponkumaran,softgrowl,1
tradewith300,elonmusk,1
tribalnewscom,StateVoter,1
tribalnewscom,jerome_boon,1
tribalnewscom,joekent16jan19,1
trishurtiger,AmitShah,1
trishurtiger,Dev_Fadnavis,1
trishurtiger,narendramodi,1
truthagohurtdem,Bbmorg,1
tsuni2012,ANI,1
tsuni2012,Abhisek42037050,1
tsuni2012,Kishore30th,1
tsuni2012,nyandaga,1
tuhimeradil,suhasinih,1
tvisharoar,arunjaitley,1
tvisharoar,narendramodi,1
tweet_mithila,IAF_MCC,1
tweet_mithila,adgpi,1
tweet_mithila,narendramodi,1
tweetashsharma,RahulGandhi,1
tweetsinghh,CricCrazyJohns,1
twittkart,amitmalviya,1
twitvishy,narendramodi,1
twstopsfreespch,KaranThapar_TTP,1
twstopsfreespch,PraveenDavar,1
tyagi_ankit,DharmaRevival99,1
tyagi_ankit,Langarjeet1,1
tyagi_ankit,_A_Kaur,1
ubaidmalik89,ImranKhanPTI,1
udayshende,BJP4India,1
udayshende,HinduSannyasin,1
udayshende,Kummanam,1
udayshende,RahulGandhi,1
udayshende,ShefVaidya,1
udayshende,Tejasvi_Surya,1
udayshende,digvijaya_28,1
udayshende,kharge,1
udayshende,narendramodi,1
udayshende,smritiirani,2
udayshende,supriya_sule,1
udayshende,vikasbha,1
ujjvalkumar_,TajinderBagga,1
ujjvalkumar_,arvindsudarshan,1
ulirs3,ImranKhanPTI,1
ulirs3,SAfridiOfficial,1
ulirs3,gauravcsawant,1
ulirs3,manaspn,1
umakantsingh_IN,Mayawati,1
umakantsingh_IN,NitishKumar,1
umakantsingh_IN,yadavakhilesh,1
umakantsingh_IN,ysjagan,1
umasudhir,narendramodi,1
umasudhir,ncbn,1
umasudhir,ndtv,1
unSwing12,ArvindKejriwal,1
unlimited_women,RanjitaBiswas1,1
unlimited_women,ranjanakumari,1
unlimited_women,suneetadhar,1
unseenabd,ArvindKejriwal,1
upadhyayajay5,narendramodi,1
urmovieguru,narendramodi,1
usdpglobal,TheEconomist,1
usdpglobal,UN,1
usdpglobal,narendramodi,1
utterflea,htTweets,1
utterflea,smujibrehman,1
v_ojha,VidyaKrishnan,1
v_vivekchopra,blsanthosh,1
v_vivekchopra,shyam_malhotra,1
vaibhav9295,BJP4Gujarat,1
vaibhav9295,BJP4India,1
vaibhav9295,narendramodi,1
vaibhav9295,rajeshchudasma,1
vanos0044,CBRW08,1
varidhi,TimesNow,1
varidhi,narendramodi,1
varungn,BJP4India,1
vedantvyas22,aayat_shahid,1
veeresh_kumbar,narendramodi,1
veldanda7,elonmusk,1
venkatagowtham5,narendramodi,1
venkatagowtham5,ncbn,1
venkatm65230644,amitmalviya,1
vevck,narendramodi,1
vgoel,scroll_in,1
vgoel,tajmahalfoxtrot,1
vgopss,AmitShah,1
vgopss,narendramodi,1
vgopss,nitin_gadkari,1
vgopss,rajnathsingh,1
vgopss,smritiirani,1
vgstp88,PChidambaram_IN,1
vickyanand25005,ArvindKejriwal,1
vickyanand25005,akfromindia,1
vickyanand25005,timesofindia,1
vijayadar,AmitShah,1
vijayadar,VandanaJayrajan,1
vijayadar,chittukuruvi4,1
vijayadar,narendramodi,1
vijayadar,narendramodi_in,1
vijayindrtanaya,RoflGandhi_,1
vijayindrtanaya,bainjal,1
vijayindrtanaya,irfhabib,1
vijju_truth,vivekagnihotri,1
vikSingh2510,BJP4India,1
vikSingh2510,Gupta_ReenaG,1
vikasberad18,akashbanerjee,1
vikasberad18,dhruv_rathee,1
vikasberad18,narendramodi,1
vikram140gulati,BSYBJP,1
vikram140gulati,HardikPatel_,1
vikram140gulati,jacindaardern,1
vikram140gulati,narendramodi,4
vikramk14901299,SwetaSinghAT,1
vikramk14901299,aajtak,1
vikranthprasann,RahulGandhi,1
vikshi1311,narendramodi,1
vinayvn,AmitShah,1
vinayvn,BJP4India,1
vinayvn,BJP4Karnataka,1
vinayvn,BJPLive,1
vinayvn,DVSBJP,1
vinayvn,mepratap,1
vinayvn,narendramodi,1
vineet66,INCDelhi,2
vineet66,INCGujarat,2
vineet66,INCHaryana,2
vineet66,INCIndia,1
vineet66,INCIndiaLive,2
vineet66,INCKarnataka,2
vineet66,INCMP,2
vineet66,INCUttarPradesh,2
vineet66,IYC,2
vineet66,KapilMishra_IND,1
vineet66,RahulGandhi,1
vineet66,narendramodi,2
vineet66,rssurjewala,1
vineet66,shekharkapur,1
vineetrajvanshi,anshulsigh,1
vinsinners,RahulGandhi,1
vipintiwari952,BCCI,1
vipintiwari952,GOUTHAMPENDYAL2,1
vipintiwari952,MeruBhaiya,1
vipintiwari952,MohitRR19,1
vipintiwari952,RajaMalnad,1
vipintiwari952,RishabhPant17,1
vipintiwari952,rahilparekh1,1
vipshaktirana,HarisNa34534569,1
vipshaktirana,Mazerisation,1
vipulsailor,EconomicTimes,1
viraj_ludrick,Sashadaddy82,1
viraj_ludrick,chinmayaguru1,1
viraj_ludrick,dhruv_rathee,1
viraj_ludrick,kaustavdey11,1
viraj_ludrick,nisargdhamecha7,1
viramit,aarishc,1
viramit,parthpunter,1
vireshnarkar,singhvarun,1
virtualvaibhav,INCIndia,1
virtualvaibhav,IndiaToday,1
virtualvaibhav,RahulGandhi,1
virtualvaibhav,sardesairajdeep,1
vishalshinde62,BCCI,1
vishalshinde62,PrithviShaw,1
vishalshinde62,RogerBinnyBCCI,1
visheshsahni15,narendramodi,2
vivthehuman,MrsGandhi,1
vjrajbhar007,ArvindKejriwal,1
vjrajbhar007,RahulGandhi,1
vjrajbhar007,narendramodi,1
vjrajbhar007,nsitharaman,1
vkdesi,BJP4India,1
vkdesi,narendramodi,1
vkdesi,naveenjindalbjp,1
vkdesi,sardesairajdeep,1
vrprasad12,MamataOfficial,1
vrprasad12,SwamiGeetika,1
vrprasad12,narendramodi,1
vrsathees,BTR_KTR,1
vs_sharda,bhak_sala,1
vyankteshk,AamAadmiParty,1
vyankteshk,ArvindKejriwal,1
vyasa1968,DPrasadMJ148,1
vyasa1968,sumitkashyapjha,1
wandertilldeath,BJP4JnK,1
wandertilldeath,narendramodi,1
whoskj2,RahulGandhi,1
whyskp,narendramodi,1
woahbarman,Lonebeast41,1
woahbarman,SanatanOmShakti,1
woahbarman,ndtv,1
wrongfeelingg,aajtak,1
y_mintu,AmitShah,1
y_mintu,BhallaAjay26,1
y_mintu,narendramodi,1
yag412,ANI,1
yashwanth21g,AmitShah,1
yashwanth21g,AmitShahOffice,1
yashwanth21g,BJP4India,1
yashwanth21g,BJP4Karnataka,1
yashwanth21g,PMOIndia,1
yashwanth21g,astitvam,1
yashwanth21g,narendramodi,1
yat023,BillboardChris,1
yat023,ambadownstairs,1
yawarhere,1nsafian,1
yawarhere,narendramodi,1
yawarhere,shiqqigujjar788,1
ymediagroup,BJP4India,2
ymediagroup,INCIndia,1
ymediagroup,RahulGandhi,1
ymediagroup,YudhvirJaswal,3
ymediagroup,narendramodi,2
yogesh_krsn,ArvindKejriwal,1
yogesh_krsn,BJP4Delhi,1
yogesh_krsn,Dr_RizwanAhmed,1
yogesh_krsn,HarishKhuranna,1
yogesh_krsn,IamAjaySehrawat,1
yogesh_krsn,KapilMishra_IND,1
yogesh_krsn,Shehzad_Ind,1
yogesh_krsn,adeshguptabjp,1
yogeshangrish,shubh_ind,1
yogeswaran146,Tejasvi_Surya,1
yogeswaran146,YGMadhuvanthi,1
yogeswaran146,annamalai_k,1
younusakmogral,DrPushpaAmarnat,1
younusakmogral,INCIndia,1
younusakmogral,INCKarnataka,1
younusakmogral,JaiShambavi,1
younusakmogral,JanetDsoza,1
younusakmogral,KarnatakaPMC,1
younusakmogral,LavanyaBallal,1
younusakmogral,RahulGandhi,1
younusakmogral,SapnaHarishRao,1
younusakmogral,dineshgrao,1
younusakmogral,narendramodi,1
younusakmogral,sushmitadevmp,1
yrawat27,RahulGandhi,1
yrawat27,narendramodi,1
yrd007,ArvindKejriwal,1
yugmahalaya,pompg,1
zafarosmani,BJP4India,1
zafarosmani,IndiainPakistan,1
zafarosmani,SushmaSwaraj,1
zafarosmani,TOIWorld,1
zafarosmani,narendramodi,1
zafkhan41,MaryamNSharif,1
zafshee2,ibnu_abeeh,1
zafshee2,soldierspeaks,1
zafshee2,stevielie,1
zan27739009,BDUTT,1
zan27739009,Nidhi,1
zan27739009,RahulGandhi,1
zan27739009,RanaAyyub,1
zan27739009,narendramodi,1
zeeinscriptions,RahulGandhi,1
ziadkhan,ashoswai,1
zindagibassapni,Congrress,1
zindagibassapni,IYC,1
zindagibassapni,Jairam_Ramesh,1
zindagibassapni,Pawankhera,1
zindagibassapni,RahulGandhi,1
zindagibassapni,SupriyaShrinate,1
zindagibassapni,kharge,1
zindagibassapni,priyankagandhi,1
