Source,Target,Weight
001amitsingh,IndiaToday,1
001amitsingh,RahulGandhi,1
001amitsingh,SudhanshuBJP,1
001amitsingh,narendramodi,1
001amitsingh,rahulkanwal,1
027Gurjar,SamajwadiJayant,1
090_gaurav,BetrayedPatriot,1
0c9c1391540d488,AmitShah,1
0c9c1391540d488,BJP4Bihar,1
11TAMMY_,ArvindKejriwal,1
11TAMMY_,INCIndia,1
123avi456,INCIndia,1
123avi456,RahulGandhi,1
123avi456,SupriyaShrinate,1
13Trush,FinestYew,1
1907Kavitha,SpiritOfCongres,1
1907Kavitha,Tinyhunterme,1
1967Babu,kapil_kausik,1
19AKHILESHWAR,BJP4Delhi,1
19sunay,SubramanianKri,1
1Patelzuber,RahulGandhi,1
1phoenixmoon,in_da_grass,1
2raosanjiv,INCIndia,1
2raosanjiv,RahulGandhi,1
30varora,RCKaushikBJP,1
30varora,mkatju,1
30varora,narendramodi,1
377VT,PChidambaram_IN,1
3patels8686,AkramShahBJP,1
3patels8686,BJP4Nagaland,1
3patels8686,NazlinShaikh,1
3patels8686,narendramodi,1
3tarungupta,ArvindKejriwal,1
3tarungupta,BJP4India,1
3tarungupta,INCIndia,1
3tarungupta,LambaAlka,1
3tarungupta,PMOIndia,1
3tarungupta,SheilaDikshit,1
3tarungupta,ajaymaken,1
3tarungupta,narendramodi,1
45yvmpzbd9,PravinSawhney,1
47_abhinav,ANI,1
4lokissake,A67Nitin,1
4lokissake,toi,1
5crStory,CaVardhanCa,1
7caa290c8114477,annamalai_k,1
A51F5U1T4N,OfficialDGISPR,1
AARCEEN,CNNnews18,1
AARCEEN,Shehzad_Ind,1
AARCEEN,SupriyaShrinate,1
AARCEEN,Zakka_Jacob,1
AARCEEN,drshamamohd,1
AARCEEN,ndtv,1
AAnurudha,AZgeopolitics,1
AB_Prad,RahulGandhi,1
AB_Prad,ShashiTharoor,1
AB_Prad,narendramodi,1
ADITYAK41074898,Iyervval,1
AKBG31,IndianExpress,1
AKunchurkar,RahulGandhi,1
AN4Bharat,ActivistSandeep,1
AN4Bharat,ArvindKejriwal,1
AN4Bharat,AtishiAAP,1
AN4Bharat,Cambridge_Uni,1
AN4Bharat,LambaAlka,1
AN4Bharat,RahulGandhi,1
AN4Bharat,SVishnuReddy,1
AN4Bharat,SanggitaT,1
AN4Bharat,Shehzad_Ind,1
AN4Bharat,SupriyaShrinate,1
AN4Bharat,gopi_bkrishna,1
AN4Bharat,msisodia,1
AN4Bharat,nanditathhakur,1
APSSajjan,SinghOnMission,1
APSSajjan,rhinosorous,1
ATANUBA22595125,AITCofficia,1
ATANUBA22595125,abhishekaitc,1
ATANUBA22595125,indrani64178044,1
ATBAL,TIME,1
ATigerhut,WSJopinion,1
ATigerhut,dhume,1
A_A_S187,GAUAHAR_KHAN,1
A_A_S187,Swamy39,1
A_A_S187,narendramodi,1
A_VictimHindu,HMOIndia,1
A_VictimHindu,drseemat,1
AadhaarCrimes,IMPraveenDalal,1
AadhaarCrimes,_DigitalPolice,1
AadhaarCrimes,_PTLB,1
AadhaarCrimes,_Perry4Law,1
Aagan86,AmitShah,1
Aagan86,BJP4Bengal,1
Aagan86,narendramodi,1
Aagan86,rajnathsingh,1
Aagan86,theskindoctor13,1
Aaj_Kaa_chankya,BJP4India,1
Aaj_Kaa_chankya,DrGPradhan,1
Aaj_Kaa_chankya,MajorPoonia,1
Aaj_Kaa_chankya,TajinderBagga,1
Aaj_Kaa_chankya,drharshvardhan,1
Aaj_Kaa_chankya,payalbhayana,1
Aaj_Kaa_chankya,theskindoctor13,1
Aaj_Kaa_chankya,vivekagnihotri,1
Aapkamohdmajid,AamAadmiParty,1
Aapkamohdmajid,msisodia,1
Aashieshgupta6,iMac_too,1
AazaadSatyam,The_NehaJoshi,1
AazaadSatyam,amritabhinder,1
AbMohanty858,AmitShah,1
AbMohanty858,ChhabiMahali,1
AbMohanty858,JPNadda,1
AbMohanty858,PandaJay,1
AbMohanty858,jyotsnadevi33,1
AbMohanty858,narendramodi,1
AbMohanty858,nitin_gadkari,1
AbdulRa99443551,JaiTDP,1
AbdulRa99443551,narendramodi,1
AbdulRa99443551,ncbn,1
AbhiSha06140736,ArvindKejriwal,1
AbhiSha06140736,SanjayAzadSln,1
AbhijitMehra,PMOIndia,1
AbhijitMehra,iArmySupporter,1
AbhijitMehra,narendramodi,1
Abhisheknish10,AmitShah,1
Abhisheknish10,kamleshpassi67,1
Abhisheknish10,myogiadityanath,1
Abhisheknish10,narendramodi,1
AbrahamSyna,KhabtiG,1
AbrahamSyna,SalujaRanjeet,1
AbrahamSyna,subhchakra,1
AdhiRudran,DMKITwing,1
AdhiRudran,kalaingarism,1
AdnanSh_1,65thakursahab,1
AdvPulikkan,ashoswai,1
AdviceDelhi,ProfBabones,1
AdviceDelhi,ShashiTharoor,1
AftabHind,_sayema,1
AftabHind,msisodia,1
AggieLarry,Vladtheboy1918,1
AggieLarry,asatarbair,1
Ahmadfiroz9,MamataOfficial,1
Ahmadfiroz9,news24tvchannel,1
AhriSpidon,RahulGandhi,1
AhriSpidon,htTweets,1
AhriSpidon,narendramodi,1
AhriSpidon,ndtv,1
AhriSpidon,timesofindia,1
AhshanAli,balnanj,1
AhshanAli,khushsundar,1
Ajay44971962,ashoswai,1
AjayChandMehra1,Dr_RizwanAhmed,1
AjayChandMehra1,JhaSanjay,1
AjayChandMehra1,sridhariyer5,1
AjayKum70451045,srinivasiyc,1
AjaySingh_sp,BJP4India,1
AjaySingh_sp,Ra_THORe,1
AjaySingh_sp,narendramodi,1
AkanKwaku,leeandersonmp,1
AkcPranam,BJP4India,1
AkcPranam,RahulGandhi,1
AkcPranam,amitmalviya,1
AkcPranam,narendramodi,1
AkshatJ543,narendramodi,1
AkshayMarathe,ArvindKejriwal,1
AkshayMarathe,ThePrintIndia,1
Akshay_bajania,narendramodi,1
AlexFloating,AnushaLatheef,1
AlexFloating,Arafiyya,1
AlexFloating,SecretariatMDA,1
AliGroof,moinaksg,1
Aliens14891057,HasnaZarooriHai,1
AlimShaikh5555,ArvindKejriwal,1
Alphonso_indian,Incognito_qfs,1
AmanPradyuman,ANI,1
AmanPradyuman,akshaykumar,1
AmanPradyuman,narendramodi,1
Amania54491237,narendramodi,1
Amar_Trivedi,BJP4India,1
Amar_Trivedi,narendramodi,1
AmarendraM,BJP4India,1
AmarendraM,PandaJay,1
AmarendraM,narendramodi,1
Amarnat04914317,AITCofficial,1
Amarnat04914317,Chandrimaaitc,1
Amarnat04914317,DrRijuDutta_TMC,1
Amarnat04914317,DrShashiPanja,1
Amarnat04914317,GhatakMoloy,1
Amarnat04914317,KunalGhoshAgain,1
Amarnat04914317,MaliahJune,1
Amarnat04914317,MamataOfficial,1
Amarnat04914317,abhishekaitc,1
Amarnat04914317,derekobrienmp,1
Amarnat04914317,sayantika12,1
Amarnat04914317,sujitboseaitc,1
AmiSri,narendramodi,1
AmirSheikh29,BDUTT,1
AmitKumarBurnw6,BJP4India,1
AmitKumarBurnw6,narendramodi,1
AmitRooge,smitaprakash,1
Amit_an_Indian,kavitha129,1
Amlanray,narendramodi,1
Amlanray,rishibagree,1
AmolAswale3a,narendramodi,1
AmulAtri,BJP4India,1
AmulAtri,INCIndia,1
Anand_Tripathi7,AamAadmiParty,1
Anand_Tripathi7,ArvindKejriwal,1
Anand_Tripathi7,BJP4India,1
Anand_Tripathi7,narendramodi,1
Anandmi60570617,BJP4Bihar,1
Anandmi60570617,SIGRIWALBJP,1
Anandmi60570617,narendramodi,1
Anarchy63838827,AmalJos95950131,1
Anarchy63838827,B11Badri,1
Anchal59038779,INCIndia,1
AndrewWLyngdohM,BDUTT,1
AndrewWLyngdohM,NewsHtn,1
AndrewWLyngdohM,Nidhi,1
AndrewWLyngdohM,PMOIndia,1
AndrewWLyngdohM,PrannoyRoyNDTV,1
AndrewWLyngdohM,ShekharGupta,1
AndrewWLyngdohM,narendramodi,1
AndrewWLyngdohM,ndtv,1
AndrewWLyngdohM,sagarikaghose,1
AndrewWLyngdohM,sardesairajdeep,1
Ani22276062Ani,GautamGambhir,1
Ani22276062Ani,IamSanjuSamson,1
Ani22276062Ani,IrfanPathan,1
Ani22276062Ani,ShashiTharoor,1
Ani22276062Ani,Tumhari_Roshmi,1
Ani22276062Ani,bhogleharsha,1
Ani22276062Ani,cricketaakash,1
Ani22276062Ani,doddaganesha,1
Ani22276062Ani,kartikmurali,1
Ani22276062Ani,rajasthanroyals,1
Ani22276062Ani,venkateshprasad,1
Ani_politics,sagarikaghose,1
AniketN_79,DoctorLFC,1
AnilDeo20,BJP4India,1
AnilMutyala4,RahulGandhi,1
AnilMutyala4,ashokepandit,1
AnilPanicker12,baldwhiner,1
AnilPanicker12,cpimspeak,1
AnilPanicker12,surendranbjp,1
AnimeshSharma_,BJP4India,1
AnimeshSharma_,narendramodi,1
AnitaHarwani2,Dev_Fadnavis,2
AnitaHarwani2,PMOIndia,2
AnitaHarwani2,TOIIndiaNews,2
AnitaHarwani2,TheQuint,2
AnitaHarwani2,ZeeNews,2
AnitaHarwani2,aajtak,2
AnitaHarwani2,abpnewstv,2
AnitaHarwani2,narendramodi,2
AnitaKa63779985,narendramodi,1
Anjusin80918172,SupriyaShrinate,1
Ankurtiwari357,DavidStonesFan,1
Ankurtiwari357,GHOSTOFCHAOS420,1
Ankurtiwari357,SergioVengeance,1
Ankurtiwari357,StLHandyMan,1
Ankurtiwari357,USConst_Amend_I,1
Ankurtiwari357,VeritatisEtLum,1
Ankurtiwari357,digital_slime,1
Ankurtiwari357,ericowensdc,1
Ankurtiwari357,stlsystembuster,1
Ankurtiwari357,wandaspangler11,1
Anni70133489,narendramodi,1
AnoopChathoth,nytimes,1
Anshuljain59,BJP4India,1
Anshuljain59,GlobalTweeterO,1
Anshuljain59,INCIndia,1
Anshuljain59,PunjabGovtIndia,1
Anshuljain59,capt_amarinder,1
Anshuljain59,narendramodi,1
AntiSethi,Jairam_Ramesh,1
Anti_Hate_India,MeghUpdates,1
Anti_Hate_India,Meowww59697674,1
Anti_Hate_India,ShraddhaSethi1,1
AntonioMailu,BennettInst,1
AntonioMailu,CamGeopolitics,1
AntonioMailu,CamHistory,1
AntonioMailu,CambridgeJBS,1
AntonioMailu,CambridgeMBA,1
AntonioMailu,Cambridge_Uni,1
AntonioMailu,RahulGandhi,1
AntonioMailu,shrutikapila,1
AnudeepLohgaon2,AmitShah,1
AnudeepLohgaon2,BJP4India,1
AnudeepLohgaon2,Dev_Fadnavis,1
AnudeepLohgaon2,narendramodi,1
Anuraghindu86,narendramodi,1
ArasuNambi,GautamGambhir,1
ArasuNambi,IamSanjuSamson,1
ArasuNambi,IrfanPathan,1
ArasuNambi,ShashiTharoor,1
ArasuNambi,Tumhari_Roshmi,1
ArasuNambi,bhogleharsha,1
ArasuNambi,cricketaakash,1
ArasuNambi,doddaganesha,1
ArasuNambi,kartikmurali,1
ArasuNambi,rajasthanroyals,1
ArasuNambi,venkateshprasad,1
ArchanaPunit,RubikaLiyaquat,1
ArchanaPunit,abpnewshindi,1
ArchanaPunit,awasthis,1
AroundTheBenddd,CambridgeJBS,1
AroundTheBenddd,CambridgeMBA,1
AroundTheBenddd,RahulGandhi,1
ArpitBatra2,ECISVEEP,1
ArpitBatra2,dhruv_rathee,1
ArpitPa11337512,nitishrajpute,1
Arserin16,narendramodi,1
Arserin16,timesofindia,1
Arun2981,BJP4India,1
Arun2981,ChandrusWeb,1
Arun2981,RahulGandhi,1
Arun2981,sandythapar,1
ArunAnnow,Pain_Szn07,1
ArunAnnow,PrudyRay,1
ArvindYayawar,BJP4India,1
ArvindYayawar,INCIndia,1
ArvindYayawar,Pawankhera,1
ArvindYayawar,RajatSharmaLive,1
ArvindYayawar,indiatvnews,1
ArvindYayawar,sambitswaraj,1
AryaVlog,RahulGandhi,1
AryaVlog,narendramodi,1
AryaVlog,priyankagandhi,1
Aryanutd17abd,howelljollybod,1
AsadSultan18,teepusahab,1
Asha1707,kod_har,1
Asheeshindia,BDUTT,1
Asheeshindia,Schandillia,1
Ashesh1792,9864ae2319514ab,1
AshishB_79,INCIndia,1
AshishBharmal,BoltaHindustan,1
AshokGirnara,aajtak,1
AshokGirnara,htTweets,1
AshokGirnara,jeetkhatik1983,1
AshokGirnara,mumbaimatterz,1
AshokGirnara,mybmcWardFN,1
AshokGirnara,toi,1
AshokSh12040398,uttamjp,1
Ashok_19,MandarSawant184,1
AshokeRattan,RahulGandhi,1
AshokeRattan,narendramodi,1
AshokeRattan,priyankagandhi,1
AskTamal,RahulGandhi,1
Aslam_Nations,INCRajasthan,1
Aslam_Nations,RahulGandhi,1
Asuracharya,FinancialTimes,1
Asuracharya,alanbeattie,1
Asuracharya,narendramodi,1
AtanuB78,ArvindKejriwal,1
Athenion3,MarginalScribb,1
AustinDickey19,LeftRightEA,1
AustinPrabhu007,khushsundar,1
AvinashUniv,ANI,1
AvnishArora6,CambridgeJBS,1
AvnishArora6,INCIndia,1
AvnishArora6,RahulGandhi,1
Axion76540,BJP4India,1
Axion76540,INCIndia,1
Axion76540,RahulGandhi,1
Axion76540,TimesNow,1
Axion76540,himantabiswa,1
Axolotl_pragmat,PopulismUpdates,1
AyeshaS20298186,DGISPRurdu,1
Azad_Nachiketa,narendramodi,1
Azad_Nachiketa,rohini_sgh,1
AzeemBarchiwale,narendramodi,1
AzeemBarchiwale,news18dotcom,1
BHANWARLALSUTH7,BJP4Rajasthan,1
BHANWARLALSUTH7,hanumanbeniwal,1
BHANWARLALSUTH7,narendramodi,1
BJPDimaHasao,BJP4EastKA,1
BJPDimaHasao,BJP4WestKarbi,1
BJPKrishnasagar,AmitShah,1
BJPKrishnasagar,BJP4India,1
BJPKrishnasagar,ChouhanShivraj,1
BJPKrishnasagar,PMuralidharRao,1
BJPKrishnasagar,SushmaSwaraj,1
BJPKrishnasagar,drlaxmanbjp,1
BJPKrishnasagar,kishanreddybjp,1
BJPKrishnasagar,narendramodi,1
BJPKrishnasagar,nitin_gadkari,1
BJPKrishnasagar,rajnathsingh,1
BJPKrishnasagar,rammadhavbjp,1
BJP_Suhasini,BRSparty,1
BLRrocKS,CTRavi_BJP,1
BLRrocKS,LubnaTarannum,1
BLRrocKS,Nimmabhaskar22,1
Babarfan1224,AbhinavSBhadori,1
Babarfan1224,MaryamNSharif,1
Babarfan1224,PalwashaAbbasi0,1
BagbulAitc,AITCofficial,1
BagbulAitc,abhishekaitc,1
Bagheera_70,netshrink,1
Bala17332881,AmitLeliSlayer,1
Bala17332881,ArvindKejriwal,1
Bala17332881,nytimes,2
BaldiAshish,BJP4India,1
BaldiAshish,narendramodi,1
BamanDiBari,GabbbarSingh,1
Bandabaragi,s_b_tiwari,1
BanditOnYour6,PMOIndia,1
BanditOnYour6,narendramodi,1
BapsShroff,INCIndia,1
Barbarajdurkin,AsburyParkPress,1
Barbarajdurkin,AswVickyFlynn,1
Barbarajdurkin,AtlasThundr,1
Barbarajdurkin,ButTooth1,1
Barbarajdurkin,ChefRex45,1
Barbarajdurkin,ChristinaMB122,1
Barbarajdurkin,ColArchon,1
Barbarajdurkin,DawnMaier3,1
Barbarajdurkin,DemsH8USA,1
Barbarajdurkin,GovMurphy,1
Barbarajdurkin,HouseBlueDogs,1
Barbarajdurkin,LarryCasanova9,1
Barbarajdurkin,LiberTProsperiT,1
Barbarajdurkin,MamabearNJ908,1
Barbarajdurkin,MariannaFortune,1
Barbarajdurkin,MattRooneyNJ,1
Barbarajdurkin,MurphytheAss,1
Barbarajdurkin,Murphythemoron,1
Barbarajdurkin,NJSenDems,1
Barbarajdurkin,NJ_Politics,1
Barbarajdurkin,NatlGovsAssoc,1
Barbarajdurkin,Oldglorycries,1
Barbarajdurkin,Pineapp411,1
Barbarajdurkin,ROMULUS7078,1
Barbarajdurkin,SaveJersey,1
Barbarajdurkin,SenJohnBarrasso,1
Barbarajdurkin,Sen_JoeManchin,1
Barbarajdurkin,SenatorCantwell,1
Barbarajdurkin,SenatorWicker,1
Barbarajdurkin,SpeakerCoughlin,1
Barbarajdurkin,TheNJGlobe,1
Barbarajdurkin,Thelmavrh,1
Barbarajdurkin,fight4newjersey,1
Barbarajdurkin,freedomcaucus,1
Barbarajdurkin,furio888az9,1
Barbarajdurkin,justinalpertesq,1
Barbarajdurkin,jwsagain,1
Barbarajdurkin,njassemblydems,1
Barbarajdurkin,njbpuprez,1
Barbarajdurkin,politiconj,1
Barbarajdurkin,realsirignano,1
Barbarajdurkin,senatenj,1
Barbarajdurkin,wakeupnj,1
Barbarajdurkin,wcpotter,1
Barbarajdurkin,winslow_NJ,1
Basanti4India,narendramodi,1
BasuAshis,ChristopheJAFF6,1
BasuAshis,SVRuparelia,1
BayAreaBiker,SirJambavan,1
BeIndian_love,narendramodi,1
BePosit80673054,AtishiAAP,1
BePosit80673054,KanoongoPriyank,1
BePosit80673054,TajinderBagga,1
BeingQSAtweets,BJP4India,1
BeingQSAtweets,narendramodi,1
BeingRKM,AmitShah,1
BeingRKM,BJP4India,1
BeingRKM,narendramodi,1
BeingRKM,narendramodi_in,1
Being_AwesoMe__,PMOIndia,1
Being_AwesoMe__,narendramodi,1
Bhaavinpurohit,BJP4India,1
Bhaavinpurohit,INCIndia,1
Bhaavinpurohit,narendramodi,1
BhabaniShSingh,PandaJay,1
BhabaniShSingh,narendramodi,1
BhagatCingh,AmitShah,1
BhagatCingh,KTRTRS,1
BhagatCingh,RahulGandhi,1
BhagatCingh,narendramodi,1
BhagawatiKr,narendramodi,1
BharatRashtra14,PKotekar,1
BharatRashtra14,as_kapoor,1
BharatiMuralid2,TVMohandasPai,1
BharatiMuralid2,ushrit2020,1
Bhaskar69914806,narendramodi,1
BhaskarDBaruah,RahulGandhi,1
BhaskarDBaruah,narendramodi,1
BhaskarVasistha,arminiu_ss,1
Bhatt17Lalit,yogivimal,1
BheemannaH,himantabiswa,1
BheemannaH,narendramodi,1
BhgwaDhariHindu,INCIndia,1
BhupeshmohanP,major_pawan,1
BhuviTav,BBC,1
BiIndia,narendramodi,2
BibhudattaSwain,narendramodi,1
Bidesi76,Malaguena27,1
Bidesi76,my_musings_ind,1
Bindaazbol,minicnair,1
BirnaUnnur,AamAadmiParty,1
BirnaUnnur,ArvindKejriwal,1
BirnaUnnur,MeghUpdates,1
Blue1983Ocean,BJP4India,1
BlunT_43,MahuaMoitra,1
BlunT_43,desiboho,1
BlunT_43,vivekagnihotri,1
BlunT_43,zoo_bear,1
BlutEngeLSS,RishiSunak,1
BlutEngeLSS,wolsned,1
Bo_Vino,SupriyaShrinate,1
BobinsAbraham,narendramodi,2
BraHmoS89,AmitShah,1
BraHmoS89,TajinderBagga,1
BraHmoS89,narendramodi,1
BraHmoS89,smritiirani,1
BrajTamrakarAm1,BJP4India,1
BrajTamrakarAm1,ZeeNews,1
BrajTamrakarAm1,ZeeNewsHindi,1
BrajTamrakarAm1,narendramodi,1
BrajTamrakarAm1,sudhirchaudhary,1
BroomBlooming,nielsteyn1,1
BroomBlooming,zoo_bear,1
BrotherBrot14,The_WiseIdiot,1
BrotherBrot14,ashoswai,1
BuffaloWhisper1,ShelleyJon1,1
Bunnysaif1,BJP4India,1
Bunnysaif1,INCIndia,1
Bunnysaif1,RahulGandhi,1
Bunnysaif1,crpfindia,1
Bunnysaif1,narendramodi,1
Businessiz,BBCWorld,1
ByEshaRay,JillCowan,1
ByEshaRay,MaggieAstor,1
CAVikramBiyani,AamAadmiParty,1
CAVikramBiyani,SanjayAzadSln,1
CAVikramBiyani,msisodia,1
CF_9876543210,Kishlaysharma,1
CHIRUFAN4,Saiteja14_,1
CHIRUFAN4,mandala_tilak,1
CIVILIZEDPPL,news24tvchannel,1
CNBCTV18Live,18RahulJoshi,1
CNBCTV18Live,NitishKumar,1
CNNnews18,shashidigital,1
COLMISHRA,CambridgeJBS,1
COLMISHRA,CambridgeMBA,1
COLMISHRA,RahulGandhi,1
COMMONPEOPLE007,RituRathaur,1
COPlASRATS,sodomizerghoul,1
CPR_India,Mint_Opinion,2
CPR_India,YouGov,2
CPR_India,livemint,2
CPR_India,rahul_tverma,2
CPR_India,vaibhavparik28,2
CaPokharna,SupriyaShrinate,1
Calling_Shekars,BJP4India,1
Calling_Shekars,turbulentflow31,1
CaptAssamRegt,PiyushGoyal,1
CaptAssamRegt,RahulGandhi,1
CaptAssamRegt,ashokepandit,1
CaptAssamRegt,ayanc_99,1
CaptAssamRegt,narendramodi,2
Captsandeep2,JustMariner,1
CdrPawanSanan,AmitShah,1
CdrPawanSanan,TajinderBagga,1
CdrPawanSanan,_GarGi_G,1
CdrPawanSanan,arunjaitley,1
CdrPawanSanan,narendramodi,1
CdrPawanSanan,smritiirani,1
Chai_Coffee_etc,SeharShinwari,1
Chanakya202021,CambridgeJBS,1
Chanakya202021,RahulGandhi,1
Chanakya202021,SupriyaShrinate,1
ChandanSri1986,PMOIndia,1
ChandanSri1986,adgpi,1
ChandanSri1986,myogiadityanath,1
ChandanSri1986,narendramodi,1
ChandanSri1986,riyaSharma129,1
ChandanSri1986,timesofindia,1
Chandangupta4u,narendramodi,1
ChandniJainCJ,CMOfficeUP,1
ChandniJainCJ,dm_ghaziabad,1
ChandniJainCJ,narendramodi,1
ChandraMohanUp6,JitinPrasada,1
ChandraMohanUp6,MPNeerajShekhar,1
ChandraMohanUp6,nitin_gadkari,1
ChaseAli,AamAadmiParty,1
ChaseAli,AmitShah,1
ChaseAli,BJP4India,1
ChaseAli,INCIndia,1
ChaseAli,narendramodi,1
ChawlaNishant,PressSec,1
ChawlaNishant,narendramodi,1
ChawlaNishant,realDonaldTrump,1
Chennaitravelle,CNNnews18,1
Chennaitravelle,EbixInc,1
Chennaitravelle,OfficialJioTV,1
Chennaitravelle,PrakashJavdekar,1
Chetreeraju,SushmaSwaraj,1
Chetreeraju,himantabiswa,1
Chetreeraju,narendramodi,1
Chetreeraju,sarbanandsonwal,1
ChinaCrisis2020,BhadraPunchline,1
ChirantanGupta5,OpIndia_com,1
ChirantanGupta5,VarunDutt9213,1
ChirantanGupta5,VishuJoshi10,1
ChirantanGupta5,narayan60020713,1
ChootiyaFinder,MUHAMMA44101307,1
ChootiyaFinder,MirMAKOfficial,1
ChootiyaFinder,TheRealCritic9,1
Choudhary_8106,AndhBhaktSays,1
Choudhary_8106,ashoswai,1
Choudharysailor,ProfBabones,1
Choudharysailor,ShashiTharoor,1
ChowkidarChokra,SKavalakat,1
Citz_Aryavart,RahulGandhi,1
Codegirl_TS,arphy_dev,2
Coldavesar,abbas_nighat,1
Com_FromCowBelt,KapilSibal,1
Com_FromCowBelt,SitaramYechury,1
CommonM71714910,kamaalrkhan,1
CoreySherrif,BBCIndia,1
CoreySherrif,GOP,1
CoreySherrif,TheDemocrats,1
CosmicBlessings,narendramodi,1
CowRishi,ashoswai,1
Crchrth,WinRussiawill,1
Crchrth,aavinashchaliha,1
Crijith,SunTV,1
Crijith,arunpudur,1
Crijith,tnpoliceoffl,1
CyrilMendonsa,dembe098,1
DEVenDrapai,iidlpgp,1
DFens19788219,annamalai_k,1
DHARMEN47207039,AAPNareshBalyan,1
DHARMEN47207039,AAPRajasthan,1
DHARMEN47207039,AAPRewaMP,1
DHARMEN47207039,AamAadmiParty,2
DHARMEN47207039,ArvindKejriwal,1
DHARMEN47207039,BhagwantMann,1
DHARMEN47207039,DainikBhaskar,1
DHARMEN47207039,DevenderYadav_,1
DHARMEN47207039,News18Rajasthan,1
DHARMEN47207039,Prasadkj1,1
DHARMEN47207039,RajCMO,1
DHARMEN47207039,SandeepPathak04,1
DHARMEN47207039,ashokgehlot51,1
DHARMEN47207039,dilipkpandey,1
DHARMEN47207039,vinaymishra_aap,1
DPriyankaRao,RaoKavitha,1
DVNair,RahulGandhi,1
DVNair,narendramodi,1
Da_ADMIRAl_Post,AamAadmiParty,1
Da_ADMIRAl_Post,ArvindKejriwal,1
Da_ADMIRAl_Post,msisodia,1
DaniaTumson,megirish2001,1
DanielO38216680,Kanthan2030,1
DaraBhupendra,JM_Scindia,1
DaraBhupendra,news24tvchannel,1
DattaPinge,nupursharma1_,1
DaveSolanki,HMOIndia,1
DaveSolanki,PMOIndia,1
DaveSolanki,RakshaUni,1
DaveSolanki,SICSSL_RRU,1
DaveSolanki,garimak22,1
DaveSolanki,narendramodi,1
David03436704,JaipurDialogues,1
David03436704,Tusharuikey22,1
DavidMenon14,AAPDelhi,1
DavidMenon14,AAPGujarat,1
DavidMenon14,AAPHaryana,1
DavidMenon14,AAPRajasthan,1
DavidMenon14,ASIFKHAN0305,1
DavidMenon14,AamAadmiParty,1
DavidMenon14,AapKaDineshRana,1
DavidMenon14,AapKaGopalRai,1
DavidMenon14,ArvindKejriwal,1
DavidMenon14,BhagwantMann,1
DavidMenon14,DrSushilKrGupta,1
DavidMenon14,MeenaJoshi_,1
DavidMenon14,SANJAYTANWARAAP,1
DavidMenon14,SameerNaqviii,1
DavidMenon14,SanjayAzadSln,1
DavidMenon14,TariqAnwarAAP,1
DavidMenon14,iAmanUppal,1
DavidMenon14,imfulara,1
DavidMenon14,ipathak25,1
DavidMenon14,rohitthakur9555,1
DavidMenon14,singharti411,1
DavidMenon14,skchauhanAAP,1
Deadman_cool,ArvindKejriwal,1
Deadman_cool,ThePollLady,1
Deb_Speaking,aajtak,1
Deb_Speaking,anjanaomkashyap,1
Deb_Speaking,narendramodi,1
DebabrathD,INCIndia,1
DebabrathD,RahulGandhi,1
DebashishHiTs,PoojaShali,1
DebashishHiTs,Shehzad_Ind,1
Deeksha0219,narendramodi,1
DeepakS99167303,ABPNews,1
DesiMun14482677,ABPNews,1
DesiMun14482677,ArvindKejriwal,1
DesiMun14482677,INCIndia,1
DesiMun14482677,SanjayAzadSln,1
DevaangModi,PiyushGoyalOffc,1
DevarshBhatt7,garjen99,1
DevarshBhatt7,mtaibbi,1
DewanKibria,CNNSotu,1
DewanKibria,DanaBashCNN,1
DewanKibria,IvankaTrump,1
DewanKibria,JakeSullivan46,1
DharmanandVn,BJP4India,1
DharmanandVn,BJP4Karnataka,1
DharmanandVn,narendramodi,1
Dhaval_prembhai,myogiadityanath,1
Dhebar_Hardik,ArvindKejriwal,1
DhoniEscobar07,DQsalman396,1
DhoniEscobar07,Jaygowda6969,1
DibyasinhaSah00,sambitswaraj,1
DigitalSaksham_,Subhashini_12b,1
DigitalSaksham_,narendramodi,1
DilipDa60259821,BJPLive,1
DilipDa60259821,narendramodi,1
DilipShan2,BBCHindi,1
DilipShan2,amitmalviya,1
DineshRedEE,Chulbulpanda420,1
DineshRedEE,DOCTORATLARGE,1
Dion_Obay,AlhajiDNA,1
DipantoS,narendramodi,1
Divakar230621,AamAadmiParty,1
Divakar230621,ArvindKejriwal,1
Divakar230621,msisodia,1
Dival1000,Adarshsaurav555,1
Dival1000,RajKevalya,1
DkReach2,CambridgeJBS,1
DkReach2,RahulGandhi,1
DkReach2,SupriyaShrinate,1
DoctoredSpeech,RahulGandhi,1
DoctoredSpeech,narendramodi,1
DoctoredSpeech,sardesairajdeep,1
DrDBhasin,narendramodi,1
DrDeep1008,news24tvchannel,1
DrHritik,AUThackeray,1
DrHritik,SardesaiVarun,1
DrHritik,UdhavThackeray,1
DrManeeshMishra,MirYanaSY,1
DrRAJsaves,sanjeevsanyal,1
DrRijuDutta_TMC,AITCofficial,1
DrRijuDutta_TMC,abhishekaitc,1
DrSameerSaini,FAIMA_INDIA_,1
DrSameerSaini,Indian__doctor,1
DrSameerSaini,KASHJTWITSS,1
DrSameerSaini,MoHFW_INDIA,1
DrSameerSaini,NMC_IND,1
DrSameerSaini,indiacom,1
DrUjjalMajumde2,AITCofficial,1
DrUjjalMajumde2,Chandrimaaitc,1
DrUjjalMajumde2,DrRijuDutta_TMC,1
DrUjjalMajumde2,DrShashiPanja,1
DrUjjalMajumde2,GhatakMoloy,1
DrUjjalMajumde2,KunalGhoshAgain,1
DrUjjalMajumde2,MaliahJune,1
DrUjjalMajumde2,MamataOfficial,1
DrUjjalMajumde2,abhishekaitc,1
DrUjjalMajumde2,derekobrienmp,1
DrUjjalMajumde2,sayantika12,1
DrUjjalMajumde2,sujitboseaitc,1
DrUlhasParab,BJP4India,1
DrUlhasParab,INCIndia,1
Durgesh00064005,arunjaitley,1
Durgesh00064005,narendramodi,1
DwarfPoet,narendramodi,1
Dx_Harsh_,MeghUpdates,1
Dynamicdon2,AamAadmiParty,2
Dynamicdon2,BJP4India,1
Dynamicdon2,msisodia,1
EAGLEEY61238972,zoo_bear,1
EKadhirvel,DMK_ITwing,1
EKadhirvel,TRBRajaa,1
EKadhirvel,karthikgunner,1
EKadhirvel,mkstalin,1
EKadhirvel,zoo_bear,1
EagleLav,narendramodi,1
EagleLav,rsprasad,1
EbinMathew056,narendramodi,1
EdwardRajaKVP,annamalai_k,1
EktaRanga90,narendramodi,1
Ektarhtk,Shekhar79825297,1
Enraged_Indian,BJP4India,1
Enraged_Indian,ProsaicView,1
Enraged_Indian,TVMohandasPai,1
Enraged_Indian,amitmalviya,1
Enraged_Indian,narendramodi,1
Enraged_Indian,sagarikaghose,1
Enraged_Indian,sandythapar,1
Enraged_Indian,stephann61,1
Enraged_Indian,timesofindia,1
EntropyFyne,ANI,1
EntropyFyne,Narsimha_dev,1
Erferoz2,AmitShah,1
ErumSKhan,TanaySukumar,1
ErumSKhan,bysurbhigupta,1
ErumSKhan,rahul_tverma,1
EthicalHacker__,narendramodi,1
Evelyn02640426,MorayReef,1
Evelyn02640426,NikkiHaley,1
Exo80786430,ByRakeshSimha,1
ExploreV9,NikkiHaley,1
ExploreV9,POTUS,1
FZ1610,MrsGandhi,1
FZ1610,amitmalviya,1
FZ1610,timesofindia,1
Faizanjjshaikh,BJP4India,1
Faizanjjshaikh,narendramodi,1
Faizanjjshaikh,nitin_gadkari,1
FdoRasin,simonsturdee,1
FearlessDPSingh,narendramodi,1
FemmeFirstF,AdvJebiMather,1
FemmeFirstF,AngellicAribam,1
FemmeFirstF,CharuPragya,1
FemmeFirstF,norwayinindia,2
FemmeFirstF,sasmitpatra,1
FemmeFirstF,sunetrac,1
FidoDidokool,Voice_For_India,1
FinancialBrdm,AmitShah,1
FinancialBrdm,AmitShahOffice,1
FinancialBrdm,ChiragC15302093,1
FinancialBrdm,OfficeOfRKSingh,1
FinancialBrdm,PMOIndia,1
FinancialBrdm,TajinderBagga,1
FinancialBrdm,akshaykumar,1
FinancialBrdm,narendramodi,1
FinancialBrdm,nsitharaman,1
FokatKeVichar,BJP4India,1
FokatKeVichar,narendramodi,1
FokatKeVichar,tavleen_singh,1
FoolishApathy,CambridgeJBS,1
FoolishApathy,CambridgeMBA,1
FoolishApathy,INCIndia,1
FoolishApathy,INCOverseas,1
FoolishApathy,IndianExpress,1
FoolishApathy,Jairam_Ramesh,1
FoolishApathy,PadmajaJoshi,1
FoolishApathy,RahulGandhi,1
FoolishApathy,Swamy39,1
FoolishApathy,TimesNow,1
FoolishApathy,TravelA75148805,1
FoolishApathy,narendramodi,1
FoolishApathy,ndtv,1
FoolishApathy,ril_md,1
FoolishApathy,sampitroda,1
FoolishApathy,suhasinih,1
FoolishApathy,swati_gs,1
Football_lokam,ThePrashanthCB,1
Football_lokam,bengalurufc,1
Fun2sh15,ArvindKejriwal,1
Fun2sh15,sgurumurthy,1
FunKhor,INCIndia,2
FunnyBunnyToon,RubikaLiyaquat,1
GAB_Indian,PMOIndia,1
GAB_Indian,narendramodi,1
GAURAVS28169396,PiyushGoyal,1
GG34754409,ndtv,1
GJayCrypto,AamAadmiParty,1
GJayCrypto,blur_io,1
GMSOFI8,AmitShah,1
GModi2019,RahulGandhi,1
GModi2019,UK4Modi2019,1
GModi2019,narendramodi,1
GModi2019,publictvnews,1
GModi2019,republic,1
GModi2019,sambitswaraj,1
GModi2019,smritirani,1
GModi2019,vijai63,1
GURUJHA,BJP4Bihar,1
GURUJHA,narendramodi,1
Gabbarshet,Azizshimshali,1
GampaSD,narendramodi,1
Gangetic_Turtle,India_Progress,1
GangulyUllash,AnchorAnandN,1
GangulyUllash,CNNnews18,1
GangulyUllash,RahulGandhi,1
GangulyUllash,narendramodi,1
Gary11044354,DivyaSoti,1
Garysocially,ProfBabones,1
Garysocially,ShashiTharoor,1
GauravKhairat,AmitShah,1
GauravKhairat,narendramodi,1
GauravNand_IERS,mkstalin,1
GawandePnkj,iamnavfan,1
GeeKayTalks,PandaJay,1
GeeKayTalks,narendramodi,1
GeoiasRamaraj,airnews_Chennai,1
Geosav87,BCCIdomestic,1
Geosav87,mastercardindia,1
GhoseSu,editorji,1
GhoshSubhag,theskindoctor13,1
Giri3Suraj,PrabhakarKolla2,1
Giri3Suraj,Swamy39,1
GoGool100,AAPBangalore,1
GoGool100,AAPKarnataka,1
GoGool100,AamAadmiParty,1
GoGool100,aapkaprithvi,1
GodambeGauri,Paurassinh,1
GoenkaHimmat,AamAadmiParty,1
GoenkaHimmat,ArvindKejriwal,1
GoenkaHimmat,GhanendraB,1
GoenkaHimmat,lkoabhishek,1
GoenkaHimmat,z_palsania,1
Gopalkris1983,8Y8ZQ,1
Gopalkris1983,AmbujShrivast16,1
Gopalkris1983,ArvindChaturved,1
Gopalkris1983,Dharma4X,1
Gopalkris1983,Dharma6X,1
Gopalkris1983,Geethabhati,1
Gopalkris1983,HindnburgRes,1
Gopalkris1983,IndiaTamizhn,1
Gopalkris1983,JugalKhetan,1
Gopalkris1983,Meshsi1502Kn,1
Gopalkris1983,ProfSukh,1
Gopalkris1983,REIyer4,1
Gopalkris1983,RupamDu22916188,1
Gopalkris1983,SSR__jaihind,1
Gopalkris1983,Swamy39,1
Gopalkris1983,SwamyBhakt,1
Gopalkris1983,Treasure1725,1
Gopalkris1983,VHSAustralia,1
Gopalkris1983,VarshaThacker,1
Gopalkris1983,VijayRajan777,1
Gopalkris1983,ashwani_mahajan,1
Gopalkris1983,chitrapadhi,1
Gopalkris1983,colkt,1
Gopalkris1983,iamnikunjshah,1
Gopalkris1983,jagdishshetty,1
Gopalkris1983,janataparty1977,1
Gopalkris1983,madhukishwar,1
Gopalkris1983,mm_0774,1
Gopalkris1983,niku1630,1
Gopalkris1983,nviswam,1
Gopalkris1983,ragusmg2,1
Gopalkris1983,rameshsethu,1
Gopalkris1983,ranganaathan,1
Gopalkris1983,sachin23kr,1
Gopalkris1983,satbhakta,1
Gopalkris1983,satyasabharwal,1
Gopalkris1983,sumit_kochhar,1
Gopalkris1983,vijay_rajan,1
Gopalkris1983,vishalnautamlal,1
GourangaKar8,Indian_Analyzer,1
GoyalPradeepCA,AamAadmiParty,1
GoyalPradeepCA,Jasmine441,1
GoyalPradeepCA,msisodia,1
GraeSullivan,LewSOS,1
GreenEarthMatic,timesofindia,1
GrindThemGears,Foshee13144,1
GujunRupsas,AmitShah,1
GujunRupsas,BJP4India,1
GujunRupsas,RahulGandhi,2
GujunRupsas,htTweets,1
GujunRupsas,kaushikcbasu,1
GujunRupsas,narendramodi,2
GuptaVkg1,AamAadmiParty,1
GuptaVkg1,ArvindKejriwal,1
GurkiThejas,ICC,1
HALDERG12,MahuaMoitraFans,1
HaindhavaBharat,CambridgeJBS,1
HaindhavaBharat,CambridgeMBA,1
HaindhavaBharat,RahulGandhi,1
HaindhavaBharat,kharge,1
HappyTimeIsNow,youturn_in,1
HarSakhii,thehawkeyex,1
Hariomsingh763,BJP4India,1
Hariomsingh763,aajtak,1
Hariomsingh763,myogiadityanath,1
Hariomsingh763,narendramodi,1
HarmeetJolly1,Allavaru,1
HarmeetJolly1,GurjeetSAujla,1
HarmeetJolly1,Raresidhu,1
HarmeetJolly1,SimmiAhuja_,1
HarmeetJolly1,TV9Bharatvarsh,1
HarmeetJolly1,divyaspandana,1
HarmeetJolly1,ghanshyamtiwari,1
HarmeetJolly1,guramneet,1
HarmeetJolly1,kahlonjaskaran,1
HarmeetJolly1,keshavyadaviyc,1
HarmeetJolly1,narendramodi,1
HarmeetJolly1,sherryontopp,1
HarmeetJolly1,srinivasiyc,1
HarmeetJolly1,vidyarthee,1
HarmeetJolly1,yuvadesh,1
HarrisSayss,CMOTamilNadu,1
HarrisSayss,narendramodi,1
HarrisSayss,ops,1
Harsh_twit,RCBTweets,1
Harshad_Garud,narendramodi,1
Harshva70214071,BJP4India,1
Harshva70214071,JPNadda,1
Harshva97187465,vivekagnihotri,1
Haryanaviichora,narendramodi,1
HashimYJSpeaks,BJP4India,1
HashimYJSpeaks,narendramodi,1
HayHouseIndia,sumaatekur,1
HeritageClasses,BiharTakChannel,1
HiRam30635505,BJP4India,1
HiRam30635505,JPNadda,1
HiRam30635505,PMOIndia,1
HiRam30635505,RahulGandhi,1
Himanshu_Gyan,BJP4India,1
Himanshu_Gyan,abpnewshindi,1
Himanshu_Gyan,narendramodi,1
Himeros2712,DMKITwing,1
Himeros2712,Jokerblastard,1
Himeros2712,Profdilipmandal,1
Himeros2712,TRBRajaa,1
Himeros2712,mkstalin,1
Hmsbigel1,Tim_Clif,1
IChipkin,AiyarYamini,1
ILANGO98193,Malaguena27,1
ILANGO98193,RahulGandhi,1
IMA_Indian,Politics_2022_,2
IMA_Indian,news24tvchannel,1
INCVINAYPANDEY1,DanishKhan80,1
INCVINAYPANDEY1,INCMumbai,1
INCVINAYPANDEY1,RahulGandhi,1
ISinghRajput,narendramodi,1
IStupidCitizen,Adil_INC_,1
IStupidCitizen,GondbalSaleem,1
IStupidCitizen,ImYadav0396,1
IStupidCitizen,KrisNair1,1
IStupidCitizen,Mahfooz_khan786,1
IStupidCitizen,SonOfMagadh,1
IStupidCitizen,aryankhan_,1
IStupidCitizen,asitmitt,1
IStupidCitizen,hoorsheikh_fiza,1
IStupidCitizen,iamsrk,1
IStupidCitizen,mohdriy43871551,1
IStupidCitizen,rajanikumari21,1
IStupidCitizen,vkjha783,1
I_am_Varshney,SushmaSwaraj,1
I_am_Varshney,electionco,1
I_am_Varshney,narendramodi,1
IamKingVinay,PawanKalyan,1
IamVi_P,RahulGandhi,1
IamVi_P,ShefVaidya,1
IamVi_P,keel1616,1
IamVi_P,narendramodi,1
Iam_Adnankhan,akshaykumar,1
Iam_Adnankhan,narendramodi,1
Iamjadhao,JSFM_INTL_SPKMN,1
Iamnotcommunal,AkshayMarathe,1
Iamnotcommunal,ArvindKejriwal,1
Iamswaro_op,ANI,1
Iamswaro_op,Dr_ManishJangra,1
Iamswaro_op,SayantaniBhuni3,1
Iamswaro_op,mansukhmandviya,1
IdealistAadmi,BJP4India,1
IdealistAadmi,narendramodi,1
IdrisAhmad_47,Jairam_Ramesh,1
IdrisAhmad_47,WilfredQuadros1,1
IdrisAhmad_47,mrsinghCricUmp,1
Ikhumanbeing,BaazNewsOrg,1
Ikhumanbeing,MandeepBajwa,1
Ikhumanbeing,YungBhujang,1
Ikhumanbeing,amnesty,1
Ikhumanbeing,iJasOberoi,1
Ikhumanbeing,mandeeppunia1,1
IkkMundaPunjabi,BJP4India,1
IkkMundaPunjabi,INCIndia,1
IkkMundaPunjabi,narendramodi,1
IliasIyaz,HimanshuKakani,1
IliasIyaz,Mohan_0311,1
IliasIyaz,abhishekj0sh1,1
IliasIyaz,ayushmannk,1
IliasIyaz,karanjohar,1
IliasIyaz,narendramodi,1
ImAtulSaini,AmirJKhan2,1
ImAtulSaini,KapilSibal,1
ImKrish29,AamAadmiParty,1
ImKrish29,msisodia,1
ImKrish29,sagarikaghose,1
ImKrish29,sardesairajdeep,1
ImKrish29,timesofindia,1
ImPankajXKumar,mtaibbi,1
ImParsiya13,BJP4Gujarat,1
ImParsiya13,BJP4India,1
ImParsiya13,narendramodi,1
ImParsiya13,vijayrupanibjp,1
Imzeeshi,WasimJaffer14,1
Imzeeshi,khushsundar,1
Imzeeshi,zoo_bear,1
IndiaCritic,AmitShah,1
IndiaCritic,BJPKarnataka,1
IndiaCritic,narendramodi,1
IndiaShiningPJ,BJP4India,1
IndiaShiningPJ,PMOIndia,1
IndiaShiningPJ,narendramodi,1
IndiaToday,PoojaShali,1
IndiaToday,Shehzad_Ind,1
India_comments,c_aashish,1
Indian2561,INCIndia,1
Indian2561,KirenRijiju,1
IndianSinghh,BefittingFacts,1
Indian_Hindu86,BRSparty,1
Indian_Hindu86,realyssharmila,1
IndonesiaNFT,ImranKhanPTI,1
IndonesiaNFT,narendramodi,1
InduriSriniva12,nupursharma1_,1
Investor_DSD,ArvindKejriwal,1
IraniDarayas,Nidhi,1
IshwarS90233688,AkshayMarathe,1
IshwarS90233688,ArvindKejriwal,1
Italian347,kekistanovic007,1
Its_PankajJain,BJP4India,1
Its_PankajJain,ISapnaMishra,1
Its_PankajJain,KapilMishra_IND,1
Its_PankajJain,TajinderBagga,1
Its_PankajJain,narendramodi,1
ItsmeOhgod,BJP4India,1
ItsmeOhgod,PandaJay,1
ItsmeOhgod,narendramodi,1
Itssan17,FilmEnjoyer7,1
IycKarnal,AbhinavRsharma_,1
IycKarnal,RahulGandhi,1
JAI_HINDjaihind,kharge,1
JAI_HINDjaihind,narendramodi,1
JBVora80,BCCI,1
JBVora80,GautamGambhir,1
JBVora80,IrfanPathan,1
JBVora80,RaviShastriOfc,1
JBVora80,bhogleharsha,1
JBVora80,harbhajan_singh,1
JBVora80,vikrantgupta73,1
JD78741001,ANI,1
JD78741001,INCIndia,1
JOGENDRASINGH15,AsYouNotWish,1
JOGENDRASINGH15,TheFarahKhan,1
JOGENDRASINGH15,jayaprada_MP,1
JOGENDRASINGH15,narendramodi,1
JOGENDRASINGH15,rahulkanwal,1
J_MSharma,ZeeNews,1
J_MSharma,narendramodi,1
J_MSharma,sudhirchaudhary,1
J_Rishika,BJP4India,1
J_Rishika,INCIndia,1
J_Rishika,RahulGandhi,1
J_Rishika,narendramodi,1
Jacobmathewlive,AmitShah,1
Jacobmathewlive,BJP4India,1
Jacobmathewlive,narendramodi,1
Jacobmathewlive,news24tvchannel,1
Jag_Jeetyaa,RahulGandhi,1
Jagajjivan,timesofindia,1
JaganNori,BJP4India,1
JaganNori,ManoharGoud41,1
JaganNori,PMOIndia,1
JaganNori,narendramodi,1
JaganYsrcp1,Monica1236,1
Jagdish39953445,gautam_adani,1
JaiPoswal1995,RShivshankar,1
JaiPoswal1995,capt_amarinder,1
JaiPoswal1995,sagenaradamuni,1
JaiinDev,BJP4Gujarat,1
JaiinDev,CMOGuj,1
JaiinDev,PMOIndia,1
JaiinDev,narendramodi,1
JaiinDev,vijayrupanibjp,1
JainTrapti1,narendramodi,1
Jakblun,Iyervval,1
Jakblun,OfRunjh,1
JambuDanapuara,BSYBJP,1
JambuDanapuara,BYRBJP,1
JambuDanapuara,IndexKarnataka,1
JambuDanapuara,Indian_Analyzer,1
JambuDanapuara,PCMohanMP,1
JambuDanapuara,ShobhaBJP,1
JambuDanapuara,TVMohandasPai,1
JambuDanapuara,ajitdatta,1
JambuDanapuara,dp_satish,1
JambuDanapuara,jsaideepak,1
JambuDanapuara,narendramodi,1
JaminKhan34,BhavikaKapoor5,1
JaminKhan34,anubhav2011,1
JaminKhan34,rose_k01,1
JaminKhan34,skch78,1
Janadesh21,SushmaSwaraj,1
JanardhananPP1,MJ_007Club,1
JayJPatel_,BJP4India,1
JayJPatel_,narendramodi,1
Jayanta43895524,INCIndia,1
Jayanta43895524,RahulGandhi,1
Jayanta43895524,SupriyaShrinate,1
JayashankarKV,INCIndia,1
Jaydeep_Bapat,MamataOfficial,1
Jaydeep_Bapat,Mayawati,1
Jaydeep_Bapat,PawarSpeaks,1
Jaydeep_Bapat,RahulGandhi,1
Jaydeep_Bapat,ShefVaidya,1
Jaydeep_Bapat,SitaramYechury,1
Jaydeep_Bapat,TwitterSupport,1
Jaydeep_Bapat,facebook,1
Jaydeep_Bapat,narendramodi,1
Jaydeep_Bapat,yadavakhilesh,1
Jayshri_Rajput1,CMOfficeUP,1
Jayshri_Rajput1,PMOIndia,1
Jayshri_Rajput1,mkstalin,1
JeevanBhatia,RahulGandhi,1
JeevanBhatia,narendramodi,1
JeevanBhatia,timesofindia,1
JeevanBhatia,yadavakhilesh,1
JeffryJonThomas,gganeshhh,1
JerryKozy,INCBihar,1
JerryKozy,LeshiSingh,1
JerryKozy,ManojTiwariMP,1
JerryKozy,News18Bihar,1
JerryKozy,PremChandraMis2,1
JerryKozy,SMCHOUOfficial,1
JerseyT1967,POTUS,1
JerseyT1967,SenWarren,1
Jetpandey,Shehzad_Ind,1
Jetpandey,narendramodi,1
JigarM2607,narendramodi,1
JindalGlobalUNI,AmeeYajnik,1
JindalGlobalUNI,DrKanimozhiSomu,1
JindalGlobalUNI,Kartiksharmamp,1
JindalGlobalUNI,Tarunnangia,1
JindalGlobalUNI,sasmitpatra,1
JishnuTimes,manupubby,1
Jitendr77360481,PiyushGoyal,1
Jitendr77360481,RRBKOLKATA,1
Jitendr77360481,WesternRlyis,1
Jitendr77360481,narendramodi,1
JnarayanNarayan,prajavani,1
JohanKirik,FltLtAnoopVerma,1
JohanKirik,SupriyaShrinate,1
Johnson10968482,TOIIndiaNews,1
Jordan29_12,GeorgeHayes3264,1
JosephJZWeiss,WallisKeziah,1
JosephJZWeiss,hiokinai,1
JosephJZWeiss,sarahshulist,1
Joshi_Rohaan,narendramodi,1
Joshi_Rohaan,theskindoctor13,1
Juice_Kudithiya,mkvenu1,1
Juice_Kudithiya,svaradarajan,1
Juice_Kudithiya,t_d_h_nair,1
Juice_Kudithiya,thewire_in,1
JyotiChatterje,CPIM_WESTBENGAL,1
JyotiChatterje,GANASHAKTI1,1
JyotiChatterje,Sujan_Speak,1
JyotiChatterje,cpimspeak,1
JyotiChatterje,mishra_surjya,1
JyotiChatterje,salimdotcomrade,1
KAILASH_TMYC,AITC4Meghalaya,1
KAILASH_TMYC,AITCofficial,1
KAILASH_TMYC,abhishekaitc,2
KDinku,SandipGhose,1
KDinku,ajitdatta,1
KMariyanka,narendramodi,1
KMariyanka,sambitswaraj,1
KMariyanka,smritiirani,1
KMthr,YouTube,1
KSingh_1469,cvkrishnan,1
KSingh_1469,khabdoda,1
K_N_Chowdary143,narendramodi,1
K_N_Chowdary143,ncbn,1
Ka_nika0106,ManyataGaur,1
Ka_nika0106,tomtomatoe,1
KaarthikeyanGo1,annamalai_k,1
Kabirhalder9,AITCofficial,1
Kabirhalder9,abhishekaitc,1
KajaRossie,0xHusky,1
KajaRossie,Israel,1
KajaRossie,meero_bham,1
KajaVinoth,ArvindKejriwal,1
KajaVinoth,RahulGandhi,1
KajaVinoth,Swamy39,1
KajaVinoth,narendramodi,1
Kal69El,ArunSFan,1
Kal69El,tavleen_singh,2
KalravBhatnagar,pbhushan1,1
KamalTweet2,narendramodi,1
KamalTweet2,thewire_in,1
KamalenduR,Cambridge_Uni,1
KamalenduR,RahulGandhi,1
Kamalgo08495177,ShashiTharoor,1
Kannadave_USIRU,acrodemys,1
Kannadave_USIRU,apurba45,1
Kannadave_USIRU,hosabaraha,1
Kannadave_USIRU,sanjayfadnavis1,1
KantiAmaresh,AmitShah,1
KantiAmaresh,JPNadda,1
KantiAmaresh,narendramodi,1
KaranSh81097023,narendramodi,1
KarpeDi75288731,Amul_Coop,1
KarpeDi75288731,UJJAVALSHAH2,1
KartikeyaGoel4,narendramodi,1
KarunaDMK1905,Bothumaram,1
KarunaDMK1905,Subrama53283710,1
KarunaDMK1905,VanathiBJP,1
Karwa_k,narendramodi,1
KatyushaRockets,DrSJaishankar,1
KatyushaRockets,Indra_Nil_,1
KatyushaRockets,JayPatelw,1
KavanaBopanna1,narendramodi,1
KaveriThiyagara,Vidyakailankaje,1
KaveriThiyagara,narendramodi,1
Kavi_Kumud,ArvindKejriwal,1
KcJjana,BJP4India,1
KcJjana,INCIndia,1
KcJjana,sagarikaghose,1
Kcpandey23,ANI,1
Kcpandey23,TheAllenVictor,1
KeyurJoshi_,vikrantgupta73,1
Kezo_IPS,INCIndia,1
Kezo_IPS,RahulGandhi,1
Kezo_IPS,tavleen_singh,1
Khanmaskooralam,18RahulJoshi,1
Khanmaskooralam,News18Bihar,1
Khanmaskooralam,narendramodi,1
Khansahb05,bikram123,1
KishenSahil,BJP4India,1
KishenSahil,narendramodi,1
Kittu10021704,annamalai_k,1
KnowShareAct,BattaKashmiri,1
KnowShareAct,DipasreeAB,1
KnowShareAct,Hinduism_sci,1
KnowShareAct,IAbhay_Pratap,1
KnowShareAct,IndianSinghh,1
KnowShareAct,KhajuriaManu,1
KnowShareAct,Rajput_Ramesh,1
KnowShareAct,Sadhvi_prachi,1
KnowShareAct,TheSanatanUday,1
KnowShareAct,hinduacademy,1
KnowShareAct,mohitbharatiya_,1
KnowShareAct,pakistan_untold,1
KohlismForever,AliaKha08876478,1
KohlismForever,iShaheenAfridi,1
Komrade_lukrer5,_myrk_wise,1
Krishna64396694,epanchjanya,1
Krishna78237984,BJP4India,1
Krishna78237984,BJP4Meghalaya,1
Krishna78237984,Bhabesh_KalitaR,1
Krishna78237984,KujurSantiuse,1
Krishna78237984,ParasKGhelaanii,1
Krishna78237984,RiturajSinhaBJP,1
Krishna78237984,SharmaKhemchand,1
Krishna78237984,ksmkkbookscom,1
Krishna78237984,pramodsworld1,1
Krishna78237984,rituparnasarm10,1
Krishna78237984,sarat65neog,1
Krishna78237984,smehta819,1
KrishnaG108,TheLegateIN,1
KrishnaKabeer,INCIndia,1
KrishnaKabeer,RahulGandhi,1
KrishnaKabeer,narendramodi,1
KrishnamurthyVK,narendramodi,1
Krishyur_Tweet,BJP4India,1
Krishyur_Tweet,RahulGandhi,1
Krishyur_Tweet,narendramodi,1
Kulenady,INCIndia,1
Kulenady,RahulGandhi,1
KumarReddyCH,AmitShah,1
KumarReddyCH,BJP4India,1
KumarReddyCH,RahulGandhi,1
KumarReddyCH,narendramodi,1
KumarVivivini,AamAadmiParty,1
KumarVivivini,IndiaToday,1
KumarVivivini,PoojaShali,1
KumarVivivini,Rahulshrivstv,1
KurgatNoel,KTNNewsKE,1
LDoddannagari,ANSOM68,1
LDoddannagari,Shehzad_Ind,1
LDoddannagari,banmi,1
LaksshyaAdvani,AMISHDEVGAN,1
LaksshyaAdvani,AmitShah,2
LaksshyaAdvani,BJP4Delhi,1
LaksshyaAdvani,BJP4India,4
LaksshyaAdvani,Gen_VKSingh,1
LaksshyaAdvani,ImranKhanPTI,1
LaksshyaAdvani,IndiaToday,1
LaksshyaAdvani,ManojTiwariMP,1
LaksshyaAdvani,PMOIndia,1
LaksshyaAdvani,Swamy39,1
LaksshyaAdvani,VOXINDICA,1
LaksshyaAdvani,htTweets,1
LaksshyaAdvani,narendramodi,10
LaksshyaAdvani,rahulkanwal,1
LaksshyaAdvani,republic,1
LaksshyaAdvani,shuksrpcol,1
LaksshyaAdvani,sudhirchaudhary,1
Lalalla84643031,BeBeShastri,1
Lalchan35353119,tina_yadav666,1
Lalchan35353119,yadavakhilesh,1
LaoTzu_Iran,Up_yours_Haftar,1
LaoTzu_Iran,noiranwarorg,1
Lasttweet108,SeharShinwari,1
LazarusMission1,Martina,1
Lemoor_Samurai,CMSaraNelson,1
Lemoor_Samurai,D5Juarez,1
Lemoor_Samurai,DrKrishnasamy,1
Lemoor_Samurai,DrShyamKK,1
Lemoor_Samurai,HLKodo,1
Lemoor_Samurai,MayorofSeattle,1
Lemoor_Samurai,SeattleCouncil,1
Lemoor_Samurai,SuhagAShukla,1
Lemoor_Samurai,annamalai_k,1
Lemoor_Samurai,cmkshama,1
Lemoor_Samurai,subhash_kak,1
LevinaNeythiri,MahimaShastri,1
LevinaNeythiri,OKarthik82,1
LevinaNeythiri,TeamNamoBrigade,1
LevinaNeythiri,manoj_gujaran,1
LevinaNeythiri,narendramodi,1
LiberalTruly,KCbellemoon99,1
Life_IsABanquet,KanwalSibal,1
Life_IsABanquet,sheltonkdaniel,1
Llana,mtaibbi,1
LokeshSharma085,BJP4India,1
LokeshSharma085,JasumatiPatel,1
LokeshSharma085,PrakashPnegi,1
Lokpria,narendramodi,1
LoneDruid_1,Aakar__Patel,1
LoneDruid_1,PTI_News,1
LongmanGill,ashoswai,1
LongmanGill,narendramodi,1
Lotus2051,ThePollLady,1
LoveAUFGator,TimesNow,1
LoveKum03828389,BJP4UP,1
LoveKum03828389,INCIndia,1
LoveKum03828389,narendramodi,1
LuckyPandey27,WokePandemic,1
MAGESHW57341284,AmitShah,1
MAGESHW57341284,KapilSibal,1
MAGESHW57341284,NewIndianXpress,1
MAGESHW57341284,RahulGandhi,2
MAGESHW57341284,arunjaitley,1
MAGESHW57341284,narendramodi,2
MAGESHW57341284,rashtrapatibhvn,1
MBTheGuide,DeccanHerald,4
MBTheGuide,PawarSpeaks,1
MBTheGuide,RahulGandhi,1
MBTheGuide,narendramodi,3
MBtweet11,narendramodi,1
MCJoshi1968,SitaramYechury,1
MDSAMSH08900492,BoltaHindustan,1
MDSalmanAITC,AITCofficial,1
MDSalmanAITC,Chandrimaaitc,1
MDSalmanAITC,DrRijuDutta_TMC,1
MDSalmanAITC,DrShashiPanja,1
MDSalmanAITC,GhatakMoloy,1
MDSalmanAITC,KunalGhoshAgain,1
MDSalmanAITC,MaliahJune,1
MDSalmanAITC,MamataOfficial,1
MDSalmanAITC,abhishekaitc,1
MDSalmanAITC,derekobrienmp,1
MDSalmanAITC,sayantika12,1
MDSalmanAITC,sujitboseaitc,1
MDoh69049396,POTUS,1
MDoh69049396,SenWarren,1
MHBIndia313,AdityaMenon22,2
MHBIndia313,Nidhi,1
MHBIndia313,SushmaSwaraj,1
MHBIndia313,bainjal,2
MHBIndia313,divyaspandana,1
MHBIndia313,narendramodi,1
MINDASIDE,AITCofficial,2
MINDASIDE,Chandrimaaitc,2
MINDASIDE,DrRijuDutta_TMC,2
MINDASIDE,DrShashiPanja,2
MINDASIDE,GhatakMoloy,2
MINDASIDE,KunalGhoshAgain,2
MINDASIDE,MaliahJune,2
MINDASIDE,MamataOfficial,2
MINDASIDE,abhishekaitc,2
MINDASIDE,derekobrienmp,2
MINDASIDE,sayantika12,2
MINDASIDE,sujitboseaitc,2
MMGogoi,_pallavighosh,1
MSaeedS_A,ashoswai,1
M_8319,AmitShah,1
M_8319,BJP4India,1
M_8319,PMOIndia,1
M_8319,loksabhatv,1
M_8319,narendramodi,1
MadGView,BJP4India,1
MadGView,INCIndia,1
Madao_415,Justaweirdflex,1
Madao_415,OrdinaryGamers,1
Madeeeehaa,BreadAurCheese,1
Madeeeehaa,HimeshMankad,1
MadhavPriyaa,AmitShah,1
MadhavPriyaa,BJP4India,1
MadhavPriyaa,arunjaitley,1
MadhavPriyaa,narendramodi,1
MadhavPriyaa,rsprasad,1
MadhavanArjunan,iAsura_,1
Madhok_14,ndtv,1
Maharajadiraja,ImAkashPatil,2
Maharajadiraja,JavabdariMansha,2
Maharajadiraja,nkshetty82,2
Maharajadiraja,potterscar08,2
Maheshw52647865,AnchorAnurag,1
Maheshw52647865,RahulGandhi,1
Maheshw52647865,TNNavbharat,1
MahhiRangi,narendramodi,1
Mahi_Siddiqui15,ECISVEEP,1
MailmeHoysala,JPNadda,1
MailmeHoysala,Nimmabhaskar22,1
MalikAmmarBaig,debarshi_shivam,1
MalikAmmarBaig,majorgauravarya,1
Mangesh64841572,GiorgiaMeloni,1
Mangesh64841572,narendramodi,1
Mangesh64841572,vivekagnihotri,1
Maninder777,erbmjha,1
Manish59328934,VikasSaraswat,1
ManishK76028559,INCIndia,1
ManishK76028559,RahulGandhi,1
ManishK76028559,SupriyaShrinate,1
ManitaGautamMa1,Annu82039874,1
ManitaGautamMa1,MumbaiMirror,1
ManitaGautamMa1,_asiya_31,1
ManitaGautamMa1,fambruharmy,1
ManitaGautamMa1,narendramodi,1
ManitaGautamMa1,rsprasad,1
ManoharPusala,JanaSenaParty,1
ManoharPusala,PawanKalyan,1
ManojKu57457583,AnupamPKher,1
ManojKu57457583,DevLadpura,1
ManojKu57457583,RahulGandhi,1
ManojKu57457583,narendramodi,1
ManojKu57457583,sambitswaraj,1
ManojMo64018094,AAPBangalore,1
ManojMo64018094,AAPKarnataka,1
ManojMo64018094,AamAadmiParty,1
ManojMo64018094,aapkaprithvi,1
Manojcaps,AmitShah,1
Manojcaps,KapilMishra_IND,1
Manojcaps,PMOIndia,1
Manojcaps,Pushpendraamu,1
Manojcaps,dp_daleverma,1
Manojcaps,myogiadityanath,1
ManpreetSDor,Abhijee88713022,1
ManpreetSDor,Gagan4344,1
ManpreetSDor,SanamdeepSingh1,1
ManpreetSDor,_khalistani,1
ManpreetSDor,iamhhhijj,1
ManuSha38749386,aajtak,1
ManuSha38749386,narendramodi,1
ManuSha38749386,sambitswaraj,1
MarioIAguilar,MarioIAguilar,1
MatMalayGuy,PisauKarat,1
Mathhashmi,narendramodi,1
Mattdcost,Raviravirai,1
MattooAshish,Iyervval,1
MaulanaLoduddin,ameet1012,1
Maveric18926359,Arunay23191594,1
Maveric18926359,TheAcademy,1
Maveric18926359,deepikapadukone,1
Maveric18926359,vivekagnihotri,1
Max46546228,ArvindKejriwal,1
MayankgargGarg,AmitShah,1
MayankgargGarg,ZeeNews,1
MayankgargGarg,aajtak,1
MayankgargGarg,narendramodi,1
MayankgargGarg,ndtv,1
MayurBichewar,narendramodi,1
McshannockCory,CTVNews,1
McshannockCory,Casper1981b,1
MdAmirRaza1,ShafqatAmanatA,1
Mdkabir01073971,AITCofficial,1
Mdkabir01073971,abhishekaitc,1
Mediarama2,CambridgeJBS,1
Mediarama2,CambridgeMBA,1
Mediarama2,MichaelKitson,1
Mediarama2,RahulGandhi,1
Megan_udhay,PMOIndia,1
Megan_udhay,imjadeja,1
Megan_udhay,narendramodi,1
MehrauliaKavi,RahulGandhi,1
MehrauliaKavi,Supriya23bh,1
MehrotraRP,OpIndia_com,1
MehrotraRP,PiyushGoyal,1
MehrotraRP,alok_bhatt,1
MehrotraRP,arunjaitley,1
MehrotraRP,narendramodi,1
MehulJo06417805,SonyTV,1
Meiyapp21545445,actorvijay,1
Meiyapp21545445,itz_ritheesh,1
MessiFan2704,balajii7162,1
MessiFan2704,hyperKohli,1
MgGuggari,narendramodi,1
Michaelbraggs10,ndtv,1
MidasPriceless,HinduAmericans,1
MilanV,nytimes,1
Mimi25683734,AITCofficial,1
Mimi25683734,abhishekaitc,1
Mir37179426,ANI,1
Mir37179426,narendramodi,1
Miraninick,NitishKumar,1
Miraninick,narendramodi,1
MirrorNow,SanjayAzadSln,1
MirrorNow,nagar_pulkit,1
MisterChi3f,Karanpartap01,1
Mitra_010,airavatvolvo,1
Mitra_010,i_Chanakya,1
Mitra_010,mediacrooks,1
Mitra_010,narendramodi,1
MoAmi2,BJP4India,1
MoAmi2,RituRathaur,1
MoAmi2,annamalai_k,1
MoAmi2,narendramodi,1
MoAmi2,ratihegde,1
MohammedBasha7,polimernews,1
Monica_Sharrma,narendramodi,1
Monica_Sharrma,nitin_gadkari,1
MonkofMaude,saranstm,1
MooTanSimp,appyzza,1
MooTanSimp,ddaenggirl__,1
Motawbildu,INCIndia,1
Motawbildu,JhaSanjay,1
Motawbildu,RahulGandhi,1
Motawbildu,kakar_harsha,1
Motawbildu,pamelag2000,1
MotivatedRumi,IndiaExplained,1
MousamiSingh1,UnSubtleDesi,1
MousamiSingh1,aajtak,1
MousamiSingh1,narendramodi,1
MousamiSingh1,vivekoberoi,1
Movastacon,narendramodi,1
MrDJ83,AamAadmiParty,1
MrDJ83,ArvindKejriwal,1
MrSaurabhSinha,AlongImna,1
MrSaurabhSinha,BJP41ndia,1
Mr_Popeyee,republic,1
Mr_YoKa_,narendramodi,1
MrinmoyBose16,SupriyaShrinate,1
MrinmoyBose16,t_d_h_nair,1
MuchAdoAboutNil,Vatel1675,1
MuchAdoAboutNil,thecomicroom,1
MukaDarsaka,ANI,1
MukaDarsaka,Starboy2079,1
MukaDarsaka,ani_digital,1
Mumbai_9090,timesofindia,1
MurliSinha4,SanjayAzadSln,1
MurmadM,labelle0la,1
Muskateer_54,majorgauravarya,1
MusketeerKK,ProfBabones,1
MusketeerKK,ShashiTharoor,1
MyTweetIsVoice,sambitswaraj,1
My_typewords,narendramodi,1
My_typewords,timesofindia,1
NBhatTR,narendramodi,1
NBhatTR,netanyahu,1
NKPAUL17,AdvJebiMather,1
NKPAUL17,RamyaHaridasMP,1
NKPAUL17,ShashiTharoor,1
NNavvvu,Politics_2022_,1
NNavvvu,khurshidmso,1
NVakta,myogiadityanath,1
NVakta,narendramodi,1
NaMoShaDov,BJP4India,1
NaMoShaDov,thewire_in,1
Nachike35274682,GuruDharanidhar,1
Nachike35274682,ncbn,1
NakhateSagar,iamkamyabuch,1
NandiniOza,TheWeekLive,1
NandiniOza,narendramodi,1
Nanette9786,ScottAdamsSays,1
Nanette9786,TheRabbitHole84,1
Narendr27706046,ArvindKejriwal,1
NareshB6162,Starboy2079,1
Narsimha_dev,TUKKUSAURUS,1
NasirKhuehami,_YogendraYadav,1
NationnowO,ArvindKejriwal,3
NationnowO,BhagwantMann,3
NationnowO,Gayatri25130713,2
NationnowO,KrantiShaanbhag,3
NationnowO,RajeshSamant999,3
NationnowO,pradeepnambiar4,3
NationnowO,rkbnow,3
Natraj15469788,annamalai_k,1
Natraj15469788,mediacrooks,1
Naveen_bdvt,BJPKarITCell,1
Naveen_bdvt,BJYM,1
Naveen_bdvt,BSYBJP,1
Naveen_bdvt,BYRBJP,1
Naveen_bdvt,PMOIndia,1
Naveen_bdvt,narendramodi,1
Naveen_bdvt,narendramodi177,1
NavinDave48,INCIndia,1
NavinDave48,Pawankhera,1
NavinDave48,timesofindia,1
NavrozDubash,CPR_India,1
NayanBh24992024,MahuaMoitra,1
NayanBh24992024,PrannoyRoyNDTV,1
NayanBh24992024,ndtv,1
Neel_Misra_,BJP4India,1
Neel_Misra_,narendramodi,1
Nehacha28999869,UPGovt,1
News6_News,narendramodi,1
News9Tweets,BJP4India,1
News9Tweets,RahulGandhi,2
News9Tweets,nitinagarwalINC,1
NickBrahm,INCIndia,1
NickBrahm,SupriyaShrinate,1
Nidhi_iBranch,AmitShah,1
Nidhi_iBranch,narendramodi,1
Nidhi_iBranch,varungandhi80,1
NidhishMNair2,Gautam_Kashyap3,1
NidhishMNair2,NishaMerin,1
NidhishMNair2,TrulyMonica,1
NidhishMNair2,lotusbud10,1
Nikhill_singh_,narendramodi,1
Nikunjforinc,Fosterfox999,1
Nikunjforinc,wildvine911,1
NilanjanDasAITC,AITCofficial,1
NilanjanDasAITC,PritishRoyAITC,1
NilanjanDasAITC,abhishekaitc,1
NinetyFiver,capt_amarinder,1
NinetyFiver,narendramodi,1
NiranjanBinu2,ReplyGPT,1
NiranjanBinu2,achalshah06,1
Nirvana_00i,Abdullah786AM,1
Nirvana_00i,jihadwatchRS,1
Nirvana_00i,salhalm54910327,1
Noland_nyc,GOP,1
Noland_nyc,NikkiHaley,1
NorthStandGang,AbhishekZagade7,1
NorthStandGang,BluePilgrims,1
NorthStandGang,LetsTrekItOut,1
NorthStandGang,SatyenMehta1,1
NorthStandGang,SmitAdeshra,1
NorthStandGang,ilegally_indian,1
NymouseAnno,AJT31560309,1
NymouseAnno,Gudimanchi,1
NymouseAnno,ricwe123,1
ODRConnect,IMPraveenDalal,1
ODRConnect,_DigitalPolice,1
ODRConnect,_PTLB,1
ODRConnect,_Perry4Law,1
OMDKhaleel,BJP4India,1
OMDKhaleel,arunjaitley,1
OMDKhaleel,narendramodi,4
OMDKhaleel,ndtv,1
ORCA_India,bsindia,1
Observer511,BBCBreaking,1
Observer511,Channel4News,1
Observer511,CityMayorLeic,1
Observer511,INSIGHTUK2,1
Observer511,KathViner,1
Observer511,RanbirS11414092,1
Observer511,darshnasoni,1
Observer511,guardian,1
Official_AkashJ,ArvindKejriwal,1
Official_AkashJ,RahulGandhi,1
Official_AkashJ,TajinderBagga,1
Official_AkashJ,manoharparrikar,1
Official_AkashJ,narendramodi,1
Official_AkashJ,rssurjewala,1
Ogytrab,RanaAyyub,1
Om40hm,MEAIndia,1
Om40hm,TwitterIndia,1
Om40hm,elonmusk,1
Om40hm,nytimes,1
Omaddywtf7,narendramodi,1
Over02506988,Hatindersinghr3,1
Over02506988,SaNaTaNiShErR12,1
PAmbaselkar,PChidambaram_IN,1
PAmbaselkar,ZeeNews,1
PAmbaselkar,narendramodi,1
PMmojo,arunjaitley,1
PMmojo,narendramodi,1
PPKaushik1,AamAadmiParty,1
PRASHAN06034931,INCIndia,1
PRAVIN97702964,himantabiswa,1
PRAVIN97702964,narendramodi,1
PRKG14,BJP4India,1
PRKG14,ajaydevgn,1
PRKG14,indianelections,1
PRKG14,narendramodi,1
PVenkatGandhi,ECISVEEP,1
PVenkatGandhi,PMOIndia,1
PVenkatGandhi,RajThackeray,1
PVenkatGandhi,ikamalhaasan,1
PVenkatGandhi,narendramodi,1
P_S_Chaitanya,AmitShah,1
P_S_Chaitanya,JPNadda,1
P_S_Chaitanya,RSSorg,1
P_S_Chaitanya,blsanthosh,1
P_S_Chaitanya,narendramodi,1
P_S_Chaitanya,sunilbansalbjp,1
P_S_Chaitanya,tarunchughbjp,1
PainKillerGSV,AbhinandanSekhr,1
PainKillerGSV,narendramodi,1
PainKillerGSV,paibhai11,1
PalSrish,AAPBangalore,1
PalSrish,AAPKarnataka,1
PalSrish,AamAadmiParty,1
PalSrish,aapkaprithvi,1
PalSrish,sks2829,1
Pamphlet_in,sharmasimran_,1
PanchamKulkarni,BCCI,1
PanchamKulkarni,mastercardindia,1
PanneerRethinam,Paul_Koshy,1
PanneerRethinam,RahulGandhi,1
Pardeep45227140,iamnitendra,1
ParimalKS,ARanganathan72,1
ParimalKS,AmitShahOffice,1
ParimalKS,BJP4India,1
ParimalKS,INCIndia,1
ParimalKS,NitishKumar,1
ParimalKS,laluprasadrjd,1
ParimalKS,nirahua1,1
ParimalKS,yadavakhilesh,1
Partha_das12,TimesNow,1
Parvesh98216617,MeghUpdates,1
Pathakpathak66,AamAadmiParty,1
PathyBLR,priyankac19,1
PaulHut91434196,KellyBainbridg6,1
PehlaSuraj,Cambridge_Uni,1
PehlaSuraj,RahulGandhi,1
Peopleeyemedia,Peopleeyemedia,2
PikeWala,ParaRjs,1
PikeWala,jose2ss,1
PinkuNath6,BJP4Assam,2
PinkuNath6,BJP4India,2
PirateCamacho,Indumakalktchi,1
PirateCamacho,kingduke622,1
Piscean143,sumanthraman,1
PlingEm,ECISVEEP,1
PlingEm,SitaramYechury,1
PlingEm,bainjal,1
PlingEm,geetv79,1
PlusUltraMagnus,VDHanson,1
PlusUltraMagnus,jordanbpeterson,1
PoliticalKerri,AmarShergillCA,1
PoliticvirusIND,MrSinha_,1
PoliticvirusIND,indhavaainko,1
PonugotiAniii,KTRBRS,1
PonugotiAniii,KTR_News,1
PotemkinThinker,iamnarendranath,1
PotemkinThinker,maryashakil,1
Pottersclay08,MohitBhatt90,1
Pottersclay08,TimesNow,1
Pottersclay08,anchoramitaw,1
Pottersclay08,mssirsa,1
Pottersclay08,prathibhatweets,1
PoulomiMSaha,BJP4India,1
PoulomiMSaha,narendramodi,1
Prabodh45,LambaAlka,1
Pradeep32424319,timesofindia,1
PradeepGupta7,V_Divyakriti,1
PradeepSVPWfd,INCIndia,1
PradeepSVPWfd,RahulGandhi,1
PrafulVekaria,PrafulVekaria,1
PrafulVekaria,zahacktanvir,1
Prakash12Joshi,nytimes,1
Prakash74933439,annamalai_k,1
Prakash74933439,karthikgnath,1
Praneshvjcbe,DMKITwing,1
Praneshvjcbe,isai_,1
PranitMungekar4,narendramodi,1
PrasadHSLI,Cambridge_Uni,1
PrasadHSLI,RahulGandhi,1
PrasadHSLI,SupriyaShrinate,2
PrasenPune,PatrioticChip,1
PrasenPune,TimesNow,2
PrasenPune,aishvaryjain,2
Prash1008,AmitShah,1
Prash1008,TimesNow,1
Prash1008,narendramodi,1
Prashant_he,puram_politics,1
Prashant_he,saumya_shikhar,1
PrashanthKalasa,CambridgeJBS,1
PrashanthKalasa,CambridgeMBA,1
PrashanthKalasa,RahulGandhi,1
Prashee80710049,BJP4India,1
Prashee80710049,PMOIndia,1
Prashee80710049,narendramodi,1
PrateekJain28,Punitspeaks,1
PrateekJain28,RajkummarRao,1
PrateekJain28,TajinderBagga,1
PrateekJain28,iSinghApurva,1
PrateekJain28,iSinghVikash,1
PrateekJain28,imbhandarkar,1
PrateekJain28,manoranjana,1
PrateekJain28,narendramodi,2
PrateekJain28,rishibagree,1
PrateekJain28,theskindoctor13,1
PrateekJain28,vivekagnihotri,1
PratheeshGN,AmitShah,1
PratheeshGN,narendramodi,1
Prattyasamutpd1,UJJAVALSHAH2,1
Pratyangira1,Ra_THORe,1
Pratyangira1,Twitter,1
Pratyangira1,ianuragthakur,1
Pratyangira1,narendramodi,1
PraveeenAg,ArnabGoswame,1
PraveeenAg,republic,1
PraveenAtri4,ArvindKejriwal,1
PraveenGrewal11,Dharma4X,1
PraveenGrewal11,DrSJaishankar,1
PraveenGrewal11,JugalKhetan,1
PraveenGrewal11,MahuaMoitra,1
PraveenGrewal11,PMOIndia,1
PraveenGrewal11,Swamy39,1
PraveenGrewal11,SwamyBhakt,1
PraveenGrewal11,captainkhatri,1
PraveenGrewal11,chitrapadhi,1
PraveenGrewal11,colkt,1
PraveenGrewal11,dahiyayogesh81,1
PraveenGrewal11,jagdishshetty,1
PraveenGrewal11,minal_vhs,1
PraveenGrewal11,niku1630,1
PraveenGrewal11,nviswam,1
PraveenGrewal11,rameshsethu,1
PraveenGrewal11,ranganaathan,1
PraveenGrewal11,tony_karyakarta,1
PraveenGrewal11,vishalnautamlal,1
Pravink58141601,zoo_bear,1
PreethiIyer6,AmitShah,2
PreethiIyer6,arunjaitley,1
PreethiIyer6,htTweets,1
PreethiIyer6,narendramodi,2
PreethiIyer6,rammadhavbjp,1
PreethiIyer6,smritiirani,1
PriaINC,CambridgeJBS,1
PritamC1981,ajay43,1
PritamC1981,anubratach,1
PritamKumarMust,Curious_Indian_,1
Priyadarshan_15,KoomarShah,1
PriyanGMenon,Jairam_Ramesh,1
Priyanshi11G,Arunrjd,1
Priyanshi11G,pbhushan1,1
ProfSRK,AjayPandey__,1
ProfSRK,AmitShah,1
ProfSRK,BJP4Bengal,1
ProfSRK,DebashishHiTs,1
ProfSRK,DheerajGbc,1
ProfSRK,Dubey1Vij,1
ProfSRK,Gravim71,1
ProfSRK,HIMESH_SS,1
ProfSRK,HarishK04131926,1
ProfSRK,Harvansh_Batra,1
ProfSRK,HinduismToday,1
ProfSRK,LillyMaryPinto,1
ProfSRK,Lotusfeetns,1
ProfSRK,MahiHerambha,1
ProfSRK,Meenu_71,1
ProfSRK,Modiarmy,1
ProfSRK,NaMo_Ganesh,1
ProfSRK,Narendramodi_PM,1
ProfSRK,Narendrap86,1
ProfSRK,OnlineRajan__,1
ProfSRK,PatelOnTop,1
ProfSRK,RaghupathiBhat,1
ProfSRK,Ramlal,1
ProfSRK,RamsaBJYM,1
ProfSRK,Reema_bjp,1
ProfSRK,SmithaDutt,1
ProfSRK,TigerNaMo,1
ProfSRK,VictoryForNamo,1
ProfSRK,YashpalBJP,1
ProfSRK,ankitasood13,1
ProfSRK,bakoriya_kirti_,1
ProfSRK,draksbond,1
ProfSRK,hindu_blood,1
ProfSRK,hindustanse,1
ProfSRK,iNarendraModiG,1
ProfSRK,jadonpriyanka,1
ProfSRK,mattarhegde,1
ProfSRK,meenakshisharan,1
ProfSRK,narendramodi,1
ProfSRK,narendramodi177,1
ProfSRK,narendramodi_in,1
ProfSRK,pehadiya,1
ProfSRK,prasura123,1
ProfSRK,rajnathsingh,1
ProfSRK,sagenaradamuni,1
ProfSRK,samar97189157,1
ProfSRK,sanghavideepa,1
ProfSRK,sukanyaiyer2,1
ProfSRK,vanitajain21,1
ProjectAram,srviolin,1
Psychadelick69,DiddlySquat20,1
PuriVirender,ANI,1
PuriVirender,INCIndia,1
PuriVirender,narendramodi,1
PuriVirender,rssurjewala,1
PurohitVishwas,rsprasad,1
QaziSpeaks,LegalTL,1
RANJITS43955330,PTI_News,1
RDS750044,Anti_Congressi,1
RDS750044,AshishK08822775,1
RDS750044,Dr_Hinduism,2
RDS750044,FojiSahab18,1
RDS750044,JagjotS40616574,1
RDS750044,JaiBageshwar_,2
RDS750044,SudhanshuTrived,1
RDS750044,Sudhir_Bharat,1
RDS750044,anilkalibangan,1
RDS750044,dhavalshah24,1
RDS750044,girishs48987276,1
RDS750044,khanna248,1
RDS750044,sureshpandey4,1
RDS750044,wokiepedia,3
RDevsoth,HindenburgRes,1
RDevsoth,RGVzoomin,1
RDevsoth,bbcnewstelugu,1
RGRawat16,AmitShah,1
RGRawat16,narendramodi,1
RHPalmerston3,brianlilley,1
RHPalmerston3,zackste1n,1
RISHABHROHILL,AAPOdisha,1
RISHABHROHILL,AamAadmiParty,2
RISHABHROHILL,AamAadmiPartyWB,1
RISHABHROHILL,msisodia,2
RJShukla23,TimesNow,1
RJ_1974,RahulGandhi,1
RJ_1974,narendramodi,1
RJ_1974,smitabarooah,1
RNels1201,Nidhi,1
RNels1201,nitin_gadkari,1
RRajeshSood1,rssurjewala,1
RSS_Activist,AmitShah,1
RSS_Activist,rajbhavan_tn,1
RST986,INCIndia,1
RST986,INCIndiaLive,1
RST986,RahulGandhi,1
RSTampi1,Starboy2079,1
RSTampi1,seemp9,1
R_P_Khare,BJP4India,1
R_P_Khare,ambkcsingh,1
R_P_Khare,narendramodi,1
Raawalgopal,RahulGandhi,1
RadheKundu,MamataOfficial,1
RadheKundu,PMOIndia,1
RadheKundu,mannkibaat,1
RadzOnline,HardeepSPuri,1
RadzOnline,PMOIndia,1
RadzOnline,mlkhattar,1
RadzOnline,narendramodi,1
RadzOnline,thebetterindia,1
Ragh_Mys,INCIndia,1
Ragh_Mys,RahulGandhi,1
Ragh_Mys,narendramodi,1
Raghav78388498,narendramodi,1
RaghavendraL8,BeingSalmanKhan,1
RaghavendraL8,aamir_khan,1
RaghavendraL8,narendramodi,1
RahulBalachan10,Leisure_Jeevi,1
RahulBalachan10,timesofindia,1
RahulNagesh91,softgrowl,1
RahulSapelkar,IndiaToday,1
RahulSapelkar,RahulGandhi,1
RahulSapelkar,aajtak,1
RahulSapelkar,narendramodi,1
RahulSapelkar,rahulkanwal,1
RahulSinghbth,MehboobaMufti,1
RahulSinghbth,TimesNow,1
RahulSinghbth,TimesNowHindi,1
RahulSinghbth,narendramodi,1
Rahulmorre,CMOMaharashtra,1
Rahulmorre,CPMumbaiPolice,1
Rahulmorre,DGPMaharashtra,1
Rahulmorre,Dev_Fadnavis,1
Rahulmorre,MumbaiPolice,1
Rahulmorre,PMOIndia,1
Rahulmorre,Swamy39,1
Rahulmorre,TejasShelar2498,1
Rahulmorre,narendramodi,1
Rahulmorre,rashtrapatibhvn,1
Rahulroy88,narendramodi,1
Rahulvichaar,toi_dhananjayM,1
Rain8516,abcnews,1
Raj11662,BBCHindi,1
Raj11662,INCIndia,2
RajBCG,narendramodi,1
RajMohvi,BJP4India,1
RajMohvi,RahulGandhi,1
RajMohvi,narendramodi,1
RajMohvi,timesofindia,1
RajNarayan2784,NAN_DINI_,1
RajPGangwar11,BJP4UP,1
RajPGangwar11,akram3986,1
RajPGangwar11,hafizgandhi,1
RajPGangwar11,myogiadityanath,1
RajPGangwar11,narendramodi,1
RajSharay,narendramodi,1
Raj_Ajay_Dubey,narendramodi,1
Raj_Ajay_Dubey,vivekoberoi,1
RajaMathiyalaga,arivalayam,1
RajaMathiyalaga,mkstalin,2
Raja_Africa,AmitShah,2
Raja_Africa,BJP4Haryana,1
Raja_Africa,BJP4India,2
Raja_Africa,Dev_Fadnavis,1
Raja_Africa,MeNarayanRane,1
Raja_Africa,PMOIndia,1
Raja_Africa,ShivSena,1
Raja_Africa,bjpmaha,1
Raja_Africa,cmohry,1
Raja_Africa,mlkhattar,1
Raja_Africa,narendramodi,2
Raja_Africa,raosahebdanve,1
Raja_Africa,subhashbrala,1
Raja_Africa,sureshpprabhu,1
RajabakshaB,amarprasadreddy,1
RajabakshaB,annamalai_k,1
Rajali1910,ReallySwara,1
Rajat27336576,sandythapar,1
Rajat27336576,sharatn,1
Rajat27336576,vivekagnihotri,1
RajeshParikh11,INCIndia,1
RajeshParikh11,RahulGandhi,1
RajeshPatel0610,BJP4India,1
RajeshPatel0610,narendramodi,1
Rajkuma42336517,ArvindKejriwal,1
Rajneish123,priyankac19,1
Rajsoraba,ARanganathan72,1
Rajsoraba,Bala17332881,1
Rajsoraba,NARAYANRAO12,1
Raju18211423,ColumbiaBugle,1
RakeshRanjan134,AmitShah,1
RakeshRanjan134,BJP4India,1
Ram33Jai,Elizatweetz,1
RamaVrk,sumanthraman,1
RamakrishnanL17,MohitBhatt90,1
RamakrishnanL17,TimesNow,1
RamakrishnanL17,anchoramitaw,1
RamakrishnanL17,prathibhatweets,1
Ramanand1Sharma,CD75486779,1
Ramanand1Sharma,Chitrajaypee,1
Ramanand1Sharma,HardeepSPuri,1
Ramseka74343821,vivekagnihotri,1
RangiyaSanjiv,BJP4India,1
RangiyaSanjiv,BJP4UP,1
RangiyaSanjiv,IndianRailMedia,1
RangiyaSanjiv,PMOIndia,1
RangiyaSanjiv,RailMinIndia,1
RangiyaSanjiv,SatyatweetsMK,1
RangiyaSanjiv,UPGovt,1
RangiyaSanjiv,narendramodi,1
RangiyaSanjiv,satyakumar_y,1
Ranjankj,narendramodi,1
Ranjith05333645,VatsSatender,1
Ranjith05333645,akashbanerjee,1
Ranjith05333645,kunalkamra88,1
Ranjith05333645,narendramodi,1
Rao_The_Great,cpimspeak,1
Raone_Rohit,AnnaHazare1938,1
Raone_Rohit,narendramodi,1
Rashbih57142901,AmitShah,1
Rashbih57142901,JPNadda,1
Rashbih57142901,Sandhyayadav_1,1
Rashbih57142901,narendramodi,1
RasheshPatel,AmitShah,1
RasheshPatel,ArnabGoswamiRtv,1
RasheshPatel,INCIndia,1
RasheshPatel,KarunaGopal1,1
RasheshPatel,NupurSharmaBJP,1
RasheshPatel,RahulGandhi,1
RasheshPatel,narendramodi,1
RasheshPatel,rssurjewala,1
RasheshPatel,sambitswaraj,1
RashmiM15411701,Debasish_John,1
RashmiM15411701,GyanendraGGosw1,1
RashmiM15411701,narendramodi,1
RashmiM15411701,rajnathsingh,1
RatanMu33764858,AITCofficial,1
RatanMu33764858,Tanmoy_Fetsu,1
RatanMu33764858,jago_bangla,1
Raveen32899452,sardesairajdeep,1
RaviDanthurty,BJP4India,1
RaviDanthurty,PiyushGoyal,1
RaviDanthurty,narendramodi,1
Ravish75939890,EconomicTimes,1
Ravish75939890,INCIndia,1
Ravish75939890,RahulGandhi,1
Ravispeaking,BDUTT,1
Ravispeaking,narendramodi,1
Ravispeaking,washingtonpost,1
RavsMishra,SitaramYechury,1
RavsMishra,abpnewstv,1
RavsMishra,narendramodi,1
RaybaysG,RepJeffries,1
RaybaysG,SenSchumer,1
RazzilDarkbrew5,Advaidism,1
Red9planet,republic,2
RedRainbowSalt,SortedEagle,1
Redditnigga,grajaa_,1
ReenaDevkant,AamAadmiParty,1
ReenaDevkant,BJP4India,1
ReenaDevkant,BSP4India,1
ReenaDevkant,CPIM_WESTBENGAL,1
ReenaDevkant,Chitrajaypee,1
ReenaDevkant,HardeepSPuri,1
ReenaDevkant,INCIndia,1
ReenaDevkant,JPNRIVictims,1
ReenaDevkant,PMOIndia,1
ReenaDevkant,RahulGandhi,1
ReenaDevkant,amrapaligroupin,1
ReenaDevkant,ansalapiindia,1
ReenaDevkant,earthinfraa,1
ReenaDevkant,jetairways,1
ReenaDevkant,khanpa3,1
ReenaDevkant,narendramodi,1
ReenaDevkant,samajwadiparty,1
ReflectiveRohan,AamAadmiParty,1
ReflectiveRohan,BJP4India,1
ReflectiveRohan,msisodia,1
RehmanA16906972,stfubivxh,1
RembrantVan,anangbhai,1
Retro_Arun,tweettopals,1
Rhl15738352,sajidtarar,1
Richanjgd,alok_bhatt,1
Richanjgd,lilastories,1
Richanjgd,theashramCH,1
Richard53476546,himantabiswa,1
Richard53476546,narendramodi,1
Rickyrajkumar,Sunny_Sharma12,1
Rickyrajkumar,maxmelbin,1
RishabhTiger53,ndtv,1
RishiBhardawaj,UshaNirmala,1
Rishi__Pandit,Tejasvi_Surya,1
Rishi__Pandit,narendramodi,1
Rishike14808236,ARIEAN16,1
Rishike14808236,NarundarM,1
Rita_2110,neelakantha,1
RitwikB10553673,CambridgeJBS,1
RitwikB10553673,CambridgeMBA,1
RitwikB10553673,RahulGandhi,1
RitwikB10553673,ShashiTharoor,1
RitwikB10553673,neerajdubey,1
RizviSalmaan,Dr_RizwanAhmed,1
RizviSalmaan,nitin_gadkari,1
RizviSalmaan,rajnathsingh,1
RizviSalmaan,wokeflix_,1
RndRam,BJP4Delhi,1
RndRam,narendramodi,1
RndRam,narendramodi_in,1
Robertpeart4,AJEnglish,1
RohanRohanrai,INCIndia,1
RohanRohanrai,RahulGandhi,1
RohanRohanrai,narendramodi,1
RohiThomas,PMOIndia,1
RohiThomas,narendramodi,1
Rohit14840595,AamAadmiParty,1
Rohit70026949,naomi2009,1
RohitMGaikwad,HusnaPervez,1
RohitMGaikwad,INCTharoorian,1
RohitMGaikwad,IPL,1
RohitMGaikwad,JayasreeVijayan,1
RohitMGaikwad,ShashiTharoor,1
RohitMGaikwad,SimmiAhuja_,1
RohitMGaikwad,Tharoorians,1
RohitMGaikwad,VishakhCherian,1
RohitMGaikwad,YourGirlNeha,1
RohitMGaikwad,husnaziauddin,1
RohitMGaikwad,jameelsjam,1
RohitMGaikwad,narendramodi,1
RohitMGaikwad,sanjida_iqbal,1
RohitSa04611530,AnshumanSail,1
RohitSa04611530,gurvind45909601,1
RohitSi81454859,BJP4UP,1
RohitSi81454859,narendramodi,1
RojaAditya,puram_politics,1
RojaAditya,saumya_shikhar,1
Rustymathewz,AhpKerala,1
Rustymathewz,Girishvhp,1
Rustymathewz,MeenaDasNarayan,1
Rustymathewz,ReclaimTemples,1
Rustymathewz,SadhguruJV,1
Rustymathewz,SadhviSaraswati,1
Rustymathewz,SreerajKaimal1,1
Rustymathewz,hhlkerala,1
Rustymathewz,muraliks_11,1
Rustymathewz,narendramodi,1
Rustymathewz,pratheesh_ahp,1
Rustymathewz,rajeeshvr,1
Rustymathewz,vijayanpinarayi,1
Rustymathewz,yuvrajsays,1
S386ER1,AlpeshThakor_,1
S386ER1,AmitShah,1
S386ER1,BJP4India,1
S386ER1,narendramodi,1
SAMVAD_India,AmitShah,1
SAMVAD_India,AmitShahOffice,1
SAMVAD_India,AnantkumarH,1
SAMVAD_India,BJP4India,1
SAMVAD_India,PMOIndia,1
SAMVAD_India,akashbanerjee,1
SAMVAD_India,ashutosh83B,1
SAMVAD_India,nalinkateel,1
SAMVAD_India,narendramodi,1
SANATHAN_TPT,ARanganathan72,1
SATYABR17277875,apnarajeevnigam,1
SAYYEDKHADIR,PMOIndia,1
SAYYEDKHADIR,narendramodi,1
SAYYEDKHADIR,timesofindia,1
SBokadia,AmitShah,1
SBokadia,narendramodi,1
SDSingh_Indian,ArvindKejriwal,1
SDSingh_Indian,socialnidhia,1
SIBAPRASADSEN4,AmitShah,1
SIBAPRASADSEN4,narendramodi,1
SIBAPRASADSEN4,ramla,1
SIBAPRASADSEN4,rammadhavbjp,1
SKRAY1001,AnInvesting,1
SONOFINDIA,Fanclub_amit,1
SONOFINDIA,being_manish_kg,1
SONOFINDIA,netflix,1
SONOFINDIA,vijaygajera,1
SPAULCHOWDHURY5,YouTube,1
SPR58238,IamAjaySehrawat,1
SSKU_Chn,BJP4Bihar,1
SSKU_Chn,saravofcl,1
SSamchandra,Arvindharmapuri,1
SSamchandra,Hyndavitreddy,1
SSamchandra,INCIndia,1
SSamchandra,IYCTelangana,1
SSamchandra,KVishReddy,1
SSamchandra,Manasa4BJP,1
SSamchandra,RaghunandanraoM,1
SSamchandra,RahulGandhi,1
SSamchandra,Sagar4BJP,1
SSamchandra,VenkatBalmoor,1
SSamchandra,akula_srivani,1
SSamchandra,bandisanjay_bjp,1
SSamchandra,narendramodi,1
SSamchandra,revanth_anumula,1
ST14128,raghav_chadha,1
SachinChanda6,AtishiAAP,1
SachinChanda6,TedhiLakeer,1
SagarAreness,AmitShah,1
SagarAreness,RahulGandhi,1
SagarAreness,gautam_adani,1
SagarAreness,narendramodi,1
SagarAreness,nsitharaman,1
SagarAreness,vivekagnihotri,1
SahareTrisharan,RahulGandhi,1
SahareTrisharan,raihanrvadra_FC,1
Sahil68951504,narendramodi,1
SahilSr10090928,narendramodi,1
Sahil_Garg_,prakashraaj,1
SaisomIND,ANI,1
Sajal090958102,SadhguruJV,1
Sajal090958102,WorldBank,1
Sajal090958102,bitcoingem2,1
SajivS16,DMKITwing,1
SajivS16,KARTHIKEYANK78,1
SajivS16,Udhaystalin,1
SajivS16,mkstalin,1
SajivS16,zoo_bear,1
SalmanM85879421,BJP4India,1
SalmanM85879421,KHElectionComm,1
SalmanM85879421,Videocon_d2h,1
SalmanM85879421,narendramodi,1
SamadderSwapan,ArvindKejriwal,1
SamadderSwapan,MamataOfficial,1
SamadderSwapan,NitishKumar,1
SamadderSwapan,anilkohli54,1
SamadderSwapan,narendramodi,1
SamadderSwapan,pkdnambiar,1
SamadderSwapan,yadavakhilesh,1
Samir27175846,JhaSanjay,1
SammyBaxter6,_sabanaqvi,1
SammyBaxter6,narendramodi,1
SamratKhosla_IN,Nidhi,1
SamratKhosla_IN,awasthis,1
SamratKhosla_IN,mohitk1,1
SamratKhosla_IN,sudhirchaudhary,1
SamsonCentral,WasimJaffer14,1
SamsonCentral,sanjeevh,1
SamuelLestar2,FIFAcom,1
SamuelLestar2,IndSuperLeague,1
SamuelLestar2,IndianFootball,1
SamuelLestar2,KeralaBlasters,1
SamuelLestar2,NikhilB1818,1
SamuelLestar2,Shaji4Football,1
SamuelLestar2,i_mohangowda,1
SamuelLestar2,kalyanchaubey,1
SamuelLestar2,kbfc_manjappada,1
SamuelLestar2,riyaranijoy,1
SamuelLestar2,theyellowman12,1
SanatanRenewal,DrSJaishankar,1
SanatanRenewal,HinduHate,1
SanatanRenewal,VHPDigital,1
SanatanRenewal,WldHinduCouncil,1
SanatanRenewal,YouTube,1
SanatanRenewal,agniveer,1
SanatanRenewal,vhpcanada,1
SanataniYoddha,republic,1
SanchetVirendra,BJP4India,1
SanchetVirendra,Being_Humor,1
SanchetVirendra,INCIndia,1
SanchetVirendra,IndiaToday,1
SanchetVirendra,NCPCR_,2
SanchetVirendra,aajtak,1
SanchetVirendra,capt_mishra,1
SanchetVirendra,republic,1
Sandeep39595301,RahulGandhi,1
Sandeep39595301,narendramodi,1
Sandeep67140857,narendramodi,1
SandeepDass10,AamAadmiParty,1
SandeepDass10,SanjayAzadSln,1
SandeepSopori,BJP4India,1
SandeepSopori,INCIndia,1
SandeepSopori,RahulGandhi,1
SandeepSopori,narendramodi,1
Sandeepdatta17,BJP4India,1
Sandeepdatta17,RahulGandhi,1
Sandeepdatta17,narendramodi,1
SandipGhose,Rajesh_Chakram,1
SandipGhose,RoflGandhi_,1
SandipGhose,SagarG247,1
SandipGhose,Swamy39,1
SandipGhose,arunjaitley,1
SandipGhose,narendramodi,2
SanjayK66300240,Dr_Uditraj,1
SanjayKrYadav,AamAadmiParty,1
SanjayKrYadav,BJP4India,1
Sanjaykumar_99,DeepikaSRajawat,1
Sanjaykumar_99,Eatala_Rajender,1
Sanjaykumar_99,JohnBrittas,1
Sanjaykumar_99,KTRBRS,1
Sanjaykumar_99,KonathamDileep,1
Sanjaykumar_99,LambaAlka,1
Sanjaykumar_99,ManojSinghKAKA,1
Sanjaykumar_99,PankajSinghAAP,1
Sanjaykumar_99,TRBRajaa,1
Sanjaykumar_99,bandisanjay_bjp,1
Sanjaykumar_99,isai_,1
Sanjaykumar_99,prakashraaj,1
Sanjaykumar_99,ysathishreddy,1
Sanjivdad,CambridgeJBS,1
Sanjivdad,RahulGandhi,1
Sanjivdad,SupriyaShrinate,1
Saran56850981,NikkiHaley,1
SarmaWay,BJP4India,1
SarmaWay,SangmaConrad,1
SarmaWay,ashoswai,1
SarmaWay,narendramodi,1
SarmaWay,pratidintime,1
SarmaWay,sarbanandsonwal,1
Sarojkawatra1,AshwiniVaishnaw,1
SatadruBera5,AITCofficial,1
SatadruBera5,abhishekaitc,1
SatishRaoMagan1,Manik_M_Jolly,1
SatishRaoMagan1,TVMohandasPai,1
SatpathiAnupam,BJP4India,1
SatpathiAnupam,BenjaminPDixon,1
SatpathiAnupam,CBSNews,1
SatpathiAnupam,CNN,1
SatpathiAnupam,Gerashchenko_en,1
SatpathiAnupam,IsleofKal,1
SatpathiAnupam,MSNBC,1
SatpathiAnupam,NBCNews,1
SatpathiAnupam,PMOIndia,1
SatpathiAnupam,abcnews,1
SatpathiAnupam,narendramodi,1
Satyaje70035095,srinivasiyc,1
Satyaki2018,ANI,1
Sauravkumarrai1,sidmtweets,1
SaveHindus4,RahulGandhi,1
SaveHindus4,alok_bhatt,1
SaveIndiaOrg,UNOSAPG,1
SaveIndiaOrg,UN_SPExperts,1
SaveIndiaOrg,antonioguterres,1
Sbhatta33,drshamamohd,1
Scorpion1007,IndiaToday,2
Scorpion1007,SwetaSinghAT,1
Scorpion1007,anjanaomkashyap,1
Scorpion1007,narendramodi,1
Scorpion1007,rahulkanwal,1
SebDurant_,AureiaMitford,1
SecularTOI,narendramodi,1
SecularTrainee,wittycatty,1
SecularTruly,AtishiAAP,1
SeekLearnDo,CambridgeJBS,1
SeekLearnDo,RahulGandhi,1
SeekLearnDo,RuchiraC,1
SeetharaamanK,Veera284,1
SeharKamran,BDUTT,1
SeharKamran,narendramodi,1
SensitivityInc,Lucifer_Bhai,1
Serve_the_land,AAPBangalore,1
Serve_the_land,AAPKarnataka,1
Serve_the_land,AamAadmiParty,1
Serve_the_land,aapkaprithvi,1
SevadalWB,AUThackeray,1
SevadalWB,OfficeofUT,1
SevadalWB,PawarSpeaks,1
SevenHeavens14,1337MrG,1
SevenHeavens14,iJasOberoi,1
Shailen85270493,AnkitJain9873,1
Shailen85270493,ArvindKejriwal,1
Shailen85270493,iAmanUppal,1
Shailen85270493,ipathak25,1
Shailen85270493,msisodia,1
ShaktiShekhar,narendramodi,1
ShaluNagar10,myogiadityanath,1
ShaluNagar10,narendramodi,1
ShamsunderY,EconomicTimes,1
SharmaPankajINC,BJP4Maharashtra,1
SharmaPankajINC,lala_shanu,1
SharmaPankajINC,narendramodi,1
ShaunAdler3,zahacktanvir,1
ShibenSarkar,ManishTewari,1
ShibenSarkar,Pawankhera,1
ShibenSarkar,SupriyaShrinate,1
ShibenSarkar,kapsology,1
ShikharDixit8,AmitShah,1
ShikharDixit8,arunjaitley,1
ShikharDixit8,narendramodi,1
ShikharDixit8,nitin_gadkari,1
ShikharDixit8,nsitharaman,1
Shishim08696213,SamajwadiParty_,1
Shishim08696213,SamajwadiSocial,1
Shishim08696213,Shehzad_Ind,1
Shishim08696213,tehseenp,1
Shiva_Om8,INCIndia,1
Shiva_Om8,SwamiGeetika,1
Shiva_Om8,narendramodi,1
Shiva_Prakash_M,ShashiTharoor,1
Shivam25june,PTI_News,1
Shivam25june,aajtak,1
Shivam25june,narendramodi,1
Shivam25june,ndtv,1
ShivamSrivas18,pakistan_untold,1
Shivam_311,MrSinha_,2
Shivam_311,ayu_sh_ukla,2
Shivam_311,u_yuk_456,2
Shivi1979,CNNnews18,1
Shivi1979,Mayawati,1
Shivi1979,RahulGandhi,1
Shivi1979,narendramodi,1
Shivi1979,timesofindia,1
Shmekii,OfficialDGISPR,1
ShobhrajEr,Tejasvi_Surya,1
ShobhrajEr,narendramodi,1
ShorsheFeelish,narendramodi,1
ShorsheFeelish,porinju,1
ShoumojitB,Books2Cover,1
ShoumojitB,alexander_c_lee,1
Shradt,ShefVaidya,1
Shradt,narendramodi,1
ShrutiiPaliwal,indiantweeter,1
Shubhakar_S,JhaSanjay,1
ShujathAliSufi,INCIndia,1
ShujathAliSufi,RahulGandhi,1
ShujathAliSufi,narendramodi,1
Shyamlal2103,Chunni_lal_sahu,1
Shyamlal2103,DrSanjayINC,1
Shyamlal2103,Jairam_Ramesh,1
Shyamlal2103,MlaSanchore,1
Shyamlal2103,MukeshSharmaMLA,1
Shyamlal2103,Pawankhera,1
Shyamlal2103,RahulGandhi,1
Shyamlal2103,Rajasthan_PYC,1
Shyamlal2103,RamlaljatINC,1
Shyamlal2103,ShayarImran,1
Shyamlal2103,TikaRamJullyINC,1
Sidd91902935,MrsGandhi,1
Sidd91902935,narendramodi,1
SiddharthBhatk6,ganjaaaaa,1
SimplyArsh,rakeshfilm,1
SirEdwardBooth,Spy5Wire,1
SivaCosmos,indiatvnews,1
SivaramJ7,kakar_harsha,1
SivaramJ7,priyamvadami,1
SivaramJ7,t_d_h_nair,1
SkJk34114427,PMOIndia,1
SkJk34114427,narendramodi,1
SkJk34114427,nsitharaman,1
SmallTownerr,CambridgeJBS,1
SmallTownerr,CambridgeMBA,1
SmallTownerr,MichaelKitson,1
SmallTownerr,Pooja_Tripathii,1
SmallTownerr,RahulGandhi,1
SmallTownerr,amazonIN,1
SmallTownerr,goodreads,1
SmallTownerr,rasheedkidwai,1
SocioPoliticalW,BJP4India,1
SocioPoliticalW,INCIndia,1
SocioPoliticalW,MamataOfficial,1
SocioPoliticalW,RahulGandhi,1
SocioPoliticalW,narendramodi,1
SocioPoliticalW,yadavakhilesh,1
SohelKalawadia,smritiirani,1
Sonal_Bajpai,PMOIndia,1
Sonal_Bajpai,PiyushGoyalOffc,1
Sonal_Bajpai,narendramodi,1
Sonal_Bajpai,rajnathsingh,1
Soumi33,darab_farooqui,1
SouryadeepGhos1,MamataOfficial,1
SouryadeepGhos1,RahulGandhi,1
SouryadeepGhos1,narendramodi,1
Sowmyasam1094,INCIndia,1
SpeaksKshatriya,AamAadmiParty,1
SpeaksKshatriya,ArvindKejriwal,1
SpeaksKshatriya,msisodia,1
Sra_1995,sagarikaghose,1
SreedeviValuers,PanickarS,1
SreedeviValuers,palkisu,1
SreedeviValuers,pbhushan1,1
SreedeviValuers,pkdnambiar,1
SreedeviValuers,vinuvjohn,1
SriOpines,narendramodi,1
Sriram22194634,geetmh,1
SrujanaDeva,narendramodi,1
StayingReal0511,CambridgeJBS,1
StayingReal0511,RahulGandhi,1
Stephen23351690,WeAreCanProud,1
SubR108,ArvindKejriwal,1
SubR108,RahulGandhi,1
SubhashHati,AmitShah,1
SubhashHati,OdishaRaToka,1
SubhashHati,gganeshhh,1
SubhashHati,mediacrooks,1
SubhashHati,narendramodi,1
Subhashini_12b,htTweets,1
Subhashini_12b,narendramodi,1
Subrama53283710,ALAGAIRIFAI,1
SudeepC11,CambridgeJBS,1
SudeepC11,INCIndia,1
SudeepC11,RahulGandhi,1
SudeepC11,SupriyaShrinate,1
Sudhaka35316294,ShashiTharoor,1
Sudhaka35316294,swami39,1
Sudhar21449,thuglifela_king,1
SudhirPA3,ActivistSandeep,1
SudhirPA3,BJP4India,1
SudhirPA3,DrRizwanAhmed1,1
SudhirPA3,ashutosh83B,1
SudhirPA3,narendramodi,1
Sumant_G,coolfunnytshirt,1
Sumant_G,narendramodi,1
SumitCh64504863,blitzkreigm,1
SumitSh57938530,AjitSinghPal_,1
SumitSh57938530,GudiyaKatheriya,1
SumitSh57938530,RakeshSachan_,1
SumitSh57938530,Satishmahanaup,1
SumitSh57938530,babyranimaurya,1
SumitSh57938530,dayashankar4bjp,1
SundeepChetty,ARanganathan72,1
SundeepChetty,TimesNow,1
SunilMa99237136,jawharsircar,1
SunilOfficialA,priyankagandhi,1
SunlitSeeker,narendramodi,1
SunlitSeeker,rishibagree,1
Suprati11955789,MeghUpdates,1
Supriya94480660,_garrywalia,1
SurendraFDR,narendramodi,1
SurendraSuman25,ArvindKejriwal,1
SureshR05519839,Indian_Analyzer,1
SureshR05519839,RanaAyyub,1
SureshR05519839,_sabanaqvi,1
SureshR05519839,khanumarfa,1
SureshR05519839,prakashraaj,1
SureshTRathod,narendramodi,1
SurgingBharat,JPNadda,1
SurgingBharat,WHO,1
SurgingBharat,davidfrawleyved,1
SurgingBharat,narendramodi,1
SurgingBharat,narendramodi_in,1
SurreyPalmsWX,nintendomad888,1
Surya040879,TimesNow,1
SushilK89827427,Jairam_Ramesh,1
SushilK89827427,PChidambaram_IN,1
Suyashbakliwal,RahulGandhi,1
Suyashbakliwal,narendramodi,1
Suyashbakliwal,rahulkanwal,1
Swagatsarangi07,Siba_TNIE,1
Swapnil_O10,ajitdatta,1
Swapnil_O10,theupindex,1
SwaziboiC,PSAFLIVE,1
SwaziboiC,zenzo99815279,1
SwellIndia,BJP4Delhi,1
SwellIndia,BJP4India,1
SwellIndia,shweta_shalini,1
THE_BRAHMASTRA,narendramodi,1
THIAGARAJ_STAR,KirenRijiju,2
THIAGARAJ_STAR,ttindia,1
TMC_Supporters,MamataOfficial,1
TOIAhmedabad,AmitShah,1
TOIAhmedabad,irvpaswan,1
TOIAhmedabad,narendramodi,1
TPoojari01,AisiTaisiDemo,1
TPoojari01,akshaykumar,1
TPoojari01,narendramodi,1
TTanneeru,GoogleNews,1
TVPadmanabhan1,LiveLawIndia,1
TamilSanghi73,chitrapadhi,1
TamilSanghi73,listen2dil,1
TanRajX1,Ekthi_MeenuD,1
TanmayNag7,INCIndia,1
Tanmoy_from_JPG,DasShaktikanta,1
Tanmoy_from_JPG,DrMohanBhagwat,1
Tanmoy_from_JPG,DrSJaishankar,1
Tanmoy_from_JPG,Swamy39,1
Tanmoy_from_JPG,narendramodi,1
Tanmoy_from_JPG,nsitharaman,1
Tanmoy_from_JPG,sgurumurthy,1
Tany98761,KankichiRyotsu2,1
Tavysingh,AmitShah,1
Tavysingh,RahulGandhi,1
Tavysingh,narendramodi,2
Tavysingh,sherryontopp,1
Teacher2215,CambridgeJBS,1
TeacherSuyog23,INCIndia,1
TeacherSuyog23,RahulGandhi,1
TeacherSuyog23,SupriyaShrinate,1
TheBhairava,AamAadmiParty,1
TheBhairava,ArvindKejriwal,1
TheFakir_,anantrambachan,1
TheGoose1957,MYANC,1
TheGoose1957,leswawe,1
TheJafferIlahi,BlazzeMusic,1
TheMovementGuy,ANI,1
TheMovementGuy,BJP4India,1
TheMovementGuy,akshaykumar,1
TheMovementGuy,aniket_nemad,1
TheMovementGuy,narendramodi,1
TheNiravVaidya,ArvindKejriwal,1
TheSignOfFive,Vibgyyor,1
TheTiredTruth,amitmalviya,1
TheTiredTruth,bishnoii_deepak,1
TheekHai11,arunjaitley,1
TheekHai11,myogiadityanath,1
TheekHai11,narendramodi,1
Thereis24292258,RishiSunak,1
Thereis24292258,implausibleblog,1
Thillaiyambala1,Shibin_twitz,1
Thippeswamy1967,BJP4India,1
Thippeswamy1967,BJPLive,1
Thippeswamy1967,narendramodi,1
ThroneHand,AtlanticCouncil,1
ThuglakI,sarasadhwani,1
ThuglakI,timesofindia,1
TimesNow,JaiMrug,1
TimesNow,RAJAGOPALAN1951,1
TimesNow,kritsween,1
Toronto_SR,republic,1
TotonPrabir,AITCofficial,1
TotonPrabir,Chandrimaaitc,1
TotonPrabir,DrRijuDutta_TMC,1
TotonPrabir,DrShashiPanja,1
TotonPrabir,GhatakMoloy,1
TotonPrabir,KunalGhoshAgain,1
TotonPrabir,MaliahJune,1
TotonPrabir,MamataOfficial,1
TotonPrabir,abhishekaitc,1
TotonPrabir,derekobrienmp,1
TotonPrabir,sayantika12,1
TotonPrabir,sujitboseaitc,1
Touheedinc,AUThackeray,1
Touheedinc,OfficeofUT,1
Touheedinc,PawarSpeaks,1
Trace_me20,ReallySwara,1
Trendsetting123,A14208485,1
Trendsetting123,ANI,1
Trendsetting123,AnaMyID,1
Trendsetting123,Aneela_7,2
Trendsetting123,AnthonySald,2
Trendsetting123,Ash_LoneHunter,1
Trendsetting123,AudaciousQuest_,1
Trendsetting123,HeroMotoCorp,1
Trendsetting123,KPadmaRani1,2
Trendsetting123,LeenaMistrynjcp,1
Trendsetting123,Maruti_Corp,1
Trendsetting123,RahulGandhi,1
Trendsetting123,SalariedTaxpay1,1
Trendsetting123,SalmanNizami_,1
Trendsetting123,Tamil1947,1
Trendsetting123,WuntakalL,1
Trendsetting123,aayeff1,1
Trendsetting123,arunjaitley,1
Trendsetting123,b_k70,2
Trendsetting123,bainjal,1
Trendsetting123,beindiya,1
Trendsetting123,drpoojaa,1
Trendsetting123,drshamamohd,1
Trendsetting123,harmony1960,1
Trendsetting123,kirti_sd,2
Trendsetting123,logicalindianz,1
Trendsetting123,mujworld,1
Trendsetting123,narendramodi,2
Trendsetting123,ronaldrajanna,1
Trendsetting123,sanjukta,1
Trendsetting123,scrapravi,1
Trendsetting123,smritiirani,1
Trendsetting123,watdehel,1
Tribhuv18057375,nsitharaman,1
Tripleplayinter,ArvindKejriwal,1
Tripleplayinter,GautamGambhir,1
Tripleplayinter,ManojTiwariMP,1
Tripleplayinter,RahulGandhi,1
Tripleplayinter,mlkhattar,1
Tripleplayinter,narendramodi,1
TriptiRTiwari,BJP4India,1
TriptiRTiwari,NitishKumar,1
TriptiRTiwari,RahulGandhi,1
TriptiRTiwari,narendramodi,2
TrueShoebill,Apratiratha,1
TrueShoebill,kesarinakha,1
TruetoBharat,SupriyaShrinate,1
TruthHurtBadly,Harmindarboxoff,1
TruthHurts737,LekhakAnurag,1
TruthHurts737,thehawkeyex,1
TruthStays,AamAadmiParty,1
TruthStays,ArvindKejriwal,1
TukunDasgupta,vivekagnihotri,1
TumharaAnand_,GEETAMENON3,1
TumharaAnand_,MrsGandhi,1
TumharaAnand_,Shwetaa_Negi,1
TumharaAnand_,sowmiyasid,1
TumharaAnand_,tina661014,1
TuridLange,DbEspen,1
TuridLange,mikkelickski,1
Tushar69406576,CricCrazyJohns,1
TvvitterWala,INCIndia,1
TweetvaChan,Sassy_Soul_,1
TwitwithIndy,PChidambaram_IN,1
UdayKiranv912,hd_kumaraswamy,1
UdayKiranv912,narendramodi,1
UdayRajSinghBo1,RahulGandhi,1
UdayRajSinghBo1,harishrawatcmuk,1
UdayRajSinghBo1,narendramodi,1
UdayRajSinghBo1,priyankagandhi,1
Umeed_e_Azaadi,ImranKhanPTI,1
Umeed_e_Azaadi,narendramodi,1
Umesh96055465,SanjayAzadSln,1
UmeshPu15063152,ArvindKejriwal,1
UmeshPu15063152,aajtak,1
UmeshPu15063152,anjanaomkashyap,1
Unchained70,nikiru17,1
Unsubtle_Mandy,ravishndtv,2
UrMalli,IndianExpress,1
UttamKu37816586,arunjaitley,1
VICTORY63707577,IAF_MCC,1
VICTORY63707577,IndianNV,1
VICTORY63707577,adgpi,1
VICTORY63707577,narendramodi,1
VaguelyRight,AmitShah,1
VaguelyRight,AskAnshul,1
VaguelyRight,BJP4India,1
VaguelyRight,PrakashJavdekar,1
VaguelyRight,narendramodi,1
VatsalChirimar,narendramodi,1
Vatsallya73,BhavikaKapoor5,1
Vatsallya73,Thecorruptorr,1
VedantDiwan4,narendramodi,1
VedantIndian,DrSJaishankar,1
VedantIndian,MEAIndia,1
VedantIndian,naomi2009,1
VedantR08744806,AnurShrivastava,1
VedantR08744806,Tariqtn4,1
VegaTrader,ProfBabones,1
VegaTrader,ShashiTharoor,2
VegaTrader,TulsiGabbard,2
Venugopalan17,annamalai_k,1
VerajSinha,AamAadmiParty,1
VerajSinha,gsv_ramu,1
Vetri1243,RatneshRajendra,1
Vetri1243,mkstalin,1
VibhutiSinghIND,SaveSabrimala,1
VibhutiSinghIND,dograjournalist,1
VibhutiSinghIND,narendramodi,1
VidyadhariDhar1,ARanganathan72,1
VidyadhariDhar1,AmitShah,1
VidyadhariDhar1,DrSJaishankar,1
VidyadhariDhar1,Dr_Uditraj,1
VidyadhariDhar1,MalhotraShivya,1
VidyadhariDhar1,RahulGandhi,2
VidyadhariDhar1,TimesNow,2
VidyadhariDhar1,aishvaryjain,2
VidyadhariDhar1,anchoramitaw,2
VidyadhariDhar1,narendramodi,1
Vidyaraj51,ashoswai,1
VijayMittal2512,narendramodi,1
VijayMittal2512,ombirlakota,1
VijaySi04607499,AlongImna,1
VijaysMusings,ShashiTharoor,1
Vijendra1Verma,TarekFatah,1
Vijendra1Verma,madhukishwar,1
Vijendra1Verma,narendramodi,1
Vikas75963119,samajwadiparty,1
Vikasthecult,dna,1
VikramNippani,BDUTT,1
VikramNippani,MehboobaMufti,1
VikramNippani,NewsHtn,1
Vikram___Gautam,BJP4India,1
Vikram___Gautam,RahulGandhi,1
VikrantaYadav,BJP4India,1
VikrantaYadav,narendramodi,1
VinayDokania,narendramodi,1
VinnPlal,AamAadmiParty,1
VinodTawde_Maha,BJP4India,1
VinodTawde_Maha,IAF_MCC,1
VinodTawde_Maha,INCIndia,1
VinodTawde_Maha,PMOIndia,1
VinodTawde_Maha,RahulGandhi,1
VinodTawde_Maha,narendramodi,1
Vipincy2,4kxcpLTKKA8yf4Q,1
Vipincy2,monkbharath,1
Virajindian00,CambridgeJBS,1
Virajindian00,CambridgeMBA,1
Virajindian00,RahulGandhi,1
ViratAkhilHari8,2024winning,1
Visalmama,DinakaranNews,1
Vishal_FilmBuff,narendramodi,2
VishnuFNO,6162Bb,1
VishnuFNO,AgentSaffron,1
VishnuFNO,AitcProvat,1
VishnuFNO,AnaNuthan,1
VishnuFNO,Indian_Marathi,1
VishnuFNO,SagasofBharat,1
VishnuFNO,TheSwatiTrivedi,1
VishnuFNO,entropied,1
VishnuFNO,gganeshhh,1
VishnuFNO,kul_guru,1
VishnuFNO,legalshishya,1
VishnuFNO,rhohits,1
VishnuFNO,smjalageri,1
Vishnugupt__,INCIndia,1
Vishnugupt__,RahulGandhi,1
VishuJoshi10,ChirantanGupta5,1
VishuJoshi10,OpIndia_com,1
VishuJoshi10,narayan60020713,1
Vivek939443,AmitShah,1
Vivek939443,ArvindKejriwal,1
Vivek939443,CMOfficeAssam,1
Vivek939443,CMOfficeUP,1
Vivek939443,MamataOfficial,1
Vivek939443,RahulGandhi,1
Vivek939443,akhileshvicharm,1
Vivek939443,arunjaitley,1
Vivek939443,myogiadityanath,1
Vivek939443,narendramodi,1
Vivek939443,narendramodi_in,1
Vivek939443,priyankagandhi,1
Vivek939443,yadavakhilesh,1
VoiceofMegha,shashank_ssj,1
VoterEngagement,karthickr,1
Wacky_guy,IPL,1
Wacky_guy,MusaiVio,1
Wacky_guy,TheRealPCB,1
Wacky_guy,mandhana_smriti,1
Watsonbrettlee,ANI,1
Watsonbrettlee,BDUTT,1
Watsonbrettlee,DDNewsHindi,1
Watsonbrettlee,Republic_Bharat,1
Watsonbrettlee,ZeeNewsHindi,1
Watsonbrettlee,aajtak,1
Watsonbrettlee,abpnewstv,1
Watsonbrettlee,cobrapost,1
Watsonbrettlee,narendramodi,1
Watsonbrettlee,ndtvindia,1
Watsonbrettlee,ravishndtv,1
Watsonbrettlee,republic,1
Watsonbrettlee,squintneon,1
Watsonbrettlee,thewire_in,1
WeDravidians,mkstalin,1
WildWatcha,KanoongoPriyank,1
WildWatcha,TajinderBagga,1
WobbleSeam,belongs2raghu,1
WuntakalL,Anjan94150697,1
WuntakalL,PanerRamesh,1
XpressBengaluru,H_D_Devegowda,1
XpressBengaluru,JanataDal_S,1
XpressBengaluru,MSKiranPrakash,1
XpressBengaluru,krishnabgowda,1
YNogef,HasibaAmin,1
YNogef,RahulGandhi,1
YaaruDaHindu,AmitShah,1
YaaruDaHindu,narendramodi,1
YashG07837618,India_Progress,1
YashSha06501964,DonalTDeLay,1
YashSha06501964,Sol_Loser_,1
Yasir_bangalore,kkhushal9,1
YatharthMishra_,narendramodi,1
YekkarShetty,BJP4India,1
YekkarShetty,GoaBJP,1
YekkarShetty,narendramodi,1
Yogesh95173959,CambridgeJBS,1
Yogesh95173959,CambridgeMBA,1
Yogesh95173959,INCIndia,1
Yogesh95173959,INCOverseas,1
Yogesh95173959,Jairam_Ramesh,1
Yogesh95173959,RahulGandhi,2
Yogesh95173959,sampitroda,1
YogindramKotta2,ANI,1
YogindramKotta2,mkstalin,1
YourStoryCo,kanksshi,1
ZeeBukhari,RanaAyyub,1
_DrFrusci,TheEconomist,1
_EkBharatiya_,RahulGandhi,1
_PTLB,IMPraveenDalal,2
_PTLB,_CEDILRI,1
_PTLB,_DigitalPolice,2
_PTLB,_PTLB,1
_PTLB,_Perry4Law,2
_Rimal,CPAC,1
_Rimal,GBNEWS,1
_Rimal,Nigel_Farage,1
_Rimal,Si_72_,1
_Royal_Veteran,Enraged_Indian,1
_Sickularslayer,ANI,1
_Sickularslayer,USAndIndia,1
_Superman__hu,DeependerSHooda,1
_Superman__hu,niiravmodi,1
___Adhiraaj___,sudhirchaudhary,1
_aashutosh_,narendramodi,1
_london_diaries,drthomasisaac,1
_vaibhavshukla,BJP,1
_vaibhavshukla,myogiadityanath,1
_vaibhavshukla,narendramodi,1
a20nitin,SumitkadeI,1
a_priyadarshi2,omarali50,1
aadvikforu,MadridMani2,1
aadvikforu,bot_hunter_fu,1
aadvikforu,lavanyanivasini,1
aanunim,Tej_AnanthKumar,1
aanunim,Tejasvi_Surya,1
aanunim,narendramodi,1
aapkamutayyeb,AAPTELANGANA,1
aapkamutayyeb,AaleyIqbal,1
aapkamutayyeb,AamAadmiParty,1
aapkamutayyeb,ArvindKejriwal,1
aapkamutayyeb,msisodia,1
aartic02,msisodia,1
aavinashchaliha,BBCWorld,1
aavinashchaliha,MetalCorpser,1
aavinashchaliha,vagabondX10,1
abhai79,RahuiGandh,1
abhai79,narendramodi,1
abhaykashyapbjp,madhusharmabjp,1
abhaykashyapbjp,narendramodi,1
abhi_O_mega,AmitShah,1
abhi_O_mega,BJP4India,1
abhi_O_mega,MamataOfficial,1
abhi_O_mega,Swamy39,1
abhi_O_mega,narendramodi,1
abhi_O_mega,sambitswaraj,1
abhiktapadar,sagarikaghose,1
abhinavnownow,protosphinx,1
abhishekbhaya,INCIndia,1
abhishekkatiyar,BSYBJP,1
abhishekkatiyar,badri4BJP,1
abhishekkatiyar,narendramodi,1
abhishekkatiyar,sagarikaghose,1
abhishekkatiyar,yadavakhilesh,1
abhishekvs0198,Ashamsthomas,1
abhishekvs0198,alindaMjan,1
abhitryst,RahulGandhi,1
abhitryst,narendramodi,1
abid_hussain,INCIndia,1
abid_hussain,RahulGandhi,1
abid_hussain,kakar_harsha,1
absarpasha2,INCIndia,1
absarpasha2,RahulGandhi,1
absarpasha2,kakar_harsha,1
absarpasha2,rakeshkapoor5,1
acbsm1997,kgahlot,1
acbsm1997,msisodia,1
achandra16,RahulGandhi,1
acongressperson,narendramodi,1
activefromUSA,PMOIndia,1
activefromUSA,ashutosh83B,1
activefromUSA,narendramodi,1
adarshanshuman,rahulroushan,1
adcajay,RahulKaswanMP,1
adcajay,major_pawan,1
addrkhan,AmitShah,1
addrkhan,narendramodi,1
adikuva,doronravid,1
adikuva,k_sonin,1
adititanya,AmitShah,1
adititanya,BJP4Delhi,1
adititanya,BJP4India,1
adititanya,GautamGambhir,1
adititanya,narendramodi,1
aditmubayi,virsanghvi,1
aditya0484,INCIndia,1
aditya_tweets,DFRLab,1
adityacoolplz,Independent,1
adityagharge8,ANI,1
adityagharge8,GoenkaHimmat,1
adityagharge8,OfficeofUT,1
adityagharge8,arunpudur,1
adityagharge8,punit_online,1
adityamarwal,DrKumarVishwas,1
adityamarwal,narendramodi,1
adityamarwal,priyankagandhi,1
advanitom,JayashankarKV,1
advanitom,PriyaaReturnz,1
advocaterakesh9,narendramodi,1
adz64,INCIndia,1
adz64,rahulkanwal,1
aggarwal_kunal7,OpIndia_com,1
aggarwal_kunal7,ShivSena,1
aggarwalakashd1,timesofindia,1
aishthik,narendramodi,1
aishthik,sumanthraman,1
ajay1676,RahulGandhi,1
ajay1676,narendramodi,1
ajay_reddy_t,BRSparty,1
ajay_reddy_t,INCIndia,1
ajay_reddy_t,kharge,1
ajay_reddy_t,mkstalin,1
ajay_reddy_t,yadavakhilesh,1
ajay_reddy_t,yadavtejashwi,1
ajaybhardwaj64,Bulu01240293,1
ajaybhardwaj64,RAQEEBALI00,1
ajaybhardwaj64,ashoswai,1
ajaychat555,AmitShah,1
ajaychat555,BJP4India,1
ajaychat555,narendramodi,1
ajaychat555,rajnathsingh,1
ajaykumarxyz99,CitizenKamran,1
ajinjt,PMO_India,1
akashkivani,ajay43,1
akhyansu13,RahulGandhi,1
akkivinaya,CPIM_WESTBENGAL,1
akkivinaya,MamataOfficial,1
akkivinaya,RahulGandhi,1
akkivinaya,narendramodi,1
akshaydubey55,narendramodi,1
akshayharlikar,narendramodi,1
akshayji10,beta_me_,1
akther_dr,Khiladi_Vaidik,1
akther_dr,akki_dhoni,1
akther_dr,iamshiihab,1
akudo_stephanie,jacob_paladin,1
akudo_stephanie,willowoo7777,1
algo_121,TOIIndiaNews,1
algo_121,narendramodi,1
alishah89_1,Marriyum_A,1
alishaikh3310,RajThackeray,1
alishaikh3310,narendramodi,1
alokkushwaha009,alokkushwaha009,1
alokkushwaha009,narendramodi,1
alokmehtaeditor,varungandhi80,1
amal_sachinism,athuljoju,1
amal_sachinism,naatil_evideya,1
aman2800x,narendramodi,1
amansaini8007,narendramodi,1
ambinerd,borzhypetrain,1
amij24,ECISVEEP,1
amij24,PMOIndia,1
amij24,abpnewstv,1
amij24,narendramodi,1
amij24,timesofindia,1
amit30980,SalmanSoz,1
amit30980,ShashiTharoor,1
amit30980,YouTube,1
amitkaggarwal8,ECISVEEP,1
amitkaggarwal8,HMOIndia,1
amitkaggarwal8,PMOIndia,1
amitkaggarwal8,VipulSinghvi6,1
amitkaggarwal8,gssjodhpur,1
amitkaggarwal8,narendramodi,1
amitkaggarwal8,rashtrapatibhvn,1
amitkaggarwal8,snehasneha173,1
amlesh077,BJP4India,1
amlesh077,PMOIndia,1
amlesh077,narendramodi,1
amlesh077,republic,1
anand1subhash,BJP4India,1
anand1subhash,ShefVaidya,1
anand1subhash,narendramodi,1
anandeep_c,Amol__Patankar,1
anandeep_c,Dev_Fadnavis,1
anandeep_c,narendramodi,1
anandrathod87,RahulGandhi,1
anandrathod87,SwamiGeetika,1
anandrathod87,myogiadityanath,1
anandrathod87,narendramodi,1
anandrathod87,sherryontopp,1
andhbhakthoon1,t_d_h_nair,1
aneesahmadngp,dheerajmishra04,1
aneesahmadngp,narendramodi,1
aneesahmadngp,thewire_in,1
angshguds,narendramodi,1
anhilatecaste,unknownmanushya,1
anilrawatdoon,KapilMishra_IND,1
anilsharma45,AmitShah,2
anilsharma45,BJP4India,2
anilsharma45,PrakashJavdekar,2
anilsharma45,VasundharaBJP,2
anilsharma45,dr_rajpurohit,1
anilsharma45,narendramodi,2
anilsinghrawat,GauramGambhir,1
anilsinghrawat,narendramodi,1
anirudhashok911,narendramodi,1
anirudhashok911,republic,1
anish_vk02,19hassan49,1
anish_vk02,InfraHaz,1
anish_vk02,MechaOrvo,1
anish_vk02,SameeraKhan,1
anishsingh21,INCIndia,1
anjanamisra2008,anandmahindra,1
anjdayal,narendramodi,1
ankesharwani,RahulGandhi,1
ankesharwani,Shehzad_Ind,1
ankesharwani,TimesNow,1
ankitpnd129,narendramodi,1
annamalai_chap2,narendramodi,1
anne143deepveer,deepikapadukone,1
anshul_mittal_,Pawankhera,1
anshul_mittal_,indiatvnews,1
anshul_mittal_,narendramodi,1
anshul_mittal_,sambitswaraj,1
anto_thilak,Swamy39,1
anu196907,INCIndia,1
anu196907,SupriyaShrinate,1
anuj_satya,narendramodi,1
anup68881,Yadavdimplesp,1
anup68881,narendramodi,1
anup68881,sanuali00,1
anupam69944442,Being_Humor,1
anupamsingh101,AmanChopra_,1
anupamsingh101,narendramodi,1
anupneshti,narendramodi,1
anupneshti,republic,1
anvith_kn,IAF_MCC,1
anvith_kn,narendramodi,1
apsdelhi,AdityaRajKaul,1
apsdelhi,M_Rajivlochan,1
apsdelhi,News9Tweets,1
apsdelhi,kartikeya_1975,1
apsdelhi,shashikantips54,1
arasimetal,KAG_SekarTwitz,1
arasimetal,NatuViral,1
archanarag,narendramodi,1
architbhise11,VIPERoffl,1
arifshaikh,ndtv,1
arunInd1,narendramodi,1
arun__1996,RM_madridbabe,1
arunavio,EALondon,1
arunavio,visegrad24,1
arunmr_,PiyushGoyal,1
arunmr_,RailMinIndia,1
arunmr_,narendramodi,1
arunpudur,kavitha129,1
as_kapoor,IndiaToday,1
as_kapoor,Mayawati,1
asarpotar,RahulGandhi,1
ashish_sh11,narendramodi,1
ashishfeb20,AamAadmiParty,1
ashishfeb20,ArvindKejriwal,1
ashishfeb20,BhagwantMann,1
ashishfeb20,MamataOfficial,1
ashishfeb20,OfficeofUT,1
ashishfeb20,PawarSpeaks,1
ashishfeb20,TelanganaCMO,1
ashishfeb20,msisodia,1
ashishfeb20,narendramodi,1
ashishfeb20,yadavakhilesh,1
ashishfeb20,yadavtejashwi,1
ashishr13,ByRakeshSimha,1
ashok992,narendramodi,1
ashokgfresh,TamizhDesiyan7,1
ashokghose,MahuaMoitra,1
ashokgo25597410,SupriyaShrinate,1
ashokhajeri,narendramodi,1
ashoswai,CasMudde,1
ashwin_vara,BJP4India,1
ashwin_vara,INCIndia,1
ashwin_vara,RahulGandhi,1
ashwin_vara,ShashiTharoor,1
asifkhetani1,MeghUpdates,1
asifkhetani1,SunilPradhanK,1
asimtwitt,MPArunYadav,1
astha_bansal12,CNNnews18,1
astha_bansal12,INCIndia,1
astha_bansal12,RahulGandhi,1
astha_bansal12,narendramodi,1
astha_bansal12,news18dotcom,1
asuchil2f,BJP4Keralam,1
asuchil2f,narenramodi,1
atande1951,holtecintl,1
atifshanmasood,SamKhan999,1
atifshanmasood,tequieremos,1
attamjhisatakli,BJP4India,1
attamjhisatakli,CNNnews18,1
attamjhisatakli,INCIndia,1
attamjhisatakli,The_NehaJoshi,1
attamjhisatakli,shreyadhoundial,1
augustinjacob6,BJP4India,1
augustinjacob6,KiranKS,1
augustinjacob6,bnutwt,1
augustinjacob6,jineesh_blr,1
augustinjacob6,narendramodi,1
avadhootashok,AamAadmiParty,1
avadhootashok,ArvindKejriwal,1
avadhootashok,msisodia,1
avanishmalhotra,AamAadmiParty,1
avanishmalhotra,ArvindKejriwal,1
awadhiya_a,BJP4India,1
awadhiya_a,narendramodi,1
awasthis,BJP4India,1
awasthis,INCIndia,1
awasthis,narendramodi,1
ayushl07,akashbanerjee,1
ayushl07,narendramodi,1
azeemassadi,htTweets,1
azeemassadi,narendramodi,1
azharfalcon,ndtv,1
azharfalcon,ravishndtv,1
baba67861084,ruchirakamboj,1
babajidefc,donwittycomedy,1
bablu7891,tavleen_singh,1
bagda_chiman,tina_yadav666,1
bakshisanjeev10,RaptiKhurana,1
bakshisanjeev10,oychunalagadiya,1
balakrishna813,Flipkart,1
balakrishna813,amazonIN,1
balakrishna813,flipkartsupport,1
balakrishna813,slaveofnone,1
banand84,LavanyaBallal,1
bangboi576,ANI,1
baristerplay,RahulGandhi,1
baristerplay,rohit_balhara24,1
barmanaitc,AITCofficial,2
barmanaitc,Chandrimaaitc,1
barmanaitc,DrRijuDutta_TMC,1
barmanaitc,DrShashiPanja,1
barmanaitc,GhatakMoloy,1
barmanaitc,KunalGhoshAgain,1
barmanaitc,MaliahJune,1
barmanaitc,MamataOfficial,1
barmanaitc,abhishekaitc,2
barmanaitc,derekobrienmp,1
barmanaitc,sayantika12,1
barmanaitc,sujitboseaitc,1
bartwalvikram,BJP4India,1
bartwalvikram,RSSorg,1
bartwalvikram,TarekFatah,1
bartwalvikram,narendramodi,1
basaksyamal,narandramodi,1
bauwakun,ABPNews,1
bauwakun,ReporterAnkitG,1
bauwakun,Sheerin_sherry,1
bauwakun,rsprasad,1
bauwakun,sambitswaraj,1
bdozer2023,nelsonepega,1
beachplease1988,INCIndia,1
beachplease1988,RahulGandhi,1
bedlamball1973,AccountableGOP,1
beingsagarneel,AmitShah,1
beingsagarneel,MamataOfficial,1
beingsagarneel,narendramodi,1
beingsamirvarma,AMISHDEVGAN,1
beingsamirvarma,BJP4India,1
beingsamirvarma,RakeshSinha01,1
beingsamirvarma,juhiesingh,1
beingsamirvarma,narendramodi,1
beingsamirvarma,samajwadiparty,1
bekbekagain,Beingsajiddarr,1
bengapinto,AmitShah,1
bengapinto,ECISVEEP,1
bengapinto,Mayawati,1
bengapinto,narendramodi,1
bengapinto,svaradarajan,1
berryjmmt,GJMH100,1
berryjmmt,Julien_PH,1
berryjmmt,d_foubert,1
bhaktprahllad21,AITCofficial,1
bhaktprahllad21,abhishekaitc,1
bhardwajmay1,akshaykumar,1
bhaskarsoti1,AAPBangalore,1
bhaskarsoti1,AAPKarnataka,1
bhaskarsoti1,AamAadmiParty,1
bhaskarsoti1,aapkaprithvi,1
bhatiaji_samose,BJP4India,1
bhhatu,JhaSanjay,1
bhrathari23,major_pawan,1
bhuRaushan1997,narendramodi,1
bigblackeey,ANI,1
bikashkumar64,LogicalIndians,1
bikashkumar64,narendramodi,1
bkmshr,108LG,1
bkmshr,Abhi_4_BJP_,1
bkmshr,AlokMis24016153,1
bkmshr,Anupma0108,1
bkmshr,AshishT81757237,1
bkmshr,BJP4India,1
bkmshr,ChowkidarSharm1,1
bkmshr,Satyend11371050,1
bkmshr,Sudhir_mish,1
bkmshr,VrindavanBake,1
bkmshr,tarapata_bharat,1
blassram,BJP4TamilNadu,1
blassram,iambharathicse,1
blassram,narendramodi,1
blassram,news7tamil,1
blassram,vishmahe1,1
blkage,BSYBJP,1
bluSky_1,ShristyDeovansh,1
bluSky_1,vinaygb,1
blunders_pridee,AamAadmiParty,1
blunders_pridee,SanjayAzadSln,1
bot_awake_bot,ThePollLady,1
breathingindia,BJP4India,1
breathingindia,BJP4Karnataka,1
brownbread_8,COPlASRATS,1
bsc10001,AmitShah,1
bsc10001,AnupamPKher,1
bsc10001,BJP4Delhi,1
bsc10001,BJP4India,1
bsc10001,narendramodi,1
bsinghbhogal,YouTube,1
bsjcloud,ECISVEEP,1
bsjcloud,INCIndia,1
bsjcloud,ShefVaidya,1
bsjcloud,TwitterIndia,1
bsjcloud,narendramodi,1
bssarao,AAPPunjab,1
bssarao,ArvindKejriwal,1
bssarao,KuldeepSinghAAP,1
bssarao,msisodia,1
bubblebuster26,Indian_Hindu86,1
budbukbum1,ARIEL_SIDON,1
budbukbum1,RahulGandhi,1
budbukbum1,narendramodi,1
bukagreen,Adeolajohnson60,1
bulusu_,sgurumurthy,1
bum_bum_bole,narendramodi,1
bum_bum_bole,ravishndtv,1
cLEOpatra2878,HMOIndia,1
cLEOpatra2878,IncomeTaxIndia,1
cLEOpatra2878,IndianExpress,2
cLEOpatra2878,ReutersIndia,1
cLEOpatra2878,TimesNow,1
cLEOpatra2878,majorgauravarya,1
cLEOpatra2878,narendramodi,4
cLEOpatra2878,republic,3
caplocap,manojmuntashir,1
cashkumark,JhaSanjay,1
celfdsgracias,Nishant210491,1
celfdsgracias,pbhushan1,1
chakraview,DollyKikon,1
chandanojha089,narendramodi,1
chandanojha089,nitin_gadkari,1
chandanvaio,BJP4TamilNadu,1
chandanvaio,annamalai_k,1
chandanvaio,mkstalin,1
changenow111,Chellaney,1
charmer_nku,HCI_Ottawa,1
charmer_nku,SushmaSwaraj,1
charmer_nku,narendramodi,1
chatta_rajneesh,INCIndia,1
chatta_rajneesh,SupriyaShrinate,1
chatteejees,AITCofficial,1
chatteejees,SushmaSwaraj,1
chatur59,BindraManjot,1
chatur59,nytimes,1
chetpatil863,narendramodi,1
cheyyeru63,JaipurDialogues,1
chikkerur2011,AmitShah,2
chikkerur2011,AnandKkhan,2
chikkerur2011,narendramodi,2
chikkerur2011,nimmasuresh,1
chitrananth,RahulGandhi,1
chitrananth,rachitseth,1
chitro14,Shilpa1308,1
chmaphy_n,msisodia,1
chmaphy_n,sardesairajdeep,1
chotan79,rishibagree,1
choudhurypijush,derekobrienmp,1
choudhurypijush,msisodia,1
cjv_555,BandraPolitics,1
cjv_555,Dev_Fadnavis,1
cjv_555,HumanOfBhiwandi,1
cjv_555,INCIndia,1
cjv_555,PotholeWarriors,1
cjv_555,PriyaDutt_INC,1
cjv_555,RahulGandhi,1
cjv_555,RanaAyyub,1
cjv_555,Shehzad_Ind,1
cjv_555,VOGNewsLive,1
cjv_555,iamrana,1
cjv_555,kanhaiyakumar,1
cjv_555,myministers,1
cjv_555,narendramodi,1
cjv_555,priyankac19,1
cjv_555,priyankagandhi,1
cjv_555,smart_mumbaikar,1
cjv_555,zafarsareshwala,1
cjv_555,zainabsikander,1
cmankad,INCIndia,1
cmankad,KanchanGupta,1
cmankad,RahulGandhi,1
cmontgo84143270,DUSofE,1
cmontgo84143270,DrDongNguyen,1
cmontgo84143270,OPJUniversity,1
cmontgo84143270,durham_uni,1
cmprasad978,BJP4Karnataka,1
cmprasad978,narendramodi,1
coach_beni,AlongImna,1
coach_beni,RohitashwT,1
codeofmatrix,BillGates,1
codeofmatrix,narendramodi,1
codeofmatrix,smritiirani,1
colo_politics,michaelkarlik,1
confess2gaurav,priyankac19,1
coolicykool,_garrywalia,1
copechandani2,DemiFeind97,1
copechandani2,MercTheninja,1
copechandani2,rudrabhoj,1
copechandani2,tavasam_,1
corporate1967,CambridgeMBA,1
council_indian,AdvMamtaSharma,1
council_indian,Nimmabhaskar22,1
council_indian,Poetry_Junction,1
council_indian,jaffermohaideen,1
council_indian,the_singhshab,1
counterpropG,saravofcl,1
cruzex100,FriedrichPieter,1
csract,madrasigunner,1
cv19910,RenukaJain6,1
cv19910,narendramodi,1
dabbangism,narendramodi,1
dabiajsd,ajay43,1
dabiajsd,parykshyth,1
dabiajsd,rose_k01,1
dabiajsd,yamkarki,1
darakarun,ZeeNews,1
darakarun,kiransnm,1
darakarun,narendramodi,1
daribaalam,MaleehaHashmey,1
daribaalam,iamthedrifter,1
databaaz,narendramodi,1
dc_oldmonk,ANI,1
ddavis914,AccountableGOP,1
deReservation,BJP4India,1
deReservation,ChennaiIPL,1
deReservation,DelhiCapitals,1
deReservation,ImRaina,1
deReservation,narendramodi,1
deReservation,theskindoctor13,1
deReservation,vijayshankar260,1
dear_pixie,BJP4India,1
dear_pixie,BJP4TamilNadu,1
dear_pixie,XLifeat,1
dear_pixie,geminiseventh,1
debiduttadas,AprajitaSarangi,1
debiduttadas,BJP4India,1
debiduttadas,PandaJay,1
debiduttadas,narendramodi,1
deborahjonesnz,VP,1
deenazhar19,Gohul19,1
deenazhar19,NitishKumar,1
deenazhar19,bihar_police,1
deenazhar19,iRahulsingh_IND,1
deenazhar19,mkstalin,1
deenazhar19,tnpoliceoffl,1
deenazhar19,yadavtejashwi,1
deenazhar19,zoo_bear,1
deepakmahato,BJP4India,1
deepakmahato,PIB_India,1
deepakmahato,narendramodi,1
deepaks411,BJP4India,1
deepaks411,INCIndia,1
deepaks411,narendramodi,1
dericgleon,LowElsielow,1
dericgleon,NegaraGemilang,1
deshbhakt_tdb,narendramodi,1
devenrolly1987,ECISVEEP,1
devenrolly1987,PMOIndia,1
devenrolly1987,narendramodi,1
devika1219,PMOIndia,1
devika1219,narendramodi,1
devki_dc,narendramodi,1
dhavalfariya,ANI,1
dheeraj2931,PMOIndia,1
dheeraj2931,narendramodi,1
dhinamum,saravofcl,1
dilipjain1979,BJP4India,1
dilipsakhlecha,Mithilababu,1
dipak_gyawali,ETPolitics,1
dipak_gyawali,NavitaSrikant,1
divya_50,AanshulSadaria,1
dixit22_,_YogendraYadav,1
diya_salo,RahulGandhi,1
dkgautam007,INCIndia,1
dmannshahia,AamAadmiParty,1
dmannshahia,UnSubtleDesi,1
dmannshahia,avadhootashok,1
dnarjunkumar,pbhushan1,1
dollysharma18,hosabaraha,1
dollysharma18,sanjayfadnavis1,1
dollysharma18,ydongarwar09,1
doyouknowme2024,Dr_Uditraj,1
doyouknowme2024,EbrahimNasreen,1
doyouknowme2024,GorwayGlobal,1
doyouknowme2024,Kap57608111,1
doyouknowme2024,RahulGandhi,1
doyouknowme2024,SpiritOfCongres,1
doyouknowme2024,dksingh73,1
dr_rupani,BJP4India,1
dr_rupani,TarekFatah,1
dr_rupani,VJsapps,1
dr_rupani,milap559,1
dr_rupani,narendramodi,1
draghafur,RPrasad12,1
dranujoshi1,ANI,1
dranujoshi1,BJP4India,1
dranujoshi1,INCIndia,1
drbmsinghal12,AamAadmiParty,1
drbmsinghal12,TimesNow,1
drbmsinghal12,ttindia,1
drbrightthomas,narendramodi,1
drjay512,BefittingFacts,1
drjay512,MahuaMoitra,1
drnitinchaube,INCTharoorian,1
drnitinchaube,ShashiTharoor,1
dronashishya,divyaspandana,1
dronashishya,narendramodi,1
dsasven,SeemanOfficial,1
dsasven,TRBRajaa,1
dsasven,arivalayam,1
dvinesndwchmakr,AlexeiArora,1
dwizmatrix,AmitShah,1
dwizmatrix,BJP4India,1
easygoingandy,narendramodi,1
ec7104de70df411,khanumarfa,1
ec7104de70df411,shahid_siddiqui,1
eclectictweets,narendramodi,1
edwinpascal,RangarajPandeyR,1
edwinpascal,narendramodi,1
el_bakayaro,ProfBabones,1
el_bakayaro,bigsanturi,1
emarul_mandal,AITCofficial,1
emarul_mandal,ItsYourDev,1
emarul_mandal,KhelaHobe2024,1
emarul_mandal,abhishekaitc,1
emarul_mandal,aitcsudip,1
emarul_mandal,aitcsupriya,1
emarul_mandal,mistarulsk123,1
erAnkurBhardwaj,RahulGandhi,1
erAnkurBhardwaj,narendramodi,1
erAnkurBhardwaj,nitin_gadkari,1
eshwarpappu,INCIndia,1
eshwarpappu,narendramodi,1
ettirankandath,BJP4Karnataka,1
ettirankandath,JPNadda,1
ettirankandath,anusharavi10,1
evered7,FreeMindKeenEye,1
explore4rrr,BAMCEFinfo,1
explore4rrr,ChinaIndiaD,1
explore4rrr,ZhaLiyou,1
extremeroshik,BMGFIndia,1
extremeroshik,BillGates,1
faizy099,ECISVEEP,1
faizy099,ResoluteAction,1
faizy099,SpokespersonECI,1
faizy099,aajtak,1
faizy099,aryanbarnwalkr,1
faizy099,narendramodi,1
faizy099,ndtvindia,1
farazakaf,narendramodi,1
farhans17,HamidMirPAK,1
fashakin87,RishiSunak,1
fashakin87,officialABAT,1
fazdhz,ImranKhanPTI,1
fazdhz,MehrTarar,1
fazdhz,SudheenKulkarni,1
fazdhz,narendramodi,1
fazle_alam,Sassy_Hindu,1
fekubawa,kkhushal9,1
fekubawa,ranikhet,1
fillumwaalii,MiLOKMAT,1
fillumwaalii,PMOIndia,1
fillumwaalii,narendramodi,1
fillumwaalii,rishidarda,1
fireboygaming10,RamuBoga3,1
fjgkkkka,NewsArenaIndia,1
flingwingdude,jackmjenkins,1
flingwingdude,jim_tro,1
fool_do,ndtv,1
foononimous,ScottAdamsSays,1
foononimous,abhijitmajumder,1
forexmayhem,NupurSharmaBJP,1
forexmayhem,UnSubtleDesi,1
frankhuzur,_ProfAnand,1
franktoni23,abpnewstv,1
franktoni23,girirajsinghbjp,1
free_radical420,slyazar,1
frmidindguy,GabbbarSingh,1
funnykella,narendramodi,1
gadanij,BillGates,1
gadanij,ytengra,1
gaokabanda,rose_k01,1
gaontrees7,Enraged_Indian,1
gaurang0911,Republic_Bharat,1
gaurang0911,republic,1
gaurav_politics,sardesairajdeep,1
gauravsabnis,Akhilgooner,1
gauravsabnis,QuarantinoGuy,1
gauravsharda6,narendramodi,1
gauravvns,DilliDurAst,1
gauravvns,PankajPachauri,1
gauravvns,sanjayuvacha,1
gauri_sidhanthi,BJP4Telangana,1
gauri_sidhanthi,narendramodi,1
gautamdaz,RahulGandhi,1
geekishrealm,RahulHu60092611,1
geekishrealm,VikasDapkar,1
geekishrealm,dhruv_rathee,1
ggmu_g,RM_madridbabe,1
girish2060,PoliticalKida,1
gkb20194,narendramodi,1
gloverm65,RahulGandhi,1
gloverm65,TajinderBagga,1
gocool4u,narendramodi,1
gogoideo,DukeMahanta,1
gogoideo,himantabiswa,1
gogoideo,narendramodi,1
gokul_rana_,BJP4India,1
gokul_rana_,narendramodi,1
goodcitizen22,BharatCommonMan,1
goodcitizen22,khushsundar,1
goodcitizen22,sanjukta,1
goodwaycpl,AamAadmiParty,1
goodwaycpl,ArvindKejriwal,1
goutamguha10,HananyaNaftali,1
gouthamcp07,AmitShah,1
gouthamcp07,BJP4Karnataka,1
gouthamcp07,mepratap,1
gouthamcp07,narendramodi,1
gov_in_depth,kapsology,1
gupta_kamal,narendramodi,1
gupta_skanda,AmitShah,1
gupta_skanda,BJPLive,1
gupta_skanda,MATRIBHUMISEVAK,1
gupta_skanda,Savitritvs,1
gupta_skanda,TheArahat,1
gupta_skanda,amitmalviya,1
gupta_skanda,mahendra3,1
gupta_skanda,narendramodi,1
gupta_skanda,smita_muk,1
gupta_skanda,trunils,1
gupta_skanda,wisnoo,1
gvaroon,narendramodi,1
gyagnesh,BJP4India,1
gyagnesh,INCIndia,1
gyagnesh,RahulGandhi,1
gyagnesh,narendramodi,1
hangryabhi,KotwalMeena,1
hangryabhi,ShyamMeeraSingh,1
hangryabhi,nehafolksinger,1
harikrishnan_91,AmitShah,1
harikrishnan_91,BJP4India,1
harikrishnan_91,RahulGandhi,1
harikrishnan_91,narendramodi,1
harikrishnan_91,ndtv,1
harikrishnan_91,republic,1
harimadathil,INCIndia,1
harimadathil,Jairam_Ramesh,1
harimadathil,SupriyaShrinate,1
harimadathil,anilkantony,1
harishkkr,BPCLimited,1
harishkkr,PetroleumMin,1
harishkkr,dpradhanbjp,1
harishkkr,narendramodi,1
harry5929,AmitShah,1
harry5929,BJP4India,1
harry5929,JAVED0909,1
harry5929,narendramodi,1
hem_gem,AmitShah,1
hem_gem,BJP4India,1
hem_gem,IAF_MCC,1
hem_gem,IndINDIANARMY,1
hem_gem,IndianDefenceRA,1
hem_gem,arunjaitley,1
hem_gem,defencealerts,1
hem_gem,friendsofrss,1
hem_gem,indiannavy,1
hem_gem,narendramodi,1
hem_gem,nsitharaman,1
hemantkms,MiRajeshPatil,1
hemantkms,Voice_For_India,1
hemantmeshram,BJP4Assam,1
hemantmeshram,BJP4India,1
hemantmeshram,amitmalviya,1
hemantmeshram,narendramodi,1
hemantsinh50,SupriyaShrinate,1
hemcho1990,narendramodi,1
hemmu25,ShawshankOne,1
hemmu25,jsaideepak,1
hereforonly1day,AAPPunjab,1
hereforonly1day,Akali_Dal_,1
hereforonly1day,BJP4Punjab,1
hereforonly1day,BhagwantMann,1
hereforonly1day,INCPunjab,1
hereforonly1day,SS_Info1003,1
heritageimpex,PrnnoyRoyNDTV,1
heritageimpex,RahulGandhi,1
heritageimpex,narendramodi,1
heyammeyyyyyyy,raghavanand67,1
hharshvardhan,narendramodi,1
hhhhhhhhhhfybjy,EdyCohen,1
hhhhhhhhhhfybjy,IDF,1
hhhhhhhhhhfybjy,JBreitzer,1
hhhhhhhhhhfybjy,PutlerCriminal,1
hhhhhhhhhhfybjy,SteckRE,1
hhhhhhhhhhfybjy,fuk_antiSemites,1
hhhhhhhhhhfybjy,sjabulhawa,1
hhhhhhhhhhfybjy,wurzel260654,1
hifilarry,FT,1
hifilarry,Politics_Tday,1
hifilarry,mi6rogue,1
hira67890,CMShehbaz,1
hira67890,Raajbanshi_Rule,1
hira67890,f4fe1c54bf7242c,1
homernods,thePlateIndia,1
hoods_ankit,manpreetdhi99,1
hoorsheikh_fiza,Erdhanwik,1
hoorsheikh_fiza,GondbalSaleem,1
hoorsheikh_fiza,IStupidCitizen,1
hoorsheikh_fiza,ImYadav0396,1
hoorsheikh_fiza,KrisNair1,1
hoorsheikh_fiza,KulrajanWadhwa,1
hoorsheikh_fiza,Sonali51005733,1
hoorsheikh_fiza,Vipin_Singh0009,1
hoorsheikh_fiza,jsbisht555,1
hoorsheikh_fiza,mohdriy43871551,1
hoorsheikh_fiza,vkjha783,1
horizonwords,anonpepe4,1
horizonwords,mxtaverse,1
humourharsh,ANI,1
humourharsh,INCIndia,1
humourharsh,RahulGandhi,1
humourharsh,narendramodi,1
hypocritiqe,rahulroushan,1
iBedardiRaja,khushsundar,1
iBedardiRaja,narendramodi,1
iDev__R,KP24,1
iDev__R,narendramodi,1
iDwatchesyou,RahulGandhi,1
iIIusi0nistt,naralokesh,1
iRajavelu,ikamalhaasan,1
i_am_BilliAm_,CambridgeJBS,1
i_am_BilliAm_,CambridgeMBA,1
i_am_BilliAm_,RahulGandhi,1
i_am_BilliAm_,sampitroda,1
iabhishektyagi,BJP4India,1
iabhishektyagi,Shehzad_Ind,1
iabhishektyagi,narendramodi,1
iabhishektyagi,santosh19011992,1
iabhishektyagi,vagishasoni,1
iamTapanPandya,asadowaisi,1
iamTapanPandya,narendramodi,2
iam_bakul,narendramodi,1
iam_truth1,BJP4India,1
iam_truth1,narendramodi,1
iam_umar77,Harmindarboxoff,1
iam_umar77,Kangarrro,1
iam_umar77,iHappy000,1
iam_yadu333,IndianFootball,1
iam_yadu333,KeralaBlasters,1
iam_yadu333,ParthJindal11,1
iam_yadu333,bengalurufc,1
iam_yadu333,ivanvuko19,1
iam_yadu333,kbfc_manjappada,1
iamabofh,MandeepBajwa,1
iamabofh,sunny_hundal,1
iamankur21,AamAadmiParty,1
iamankur21,ArvindKejriwal,1
iamankur21,DrKumarVishwas,1
iamankur21,SanjayAzadSln,1
iamankur21,ZeeNews,1
iamankur21,aajtak,1
iamankur21,indiatvnews,1
iamankur21,msisodia,1
iamankur21,ndtv,1
iamayushjain_,narendramodi,1
iamchandru_,BJP4Karnataka,1
iamchandru_,BSYBJP,1
iamchandru_,KiranKS,1
iamchandru_,Tejasvi_Surya,1
iamchandru_,astitvam,1
iamchandru_,narendramodi,1
iamdesi101,himantabiswa,1
iamdesi101,narendramodi,1
iamdesi101,sampitroda,1
iamhimanshu77,BJP4India,1
iamhimanshu77,MamataOfficial,1
iamhimanshu77,narendramodi,1
iamkaranbachani,AudaciousQuest_,1
iamkaranbachani,BJP4India,1
iamkaranbachani,Firoze_,1
iamkaranbachani,MamataOfficial,1
iamkaranbachani,RRPMalayil,1
iamkaranbachani,RahulGandhi,1
iamkaranbachani,RevathyNS,1
iamkaranbachani,ShamilManzor,1
iamkaranbachani,Subytweets,1
iamkaranbachani,aajtak,1
iamkaranbachani,ameerpn,1
iamkaranbachani,amitmalviya,1
iamkaranbachani,ganeshmpandey,1
iamkaranbachani,itsmesumis,1
iamkaranbachani,laijulazars,1
iamkaranbachani,mallucomrade,1
iamkaranbachani,narendramodi,3
iamkaranbachani,priyankac19,1
iamkaranbachani,republic,1
iamkaranbachani,trollsangh,1
iamkritanshu,RahulGandhi,1
iamnasar,ArvindKejriwal,1
iamnasar,sherryontopp,1
iamnigam14,SeharShinwari,1
iamnigam14,ysjagan,1
iamriyaaz,RGVzoomin,1
iamsahilkhandal,djokerprime,1
icckanpur,himantabiswa,1
icckanpur,narendramodi,1
ieMilindreal,BJP4India,1
ieMilindreal,INCIndia,1
ieMilindreal,PMOIndia,1
ijagdishMange,AmitShah,1
ijagdishMange,BJP4India,1
ijagdishMange,PMOIndia,1
ijagdishMange,narendramodi,1
iknow_fewthings,Indian_Analyzer,1
impk113,pbhushan1,1
impressionsAS,AamAadmiParty,1
impressionsAS,ArvindKejriwal,1
imsaurabhjha,narendramodi,1
imshantanu4u,BJP4India,1
imshantanu4u,msisodia,1
imshantanu4u,pinarayivijayan,1
imsouvikb,ishankishan51,1
inder_aj,matheswaranc,1
indian021986,GargaC,1
indian021986,newUserHere98,1
indian021986,vijayhemas,1
indian_better,prajavani,1
indian_better,publictvnews,1
indian_ireland,LANPCS,1
indian_ireland,sineadcunningha,2
indian_ireland,vmax_14,2
indian_online,ByRakeshSimha,1
indian_online,ukilaw,1
indian_soldier,Rash28101,1
indian_soldier,Sumi_Scorpio,1
indianbachelor,MrSinha_,1
indianbachelor,Udhaystalin,1
indianbachelor,mkstalin,1
indianly_yours,BJP4India,1
indianssharma,pinarayivijayan,1
indianwoman1234,RahulGandhi,1
indianwoman1234,narendramodi,1
indraneelm,BCCI,1
indraneelm,ovshake42,1
indrani64178044,AITCofficia,1
indrani64178044,abhishekaitc,1
insane_zaibi,ESPNcricinfo,1
insane_zaibi,Kewlparry,1
insane_zaibi,N____P____C,1
insane_zaibi,itxx_Shani,1
ipardeepsharma,narendramodi,1
ishan_soul,ArvindKejriwal,1
ishu19224660,2024winning,1
itorian,dhruv_rathee,1
itsMishra__,DrSJaishankar,1
itsMishra__,Jakub25729618,1
itsMishra__,hethadgekund,1
itsankt17,TajinderBagga,1
itspatelr,adhicutting,1
itspatelr,narendramodi,1
itswolf999,AltafKhanPak,1
itswolf999,SHAWSHA09987641,1
j_tushar,ashoswai,1
jabardasti,ProfBabones,1
jabardasti,ShashiTharoor,1
jackleecharh,geetv79,1
jackleecharh,sk13876,1
jagdishkholiya,AmitShah,1
jagdishkholiya,KP24,1
jai02i3,KafirCentral,1
jai02i3,LeightonRoland,1
jai_kapis7,JPNadda,1
jai_kapis7,KhushiText,1
jaisankar69410,RahulGandhi,1
jaskaranmanocha,kanksshi,1
jass_kaur19XX,RahulGandhi,1
javeed198,NarundarM,1
jayatalkshow,Pooja_Tripathii,1
jayatalkshow,PranavC54443358,1
jayesh370475,PMOIndia,1
jayesh370475,narendramodi,1
jdpowell72,BBob1220,1
jdpowell72,ClastonB,1
jdpowell72,Fritz_Bangarang,1
jdpowell72,ScottAdamsSays,1
jdpowell72,YouTube,1
jeetend36815961,Mukeshambani_1,1
jeetend36815961,PMOIndia,1
jeetend36815961,narendramodi,1
jeetend36815961,reliancejio,1
jhalmirchi,mkstalin,1
jhalmirchi,narendramodi,1
jiddu_follows,MeghUpdates,1
jk36993,ThanthiTV,1
joemoss76705588,BJP4India,1
joemoss76705588,ReallySwara,1
joemoss76705588,kunalkamra88,1
joemoss76705588,narendramodi,1
johncheeran,narendramodi,1
johnrphlab,1717mule,1
johnrphlab,ActualCosmos,1
johnrphlab,AgentMarkov,1
johnrphlab,Aimhighffw,1
johnrphlab,Alizzardstail,1
johnrphlab,Andi1381338,1
johnrphlab,AnnetteTRemain,1
johnrphlab,BellStar041260,1
johnrphlab,Bryan_E_Zeiner,1
johnrphlab,C0smicRonin,1
johnrphlab,Carmatta1,1
johnrphlab,DV652,1
johnrphlab,DaMenstraulSho,1
johnrphlab,DianaCialino,1
johnrphlab,Dont_BIame_Me,1
johnrphlab,EyeH8Trump,1
johnrphlab,Ferahgo684,1
johnrphlab,Gunner1277,1
johnrphlab,Jim_Jordan,1
johnrphlab,JimboUSA1776,1
johnrphlab,LordButters22,1
johnrphlab,Luckboxwinnerr,1
johnrphlab,MadisonWiIson,1
johnrphlab,MozartsTrump,1
johnrphlab,OdgerTheViking,1
johnrphlab,PPitstopII,1
johnrphlab,RalfTebako,1
johnrphlab,Resistenzanow,1
johnrphlab,Richard03457581,1
johnrphlab,RoyLovesAmerica,1
johnrphlab,SaltyTanker2,1
johnrphlab,TackettWendi,1
johnrphlab,TheLandsNotOurs,1
johnrphlab,WombatCat1,1
johnrphlab,amabOkraBlaeR,1
johnrphlab,androidbadboy,1
johnrphlab,boydishere,1
johnrphlab,brianna_up,1
johnrphlab,cyndy_jt,1
johnrphlab,hardenedsap,1
johnrphlab,jersey_some,1
johnrphlab,johnnysunset287,1
johnrphlab,lightfighter24,1
johnrphlab,lulzyalldumbAF,1
johnrphlab,magawhisperer22,1
johnrphlab,magicgirlgol,1
johnrphlab,rsnoeljr,1
johnrphlab,shrekvivre,1
johnrphlab,snowflake_miner,1
johnrphlab,wxopwyu,1
journo_indian,DrTamilisaiGuv,1
journo_indian,TelanganaCS,1
jspandey_,Arun2981,1
jspandey_,ArvindKejriwal,1
jspandey_,GauravPandhi,1
junejarajiv,Gen_VKSingh,1
junejarajiv,narendramodi,1
justandfairman,BJP4India,1
justandfairman,SoniaGurnani19,1
justandfairman,SriRamya21,1
justandfairman,VarierSangitha,1
justandfairman,_ankahi,1
justandfairman,narendramodi,1
justandfairman,pallavict,1
justandfairman,ramapriya1989,1
justandfairman,sowmiyasid,1
jvashistha1612,RocksMagik,1
jvidyasagar,narendramodi,1
k_bhairav,Ak_shhhhhhhhhh,1
k_bhairav,billa1301_biki,1
k_pannala,ReallySwara,1
k_saurav7,AmitShahOffice,1
k_saurav7,BJP4India,1
kalpanadivith,AmitShah,1
kalpanadivith,BJP4India,1
kalpanadivith,Dr_Uditraj,1
kalpanadivith,JPNadda,1
kalpanadivith,ShyamSJaju,1
kalpanadivith,narendramodi,1
kalpanadivith,nsitharaman,1
kaly18251872,Curious_Indian_,1
kamaljeet0255,RajatSharmaLive,1
kamaljoshi1011,SirJadeja,1
kamathanil60,PMOIndia,1
kamathanil60,RSSorg,1
kamathanil60,narendramodi,1
kannadigajagan,rohitgowda1212,1
kapoor98352376,tina661014,1
karnan_27,Prathapsrii,1
karnan_27,sansbarrier,1
karthickr,AAPIData,1
karthickr,JillCowan,1
karthickr,MaggieAstor,1
karthickr,sarasadhwani,1
karthikarya28,RahulGandhi,1
karthikarya28,narendramodi,1
karthiktvm1990,rvaidya2000,1
karthiktvm1990,vivekagnihotri,1
kashivar,BDUTT,1
kashivar,RahulGandhi,1
kashivar,aajtak,1
kashivar,abpnewstv,1
kashivar,narendramodi,2
kashivar,ndtvindia,1
kashivar,republic,1
kashivar,sardesairajdeep,1
kathiyavaadi,rishibagree,1
kauschiku,GDnarbhakshi,1
kauschiku,Marvellous_MrsG,1
kauschiku,Politics_2022_,1
kauschiku,SirKazamJeevi,1
kauschiku,iamharmeetK,1
kauschiku,rose_k01,1
kaushal4102,MediaCellSP,1
kaushal4102,ProfShekharRJD,2
kaushal4102,RJDforIndia,1
kaushalvaghadia,BJP4India,1
kaushalvaghadia,narendramodi,1
kaushikTripath4,ArvindKejriwal,1
kavitha129,Amit_an_Indian,1
kcvenugopalmp,AUThackeray,1
kcvenugopalmp,OfficeofUT,1
kcvenugopalmp,PawarSpeaks,1
keirontt0301,narendramodi,1
kelekachilka,AbhilashM_BLR,1
kelekachilka,AnjanPDubey,1
kelekachilka,BBMPCOMM,1
kelekachilka,BBMP_MAYOR,1
kelekachilka,BJP4India,1
kelekachilka,BJP4Karnataka,1
kelekachilka,CMofKarnataka,1
kelekachilka,C_P_Gurnani,1
kelekachilka,CentralIfs,1
kelekachilka,DrParameshwara,1
kelekachilka,ECityRising,1
kelekachilka,IFS_Karnataka,1
kelekachilka,IFS_Officers,1
kelekachilka,INCIndia,1
kelekachilka,INCKarnataka,1
kelekachilka,Lnk2goldy,1
kelekachilka,NagNaidu08,1
kelekachilka,OommenSachin,1
kelekachilka,PMOIndia,1
kelekachilka,ParveenKaswan,1
kelekachilka,PranayDubey22,1
kelekachilka,RNTata2000,1
kelekachilka,Randeep_Dev,1
kelekachilka,TCS,1
kelekachilka,Vasanth_IFS,1
kelekachilka,anandmahindra,1
kelekachilka,csogok,1
kelekachilka,dipika_bajpai,1
kelekachilka,hd_kumaraswamy,1
kelekachilka,iamdipsi,1
kelekachilka,ifs_yedukondalu,1
kelekachilka,mani1972ias,1
kelekachilka,narendramodi,1
kelekachilka,prernabc,1
kelekachilka,raj_shekhar86,1
kelekachilka,tech_mahindra,1
kelekachilka,techmahindracsr,1
keshavk789,Rahulrautwrites,1
keshavuvacha,pinarayivijayan,1
kesiganS,BBCWorld,1
khanruhi,DanishKhan80,1
khanruhi,RahulGandhi,1
khanruhi,ijaeurope,1
kinisuresh1,INCIndia,1
kiran_m_kumar,BJP4Assam,1
kiran_m_kumar,narendramodi,1
kiran_m_kumar,nsitharaman,1
kiran_m_kumar,priyankagandhi,1
kiran_m_kumar,smritiirani,1
kirankumarwifi,BDUTT,1
kirankumarwifi,myogiadityanath,1
kirankumarwifi,narendramodi,1
kirankumarwifi,republic,1
kirankumarwifi,sardesairajdeep,1
kiranokiran,narendramodi,1
kirantishapand1,SirPareshRawal,1
kirantishapand1,narendramodi,1
kirolaLalit,nsitharaman,1
kishorekbin,OberoiShelly,1
kishorekbin,Saurabh_MLAgk,1
kk503763,RahulGandhi,1
kk503763,narendramodi,1
kk503763,nsitharaman,1
kkgarg2007,AsianetNewsEN,1
kks131049,lal_amrendra,1
klnirav,republic,1
knowslaw,Digital_Fax,1
knowslaw,thedankoe,1
kopparapuv,narendramodi,1
krash0077,CambridgeJBS,1
krash0077,INCIndia,1
krash0077,RahulGandhi,1
krish_IN,BDUTT,1
krish_IN,INCIndia,1
krish_IN,RahulGandhi,1
krish_IN,narendramodi,1
krish_IN,sardesairajdeep,1
krishanuadak4,KanthalaRaghu,1
krishanuadak4,TheHarrisSultan,1
krishanuadak4,firstpost,1
krr22023,MeghUpdates,1
krr22023,WokePandemic,1
ksatishkumar555,RaoKavitha,1
kshav73,iplthebest,1
kthillai,puram_politics,1
kuhu_kumar,INCIndia,1
kuhu_kumar,Iyervval,1
kuhu_kumar,RahulGandhi,1
kuhu_kumar,SupriyaShrinate,1
kumar13072012,jaideepsk,1
kumar69781989,iJasOberoi,1
kumar69781989,niiravmodi,1
kumardurgesh262,narendramodi,8
kumargovindan,thenewsminute,1
kumarj9,BJP4India,1
kumarj9,CambridgeJBS,1
kumarj9,CambridgeMBA,1
kumarj9,Cambridge_Uni,2
kumarj9,INCIndia,3
kumarj9,INCOverseas,1
kumarj9,JPNadda,1
kumarj9,Jairam_Ramesh,1
kumarj9,RahulGandhi,3
kumarj9,ShashiTharoor,2
kumarj9,narendramodi,1
kumarj9,sampitroda,1
kumarsbp,kumarprakash4u,1
kunal11_23,INCtheWay,1
kunal11_23,vivekagnihotri,1
kunal_firke,sahouraxo,1
kunalstwits,LosarHeRe,1
kunalstwits,ashoswai,1
kurumbathodi,CambridgeJBS,1
kurumbathodi,CambridgeMBA,1
kurumbathodi,RahulGandhi,1
kuttan337,AamAadmiParty,1
kuttan337,msisodia,1
lakecountydem,MichaelSchuman,1
lakecountydem,TheAtlantic,1
lakecountydem,john_sipher,1
lal_muk2,ndtv,1
lal_shiban,kapil_kausik,1
lal_shiban,umedmehta45,1
lalita_mama,Dr_Uditraj,1
lalita_mama,INCIndia,1
lalita_mama,RahulGandhi,1
lalita_mama,kharge,1
lalitjain1958,ArvindKejriwal,1
lalitjain1958,SatyendarJain,1
lalitjain1958,msisodia,1
latheef_sherin,RahulGandhi,1
laxit_parsana,Komal_Indian,1
learnedmanish,narendramodi,1
legallykunal_,BarackObama,1
legallykunal_,akshaykumar,1
legallykunal_,narendramodi,1
log1calOne,RahulGandhi,1
lokeshschauhan,AAPBangalore,1
lokeshschauhan,AAPKarnataka,1
lokeshschauhan,AamAadmiParty,1
lokeshschauhan,aapkaprithvi,1
loudspeaker_off,kakar_harsha,1
loudspeaker_off,t_d_h_nair,1
loveboat21,Abhiemanyu,1
loveboat21,LtGovDelhi,1
loveboat21,RahulGandhi,1
loveboat21,indian00777,1
loveboat21,kjsehrawat,1
loveboat21,mahabalmishra,1
loveboat21,narendramodi,1
loveboat21,p_sahibsingh,1
lovkeshbajaj,SupriyaShrinate,1
lramachandran,CMOTamilNadu,1
lramachandran,dmkyouthwing,1
lramachandran,mkstalin,1
lramachandran,udhay_stalin,1
luthra_rishi,HardeepSPuri,1
luthra_rishi,RahulGandhi,1
m_patel01,Cambridge_Uni,1
maaynaque,Ritiks,1
madhusudan41,AamAadmiParty,2
madhusudan41,ArvindKejriwal,2
madhusudan41,BJP4India,2
madhusudan41,INCIndia,2
madhusudan41,RahulGandhi,2
madhusudan41,ShatruganSinha,2
madhusudan41,narendrapjoshi,2
mahakal_ki_bari,SunilYadavRao,1
mahakal_ki_bari,TV9Bharatvarsh,1
mahendra3,narendramodi,1
maheshb64361826,BRSparty,1
maheshb64361826,KTRBRS,1
maheshb64361826,shivacharan02,1
maheshknraju,dhume,1
maheshknraju,narendramodi,1
mahifanboy,INCIndia,1
mahifanboy,PunjabPoliceInd,1
mahifanboy,RahulGandhi,1
mahifanboy,capt_amarinder,1
mailboxdollars,NikkiHaley,1
mailkashyap2002,theprayagtiwari,1
malavshukla,BJP4India,1
malavshukla,narendramodi,1
malujagdish,AmitShah,1
malujagdish,narendramodi,1
mananbhattnavy,Inderjit180179,1
mananbhattnavy,major_pawan,1
mananbhattnavy,mjavinod,1
mananbhattnavy,simply_mixed_up,1
manavsharma,shubhankrmishra,1
mandarmokery,gganeshhh,1
mani24sjcpl,AmitShah,4
mani24sjcpl,BDUTT,2
mani24sjcpl,BJP4India,3
mani24sjcpl,BJP4TamilNadu,1
mani24sjcpl,CNNnews18,1
mani24sjcpl,DrTamilisaiBJP,1
mani24sjcpl,GVLNRAO,1
mani24sjcpl,HAL_India,2
mani24sjcpl,HRajaBJP,1
mani24sjcpl,IJaising,1
mani24sjcpl,IndiaToday,1
mani24sjcpl,JaiveerShergill,1
mani24sjcpl,KPadmaRani1,2
mani24sjcpl,KTRaghavanBJP,1
mani24sjcpl,KartiPC,1
mani24sjcpl,MVenkaiahNaidu,2
mani24sjcpl,MehboobaMufti,1
mani24sjcpl,MirrorNow,1
mani24sjcpl,NITINKML,2
mani24sjcpl,NammaBengaluroo,1
mani24sjcpl,NandanNilekani,1
mani24sjcpl,Narayanan3,1
mani24sjcpl,Nidhi,3
mani24sjcpl,OfficeOfOPS,1
mani24sjcpl,PChidambaram_IN,1
mani24sjcpl,PIB_India,1
mani24sjcpl,PMOIndia,3
mani24sjcpl,PonnaarrBJP,1
mani24sjcpl,Puneetvizh,1
mani24sjcpl,RKRadhakrishn,2
mani24sjcpl,RSSorg,3
mani24sjcpl,ShobhaBJP,1
mani24sjcpl,SushmaSwaraj,1
mani24sjcpl,Swamy39,1
mani24sjcpl,TimesNow,1
mani24sjcpl,VPSecretariat,2
mani24sjcpl,Zakka_Jacob,1
mani24sjcpl,_Ashwatthama_,1
mani24sjcpl,amitmalviya,2
mani24sjcpl,aroonpurie,1
mani24sjcpl,arunjaitley,2
mani24sjcpl,bhupendrachaube,1
mani24sjcpl,chitraSD,1
mani24sjcpl,fayedsouza,2
mani24sjcpl,geetv79,2
mani24sjcpl,kiranshaw,2
mani24sjcpl,kishalay,1
mani24sjcpl,kris_sg,1
mani24sjcpl,narendramodi,4
mani24sjcpl,navikakumar,1
mani24sjcpl,nitin_gadkari,1
mani24sjcpl,nmenezesET,1
mani24sjcpl,nolanentreeo,1
mani24sjcpl,pbhushan1,2
mani24sjcpl,prakashraaj,1
mani24sjcpl,prameshjain12,4
mani24sjcpl,rachitseth,1
mani24sjcpl,rahulkanwal,1
mani24sjcpl,rajnathsingh,1
mani24sjcpl,rashtrapatibhvn,2
mani24sjcpl,republic,1
mani24sjcpl,rkhuria,3
mani24sjcpl,sambitswaraj,2
mani24sjcpl,sanjayuvacha,2
mani24sjcpl,sgurumurthy,1
mani24sjcpl,suhasinih,1
mani24sjcpl,sumanthraman,2
mani24sjcpl,t_d_h_nair,1
mani24sjcpl,vasudha_ET,1
mani_tvmi,narendramodi,1
manis_kumar,narendramodi,2
manishbpl1,AmitShah,1
manishbpl1,RahulGandhi,1
manishbpl1,ahmedpatel,1
manishbpl1,derekobrienmp,1
manishbpl1,narendramodi,1
manishbpl1,pachouri_office,1
manishbpl1,priyankagandhi,1
manishbpl1,sherryontopp,1
manishlandmark,AmitShah,1
manishlandmark,BJP4India,1
manishlandmark,narendramodi,1
manishpal_inc,AAPDelhi,1
manishpal_inc,ArvindKejriwal,1
manjith_r,INCIndia,1
manjith_r,INCKarnataka,1
manjith_r,RahulGandhi,1
mankuli,ragiing_bull,1
manojsunny143,AmitShah,1
manojsunny143,Anilsharma_dir,1
manojsunny143,BJP4India,1
manojsunny143,iamsunnydeol,1
manojsunny143,narendramodi,1
mansukhpatel181,TVMohandasPai,1
mansukhpatel181,sardesairajdeep,1
maqbool_sm,RahulGandhi,1
mark155066666,LifeMathMoney,1
mathsirmadan127,SeharShinwari,1
maxmach4,Ram_Guha,1
maxmach4,dhanyarajendran,1
maxwasmayur,RahulGandhi,1
maxwasmayur,narendramodi,1
mayamadhava,AmitShah,1
mayamadhava,narendramodi,1
mayamadhava,sofi_yousuf,1
mayureshkathe,BJP4India,1
mayureshkathe,INCIndia,1
mayureshkathe,Renaissance1500,1
mayureshkathe,StopImposition,1
mayureshkathe,annamalai_k,1
mayureshkathe,richasharma2020,1
mayureshkathe,stop_hindi_MH,1
mba_work,po_vanishing,1
mba_work,politics_pussy,1
mba_work,stillgray,1
mdimranali315,AITCofficial,1
mdimranali315,ItsYourDev,1
mdimranali315,KhelaHobe2024,1
mdimranali315,abhishekaitc,1
mdimranali315,aitcsudip,1
mdimranali315,aitcsupriya,1
mdimranali315,mistarulsk123,1
meashutoshanshu,RailMinIndia,1
meeraremi11,INCIndia,1
meeraremi11,JhaSanjay,2
meeraremi11,RahulGandhi,1
meetumashankar,DrTamilisaiBJP,1
meetumashankar,RahulGandhi,1
meetumashankar,arunjaitley,1
meetumashankar,asaravanan21,1
meetumashankar,ctp,1
meetumashankar,narendramodi,3
meghp26_megh,narendramodi,1
mehtajagrut,PMOIndia,1
mehtajagrut,narendramodi,1
mellowbrat_,arindampaul1224,1
meranaamajay,BJP4India,1
meranaamajay,narendramodi,1
meranaamajay,prakashraaj,1
mgmontini1,BW,1
mgmontini1,PBS,1
mgmontini1,SohanDesai23,1
mgmontini1,TheEconomist,1
mgmontini1,dwnews,1
middleClasPersn,CambridgeJBS,1
middleClasPersn,CambridgeMBA,1
middleClasPersn,INCIndia,1
middleClasPersn,INCOverseas,1
middleClasPersn,Jairam_Ramesh,1
middleClasPersn,RahulGandhi,1
middleClasPersn,sampitroda,1
miglani_karan,AbhishBanerj,1
milindmanojmodi,AmitShah,1
milindmanojmodi,PMOIndia,1
milindmanojmodi,Rao_InderjitS,1
milindmanojmodi,narendramodi,1
minnesota_oofda,DailyLoud,1
mintyghost,maryashakil,1
mintyghost,smitaprakash,1
missartola,myogiadityanath,1
missartola,narendramodi,1
misskhan,ArvindKejriwal,1
misskhan,MamataOfficial,1
misskhan,Mayawati,1
misskhan,RahulGandhi,1
misskhan,ncbn,1
misskhan,yadavakhilesh,1
mistarulsk123,AITCofficial,1
mistarulsk123,abhishekaitc,1
mizanrsharif,IndiaExplained,1
mizanrsharif,JacobMaxReal,1
mizanrsharif,MahiaMoitra,1
mizanrsharif,MahuaMoitra,1
mlsrinivas,sardesairajdeep,1
mm_0774,CNNnews18,1
mm_0774,KrishneyG,1
mm_0774,MehboobaMufti,1
mm_0774,OmarAbdullah,1
mm_0774,RemovArticle370,1
mm_0774,islahmufti,1
mm_0774,narendramodi,1
modiforever24,AmitShah,1
modiforever24,narendramodi,1
mohamedaussie,SeemanOfficial,1
mohankayasath02,kavitha129,1
mohitverma_,AmitShah,1
mohitverma_,narendramodi,1
mojit_ohh,narendramodi,1
monty86738041,aartic02,1
moonandthestats,news24tvchannel,1
morpheusmaxx,BJP4India,1
morpheusmaxx,PMOIndia,1
morpheusmaxx,narendramodi,1
morpheusmaxx,narendramodi_in,1
morpheusmaxx,sampitroda,1
mrcnaija,10DowningStreet,1
mrcnaija,Keir_Starmer,1
mrdotshubham7,BJP4India,1
mrdotshubham7,narendramodi,1
mrmishra2001,narendramodi,1
mrmishra2001,nramind,1
mrmishra2001,sagarikaghose,1
msatyendraece,AAP,1
msatyendraece,ArvindKejriwal,1
msatyendraece,cbic_india,1
msewelldesign,IvisonJ,1
msewelldesign,sunlorrie,1
mudunuri_sharat,YouTube,1
muhammadanowar,ECISVEEP,1
mukulJawla1,CherieDamour_,1
mukuvarma,AshishMerkhed,1
mukuvarma,Dev_Fadnavis,1
mukuvarma,amitmalviya,1
mukuvarma,narendramodi,1
murali_Bombay,AamAadmiParty,1
murali_Bombay,nytimes,1
muthukumarr,Harvard,1
muthukumarr,IndianCongress,1
muthukumarr,narendramodi,1
myfairobserver,VikramZutshi,1
myfairobserver,tripurdaman,1
mykathua,narendramodi,1
mylordkailash,mariawirth1,1
mymeenakshi,BJP4India,1
mymeenakshi,narendramodi,1
mysrgan,CestMoiz,1
nAZbSXveVUbOGjB,AITCofficial,4
nAZbSXveVUbOGjB,Chandrimaaitc,1
nAZbSXveVUbOGjB,DrRijuDutta_TMC,1
nAZbSXveVUbOGjB,DrShashiPanja,1
nAZbSXveVUbOGjB,GhatakMoloy,1
nAZbSXveVUbOGjB,ItsYourDev,1
nAZbSXveVUbOGjB,KhelaHobe2024,1
nAZbSXveVUbOGjB,KunalGhoshAgain,1
nAZbSXveVUbOGjB,MaliahJune,1
nAZbSXveVUbOGjB,MamataOfficial,1
nAZbSXveVUbOGjB,abhishekaitc,4
nAZbSXveVUbOGjB,aitcsudip,1
nAZbSXveVUbOGjB,aitcsupriya,1
nAZbSXveVUbOGjB,derekobrienmp,1
nAZbSXveVUbOGjB,mistarulsk123,1
nAZbSXveVUbOGjB,sayantika12,1
nAZbSXveVUbOGjB,sujitboseaitc,1
nafeesa27,RahulGandhi,1
nafeesa27,narendramodi,1
nagpal_panwar,raghav_chadha,1
najmi_mysore,ImranKhanPTI,1
najmi_mysore,hd_kumaraswamy,1
najmi_mysore,narendramodi,1
nallahubc,GearoidReidy,1
namangarg199,ABPNews,1
namangarg199,PMOIndia,1
namangarg199,ZeeNews,1
namangarg199,sambitswaraj,1
nanujogi,dna,1
naramphani,PiyushGoyal,1
naramphani,RahulGandhi,1
narendr28063368,ArvindKejriwal,1
narendr28063368,TowardsLiberti,1
narenwaghe,PMOIndia,1
narenwaghe,narendramodi,1
narenwaghe,vivekagnihotri,1
nareshtanwar_,i_shivii,1
nareshtanwar_,narendramodi,1
narne_kumar06,Anamakaha,1
narne_kumar06,Balancing_Actor,1
narne_kumar06,Haricane_2004,1
narne_kumar06,LalaTukaram,1
narne_kumar06,facts_vedic,1
nathan_sp21,SuVe4Madurai,1
nathan_sp21,mkstalin,1
nathbanerjee,KTRBRS,1
naval_rawat21,CambridgeJBS,1
naval_rawat21,INCIndia,1
naval_rawat21,RahulGandhi,1
naveen_gupta14,narendramodi,1
navneetf,himantabiswa,1
neerajavi,ANI,1
neerajavi,ArvindKejriwal,2
neerevshah,RahulGandhi,1
news24tvchannel,KirronKherBJP,1
niezbyt_babo,BerbBerbson,1
niezbyt_babo,MarieR1104,1
niezbyt_babo,Politics_co_uk,1
niezbyt_babo,devnull2u,1
nilay_pandya,DrGPradhan,1
nilay_pandya,PMOIndia,1
nilay_pandya,narendramodi,1
nileshmaheshtha,PChidambaram_IN,1
nileshmaheshtha,Richasharma0971,1
nirajdeokar,narendramodi,1
nirmalyam2k4,AamAadmiParty,1
nirmalyam2k4,eOrganiser,1
nisarg__13,narendramodi,1
nishantandrews,Shehzad_Ind,1
nishantandrews,narendramodi,1
nitified_,narendramodi,1
nitindushi,IndiaToday,1
nitindushi,MamataOfficial,1
nitty424,ewarren,1
njkenny,Saffron_Sn,1
njkenny,Shivashukla1977,1
nobdy_imp,BDSixsmith,1
nomadic_singh,clary_co,1
noufalvpmahe,Badshaass,1
noufalvpmahe,BhavikaKapoor5,1
nowayreparation,VivekGRamaswamy,1
nrrajendrarao,Enraged_Indian,1
nrrajendrarao,nnojha,1
nsoni1802,narendramodi,1
nsshree,INCIndia,1
nyvaanofficial,AamAadmiParty,1
nyvaanofficial,ArvindKejriwal,1
ohiostateneo,Boeing,1
ohiostateneo,SecDef,1
ohiostateneo,VinodDX9,1
omarali50,Kumasarkk,1
omi569,AdityaRajKaul,1
omi569,MichaelKugelman,1
onkarbhutada,KirtiAzadMP,1
onkarbhutada,RahulGandhi,1
onkarbhutada,narendramodi,1
oomaaraa,kthillai,1
oomaaraa,puram_politics,1
oorkaaran3,Biharyouth1,1
oorkaaran3,NitishKumar,1
othergo,bhushannag,1
outburstindia,RahulGandhi,1
outburstindia,bhupendrachaube,1
outburstindia,narendramodi,1
paganhindu,pete5308,1
paliwal_sudhans,narendramodi,1
parienda,BJP4India,2
parienda,PMOIndia,1
parienda,narendramodi,2
parienda,smritiirani,1
patel7296,RahulGandhi,1
patel7296,RubikaLiyaquat,1
patel7296,narendramodi,1
patelrmsh,SanjayAzadSln,1
pathikmody,ArvindKejriwal,1
pavitra_gp,BSBommai,1
pavitra_gp,EduMinOfIndia,1
pavitra_gp,dpradhanbjp,1
pavitra_gp,narendramodi,1
pawanpurohit19,Sweet_HoneygaI,1
pawanritugurung,INCIndia,1
pbrao1968,IYRKRao,1
pcj2010,AamAadmiParty,1
pcj2010,SanjayAzadSln,1
pcjodukallu,INCIndia,1
pcjodukallu,narendramodi,1
pdbsba,VoteTrueAndFair,1
pdbsba,thatginamiller,1
peacemsnger,NcPaudel,1
physiajeet,ResearchGate,1
pimentojoseph,INCIndia,1
pimentojoseph,RahulGandhi,1
pimentojoseph,divyaspandana,1
pimentojoseph,narendramodi,1
pimentojoseph,smrithiirani,1
pimentojoseph,smritiirani,1
pintoo2060,BJP4India,1
pintoo2060,BJPPunjab,1
pintoo2060,PMOIndia,1
pintoo2060,VinodKhanna,1
pintoo2060,kavitavkhanna,1
pintoo2060,narendramodi,1
pjetagg,Jairam_Ramesh,1
pjetagg,ashoswai,1
pkm1999,INCIndia,1
pkm1999,Naveen_Kr_Shahi,1
pkm1999,RahulGandhi,2
pkm1999,ReshmiDG,1
pkm1999,SushriMayawati,1
pkm1999,bainjal,1
pkm1999,bcchristopher,1
pkm1999,gulf_news,1
pkm1999,hvgoenka,1
pkm1999,megirish2001,1
pktomar,TIME,1
pktomar,iKabirBedi,1
pktomar,narendramodi,1
policymirror,narendramodi,1
polinimal,madversity,1
politicsaawaz,Prakashplutus,1
politicsaawaz,anjanaomkashyap,1
politicsaawaz,narendramodi,1
politicsaawaz,sardanarohit,1
politicsaawaz,sardesairajdeep,1
pomonacollege,nytimes,1
pomonacollege,sarasadhwani,1
ponguru,ArvindKejriwal,1
ponguru,BJP4India,1
ponguru,GautamGambhir,1
ponguru,Peenaz_NN,1
ponguru,PoliceWaliPblic,1
ponguru,RahulGandhi,1
ponguru,isaurabhshukla,1
ponguru,narendramodi,1
ponguru,tufailelif,1
pooravshah75,CambridgeJBS,1
pooravshah75,CambridgeMBA,1
pooravshah75,INCIndia,1
pooravshah75,INCOverseas,1
pooravshah75,Jairam_Ramesh,1
pooravshah75,RahulGandhi,1
pooravshah75,sampitroda,1
possible1818,ProfDoBad,1
possible1818,rashtrapatibhvn,1
pr_investment1,gganeshhh,1
pra95824952,AAPMumbai,1
pra95824952,AamAadmiParty,1
pra95824952,PreetiSMenon,1
pradeepkunche,AmitShah,1
pradeepkunche,BJP4India,1
pradeepkunche,IndiaToday,1
pradeepkunche,KailashOnline,1
pradeepkunche,Mayawati,1
pradeepkunche,RahulGandhi,1
pradeepkunche,manogyaloiwal,1
pradeepkunche,narendramodi,1
pradeepkunche,priyankagandhi,1
pradeepkunche,yadavakhilesh,1
pradeepu1710,iona_sheryl,1
prads097,RahulGandhi,1
prajwalant,Deyjitan,1
prajwalant,ethicalsid,1
prajwalant,msisodia,1
pranaysoni888,RahulGandhi,1
pranaysoni888,narendramodi,1
prash_kd,SarahLGates1,1
prashanth86,HasibaAmin,1
prashanth86,divyaspandana,1
prashanth86,kashyapnandan_,1
prateekpanda441,BhupinderShooda,1
prateekpanda441,DeependerSHooda,1
prateekpanda441,INCIndia,1
prateekpanda441,MamrajSwami11,1
prateekpanda441,OneHaryanaOffcl,1
prateekpanda441,RahulBiroharInC,1
prateekpanda441,RahulGandhi,1
prateekpanda441,SachinSChahal,1
prateekpanda441,SunilDBasra,1
prateekpanda441,TeamDeepender,1
prateekpanda441,TotalTVco,1
prateekpanda441,anilambani,1
prateekpanda441,anilmaanINC,1
prateekpanda441,inc_ramkesh,1
prateekpanda441,narendramodi,1
prateekpanda441,sahilkhatri82,1
prathap402246,RaymondSeow1983,2
prathib2002,AamAadmiParty,1
prathib2002,ArvindKejriwal,1
prathib2002,aapkaprithvi,1
prathib2002,prajavani,1
pratigyak9,BJP4India,1
pratigyak9,INCIndia,1
pratigyak9,RahulGandhi,1
pratigyak9,narendramodi,1
pratu167,RahulGandhi,1
pravasi_indians,DrSJaishankar,1
pravasi_indians,PMOIndia,1
pravasi_indians,RishiSunak,1
pravasi_indians,YukteshwarKumar,1
pravasi_indians,ajitarticle,1
pravasi_indians,iamrajeshkrajan,1
praveerpatel,GdBakshiJe,1
praveerpatel,RahulGandhi,1
praveerpatel,SirPareshRawal,1
praveerpatel,myogiadityanath,1
praveerpatel,narendramodi,1
pravingandhino1,INCIndia,1
pravingandhino1,MamataOfficial,1
pravingandhino1,PChidambaram_IN,1
primepost_,ShazadNaik1,1
priya2876,BJP4India,1
priya2876,DMKITwing,1
priya2876,PChidambaram_IN,1
priya2876,arivalayam,1
priya2876,narendramodi,1
priyul,himantabiswa,1
priyul,narendramodi,1
prophet_yashd,ashoswai,1
pts101967,TimesNow,1
publicissues121,TheLallantop,1
puffin_pipe,dekhane_mukul,1
puneetgarg89,AdnanAliKhan555,1
puneetgarg89,Dravidamaghan,1
puneetgarg89,Sattu94967722,1
puneetgarg89,samarkohli,1
punjabchhavi,AmitShah,1
purrg4t0ry,COPlASRATS,2
pushpankarthaku,BJP4India,1
pushpankarthaku,narendramodi,1
pyaraladkatha,ArvindKejriwal,1
pyaraladkatha,ThePollLady,1
r4ravisharma,narendramodi,1
r_ashokchandran,CMOTamilNadu,1
r_ashokchandran,IAF_MCC,1
r_ashokchandran,adgpi,1
r_ashokchandran,arivalayam,1
r_ashokchandran,dmkoffl,1
r_ashokchandran,mkstalin,1
r_ashokchandran,mygovindia,1
raaj_eternity,AmitShah,1
raaj_eternity,BJP4Karnataka,1
raaj_eternity,Swamy39,1
raaj_eternity,bjparvind,1
raaj_eternity,narendramodi,1
rabazaar1,Faisal_hashmii,1
radicalieweR,niks_1985,1
rae_shailendra,AudreyTruschke,1
raga1921,ArvindKejriwal,1
raga1921,OfficeofUT,1
raga1921,rautsanjay61,1
ragdarbaari,Mayawati,1
ragdarbaari,narendramodi,1
raghavc1,business_today,1
ragways,vikramchandra,1
rahul_k24,TOIDelhi,1
rahul_k24,narendramodi,1
rahulrpatel27,AnksReview,1
rahulrpatel27,INCIndia,1
rahulrpatel27,narendramodi,1
rahulrpatel27,sansub11,1
raiparas,narendramodi,1
raisb351,TajinderBagga,1
raj_knp,BJP4India,1
raj_knp,BJPLive,1
raj_knp,DebashishHiTs,1
raj_knp,htTweets,1
raj_knp,narendramodi,1
rajat9rocker,RahulGandhi,1
rajat9rocker,ReallySwara,1
rajeebg,narendramodi_in,1
rajesrivastava,ArvindKejriwal,1
rajivhtc,AamAadmiParty,1
rajivhtc,ArvindKejriwal,1
rajivhtc,INCIndia,1
rajivhtc,Pankaj___Sharma,1
rajivhtc,kumar4018,1
rajjuorth,MeghUpdates,1
rakesh_dhody,INCIndia,1
rakesh_dhody,INCKarnataka,1
rakesh_dhody,Jairam_Ramesh,1
rakesh_dhody,MahilaCongress,1
rakesh_dhody,Manasi_6,1
rakesh_dhody,NHarleeeeeee,1
rakesh_dhody,Pawankhera,1
rakesh_dhody,RahulGandhi,1
rakesh_dhody,Ram_Ram_jiki,1
rakesh_dhody,dnetta,1
rakesh_dhody,kcvenugopalmp,1
rakesh_dhody,kharge,1
rakesh_dhody,priyankagandhi,1
rakesh_dhody,siddaramaiah,1
rakeshfilm,anandverite,1
rakeshpatra_omp,narendramodi,1
rakeshrussell52,anubhavdps,1
ram_iyer,jsaideepak,1
raman_allahabad,PTI_News,1
ramanchennai1,FltLtAnoopVerma,1
ramanchennai1,INCIndia,1
ramanchennai1,RahulGandhi,1
ramanchennai1,kakar_harsha,1
ramanchennai1,t_d_h_nair,1
ramancsifst,CPR_India,1
ramancsifst,NeelanjanSircar,1
ramancsifst,Vikastripathi59,1
ramancsifst,jamir_amongla,1
ramancsifst,meipat,1
ramancsifst,rahul_tverma,1
ramanswall,priyankaghatak,1
ramapriya1989,narendramodi,1
rameshraja811,BJP4India,1
rameshraja811,Shehzad_Ind,1
rameshraja811,laluprasadrjd,1
ramprasad_c,DrSJaishankar,1
ramumsmani1,letscinema,1
ranajeetdashh,AbdulWahidINC,1
ranajeetdashh,DPCCMinority,1
ranajeetdashh,INCDelhi,1
ranajeetdashh,INCMinority,1
ranajeetdashh,IamJavedAshraf,1
ranajeetdashh,LambaAlka,1
ranajeetdashh,alimehdi_inc,1
ranajeetdashh,iamakhlaqkhan,1
ranban282,CambridgeJBS,1
ranban282,CambridgeMBA,1
ranban282,RahulGandhi,1
rangats,AmitShah,1
rangats,HRajaBJP,1
rangats,PiyushGoyal,1
rangats,SVESHEKHER,1
rangats,narendramodi,1
ranjank63,RahulGandhi,1
ranjona,RoopaliSriv,1
rashivtripathi,FinestYew,1
rational_Ind_07,talk2anuradha,1
rautmadanmohan,Tarangini_das47,1
ravihkg99,raghav_chadha,1
ravikushalappa1,PadmajaJoshi,1
ravikushalappa1,TimesNow,1
ravikushalappa1,deepduttajourno,1
ravinderburari,kharge,1
ravindrarao16,TVMohandasPai,1
ravipolara,BJP4Bengal,1
ravipolara,narendramodi,1
ravishahs,BJP4Karnataka,1
ravishahs,INCKarnataka,1
ravishahs,bvpraveen84,1
ravitej03827542,PawanKalyan,1
ravitej03827542,kvslnarasimha,1
rbhar2009,yadavakhilesh,1
reachind_USACAN,RDXThinksThat,1
reachind_USACAN,reachind_uk,1
realPun_dit,AmitShah,1
realPun_dit,narendramodi,1
realPun_dit,sardesairajdeep,1
realakshay5,ANI,1
realmeramukaka,mellowdraama,1
rebeltwita,TheBluePen25,1
renugihar1,AnupamPKher,1
rguptas1972,narendramodi,1
rhtbapat,PMOIndia,1
rhtbapat,Right_vichar,1
rhtbapat,Shirish36205110,1
rhtbapat,ethicalstep,1
rhtbapat,maroti33,1
rhtmvd,INCIndia,1
richierich356,BillGates,1
rideghumorepeat,AtishiAAP,1
rideghumorepeat,msisodia,1
ridingtrendwali,NikkiHaley,1
rinkuraiya,annamalai_k,1
rishabhgusain61,narendramodi,1
rk_banyal,asipoec,1
rk_banyal,quantumpranav,1
rkpg_1,prakashraaj,1
rksadhi,ImranKhanPTI,1
rksadhi,narendramodi,1
robinrajan2011,TimesNow,1
robinrajan2011,narendramodi,1
rocky_coool,NewsNationTV,1
rocky_coool,dreamgirlhema,1
rocky_coool,indiatvnews,1
rocky_coool,narendramodi,1
rocky_coool,vivekoberoi,1
roohmisra,RahulGandhi,1
roshpotato,KarnesKarnes2,1
rpshri,Humhongekamyab1,1
rpshri,bainjal,1
rpshri,ppbajpai,1
rraghuraam1,narendramodi,1
rravik,abpbihar,1
rravik,cmobiharjdu,1
rravik,yadavtejashwi,1
rssoni,narendramodi,1
rtrnofthekittty,2Russophobic4u,1
rtrnofthekittty,CommunityNotes,1
rtrnofthekittty,balajiworld,1
rtrnofthekittty,elonmusk,1
ruchirsss,BJPGujarat1,1
ruchirsss,Nitinbhai_Patel,1
ruchirsss,bhaumikav,1
ruchirsss,narendramodi,1
ruchirsss,vijayrupanibjp,1
ruhaanrajput18,CMOMaharashtra,1
ruhaanrajput18,HMOIndia,1
ruhaanrajput18,PMOIndia,1
ruhaanrajput18,thewire_in,1
rzk_ali,INCIndia,1
rzk_ali,RahulGandhi,1
rzk_ali,ShashiTharoor,1
rzk_ali,divyaspandana,1
rzk_ali,narendramodi,1
rzk_ali,priyankac19,1
rzk_ali,priyankagandhi,1
rzk_ali,vidyarthee,1
s4sandy123,RahulGandhi,1
s4sandy123,SupriyaShrinate,1
saarakharaba,Marriyum_A,1
saber_rider21,nytimes,1
sachin_astha,BJP4India,1
sachin_astha,narendramodi,1
sachingshukla,AamAadmiParty,1
sachinjhamnani,INCIndia,1
sagarikaghose,AamAadmiParty,1
sagarikaghose,msisodia,1
sagarikaghose,timesofindia,1
sahani_aditi,Swamy39,1
sahelib88421179,PMOIndia,1
sahelib88421179,narendramodi,1
sahilkansal92,RahulGandhi,1
sahilkansal92,narendramodi,1
sahilynwa,AamAadmiParty,1
sahilynwa,msisodia,1
sahilynwa,sagarikaghose,1
sahilynwa,thehawkeyex,1
sahilynwa,timesofindia,1
sahmed26,RahulGandhi,1
sahooashok941,Vandana82758282,1
saikatgov14,akshaykumar,1
sakshyamprahlad,narendramodi,1
salvareddi,Bezawada_Alludu,1
salvareddi,Extremist5858,1
salvareddi,PITCHBOSS,1
salvareddi,sat_gollapudi,1
salvareddi,yesupaadham,1
samarthj_4530,AdrianTordiffe,1
samarthj_4530,Paiganesh905Pai,1
samarthj_4530,SahirDoshi,1
samhaselby,NTampio,1
samkarann,INCIndia,1
samsha111,dhume,1
samsha111,narendramodi,1
samsha111,zainabsikander,1
san_kalra19,narendramodi,1
sanatanDha,ProfBabones,1
sandip_gawde,CMOMaharashtra,1
sandip_gawde,Dev_Fadnavis,1
sandip_gawde,OfficeOfNG,1
sandip_gawde,PMOIndia,1
sandip_gawde,narendramodi,1
sandip_gawde,nitin_gadkari,1
sandipsabharwal,narendramodi,1
sangitluv,atul_xbox,1
sangitluv,narendramodi,1
sangitluv,theskindoctor13,1
sanjaykpandey3,JhaSanjay,1
sanjaykpandey3,RahulGandhi,1
sanjaykpandey3,sampitroda,1
sanjaysaut1001,Jairam_Ramesh,1
sanjaysaut1001,SupriyaShrinate,1
sanjeevhapur,CambrideMBA,1
sanjeevhapur,CambridgeJBS,1
sanjeevhapur,CambridgeMBA,1
sanjeevhapur,RahulGandhi,1
sanjeevhapur,sampitroda,1
sanjitneer,narendramodi,1
sanjukta,PrashantTandy,1
sanjukta,RahulGandhi,1
sanjukta,TheFederal_News,1
sansub12,krithikasivasw,1
santosh_kr77,N75875235,1
santosh_kr77,PMOIndia,1
santosh_kr77,narendramodi,1
santoshkaminwar,INCIndia,1
santoshkaminwar,RahulGandhi,1
santoshkaminwar,SupriyaShrinate,1
sara_05me,Pixiedust941,1
saransaaurabh,narendramodi,1
sarveshkumar20,Sandhyayadav_1,1
sathi249,AnjaliKoundinya,1
sathi249,RenukaJain6,1
sathi249,SirJadeja,1
sathi249,girishalva,1
sathi249,narendramodi,1
sathi249,shakkuiyer,1
satyajit2097,Lord_Bilimoria,1
satyajit2097,TheHouseMag,1
satyajit2097,albert_colaco,1
satyasuyash2007,Aamitabh2,1
satyokindian,RahulGandhi,1
satyokindian,_pallavighosh,1
saumya_shikhar,puram_politics,1
saurabhkverma19,BJP4India,1
saurabhkverma19,INCIndia,1
saurabhkverma19,narendramodi,1
saurabhstcp14,BJP4India,1
saurabhstcp14,MamataOfficial,1
saurabhstcp14,narendramodi,1
saurav_nova,IndiaToday,1
saurav_nova,RahulGandhi,1
saurav_nova,narendramodi,1
sauravjoshi09,AAPDelhi,1
sauravjoshi09,ArvindKejriwal,1
sauravjoshi09,KanoongoPriyank,1
sauravjoshi09,TajinderBagga,1
sauravjoshi09,msisodia,1
sauravsaha41,narendramodi,1
savitha_rao,HMOIndia,1
savitha_rao,rajnathsingh,1
saxmacs,AAPDelhi,1
saxmacs,AamAadmiParty,1
saxmacs,SwatiJaiHind,1
saying_as_it_is,PChidambaram_IN,1
saying_as_it_is,RahulGandhi,1
sbcsunils,Cambridge_Uni,1
sbcsunils,INCIndia,1
sbcsunils,RahulGandhi,1
sbcsunils,ShashiTharoor,1
schhillar,rahulraoinc,1
schizad1,SirDigALot,1
schlagteslinks,DrewSav,1
schlagteslinks,ET_Californian,1
schlagteslinks,lxeagle17,1
sen_zz,rupen_chowdhury,1
sg_ramachandran,narendramodi,1
shafiquebloch,ANI,1
shah_0601,SupriyaShrinate,1
shai1esh,JaipurDialogues,1
shai1esh,nytimes,1
shailocee,PMOIndia,1
shailocee,narendramodi,1
shailocee,republic,1
shaktichiku,ANI,1
shakya__mohanty,letscinema,1
shakya__mohanty,shreyasvj94,1
shamsudhin,Anjan94150697,1
shankarji1729,BJP4India,1
shankarji1729,rajnathsingh,1
shankarvetal,supriya_sule,1
shaqueelsinai,sahiljoshii,1
sharanu_ja,arunmsk,1
shareurviews0,kcvenugopalmp,1
sharmaji8019,ANI,1
sharmaji8019,AmitShah,1
sharmaji8019,BJP4India,1
sharmaji8019,RuchaKanolkar15,1
sharmaji8019,akshaykumar,1
sharmaji8019,kunalkamra88,1
sharmaji8019,narendramodi,1
sharmaji8019,ndtv,1
sharmaji8019,ravishndtv,1
shaunakhub,RajBhads90,1
shehugadah,jrnaib2,2
shehugadah,just_lawson__,1
shehugadah,kanny_wizzy,1
sheikhshabir518,AamAadmiParty,1
shemin_joy,AamAadmiParty,1
shemin_joy,AapKaGopalRai,1
shemin_joy,AmitShah,1
shemin_joy,BJP4India,2
shemin_joy,DeccanHerald,3
shemin_joy,Dr_Uditraj,2
shemin_joy,INCIndia,1
shemin_joy,ManojTiwariMP,1
shemin_joy,RahulGandhi,1
shemin_joy,arunjaitley,1
shemin_joy,narendramodi,1
shemin_joy,nsitharaman,1
sherryom,ECISVEEP,1
sherryom,SpokespersonECI,1
sherryom,Swamy39,1
sherryom,narendramodi,1
shirish_ch,aajtak,1
shirishag75,Enraged_Indian,1
shirishag75,pol1tically,1
shishir_heg,AB_BJP,1
shishir_heg,AkshathaBhatTP,1
shishir_heg,AparnaYv,1
shishir_heg,BharatSpandan,1
shishir_heg,KaveriThiyagara,1
shishir_heg,PARVATHINP,1
shishir_heg,Vidyakailankaje,1
shishir_heg,ajithherenje,1
shishir_heg,girishalva,1
shishir_heg,iamsuneelblr,1
shishir_heg,narendramodi,1
shishir_heg,shivuvgowda,1
shiv_vinay,SuryahSG,1
shiv_vinay,annamalai_k,1
shiva_makki,narendramodi,1
shiva_makki,timesofindia,1
shivakumar_cd,AmitShah,1
shivakumar_cd,Mundo_ashra,1
shivakumar_cd,RanaAyyub,1
shivakumar_cd,narendramodi,1
shivakumar_cd,ofnosurnamefame,1
shivprakash2k1,YouPolitical4,1
shivprakash2k1,narendramodi,1
shkhnaser,narendramodi,1
shraddha_1401,narendramodi,1
shri7473,INCIndia,1
shri7473,RahulGandhi,1
shri7473,htTweets,1
shubhamgirdhar,narendramodi,1
shuklamss,EndWokeness,1
shuklamss,TulsiGabbard,1
sibi999,niiravmodi,1
sidhartha1425,RahulGandhi,1
sidhartha1425,rautsanjay61,1
sierrabravo55,AITCofficial,1
sierrabravo55,Chandrimaaitc,1
sierrabravo55,DrRijuDutta_TMC,1
sierrabravo55,DrShashiPanja,1
sierrabravo55,GhatakMoloy,1
sierrabravo55,KunalGhoshAgain,1
sierrabravo55,MaliahJune,1
sierrabravo55,MamataOfficial,1
sierrabravo55,abhishekaitc,1
sierrabravo55,derekobrienmp,1
sierrabravo55,sayantika12,1
sierrabravo55,sujitboseaitc,1
since20982,narendramodi,1
singh_rajeshkr,DrSanjeevkapoor,1
singhjsvr,WeBankerss,1
singhjsvr,narendramodi,1
singhrakesh23,manoharparrikar,1
singhrakesh23,narendramodi,1
singhrakesh23,nitin_gadkari,1
sivaetb,DeccanHerald,1
sk_shadil77,DelhiPolice,1
sk_shadil77,MumbaiPolice,1
sk_shadil77,The_Muslims_,1
sk_shadil77,bihar_police,1
skkhemkaji,DDNational,1
skkhemkaji,EconomicTimes,1
skkhemkaji,PIB_India,1
skkhemkaji,narendramodi,1
skkhemkaji,timesofindia,1
skr97296,ImtiazMadmood,1
skr97296,majorgauravarya,1
skr97296,swetatripathi14,1
skr97296,zoo_bear,1
skshukla01INC,BJP4India,1
skshukla01INC,INCIndia,1
skshukla01INC,IYC,1
skshukla01INC,ShashiTharoor,1
skshukla01INC,Twitter,1
skshukla01INC,jay_bhadrakali1,1
skumar7777,BJP4India,1
skumar7777,narendramodi,1
skylamp38,ArvindKejriwal,1
smart_mack,BJP4India,1
smart_mack,BajrangDalOrg,1
smart_mack,PMOIndia,1
smartabhi1989,catale7a,1
smilestarsss,BJP4India,1
smilestarsss,narendramodi,1
smita_muk,Ashishsharma_84,1
smita_muk,myogiadityanath,1
smitachoudhari6,DelhiPolice,1
smitachoudhari6,SeemaBi42743012,1
smuraris1,ArvindKejriwal,1
smuraris1,SitaramYechury,1
sneedsaccess,jineeminee,1
sonataarctica19,theJagmeetSingh,1
sonofindia11,JSDL_Official,1
sonofindia11,RRPSOffice,1
sonofindia11,RRPSRaja,1
sonofindia11,Raghuraj_Bhadri,1
sourabhsanyal,RahulGandhi,1
sourabhsanyal,narendramodi,1
sp271290,AamAadmiParty,1
sp271290,aartic02,1
sp271290,msisodia,1
spksalem2,AIADMKOfficial,1
spksalem2,EPSTamilNadu,3
spksalem2,Sakti_Ilangovan,1
spksalem2,emveeaar,1
spksalem2,samueljoel280,1
sportsporting2,SaiChar39668403,1
sportsporting2,VoiceofIndianF1,1
springs_calm,Planet_Central,1
springs_calm,_Reaganite_,1
sreeni453,Swamy39,1
sreeni453,zoo_bear,1
sreenindia,AmitShah,2
sreenindia,MannKiBaat_PMO,1
sreenindia,narendramodi,2
sri50,ikamalhaasan,1
sridhar_narayan,annamalai_k,1
srikanthkg,narendramodi,1
srikantsingh51,BasitKhaku8,1
srikantsingh51,INCIndia,1
srinivasreddykb,200anasaffan,1
srinivasreddykb,Arun2981,1
srinivasreddykb,ArvindKejriwal,1
srinivasreddykb,BJP4India,1
srinivasreddykb,INCIndia,1
srinivasreddykb,narendramodi,1
sriramprasann15,1Atifiqbal,1
sriramprasann15,IAMCouncil,1
srkfan_sai,NASA,1
srkfan_sai,narendramodi,1
srsbang,SubbaRaoTN,1
srsbang,sridhariyer5,1
ss_suryawanshi,INCMaharashtra,1
ss_suryawanshi,NCPspeaks,1
ss_suryawanshi,arungiri,1
ssaikuma,mtaibbi,1
ssitmRahul,PiyushGoyal,1
ssitmRahul,dasraghubar,1
ssitmRahul,narendramodi,1
stalathi,NitishKumar,1
steevefranklin,CMOTamilNadu,1
steevefranklin,draramadoss,1
steevefranklin,drramadoss,1
steevefranklin,narendramodi,1
stevereports,rssurjewala,1
subbraa1,AbhishBanerj,1
subbraa1,adilnomani,1
sudarsh83240450,LiveLawIndia,1
sudesh_banerjee,rupamurthy1,1
sudhanshugore,INCIndia,1
sudhanshugore,Jairam_Ramesh,1
sudhanshugore,Pawankhera,1
sudhanshugore,SupriyaShrinate,1
sudhanshugore,kharge,1
sudharshanRG,MrsGandhi,1
sudhir_bisht,Mayawati,1
suhas_sawant85,BJP4India,1
suhas_sawant85,MumbaiPolice,1
suhas_sawant85,narendramodi,1
sujay_pai,ProfBabones,1
sujay_pai,ShashiTharoor,1
sujit_kp,ProfBabones,1
sujit_kp,ShashiTharoor,1
sukanyaiyer2,SupriyaShrinate,1
sukeshnr,INCIndia,1
sukeshnr,RahulGandhi,1
sukeshnr,kharge,1
sukeshnr,priyankagandhi,1
sumitk_saxena,srinivasiyc,1
sumitsonii,ArvindKejriwal,1
sumonseng,BillGates,2
sumonseng,narendramodi,3
sumonseng,smritiirani,1
sumosh2001,srinivasiyc,1
sumukh_aimbig,BesuraTaansane,1
sunbnr,rohini_sgh,1
sunil_e_patil,AamAadmiParty,1
sunil_e_patil,ArvindKejriwal,1
sunil_e_patil,BesuraTaansane,1
sunil_e_patil,Independent,1
sunil_e_patil,Saffron_Sn,1
sunil_e_patil,SravastiDasgup2,1
sunil_e_patil,nytimes,1
sunil_e_patil,sameeryasir,1
sunilmgls,nytimes,1
sunilpawar17,Nimmabhaskar22,1
sunilsinghknp,narendramodi,1
sunilsinghknp,sambitswaraj,1
sunilsuri4bjp,BJP4HYD,1
sunilsuri4bjp,VikasGodas,1
sunilsuri4bjp,narendramodi,1
sunilsuri4bjp,trsriniwas,1
sunilsuri4bjp,vivekananda_p,1
sunnybawachi,ThePollLady,1
sunnywakker,LtGovDelhi,1
sunnywakker,_SandeepDikshit,1
suntexts,bairagi_lakshay,1
supreetshukla,ArvindKejriwal,1
supreetshukla,BJP4India,1
supreetshukla,PiyushGoyal,1
supreetshukla,SwetaSinghAT,2
supreetshukla,anjanaomkashyap,1
supreetshukla,narendramodi,2
supreetshukla,smritiirani,1
supreetshukla,sudhirchaudhary,1
surajkb007,AamAadmiParty,1
surajkb007,ArvindKejriwal,1
surajkb007,BJP4India,1
surajkb007,rishibagree,1
surajudupa,JhaSanjay,1
surajudupa,kharge,1
suraksh52,Im_msd7,1
suraksh52,narendramodi,1
suresh_mp,sandhyaravishan,1
sureshdani45,HMOIndia,1
sureshdani45,PMOIndia,1
sureshdani45,narendramodi,1
swagatosahaAAP,AamAadmiParty,1
swagatosahaAAP,VikasSareen11,1
swagatosahaAAP,raghav_chadha,1
swetankm,JaganNKaushik,1
swetankm,SulagnaDash6,1
syedssgks,narendramodi,1
sywaseem,CricCrazyJohns,1
sywaseem,Utkarsh96255201,1
tamilnaadulive,narendramodi,1
tantra341,OpIndia_com,1
tantra341,rwac48,1
tanuj_khatri,RahulGandhi,1
tanuj_khatri,narendramodi,1
tanvishasharmaa,PiyushGoyal,1
tanvishasharmaa,narendramodi,1
tapeshyadav_usa,anumayhem,1
taruntwr1,PiyaliB57726203,1
taruntwr1,sardesairajdeep,1
tauqueer_sabri,mkstalin,1
tawnyuwu,Anmol__Shankar,1
techie_knight,dhonicskfan,1
techie_knight,moneyness03,1
techpolitician,mkstalin,1
techpolitician,prabananth,1
terence_fdes,MaliniP,1
terence_fdes,narendramodi,1
tharkesh4bjp,AamAadmiParty,1
tharkesh4bjp,ArvindKejriwal,1
tharkesh4bjp,raghav_chadha,1
the_sole_soul,INCIndia,1
thecryptoreo,Sir_Damilare,1
themohsinwar,PChidambaram_IN,1
themohsinwar,RahulGandhi,1
thepraneetc23,imFmoharkan,1
thepraneetc23,kakar_harsha,1
thepraneetc23,t_d_h_nair,1
theswami,TNGeography,1
theswami,UpdatesChennai,1
theswami,cvkrishnan,1
thetribunechd,RahulGandhi,1
thewayforward42,6icasso,1
thewayforward42,GujaratGiants,1
thewayforward42,Mohitra53773838,1
thinktowards,abpnewstv,1
thinktowards,narendramodi,1
tirumuru_87,KavitaIyer17,1
titu_dipankar,AITC4Meghalaya,1
titu_dipankar,AITCofficial,1
titu_dipankar,abhishekaitc,1
tmmanju_tm,INCIndia,1
tmmanju_tm,chetanjeeral,1
trilok80,TrueIndology,1
tweeple_rakesh,Elizatweetz,1
tweeple_rakesh,RahulGandhi,1
tweetFreely69,ndtv,1
tweet_ashim,BJP4India,1
tweet_ashim,INCIndia,1
tweet_ashim,IndiaToday,1
tweet_ashim,narendramodi,1
tweetfromVivek,ArvindKejriwal,1
tweetsbyhk,ANI,1
twitmenon,ImranKhanPTI,1
twitmenon,MinhazMerchant,1
twitmenon,narendramodi,1
tycoontide,narendramodi,1
uPoliticat,theskindoctor13,1
udayshende,byadavbjp,1
udayshende,narendramodi,1
udayshende,smritiirani,1
ukcglobal,KanwalSibal,1
ultimatehindu,4EverBeingJS,1
ultimatehindu,abdulrahmanmash,1
umakantsingh_IN,MamataOfficial,1
umakantsingh_IN,Naveen_Odisha,1
umakantsingh_IN,mkstalin,1
umakantsingh_IN,ravishndtv,1
umakantsingh_IN,ysjagan,1
umita59,sudhirchaudhary,1
un_arth,MirrorNow,1
un_arth,anto_philip,1
un_arth,fayedsouza,1
un_arth,sanitarypanels,1
un_arth,stupidusmaximus,1
un_arth,thepeeinghuman,1
unitedindia2025,BJP4India,1
unitedindia2025,MamataOfficial,1
unitedindia2025,PawarSpeaks,1
unitedindia2025,RahulGandhi,1
unitedindia2025,narendramodi,1
unitedindia2025,ncbn,1
unitedindia2025,yadavakhilesh,1
urmovieguru,DrGPradhan,1
urmovieguru,Ra_THORe,1
urmovieguru,RenukaJain6,1
urmovieguru,narendramodi,1
urmovieguru,thecaravanindia,1
ursniresh,ErosNow,1
urtruly_veera45,narendramodi,1
usmanikh,manazir_hindi,1
utka16162,NehaLodhi18,1
utka16162,_abhinavz,1
utka16162,sidhant,1
utkarsha17,narendramodi,1
utkarsha17,smritiirani,1
vaagshrimanju,BBCBreaking,1
vaagshrimanju,DrKumarVishwas,1
vaagshrimanju,GdBakshiJe,1
vaagshrimanju,KapilMishra_IND,1
vaagshrimanju,PMOIndia,1
vaagshrimanju,Swamy39,1
vaagshrimanju,ZeeNewsHindi,1
vaagshrimanju,ceoup,1
vaagshrimanju,davidfrawleyved,1
vaagshrimanju,narendramodi,1
vaagshrimanju,narendramodi_in,1
vaagshrimanju,sardanarohit,1
vaibhav4aap,AamAadmiParty,1
vaibhav4aap,AtishiAAP,1
vaibhav4aap,BJP4India,1
vaibhavparik28,livemint,1
vaishalimuzumd1,NikkiHaley,1
vaishalimuzumd1,RahulGandhi,1
vangala,BJP4Telangana,1
vangala,aruna_dk,1
vannnyjj,ARanganathan72,1
vannnyjj,AshwiniUpadhyay,1
vannnyjj,rajgopalnb,1
vanyavaidehi,BloomsburyIndia,1
vanyavaidehi,Rajeev_Bhargava,1
varunkpandey,DrMNPandeyMP,1
varunkpandey,narendramodi,1
varunvs_eng,Jairam_Ramesh,1
vdesai0511,ArvindKejriwal,1
veenabv,SwarajyaMag,1
veenabv,mediacrooks,1
veerbadra,follow_amj,1
veerbahaduradv,narendramodi,1
venkytalkz,nagarjund,1
venuds23,BorisJohnson,1
venuds23,CIA,1
vicky86verma,Jairam_Ramesh,1
vicky86verma,RahulGandhi,1
vijalgope,narendramodi,1
vijalgope,rashtrapatibhvn,1
vikasgoyal_19,PMOIndia,1
vikasgoyal_19,rashtrapatibhvn,1
vikasnisu271,BefittingFacts,1
vikasnisu271,MahuaMoitra,1
vikasnisu271,sdeo76,1
vikaspell,Indian_Analyzer,2
vikaspell,tanguturusubbar,1
vikram140gulati,NewsX,1
villaneleevee,rajnigandhastan,1
vinayraizada,BJP4India,1
vinayraizada,SonalShriv,1
vinayraizada,arunjaitley,1
vinayraizada,narendramodi,1
vineetsurana3,ArvindKejriwal,1
vineetsurana3,msisodia,1
vinitkumar7321,narendramodi,1
viptaware,BJP4India,1
viptaware,narendramodi,1
vipul2777,srivatsayb,1
vishalpalan,AmitShah,1
vishalpalan,bainjal,1
vishalpalan,narendramodi,1
vishalpalan,sardesairajdeep,1
vishalpalan,waglenikhil,1
vishnuguptuvach,RahulGandhi,1
vishnuguptuvach,narendramodi,1
vishu0894,narendramodi,1
vishvabind1,nytimes,1
viswaguru1964,piscean59,1
vithal_hibare,AAPBangalore,1
vithal_hibare,AAPKarnataka,1
vithal_hibare,AamAadmiParty,1
vithal_hibare,aapkaprithvi,1
vivekchauhan_14,narendramodi,1
vivekkumar9,AskAnshul,1
vivekkumar9,ShefVaidya,1
vivekkumar9,muglikar_,1
vivekkumar9,mvmeet,1
vivekkumar9,narendramodi,1
vivekmalhotra88,BJP4India,1
vivekmalhotra88,ShatruganSinha,1
vivekmalhotra88,narendramodi,1
viviiyer,maryashakil,1
viviiyer,narendramodi,1
vkmysoremath,AmitShah,1
vkmysoremath,srinualavilli,1
vkmysoremath,thereal_ravan,1
wadhawan2011,SubbaRaoTN,1
warissiddique10,ZoomTV,1
warissiddique10,akshaykumar,1
warissiddique10,narendramodi,1
wasim61811767,Dayanidhi_Maran,1
wasim61811767,amarprasadreddy,1
wasim61811767,annamalai_k,1
wasim61811767,blsanthosh,1
wasim61811767,mkstalin,1
wasim_shaikh10,akashbanerjee,1
wayfaringwit,blockbustedpod,1
who_can_tell,VivekGRamaswamy,1
who_can_tell,sonyvinnie76,1
wisdom_quo,BJP4India,1
wisdom_quo,PrinceArihan,1
wisdom_quo,narendramodi,1
witch8_the,Politics_SMHAGE,1
witch8_the,SenatorWong,1
witch8_the,jamesmassola,1
write2bobby,SandipGhose,1
wrongun_zooter,alamgirraja94,1
wrongun_zooter,daniel86cricket,1
www_naval_com,PMOIndia,1
www_naval_com,narendramodi,1
yajaamahe,AbhishBanerj,1
yajaamahe,Iyervval,1
yajaamahe,OpIndia_com,1
yajaamahe,desimojito,1
yajaamahe,jai_menon,1
yash_gp,narendramodi,1
yash_gp,nitin_gadkari,1
yashoazad,dp_satish,1
yatharthsingh,narendramodi,1
ycpkukkal,TimesNow,1
yeskayess,INCIndia,1
yeskayess,RahulGandhi,1
yjvyas94,FinestYew,1
yogesh217,narendramodi,1
yogeshK12633607,ArvindKejriwal,1
yogeshmishra__,AmitShah,2
yogeshmishra__,narendramodi,2
yogeshpattadkal,narendramodi,1
yogyKS,ImSkD4,1
yogyKS,indiatvnews,1
yogyKS,journosaurav,1
yoursRamakanth,INCIndia,1
yoursRamakanth,RahulGandhi,1
ypsYash,AamAadmiParty,1
ypsYash,AtishiAAP,1
ypsYash,mjavinod,1
yuvavoice_MH12,IndianExpress,1
