node,in_degree,out_degree,in_strength,out_strength
manishlandmark,0,1,0.0,1.0
PrakashPat85,0,2,0.0,2.0
virvikram,0,2,0.0,3.0
SirTushar25,0,1,0.0,1.0
Kishan_Devani,0,1,0.0,1.0
oswaldalalmeida,0,1,0.0,1.0
OBEROI_R_US,0,3,0.0,3.0
pragyadobhal,0,2,0.0,2.0
VinBinoj,0,2,0.0,2.0
Swwagatam,5,10,13.0,10.0
realCzar3,0,1,0.0,1.0
Anadinidhana,0,5,0.0,5.0
Poorna1022,0,2,0.0,2.0
SSanjaiKumar2,0,1,0.0,1.0
tamralipti,0,1,0.0,1.0
arshadifthi7,0,1,0.0,1.0
avikdasgupta7,0,1,0.0,1.0
regattekreddy,0,1,0.0,1.0
jaydeep832,0,1,0.0,2.0
innocent784,0,1,0.0,1.0
nagurajesh,0,1,0.0,1.0
akshatiwary,0,10,0.0,11.0
AmarJungg,0,1,0.0,1.0
AmberShreshtha,0,1,0.0,1.0
miss_ankita,0,1,0.0,1.0
pcjodukallu,0,2,0.0,4.0
imakashcp,0,1,0.0,1.0
nsheshagiri1,0,1,0.0,1.0
NaveenChandra87,0,3,0.0,4.0
Binayak_Bk,0,2,0.0,2.0
AnonymousNoise3,0,2,0.0,2.0
jain_sushil,0,1,0.0,1.0
iSuyashPandey,0,1,0.0,1.0
anand6862,0,1,0.0,1.0
drutsabdas,0,3,0.0,3.0
Abhratwitting,2,1,2.0,1.0
thischeena,0,2,0.0,2.0
Iamvikasr,0,1,0.0,1.0
t_d_h_nair,56,0,71.0,0.0
CaptSalil,0,1,0.0,1.0
rajbatam,0,1,0.0,1.0
Hiirenthackar,0,1,0.0,1.0
Shashan96248939,0,1,0.0,1.0
VegaTrader,0,2,0.0,4.0
PallaviChandr15,0,6,0.0,6.0
vivek_ramesh,0,1,0.0,1.0
Anjan94150697,11,1,11.0,1.0
sureshvojjolla1,0,4,0.0,4.0
onlysaket,0,2,0.0,2.0
i_desi_surya,5,0,5.0,0.0
EagleEye009,0,2,0.0,3.0
sahi_dinalex845,0,1,0.0,1.0
bengani,0,2,0.0,2.0
siddharthanvgj,0,2,0.0,2.0
nilanjly,0,1,0.0,1.0
rahulknair15,0,1,0.0,1.0
aNr1857,1,3,1.0,4.0
Dev_Dh14,0,1,0.0,1.0
me_chaitanyassj,0,2,0.0,2.0
SAVoices,2,1,2.0,1.0
samarth_sd,0,1,0.0,1.0
anoopdk,0,1,0.0,1.0
Sithedi2,1,2,1.0,2.0
DrSatyaSaraswat,0,1,0.0,1.0
HimanshuHazra1,0,2,0.0,2.0
RaghuMiskin09,0,1,0.0,1.0
SubhrangsuBose1,0,3,0.0,3.0
anudwignmanaa,0,1,0.0,1.0
sunilkumar1126,0,4,0.0,4.0
ADalwani,0,2,0.0,2.0
sumeetism,1,1,1.0,1.0
raka53a2,0,1,0.0,1.0
SajivS16,0,6,0.0,7.0
BinShekeer,0,2,0.0,2.0
kskme0107,0,1,0.0,1.0
AnitaJacobJain1,1,2,1.0,2.0
MajumdarSid,0,8,0.0,22.0
aasheesh020,0,1,0.0,1.0
SaneMind9,0,5,0.0,5.0
Mano_Sampath,0,1,0.0,1.0
SalariaSahdev,0,1,0.0,1.0
nazarulislam71,0,1,0.0,1.0
lonighaziabadup,0,7,0.0,7.0
ashu_nauty,0,1,0.0,1.0
Abe21924844,0,3,0.0,3.0
SouthAsianInfo,0,1,0.0,1.0
ajay1676,0,1,0.0,1.0
DeepikaSRajawat,29,0,30.0,0.0
vaibhavbleo,0,5,0.0,7.0
abhay_vk,1,0,1.0,0.0
ReloadPolitics,0,6,0.0,7.0
Ashley52946510,0,1,0.0,1.0
SeharKamran,0,1,0.0,1.0
Someone5001,0,1,0.0,1.0
bns5,1,2,1.0,2.0
avanyaajay2000,0,1,0.0,1.0
Chandankr2018,0,1,0.0,1.0
scorprian,0,1,0.0,1.0
sunalonie,1,1,1.0,1.0
Goel1977Puneet,0,1,0.0,1.0
ALPHA_WOLF01,0,1,0.0,1.0
randomvichar,2,2,2.0,2.0
GShankar108,0,1,0.0,1.0
VijaiSardesai,1,0,1.0,0.0
Mukhtijoddha,0,3,0.0,3.0
BABARP3,0,1,0.0,1.0
Nikunjforinc,0,7,0.0,8.0
keyamit,0,5,0.0,5.0
makeveryvys,0,1,0.0,1.0
bassu_mahajan,0,1,0.0,1.0
BangadAnuj,0,1,0.0,1.0
PavanTheBreeze,0,3,0.0,5.0
amritofficial7,0,1,0.0,1.0
Ranjeet19831446,0,1,0.0,1.0
chalotweetkaro,0,2,0.0,2.0
Chilloutppl,0,2,0.0,2.0
YOGI2609,0,1,0.0,1.0
IndianTintin_,0,2,0.0,2.0
Trendsetting123,3,47,7.0,109.0
Medusaflower,1,4,1.0,4.0
tracaratan,0,1,0.0,1.0
SumanCh47217494,0,1,0.0,1.0
Chicku0810,0,2,0.0,2.0
Kaalimu28370700,0,1,0.0,1.0
Insider1919,0,3,0.0,3.0
KkNationalist,1,1,1.0,1.0
siddiqmustafa11,0,1,0.0,1.0
beingsachin_,0,1,0.0,1.0
behumble28,0,1,0.0,1.0
kiarauniverse,0,1,0.0,1.0
shaziaa222,1,6,1.0,6.0
ashishnilamber,0,4,0.0,4.0
sistla_sujatha,0,1,0.0,1.0
MogamboRules,0,1,0.0,1.0
RAJTHE29,0,1,0.0,1.0
slient_killr,0,1,0.0,1.0
BRIHASVAK,0,1,0.0,1.0
chemo_one,1,0,1.0,0.0
pateldgr8,0,4,0.0,4.0
ChowkidarChokra,3,23,5.0,40.0
mpsunitha,0,1,0.0,1.0
sharathkalpada1,0,1,0.0,1.0
shreyan_dip,0,2,0.0,2.0
vgoel,0,2,0.0,2.0
bhaskarsoti1,0,2,0.0,2.0
saying_as_it_is,0,13,0.0,23.0
Vijayhema87,0,10,0.0,26.0
catale7a,14,2,14.0,2.0
Shrinwant,0,3,0.0,3.0
pyaraladkatha,0,1,0.0,1.0
SujayR19,2,0,2.0,0.0
iamsanjayrmenon,0,2,0.0,2.0
BhupiForNation,0,1,0.0,1.0
UmangPod,0,1,0.0,1.0
HYajum,0,2,0.0,2.0
bongtimes,2,0,2.0,0.0
TSRBSKBLR,0,1,0.0,1.0
Wildling2022,0,1,0.0,2.0
mountains_peace,0,1,0.0,1.0
jacquesmugatu,0,2,0.0,2.0
Bhaskar8019,1,1,1.0,1.0
BjpEastdelhi,0,2,0.0,2.0
AbdulRa01130009,0,1,0.0,1.0
tycoontide,1,0,1.0,0.0
tanab786,0,2,0.0,2.0
veenabv,0,2,0.0,2.0
shubhpilot,0,2,0.0,3.0
deexithray,0,2,0.0,2.0
AnilMutyala4,0,2,0.0,2.0
meet_92,0,2,0.0,2.0
commmanman,0,2,0.0,2.0
Utsav6589,0,1,0.0,1.0
TheWeekLive,4,1,9.0,1.0
AmitVaani79,0,1,0.0,1.0
BhgwaDhariHindu,0,1,0.0,1.0
kawaljeetbjp,0,1,0.0,1.0
PalghatMadhav,0,3,0.0,3.0
tinkuhaweli,0,1,0.0,1.0
drcpm,0,3,0.0,3.0
MeKushalappa,0,1,0.0,1.0
nsb1080,1,3,1.0,3.0
stranger77S,0,1,0.0,1.0
Vikraant3737,0,2,0.0,2.0
acbsm1997,1,1,1.0,1.0
Ashish_Kr_Exp,0,1,0.0,1.0
SURIMENON1,0,1,0.0,1.0
dilipjain1979,1,0,1.0,0.0
Surelypandita5,0,1,0.0,1.0
Billabo30103487,1,1,1.0,1.0
anavrittim,1,0,1.0,0.0
Go_Movie_Mango,1,4,1.0,4.0
antil_deepesh,0,1,0.0,1.0
yrs2345,0,1,0.0,1.0
rhyming_robot,1,1,1.0,1.0
MChathala,0,5,0.0,5.0
chowkidaarensis,0,1,0.0,1.0
Bodhisatta90,0,1,0.0,1.0
Punjab_047,0,1,0.0,1.0
oila2015,1,0,1.0,0.0
dorkknight11,0,1,0.0,1.0
TheStatesmanLtd,1,0,1.0,0.0
majoramitbansal,2,0,2.0,0.0
MamunurIslam8,0,3,0.0,5.0
DhruvalDp,0,1,0.0,2.0
ankurin2006,0,2,0.0,5.0
iKshitij1,0,1,0.0,1.0
darpan_chopra,0,2,0.0,2.0
SonamGargava,0,3,0.0,3.0
anupsjaiswal,0,2,0.0,2.0
Boston_CowBoy,0,1,0.0,1.0
urksb252,0,1,0.0,1.0
PTI__Hawk,0,1,0.0,1.0
YouCee108,0,1,0.0,1.0
Loquacious_Lion,2,1,2.0,1.0
DeadEsperando,0,1,0.0,1.0
pravinr0007,0,1,0.0,1.0
Pradeep99313,0,3,0.0,3.0
kira_shikamaru,0,1,0.0,1.0
FunKhor,0,3,0.0,4.0
rsvkchoudhary,0,1,0.0,1.0
Abyy_085,0,1,0.0,1.0
amitonlyandonly,0,2,0.0,2.0
puritanist1,0,1,0.0,1.0
amrendravatssi3,0,1,0.0,1.0
3208sunil,0,1,0.0,1.0
padaliya1707,0,1,0.0,1.0
kumarshefali,0,1,0.0,1.0
gauravca789,0,2,0.0,2.0
Z_P_Special,0,6,0.0,8.0
puriyash41,0,2,0.0,2.0
md_abstract,0,1,0.0,1.0
adarsh_appa,0,14,0.0,32.0
bhavnath882,0,1,0.0,1.0
Real_Vivek2020,0,1,0.0,1.0
BhasinSheel,0,3,0.0,3.0
realgoldiepuri,0,2,0.0,2.0
pinarayivijayan,13,0,13.0,0.0
MurliMenon6,0,6,0.0,6.0
kekhaunter,0,1,0.0,1.0
pallavisingh607,0,1,0.0,1.0
Rajpillai1969,0,1,0.0,1.0
therawpost,0,2,0.0,2.0
Social_onlooker,0,1,0.0,1.0
KarunaShukla333,0,1,0.0,1.0
ChetanV0716,0,1,0.0,1.0
akshayerathi,0,1,0.0,1.0
ERRamachandran,0,1,0.0,1.0
igljibran,0,1,0.0,1.0
EconomicTimes,57,0,70.0,0.0
TheRoyalRaajput,0,1,0.0,1.0
Naradan786,0,2,0.0,2.0
NJL32349382,0,1,0.0,1.0
farhanqaafa,0,2,0.0,3.0
vvvv472,0,1,0.0,1.0
VijayDoraVj,0,2,0.0,2.0
krithikasivasw,7,0,7.0,0.0
Swagatsarangi07,0,1,0.0,1.0
okaycloak,1,1,2.0,1.0
Partap_Sbajwa,4,1,4.0,1.0
vijaykumbhoje,0,1,0.0,1.0
Its_shravan,0,1,0.0,1.0
NARAYANRAO12,1,1,1.0,1.0
S2Kharode,0,1,0.0,1.0
kissingerspeaks,1,0,1.0,0.0
GaurangLuvSurat,0,6,0.0,6.0
asmatasleem13,2,0,2.0,0.0
ABimolchandra,0,1,0.0,1.0
_JPhilips,0,1,0.0,1.0
Afternoon_Voice,0,3,0.0,3.0
adawal_shanker,0,1,0.0,1.0
LinySajan,1,7,1.0,7.0
janardan_cyber,0,1,0.0,1.0
HarishK92534373,0,1,0.0,1.0
VTA2410,0,1,0.0,1.0
prathgodbole,2,0,2.0,0.0
sacshind,0,1,0.0,1.0
manaman_chhina,1,0,1.0,0.0
vivekh92,0,1,0.0,1.0
acharya_jatin,0,1,0.0,1.0
65thakursahab,5,3,5.0,3.0
sharma__sanjay,0,2,0.0,2.0
haanjibhaiji,0,1,0.0,1.0
TeacherSuyog23,0,6,0.0,7.0
JosephJZWeiss,0,1,0.0,1.0
hindustaniveer2,0,2,0.0,3.0
ektasoni4,0,1,0.0,1.0
MianBab51009574,0,1,0.0,1.0
Rahul_AK_5,0,1,0.0,1.0
VajjiMohan,0,2,0.0,2.0
Yuvraaaj_,0,1,0.0,1.0
rajlali,1,1,1.0,1.0
bhardwajl,0,1,0.0,1.0
Supriyo36406983,0,3,0.0,3.0
manojananda,0,1,0.0,1.0
dixitravikumar,0,1,0.0,1.0
anjaligurav16,0,2,0.0,5.0
Bunnynaga1,0,1,0.0,1.0
MServe2grow,0,9,0.0,17.0
Sammyboy_100,0,1,0.0,1.0
chrismalapati,0,1,0.0,2.0
SNellay,1,1,1.0,2.0
rubymishra61,0,1,0.0,1.0
AskIndia15,0,1,0.0,1.0
itzsaraths,0,1,0.0,1.0
MoralwarParth,0,1,0.0,1.0
Luitboy,0,1,0.0,1.0
svsrinivas17,0,1,0.0,1.0
ShobhaBJP,36,0,50.0,0.0
ShivamJ94,0,1,0.0,1.0
Rohit_K69,0,2,0.0,3.0
Nazneenparveen0,0,2,0.0,2.0
DixitVedant,0,2,0.0,2.0
_Gaurav_Sinha,0,1,0.0,1.0
RealManash,0,2,0.0,2.0
shagunkant,0,2,0.0,2.0
WeLoveCuefee,0,1,0.0,1.0
6c15602aa3a2403,0,1,0.0,1.0
arjunsinghbewar,0,1,0.0,1.0
BatullT,0,2,0.0,2.0
ravishendarkar,0,1,0.0,1.0
SukeshNayak1,0,1,0.0,1.0
_sayema,33,0,34.0,0.0
nijadhav,1,0,1.0,0.0
Phantomkhan3,0,2,0.0,2.0
Asifrahmanmolla,2,1,2.0,1.0
BourbonNscotch,2,1,2.0,1.0
shubhamdhareINC,0,1,0.0,1.0
panesarsaab76,0,1,0.0,1.0
mvnair212,1,1,1.0,1.0
vpathak154,0,2,0.0,2.0
senthurwasan,0,1,0.0,1.0
_Reaganite_,3,1,3.0,1.0
The_Aadil_9,0,1,0.0,1.0
Manish30269048,0,1,0.0,1.0
Swami_65,0,2,0.0,2.0
bvenkat60510486,0,2,0.0,2.0
SRaghavendra87,0,1,0.0,1.0
CPR_India,4,4,5.0,5.0
matavaishno_inc,0,1,0.0,1.0
RJAYARA61537821,0,2,0.0,2.0
ChandrakantNSh2,0,1,0.0,1.0
ResilientIndian,0,1,0.0,1.0
leyzend,0,1,0.0,1.0
manishkumarkota,0,1,0.0,1.0
rohit1982adi,1,1,1.0,1.0
karthik_1710,0,1,0.0,1.0
AnwarHu29945340,0,2,0.0,2.0
1_lavya,0,1,0.0,1.0
Backbanger,1,2,1.0,2.0
devenrolly1987,0,3,0.0,3.0
NilanjanUdwin,3,0,3.0,0.0
SVijayKumarSha9,0,1,0.0,1.0
Indian2561,0,1,0.0,1.0
mayamadhava,0,7,0.0,27.0
Saffron_coming,0,3,0.0,3.0
dushyantc2049,0,1,0.0,1.0
jogapj,0,1,0.0,1.0
ashwinijha,0,1,0.0,1.0
BhaskarBabuV1,0,1,0.0,1.0
VaguelyRight,0,7,0.0,11.0
Bs1993Sujay,1,1,1.0,1.0
rech12,0,2,0.0,2.0
Amulu_Shami,0,1,0.0,1.0
khushsundar,52,0,53.0,0.0
AkramQuadri03,0,1,0.0,1.0
deepeshvasudev1,0,2,0.0,2.0
pradeepkunche,0,13,0.0,31.0
playingitlong,0,3,0.0,3.0
BombayKaBangda,0,3,0.0,3.0
GroverHarinder,0,3,0.0,4.0
ChalamKevi,0,1,0.0,1.0
DPsevak2SaveNat,0,2,0.0,2.0
gkrishna98,0,2,0.0,4.0
Ruma_DSG009,0,1,0.0,1.0
nishantdutt12,0,2,0.0,2.0
khevisheachumi,0,1,0.0,1.0
Amarkha60218111,0,1,0.0,1.0
Eeshaya_Namahaa,0,2,0.0,2.0
Sudhishkaimal,0,2,0.0,2.0
BlrNirmal,1,1,1.0,1.0
madaddie24,3,2,3.0,2.0
MahendarVelpur,0,1,0.0,1.0
Odiapuo,0,1,0.0,1.0
Mandar2917,0,2,0.0,2.0
archu243,8,1,8.0,1.0
kritikasrawat25,0,1,0.0,1.0
DefendAce_14,0,3,0.0,3.0
KathuaSeHoon,0,1,0.0,1.0
imdeepakpadukon,0,1,0.0,1.0
RabindranathVaz,0,1,0.0,1.0
ShahzadasadiqR,0,8,0.0,11.0
vijayee_bhav,0,1,0.0,1.0
lazarus4917,0,1,0.0,1.0
DrYousu52597815,0,1,0.0,1.0
satyakidasgupta,0,1,0.0,1.0
OMDKhaleel,0,8,0.0,14.0
hitenn_kr,0,1,0.0,1.0
wittyfool_,0,1,0.0,1.0
am_goyal_,0,2,0.0,2.0
aniketsp,0,1,0.0,1.0
Doccaring,0,1,0.0,1.0
shajikrishnan,0,1,0.0,1.0
KailashBabarET,1,1,1.0,3.0
sunil_e_patil,0,4,0.0,4.0
KrishnaGhanta11,0,1,0.0,1.0
shikherjandyal,0,3,0.0,3.0
Sanjaysswaraj,0,2,0.0,2.0
anhilatecaste,0,1,0.0,1.0
AinidGaurav,0,1,0.0,1.0
No_knowledge_0,0,1,0.0,1.0
ashoko,0,1,0.0,1.0
babbaranu,1,1,1.0,1.0
YIndiaY,0,4,0.0,4.0
BhavnagriPatel,0,1,0.0,1.0
Vaibsy2005,0,1,0.0,1.0
HIsenberggg,0,1,0.0,1.0
yoddhahindkaa,0,1,0.0,1.0
AazaadBhagat,0,1,0.0,1.0
HariThirugnanam,1,1,1.0,1.0
bsindia,7,0,7.0,0.0
SyedKhalidMah12,0,1,0.0,1.0
prashant0619,0,2,0.0,3.0
i_m_tomorrow,0,1,0.0,1.0
singhpawan994,0,1,0.0,1.0
raodeipak,0,1,0.0,1.0
NoteWrthyNitish,0,1,0.0,1.0
loginmanish,0,2,0.0,2.0
malpaniofficial,0,4,0.0,4.0
JB53891208,0,2,0.0,2.0
npskbord,0,1,0.0,1.0
JadhavNailesh,0,1,0.0,1.0
iamAKHTER,2,2,2.0,2.0
Abhikr961,0,1,0.0,1.0
CommonManInd65,0,2,0.0,2.0
GuptaVkg1,0,1,0.0,1.0
BRSparty,42,0,49.0,0.0
apurvaparikh18,5,2,9.0,2.0
SwapneelSMohite,0,3,0.0,4.0
ShefVaidya,125,1,141.0,1.0
lukkS40530946,0,1,0.0,1.0
Rickyybehal,0,1,0.0,1.0
Sarkar_Tales,0,4,0.0,4.0
NishantAvasthi1,0,9,0.0,11.0
RakeshK00875986,0,1,0.0,1.0
VAP23056582,0,1,0.0,1.0
neurodoctor4,0,3,0.0,3.0
aman_khan25,0,1,0.0,1.0
TraxMehul,0,1,0.0,1.0
baleshs,0,3,0.0,3.0
AKA309NK533,0,1,0.0,1.0
Redsun_1947,0,1,0.0,1.0
AndTheTruth15,3,0,3.0,0.0
TheRealRakshith,0,1,0.0,2.0
Anoopsri,0,1,0.0,1.0
Sharif_lone_,0,1,0.0,1.0
RajasekarPondi1,0,2,0.0,2.0
NiRaSaVi1,0,1,0.0,2.0
JordenJigmie,0,2,0.0,2.0
Akhiles52195934,0,2,0.0,2.0
prasha_bp,0,1,0.0,1.0
MahaveeR_Bhuj,0,1,0.0,1.0
itihasika,1,0,1.0,0.0
bkm45262379,0,1,0.0,1.0
MutrejaV,0,1,0.0,3.0
naqib_irfan,0,1,0.0,1.0
skrabhiraju2013,0,2,0.0,2.0
aayushsaran,0,1,0.0,1.0
rakeshp93001401,0,1,0.0,1.0
ME_TVR,0,1,0.0,1.0
krishnak631,0,1,0.0,1.0
TDKakaTK,0,2,0.0,2.0
bhavya124,0,2,0.0,2.0
totonarayan,1,2,1.0,2.0
Sheikh44461736,0,1,0.0,1.0
MehrotraRP,0,6,0.0,6.0
sachinist_bedi,0,2,0.0,2.0
resilient_sham,0,3,0.0,3.0
jayvasavada,2,0,2.0,0.0
NaveenDasari983,0,1,0.0,1.0
prithishbabu,0,1,0.0,1.0
JOSEJAMES251,0,1,0.0,1.0
_K_saurabh,0,2,0.0,2.0
Chrominant,0,1,0.0,1.0
JugSuna,0,1,0.0,1.0
apanigrahe2005,0,1,0.0,1.0
BlackKn59506535,1,0,1.0,0.0
ashokrawat14,0,5,0.0,6.0
HarmanManchanda,1,2,1.0,2.0
thelostsoul0788,0,1,0.0,1.0
Serve_the_land,0,2,0.0,2.0
drkcgoel1,0,2,0.0,2.0
RajuBistaBJP,3,0,3.0,0.0
YRDeshmukh,13,1,13.0,1.0
HelpPolitics,0,7,0.0,9.0
kamalpakashji,1,1,1.0,1.0
anoop1907,0,1,0.0,1.0
VivekCh59194176,0,1,0.0,1.0
Being_PKgoyal,0,2,0.0,2.0
bhavyaved1,0,1,0.0,1.0
GanoreNitin,0,1,0.0,1.0
TKhona,0,1,0.0,1.0
ArnobAtWork,0,2,0.0,2.0
b20aneesh,1,1,1.0,1.0
HemalPandya,0,2,0.0,2.0
Sudhanshu_Shk,0,1,0.0,1.0
wickedVJ,0,1,0.0,1.0
drdarakhshan,0,2,0.0,2.0
ansh291092,0,1,0.0,1.0
a22ajay,0,5,0.0,6.0
ashishbadshah,0,1,0.0,1.0
Hannah80236,0,1,0.0,1.0
dr_strrange_,0,1,0.0,1.0
Enraged_Indian,63,34,70.0,42.0
aksy_9794,0,1,0.0,1.0
Ursbadmahi_325,0,1,0.0,1.0
aadvikforu,0,1,0.0,1.0
AkaramA46254361,0,1,0.0,1.0
SouvickCh,2,2,2.0,2.0
Rahul_Rajoriyaa,0,3,0.0,3.0
kesav_t,0,2,0.0,2.0
windugservice,1,2,1.0,2.0
Dx_Harsh_,0,1,0.0,1.0
joglekar_sumant,0,1,0.0,1.0
Vrisha_MD,0,1,0.0,1.0
MukeshM3707,0,2,0.0,2.0
Theboss45110865,1,0,1.0,0.0
tohidivity,0,1,0.0,1.0
aggala,0,4,0.0,4.0
Dancingdynamite,0,3,0.0,3.0
RiceBag1234,0,2,0.0,2.0
akhilepandey,0,1,0.0,1.0
rajnish1Midas,0,2,0.0,2.0
mousumib297,0,1,0.0,2.0
Naveen2012b,0,3,0.0,4.0
YGaneshRao,0,9,0.0,9.0
PentapatiPullar,1,2,1.0,2.0
stfu_rocky,0,1,0.0,1.0
ananth2104,0,5,0.0,5.0
mantugari,0,1,0.0,1.0
SushantAazad,0,1,0.0,1.0
monicawaldia,0,2,0.0,2.0
JiteshJ4jit1921,0,1,0.0,1.0
rampdtiwari1,0,1,0.0,1.0
Bharat99877516,0,1,0.0,1.0
sharmay,0,1,0.0,1.0
keyurnakum,0,2,0.0,2.0
RitwikB10553673,0,2,0.0,2.0
mantej2020,0,1,0.0,1.0
ShuklaRaghav,0,1,0.0,1.0
Stincerssd,0,1,0.0,1.0
90Guptagaurav,0,1,0.0,1.0
leespidey11,0,1,0.0,1.0
tweetajaay,0,1,0.0,1.0
Raushan57806707,0,1,0.0,1.0
Venkatasai85,0,2,0.0,2.0
GsinghGursharan,0,2,0.0,2.0
SanjayRGaikwad1,0,2,0.0,2.0
HellBoyIND_,0,2,0.0,2.0
saurav_jain07,0,1,0.0,1.0
PuriVirender,2,8,2.0,13.0
Chakrata_Wale,0,2,0.0,3.0
Sandip_Indica,0,1,0.0,1.0
MohandasMT,0,1,0.0,1.0
kumar_prince2,0,1,0.0,1.0
tejpeer,0,6,0.0,6.0
TheIndiaTalkies,0,1,0.0,1.0
amitwaye,0,2,0.0,2.0
MG2404GM,0,1,0.0,1.0
SVK999,0,2,0.0,2.0
jviplav,2,1,2.0,1.0
V38148672,0,1,0.0,1.0
changeisthekey,0,1,0.0,2.0
rajrra,0,4,0.0,4.0
vijay2977,0,1,0.0,1.0
sureshalakhpura,0,1,0.0,1.0
ps181222,0,1,0.0,1.0
Ahmadn0077,0,1,0.0,1.0
sasta_memer_3,0,1,0.0,1.0
Francyk619,0,2,0.0,2.0
CPRGuv,0,1,0.0,1.0
india_kb,0,2,0.0,2.0
kinvester1,0,3,0.0,3.0
Sharath_tweet,0,2,0.0,2.0
bijuldesai,0,3,0.0,3.0
AabidMagami,1,0,1.0,0.0
NewsLiveGhy,1,0,1.0,0.0
CricFan000,0,1,0.0,1.0
MohdMateenMohd1,0,1,0.0,1.0
suyasharose,0,3,0.0,3.0
_Barcode,0,1,0.0,1.0
LOLHahaRoflLmao,0,1,0.0,1.0
FekuBuster,1,4,1.0,4.0
0rajesh000,0,1,0.0,2.0
JeevanBhatia,0,10,0.0,13.0
SaoirseAF,3,0,3.0,0.0
ShriramDesh,0,1,0.0,1.0
shahtariq39,0,1,0.0,1.0
jogiixg,0,1,0.0,1.0
general_thys,0,1,0.0,1.0
Indian_Marathi,3,7,3.0,7.0
ankitay986343,0,1,0.0,1.0
trilokpandey93,0,2,0.0,2.0
abhic4ever,0,1,0.0,1.0
kallybuddy,0,1,0.0,1.0
Muttermatterz,0,1,0.0,1.0
Mac_19april,0,1,0.0,1.0
AkhileshDangiP,0,1,0.0,1.0
jaisri60,0,5,0.0,5.0
Tejsaini13,0,1,0.0,1.0
asianewsteam,0,1,0.0,1.0
Onmanorama,0,1,0.0,1.0
mahadevanrajesh,0,1,0.0,1.0
Cleancharacter,0,1,0.0,1.0
loveboat21,0,2,0.0,2.0
adikya2,0,2,0.0,4.0
Chennaitravelle,0,2,0.0,5.0
gupta_taanvi,0,1,0.0,1.0
priority_n,2,0,2.0,0.0
NISAU_UK,1,2,1.0,2.0
rationalhindu11,0,2,0.0,3.0
Thakur_VishalS,0,3,0.0,3.0
Oxford_Colon,0,1,0.0,1.0
kamalakar47,1,1,3.0,1.0
saturninedroid,2,0,2.0,0.0
joshibabaa,0,1,0.0,1.0
anujcmd,0,1,0.0,1.0
a_tembhre,0,2,0.0,2.0
CsekharJ,0,5,0.0,5.0
dahrinoor2,1,0,1.0,0.0
deshbhakt29,0,1,0.0,1.0
JohnNel62847640,0,1,0.0,1.0
reviving_soul1,1,0,1.0,0.0
omg07meri_marji,0,1,0.0,1.0
DaharwalK,0,4,0.0,4.0
GirdharSharma15,0,6,0.0,10.0
MikeZakoussilo,0,1,0.0,1.0
Keshavm73320263,0,1,0.0,1.0
Strangekidney,0,1,0.0,1.0
JAVID075136835,0,1,0.0,1.0
ChinnaBRS89,0,1,0.0,1.0
Ethicalgiant,0,1,0.0,1.0
syed_abbas74,0,1,0.0,1.0
More_Of_Mastery,0,1,0.0,1.0
ashurai123,0,5,0.0,17.0
maven9Beam,0,1,0.0,1.0
Beingswap,0,1,0.0,1.0
realVishaL,0,2,0.0,3.0
NaanAppadiThaan,0,2,0.0,2.0
iam_sunilmaurya,0,2,0.0,2.0
4Ronnie7,1,0,1.0,0.0
gargdp1946,0,1,0.0,1.0
JAIKUMARJHA,0,4,0.0,7.0
jha9_nirmal,0,2,0.0,2.0
duxFortisIndia,0,1,0.0,1.0
SanjayS41860304,0,1,0.0,1.0
warmbreezejatti,0,1,0.0,1.0
bubbysharma,0,1,0.0,1.0
MalayPattnaik1,0,1,0.0,3.0
PatniGaurav,0,2,0.0,3.0
Chellaney,15,0,16.0,0.0
Pranjal_A_,0,2,0.0,2.0
agnishekhara,0,1,0.0,1.0
KMP82619126,0,1,0.0,1.0
kmpandey,0,1,0.0,1.0
matkewali,1,1,1.0,1.0
bundeshmittal,0,1,0.0,1.0
Challo_Twitte,0,2,0.0,2.0
IsrarSarwar_,0,1,0.0,1.0
tonyt111,0,1,0.0,1.0
bhutada_dr,1,2,1.0,2.0
wisdom_quo,0,1,0.0,1.0
SouleFacts,5,2,5.0,2.0
ShatruganSinha,75,0,81.0,0.0
vetriii,1,2,1.0,2.0
sibanand1,0,2,0.0,3.0
AAPOdisha,1,0,1.0,0.0
gopisys,0,1,0.0,2.0
richaj1309,0,3,0.0,3.0
smita_muk,1,0,1.0,0.0
vinayantil,0,1,0.0,1.0
chasmewalaladka,0,1,0.0,1.0
Ishan_Dhaliwal,0,1,0.0,1.0
Onlyesskay,0,3,0.0,3.0
amantesting,0,1,0.0,1.0
8687_abc,0,1,0.0,1.0
Akibbayad86,0,1,0.0,2.0
NeemaNidhi,0,1,0.0,1.0
PrashantKamathA,0,1,0.0,1.0
sudhirsingh101,0,2,0.0,2.0
somijain_29,0,2,0.0,2.0
BholaNath_BSF,1,2,1.0,3.0
FansAristo,0,1,0.0,1.0
ghoshron,0,1,0.0,1.0
hparnerkar9,0,2,0.0,2.0
DIVYANSHSHARM20,0,1,0.0,1.0
ZekeKiah22,0,1,0.0,1.0
SurajitDash,0,1,0.0,1.0
VelugotiSubbar3,0,1,0.0,1.0
DrRijuDutta_TMC,11,0,13.0,0.0
Iamvickyvikas2,0,1,0.0,2.0
Hilal_ahmed_dar,0,1,0.0,1.0
SundariKomola,0,3,0.0,3.0
SawarnArun,0,5,0.0,10.0
NavrozDubash,0,1,0.0,1.0
pawanritugurung,0,1,0.0,1.0
Hello_Ajnabi,0,2,0.0,2.0
Narwaniik,0,1,0.0,1.0
peepo6yy,0,3,0.0,5.0
Kishan591,0,4,0.0,10.0
DhirajH1N1,1,0,1.0,0.0
PR_Parida,0,1,0.0,1.0
NSNSRINIVASS,0,1,0.0,1.0
sathyanshan,0,1,0.0,1.0
malayalamameen,0,1,0.0,1.0
shafiquebloch,0,1,0.0,1.0
tarezameenpe,0,3,0.0,3.0
skkagalkar,0,1,0.0,1.0
AAPBangalore,10,1,10.0,1.0
Prashan12342459,0,1,0.0,1.0
teanmol,0,2,0.0,2.0
ProudIndian121,0,1,0.0,1.0
BhaktaB33216499,0,1,0.0,1.0
DheerajVamsi2,0,1,0.0,1.0
Maps_N_Me,0,1,0.0,1.0
ShimmyOutlaw,0,1,0.0,1.0
deeghosh,0,1,0.0,1.0
JaeyeB,0,3,0.0,5.0
76MisHRa1,0,1,0.0,1.0
nbansalggn,1,1,2.0,1.0
huhhhhhhy1,1,0,1.0,0.0
vokkaliga007,0,2,0.0,7.0
complex_indian,0,1,0.0,1.0
kanaram55559235,0,1,0.0,1.0
TechyMechy,0,2,0.0,2.0
AgniAngira,0,2,0.0,2.0
BehaniPragati,0,2,0.0,2.0
Ask95108981,0,2,0.0,2.0
Shankar04061988,0,1,0.0,1.0
viewer2071,0,1,0.0,1.0
NirbhayBheda,0,1,0.0,1.0
IntelZombie,0,1,0.0,1.0
GujSagar,0,3,0.0,3.0
FreeSpeechOnly,0,1,0.0,1.0
NageshraoH,1,0,1.0,0.0
KashiS56009855,0,8,0.0,8.0
AR_Falak007,0,1,0.0,1.0
squarepeg97,0,4,0.0,4.0
Anshutweetss,0,1,0.0,1.0
rengaaa,0,5,0.0,7.0
SalmanSoz,19,2,19.0,2.0
Pradeep_SGT,0,1,0.0,1.0
homosapien85,0,1,0.0,1.0
NsvermaIndia,0,7,0.0,9.0
Chari_twit,0,2,0.0,2.0
biplabnandi1978,0,1,0.0,1.0
Dheeraj10106770,0,1,0.0,1.0
mohandasvasu05,0,4,0.0,4.0
LawyerRajeshTN,1,1,1.0,1.0
mrafi,0,1,0.0,1.0
SridharaCB,0,1,0.0,1.0
TabishPavli,0,2,0.0,2.0
kapurjeet,0,1,0.0,1.0
ANILSHA09797156,0,5,0.0,8.0
centrist2570_,0,2,0.0,2.0
AnnaP1985,0,1,0.0,1.0
UdayKiranv912,0,1,0.0,1.0
NayanikaM,3,2,3.0,2.0
Vasuprasad,0,1,0.0,1.0
TheDanRoyce,0,1,0.0,1.0
Ampkmailbox,0,1,0.0,1.0
RAKTIMMazumdar4,0,1,0.0,1.0
Harish48614531,0,3,0.0,3.0
bhaarat_premi,0,1,0.0,1.0
1301Abhishek,0,2,0.0,2.0
manidevi2006,0,1,0.0,1.0
pv19797,0,1,0.0,1.0
gyagnesh,0,2,0.0,2.0
Sauravkumarrai1,0,1,0.0,1.0
mid_day,4,0,4.0,0.0
asisnautiyal,0,1,0.0,1.0
polymernanotech,0,1,0.0,1.0
Tarunkcongress,0,4,0.0,5.0
tooter_e,0,2,0.0,2.0
VinetSharma3,0,2,0.0,4.0
daddyissues6999,0,2,0.0,2.0
younussideeq,0,1,0.0,1.0
ManjeshRana_,0,1,0.0,1.0
Kiravani11,0,1,0.0,1.0
sameer_husaini,0,1,0.0,1.0
NavinS27,0,1,0.0,1.0
GirishVasudeva,0,1,0.0,1.0
Puttu_MaaNi,0,1,0.0,1.0
VishuHooli23,0,2,0.0,2.0
LovkeshChandila,0,1,0.0,1.0
Aaa30981146,0,1,0.0,1.0
srd1952,0,1,0.0,1.0
Unchained70,0,2,0.0,2.0
rksingh1610,0,2,0.0,2.0
JaiveerShergill,19,0,23.0,0.0
ANANTADUTTA19,0,1,0.0,1.0
This_is_shruti,0,1,0.0,2.0
SangytownWalla,0,1,0.0,1.0
SashankGuw,0,2,0.0,2.0
ArunSFan,20,0,21.0,0.0
HarishBRSUSA,5,0,6.0,0.0
shivprakash2k1,0,2,0.0,2.0
boopal53,0,1,0.0,1.0
Kartheek1102,0,1,0.0,1.0
Bb11WinnerVikas,0,1,0.0,1.0
SurajBh37061601,0,1,0.0,1.0
hawee72,3,1,3.0,1.0
UdtaTee11993757,0,1,0.0,1.0
adityampaul,0,1,0.0,1.0
harjeedesai,0,1,0.0,1.0
aryadhiraja,1,0,1.0,0.0
danidprakash,0,1,0.0,1.0
LeahWood98,0,1,0.0,1.0
BlkpillBrahmin,6,0,6.0,0.0
SAURABH256133,0,1,0.0,1.0
nastarupa,0,1,0.0,1.0
anandintouch,0,2,0.0,2.0
saketbgu,0,1,0.0,1.0
PirulalAcharyy2,0,1,0.0,2.0
neerajrattan,0,1,0.0,1.0
WHORIP,0,2,0.0,2.0
BollywooodNewws,0,4,0.0,4.0
thekjgeorge,1,0,2.0,0.0
veerappavenkap1,7,0,7.0,0.0
surender19601,0,1,0.0,1.0
MemesCoinLover,0,1,0.0,1.0
MeghaSPrasad,3,1,4.0,1.0
djjoellazarus,0,1,0.0,1.0
Observe_India,1,1,2.0,1.0
Chandra67931996,0,1,0.0,1.0
pratigyak9,0,2,0.0,2.0
RajaSantosh3,1,7,1.0,8.0
Dal_Bati_Curma,0,1,0.0,1.0
MugheesShahid9,0,1,0.0,1.0
RameshS0007,5,2,8.0,2.0
roypp22,0,3,0.0,3.0
INC4_ever,0,1,0.0,1.0
SunilKBatta2,0,1,0.0,1.0
naveen5885ncc,0,1,0.0,1.0
PrashantChandna,0,1,0.0,1.0
BavazirSalma,0,1,0.0,1.0
ChamanVarshney1,0,1,0.0,1.0
Niks_2180,1,4,2.0,4.0
SaddamNabiAzad,1,0,1.0,0.0
sunilsachdev26,0,2,0.0,2.0
Sebin_Joseph_77,1,4,1.0,4.0
mathsirmadan127,0,1,0.0,1.0
PaRtHaINDIAN1,0,1,0.0,1.0
pradnyas,0,1,0.0,1.0
DevarshBhatt7,0,1,0.0,1.0
MayankSsamar,0,1,0.0,1.0
bhupen_kr,0,1,0.0,1.0
PratikshaJamwal,2,2,2.0,2.0
IshanSh22502028,0,2,0.0,2.0
shamit_ghosh,0,1,0.0,1.0
polinimal,0,1,0.0,1.0
JChowdh95122455,0,1,0.0,1.0
SandeepSopori,0,3,0.0,3.0
lonermonkeyy,1,1,1.0,1.0
Sreejavn,0,4,0.0,5.0
Yashrocks2512,0,1,0.0,1.0
SanjayS46653895,0,2,0.0,2.0
smartmandy,0,3,0.0,4.0
ritzms,0,1,0.0,1.0
pradeep79185835,0,1,0.0,1.0
RuchiLee,0,3,0.0,3.0
VareRamankumar,0,2,0.0,2.0
Waraich_PS,3,0,3.0,0.0
HP02CE57,0,1,0.0,2.0
dkftp,0,1,0.0,1.0
satishsenme,0,1,0.0,1.0
sunilku83613786,0,1,0.0,1.0
_abhinav__002,0,1,0.0,1.0
gauravdhamaniya,0,1,0.0,1.0
Bipinkurade,0,1,0.0,1.0
bgsaigal,0,2,0.0,2.0
Beinglaraiib,0,1,0.0,1.0
Mati_Manas,0,1,0.0,1.0
ravishbharti,0,2,0.0,2.0
JobySports,0,1,0.0,1.0
welhamdoon,0,3,0.0,3.0
R00hdar,0,1,0.0,1.0
chitalgandhi,0,2,0.0,2.0
aaptalking,0,2,0.0,2.0
PoliticsEnthu,1,0,1.0,0.0
sun_usind,1,1,1.0,1.0
MediaaKhalid,0,1,0.0,1.0
Princy_Shy,0,2,0.0,2.0
Deekay01119442,0,1,0.0,1.0
GoGool100,0,2,0.0,2.0
aruntwtz,1,3,1.0,3.0
saket71,11,3,11.0,4.0
tweet2api,0,1,0.0,1.0
CharlieJamieVed,0,3,0.0,3.0
graphian07,0,1,0.0,1.0
AlternativeHYP2,0,6,0.0,6.0
shahpankazz,0,1,0.0,1.0
saisund33013985,0,1,0.0,1.0
KinshuSingh5,0,1,0.0,1.0
VijaySi55760861,0,1,0.0,1.0
Nir0909,1,0,1.0,0.0
thambiturrai,0,1,0.0,1.0
meTheJaatBoy,0,1,0.0,1.0
Master8145,0,2,0.0,2.0
vinodnarayan,1,0,1.0,0.0
sourabh68743027,0,3,0.0,4.0
drprateekindia,0,1,0.0,1.0
anand_2s,0,2,0.0,2.0
kgopsk,1,1,1.0,1.0
HARISH151192,0,1,0.0,1.0
Raj_CMSB,0,1,0.0,1.0
RajendraM_,0,3,0.0,3.0
myself_Jiya,0,1,0.0,1.0
GobburRm,0,1,0.0,1.0
sugu3199,0,1,0.0,1.0
Orugantipadma,0,1,0.0,1.0
Atheist_vishal,0,1,0.0,1.0
ItsyourMB,1,0,1.0,0.0
rakesh_dhody,1,10,1.0,10.0
pushparaj07,0,2,0.0,2.0
Trader_in_stock,0,1,0.0,1.0
SecularFringe,0,1,0.0,1.0
RajSahay69,0,1,0.0,1.0
Paliath,0,5,0.0,16.0
deshbhakt_tdb,0,5,0.0,6.0
imsunkrish,1,3,1.0,4.0
Rita_2110,0,3,0.0,3.0
news18dotcom,28,0,31.0,0.0
Bholenath,0,2,0.0,2.0
Raghubv,0,1,0.0,1.0
indian_armada,10,0,10.0,0.0
ManiKinG0179,0,2,0.0,2.0
Subhasi09049612,0,1,0.0,1.0
impressionsAS,0,2,0.0,2.0
railwaysguy,0,1,0.0,1.0
Anjan_05,0,1,0.0,1.0
KrsShishir,0,2,0.0,2.0
CASumanAggarwal,0,4,0.0,4.0
Ananthaforu,1,0,1.0,0.0
Tanveer73561787,0,1,0.0,1.0
MahatoJagannath,0,1,0.0,2.0
THIAGARAJ_STAR,0,14,0.0,20.0
Nikita_Sawant2,0,1,0.0,1.0
Meshsi1502Kn,7,0,7.0,0.0
raj_bgowda,0,1,0.0,1.0
Krishank_BRS,7,0,7.0,0.0
annunkn,0,7,0.0,8.0
vib_sin,0,1,0.0,1.0
panditsisaiwala,0,1,0.0,1.0
KarthikThiru126,0,3,0.0,18.0
thanikaivel2,0,1,0.0,2.0
raghurar,0,2,0.0,2.0
chiru00148145,0,1,0.0,1.0
Maalikmulkka,0,1,0.0,1.0
Berhtwald1,1,1,1.0,1.0
Sanjeev52167302,0,1,0.0,1.0
mvmeet,18,0,18.0,0.0
pkr_madras,0,1,0.0,1.0
yag412,0,3,0.0,4.0
rassperr,0,1,0.0,1.0
heal_silence,0,1,0.0,1.0
vkashsinha1,0,1,0.0,1.0
Sanatan_Thought,0,1,0.0,1.0
laboni276,0,1,0.0,1.0
JK_Dadlani,0,2,0.0,2.0
VDPAssociates,2,0,3.0,0.0
OnlyIndian65,0,3,0.0,4.0
Satishdevnani,0,1,0.0,1.0
DrAnublr,0,1,0.0,1.0
after700,0,2,0.0,2.0
VVvithlani75,0,1,0.0,1.0
kanwalg,0,1,0.0,1.0
RaashidBaba9,0,1,0.0,1.0
MussaMudassir,0,2,0.0,2.0
mmohanraj405,0,1,0.0,1.0
ViShh1412910,0,1,0.0,1.0
Amjad_Sangram,0,2,0.0,3.0
itsavinash24,0,1,0.0,1.0
BapsShroff,0,1,0.0,1.0
kpatwari36,0,2,0.0,2.0
KillerPaleface,0,1,0.0,1.0
rampjay,0,2,0.0,2.0
kbb1947,0,2,0.0,2.0
nanuzz6600,0,6,0.0,6.0
Mir37179426,0,6,0.0,6.0
DkedarD,0,2,0.0,2.0
sramu,0,2,0.0,2.0
Gajendraag76,0,1,0.0,1.0
KrishKrushik,2,2,2.0,2.0
lalitpatkiMT,1,0,1.0,0.0
velamuran,1,1,1.0,3.0
TarunRajSingh_,0,5,0.0,6.0
Vikaas007,0,1,0.0,1.0
SupremeTejas,0,3,0.0,3.0
jack_ribadiyaj,0,1,0.0,1.0
NeerajGBN,0,1,0.0,1.0
dew_pragath,0,1,0.0,1.0
satyanvesi4,0,1,0.0,1.0
sivvaaaaa,0,1,0.0,1.0
mamoorkhan110,0,1,0.0,1.0
UchilaNishit,0,1,0.0,1.0
tanvi_madan,8,0,8.0,0.0
deepakbudki,0,6,0.0,7.0
ArifRez43276939,0,1,0.0,1.0
30varora,0,1,0.0,1.0
nkmec,0,1,0.0,1.0
SSSPILY,0,1,0.0,1.0
Bala_subramania,0,1,0.0,1.0
TheSouthfirst,1,3,1.0,3.0
anilkbhardwaj11,0,1,0.0,1.0
Vivek939443,0,4,0.0,5.0
kanav461,0,1,0.0,1.0
Srikant_Sriniv,1,0,1.0,0.0
Ray_luxuryyacht,1,0,2.0,0.0
HarshSh69067901,0,1,0.0,1.0
prakashchand933,0,1,0.0,1.0
khaganadh,0,7,0.0,9.0
CaptJonda,0,1,0.0,1.0
mainkuchbolu,0,2,0.0,2.0
Crackx404,0,2,0.0,2.0
VikramKMalkani,0,2,0.0,2.0
SagarSingh1689,0,1,0.0,1.0
Max46546228,0,1,0.0,1.0
IamGMishra,1,0,1.0,0.0
kuldeepjena03,0,1,0.0,1.0
opheliamoding,1,0,1.0,0.0
AmitVaid999,0,4,0.0,4.0
Pradeepcdri,0,1,0.0,1.0
arvindgutlu,0,1,0.0,1.0
imarunaksh,0,1,0.0,1.0
Sathyantweets,5,0,5.0,0.0
Ani_politics,0,3,0.0,4.0
PTechtrader,0,2,0.0,2.0
saurav_complex,0,2,0.0,2.0
ashutosh2369,0,2,0.0,2.0
joseph_zedong,0,1,0.0,1.0
Zubair411990,0,2,0.0,2.0
bharathbunny27,1,2,1.0,2.0
maxmach4,0,1,0.0,1.0
Manoj90996669,0,1,0.0,1.0
wilderzlife,0,3,0.0,3.0
GrihaAtul,1,0,2.0,0.0
KishoreHembram,0,1,0.0,1.0
indian_agnostic,0,1,0.0,1.0
Ganesan68340534,0,1,0.0,1.0
AradhyaShukla,0,2,0.0,2.0
d_9249,0,1,0.0,1.0
BirnaUnnur,0,2,0.0,2.0
AndrewWLyngdohM,0,7,0.0,9.0
subodhsharma_24,0,1,0.0,1.0
Dharamv95841020,0,1,0.0,1.0
khernal1,0,1,0.0,1.0
AnshulGuptaLko,0,3,0.0,3.0
historiccluster,0,1,0.0,1.0
NarendraNOjha,1,0,2.0,0.0
Mask_orgnl,0,1,0.0,1.0
PardeepJha_UB,0,1,0.0,1.0
ShoaibKohali,0,1,0.0,1.0
MechaniteTejas,0,1,0.0,1.0
chirag0543,0,1,0.0,1.0
PMvasavada,0,1,0.0,1.0
amanhada12345,0,1,0.0,1.0
Shivam_311,1,1,1.0,1.0
mukeshmarda,4,0,4.0,0.0
Dhirishm,0,1,0.0,1.0
kuldeep007rawat,0,2,0.0,2.0
OMPRAKA83618750,0,1,0.0,1.0
UnPaidTimes,1,0,3.0,0.0
Bhagwa_newz,0,1,0.0,1.0
ajayktaxninv,0,2,0.0,2.0
hoedeleuze,0,1,0.0,1.0
hpareshpatel,0,1,0.0,1.0
FTBandFTR,0,1,0.0,1.0
medimojovikas,0,2,0.0,2.0
The_Rakesh1,0,1,0.0,1.0
subhaslakhotia,0,1,0.0,1.0
papsajangu,0,1,0.0,1.0
hcmaniar,0,1,0.0,1.0
pranjul3,0,1,0.0,1.0
sach7166,0,1,0.0,1.0
MANUSEEMA,0,1,0.0,1.0
royals3418,0,3,0.0,4.0
Nitinkrmittal,0,2,0.0,2.0
NARESHMP2,0,3,0.0,3.0
Bhartiye17,0,1,0.0,1.0
arpithnayak,0,1,0.0,1.0
satyabbsr,0,2,0.0,2.0
mahakbhawani,0,1,0.0,1.0
SpectreJimCo,0,4,0.0,4.0
raghav_chadha,93,0,98.0,0.0
joyjkar,0,1,0.0,1.0
ianteryamiM,0,1,0.0,1.0
south_pandit,0,1,0.0,1.0
HasnaZarooriHai,6,0,6.0,0.0
Cleanindia141,0,1,0.0,1.0
Pavan6118,1,1,1.0,1.0
sud_is_gud,0,1,0.0,1.0
Puneetvizh,9,20,22.0,73.0
rationaljoker5,0,1,0.0,1.0
Chetu89367523,0,1,0.0,1.0
libcrusader,1,2,1.0,2.0
iroshithpushpa,0,1,0.0,1.0
abbi_007,0,1,0.0,1.0
iamharmeetK,4,0,5.0,0.0
SandeshGupta_,0,9,0.0,10.0
sunder121,0,1,0.0,1.0
Krunal_Goda,1,2,1.0,2.0
suas103,0,2,0.0,2.0
ramnikbusa,0,2,0.0,2.0
theflyinggaruda,0,1,0.0,1.0
KrishnazPal,0,1,0.0,1.0
VijayRB1810,0,2,0.0,2.0
ArjunExplorer,0,1,0.0,1.0
RCrupit,0,2,0.0,2.0
BalajiKaushal,0,1,0.0,1.0
look_up_D_C,0,1,0.0,1.0
iamkaranbachani,0,24,0.0,55.0
MonuJiGarg,0,3,0.0,3.0
BoratThird,2,1,2.0,1.0
ashok_navalgund,0,1,0.0,1.0
AnilPatel_IN,1,2,1.0,2.0
gurunathnm,0,1,0.0,1.0
ZenSabu4,0,1,0.0,1.0
999Gpt,0,3,0.0,3.0
Rstiwari20,0,2,0.0,2.0
Dayasaras,0,1,0.0,1.0
Ssumier,0,2,0.0,2.0
yogeshshivay,0,1,0.0,1.0
Anshulspiritual,0,1,0.0,1.0
KushagraDangay1,0,1,0.0,1.0
Priyank39288176,0,2,0.0,2.0
RishabhBishop,0,1,0.0,1.0
KirtiThorat5,1,13,1.0,14.0
MADHUKAR1303,5,6,5.0,9.0
EnkayKotiyath,0,3,0.0,3.0
Yamaka1,0,1,0.0,2.0
aquasanjay,0,1,0.0,1.0
manava28,0,1,0.0,1.0
gurgaon_binny,0,6,0.0,6.0
ShekarBellare,0,1,0.0,1.0
bnacharya1,0,1,0.0,1.0
sarvesh40580139,0,1,0.0,1.0
MegastarForever,0,1,0.0,2.0
GModi2019,0,4,0.0,4.0
DarvaX0802,0,1,0.0,1.0
RjSriram15,0,4,0.0,4.0
bindshan2,0,1,0.0,1.0
DawaiLaama,0,1,0.0,1.0
Bindaazbol,0,2,0.0,3.0
ItsHarshJ,0,1,0.0,1.0
narendramodi177,14,0,28.0,0.0
ThreeDibz,0,1,0.0,1.0
MuraliMenon2371,0,1,0.0,1.0
iKunalAjmani,0,2,0.0,2.0
sansbarrier,32,0,40.0,0.0
nmmallik,0,2,0.0,2.0
bhoo_sene,0,1,0.0,1.0
dinesagarwal,0,2,0.0,2.0
Kumar_Hazzarapu,0,1,0.0,1.0
KamalAg123,0,1,0.0,1.0
Satvik55789105,0,1,0.0,1.0
MalluTheGreat,0,1,0.0,1.0
smartshan_87,0,2,0.0,2.0
sdsxn1981,0,2,0.0,2.0
babapushkarnath,0,1,0.0,1.0
ReporterRavish,1,0,1.0,0.0
RaneNivrutti,0,1,0.0,1.0
virtualvaibhav,0,4,0.0,5.0
AsOurLawIs,0,1,0.0,1.0
broutray,0,2,0.0,2.0
lan2in,0,2,0.0,3.0
RinzuSusan,0,2,0.0,3.0
hanmireddy,0,1,0.0,1.0
deepakmahato,0,4,0.0,5.0
BasYuhi8,0,1,0.0,1.0
Aliens14891057,0,1,0.0,1.0
vi_jaykumar,0,2,0.0,2.0
writerNV,0,2,0.0,2.0
Bydwaywin,0,1,0.0,1.0
Bhagwa_95,0,3,0.0,3.0
atiraj_kumar,0,1,0.0,1.0
likepuneet,0,1,0.0,1.0
justandfairman,0,4,0.0,4.0
KcJjana,0,2,0.0,3.0
navneetsingh18,0,1,0.0,1.0
dr_falgun,0,2,0.0,2.0
SKDwive95573933,0,2,0.0,2.0
YourOwnDhruv,0,1,0.0,1.0
anubhavk_21,0,2,0.0,4.0
AbhiPar86795791,0,1,0.0,1.0
dcnknk,0,1,0.0,1.0
Mohitch79001782,0,3,0.0,3.0
S_Manish1975,0,1,0.0,1.0
yash78901714,1,1,1.0,1.0
srksota,1,1,1.0,1.0
Asingh801,0,2,0.0,3.0
gauravjain66,0,2,0.0,2.0
somilagrawal,0,1,0.0,1.0
varuntyagi619,0,1,0.0,3.0
lalboojhakkad,0,1,0.0,1.0
Aditya_9891,0,2,0.0,3.0
KunalJharkhandi,0,1,0.0,1.0
Ap31ale,0,1,0.0,1.0
Bishista9,0,3,0.0,5.0
Anil_V10,0,1,0.0,1.0
Rajesh24Sahai,0,1,0.0,1.0
sarkar_prashant,0,1,0.0,1.0
avanishmalhotra,0,4,0.0,6.0
ksrisrimal,0,1,0.0,1.0
suvvz,0,2,0.0,2.0
TariqueHAshraf,1,4,1.0,4.0
satish_peri,0,1,0.0,1.0
Abhishekvsingh5,0,2,0.0,2.0
g_smita,1,1,1.0,2.0
_him_ansh,0,3,0.0,3.0
aapkaanuj,1,3,1.0,5.0
BapiM14,0,6,0.0,6.0
DubeyVipin7,0,1,0.0,1.0
Rishi_saxena21,0,1,0.0,1.0
TruthHunterGeek,0,1,0.0,1.0
Sevadaleblr,0,1,0.0,1.0
skajendra,0,2,0.0,2.0
ra_al_Ghul_,0,1,0.0,1.0
RK_Madathil,0,1,0.0,1.0
anton_chigurh8,0,2,0.0,2.0
Prasadkj1,2,1,2.0,1.0
nnegi2122,0,2,0.0,2.0
mansishah1611,0,2,0.0,3.0
iajaykumarjain,0,2,0.0,2.0
PriyaNashmikar,0,1,0.0,1.0
Truthb4Polity,0,1,0.0,1.0
crazyjassy2005,0,3,0.0,3.0
Subhash82492066,0,1,0.0,1.0
LegendMusashi,0,1,0.0,1.0
manisha_dr,0,1,0.0,1.0
ajinath_batule,0,1,0.0,1.0
VishuJoshi10,1,2,1.0,2.0
FarzanHyderabad,0,3,0.0,4.0
masterstuff2,0,2,0.0,2.0
tanveeralam26,0,1,0.0,1.0
Bajirao69444512,0,1,0.0,1.0
rongame,0,1,0.0,1.0
KanchanGupta,41,2,43.0,2.0
aap_omiii,1,0,1.0,0.0
hkk3455,0,3,0.0,3.0
anshuman_reuben,0,6,0.0,6.0
themaulana786,0,1,0.0,1.0
Thirumurthy41,0,1,0.0,1.0
KavithaReddyKR,0,2,0.0,3.0
Ganapathirao,0,1,0.0,1.0
Murugan_MoS,3,0,3.0,0.0
SamimMallick15,0,2,0.0,2.0
HARDILAZIZ,0,3,0.0,3.0
TusharB18372077,0,1,0.0,1.0
dashpx,0,1,0.0,1.0
Msarkunan1995,0,1,0.0,1.0
Indian260,0,1,0.0,2.0
SampathSharda,0,4,0.0,8.0
ORCA_India,0,1,0.0,1.0
Rajatsaxena58,0,1,0.0,1.0
RahulgandhiSfan,0,3,0.0,4.0
dhir_ritesh,0,1,0.0,1.0
UshaKum58624882,0,1,0.0,1.0
joharashwin,0,2,0.0,2.0
souravkumarje20,0,1,0.0,1.0
bsc10001,0,3,0.0,3.0
dravindran1951,0,1,0.0,1.0
Abhishe16672688,0,1,0.0,1.0
imVaibhav_si,0,1,0.0,1.0
SandhuParveer,1,1,1.0,1.0
GanganeSunny,0,2,0.0,2.0
KsVisvam,0,1,0.0,1.0
RadheyShyamBJP,1,1,1.0,1.0
sarifulmirza23,0,1,0.0,1.0
ItsPMISHRA,0,2,0.0,2.0
1andonlyharsha,0,1,0.0,1.0
AbdurRa57506935,0,1,0.0,1.0
NeedsAp,0,2,0.0,2.0
Sunil85157166,0,4,0.0,5.0
GargBishal,0,1,0.0,1.0
Shiva_Prakash_M,0,1,0.0,1.0
iknow_fewthings,0,1,0.0,1.0
GovindarajRa,0,1,0.0,1.0
Saptashwa7,0,2,0.0,2.0
SaurabhboseRC,0,1,0.0,1.0
sundardisilva,0,1,0.0,1.0
archimags,0,3,0.0,3.0
Krishnaraj15098,0,1,0.0,1.0
NH_India,8,0,8.0,0.0
KaiserEjaz,0,2,0.0,2.0
AmitDayama,0,2,0.0,2.0
maxmelbin,1,0,1.0,0.0
yashmev26,0,1,0.0,2.0
AjaySinghPTBAS,0,1,0.0,1.0
rafiIndian15,0,1,0.0,1.0
BGSubhash3,0,6,0.0,6.0
devirame77,0,1,0.0,1.0
SevadalKL,1,1,1.0,1.0
javedume,0,3,0.0,3.0
prianshu_shu,0,1,0.0,1.0
arun270879,0,1,0.0,1.0
HuKanna83,0,1,0.0,1.0
sanjukta,16,4,17.0,10.0
1000YearRashtra,0,5,0.0,5.0
AggarwalAbi,0,1,0.0,1.0
AndoolanJeevi,0,1,0.0,1.0
sanjusadagopan,2,0,2.0,0.0
SajalSingh2024,0,2,0.0,2.0
dpker,0,1,0.0,1.0
saurabhkverma19,0,1,0.0,1.0
saadhesaati,0,1,0.0,1.0
Shailes16913391,0,1,0.0,1.0
ganeshmantra,0,1,0.0,1.0
RimaChaturvedi,0,2,0.0,5.0
RoyalTiger97,0,1,0.0,1.0
NPD72,0,5,0.0,5.0
ziyanali78,0,2,0.0,2.0
AdityaPandey008,0,1,0.0,1.0
IycKarnal,0,1,0.0,1.0
VijaySPoonia,0,1,0.0,1.0
rkmarar9,5,1,9.0,1.0
Pakkudu4,0,1,0.0,1.0
mmssgmmssg,0,3,0.0,5.0
gurdeep_virdi_1,0,1,0.0,1.0
Baldeep19036182,0,2,0.0,2.0
parvezhayat1758,0,1,0.0,1.0
HinduHeisenberg,0,1,0.0,1.0
Harsh__17,0,2,0.0,2.0
MNageswarRaoIPS,10,0,11.0,0.0
iamalokshri,0,1,0.0,1.0
abhijeet_dipke,3,0,3.0,0.0
i_ratnadeep,0,2,0.0,2.0
scherzo56,0,1,0.0,1.0
OmkarKul3,0,1,0.0,1.0
Mathtut33741288,0,3,0.0,3.0
VShiriganavar,0,1,0.0,1.0
luckyMahata2,0,2,0.0,4.0
awasthis,22,1,22.0,1.0
_shubham_sb,0,1,0.0,1.0
Animesh_on,0,1,0.0,1.0
hoorsheikh_fiza,7,4,7.0,7.0
HandeAbhay,0,1,0.0,1.0
SaveIndiaMovemt,0,1,0.0,1.0
SunilNa73847167,0,1,0.0,1.0
abhishekbhaya,0,1,0.0,1.0
vivekkalra,0,1,0.0,1.0
eryatpmr,0,4,0.0,4.0
Anoyaap,0,1,0.0,1.0
NARESHBATRA1963,0,1,0.0,1.0
Iamthewayiamss,0,1,0.0,1.0
SiddharthGurha,0,1,0.0,1.0
angang2013,0,2,0.0,2.0
Nixon_Augustin,0,3,0.0,3.0
ShivVeekay,1,1,1.0,1.0
Naav48919873,0,1,0.0,1.0
PresidentCCP1,0,1,0.0,1.0
HindutvaWatchIn,1,0,1.0,0.0
Sage_X9,0,1,0.0,1.0
nagma_morarji,10,1,10.0,1.0
UmeshBhatia72,0,1,0.0,1.0
Virende87550731,0,2,0.0,2.0
mannsanatani,0,1,0.0,1.0
pol_drone,0,1,0.0,1.0
dhanera4bjp,0,1,0.0,1.0
RVG58,0,1,0.0,1.0
RajatUllal,0,3,0.0,3.0
veera_ashok_K,0,1,0.0,1.0
Rajendr18445182,0,1,0.0,1.0
AtharvaRana812,0,1,0.0,1.0
cottcant,0,2,0.0,2.0
imhimanshuverma,0,1,0.0,1.0
AKSHAY_BHAGAT_,0,1,0.0,1.0
SanchetVirendra,0,3,0.0,3.0
JeffryJonThomas,1,0,1.0,0.0
PrashBash,0,1,0.0,1.0
pnqiad,0,1,0.0,1.0
ECityRising,4,7,7.0,13.0
Pandyasrm,0,1,0.0,1.0
anoopkumar_bjp,0,1,0.0,1.0
AkramMansuriinc,0,1,0.0,1.0
Moin67860000,0,2,0.0,2.0
GAUTAMSARAN10,0,1,0.0,1.0
jackleecharh,0,3,0.0,3.0
CHITTILANCHERI,0,2,0.0,2.0
initingulati,0,1,0.0,1.0
Sudhajai,0,1,0.0,1.0
ABaruah,0,2,0.0,2.0
balrajscheema,0,2,0.0,2.0
sambitsamal,0,1,0.0,1.0
RashidK29766857,0,1,0.0,2.0
PunjabNewsDaily,0,5,0.0,5.0
Nagubabu1991,0,1,0.0,1.0
ACS20,0,1,0.0,1.0
FirdausLaibah,1,0,1.0,0.0
RajeevVXyz,0,1,0.0,1.0
nhlfandan,0,1,0.0,1.0
dineshkolla3,0,1,0.0,1.0
yashwanth21g,0,5,0.0,14.0
gunnymikawa1,1,2,1.0,2.0
Thuffu1990,0,1,0.0,1.0
Marathi_Tatya,0,2,0.0,2.0
sunilkapoor8,1,0,1.0,0.0
THEMYSTERYLOVE1,0,1,0.0,1.0
mritunj50269298,0,1,0.0,1.0
icgorak,0,2,0.0,2.0
VoltaireEnjoyer,0,1,0.0,1.0
devadattajoshi,1,0,1.0,0.0
Life_IsABanquet,0,1,0.0,1.0
21Mohanty,0,2,0.0,2.0
PariseAnkababu,0,1,0.0,1.0
AbhirajWaghmar4,0,1,0.0,1.0
CHINMAYTHEROCKT,0,1,0.0,1.0
panchjanya_,0,4,0.0,4.0
sayan_s10,0,1,0.0,1.0
uskakodker1,0,1,0.0,1.0
born_mumbaikar,0,1,0.0,1.0
Ahmed_shariff23,0,1,0.0,1.0
Subashcovai,0,1,0.0,1.0
Meritocracy14,0,2,0.0,2.0
SAnkuranand,0,2,0.0,2.0
DrRoshanZManiy2,0,1,0.0,1.0
unlshdbst,0,1,0.0,1.0
AmitKaduskar,0,2,0.0,2.0
jimmy_neutronSR,0,1,0.0,1.0
KatratL,0,1,0.0,1.0
HarshShukla2307,0,1,0.0,1.0
vangala,1,0,1.0,0.0
cute_thrift,0,2,0.0,2.0
vasusp172,0,3,0.0,3.0
sheikhshabir518,0,1,0.0,1.0
M_KUMAR55,0,1,0.0,1.0
tweetppm,0,3,0.0,3.0
Undone1470,0,2,0.0,2.0
Uday_Chava,1,2,1.0,2.0
jadumanilion,0,1,0.0,1.0
sidchopra85,0,1,0.0,1.0
AlenDuraiGodwin,0,1,0.0,1.0
nirupma1403,0,2,0.0,2.0
lonerangerin,0,1,0.0,1.0
SomwanshiBapu,0,1,0.0,1.0
SharonFeb6,0,1,0.0,1.0
kintu_parantuu,0,2,0.0,4.0
Pravink58141601,0,6,0.0,6.0
MChokasi,0,1,0.0,1.0
ProfDebasis,0,1,0.0,1.0
ruckdafulz01,0,2,0.0,2.0
prash_kd,0,2,0.0,2.0
Rohit_Tikhhai,1,5,1.0,5.0
microrao,0,2,0.0,2.0
ashishaminNGS,0,1,0.0,1.0
vcsvardan1,1,1,1.0,1.0
SrikanthChouha7,0,1,0.0,1.0
desi_thug1,16,0,18.0,0.0
s48335x,0,1,0.0,2.0
AGChowdapurkar,0,1,0.0,1.0
sidcantclick,0,3,0.0,3.0
WhatAm1Missing,0,1,0.0,1.0
ukcglobal,0,1,0.0,1.0
varunv04,0,1,0.0,1.0
TarunPinto,0,2,0.0,2.0
AyanPillai,0,2,0.0,2.0
adithyaviswa97,0,1,0.0,1.0
pkopinion,0,3,0.0,4.0
shyag75,0,2,0.0,2.0
shashikantips54,1,2,1.0,2.0
itsarpitt,0,1,0.0,1.0
PalSrish,0,3,0.0,3.0
FundntoHate,0,1,0.0,1.0
MehekF,4,0,5.0,0.0
GaitondeVaman,0,2,0.0,2.0
bookcollectr,0,3,0.0,3.0
CMMerchant2,0,3,0.0,3.0
ashishfeb20,0,2,0.0,2.0
anechidna,0,3,0.0,3.0
VikasDapke2,0,1,0.0,1.0
hodophilicx,0,1,0.0,1.0
dkripalani,0,1,0.0,1.0
IamPKGupta,0,8,0.0,10.0
Fit_Pandit,0,2,0.0,2.0
R_Shirish_Photo,0,2,0.0,2.0
SayedBangalore,0,2,0.0,3.0
dr_rajpurohit,1,8,1.0,12.0
OwnKingAmir056,0,2,0.0,2.0
Mdzab2000,0,1,0.0,1.0
Arunkumar2050,0,1,0.0,1.0
VVG1934,0,1,0.0,1.0
Jit_indian,0,3,0.0,3.0
ramuk_yaja,0,1,0.0,1.0
rajuchitrada,0,2,0.0,2.0
IshwarS90233688,0,1,0.0,1.0
dk_umar,0,1,0.0,1.0
MilapDas4,0,1,0.0,1.0
SivanThiruveng1,0,1,0.0,1.0
Chandan13666138,0,2,0.0,2.0
negihimanshu321,0,1,0.0,1.0
ardhenduwriter,0,2,0.0,2.0
DkReach2,0,1,0.0,1.0
advocateravigup,0,2,0.0,2.0
sk66_s4,0,3,0.0,3.0
RKshivaraj_,0,1,0.0,1.0
Terraformre,0,1,0.0,1.0
RjrounakRj,0,1,0.0,1.0
ravisomarapu,0,2,0.0,2.0
trishurtiger,0,2,0.0,2.0
IndicWanderer,0,5,0.0,5.0
Touheedinc,0,1,0.0,1.0
SwayamMyself,0,1,0.0,1.0
alokg2k,3,1,3.0,1.0
namandixit9,0,3,0.0,3.0
SanjayJose1994,0,1,0.0,2.0
nirajjournalist,0,2,0.0,5.0
sunilsinghknp,0,1,0.0,1.0
OfficialAditya6,0,4,0.0,5.0
Bharath17070787,0,1,0.0,1.0
Who_Abhijeet,0,2,0.0,2.0
prafulm1307,0,1,0.0,1.0
dhairya_bhatt07,0,1,0.0,1.0
satish_reena,1,1,1.0,1.0
PadhyeAnish,0,1,0.0,1.0
NikBharat,0,1,0.0,1.0
Ashu32242023,0,1,0.0,1.0
vissu70,0,1,0.0,1.0
rupeshpatil999,0,2,0.0,2.0
AnilJad34121521,0,2,0.0,2.0
cvkrishnan,19,4,20.0,5.0
sawpnil991,2,2,2.0,5.0
BHRIGUVANSHAJ,0,2,0.0,2.0
NavinX2,0,1,0.0,1.0
imkthakkar,0,1,0.0,1.0
87allahabad,0,2,0.0,2.0
forexmayhem,0,11,0.0,17.0
ShridharMenon1,0,1,0.0,1.0
ndmehta19,1,1,1.0,1.0
iamAmoghShambu,0,2,0.0,5.0
Sandeep39595301,0,1,0.0,1.0
shangsopou,0,3,0.0,3.0
SanjivDas74,1,1,1.0,1.0
sumant_ahir,0,1,0.0,1.0
Mohamma66603918,0,2,0.0,3.0
UrMelodies,0,1,0.0,1.0
AnudeepLohgaon2,0,2,0.0,3.0
GAB_Indian,0,1,0.0,1.0
NylaKayani,0,2,0.0,2.0
SHRiNY6,0,4,0.0,5.0
100rabhsingh781,2,0,2.0,0.0
soothsayer80,0,1,0.0,1.0
ninadsheth,0,1,0.0,1.0
PraveeenAg,0,4,0.0,8.0
MithunGavhane,0,1,0.0,2.0
BoomBaam6969,0,1,0.0,1.0
Nimesh_YB,0,1,0.0,1.0
ManishBhale,0,1,0.0,1.0
RajatRa55588427,0,1,0.0,1.0
BhabaniShSingh,0,1,0.0,1.0
pravingandhino1,0,13,0.0,16.0
sanjay_samras,0,2,0.0,4.0
msondur9,0,2,0.0,2.0
dradarshsharma,0,1,0.0,2.0
delhison,0,1,0.0,1.0
BABURAJANKV1,0,1,0.0,1.0
cleanuptoot,0,1,0.0,1.0
Iswetranjan,0,1,0.0,1.0
sumitadc,0,1,0.0,1.0
samtrivandrum,0,1,0.0,1.0
anurag0785,0,1,0.0,1.0
pawanjk2014,0,3,0.0,3.0
yogeswaran146,0,5,0.0,5.0
JethalalBapu,0,1,0.0,1.0
Earlhastings1,2,0,2.0,0.0
HansrajBiradar6,0,1,0.0,1.0
prashant6401,0,2,0.0,2.0
JAYSINGRPK,0,2,0.0,2.0
ParijaatSharma,0,1,0.0,1.0
reddynprathima,0,3,0.0,3.0
siddharthBiplav,0,4,0.0,4.0
madman19836733,0,1,0.0,1.0
sdhrtm,0,1,0.0,1.0
vtchakarova,3,0,4.0,0.0
aseem_indian,0,1,0.0,1.0
pratheesh_Hind,2,0,2.0,0.0
SubbaRaoTN,18,1,18.0,1.0
MAJORshailendra,0,1,0.0,1.0
kritiitweets,5,0,5.0,0.0
UdayRajSinghBo1,0,7,0.0,11.0
abhi_abhi_1,0,1,0.0,1.0
Abhiram49780861,0,3,0.0,3.0
asiabintiramzan,0,1,0.0,1.0
SwarupD08081111,0,1,0.0,1.0
Rudra_TheArcher,0,1,0.0,1.0
Rajsoraba,0,2,0.0,2.0
PrashanthKalasa,0,1,0.0,1.0
Abh26502907,0,2,0.0,2.0
rakeshkhar,1,0,1.0,0.0
ARBelagali,0,1,0.0,1.0
CdrPawanSanan,0,1,0.0,2.0
dewassethi,0,2,0.0,2.0
Ozymandd,0,4,0.0,4.0
STAR_KollyWood,0,1,0.0,1.0
krishna0302,1,0,1.0,0.0
RazzilDarkbrew5,0,3,0.0,3.0
jahangirseikh3,0,1,0.0,1.0
Ashi1907,0,1,0.0,1.0
shaneilahi,0,2,0.0,2.0
iamsantoshnayak,0,1,0.0,1.0
SundayTweeter,0,1,0.0,1.0
htTweets,147,0,183.0,0.0
deepakkmangal,1,3,1.0,3.0
Aby_Indian,0,1,0.0,1.0
VeerPatilRaikod,0,1,0.0,1.0
agnt_krishna12,0,1,0.0,1.0
SanjayM97604372,0,1,0.0,1.0
kaverikavz,0,1,0.0,1.0
HTSmartcast,0,1,0.0,1.0
Raawalgopal,0,1,0.0,1.0
airgod_anil,0,1,0.0,1.0
CreativeGulshan,0,3,0.0,4.0
iprateekchauhan,0,1,0.0,1.0
ManojSheth_,0,1,0.0,1.0
NeelVaidya7,0,1,0.0,1.0
HASMUKH33376886,0,1,0.0,1.0
DrMandeep17,0,3,0.0,3.0
pavanbhandari,0,1,0.0,1.0
Straightsid,0,1,0.0,1.0
SomaniSampat,0,1,0.0,1.0
chinassp,0,2,0.0,2.0
Vinay10071150,0,1,0.0,1.0
RajivNemaIndori,0,2,0.0,2.0
Gup_gup_gup04,0,1,0.0,1.0
CASanjaykapoor_,0,1,0.0,1.0
Ravi_prakash789,0,2,0.0,2.0
vinitpratap,0,1,0.0,1.0
PrimusPrimusIn1,0,2,0.0,2.0
Namrata_Joshi,0,1,0.0,1.0
D7349181464,0,2,0.0,2.0
SushilMohanty1,1,1,1.0,1.0
SirClouseau,1,6,1.0,6.0
NPatnaikOdisha,3,1,3.0,1.0
jonejaop,0,1,0.0,1.0
KTRASHOKG,0,1,0.0,1.0
kesavaram_m,0,1,0.0,1.0
MyNation_net,0,2,0.0,2.0
Khul_doon,0,2,0.0,2.0
sreehns1234,0,1,0.0,1.0
SaGp0872,0,2,0.0,2.0
MysteryBlitz,0,4,0.0,5.0
NewsX,12,2,16.0,4.0
VinayShindeBlr,0,2,0.0,2.0
kashmir_my_land,0,5,0.0,5.0
KHORASAN112,0,1,0.0,1.0
PrakashThakur79,0,1,0.0,1.0
MohideenBH,1,1,1.0,1.0
Madhugirimodi,0,1,0.0,1.0
Dr_revolution_,0,5,0.0,5.0
SatyaBanerji,1,0,1.0,0.0
Chaitanya_CM21,0,2,0.0,2.0
SobanYusuf,0,3,0.0,3.0
Nakir_Zaik,0,1,0.0,1.0
KTR_News,21,0,21.0,0.0
Kanthan2030,13,0,13.0,0.0
GURUprasun,0,1,0.0,1.0
sheshgi50447624,0,1,0.0,1.0
sandeep_tiku,0,3,0.0,3.0
annamalai_chap2,11,0,11.0,0.0
AGopalKI,1,2,1.0,2.0
Saravana_2785,1,3,1.0,7.0
vrmahajan,0,2,0.0,2.0
ANITARATHI,0,1,0.0,1.0
ceekaysharma,0,1,0.0,1.0
SVOjha,0,1,0.0,1.0
funtasticindian,1,0,1.0,0.0
ChandraPrasadP9,0,1,0.0,1.0
santhoshmagadi,1,1,1.0,1.0
patil_kaviraj,0,1,0.0,1.0
CJBdingo25,15,4,15.0,4.0
SuriJaved,0,1,0.0,1.0
AgnimitraGhosh2,0,1,0.0,1.0
RaghunathanKR3,0,2,0.0,2.0
D3m0N50uL,0,1,0.0,1.0
RohitRipu100,0,1,0.0,1.0
rhumour_D,0,1,0.0,2.0
rurap11,0,3,0.0,3.0
ash66592370,0,1,0.0,1.0
1008ankurpuri,0,2,0.0,2.0
DRVINODGUPTA,0,1,0.0,1.0
mandarmokery,2,0,2.0,0.0
AroopDatta,0,2,0.0,2.0
Jai050600,0,4,0.0,4.0
P1_Doc,0,4,0.0,4.0
Sanjeet18087270,0,2,0.0,3.0
Vidyut,5,0,6.0,0.0
vasagadekar,0,2,0.0,2.0
PalaUmesh,0,8,0.0,12.0
svaradarajan,28,1,30.0,2.0
KetPan,0,2,0.0,2.0
MuraliSeshadri,1,0,1.0,0.0
puja_yogya,0,2,0.0,2.0
debarchanrout,0,1,0.0,1.0
SudarshanMagen1,0,1,0.0,1.0
HashTagCricket,1,0,1.0,0.0
only_aks,0,3,0.0,3.0
omarali50,27,5,29.0,5.0
BarpagaSurjit,0,1,0.0,1.0
satyokindian,0,1,0.0,1.0
neerajyajnik,0,1,0.0,1.0
NishaThakur1997,0,1,0.0,1.0
Abhishe68548831,0,1,0.0,1.0
ksatish80236248,0,1,0.0,1.0
nmajumdar,0,1,0.0,1.0
rupamsarkar,0,4,0.0,4.0
NanditaaMisra,1,3,1.0,3.0
VajraKulkarni,1,4,1.0,4.0
MrX97407839,0,2,0.0,2.0
Bala141276,0,2,0.0,2.0
MahadevaiahMy,0,2,0.0,2.0
DrUCP,0,1,0.0,1.0
vinod_sharma,10,0,10.0,0.0
janusmyth,1,0,1.0,0.0
iampbhati,0,2,0.0,2.0
jubildas,0,5,0.0,5.0
ParasKGhelaanii,8,7,9.0,10.0
aquibmir71,0,1,0.0,1.0
Ramendr42011516,0,2,0.0,2.0
naveenkg05,0,2,0.0,2.0
DasNandini97,0,1,0.0,1.0
sdhrthmp,1,0,1.0,0.0
akhyansu13,0,1,0.0,1.0
TruthReal4,0,1,0.0,1.0
AjitBhaskar8,0,3,0.0,4.0
Thevipinpandey,0,2,0.0,2.0
thepratikwadhwa,0,1,0.0,1.0
Kamal1800,1,4,1.0,4.0
MKG_II_0,0,2,0.0,2.0
AnuKolli3,0,1,0.0,1.0
jayatalkshow,0,7,0.0,9.0
tuttu_vimal,0,4,0.0,4.0
soniakh64294579,0,1,0.0,2.0
laquerhead95,0,1,0.0,1.0
RavindraGautam_,0,5,0.0,5.0
ShikharDixit8,0,1,0.0,1.0
anandpur_exile,1,1,1.0,1.0
amitsinha_it,0,1,0.0,1.0
Shankar49677,0,1,0.0,1.0
eventssanjay007,0,3,0.0,3.0
Mohamed82021870,0,1,0.0,1.0
Shilvant_P,0,1,0.0,2.0
Chhibba2Ranjan,0,1,0.0,1.0
DamodarHegde4,10,13,13.0,16.0
shreesen69,0,1,0.0,1.0
RameshC89161658,0,1,0.0,1.0
adityajoshipura,0,1,0.0,1.0
kamaalrkhan,37,1,39.0,2.0
KashiJena,0,1,0.0,1.0
basaham,0,1,0.0,1.0
KreatelyMedia,3,0,3.0,0.0
134Bandari,0,1,0.0,1.0
Raj7974,0,1,0.0,1.0
gayatri008_16,3,0,3.0,0.0
mervynperry,0,1,0.0,1.0
budbukbum1,0,4,0.0,4.0
mahifanboy,1,2,1.0,4.0
dharmamkarmam,0,1,0.0,1.0
zoophilist_iam,0,1,0.0,1.0
makcool335,0,1,0.0,1.0
Niju_TLY,0,1,0.0,1.0
thiru92030956,0,1,0.0,1.0
ghanajit,0,1,0.0,1.0
BangaloreMirror,3,0,4.0,0.0
DrParulChandra1,0,1,0.0,1.0
msjlobo,0,1,0.0,1.0
cchandramouli1,0,1,0.0,2.0
ScithRickley,0,1,0.0,1.0
Kis22032021,0,1,0.0,1.0
Varun_etah,0,3,0.0,3.0
SouthAsian9,0,2,0.0,2.0
Yash_Ag_11,0,1,0.0,1.0
Vivek_Joshi_87,0,1,0.0,1.0
PieUponPie,0,1,0.0,1.0
ANPathak1997,0,1,0.0,1.0
parthagee,1,0,2.0,0.0
purohitvaibhav,1,1,1.0,2.0
harindranatahan,0,1,0.0,1.0
JerathNakul,0,2,0.0,2.0
tamalm,0,1,0.0,1.0
kumarrohit_74,0,8,0.0,8.0
PritamC1981,0,1,0.0,1.0
JasonFR4,0,1,0.0,1.0
inthehardrain,0,2,0.0,2.0
businessline,2,2,2.0,2.0
shubh_7,0,1,0.0,1.0
pkmanglik,0,1,0.0,1.0
NarayanLalMali_,0,1,0.0,1.0
ProudHinduPS,0,4,0.0,4.0
arshda49,0,1,0.0,1.0
kjonnakadla,0,1,0.0,1.0
Munavvar_4u,0,1,0.0,1.0
WhoNehr,0,1,0.0,1.0
SanthoshRaman6,1,2,1.0,2.0
ViplavModi3,1,0,1.0,0.0
niranjan2428,2,0,2.0,0.0
arnav_ganguly,0,1,0.0,1.0
sharmahemant241,0,2,0.0,2.0
freewelfare1,0,1,0.0,1.0
PritamR52763008,0,3,0.0,3.0
Dv_Ankit,1,0,1.0,0.0
Rishiyadv,0,1,0.0,1.0
ramkumarjha,1,0,1.0,0.0
younusakmogral,0,6,0.0,8.0
yogyKS,1,3,1.0,3.0
mohamedsalahpvm,0,1,0.0,1.0
realLampukistan,0,1,0.0,1.0
Vishunuchittan,0,2,0.0,2.0
SravastiDasgup2,1,0,1.0,0.0
MrinalWahal,1,0,1.0,0.0
pranamkrishnap,0,1,0.0,1.0
sanjay1kohli,0,1,0.0,1.0
Apurvaa1,0,7,0.0,7.0
Appu_Smiles,0,2,0.0,2.0
swanirbhar,0,3,0.0,3.0
BibhudattaSwain,0,1,0.0,1.0
BirendraJha_UP,0,2,0.0,2.0
RRFan78826120,0,2,0.0,2.0
Dharmen00307320,0,2,0.0,2.0
Politics_inVein,0,2,0.0,2.0
pburavalli,0,1,0.0,1.0
AmitabhBarooa,0,2,0.0,2.0
karmanomad,2,0,2.0,0.0
shrinkharis,0,8,0.0,8.0
Kumar27485407,0,1,0.0,1.0
TruthHurts737,1,3,1.0,3.0
GiridharIndia15,0,2,0.0,2.0
Ambar_Aum,0,1,0.0,1.0
kushgarg12,0,1,0.0,1.0
Avininder2,0,1,0.0,1.0
Kaushik_Sahab1,0,1,0.0,1.0
QaziSpeaks,0,1,0.0,1.0
_vikrantsingh,0,1,0.0,1.0
Srishhtii0912,0,1,0.0,1.0
sarabpal_singh,0,1,0.0,1.0
prateikvernekar,0,1,0.0,1.0
AGSawant,7,1,9.0,1.0
jaishesh,0,1,0.0,1.0
BHKspeaking,1,0,1.0,0.0
BhavsinghCG,0,2,0.0,2.0
Jaygini,0,1,0.0,1.0
SatishAtram07,0,1,0.0,1.0
MildLaxative,0,1,0.0,1.0
ashokpurandare,1,1,1.0,1.0
OpinionsInd,0,2,0.0,2.0
amitaitc2,0,2,0.0,2.0
gautam_mufc,0,1,0.0,1.0
noendingsight,0,6,0.0,18.0
BigBongTheory,0,1,0.0,1.0
sidharth_jain,0,2,0.0,2.0
prnmohan,1,2,1.0,3.0
PrasenjiTweets,0,2,0.0,2.0
prasannavishy,10,0,10.0,0.0
BipinTrivedi2,0,5,0.0,6.0
SachinSkharge9,0,2,0.0,2.0
TeamBharatiya,0,1,0.0,1.0
pradeepgoud11,1,0,1.0,0.0
nvats429,0,1,0.0,1.0
T_Jenish21,0,1,0.0,2.0
arpitagarwal5,0,1,0.0,1.0
Indian_devpatel,0,2,0.0,2.0
jaiminpatel_21,0,1,0.0,1.0
Arjunpowers,0,1,0.0,1.0
AdvJebiMather,4,1,4.0,1.0
rodsharma109,0,2,0.0,2.0
SaimKhan123678,0,1,0.0,1.0
pravindaki,0,3,0.0,3.0
Chanakya202021,0,1,0.0,1.0
laserkwh,0,1,0.0,1.0
anirudhIT,0,1,0.0,1.0
cnpawar,0,8,0.0,11.0
theriddler1044,0,1,0.0,1.0
MallikarjunaCB,0,6,0.0,12.0
raghav_kulkarni,0,1,0.0,1.0
AsutoshB,0,1,0.0,1.0
afshanadeeb,0,2,0.0,2.0
tiwari_shirish,0,1,0.0,1.0
Insafia46047921,0,2,0.0,2.0
snehalpatel1958,0,1,0.0,1.0
fanboysidnaaz,0,1,0.0,1.0
PluralDharmi,0,1,0.0,2.0
bystander0071,0,1,0.0,1.0
srinivazvasu,0,1,0.0,1.0
LachhmanBhatia,1,3,1.0,3.0
hemantmeshram,0,4,0.0,4.0
RAW_Agent69,1,0,1.0,0.0
panjabi_kishore,0,2,0.0,2.0
Sykotkhan426,0,2,0.0,2.0
jagdish21233,0,3,0.0,6.0
aruaugust,1,0,1.0,0.0
srsm1999,0,2,0.0,2.0
vgopss,0,2,0.0,2.0
Mon86544957,0,2,0.0,2.0
Rashimdharsood,0,2,0.0,3.0
Desh_Shakeel,0,1,0.0,1.0
Adityapandey_3,0,3,0.0,4.0
branddoc,0,2,0.0,2.0
Samisha13554291,0,1,0.0,1.0
vijayshelar,1,0,1.0,0.0
DEVM84,0,1,0.0,1.0
iammohanrajat,0,2,0.0,2.0
Hangul137489521,0,5,0.0,5.0
bh0008873,0,3,0.0,3.0
RishabhPandey5,0,1,0.0,1.0
AnikMehta5,0,1,0.0,1.0
FZ1610,1,7,4.0,7.0
LowCarbLyfStyle,0,2,0.0,4.0
connectajitcpr,2,0,2.0,0.0
i_simplecitizen,0,6,0.0,6.0
HarshalIdea,0,1,0.0,1.0
Talwinder20,0,7,0.0,7.0
reallpriyaa,0,2,0.0,3.0
Anandbiha,0,1,0.0,1.0
BURHANUDDINDHAR,0,1,0.0,1.0
colorofpecock,0,1,0.0,1.0
Mystic_Soul25,2,4,2.0,5.0
ramshan23,0,1,0.0,1.0
jahanzaibkalwa2,0,1,0.0,1.0
Yogivipul2,0,1,0.0,1.0
SanataniYoddha,0,3,0.0,3.0
Kevin_DSouza13,1,0,1.0,0.0
Sandeep47840771,0,1,0.0,1.0
upendrakbisht,0,1,0.0,1.0
00012vv,0,1,0.0,2.0
GaungooShabbir,0,1,0.0,1.0
vibhabhalla16,0,2,0.0,2.0
IND_CKT,0,1,0.0,1.0
ASBhaskar03oct,0,4,0.0,4.0
imrohitjaiswal,0,1,0.0,1.0
vinaytalwar,0,1,0.0,1.0
NewsMobileIndia,0,2,0.0,7.0
SharatHigh,0,4,0.0,4.0
AliSharaqi,0,1,0.0,1.0
HR_Profession,0,2,0.0,2.0
starkked,1,0,1.0,0.0
nandunaada,0,2,0.0,2.0
yogendravyas63,0,2,0.0,2.0
NoushadRahman,0,1,0.0,1.0
mikeokhuge,0,3,0.0,3.0
Athiathullah,0,3,0.0,4.0
varidhi,0,1,0.0,1.0
kcl0391,1,1,1.0,1.0
India4Indians_,0,1,0.0,1.0
KTRBRS,79,0,84.0,0.0
purnendudl,0,1,0.0,1.0
Savitritvs,10,0,21.0,0.0
bhuvnsharma,0,1,0.0,1.0
SezzarP,0,1,0.0,1.0
IndiaSocialGame,0,2,0.0,2.0
FinalPoint8,0,1,0.0,1.0
malujagdish,0,1,0.0,1.0
Sharat1951,0,1,0.0,1.0
DoctoredSpeech,0,11,0.0,28.0
hariiyengaar,0,1,0.0,1.0
ishan_tamhane,0,2,0.0,3.0
rajeshL43769058,0,1,0.0,1.0
60secdrama,0,1,0.0,2.0
Kotadiya27,0,1,0.0,1.0
Indianaawaz,0,1,0.0,1.0
satyaa1951,0,2,0.0,2.0
Bestof2023,0,4,0.0,4.0
anujtyagi52524,0,3,0.0,3.0
bobafetta3050,0,2,0.0,2.0
khan_shadaab,0,1,0.0,1.0
rakeshk01026743,0,1,0.0,1.0
bhavin614,0,2,0.0,2.0
AndrabiNadeem,0,1,0.0,1.0
rohitjsarma,0,2,0.0,2.0
BalochShozab,0,1,0.0,1.0
DGMMehta,0,3,0.0,3.0
SiddMSI,0,1,0.0,1.0
bulleyah,1,0,1.0,0.0
VisionPakistan,0,8,0.0,8.0
apfromfb,0,2,0.0,2.0
JSamuel_today,0,1,0.0,2.0
Shriramnayaka7,0,1,0.0,1.0
KamalTypo,0,2,0.0,2.0
unmappedBrain,0,1,0.0,1.0
RandallMaloney5,2,7,2.0,10.0
AmitKum77447027,0,1,0.0,1.0
anesthesiadoc71,0,1,0.0,1.0
sidhupuria123,0,1,0.0,1.0
karthikarya28,0,1,0.0,2.0
JayShan11001552,0,1,0.0,1.0
rajeshdubey934,0,2,0.0,2.0
rajRKpandey,0,5,0.0,5.0
Maltesh56536403,0,1,0.0,1.0
ashok_sugla,0,1,0.0,1.0
BeingHariom,0,1,0.0,1.0
De2Rao,0,2,0.0,2.0
1PanditJi,0,1,0.0,1.0
Atish51578335,0,2,0.0,2.0
sp290967,0,1,0.0,1.0
sak_jeelani,0,2,0.0,2.0
waglenikhil,66,0,67.0,0.0
sdeora601,0,2,0.0,3.0
GPilakkal,0,1,0.0,1.0
akfromindia,1,4,1.0,4.0
KDSingh_19,1,1,1.0,1.0
prakash_supra,0,1,0.0,1.0
sameerkiyer,0,2,0.0,2.0
iamsrk_2004,0,1,0.0,1.0
NishankJain2,0,1,0.0,1.0
simukherjee,0,2,0.0,2.0
abhinav23087993,0,1,0.0,2.0
weirdlogic2018,0,1,0.0,1.0
DneshGoel,0,1,0.0,1.0
PrakashChakra,0,2,0.0,6.0
RaghupathiBhat,2,2,2.0,2.0
TripRR,0,2,0.0,2.0
naval_rawat21,0,2,0.0,2.0
Rajali1910,0,3,0.0,3.0
Velo94682356,0,1,0.0,1.0
gerryshih,3,1,3.0,1.0
LMulrajani,0,2,0.0,2.0
AgrwalUjjwal,1,2,1.0,2.0
DesanaLiving,0,5,0.0,6.0
porus_Numbardar,0,1,0.0,1.0
Bhatt17Lalit,0,1,0.0,1.0
bengaluruputra,0,3,0.0,3.0
ayushsi8679,0,1,0.0,1.0
pulkit2204,0,2,0.0,3.0
iNeelesh,0,2,0.0,2.0
Karthik_Pantham,1,0,1.0,0.0
jonathanalal,0,3,0.0,5.0
EJitheesh,0,1,0.0,1.0
chchandra,0,1,0.0,1.0
ajayrangole2018,0,1,0.0,1.0
sk05_k,0,2,0.0,2.0
r_insa,0,1,0.0,1.0
d_extrovert,0,1,0.0,1.0
DarshanDiyora,0,3,0.0,3.0
kaul4,0,2,0.0,2.0
Boonie79891964,0,1,0.0,1.0
onjayan,0,1,0.0,1.0
ravee02,0,3,0.0,3.0
from_Samir,0,1,0.0,1.0
DaraBhupendra,1,3,1.0,3.0
kendap24,0,2,0.0,2.0
Indiannomadic,0,1,0.0,1.0
DrRGAnandIND,0,1,0.0,1.0
ChimiCh62611184,0,1,0.0,1.0
philpjg,2,1,2.0,1.0
Kushaaaaaan,2,4,2.0,4.0
phanirekha,0,1,0.0,1.0
krishPK008,0,1,0.0,1.0
sarathikg1,2,2,2.0,2.0
anjankumaran,0,1,0.0,1.0
RajeevChullikad,0,3,0.0,3.0
rrao74,0,1,0.0,1.0
LIONSROAR6,0,8,0.0,9.0
shivakumar28573,0,1,0.0,1.0
Shaalr1,0,1,0.0,1.0
DIVYAAM_1979,0,7,0.0,7.0
PradeepShetty99,0,1,0.0,1.0
Mgaurav_,0,1,0.0,1.0
ssavinash,0,1,0.0,1.0
ShrinivasMahale,0,1,0.0,1.0
thebritishhindu,8,0,8.0,0.0
DrjpreddyReddy,0,3,0.0,3.0
anshumansingh79,0,2,0.0,2.0
akaljotakalbir,0,1,0.0,1.0
lpadathe,0,3,0.0,4.0
unofficialO07,0,1,0.0,1.0
BrijeshDeshmukh,0,4,0.0,5.0
jagadishgowda7,0,1,0.0,1.0
Francis_Joseph,1,0,1.0,0.0
SaanjuS,1,1,1.0,1.0
Ideator_Atom,1,1,1.0,1.0
kumarsamarth33,0,2,0.0,2.0
Hrithik______M,0,1,0.0,1.0
common_man243,0,4,0.0,4.0
rcm1978a,0,1,0.0,1.0
Vasudev00411816,0,4,0.0,5.0
SatishRaoMagan1,0,2,0.0,2.0
bhsmsp,0,2,0.0,2.0
rixit81,0,1,0.0,1.0
MEMONMOIN_,0,2,0.0,2.0
lawgate_IN,0,7,0.0,18.0
ShiRishGandhi99,0,1,0.0,1.0
iamRockStar01,0,1,0.0,1.0
ItsSK007,0,1,0.0,1.0
TrivikramLahot1,0,1,0.0,1.0
salemgopinath,0,2,0.0,2.0
SurajGupta00,0,1,0.0,1.0
ravirao83,0,4,0.0,5.0
vishnur47235442,0,1,0.0,1.0
BPRay8,0,1,0.0,1.0
ShreeShreeDil,0,3,0.0,3.0
amitdel83,0,3,0.0,3.0
SailendraDarbha,0,1,0.0,1.0
shank111991,0,1,0.0,1.0
vinoims,0,1,0.0,1.0
Anshuljain59,0,1,0.0,1.0
amitakjain,0,9,0.0,10.0
therahulnair7,0,2,0.0,2.0
ronak118,0,1,0.0,1.0
iithabhinav,0,1,0.0,1.0
sudhanshugore,0,3,0.0,4.0
abtweeted,0,1,0.0,1.0
Rakeshdhiman54,0,4,0.0,6.0
1995AKASH_deep,0,1,0.0,1.0
prabudha_d,0,1,0.0,1.0
SanjayR24076281,0,1,0.0,1.0
Sriman356,0,1,0.0,1.0
ArvinderSinghw1,0,1,0.0,1.0
Tanmoy_Fetsu,1,0,1.0,0.0
HiKibria,0,1,0.0,1.0
surnell,7,0,7.0,0.0
Thethouthou,0,1,0.0,1.0
DurgeshNarayan9,0,1,0.0,1.0
FearlessMind001,0,2,0.0,2.0
Ahmedbaloch1111,0,2,0.0,2.0
MVenkatarayappa,0,2,0.0,2.0
vin_Bharat,0,1,0.0,1.0
JagdevS18161249,0,5,0.0,6.0
Shubhampatil311,0,3,0.0,3.0
mani24sjcpl,0,68,0.0,297.0
chhatithokke,0,3,0.0,4.0
chayasutra,0,1,0.0,1.0
becreater,0,1,0.0,1.0
Purecreative,0,2,0.0,2.0
docani7,0,1,0.0,1.0
dhruva1208,0,2,0.0,2.0
twittkart,1,3,1.0,3.0
pryadav0023,0,2,0.0,2.0
AJsmilemerchant,0,1,0.0,1.0
Krisb39,0,2,0.0,2.0
SWARAJ_1947,0,1,0.0,1.0
TheFederal_in,2,0,2.0,0.0
w_a_n_d_e_rer,0,2,0.0,2.0
anandvijay210,1,2,1.0,2.0
RakenduSharma,0,1,0.0,1.0
MananNarul13938,0,1,0.0,1.0
CNNnews18,119,4,167.0,6.0
rafinale,0,1,0.0,1.0
swetankm,0,1,0.0,1.0
jaiminIndian,0,2,0.0,2.0
ArvindVishwak10,1,0,1.0,0.0
Sandeyadav,0,1,0.0,1.0
manjusvoice,0,2,0.0,2.0
papaka_paraa,0,3,0.0,5.0
ImranKh60770780,0,1,0.0,1.0
dgkSamurai,0,3,0.0,3.0
P_S_Chaitanya,0,1,0.0,1.0
DipenPlusd,0,1,0.0,1.0
iamThamem,0,3,0.0,3.0
prasad_gohad,0,1,0.0,1.0
IftikharD,0,1,0.0,1.0
Nicknamzoom,0,2,0.0,2.0
as_kapoor,1,2,1.0,5.0
msjsharma,0,1,0.0,1.0
MikeBul15385320,0,1,0.0,1.0
MithunTJ,0,1,0.0,2.0
chotaebazar,1,1,1.0,1.0
jasonbourne_246,0,1,0.0,1.0
bjpashishsand,0,1,0.0,1.0
DEEPAKMPALAN1,0,1,0.0,1.0
1OneInAll1,0,1,0.0,1.0
manuchandna,0,1,0.0,1.0
TheBhavnaSharma,1,3,1.0,3.0
SwarajKumarDas5,0,1,0.0,1.0
jaspalgohil,0,1,0.0,1.0
CaptDhillon,1,2,1.0,3.0
chitrananth,0,2,0.0,2.0
rubenmasc,2,0,2.0,0.0
shyvijay,1,3,1.0,3.0
surya1972,0,1,0.0,1.0
jee8778,1,1,2.0,1.0
raghvendra_rao,0,1,0.0,3.0
subhash2908,0,5,0.0,5.0
farooqaur,0,1,0.0,1.0
KarmaYogi26,0,1,0.0,1.0
truthhurts380,0,2,0.0,2.0
ambivertankit,0,1,0.0,1.0
chethboy,0,1,0.0,1.0
ShashiRanjaninc,0,2,0.0,2.0
HocusPocusPiza,0,1,0.0,1.0
AmmU_MaanU,2,9,2.0,10.0
Gud_Pathan,0,1,0.0,1.0
uttrom,0,4,0.0,5.0
jpchordiya_5,0,1,0.0,1.0
Urveshparmar1,1,0,1.0,0.0
navinks,0,1,0.0,2.0
Krishna67343637,0,1,0.0,2.0
SrinivasTalla12,0,1,0.0,1.0
PriyaranianG,0,1,0.0,1.0
anjs1551,0,3,0.0,3.0
Naveen_Arcot,0,1,0.0,1.0
Feat2Freedom,0,3,0.0,3.0
prem_janardhan,0,5,0.0,5.0
OnerousTweadde,0,1,0.0,1.0
topiwaalabhakt,0,1,0.0,1.0
Mukesh_Ambanii_,0,6,0.0,6.0
Hemanth23275424,0,3,0.0,4.0
buravllei,0,3,0.0,4.0
Llana,0,1,0.0,1.0
SinghNiraz,0,1,0.0,1.0
LehrenNetworks,0,1,0.0,1.0
yeskayess,0,2,0.0,2.0
prashirastogi,0,1,0.0,1.0
Baidyan10915241,0,3,0.0,3.0
MODIJI_helpus,2,4,2.0,4.0
nayeem_hyd,0,1,0.0,1.0
Amar12013373,0,1,0.0,1.0
petcoke7,0,1,0.0,1.0
debiduttadas,0,1,0.0,1.0
Meenu17806457,0,1,0.0,1.0
pankaj6668,0,2,0.0,2.0
anshul4bharat,0,1,0.0,1.0
RSethuR97204262,0,1,0.0,1.0
Yogi00718,1,1,1.0,1.0
prateeksinnghh,0,1,0.0,1.0
Radacristhna,0,8,0.0,9.0
klonmaximalist,0,1,0.0,1.0
manishks104,0,1,0.0,1.0
kapoor98352376,0,1,0.0,1.0
lifeofdee_pai,0,1,0.0,1.0
nagaraj_sandra,0,1,0.0,1.0
SelfDoubtist,1,0,1.0,0.0
EngrFarmanKhat1,0,1,0.0,1.0
ajay43,41,0,44.0,0.0
VedanandSingh,0,2,0.0,2.0
Sports_Kuldeep,0,1,0.0,1.0
KiranPatil16Aug,0,1,0.0,1.0
nirbagi,0,2,0.0,3.0
ShakeChilli,0,1,0.0,1.0
MetooSurya,0,8,0.0,16.0
DrumDoland,1,0,1.0,0.0
Navi_ator,0,1,0.0,1.0
sanjayezhava,0,1,0.0,1.0
VitikaVerma1,0,2,0.0,2.0
kk2012_kumar,0,2,0.0,2.0
nirvana74v,0,2,0.0,4.0
bh6642,0,1,0.0,1.0
AshishT81757237,1,0,1.0,0.0
Mohamma76567027,0,1,0.0,1.0
Mayankaryan084,0,1,0.0,1.0
ChaudhariGrv,0,1,0.0,1.0
fair_ind_guy,0,1,0.0,1.0
anikghosh,0,2,0.0,3.0
krishkant,0,1,0.0,1.0
iMac_too,21,0,22.0,0.0
SameerZinjarde,0,2,0.0,2.0
iidlpgp,3,1,6.0,2.0
darklordkk,0,1,0.0,1.0
Sushant70774362,0,1,0.0,2.0
GaulechhaNitin,1,2,1.0,2.0
Raghava92834444,0,1,0.0,1.0
INCKerala,21,1,22.0,1.0
SudeepC11,0,10,0.0,10.0
AlokRai2001,0,9,0.0,21.0
Nishanth_ra,0,1,0.0,1.0
maaomaa123,0,1,0.0,1.0
rkm14nov1967,0,1,0.0,1.0
SidhKishore,0,1,0.0,1.0
chhatwal_ravi,0,1,0.0,1.0
pkg16om,1,1,1.0,1.0
hasnainbhutto90,0,1,0.0,1.0
shahabkhanamu,0,2,0.0,2.0
Tweet_Tamizha,0,1,0.0,1.0
ajaysjha,0,1,0.0,1.0
safkass,0,1,0.0,2.0
AStArun_,0,3,0.0,3.0
RanjitSawhney4,0,1,0.0,1.0
AmitabhPoddar1,0,1,0.0,1.0
NIKHILMAHAJAN7,0,1,0.0,1.0
Rahulwrites_now,0,1,0.0,1.0
just_anuja,0,1,0.0,1.0
R_S_Sin,0,1,0.0,1.0
BishnoiManis,0,2,0.0,2.0
indian_soldier,1,1,1.0,1.0
KambleSanjay19,0,3,0.0,3.0
MinkseNinja,1,0,1.0,0.0
jayyerra,0,1,0.0,1.0
The_MalgudiDays,0,1,0.0,1.0
WhybotherMeh,1,5,1.0,5.0
KSR2536,0,1,0.0,1.0
smohantyblr,0,2,0.0,3.0
PrahladDalwadi,0,1,0.0,1.0
akshayharlikar,0,2,0.0,4.0
am4reason,0,3,0.0,4.0
RakshitKaushik6,0,1,0.0,1.0
NadeemIrfan18,0,2,0.0,2.0
kunal9706,0,1,0.0,1.0
suspendedsamir,1,1,1.0,1.0
FrancHatturf,0,1,0.0,1.0
Prattyasamutpd1,0,1,0.0,1.0
Payy00b,0,2,0.0,2.0
HemanthSingla,0,2,0.0,2.0
Aravind14114831,0,4,0.0,4.0
narasimman02692,0,1,0.0,1.0
cruzex100,0,1,0.0,1.0
yashpatelDr,0,1,0.0,1.0
imSamAcharya,0,2,0.0,2.0
santanur_roy,0,1,0.0,1.0
HarshalHin,0,1,0.0,1.0
abhishekindoria,0,2,0.0,2.0
syedjournalist_,0,1,0.0,1.0
Rahulvichaar,0,2,0.0,2.0
chetan_shetty11,0,1,0.0,1.0
langalk,0,1,0.0,1.0
Krishnakwrites,0,1,0.0,1.0
GauravMRawat,0,2,0.0,2.0
SwalihaAsiya,0,1,0.0,1.0
cvijay88,1,3,1.0,5.0
RajeevLochanSin,0,1,0.0,1.0
KayEnn70,0,2,0.0,2.0
blueberrydent07,0,2,0.0,2.0
FervidIndian,0,1,0.0,1.0
_tiwarideepak,0,1,0.0,1.0
bobbie2201,0,2,0.0,2.0
skannan_81,3,2,3.0,2.0
PrafullaDeshmuk,2,0,2.0,0.0
ShivamG54115604,0,1,0.0,1.0
KadakChaa,0,1,0.0,1.0
Physcho_user,0,1,0.0,1.0
AusPakLAD,0,1,0.0,2.0
jagadisha1,0,2,0.0,2.0
samyakjain1991,0,1,0.0,1.0
behindthestumps,0,1,0.0,1.0
sadanandtikare,0,3,0.0,4.0
somuandeli,0,2,0.0,2.0
SammyVada,3,0,3.0,0.0
Sherbatare,0,2,0.0,2.0
kantivaghela70,0,3,0.0,3.0
AshokKu75217669,0,1,0.0,1.0
yash_gp,0,3,0.0,3.0
rashsinha,1,3,1.0,3.0
Sharma_Vin_ay,0,2,0.0,2.0
SuryaPattamadai,0,1,0.0,1.0
Taru_Sarvesh,1,0,1.0,0.0
SivamaniEllappa,0,1,0.0,1.0
JhaSanjay,248,0,275.0,0.0
Namratakm,0,5,0.0,5.0
Nikhil08274654,0,1,0.0,1.0
DevaDjm,0,1,0.0,1.0
ashwani_jaswal,0,1,0.0,1.0
surendernath_r,0,1,0.0,1.0
cut_heal,0,1,0.0,1.0
0vij1t,0,4,0.0,4.0
NAG58339191,0,5,0.0,5.0
Nononsensezind1,0,1,0.0,1.0
RajAggarwl,0,1,0.0,1.0
bdineshkumarre7,0,1,0.0,1.0
abrar383,0,1,0.0,1.0
monishgoyani,0,1,0.0,1.0
rpkulkarni,0,2,0.0,2.0
drkiranvs,1,1,1.0,1.0
rajlalwani,0,2,0.0,2.0
_YogendraYadav,50,0,52.0,0.0
MindfulTelugu,0,1,0.0,1.0
artemisindenial,0,3,0.0,3.0
maarhea,0,1,0.0,1.0
SinghAditya82,0,4,0.0,4.0
ashish_nishuu,0,1,0.0,1.0
PranavJayade,0,4,0.0,4.0
knpnayyar,1,1,2.0,1.0
himanshupmehta,0,4,0.0,5.0
64wdelgado,1,5,1.0,5.0
torquewater,2,2,2.0,2.0
ImTanujSingh,7,0,7.0,0.0
Cardamo77920366,3,1,3.0,1.0
diasaubrey88,0,1,0.0,1.0
Alien_GoodOne,1,1,1.0,1.0
ThammaiahU,0,1,0.0,1.0
teddy_wala,0,1,0.0,1.0
AamAadmiWale,0,2,0.0,2.0
RaviPatelIN,0,1,0.0,1.0
avinashrsharma5,0,1,0.0,1.0
sandeep73232326,0,1,0.0,1.0
vjohnmail,0,1,0.0,1.0
NareshS30632852,0,5,0.0,8.0
Caffeine__coder,0,1,0.0,1.0
law_liet85,0,1,0.0,1.0
AjayPawar9009,0,1,0.0,1.0
VarenderChopra,1,1,1.0,1.0
BroadheathKC,0,1,0.0,1.0
Vishesh110011,0,3,0.0,3.0
RagjayaRamesh,0,2,0.0,2.0
bomber_ant,0,1,0.0,1.0
002_akash,0,1,0.0,1.0
Pravin_Ratthi,0,1,0.0,1.0
krishnasidar8,0,1,0.0,1.0
Gabaakshay21,0,1,0.0,1.0
Sayitloudlynow,0,1,0.0,1.0
pongapandu,0,2,0.0,2.0
Pradeep_Mahaur,3,2,3.0,2.0
BukhariKhadeer,0,1,0.0,2.0
FinancialXpress,7,0,7.0,0.0
bahraichse,0,5,0.0,5.0
VRSHARMA1947777,0,1,0.0,1.0
rumanaqureshi22,0,1,0.0,1.0
ihaveaview,0,1,0.0,1.0
GP86721221,0,2,0.0,2.0
anand1subhash,0,5,0.0,5.0
Bee_sick6,0,1,0.0,1.0
Iftikhar_Misgar,1,0,1.0,0.0
Brahmos59,0,1,0.0,1.0
Aggarwal__86,1,1,1.0,1.0
LongshiKikon7,0,1,0.0,1.0
VineetAhlawat8,0,1,0.0,1.0
BhanuLamba1,0,1,0.0,1.0
HIMESH_SS,3,7,14.0,7.0
SHREYASHKARAN,0,1,0.0,1.0
VBarnela,0,2,0.0,2.0
LogiTalks,0,1,0.0,1.0
rahulagg1,0,1,0.0,1.0
TheVivekSharma,0,1,0.0,1.0
shantanu__muley,0,1,0.0,2.0
gs_reddy_,0,1,0.0,1.0
sudhamanibjp,0,1,0.0,1.0
AnsariiTweets,0,2,0.0,2.0
abhaymanagoli,0,3,0.0,3.0
Nishant1624,0,3,0.0,3.0
ani1yadav,0,1,0.0,1.0
JPALWAR,0,1,0.0,1.0
yogeshm76905495,0,1,0.0,1.0
deepakbegins,0,1,0.0,1.0
rekhagm,0,2,0.0,3.0
RafeyAzeem143,0,1,0.0,1.0
sbhat_7,0,1,0.0,1.0
prettypadmaja,22,6,25.0,6.0
saviour_era,0,3,0.0,5.0
NafPresident,0,1,0.0,1.0
ravm6780,0,1,0.0,1.0
PIBBengaluru,1,0,1.0,0.0
maya206,1,0,1.0,0.0
wontsharename,0,2,0.0,2.0
IAG200,0,1,0.0,1.0
simiitweets,0,1,0.0,1.0
blassram,0,1,0.0,1.0
Pathakvb64,0,1,0.0,1.0
SheenaokaWoman,0,2,0.0,2.0
AnalystEminent,0,1,0.0,1.0
AjayBhatt0808,0,1,0.0,3.0
PiratedIndian,0,2,0.0,2.0
Jaydeep_Bapat,0,6,0.0,11.0
Mohammed11Saleh,0,1,0.0,1.0
psmanwatkar,3,18,6.0,19.0
adititanya,0,1,0.0,1.0
bhhatu,0,4,0.0,8.0
keval_magiya,0,2,0.0,5.0
nirmal_indian,1,0,1.0,0.0
MDGHALIBRIZWAN,0,2,0.0,2.0
Vivekbh89041763,0,1,0.0,1.0
gijn,0,1,0.0,1.0
boxsixty4,0,1,0.0,1.0
RajGopal27,0,1,0.0,1.0
SultanaliMir,0,1,0.0,1.0
saurabhredkar,0,1,0.0,1.0
sunnyyy58001113,0,1,0.0,1.0
SkAfsar61139611,0,3,0.0,3.0
Manjinder1967,0,1,0.0,1.0
apsdelhi,0,4,0.0,4.0
MohsinSRKFan,0,1,0.0,1.0
fanaskay,0,1,0.0,1.0
bidyutchowdhry,0,2,0.0,2.0
PhilipKuriakos4,1,3,1.0,4.0
yogeshjchnp0001,0,1,0.0,1.0
Vinodchethikkat,0,1,0.0,1.0
ArchanaAvasthi,0,1,0.0,1.0
vijayprakashu8,0,1,0.0,1.0
NeerajS13318461,0,7,0.0,10.0
prudentgoa,2,0,2.0,0.0
Makarand_S,1,0,1.0,0.0
syedssgks,0,1,0.0,2.0
IRashtraBhakt,0,1,0.0,1.0
Dem_Soc_Dem_S,0,1,0.0,2.0
hem_gem,0,1,0.0,1.0
Rakeshjeeinc,0,2,0.0,2.0
VinayKumarTS,0,1,0.0,1.0
2C_Indian,0,1,0.0,1.0
sanjayb06005135,0,1,0.0,1.0
abhijith25,0,2,0.0,2.0
SivaramJ7,2,4,2.0,4.0
WordTale,0,2,0.0,2.0
DeekPrasad,0,4,0.0,4.0
SukhpalKhaira,4,0,4.0,0.0
micr2424,0,1,0.0,1.0
iamyacoob,0,1,0.0,1.0
Ekvillian2025,0,1,0.0,1.0
Nithya2102,1,1,1.0,1.0
VibhakarB,0,1,0.0,1.0
SadiqueAzmi16,0,1,0.0,1.0
amit7794,0,3,0.0,5.0
sanjaymathgaon,0,2,0.0,2.0
Sudarshan_Mlth,1,2,1.0,2.0
gunner_rugger,0,1,0.0,1.0
RakeshRanjan134,0,1,0.0,1.0
muzzamil12,0,7,0.0,10.0
rajatkhawas,0,1,0.0,1.0
KumarBr25155808,0,3,0.0,3.0
AnnPran1,0,1,0.0,1.0
Sany_Invincible,0,1,0.0,1.0
Cgoutam51Kumar,0,1,0.0,1.0
SeethkalKushal,0,1,0.0,1.0
startrek_19,0,1,0.0,1.0
BellaKwai,0,1,0.0,1.0
AmanchaPraveen,0,1,0.0,1.0
Lenkasurat1,0,4,0.0,4.0
Ashoksingh7171,0,1,0.0,1.0
G_Arts,0,1,0.0,1.0
vskutwal666666,0,1,0.0,1.0
caprataprana,0,1,0.0,1.0
chiman1760,0,1,0.0,1.0
Ahnafff8,0,1,0.0,1.0
iamrana,5,1,5.0,1.0
GGMehta1,0,1,0.0,1.0
binger_abc,0,1,0.0,1.0
SHOTPointBlank1,1,0,1.0,0.0
CuriosInsight,0,4,0.0,4.0
Shaik05930784,0,3,0.0,3.0
JhalaGadbad,0,1,0.0,1.0
modimirror,0,1,0.0,1.0
paringala,0,1,0.0,1.0
MotheVarun,1,2,1.0,2.0
kumarvcs,0,4,0.0,4.0
OsamaJa18536561,0,1,0.0,2.0
AbhinavPankaj23,1,0,1.0,0.0
ravi_magdum,0,3,0.0,3.0
kharge,230,0,253.0,0.0
KonyKhan,0,1,0.0,2.0
dieSonne01,0,1,0.0,1.0
ishanviindian,0,3,0.0,3.0
akkirango,0,2,0.0,2.0
Kalyan2985,0,1,0.0,1.0
govindJ88010649,0,5,0.0,6.0
HarperCollinsIN,2,1,2.0,1.0
Ashankhya_G,0,2,0.0,2.0
MagnifyingFacts,0,1,0.0,1.0
mmanijay1,0,5,0.0,5.0
sublimetrekkie,0,1,0.0,1.0
jssjaya,0,1,0.0,1.0
TigerRajaSingh,5,1,6.0,1.0
michael_mahanta,0,1,0.0,1.0
NinadTweets,0,1,0.0,1.0
anusutar,0,1,0.0,1.0
dipankar8180,0,1,0.0,1.0
Latifqu07359573,0,1,0.0,1.0
13Sweetkind,0,10,0.0,10.0
rohank11,0,1,0.0,1.0
rameshlaus,3,1,4.0,1.0
suJournalist,0,4,0.0,4.0
RR1965,0,1,0.0,1.0
BHxhxx,0,1,0.0,1.0
SreeramVilla,0,1,0.0,1.0
catcheronthesly,1,0,1.0,0.0
eastbank_dc,1,1,1.0,1.0
sureshsamani,0,1,0.0,1.0
AlphaBramha,0,1,0.0,1.0
Sunilkumaartkv,0,2,0.0,2.0
subrataatindra,0,2,0.0,2.0
chandani61,0,1,0.0,1.0
ppabdullatheef,0,1,0.0,1.0
lokahitam,0,2,0.0,2.0
Rajesh_0670,0,1,0.0,1.0
SaurabhKauthale,0,1,0.0,1.0
sanatanDha,0,3,0.0,3.0
RURALINDIA,9,0,10.0,0.0
toshiG010,0,1,0.0,1.0
jishnu0605,0,2,0.0,2.0
scsharma50,0,1,0.0,1.0
AKASHRSINHA,0,2,0.0,2.0
INCdilse,0,58,0.0,112.0
Malcolm60305113,0,2,0.0,4.0
Aabhas24,9,0,9.0,0.0
Dontdo1Hitesh,0,1,0.0,1.0
radical_bipin,0,2,0.0,3.0
ayush2571,0,2,0.0,2.0
juhanpad,0,1,0.0,1.0
twinmomdlg,0,1,0.0,1.0
saikirankannan,2,0,2.0,0.0
6VkQim7GoylGtlS,0,3,0.0,3.0
SukhiNehra,0,1,0.0,1.0
madhukar_singh,0,1,0.0,1.0
VishalK20096764,0,1,0.0,2.0
SAMEERKM007,1,2,1.0,2.0
Ramesh_shivanna,0,2,0.0,3.0
savagegirl_99,0,2,0.0,2.0
shivshukla,0,1,0.0,1.0
ShineHamesha,18,0,18.0,0.0
debasishbgohain,0,2,0.0,2.0
pankaj4371,0,1,0.0,1.0
sleepyhead1892,0,1,0.0,1.0
algo_121,0,5,0.0,5.0
KadapaReddappa,0,1,0.0,1.0
Being_Asif_4,0,1,0.0,1.0
himanshushivnan,0,2,0.0,2.0
AnchliaAnil,0,3,0.0,3.0
suvegrathi,0,2,0.0,2.0
SourabDey4,0,1,0.0,1.0
msanjay1930,0,4,0.0,5.0
OceansGreen222,0,2,0.0,2.0
ruutvij,0,1,0.0,1.0
rajivhtc,1,2,3.0,2.0
ashokankk305,0,1,0.0,1.0
caplocap,0,2,0.0,2.0
Ritwik1501,0,1,0.0,1.0
jobchacko,0,1,0.0,1.0
humanehumorist,0,1,0.0,1.0
rupen_chowdhury,5,0,5.0,0.0
bariyabhavesh,0,1,0.0,1.0
Vatsanjeev,0,4,0.0,7.0
Rise_business,0,1,0.0,1.0
megh4347,0,1,0.0,1.0
asimkamal03,1,1,1.0,1.0
RaiAtulRai,0,2,0.0,3.0
AdriftRider,0,1,0.0,1.0
NKPrasa77247245,0,1,0.0,1.0
Inventico7,0,1,0.0,1.0
OraConner11,0,1,0.0,1.0
bv_subash,0,2,0.0,2.0
DrDPSharmaShiv,0,1,0.0,1.0
RMBT_tweets,3,0,3.0,0.0
GershomHeadhunt,0,1,0.0,1.0
pandeyvikash100,0,1,0.0,1.0
bhoomiputraa,1,0,2.0,0.0
Kumarpr28,0,8,0.0,8.0
kirantare,0,1,0.0,1.0
airnewsalerts,16,0,18.0,0.0
RishiBakree,0,2,0.0,2.0
VivekMathur21,1,2,1.0,2.0
gbzown,0,1,0.0,1.0
Rishabhlodha90,0,1,0.0,1.0
mukesheeeb,0,1,0.0,1.0
SanjayS00663282,4,1,7.0,1.0
shamimmandal,0,1,0.0,1.0
IMAjaysh73,0,1,0.0,1.0
GirishCShastry,0,9,0.0,13.0
HodaAnw78510692,0,1,0.0,1.0
israrah78015302,0,1,0.0,1.0
HHMaharajaSawai,2,0,3.0,0.0
mohan71105,0,3,0.0,3.0
bnmallick,0,1,0.0,1.0
mr_bhrdwj,0,1,0.0,1.0
umar27733079,0,1,0.0,2.0
tarunsnegi,0,3,0.0,3.0
RanjithHosakere,0,2,0.0,2.0
imkalpraj,0,3,0.0,3.0
Adhoora_Gyan,0,2,0.0,2.0
TheAnuragNag,0,1,0.0,1.0
pathak94353039,0,1,0.0,1.0
chowdaryvishru,1,1,1.0,1.0
hryogeesh,0,3,0.0,3.0
pra95824952,0,1,0.0,1.0
pch787,0,1,0.0,1.0
Everest215105,0,2,0.0,2.0
Sharath66227380,0,1,0.0,1.0
WhoWhenWhatY,0,1,0.0,1.0
VjHarshita,0,1,0.0,1.0
english_august,0,5,0.0,5.0
GourishG2,0,3,0.0,5.0
RAJESHK13762454,0,1,0.0,1.0
vikasku02219136,0,1,0.0,1.0
MallyaTweets,0,2,0.0,2.0
Alone_Stranger1,0,2,0.0,2.0
Aneela_7,2,0,5.0,0.0
Kaushik254,0,3,0.0,4.0
ptcnews,1,0,1.0,0.0
SKMohap24572998,0,1,0.0,1.0
Abhi_2904,0,1,0.0,1.0
ShawTwitvikash,0,1,0.0,1.0
A1mit,0,7,0.0,8.0
santwana99,6,1,10.0,1.0
DiagonallyYours,0,1,0.0,1.0
prateekpatro3,0,2,0.0,2.0
ayush_tikoo,0,1,0.0,1.0
singhvarun,10,0,10.0,0.0
Kaif_4_2,0,1,0.0,1.0
vaidhiy4v,1,3,1.0,9.0
Mehfujkhan1981,1,1,1.0,1.0
KhajuriaPawan,0,2,0.0,2.0
choga_don,2,0,2.0,0.0
rasikv,0,1,0.0,1.0
AK71222098,0,1,0.0,1.0
MadhuriBorse1,0,1,0.0,1.0
neilHolliday66,1,2,1.0,2.0
mandvisaxena5,0,1,0.0,1.0
swatieyz,0,1,0.0,1.0
Ias107,0,1,0.0,1.0
mmohan_52,0,1,0.0,1.0
salimkaskar3,0,1,0.0,1.0
sunetrac,8,0,9.0,0.0
lakshmiaakula,1,1,1.0,1.0
kkbellur,0,1,0.0,1.0
RajeshBhatt1602,0,1,0.0,1.0
bsjcloud,0,2,0.0,2.0
nareshtanwar_,0,3,0.0,3.0
Braj_Sir,0,1,0.0,1.0
Iminyoursoul2,3,0,3.0,0.0
bulusu_,0,1,0.0,1.0
IamMrugesh,0,1,0.0,1.0
Rohitsinghal193,0,1,0.0,1.0
skumar_94,0,1,0.0,1.0
DKVerma_BJP,0,1,0.0,1.0
SudhirR97717013,0,1,0.0,1.0
drmadanv,1,1,1.0,1.0
GSPannuOfficial,1,0,1.0,0.0
SurathM,0,1,0.0,1.0
mysticliving,0,1,0.0,2.0
jaikumar_sharma,0,1,0.0,1.0
murleemohan,0,1,0.0,1.0
MrSinghamit,0,4,0.0,4.0
Varun_yad22,0,4,0.0,4.0
rjndrchvn,0,1,0.0,1.0
Coldavesar,0,1,0.0,1.0
Eyae_Swathish,0,1,0.0,1.0
kshitij_kotak,0,2,0.0,2.0
Prakhar_pasteur,0,1,0.0,1.0
gauravban85,0,1,0.0,1.0
DattaVGunjal,0,1,0.0,1.0
SaurabhCapt,0,1,0.0,1.0
Chandan487,0,1,0.0,1.0
theotherbose,0,1,0.0,1.0
CorruptPunjab,0,3,0.0,3.0
AyaanAlisp,0,1,0.0,1.0
AmarendraM,0,2,0.0,2.0
venakatreddy,0,1,0.0,1.0
sanjain71,0,1,0.0,1.0
PreityUpala,11,0,11.0,0.0
dharsanjay7,0,2,0.0,2.0
SaveHumanity111,1,0,1.0,0.0
raishan07,0,1,0.0,1.0
GaneshS91610612,0,2,0.0,3.0
RamyaCalm,0,1,0.0,1.0
manchik_83,0,1,0.0,1.0
fahader_,0,1,0.0,1.0
RkMishraEr,1,2,1.0,2.0
Devansh11977294,0,1,0.0,1.0
avixanu,0,2,0.0,2.0
indikakumar4,2,0,2.0,0.0
shailsinghvi,0,1,0.0,1.0
KrishnaKabir8,0,1,0.0,1.0
DJ73632438,0,1,0.0,1.0
MilindGSpeaks,0,1,0.0,1.0
shailsainani,0,1,0.0,1.0
Chandra77967186,0,1,0.0,1.0
TheFederal_News,1,0,1.0,0.0
gulatimanish21,1,0,1.0,0.0
vin9000,0,6,0.0,8.0
ccdx_2,0,1,0.0,1.0
nishantpant_in,1,6,1.0,6.0
Partho39174407,0,1,0.0,1.0
aslideshbhakth,0,1,0.0,1.0
EvilBhakt,0,1,0.0,1.0
NaveenN29048960,0,1,0.0,1.0
milindmanojmodi,0,1,0.0,1.0
ishanarora2908,0,1,0.0,1.0
ReenaDevkant,0,4,0.0,4.0
warrier_anjana,0,11,0.0,15.0
manjith_r,0,3,0.0,3.0
DRSHANKARPRASA5,0,1,0.0,1.0
arunava_acv,0,1,0.0,1.0
KashmiriHindu1,0,1,0.0,1.0
nitishdubey,0,1,0.0,1.0
chin_raval,0,1,0.0,1.0
wasim_shaikh10,0,3,0.0,5.0
prince_umesh04,0,1,0.0,1.0
Amit_an_Indian,1,14,1.0,25.0
im_suketu,0,1,0.0,1.0
sunitkroy,2,0,2.0,0.0
sanchit_gs,5,0,5.0,0.0
abhishek_aw,0,1,0.0,1.0
Ladishah1,0,1,0.0,1.0
Chivas_Desi,0,1,0.0,1.0
Rohansinghl1,0,1,0.0,1.0
acyclops90,1,1,1.0,1.0
chouhan_nilima,0,1,0.0,1.0
raj_devanshu,0,2,0.0,2.0
k_s_umesh,0,1,0.0,1.0
ComplyOfficial,0,2,0.0,2.0
roop_lekha,0,2,0.0,2.0
radharadhe,0,1,0.0,1.0
SankarB78420183,4,0,4.0,0.0
mukeshdmd,0,2,0.0,3.0
aminak40,0,1,0.0,1.0
activefromUSA,0,5,0.0,13.0
AhadReh74509695,0,1,0.0,1.0
SushrutaSamanta,0,1,0.0,1.0
rishiBh52855742,0,2,0.0,2.0
sunishchai,0,2,0.0,3.0
EssKayOC,0,1,0.0,1.0
AyushyaPundit,0,1,0.0,1.0
neilgantal,0,1,0.0,1.0
baghardh,0,1,0.0,1.0
SunilB_29,0,1,0.0,1.0
Kalanemi3,0,1,0.0,1.0
jitin_narwal,0,1,0.0,1.0
stayhumbledeepu,0,1,0.0,1.0
MDKHANNA6,0,1,0.0,1.0
mukuvacha,0,1,0.0,1.0
ReflectiveRohan,0,1,0.0,1.0
sujit_kp,0,2,0.0,2.0
jayeshjain24,0,1,0.0,1.0
ranjeetspecial,1,5,1.0,5.0
sanjaysharmaji,0,1,0.0,1.0
Shubham28759999,0,1,0.0,1.0
mintyghost,0,2,0.0,3.0
SabiIlluxinist,0,1,0.0,1.0
inder_mohan,0,1,0.0,1.0
mir_danish1,0,3,0.0,3.0
KS1ngh,3,0,3.0,0.0
ElroseAtheist,0,5,0.0,5.0
humblelearner80,0,3,0.0,3.0
AnjumPa71865926,0,2,0.0,2.0
NinadBal,0,1,0.0,1.0
AnkurBisen1,0,1,0.0,1.0
baig_arfath,0,1,0.0,1.0
yksingh26,1,2,1.0,3.0
Devilindtail,0,4,0.0,4.0
Vinayp28351491,0,1,0.0,1.0
ksatishkumar555,0,1,0.0,1.0
ThoughtPrashant,0,1,0.0,1.0
MohanKu22459131,0,2,0.0,2.0
SandeepAlesar,0,2,0.0,2.0
roopesh_sadhana,0,1,0.0,1.0
subbraa1,1,4,1.0,6.0
MrCr00dz,0,1,0.0,1.0
ShoubhikD,0,2,0.0,3.0
_dpapaOfical,0,1,0.0,1.0
seculartweets,0,2,0.0,2.0
swalpa_unique,0,1,0.0,1.0
ArpitTi99169603,0,1,0.0,1.0
ashok992,0,2,0.0,2.0
pak_yeti,0,1,0.0,1.0
cyberbhoi,0,1,0.0,1.0
vermarajinderLS,0,1,0.0,1.0
TheAnalyst8888,0,1,0.0,1.0
Wisdom_strength,1,1,1.0,1.0
shaitan_kid,0,1,0.0,1.0
Harty_UP,0,1,0.0,1.0
Mr_SoSa_3,0,1,0.0,1.0
Akshatbtw,0,1,0.0,1.0
Khachedu1,0,2,0.0,2.0
Notalonehuman,0,4,0.0,4.0
AkashKm01,0,3,0.0,3.0
rashmi21044,5,5,10.0,5.0
scshenoy,0,2,0.0,2.0
Kumarsn98,0,1,0.0,1.0
Ranjeet37274301,0,1,0.0,1.0
chichha_ledar,0,2,0.0,2.0
manigreeva,0,1,0.0,1.0
Agraj_bro,0,3,0.0,3.0
touchsouldeep,0,1,0.0,1.0
MrinalKamboj,1,1,1.0,1.0
indianssharma,0,1,0.0,1.0
NrChandramani,0,1,0.0,1.0
saiwassup,0,1,0.0,1.0
tkumarasena,0,1,0.0,1.0
Ashish10478,0,1,0.0,1.0
amiya_kashyap,0,2,0.0,2.0
dockerdemon,0,2,0.0,3.0
smartpaagal,0,1,0.0,1.0
IMeIMyselfI,1,1,1.0,1.0
abdul72gaffar,0,2,0.0,2.0
SharanRoars,0,1,0.0,1.0
parteek649,0,2,0.0,2.0
samilodhi,0,1,0.0,1.0
aapkamutayyeb,0,1,0.0,1.0
HussainiJaweria,1,3,1.0,3.0
Rama_D_Indian,0,1,0.0,1.0
indian_3629,0,1,0.0,1.0
bharativamsi,0,6,0.0,8.0
AAPkeAcharya,0,1,0.0,1.0
ShyamDwar,0,1,0.0,1.0
dp_satish,4,1,4.0,1.0
shiva_ip2006,0,2,0.0,2.0
NIROJNAIK,0,1,0.0,1.0
Mohamma09867283,0,7,0.0,7.0
KingOfHearts_RS,0,1,0.0,1.0
lyc3um111,0,1,0.0,1.0
Sin18415577Alok,0,1,0.0,1.0
MrShrotriya,0,2,0.0,2.0
suddhya,0,1,0.0,1.0
5Arjunapatil,0,3,0.0,3.0
Nandgop27941633,0,1,0.0,1.0
dheeraj_064,0,2,0.0,2.0
dhillonbharat20,0,2,0.0,2.0
Immu03502409,0,3,0.0,3.0
iLoveOnlyAmbi,0,1,0.0,1.0
4betterclan,0,1,0.0,1.0
TRadjie,0,1,0.0,1.0
sanjaynirupam,19,1,22.0,1.0
vishal_vinu,0,1,0.0,1.0
DevanandTrived2,1,1,1.0,1.0
ramanjokhakar,0,1,0.0,1.0
ROHITKU48530829,0,1,0.0,2.0
AmanBan30967996,0,1,0.0,1.0
gautamhere_,0,1,0.0,1.0
sabki_bajaunga,0,1,0.0,1.0
SatapathiSourav,0,2,0.0,2.0
suhasinih,18,0,21.0,0.0
iam_Agarwal,0,3,0.0,3.0
parimalsandhwar,0,1,0.0,1.0
uday_vanu,0,1,0.0,1.0
rent_hero,0,1,0.0,1.0
Srichakradhar7,0,1,0.0,1.0
sandeepktk,0,1,0.0,1.0
urmovieguru,0,2,0.0,2.0
Lazy_Praani,0,1,0.0,1.0
metanarrativee,0,2,0.0,2.0
shailfilm,0,2,0.0,2.0
seriousfunnyguy,18,0,18.0,0.0
appv_9,0,1,0.0,1.0
mgrg7,0,1,0.0,1.0
PunuPankaj,0,2,0.0,2.0
Veteran__007,0,2,0.0,2.0
seal__with__it,0,3,0.0,3.0
AnishMa51505064,0,1,0.0,1.0
edmhayer,0,1,0.0,1.0
JPendharkar239,0,1,0.0,1.0
CadetRegency,0,1,0.0,1.0
SahilPras,0,2,0.0,2.0
manimanjeet,0,1,0.0,1.0
aman1787,0,1,0.0,1.0
mePrabodhKant,0,4,0.0,4.0
BhatLat,0,1,0.0,1.0
devil_sen27,0,1,0.0,1.0
rashivtripathi,2,3,3.0,3.0
Gowrang_C,0,1,0.0,2.0
JatinJayKaran3,0,1,0.0,1.0
GautamSen51,0,4,0.0,4.0
grg1202,0,1,0.0,1.0
__adarsh____,0,1,0.0,1.0
sameegharsam,0,2,0.0,2.0
deepurevathy,0,1,0.0,1.0
FaizabbasiA,0,2,0.0,2.0
bandrabachha,0,4,0.0,4.0
Showsha_in,0,1,0.0,1.0
KKBALAKRISHNAN,0,1,0.0,1.0
BohammedP,0,1,0.0,1.0
seriousdoctor,0,1,0.0,1.0
avalkundenithis,0,2,0.0,2.0
The_Realist_I,0,5,0.0,9.0
Anil50305597,0,1,0.0,1.0
CliniicalLM10,3,0,3.0,0.0
PKV07288764,0,17,0.0,22.0
ShodhitGoyal,0,1,0.0,1.0
trendfollower23,0,1,0.0,1.0
VittalPremi999,0,2,0.0,2.0
tweet_shashivj,0,1,0.0,1.0
rajurai77,0,1,0.0,1.0
NS2923,0,3,0.0,3.0
lckdd7,0,1,0.0,1.0
jyothijonnala28,0,3,0.0,3.0
surnamedas,0,3,0.0,3.0
SantyTalk,0,3,0.0,3.0
NS99998031,0,1,0.0,1.0
RISHABDEVGUPTA,0,1,0.0,1.0
bkramRathore,0,1,0.0,1.0
gold_jake1,0,1,0.0,1.0
ramakanthAscopy,0,1,0.0,1.0
SpeaksKshatriya,1,1,1.0,2.0
Congrress,1,3,1.0,3.0
puram_politics,103,0,122.0,0.0
Harshad_Garud,0,2,0.0,2.0
InduVerma939,0,1,0.0,1.0
anupmudgal,0,2,0.0,2.0
harishsachdeva1,0,1,0.0,1.0
instaindi,0,1,0.0,1.0
SatyshivS,0,4,0.0,4.0
Shiva_Om8,0,1,0.0,1.0
RANJITS43955330,0,4,0.0,6.0
shankarviews,0,1,0.0,1.0
Sheeraz4u,0,2,0.0,2.0
Amul_IndiaLover,0,2,0.0,2.0
Shubham35846475,0,1,0.0,1.0
ModiPradip,0,2,0.0,2.0
Kalki1331,0,1,0.0,1.0
ANILKJHA2,0,1,0.0,1.0
jvpandya,0,2,0.0,2.0
sam123456noxx,0,1,0.0,1.0
ChintutheTiger1,0,1,0.0,1.0
Eeepaa,2,0,2.0,0.0
HimaniM23461660,0,1,0.0,1.0
wardhantweets,0,1,0.0,1.0
belvaimallya,0,1,0.0,1.0
swamilion,3,0,3.0,0.0
manojthaker33,0,1,0.0,1.0
DilipShan2,0,1,0.0,1.0
BeingRKM,0,2,0.0,2.0
rakeshkausik,0,2,0.0,2.0
IMINDIAN475,0,1,0.0,1.0
amit_cp,0,1,0.0,1.0
madhusudan41,0,10,0.0,19.0
panderavi73,0,3,0.0,3.0
celfdsgracias,0,2,0.0,2.0
sixsigma896,0,3,0.0,3.0
manand_123,0,2,0.0,2.0
jashanjoshi,0,3,0.0,3.0
Shontu_kolkata,0,1,0.0,1.0
Vijay_Baytu,0,1,0.0,1.0
GSubramaniam18,0,1,0.0,1.0
sandeepghanekar,0,1,0.0,1.0
MosjeL,0,1,0.0,1.0
bkv75,0,1,0.0,1.0
BakuProudly,0,1,0.0,1.0
shishir1210,0,1,0.0,1.0
degreecalvin,0,3,0.0,3.0
SarikaBJP_,0,1,0.0,1.0
parthasarathyTN,0,1,0.0,1.0
crc8,0,1,0.0,1.0
Now_Abhi82,0,1,0.0,1.0
khanruhi,0,1,0.0,1.0
AhshanAli,0,1,0.0,1.0
SIBAPRASADSEN4,0,1,0.0,1.0
Veenadsouza,0,4,0.0,4.0
shahharsh001,0,1,0.0,1.0
JP_LOKSATTA,9,0,11.0,0.0
bmi1857,0,1,0.0,1.0
tavasam_,5,0,5.0,0.0
GopinathNagend1,0,3,0.0,3.0
joinvipparty,0,1,0.0,1.0
SweetSugumar,0,1,0.0,1.0
anu1122,0,1,0.0,1.0
kirolaLalit,0,4,0.0,11.0
gk_ysrcp,0,1,0.0,1.0
kpna12,0,6,0.0,7.0
qntms,0,1,0.0,1.0
MousreeChakrab1,0,1,0.0,2.0
raaj_eternity,0,2,0.0,2.0
ST14128,0,1,0.0,1.0
MukeshKumar6610,0,1,0.0,1.0
OnindyaC,0,1,0.0,1.0
shwetasinghtiw,0,1,0.0,1.0
Rajendar_Y,0,2,0.0,2.0
varunvs_eng,0,4,0.0,4.0
BhesaniyaPrem,0,2,0.0,2.0
DAKSHGarhwali,0,1,0.0,1.0
CAThangavelM,0,1,0.0,1.0
nitinpurandare,0,2,0.0,3.0
VadeBloom,0,4,0.0,4.0
Rightwinger3125,0,2,0.0,2.0
MURMU750,0,2,0.0,2.0
sonia_26,1,0,1.0,0.0
skkrish2810,0,1,0.0,1.0
gentlemandt,0,3,0.0,3.0
shantaram1956,0,3,0.0,4.0
100rabharat,0,1,0.0,1.0
rajphkumar,0,1,0.0,1.0
__Nikhil__03,0,1,0.0,1.0
nadeemyaz,0,3,0.0,3.0
onLighterNote,0,1,0.0,1.0
trend_folowing,0,1,0.0,1.0
pankaj_aviator,0,1,0.0,1.0
contact2r,0,1,0.0,1.0
XpressOdisha,1,3,1.0,3.0
deven_sailor,0,1,0.0,1.0
sultanalil,0,1,0.0,1.0
TausifRunning,1,0,1.0,0.0
Jhankar56202653,0,2,0.0,2.0
AkshayMarathe,9,0,9.0,0.0
Raghuram_C,0,6,0.0,6.0
himanshu20rocky,0,1,0.0,1.0
imrahul_21,0,1,0.0,1.0
Can2021Maks,0,1,0.0,1.0
AnilkumarDVarud,0,1,0.0,1.0
Way2DamnHonest,0,1,0.0,1.0
Yukti___arora,0,1,0.0,1.0
Makebharatmahan,6,29,6.0,103.0
SudhakarSheno12,0,2,0.0,2.0
rai_sowkoor_Adi,3,0,3.0,0.0
Kathleen_Tyson_,0,1,0.0,1.0
AviSingh1999,0,1,0.0,1.0
raoabhijeet,1,1,1.0,1.0
Ravi7316,0,2,0.0,2.0
indodrive,0,1,0.0,1.0
gaurav_politics,0,1,0.0,2.0
dineshjk,1,2,1.0,3.0
EntropyFyne,0,2,0.0,2.0
shashikant17,0,7,0.0,9.0
Cool_Kishor11,0,1,0.0,1.0
annaiah_milan,0,1,0.0,1.0
anandsh42539594,0,2,0.0,2.0
VasSantosh,0,1,0.0,1.0
UmeshPu15063152,0,3,0.0,3.0
realtru39135119,0,5,0.0,5.0
sriram_prassana,0,1,0.0,1.0
GP_freespeech,0,1,0.0,1.0
GopiSpeaks,2,2,2.0,2.0
Fly02Bab,0,1,0.0,1.0
subhash_pat_,0,1,0.0,1.0
TechSmartKing,0,1,0.0,1.0
HalalaCenter,0,1,0.0,1.0
ThisAndThatDude,2,1,2.0,1.0
Me_VishuR,0,1,0.0,1.0
Parulgoel4792,0,1,0.0,1.0
Faller18,0,1,0.0,1.0
syrinje,0,1,0.0,1.0
shethbhairav,0,2,0.0,2.0
PatelRaju1949,0,1,0.0,1.0
Zer0_R2,0,1,0.0,1.0
isubrataghosh,0,1,0.0,1.0
Com_FromCowBelt,0,3,0.0,3.0
ETOpinion,2,0,2.0,0.0
rvidrmr,0,2,0.0,2.0
modiforever24,1,1,1.0,1.0
DeyAdhiraj1,0,1,0.0,1.0
Madan_Regmi,0,1,0.0,1.0
hbharriz,0,1,0.0,1.0
parijatpande,0,2,0.0,3.0
prabhakarsays,0,1,0.0,1.0
chatur59,0,1,0.0,2.0
NarayanAnand3,0,1,0.0,1.0
drsonakshi,0,2,0.0,2.0
lalitgupta942,0,1,0.0,2.0
gjghf,0,1,0.0,1.0
Sujataganguly13,3,0,3.0,0.0
ankita_276,0,1,0.0,1.0
Amir_Sherwani,0,1,0.0,1.0
Ravi_Kotresh,0,1,0.0,1.0
rshrikhande11,0,3,0.0,3.0
VoiceofMegha,0,1,0.0,1.0
SufianRahman031,0,2,0.0,2.0
Satya258108,0,1,0.0,1.0
iRajavelu,0,1,0.0,1.0
Rramanhr,0,2,0.0,2.0
lucky610,0,1,0.0,1.0
wll_ow,0,2,0.0,2.0
rs_3702,2,1,2.0,1.0
RajatShukla13,0,1,0.0,1.0
NavdeepTiwari12,0,1,0.0,1.0
GemPolka,0,2,0.0,2.0
Urban_Naxalide,0,1,0.0,1.0
ravispandey,0,1,0.0,1.0
RishiBhardawaj,1,3,1.0,3.0
ArmanNeyazi,0,1,0.0,1.0
MMWaseem80,0,1,0.0,1.0
seagull_arctic2,1,0,1.0,0.0
john_the_wise,0,3,0.0,3.0
thedevil_ind,2,1,2.0,1.0
shantilaya,0,4,0.0,4.0
SevadalDD,0,2,0.0,2.0
Jager1Meister,0,2,0.0,2.0
Basuki_p,0,2,0.0,2.0
lalitcshah2003,0,2,0.0,2.0
Agrawa2Damyanti,0,1,0.0,1.0
JayantilalP1,0,2,0.0,2.0
JKnair18,0,1,0.0,1.0
SachinPhutane1,0,1,0.0,1.0
LosarHeRe,1,0,1.0,0.0
AdvPuneetParee1,0,2,0.0,2.0
tnsarswat1010,0,1,0.0,1.0
Badly_Aro,0,1,0.0,1.0
Prathapsrii,1,1,1.0,1.0
pmaliens,4,14,11.0,22.0
49naveen,1,0,1.0,0.0
G31121985,0,1,0.0,1.0
johngabriell1,0,1,0.0,1.0
jiturocking2013,0,1,0.0,1.0
Vishal_FilmBuff,0,3,0.0,4.0
sanvai,0,3,0.0,3.0
AKunchurkar,0,1,0.0,1.0
swapnilsinghr12,0,1,0.0,1.0
imdrrohan,0,2,0.0,2.0
KothariKarna,0,1,0.0,1.0
VatsRishap,5,1,5.0,1.0
TukunDasgupta,1,0,1.0,0.0
CaptainBlunt007,0,1,0.0,1.0
alishaikh3310,0,2,0.0,3.0
drmanagoli,0,1,0.0,2.0
21Gravitas,0,2,0.0,2.0
tk24dutta_india,0,6,0.0,13.0
ChhikaraMandy,0,2,0.0,2.0
atulborkar80,0,1,0.0,1.0
syleshnair,0,1,0.0,2.0
Rannbaanka,0,1,0.0,1.0
DrDeepakKrishn1,3,1,3.0,1.0
Vimalupadhyay74,0,1,0.0,1.0
AroraGirish,0,1,0.0,1.0
Anand_Tripathi7,0,1,0.0,1.0
kajal_sachdev,0,5,0.0,5.0
SakshiSharmaBra,0,2,0.0,2.0
Siddhan01017558,0,1,0.0,1.0
sudeeptweet,0,1,0.0,3.0
dr_chayanika,2,0,3.0,0.0
Methechange2,0,4,0.0,4.0
r_dhariwal,0,1,0.0,1.0
smartabhi1989,1,1,1.0,1.0
ChuckDalldorf,0,1,0.0,1.0
shaikhshameela,0,3,0.0,3.0
Comical882,0,1,0.0,2.0
invinciblewife,0,1,0.0,1.0
AmirAhm18714468,0,2,0.0,2.0
iPiyushPatidar,0,1,0.0,1.0
dineshjain14488,0,1,0.0,1.0
anouzeliang77,0,1,0.0,1.0
goddesssfucker,0,1,0.0,1.0
Bikash27791777,0,1,0.0,1.0
epd_anand,0,1,0.0,1.0
rudhruletap,0,1,0.0,1.0
RagMal108,0,3,0.0,7.0
StayingReal0511,2,1,2.0,2.0
chhikarakhush7_,0,1,0.0,1.0
mannan_pathan,0,2,0.0,2.0
here4biggboss,0,1,0.0,1.0
Kiara91606372,0,1,0.0,2.0
SahaniRavi5,0,1,0.0,1.0
PatelNadeem,0,4,0.0,4.0
Karmic_Indian,0,2,0.0,2.0
AMadhumala,0,1,0.0,2.0
DilipDa60259821,0,1,0.0,2.0
indian_nagrik,39,8,47.0,8.0
Rizwan__Ghani,0,1,0.0,1.0
NationalistHub,1,0,1.0,0.0
oilandgas_sap,0,2,0.0,2.0
IamDharamN,0,4,0.0,4.0
FareazTRSV,0,1,0.0,1.0
passionprakhar,0,1,0.0,1.0
satishgarg53,0,8,0.0,9.0
GreaterKashmir,2,0,2.0,0.0
devsriv90853330,0,1,0.0,1.0
arunrashtrawadi,1,1,1.0,1.0
MdOmarF07384236,0,1,0.0,1.0
i_varadarajan,0,3,0.0,3.0
YashAgr04,0,1,0.0,1.0
RubalMehta,0,1,0.0,1.0
KamathThushar,0,1,0.0,1.0
ShibiPayamal,0,1,0.0,1.0
niteshplatinum,0,2,0.0,2.0
SuchSir,0,1,0.0,1.0
alokejoshi,0,4,0.0,5.0
choppybaba,0,1,0.0,1.0
GauravN30716443,0,2,0.0,2.0
donajmath,0,1,0.0,1.0
jayavelkarthik,0,1,0.0,1.0
RemeshHind,0,5,0.0,5.0
Ronnyation,0,1,0.0,1.0
TatAvamAsi,0,1,0.0,1.0
KISHORCHOPADE,0,2,0.0,2.0
Randhir73,0,1,0.0,1.0
vilobhpatankar,0,6,0.0,7.0
Ragvhu_01524olx,0,1,0.0,1.0
imastermindian,0,3,0.0,6.0
nidhiboli,1,4,1.0,4.0
Vijapandey,0,6,0.0,12.0
imShorifkhan,0,2,0.0,2.0
SumanthChinnu10,0,1,0.0,1.0
RaaOneZ,0,1,0.0,1.0
RahulGandhims,0,1,0.0,1.0
simon_easow,0,3,0.0,3.0
rad_jaihind,0,1,0.0,1.0
politics__movie,0,2,0.0,4.0
ap399,0,1,0.0,2.0
DharmanandVn,0,1,0.0,1.0
DevMohali,0,1,0.0,1.0
Nkmohanty15K,0,1,0.0,3.0
rkbansal15,0,1,0.0,1.0
FullUltaBuddi,0,1,0.0,1.0
abhinav8999,0,2,0.0,2.0
alvarkkatiyan,1,2,1.0,2.0
womenspeeks,0,3,0.0,3.0
VenkateshBung,0,2,0.0,5.0
PawanTi33966574,0,3,0.0,3.0
vishalrajom,0,1,0.0,1.0
DhruvilForChess,0,1,0.0,1.0
guru18,0,2,0.0,2.0
iamshilpajoshi,0,1,0.0,1.0
1907Kavitha,0,4,0.0,4.0
SagarPrakhar,0,2,0.0,2.0
Vinaygu77789296,0,1,0.0,1.0
moo_phatt,0,1,0.0,1.0
prasad_shaship,1,0,1.0,0.0
_A_j_i_t,0,21,0.0,71.0
aumnamah_,0,2,0.0,4.0
Kalam26409265,1,0,1.0,0.0
peekaysinha,0,2,0.0,2.0
adithyavardhan,0,5,0.0,5.0
girhe_nandu,0,1,0.0,1.0
YSahooAviation,0,1,0.0,2.0
Shanu201301,0,1,0.0,1.0
saira_stockBULL,1,4,1.0,5.0
Torquatus13,0,1,0.0,1.0
Rahul_4928,0,1,0.0,1.0
nielsteyn1,1,1,1.0,1.0
Indraneel1973,0,4,0.0,4.0
iArora_sahab,0,1,0.0,1.0
80sArmyBRAT,0,8,0.0,10.0
NAMDEVSuryawa11,0,1,0.0,1.0
MandarMoroneyMT,0,5,0.0,5.0
dKNAIR4BJP,0,18,0.0,22.0
AniketRameshBa2,0,1,0.0,1.0
ANKITKRAGRAWAL,0,2,0.0,3.0
anusha_puppala,0,1,0.0,1.0
dilipsakhlecha,0,1,0.0,1.0
ShaunAdler3,0,1,0.0,1.0
moilyv,2,1,2.0,1.0
YashG07837618,0,1,0.0,1.0
iamsudhish,0,12,0.0,19.0
prokop2on,0,1,0.0,1.0
vivanx007,1,0,1.0,0.0
MousamiSingh1,1,1,1.0,1.0
priyapandian888,0,2,0.0,2.0
top_gun55,0,2,0.0,2.0
Arunjainbjp,0,1,0.0,1.0
Nagaraj_dundi,0,3,0.0,3.0
smjena,0,2,0.0,2.0
jaya_vel1,2,0,2.0,0.0
FeminismInIndia,2,0,2.0,0.0
untitled_ykwim,0,4,0.0,6.0
KarpeDi75288731,0,1,0.0,1.0
SMedia4,1,0,1.0,0.0
OrganicClothz,0,1,0.0,1.0
Yash_NotSo_Jain,0,1,0.0,1.0
vivekuksood,0,3,0.0,3.0
DrDeep1008,0,1,0.0,1.0
SudhiP51865959,0,1,0.0,1.0
Tahir16294797,0,1,0.0,1.0
akul_jaiswal,0,1,0.0,1.0
kishan_india,0,1,0.0,1.0
SritamaNandi,0,1,0.0,1.0
shwait_malik,3,0,4.0,0.0
hutomp,0,1,0.0,1.0
sumitachoudhur3,0,1,0.0,1.0
DanielM81326537,0,5,0.0,6.0
LellaUsh,0,1,0.0,1.0
PMCBankCrisis,0,1,0.0,1.0
Ajaykumar_Abhay,0,1,0.0,1.0
Pradeep32424319,0,1,0.0,1.0
rahul_k_singh,0,1,0.0,1.0
Johnson10968482,0,1,0.0,1.0
anildat,0,1,0.0,2.0
Fazil3210,0,1,0.0,1.0
ABHINAVsr,0,6,0.0,10.0
mani92__,1,2,1.0,2.0
haardik2005,0,1,0.0,1.0
Bhatnagar1769,0,1,0.0,1.0
Trisha_Fouzdar,0,1,0.0,1.0
HydWatch,0,4,0.0,4.0
Harish_Kumar_P,0,1,0.0,1.0
VikasTi95414443,0,1,0.0,2.0
MahapatPravat,2,1,2.0,1.0
BadiyarRatnesh,0,2,0.0,2.0
in_deep_state,0,1,0.0,1.0
iammdmoquim,1,0,1.0,0.0
shinens39,1,2,1.0,2.0
embii77,0,2,0.0,2.0
19be207ea5d4411,0,2,0.0,2.0
Rishabh481,0,1,0.0,1.0
DeccanChronicle,2,1,2.0,1.0
Arshi7Khan,0,1,0.0,1.0
rationalhindu3,1,1,1.0,1.0
m4nibaba,0,1,0.0,1.0
kabir_writes,3,2,3.0,2.0
cv9289,0,1,0.0,1.0
Ginson44248915,0,1,0.0,2.0
causenag,0,1,0.0,1.0
punamnanda,0,2,0.0,2.0
satishkolls,0,1,0.0,1.0
Naomi_Purie,0,1,0.0,1.0
Simhaverse,0,1,0.0,1.0
amish_bhalla95,0,1,0.0,1.0
MadhaviDivadkar,0,4,0.0,4.0
ravi16_99,0,2,0.0,2.0
sonar451,0,2,0.0,2.0
shivamdixit_17,0,3,0.0,3.0
Arvi_N,0,6,0.0,6.0
MdProfitMomo,0,2,0.0,2.0
BharatiMuralid2,0,2,0.0,2.0
rits_arora,0,1,0.0,1.0
bablu7891,0,1,0.0,1.0
LYashod,0,1,0.0,1.0
rakesh_mishra,0,1,0.0,1.0
Shivaje86153213,0,1,0.0,1.0
VitullDr,0,1,0.0,1.0
Balneologist11,0,1,0.0,1.0
abkaushik91adv,0,1,0.0,1.0
ImN_G,0,1,0.0,1.0
jeraldiamondraj,0,1,0.0,1.0
rutustan,0,1,0.0,1.0
SkarmaNorboo,0,1,0.0,1.0
bharathshetty_y,2,1,2.0,1.0
lalitkumar704,0,1,0.0,1.0
bijutotweet,0,8,0.0,9.0
Its_Kishor,0,1,0.0,1.0
IndiaAheadNews,3,0,3.0,0.0
KishorMathpal,0,1,0.0,1.0
SamivelR,0,3,0.0,5.0
vijayment,1,0,1.0,0.0
siddtalks,0,1,0.0,1.0
losingnow,0,1,0.0,1.0
prakasia,0,2,0.0,2.0
Diksh_aS,0,1,0.0,1.0
satisharma09,0,2,0.0,2.0
JaipurDialogues,33,0,36.0,0.0
ttindia,18,3,24.0,3.0
ARIEL_SIDON,1,4,1.0,6.0
iScrew,2,0,2.0,0.0
Reverse_Scoop_7,0,1,0.0,1.0
ikaransharma27,1,0,1.0,0.0
DiletantePranav,0,2,0.0,2.0
Vikasthecult,0,4,0.0,4.0
mvskmohan,0,2,0.0,2.0
sadiqueanj,0,1,0.0,1.0
Lotus2051,0,2,0.0,2.0
AshisChakrabar6,0,1,0.0,1.0
EdgedAndGone,0,1,0.0,1.0
piyushgupta408,0,1,0.0,1.0
anand_lk,0,2,0.0,2.0
RndRam,0,7,0.0,9.0
tmvishnu,0,1,0.0,1.0
wtfcsk,0,1,0.0,1.0
rkk325,0,1,0.0,1.0
huramrajput558,0,2,0.0,2.0
srastogi50,0,2,0.0,2.0
shub_lakku,0,1,0.0,1.0
udyankumar,0,2,0.0,2.0
TMC_Supporters,5,0,5.0,0.0
Deejay79105637,0,5,0.0,5.0
LittleTenacious,0,1,0.0,1.0
SiddeshaGR,0,1,0.0,1.0
kalki10santosh,0,1,0.0,1.0
MeraGurgaon,0,1,0.0,2.0
nallaganesh,0,18,0.0,20.0
NITINKML,2,2,15.0,2.0
pentaclesking,0,4,0.0,4.0
Prakash3456,0,2,0.0,2.0
AshokGu65145183,0,2,0.0,2.0
ASOKKUM64850289,0,1,0.0,1.0
MinxInsolent,0,1,0.0,2.0
DhirendraSinha4,1,2,1.0,2.0
R14ap,0,2,0.0,2.0
vibewidyou,4,0,4.0,0.0
SUNADVOCATES,0,3,0.0,3.0
Motichur_laddoo,0,1,0.0,1.0
Udra_Uvacha,0,1,0.0,1.0
DharmaR1305,0,1,0.0,1.0
Muhamma12879288,0,1,0.0,1.0
AkhileshPal1108,0,4,0.0,4.0
ravi4354,0,3,0.0,3.0
sskumar1204,0,1,0.0,1.0
saha_indranil,0,1,0.0,1.0
YourStoryCo,1,0,1.0,0.0
jaimakamakhya,0,1,0.0,1.0
srikrishnakatha,0,1,0.0,1.0
y_mintu,0,1,0.0,2.0
RanjitMenon14,0,1,0.0,1.0
dkgautam007,0,1,0.0,1.0
rakeshangre,0,1,0.0,1.0
phbalu,1,1,1.0,1.0
Rocksta1Reynold,1,1,1.0,1.0
Meena_Kameena,0,1,0.0,1.0
EWIG360,0,1,0.0,1.0
behl_p,0,1,0.0,1.0
RasheshPatel,0,5,0.0,5.0
dineshdivekar,0,2,0.0,2.0
sunset391,0,1,0.0,1.0
MILVETERAN,1,4,1.0,4.0
bbgo91,0,1,0.0,1.0
abasitpak1,1,0,1.0,0.0
manmita505,0,3,0.0,3.0
shridhar_menon,0,1,0.0,1.0
harshnama,0,1,0.0,1.0
cifarshayar,1,2,1.0,2.0
kolya_manoj,0,1,0.0,1.0
miglani_karan,0,1,0.0,1.0
Deshpahle2,0,1,0.0,1.0
amit93952914,0,1,0.0,1.0
GujjuSanghi,0,2,0.0,2.0
aranibanerjee,1,1,1.0,1.0
MorningWalkers,1,2,1.0,3.0
kabiraditya22,0,1,0.0,1.0
SAzharuddin143,0,1,0.0,1.0
iyer_prasanna,0,1,0.0,1.0
PadiaZignesh,0,1,0.0,1.0
GhoshSubhag,1,0,1.0,0.0
upadhyay_ankush,0,3,0.0,3.0
Rehmanofficiale,0,1,0.0,1.0
Anandkrkeshri,0,1,0.0,1.0
apmd5,0,2,0.0,2.0
balramyadav,0,1,0.0,1.0
pvssarma,4,0,4.0,0.0
timesofindia,263,4,316.0,6.0
asimkfarooq,0,3,0.0,3.0
cryptoavii,0,1,0.0,1.0
DanielO38216680,0,1,0.0,1.0
MANAVCHAWLA20,0,3,0.0,3.0
_SUBHAM_RANA_,0,1,0.0,1.0
FreeMusketeerr,0,2,0.0,2.0
Vanket1,0,1,0.0,1.0
witty_weed,0,1,0.0,1.0
BaskarK29560,0,1,0.0,1.0
foodietweeter,0,2,0.0,2.0
Gkpolls882,0,1,0.0,2.0
Totantillaya,0,1,0.0,1.0
shuru12383,0,1,0.0,1.0
shrinihtmumbai,0,2,0.0,3.0
metoooyoutooo,0,1,0.0,1.0
CongresKrishna,0,1,0.0,1.0
VarunchowdaryM,0,1,0.0,1.0
HTPunjab,2,0,2.0,0.0
vijaysharmapc,0,1,0.0,1.0
Sudhaka35316294,0,1,0.0,1.0
anuj_satya,0,3,0.0,3.0
rightchoice_v,0,2,0.0,2.0
go2vish,0,1,0.0,1.0
manjanathags123,0,1,0.0,1.0
SochoJara,0,1,0.0,1.0
PawarSpeaks,84,0,91.0,0.0
Ullekh,0,3,0.0,3.0
MPAbdulKhaleque,1,0,1.0,0.0
perumalla3,0,1,0.0,1.0
NandiniPai1,0,1,0.0,1.0
sacchrin,2,2,2.0,2.0
srinivasangopal,0,7,0.0,7.0
rajeskotian,0,1,0.0,1.0
whoskj2,3,1,3.0,2.0
bharatiya_atma,0,2,0.0,2.0
CBAhetesham,0,3,0.0,5.0
priyankadeo,2,1,2.0,1.0
Anilcong90,0,2,0.0,4.0
chai_sapien,0,1,0.0,1.0
honstlynothonst,0,1,0.0,1.0
conscientious1o,1,1,1.0,1.0
NehaMak86433553,0,1,0.0,1.0
punjabtoday1,0,1,0.0,3.0
meerantwe1,0,1,0.0,1.0
ManashMpk93,0,1,0.0,1.0
SrChandanMishra,0,1,0.0,1.0
Prof_Pencil,0,1,0.0,1.0
Shivam_h9,2,0,2.0,0.0
dineshjoshi18,0,1,0.0,1.0
himansshhi,3,0,3.0,0.0
shyamAA32,0,1,0.0,2.0
MilaavInc,0,1,0.0,1.0
Indian10000000,5,0,5.0,0.0
VermaNishant7,0,2,0.0,2.0
Vikas_vicky27,0,1,0.0,1.0
Bollywoodventu,4,6,4.0,6.0
SachhiiBro,0,1,0.0,1.0
_tHe_mIR_,0,1,0.0,1.0
scalable10,0,5,0.0,10.0
VomyTrivedi,0,1,0.0,1.0
DeshPremi100,0,1,0.0,1.0
isumitrathi,0,1,0.0,1.0
IYC,68,2,81.0,2.0
YoungMayank,0,1,0.0,2.0
mrsmoehta,0,2,0.0,2.0
Satoshi150K,0,1,0.0,1.0
keshavuvacha,0,1,0.0,1.0
rd202021,0,4,0.0,4.0
SatishchandSri2,0,2,0.0,2.0
Ataur005,0,1,0.0,1.0
bhim_e,0,2,0.0,2.0
netizenhind,0,1,0.0,1.0
Krishnachavanmy,0,3,0.0,3.0
pradeep44950705,0,1,0.0,1.0
drkalpan,0,1,0.0,1.0
NandaKu53991398,0,4,0.0,4.0
RealMorang21,0,1,0.0,1.0
Indian___Idle,0,2,0.0,2.0
SanjeevMunshi,0,2,0.0,2.0
Lang21067418,0,3,0.0,3.0
PzSavadh,0,1,0.0,1.0
archanapanigra7,0,1,0.0,1.0
sambyalAbhi,0,1,0.0,1.0
mannojbagoria,0,1,0.0,1.0
gauagg,2,9,2.0,15.0
Aadhar36406524,0,1,0.0,1.0
drsachinm,0,1,0.0,1.0
shrikantalat,0,3,0.0,4.0
scanologis8,0,2,0.0,2.0
arun_rajndran,0,1,0.0,1.0
arjunbudhraja,0,1,0.0,1.0
adityagautamO_O,1,1,1.0,1.0
RahulMukherji5,6,3,6.0,3.0
whitediamond_S,0,1,0.0,1.0
dhaulidhar,0,3,0.0,3.0
Viv_zeppelin,0,1,0.0,1.0
ArslanJutt43,1,1,1.0,1.0
kunal11_23,0,1,0.0,1.0
INCGoa,2,0,2.0,0.0
DimpyKoch,1,1,1.0,1.0
icarus_ak,1,2,1.0,4.0
JAISHRIKRISHNAH,0,1,0.0,1.0
aksingh2767,0,1,0.0,1.0
KrishneyG,1,0,2.0,0.0
MrMOTOGRAPHER,0,1,0.0,1.0
atish22s,0,1,0.0,1.0
smeerkpblr,0,3,0.0,3.0
Saurabhrvs,0,1,0.0,1.0
karma_k_r,0,1,0.0,1.0
Frank55Review,0,1,0.0,1.0
TheGirlinIndia,0,1,0.0,1.0
Abhay96869779,0,2,0.0,2.0
BBhawana15,0,3,0.0,4.0
AmjadPK95,0,1,0.0,1.0
Deepest33071441,1,0,1.0,0.0
antidote286,0,2,0.0,2.0
khurram_sajjad,0,1,0.0,1.0
pts101967,0,1,0.0,1.0
SBM00379362,0,2,0.0,3.0
arpitsangal,0,1,0.0,1.0
KashmireAhasaan,0,1,0.0,1.0
JvOffl,0,1,0.0,1.0
KarticVariar,0,2,0.0,2.0
Kamalak50036587,0,1,0.0,1.0
ravi_enigma,2,0,2.0,0.0
vonbrauckmann,7,0,7.0,0.0
ranitaroy24,0,1,0.0,1.0
jitende37309837,1,1,1.0,1.0
theresource24x7,0,1,0.0,1.0
sAgronomy,0,1,0.0,1.0
AditendraS,0,1,0.0,1.0
Indianfor2024,0,4,0.0,6.0
Ashishk251,0,1,0.0,1.0
nsraman55,0,1,0.0,1.0
r04han,0,7,0.0,10.0
bjpnareshbansal,0,3,0.0,4.0
Shashi_Jadoun,0,1,0.0,1.0
ShampaDey13,4,1,4.0,1.0
VSK39692132,0,6,0.0,6.0
Gaurav_P_Sharma,0,2,0.0,2.0
JuralLegal,0,1,0.0,1.0
Abbas4yo,0,1,0.0,1.0
AkshatTaman,0,1,0.0,1.0
Ambiencerajat,0,2,0.0,2.0
Dev64489764,0,1,0.0,1.0
binuraj1850,0,2,0.0,2.0
Sinha_Nagmani,1,1,1.0,1.0
ShorsheFeelish,0,2,0.0,2.0
Kannadave_USIRU,0,2,0.0,2.0
BabburiSriram,0,1,0.0,1.0
ekaavaj,0,1,0.0,1.0
prakhar9,0,1,0.0,1.0
owaizafifa,0,4,0.0,4.0
lakhinathan,1,0,1.0,0.0
AnjoyPartha,1,0,1.0,0.0
avataram,1,0,1.0,0.0
MiRajeshPatil,1,5,1.0,10.0
AkramHu17029088,0,1,0.0,1.0
PerlOPython,0,1,0.0,1.0
UddiptaSinha,0,2,0.0,2.0
arviindk,0,3,0.0,8.0
Dr_DesaiKaran,0,1,0.0,1.0
SoumyaP53056881,0,1,0.0,1.0
VikashG_tweet,0,1,0.0,1.0
WokePandemic,3,0,3.0,0.0
poojadahiya1874,0,1,0.0,1.0
KamalTweet2,0,1,0.0,1.0
Minihindu20,0,2,0.0,2.0
madhusudhan0,0,1,0.0,1.0
symphonymakers,0,1,0.0,1.0
AARCEEN,0,5,0.0,5.0
AkalawadiMahesh,1,0,1.0,0.0
DeendayalRajpu2,0,2,0.0,2.0
smoiz,0,4,0.0,4.0
sridhar1803,0,2,0.0,2.0
bulletchacha,0,2,0.0,2.0
_Drluthra,0,1,0.0,1.0
baruah_bj,3,1,3.0,1.0
Smarsh_shah,0,3,0.0,3.0
solsipahi,0,1,0.0,1.0
DeeptiSachdeva_,15,1,18.0,2.0
imtiayzkhan13,0,1,0.0,1.0
anky755,0,5,0.0,5.0
Anilsonelalyada,0,1,0.0,1.0
Sushant99655745,0,1,0.0,1.0
vijayadar,0,3,0.0,4.0
neerajavi,0,3,0.0,4.0
Nobaggages,0,1,0.0,1.0
thetribunechd,3,5,5.0,8.0
kanishgaggar,0,1,0.0,1.0
Nixachar,0,3,0.0,5.0
Tsoont123,0,4,0.0,4.0
CAPratikKarpe,2,0,2.0,0.0
Ikrishnanand,0,2,0.0,2.0
manazir_hindi,2,3,2.0,3.0
Sharma_jay_87,0,2,0.0,2.0
saifiqbal123,0,1,0.0,1.0
DelhiMuse,1,0,1.0,0.0
VnyQazi,0,1,0.0,1.0
EsquireErrant,1,1,1.0,1.0
dilse_ab,0,1,0.0,1.0
AadiMan01,0,1,0.0,1.0
btc_55,0,1,0.0,1.0
BawaHS,0,1,0.0,1.0
moorthy1954,0,1,0.0,1.0
MODIfied_Pintu,1,1,1.0,1.0
Reddy__B,0,8,0.0,10.0
JainAAviral,0,7,0.0,7.0
AlokPatel,0,1,0.0,1.0
yuvavoice_MH12,0,1,0.0,1.0
NirjaSharma,1,1,1.0,1.0
bjp_dhara,0,1,0.0,1.0
Bharat_me2,0,3,0.0,3.0
kalyanjac,1,1,1.0,7.0
attorneybharti,7,0,8.0,0.0
RajeswariAiyer,1,0,1.0,0.0
spkathirvel1,0,9,0.0,19.0
farrookh,0,7,0.0,7.0
Motawbildu,0,4,0.0,4.0
bantisharma86,0,8,0.0,10.0
beenbanned3rd,0,1,0.0,1.0
JayeshD54291015,0,1,0.0,1.0
divisht_mehra,0,2,0.0,2.0
Hondurasehaha,0,1,0.0,1.0
JoshiCMA,0,1,0.0,1.0
pkverma1970,0,2,0.0,2.0
sandeepgarg2000,0,1,0.0,2.0
Yash_Dhawan_,0,1,0.0,1.0
pinakparekh4u,0,3,0.0,3.0
wordy_wood,0,4,0.0,4.0
akhileshjod,0,1,0.0,1.0
Avinash2304,1,1,1.0,1.0
sintu94,0,1,0.0,1.0
utterflea,0,2,0.0,4.0
Rajkuma63795627,0,1,0.0,1.0
shubham_sunny,0,3,0.0,3.0
TIndian2100,0,4,0.0,6.0
SportsInB,0,1,0.0,1.0
Shivam25june,0,3,0.0,3.0
theswami,0,1,0.0,1.0
Venkatesh_Vadak,0,1,0.0,3.0
thought_soch,0,1,0.0,1.0
Hitesh07266784,0,1,0.0,1.0
KalpeshDec87,0,1,0.0,1.0
ItsYourShantanu,0,2,0.0,2.0
BarkaseVinay,0,1,0.0,1.0
zules7172,3,0,4.0,0.0
sv0714,0,1,0.0,1.0
UmeshShah01,0,1,0.0,1.0
DevendraPai,0,1,0.0,3.0
Jagdish18280315,0,1,0.0,1.0
alokmehtaeditor,0,1,0.0,1.0
jp_vashishth,0,1,0.0,2.0
liveonin,0,1,0.0,1.0
BalshaliBharat,0,1,0.0,1.0
saeeshnevrekar,0,1,0.0,1.0
BharatJayate,0,1,0.0,1.0
nushmanjunath,0,1,0.0,1.0
dbadjena,0,1,0.0,1.0
Charvakans,0,4,0.0,4.0
newtons_0th_law,0,6,0.0,7.0
pallevenkat3456,0,2,0.0,2.0
cmankad,0,13,0.0,13.0
esanindia1965,0,7,0.0,7.0
_giriprashant,0,1,0.0,1.0
Prashant_Jha88,0,1,0.0,1.0
Roshan71272373,0,1,0.0,1.0
Madhu_619,0,1,0.0,1.0
drvivekrana15,0,1,0.0,1.0
pravinrao6750,0,5,0.0,5.0
PatriotChandel,0,1,0.0,1.0
beningamshilshi,0,1,0.0,1.0
NoWo8008,0,2,0.0,2.0
RAJEEVPANDE2405,1,1,1.0,1.0
ksvijayabaskar,0,2,0.0,2.0
junaidbhatt098h,0,1,0.0,1.0
SweetShreyas,0,1,0.0,1.0
CorporatebsG,0,1,0.0,1.0
RoopaNataraj,0,1,0.0,1.0
FXbyDharma,0,1,0.0,1.0
anumostafa,0,1,0.0,1.0
FasFouIndia,1,2,1.0,2.0
bramhasmiiii,1,0,1.0,0.0
Avinash02716985,0,3,0.0,3.0
AShah78475006,0,2,0.0,2.0
drdd4n6,0,1,0.0,1.0
SUNDARR69870223,0,1,0.0,1.0
savan_2011,1,0,1.0,0.0
PanchvatiNasik,3,0,3.0,0.0
SouthIndiagr8,0,1,0.0,1.0
psp080808,0,1,0.0,1.0
T800_SeriesH,0,2,0.0,2.0
SridharanSub3,0,1,0.0,1.0
krraj_stylo,0,2,0.0,2.0
MKG1869,0,2,0.0,2.0
gvpbroadcaster,0,1,0.0,1.0
gravitymoney,0,1,0.0,1.0
dimaagikeedaa,0,5,0.0,5.0
DeepakS99167303,0,1,0.0,1.0
sibi999,0,1,0.0,1.0
PrakashJatLadwa,0,2,0.0,2.0
the_royalmile,0,1,0.0,1.0
Arun2981,20,1,21.0,1.0
Har1AUM,0,15,0.0,18.0
RightWinger4U,2,4,2.0,4.0
Abijitrup,1,1,1.0,1.0
mansukhpatel181,0,4,0.0,5.0
singhravindrab,0,1,0.0,1.0
GMSOFI8,0,1,0.0,1.0
Aslam_Nations,0,1,0.0,1.0
d944296e27934e3,0,1,0.0,1.0
pandey_shakunt,0,1,0.0,1.0
sanjaysb1,0,1,0.0,2.0
PriynkaGandhiv,1,1,1.0,1.0
Mind_Planner,0,1,0.0,1.0
sarvadaman1,0,2,0.0,3.0
nischalnischal,0,1,0.0,1.0
RishiRahar,0,1,0.0,1.0
31Amit31,0,1,0.0,2.0
eshwarpappu,0,3,0.0,3.0
RameshN87981483,0,1,0.0,1.0
BurnolTimes,0,1,0.0,1.0
asriramansri,0,2,0.0,2.0
INaveenKarkada,0,2,0.0,2.0
farhans17,0,1,0.0,1.0
BharatRashtra14,0,8,0.0,8.0
India_Bharat82,0,1,0.0,1.0
kalpak007,0,1,0.0,1.0
Imabhijit_IND,0,4,0.0,5.0
Shiven2019,0,1,0.0,1.0
alwaysRehmat,0,1,0.0,1.0
saifannadaf1,0,3,0.0,3.0
TheMovementGuy,0,2,0.0,3.0
GauravPandya,0,3,0.0,3.0
sachkhode,0,2,0.0,2.0
girdharmittalPB,0,1,0.0,1.0
anshuk3011,0,1,0.0,1.0
gopalsi49843661,0,1,0.0,1.0
Bhavika6B,0,1,0.0,1.0
vdoalw,0,1,0.0,1.0
Pv21183551,0,4,0.0,5.0
gorabpk,0,1,0.0,1.0
shaliniscribe,1,0,1.0,0.0
Jugaldoshi14,0,4,0.0,4.0
SKrishna_AP_IND,0,1,0.0,1.0
theprayagtiwari,2,0,2.0,0.0
BharanidharanCB,0,1,0.0,1.0
AnandAbhinav08,0,1,0.0,1.0
advpankajag,0,1,0.0,1.0
TiwariAbhisar22,0,1,0.0,1.0
indya_tweets202,0,3,0.0,3.0
kirti_sd,5,12,10.0,13.0
UmeshaTweetsAKB,0,4,0.0,4.0
Possible_A1,0,1,0.0,1.0
ZeeBukhari,0,1,0.0,1.0
rajeshkzh,0,1,0.0,1.0
a_man8888,1,3,1.0,3.0
asterix0900,0,5,0.0,5.0
ZainAhammedAR,1,2,1.0,2.0
SKalita47051518,0,1,0.0,1.0
rajeevkmr4,0,2,0.0,2.0
LekhakAnurag,1,0,1.0,0.0
minditIsay,0,1,0.0,1.0
DeepakS36204913,0,1,0.0,1.0
Kvr2000in1,0,1,0.0,1.0
ashfromdun,0,1,0.0,1.0
IAMCouncil,13,1,14.0,1.0
Advait_1932,0,1,0.0,1.0
RYelavarthy,0,3,0.0,3.0
AJAYRATH,0,4,0.0,4.0
IndiaFirst2034,0,7,0.0,7.0
Pyarebhaiya1,0,3,0.0,3.0
vinuv7,0,2,0.0,2.0
sumukh_aimbig,0,1,0.0,1.0
JyotiKarma7,2,0,2.0,0.0
AmandeepBhogal,0,1,0.0,1.0
Simply68491332,0,1,0.0,3.0
iyer_rn,0,15,0.0,15.0
rwac48,16,0,19.0,0.0
Kunnimpp,1,0,1.0,0.0
drjhavn1,1,7,1.0,12.0
Lost38741523,0,1,0.0,1.0
pantudit007,0,1,0.0,1.0
devilishangelps,0,2,0.0,3.0
608Dj,0,1,0.0,1.0
dharmeshbhatt93,0,3,0.0,3.0
grovervj,1,12,1.0,15.0
gvnair91,0,4,0.0,4.0
VishnuMhalsekar,0,1,0.0,1.0
DeepAshar956,0,2,0.0,2.0
Manish93948143,0,1,0.0,1.0
guftagu99,1,1,1.0,1.0
7384nikky,0,2,0.0,2.0
Marwadi_OnTop,0,1,0.0,1.0
Manojku48577828,0,1,0.0,1.0
Lightisu,0,1,0.0,1.0
ShobhrajEr,0,1,0.0,1.0
Sandeepsingh_19,0,1,0.0,1.0
syedibrahim431,0,1,0.0,1.0
Cosmic_entity73,0,1,0.0,2.0
AbhijeetBorgao3,0,3,0.0,4.0
AbuTarique,0,2,0.0,2.0
AnirbanM_,0,1,0.0,1.0
nileshpadia1,0,1,0.0,1.0
scribe_prashant,24,0,25.0,0.0
RishiYadav1505,0,1,0.0,1.0
AnAlienForEarth,0,1,0.0,1.0
satyen68,0,3,0.0,4.0
TraderDoor,0,1,0.0,1.0
ZaidJilani,3,0,3.0,0.0
isomasundaram72,0,1,0.0,1.0
harsh_kataria2,0,1,0.0,1.0
2bhktimes,0,1,0.0,2.0
Dhavalenc,0,3,0.0,4.0
SachinTaank10,0,1,0.0,1.0
aakarshdhawan,0,2,0.0,2.0
vgonlatest,0,1,0.0,1.0
Swaps11,0,1,0.0,1.0
amatra_sen,0,1,0.0,1.0
ShivprasadKara2,0,1,0.0,1.0
sams8121986,0,1,0.0,1.0
Akshat__Jaiswal,1,1,1.0,1.0
onbwd,0,6,0.0,6.0
davedxb,0,1,0.0,1.0
AMerukar,0,1,0.0,1.0
RAVINUTHALABal1,0,1,0.0,2.0
dipunair,0,2,0.0,2.0
VamsiChandran,3,0,3.0,0.0
Anuraag71655033,0,2,0.0,2.0
DhirubhaiDhiru,0,1,0.0,1.0
SreejithSpeaks,0,2,0.0,2.0
SouravB68661283,0,1,0.0,1.0
Jakkappanav,0,3,0.0,3.0
skr97296,0,1,0.0,1.0
hazarika_rao,0,3,0.0,3.0
prasadcg,0,1,0.0,1.0
RamkishanO,0,4,0.0,4.0
rahul007sarkar,0,1,0.0,1.0
EhsaasH2O,0,1,0.0,1.0
iamAbbySingh,0,1,0.0,1.0
Vishwasshettre,0,3,0.0,3.0
meelogsin,1,1,1.0,1.0
jeorge_nits,0,1,0.0,2.0
r_arvindk2000,0,1,0.0,1.0
thakorehv,0,1,0.0,1.0
shareurviews0,0,1,0.0,1.0
nitingzb,0,1,0.0,1.0
seemamittal5,0,3,0.0,3.0
ThevarBharathi,0,1,0.0,1.0
Sowmyasam1094,0,1,0.0,1.0
PreciousProtec5,0,1,0.0,1.0
t_archei,0,3,0.0,3.0
Dinesh_Aryan_,0,4,0.0,8.0
AnchitShethia,0,1,0.0,1.0
Sauba_Oumesh,0,3,0.0,5.0
vala_khima,0,1,0.0,1.0
NatarajanSe,0,3,0.0,3.0
pushkaraj_r,0,1,0.0,1.0
officeofprincu,0,1,0.0,1.0
swatskat,0,1,0.0,1.0
pavisiddh,0,5,0.0,5.0
pompeorubicon,1,0,1.0,0.0
aauattweeter,0,1,0.0,1.0
n_c_a_7,0,4,0.0,4.0
FinancialBrdm,0,1,0.0,7.0
dr_madaanKKC,0,3,0.0,4.0
SoumyaTweets6,0,1,0.0,1.0
Nishikathediva,0,1,0.0,1.0
3044d437d230440,0,1,0.0,1.0
Coolaj87,0,1,0.0,1.0
ankit_sinha21,0,1,0.0,1.0
NoorClinic5,0,1,0.0,1.0
devcs,0,1,0.0,1.0
yskanth,1,0,1.0,0.0
Akhil_H,0,3,0.0,4.0
kafir266,0,1,0.0,1.0
vivekMalviya03,0,1,0.0,1.0
Godara0015,0,2,0.0,2.0
alpualfred,0,2,0.0,2.0
RiseofBurnol,5,1,5.0,1.0
lokkalyandas,0,1,0.0,1.0
AditiSBarar02,0,2,0.0,2.0
free_thinker,18,0,19.0,0.0
SEINETofficial,0,1,0.0,1.0
imketansolanki,0,1,0.0,1.0
RAJAGOPALAN1951,7,0,9.0,0.0
mudassirrahman0,0,1,0.0,1.0
Naazraaz1,0,2,0.0,2.0
sidhu_nobel,0,5,0.0,7.0
mithun1samy,0,1,0.0,1.0
dukeofdiaspora,4,0,4.0,0.0
rc_borty,0,3,0.0,3.0
maniskumar,0,5,0.0,5.0
sgdutt41,0,1,0.0,1.0
sunilfois,0,3,0.0,3.0
BraveBanda99,0,3,0.0,5.0
AnnuJal,2,0,2.0,0.0
AasthaMarketing,0,1,0.0,1.0
secular_desi22,0,1,0.0,1.0
harisun7991,0,1,0.0,1.0
tweetsbydivyu,0,6,0.0,6.0
sksingh56,0,1,0.0,1.0
I_mrahulsaini,0,1,0.0,1.0
ajesh_chawla,0,1,0.0,1.0
pamelaphilipose,2,0,2.0,0.0
mohammadasifsk,0,4,0.0,4.0
the_nhiraj,0,2,0.0,2.0
jaideep2025,0,5,0.0,5.0
saffronSalt1,0,2,0.0,2.0
VarmaWasHere,1,2,1.0,2.0
MaxiRodrigez14,0,1,0.0,1.0
jakesully201121,0,1,0.0,1.0
caff_eeine_xtra,0,1,0.0,1.0
BurhanFatehi13,0,3,0.0,3.0
venkate98507511,1,0,1.0,0.0
hina_lib,0,1,0.0,1.0
vjchandra2003,0,1,0.0,1.0
AnilkAgarwal22,0,1,0.0,1.0
R_A_Varun_Reddy,0,1,0.0,1.0
Hashimalhanfi,0,1,0.0,1.0
laliteshwar9,0,1,0.0,1.0
CitizenKamran,8,0,8.0,0.0
vidyadharginde,0,4,0.0,4.0
ashwanipradhan2,0,1,0.0,1.0
pooravshah75,0,7,0.0,7.0
tweetsAnurag,0,1,0.0,1.0
NitinNaikwad,0,1,0.0,1.0
DigitalEminent,0,1,0.0,1.0
umakanthgopalb1,1,1,1.0,1.0
Manoj_for_India,0,2,0.0,2.0
TheFeedIndia,0,1,0.0,1.0
LokeshSharma085,1,3,1.0,5.0
MurzbanFShroff,0,2,0.0,2.0
mohnmera,1,1,1.0,3.0
crazylad47,0,1,0.0,1.0
Abhi459046Patel,0,1,0.0,1.0
haris_blr,0,2,0.0,2.0
Princetweetbook,0,1,0.0,1.0
nathbanerjee,0,1,0.0,1.0
ambksurendra,0,2,0.0,2.0
Straigh40330035,0,1,0.0,1.0
Siba_TNIE,3,3,3.0,3.0
m_timmarusu,0,1,0.0,1.0
capische2,0,1,0.0,1.0
HegdeVasishtha,0,1,0.0,1.0
amitacharya_19,0,1,0.0,1.0
peerzadamasroor,0,2,0.0,2.0
HarisRiazz,0,1,0.0,1.0
psychmiq,0,1,0.0,1.0
Avishek_Arnav,0,1,0.0,1.0
GyanaRa09952488,0,2,0.0,2.0
GillesVerniers,4,2,4.0,2.0
SRGanguli1,0,2,0.0,2.0
AdvYadavVijay,0,1,0.0,1.0
Idigrock,0,1,0.0,1.0
BraHmoS89,0,1,0.0,1.0
khushbo82615997,0,1,0.0,1.0
sakshyamprahlad,0,1,0.0,1.0
Indianbysoul1,1,1,1.0,1.0
ManuNair_778,0,4,0.0,4.0
LHurkat,0,2,0.0,2.0
v_vkdholakia,0,1,0.0,1.0
AbhayRawal,0,6,0.0,11.0
skshukla01INC,0,14,0.0,32.0
saby0143,0,4,0.0,4.0
Vyomnaut,0,2,0.0,2.0
BloomVade,0,3,0.0,3.0
vidhusood4,0,1,0.0,1.0
090_gaurav,0,1,0.0,1.0
ravirockks,0,7,0.0,7.0
thecaravanindia,7,2,7.0,3.0
TapanTARAPRASA1,0,2,0.0,2.0
goyal_speak,0,3,0.0,3.0
AkmalsTweets,0,1,0.0,1.0
hindsedinesh,0,1,0.0,1.0
arshadhk1,0,3,0.0,3.0
fleetfooter,0,1,0.0,1.0
vipul_rastogi,0,1,0.0,1.0
arshpath,0,4,0.0,4.0
SudheenKulkarni,17,0,17.0,0.0
DravaBhakt,0,1,0.0,1.0
Agustya26,0,1,0.0,1.0
ZeeMohamed_,4,0,4.0,0.0
exBJP23,0,1,0.0,1.0
astha_bansal12,0,4,0.0,5.0
MotivatedRumi,0,1,0.0,1.0
VeeMuthusamy,0,1,0.0,1.0
antifasicm4ever,1,1,1.0,1.0
VasudhaivaKN,0,2,0.0,3.0
MDSalmanAITC,0,2,0.0,2.0
Harpreetsethi95,0,1,0.0,1.0
primepost_,0,1,0.0,1.0
ItsDikhit,0,2,0.0,2.0
samkarann,0,1,0.0,1.0
DareDevilAnupam,0,2,0.0,2.0
kskiyer,1,1,2.0,1.0
FraudGlobal,0,1,0.0,1.0
happyneerajkp,0,1,0.0,1.0
abhialive11,0,1,0.0,1.0
asadowaisi,78,0,84.0,0.0
AnandRoxxy,0,1,0.0,1.0
iPuneetSharma,3,0,3.0,0.0
anupamhazra_,0,2,0.0,2.0
bkirrankumar1,0,1,0.0,1.0
aditheesh,0,4,0.0,4.0
Arshdee28691832,0,2,0.0,2.0
prathib2002,1,1,1.0,1.0
itsguptavishal,1,1,1.0,1.0
avinashpandeydk,0,3,0.0,3.0
santoshkumarjos,0,1,0.0,1.0
AlbelaPahadi,0,1,0.0,1.0
sumanthkatti,0,1,0.0,1.0
aneep1903,0,1,0.0,1.0
adarshdevaraj,0,2,0.0,2.0
BJYM4NAGALAND,2,2,2.0,2.0
vekariyapb,0,1,0.0,1.0
adluru_gowtham,0,1,0.0,1.0
sudeepj21,0,1,0.0,1.0
mukeshshah06,0,3,0.0,3.0
akch87,0,1,0.0,1.0
RajeshModem5,0,1,0.0,1.0
aamirriyaz4,0,2,0.0,2.0
venumalu,0,1,0.0,1.0
indian_manav,0,1,0.0,1.0
AsYouNotWish17,0,1,0.0,1.0
Jibranpatel15,0,1,0.0,1.0
Hayat4India,0,2,0.0,2.0
sirajmattari,0,3,0.0,3.0
Saroj_ini,0,1,0.0,1.0
pulichikkat,0,2,0.0,2.0
realPun_dit,0,3,0.0,3.0
tarke143,0,3,0.0,3.0
love_liv_laf,14,2,14.0,2.0
manmeetagarwal,0,5,0.0,5.0
smokincjoe,0,2,0.0,2.0
A_Gautam93,0,1,0.0,1.0
pulimajjige,0,1,0.0,1.0
dselvakumar9,0,2,0.0,2.0
Haricane_2004,1,1,2.0,1.0
FutureEquals,0,6,0.0,7.0
NEHAL1702,0,2,0.0,3.0
shiv1161,0,1,0.0,1.0
AnathpindikaS,0,1,0.0,1.0
ArySinghTweets,0,1,0.0,1.0
YB_Foundation,0,3,0.0,5.0
Srikarrrrr,0,2,0.0,2.0
Bharat_Ketan,0,2,0.0,2.0
sandeepmvb,0,2,0.0,2.0
sudharshanRG,0,2,0.0,3.0
Shujaat_Mirza,1,0,1.0,0.0
s_paramvir1,0,1,0.0,1.0
Batra29,0,1,0.0,1.0
DrPunjabi,0,1,0.0,1.0
shadab_chouhan1,3,0,3.0,0.0
DrDBhasin,1,4,2.0,7.0
ajaymajorsingh1,0,1,0.0,1.0
kiran_stories,0,2,0.0,4.0
manusome9,0,2,0.0,2.0
somebadideas,2,0,2.0,0.0
rishab_org,0,1,0.0,1.0
nandtara,6,2,9.0,3.0
SadanandTyagi3,0,2,0.0,3.0
gauravsabnis,16,0,18.0,0.0
aapkatohid,0,1,0.0,1.0
JBVora80,0,1,0.0,1.0
Sid77058694,0,1,0.0,1.0
RAGHUNATH1980,1,0,1.0,0.0
agr_amit,0,1,0.0,1.0
BhaskarDBaruah,0,1,0.0,1.0
ArpitRajkakkar,0,1,0.0,1.0
loneWolf1IXIX2,0,1,0.0,1.0
raviindrasoni,0,1,0.0,2.0
jbelludi,1,1,1.0,1.0
abhishek_tiku,0,2,0.0,3.0
martinv17,0,1,0.0,1.0
ns26494,0,1,0.0,1.0
PhobosDeim,2,3,2.0,3.0
Udta_teer82,0,1,0.0,1.0
surendra_saladi,0,2,0.0,2.0
karishma__m__,2,1,2.0,1.0
beingh_sourabh,0,1,0.0,1.0
I_M_SOUMYA,0,3,0.0,3.0
ranban282,0,1,0.0,1.0
ShettyMlore,0,2,0.0,2.0
Virender949,0,1,0.0,1.0
D20052002,0,1,0.0,1.0
Khushbu91729671,0,2,0.0,4.0
asuchil2f,0,1,0.0,1.0
sudzz71,0,2,0.0,2.0
shankc0402,0,2,0.0,2.0
shambhushinde0,0,1,0.0,1.0
bharat_sms,0,5,0.0,6.0
NewsArenaIndia,44,0,44.0,0.0
reevakhanna1,0,1,0.0,1.0
pratidintime,1,0,1.0,0.0
the_newsmen,0,5,0.0,6.0
JambuDanapuara,0,7,0.0,7.0
im_asheeshK,0,1,0.0,1.0
thakur_shivangi,1,0,1.0,0.0
harodia,0,1,0.0,1.0
amritsagar180,0,1,0.0,1.0
Arthickjayam,0,3,0.0,3.0
aishwaria_s,0,1,0.0,1.0
amitaashoo,0,6,0.0,6.0
ThilakChristop3,0,2,0.0,2.0
ChetanHarkude,0,2,0.0,2.0
krishnarg22,0,4,0.0,4.0
Od_Vigilante,0,3,0.0,12.0
dr_rupani,0,6,0.0,6.0
bhau_drkulwant,0,2,0.0,2.0
shabhushan46,0,2,0.0,2.0
Venom_Uchiha1,0,4,0.0,8.0
jaago69,0,2,0.0,2.0
MohsinN02902520,0,1,0.0,1.0
adabnow,0,1,0.0,1.0
Not__a___Doctor,0,1,0.0,1.0
SatishKapur4,1,0,1.0,0.0
MatthamRamesh,0,1,0.0,1.0
laly_randolf,0,1,0.0,1.0
arsalaqureishi,0,5,0.0,6.0
kovai_su_ba,0,1,0.0,1.0
SChowdary7,0,1,0.0,1.0
PRATIK007P,0,1,0.0,1.0
KnowShareAct,0,2,0.0,2.0
NewsJ1964,0,5,0.0,5.0
JamalJumla,0,2,0.0,2.0
vikram193,0,1,0.0,1.0
vschanna,1,0,1.0,0.0
mo_jibr,0,1,0.0,1.0
Devg3046,1,1,1.0,1.0
jha_sudhirjha,0,3,0.0,3.0
SaroopCKol,0,1,0.0,1.0
RightofCenter14,0,1,0.0,1.0
animabid,0,1,0.0,1.0
kote_sidda,0,2,0.0,2.0
ankitmeswani,0,4,0.0,6.0
subzz4u,0,2,0.0,2.0
MufcMohit07,0,1,0.0,1.0
imanojprabakar,1,0,1.0,0.0
bikrammihir267,0,2,0.0,5.0
munafno1,1,0,1.0,0.0
KSingh_1469,1,1,1.0,1.0
DEV143RAJPUT,0,2,0.0,2.0
Jeetu4119,0,4,0.0,6.0
Sudipta99606304,0,1,0.0,1.0
ahmedkoya,0,1,0.0,1.0
singour_anshul,0,3,0.0,3.0
RajaHas04136872,0,1,0.0,1.0
gsapna007,1,2,1.0,2.0
Jehangirkhan800,0,1,0.0,1.0
Vidyaraj51,0,1,0.0,1.0
Arunkachhwaha3,1,1,2.0,1.0
Tsarofukie,0,1,0.0,1.0
rakeshc122,0,1,0.0,1.0
rajeshkarnik,0,2,0.0,2.0
RiiRiee786,0,1,0.0,1.0
nammsiem,0,2,0.0,3.0
pk99000,0,5,0.0,5.0
SarikaSingh077,0,1,0.0,1.0
izazAatif,0,1,0.0,1.0
jabbarsharieff,0,1,0.0,1.0
nearbankrupt,0,1,0.0,1.0
YamdootF,0,1,0.0,1.0
mrdipenpatel,1,2,1.0,2.0
Mad4NaMo,0,1,0.0,1.0
Ekta0001,0,5,0.0,5.0
Bharat59036499,0,1,0.0,1.0
sheela2010,3,5,3.0,6.0
VarunKh90848217,0,1,0.0,1.0
BrightI90163219,0,1,0.0,1.0
priya2876,0,1,0.0,1.0
BobinsAbraham,0,1,0.0,3.0
KhManiranjanSin,0,7,0.0,12.0
metcoexport,0,1,0.0,1.0
JainShreyans130,0,1,0.0,1.0
dollysharma18,1,1,1.0,1.0
OkMayiru,0,1,0.0,1.0
srisri1956,0,3,0.0,3.0
Nkb_indian,0,2,0.0,2.0
imsonupatel10,0,1,0.0,1.0
Usmanifire,0,1,0.0,1.0
mockingdesi,0,1,0.0,1.0
Mani_Bharathi_C,0,1,0.0,1.0
DrMeetaRuparel,1,0,1.0,0.0
GautamB90927062,0,1,0.0,1.0
SbOyrikku,0,7,0.0,7.0
JaiShriRamIndia,0,1,0.0,1.0
isindianpolitic,0,1,0.0,1.0
NilanjanS,0,2,0.0,2.0
Urstrulypujith,0,1,0.0,1.0
dkpradhanxs,0,1,0.0,1.0
monalisaodisha5,0,1,0.0,1.0
RamFram,0,1,0.0,1.0
Sukhmin39119403,0,2,0.0,2.0
TE5S3RACT,0,14,0.0,17.0
sunsuji17091,0,1,0.0,1.0
skjain_05,3,0,3.0,0.0
AsifHaroonWilli,0,2,0.0,2.0
calicool_tanu,0,1,0.0,1.0
LaliGanguli,1,0,1.0,0.0
AdvVikas84,0,1,0.0,1.0
RealVoice_1234,0,1,0.0,1.0
DineshRedEE,0,2,0.0,2.0
amitabarpanda,0,1,0.0,1.0
Raj63245195,0,2,0.0,2.0
NAdhikarala,0,2,0.0,2.0
vpankaj1,0,1,0.0,1.0
iamrsmi,0,1,0.0,1.0
harshabv1,0,1,0.0,1.0
moneycontrolcom,15,1,15.0,2.0
INCAseemKP,0,3,0.0,3.0
Sam92112836,0,1,0.0,1.0
Anandkondaguli,0,1,0.0,1.0
RamkinkorAssam,0,2,0.0,2.0
pi23433731,0,1,0.0,1.0
SurendraSuman25,0,2,0.0,2.0
Politics_SMHAGE,1,0,1.0,0.0
MsCreation10,0,1,0.0,1.0
SudhanPranavesh,0,2,0.0,2.0
Visesh44255851,0,1,0.0,1.0
loveuRoyal,0,3,0.0,3.0
RK006699,1,3,1.0,3.0
PJkanojia,5,0,5.0,0.0
GhoshDhrubajit,0,1,0.0,1.0
Bhasker123,0,2,0.0,2.0
o_a_hamidi,0,1,0.0,1.0
rcvinu,0,1,0.0,1.0
saurabh07___,0,5,0.0,5.0
angrybirdtweetz,2,0,2.0,0.0
vampirkaninchen,0,1,0.0,1.0
VineelJeejula17,0,2,0.0,2.0
sonikjohn,0,2,0.0,2.0
ajay_reddy_t,0,5,0.0,7.0
SmokingLiberals,6,0,6.0,0.0
kewlani_mona,0,1,0.0,1.0
rajur63,0,1,0.0,1.0
ModPrakash1,0,2,0.0,2.0
bhanuthukral,0,1,0.0,1.0
Unsubtle_Mandy,0,1,0.0,1.0
sanjaykpandey3,0,4,0.0,12.0
Sj_kpcc,0,1,0.0,1.0
aatanud,0,2,0.0,2.0
JJoseph4128,0,1,0.0,1.0
MustLuvImran,0,2,0.0,2.0
gopsm93,0,1,0.0,1.0
thatPoonekar,0,1,0.0,1.0
vishu49,0,2,0.0,2.0
Dpskingra,0,1,0.0,1.0
pks_king,0,2,0.0,2.0
bharatkashmir,0,1,0.0,1.0
Ramsing68850851,1,1,1.0,1.0
ravipolara,0,7,0.0,14.0
mysticamis,0,1,0.0,1.0
Axion76540,0,4,0.0,4.0
imsayyedabbas,0,2,0.0,2.0
yavano_oruvan,0,2,0.0,3.0
Ankitaa_Sh3,0,2,0.0,2.0
paul_chinnasamy,0,3,0.0,3.0
imeerage,1,0,1.0,0.0
pabbathi75011,0,1,0.0,1.0
shubhen73383333,0,2,0.0,2.0
sengupta_monish,0,1,0.0,1.0
hbhansali1,0,1,0.0,1.0
arifayyub,1,1,1.0,1.0
vinayak_dhondge,0,1,0.0,1.0
brgsays,0,3,0.0,3.0
BAJIRAO999,0,3,0.0,3.0
DrKrishnasamy,2,2,3.0,2.0
Gyanforfree007,0,1,0.0,1.0
Karthick_198221,0,1,0.0,1.0
sbparekh,0,2,0.0,2.0
raghuhari,0,1,0.0,1.0
newlinesmag,7,2,7.0,5.0
sanjeevpandey36,0,1,0.0,1.0
AprameyaM1,0,1,0.0,1.0
sanjeev_sing,0,1,0.0,1.0
wolowitzJPL,0,3,0.0,3.0
mr_spotlight_,0,1,0.0,1.0
safwankhansk,0,1,0.0,1.0
Edmondfernandes,1,2,1.0,2.0
AmanAdarsha,0,3,0.0,8.0
santhoshpaliath,1,0,1.0,0.0
imkingshukb,0,1,0.0,1.0
DevsurabheeJi,0,1,0.0,1.0
SCATbill22,0,1,0.0,1.0
balaks68,0,3,0.0,4.0
AdvAshutoshBJP,7,0,7.0,0.0
ridhiagarwal462,0,7,0.0,7.0
Minfinitive786,0,1,0.0,1.0
bearded_aamadmi,0,1,0.0,2.0
livesumit,0,1,0.0,1.0
AteeqSiddiqui19,0,3,0.0,3.0
maria_drutska,1,2,1.0,2.0
bhagat_9495,0,1,0.0,1.0
alstaris,0,2,0.0,2.0
Gajanan52230347,0,1,0.0,1.0
akaashkaithe,0,1,0.0,1.0
panwarsudhir1,0,1,0.0,2.0
mowgli233,0,1,0.0,1.0
hollywoodcurry,3,3,3.0,3.0
TruthSeeka1,0,1,0.0,1.0
KrisNair1,28,0,31.0,0.0
GoodGodBhanu,0,1,0.0,1.0
LoyalRohit_Fan,0,1,0.0,1.0
ashudag8,0,1,0.0,1.0
anshulbhatia19,0,2,0.0,2.0
Mr_manju17,0,3,0.0,3.0
JK_theForgiver,0,3,0.0,3.0
RajeevKadyan,0,1,0.0,1.0
amitpushpakar,0,2,0.0,2.0
HSHegde,1,1,1.0,1.0
ThakurBagh,0,1,0.0,1.0
nareshdubbudu,0,1,0.0,1.0
Satishc31241456,0,1,0.0,1.0
its_Bulbul,1,0,1.0,0.0
gauravvns,0,1,0.0,1.0
ekta2993,0,1,0.0,1.0
TOIIndiaNews,43,0,48.0,0.0
Bongosaur,1,2,1.0,3.0
poetbadri,3,0,5.0,0.0
thenvymoon,0,1,0.0,1.0
Akolk11,0,1,0.0,1.0
nirbhaykapoor,4,2,4.0,2.0
Sandeepkumark0,0,2,0.0,2.0
Choudharyab143,0,1,0.0,1.0
livewire,1,0,1.0,0.0
kakar_harsha,28,0,28.0,0.0
Hiren2551,0,1,0.0,1.0
othergo,0,2,0.0,2.0
Suprati11955789,0,1,0.0,1.0
asmoorthi2006,0,2,0.0,2.0
BL_Tm_Enthalpy,0,1,0.0,1.0
asdogar_,0,2,0.0,2.0
Scorpi8o8,0,2,0.0,2.0
Anilthapar123,0,3,0.0,3.0
pransukh37,0,2,0.0,2.0
UdayThaker,0,1,0.0,1.0
gravyhravi,0,1,0.0,1.0
DPmohapatra6,0,1,0.0,1.0
Tamil_Hobbit,0,1,0.0,1.0
InfidelFriendly,2,3,2.0,3.0
DiamondPython1,0,2,0.0,3.0
SANJEEVTANDON2,0,4,0.0,4.0
supapasu55,0,1,0.0,1.0
SuhasGDeshmukh,0,1,0.0,1.0
thorveramesh11,0,1,0.0,1.0
msgothwall,0,2,0.0,2.0
Zoyebsiddique,0,1,0.0,1.0
Adikessavane1,0,1,0.0,1.0
aasiya905,0,1,0.0,1.0
Bpe1160,0,2,0.0,2.0
0007_CJ,0,2,0.0,2.0
CornishMamba,0,2,0.0,3.0
SummerMerin,4,2,4.0,2.0
DrBisector12345,1,1,1.0,1.0
RajneeshAnand2,0,4,0.0,5.0
bakshisanket,0,1,0.0,1.0
Megshetty,0,4,0.0,4.0
Kahaniwala_918,0,2,0.0,8.0
Asim42A,0,2,0.0,2.0
CHMadrid10,1,1,1.0,1.0
chkabhi,0,2,0.0,2.0
Nishtri13,0,6,0.0,10.0
sivashiv,0,1,0.0,1.0
sandyUP62,0,4,0.0,4.0
swamy_susu,0,2,0.0,2.0
ShaikSu32344789,0,2,0.0,2.0
RadheKundu,0,3,0.0,3.0
akb_ted,0,1,0.0,1.0
LotusBloom14,0,1,0.0,1.0
sachingshukla,0,1,0.0,1.0
chanderkent,0,4,0.0,7.0
Saraswata_knk,0,1,0.0,1.0
ThiruYadav6,0,3,0.0,3.0
abhi0000764,0,1,0.0,1.0
SrinivasChoudh9,0,1,0.0,1.0
SsrHerefor,0,2,0.0,2.0
skiyer77,0,1,0.0,1.0
SHRINA,0,1,0.0,1.0
ANI_MP_CG_RJ,3,0,3.0,0.0
amiya_rbehera,0,2,0.0,2.0
lm_irl,0,2,0.0,3.0
IsaacAnand1,0,1,0.0,2.0
hulapalle,0,1,0.0,1.0
Prashu234,0,1,0.0,1.0
pankaj_agrawaal,0,1,0.0,1.0
AlokeMookerjee2,0,2,0.0,2.0
VMTripathi__,0,1,0.0,1.0
davimasinde,0,1,0.0,1.0
Mallick7Sitaram,0,1,0.0,1.0
Abhina_Prakash,2,0,2.0,0.0
xThePrincipal,0,1,0.0,1.0
SathyaRN24,1,4,1.0,4.0
vinaygoel267,0,1,0.0,1.0
VinojBJP,5,1,5.0,1.0
DessieAussie,0,5,0.0,7.0
ParikshitBharg1,0,2,0.0,2.0
SunilDeepak04,0,1,0.0,1.0
Soamras,0,2,0.0,2.0
lavanyadeepak,1,2,1.0,2.0
dipaksamanta,1,4,2.0,7.0
dr_triggered,0,1,0.0,2.0
indorerealtor,0,2,0.0,2.0
ec7104de70df411,0,3,0.0,3.0
im_chandramohan,0,3,0.0,3.0
HarishRevanna27,0,1,0.0,1.0
pprasanaa,0,2,0.0,2.0
Reena03102000,0,2,0.0,2.0
prabeennet,0,1,0.0,1.0
A67Nitin,1,0,1.0,0.0
PVenuma,0,2,0.0,2.0
Mahesh50362966,0,3,0.0,3.0
jaimalphatta,0,1,0.0,1.0
LalitenduBJP,0,1,0.0,1.0
Hubby_Bulla,0,2,0.0,2.0
DSanjeev_,0,1,0.0,1.0
AnishKu18363112,0,6,0.0,6.0
AmitSwarajMP,0,2,0.0,2.0
shubhamr528,0,9,0.0,15.0
arvndbs,0,2,0.0,2.0
kumaran__p,0,4,0.0,4.0
oberoi09041497,0,1,0.0,1.0
nephx09,0,1,0.0,1.0
RafaTweets_,0,1,0.0,1.0
DelhiIndia2021,0,1,0.0,1.0
PapanPatra9,0,1,0.0,1.0
SikarwarBr,0,1,0.0,1.0
mdnaseemk,0,6,0.0,6.0
Jumblur,0,1,0.0,1.0
KishanUppam,1,3,1.0,6.0
Kannan09609880,0,1,0.0,1.0
LokMarg,0,1,0.0,1.0
harisrikesari,0,1,0.0,1.0
FaizAliQureshi7,1,1,1.0,1.0
drjay512,0,2,0.0,2.0
DwarfPoet,0,1,0.0,1.0
drborkar,0,1,0.0,1.0
JOGENDRASINGH15,0,1,0.0,1.0
mohakkhatu,0,3,0.0,3.0
dear_pixie,1,1,1.0,1.0
jsreenivasa,0,1,0.0,1.0
ms_behera,0,1,0.0,1.0
SamirDutta17,0,1,0.0,1.0
weiselaqua,2,0,2.0,0.0
tweetshetty1,0,1,0.0,1.0
sanjeebsmart,0,3,0.0,3.0
samarth_dubey29,0,2,0.0,2.0
GaurangSapre,0,2,0.0,2.0
EmulateTo,0,1,0.0,1.0
AnAccou15875436,0,1,0.0,1.0
AdvKKaushik,1,1,1.0,1.0
Tarunbi18434991,0,1,0.0,1.0
kbalakumar,1,0,1.0,0.0
AntiHypocriter,0,1,0.0,1.0
prakashpkrishna,1,1,2.0,1.0
yasminpasha,0,1,0.0,1.0
KTGupta3,1,1,1.0,1.0
RajevDixit1,0,1,0.0,1.0
mridulnandy7,0,1,0.0,1.0
GuaharM,0,1,0.0,1.0
AdithMalhotra,0,5,0.0,8.0
basavaraju24051,0,3,0.0,3.0
MAILAREPPA_S_M,0,2,0.0,2.0
Quibbles57,0,1,0.0,1.0
HardikGabani45,0,1,0.0,1.0
imri2,0,3,0.0,3.0
arunpawar_srcc,0,1,0.0,1.0
globalsitizn,1,2,1.0,2.0
Fairoz_JK,1,1,1.0,1.0
DevdasNamboodi4,0,1,0.0,1.0
mujtabaamjad36,0,4,0.0,4.0
Sam_pathak12,0,2,0.0,2.0
SartreanExis10,1,2,1.0,2.0
zafrimn,0,1,0.0,1.0
iamdebashis_,0,2,0.0,3.0
shivam_atheist,1,1,1.0,1.0
rohit_curious,0,2,0.0,2.0
manisha__gupta,0,2,0.0,2.0
pratikj777,0,1,0.0,1.0
Tinyhunterme,2,1,2.0,1.0
rakeshmanral,0,1,0.0,1.0
SrinjaniKajaria,0,1,0.0,1.0
iiGabriellei,0,2,0.0,2.0
haqsmusings,1,0,1.0,0.0
AshuImGud,0,1,0.0,1.0
akii221b,0,2,0.0,2.0
Aapkapsm,0,1,0.0,1.0
ConradkBarwa,3,5,3.0,6.0
Sagar_Jamui_BH,0,1,0.0,1.0
Sachinkinra,0,1,0.0,1.0
BhartiyaNagrik8,0,1,0.0,1.0
bjym_goa,2,2,2.0,2.0
indiansvote4,0,1,0.0,1.0
VidyadhariDhar1,0,7,0.0,9.0
ankurdixithbti,0,1,0.0,1.0
aasimiqbal88,0,1,0.0,1.0
iyerraman75,0,2,0.0,2.0
mei_hoon_teja,0,1,0.0,1.0
UndefinedRana,0,5,0.0,6.0
gkpgeo,0,1,0.0,1.0
RiteshP14933851,0,1,0.0,1.0
seemasirohi,3,1,3.0,1.0
arun4friends,0,2,0.0,2.0
PranavDwivedi55,0,1,0.0,1.0
retamaldas,0,1,0.0,4.0
KJRBRS,0,1,0.0,1.0
SomjitDey,0,2,0.0,2.0
rangats,2,1,2.0,7.0
kirankumarwifi,0,3,0.0,3.0
MominaMoin,0,1,0.0,1.0
AnkushSher,0,1,0.0,1.0
Triloch90478504,0,1,0.0,1.0
Parmarj04665430,2,2,2.0,2.0
raj85669027,0,2,0.0,2.0
SuritDasgupta,0,1,0.0,1.0
SocioPoliticalW,2,21,4.0,26.0
IamRagbon,1,1,1.0,1.0
thekaipullai,4,0,4.0,0.0
King04616267,0,4,0.0,4.0
iAsura_,3,0,3.0,0.0
Annette21908627,0,7,0.0,9.0
PatriotTom_,0,1,0.0,1.0
kusumnb,0,1,0.0,1.0
nara_m24,0,1,0.0,1.0
KalravBhatnagar,0,1,0.0,1.0
Arvind36141624,0,3,0.0,3.0
DaveLhere,0,1,0.0,1.0
proudhindu2332,0,2,0.0,2.0
hardevdahelay,0,2,0.0,2.0
1207bhaumik,0,1,0.0,1.0
Vijaykumar_bu,0,1,0.0,1.0
StartupGiri,0,3,0.0,4.0
apanda73729,0,1,0.0,1.0
mayankbhartia77,0,1,0.0,1.0
mayureshkathe,0,2,0.0,2.0
pallavict,22,2,24.0,2.0
ProfIyer,0,1,0.0,1.0
rohit_thiaria,0,1,0.0,1.0
Indian_Hindu86,1,2,1.0,3.0
OpIndia_com,67,0,70.0,0.0
StephenWarman,0,1,0.0,1.0
kunalstwits,0,2,0.0,2.0
ASHUTOS80998193,0,1,0.0,1.0
sandeep786twitt,0,3,0.0,3.0
JitendraP08,0,3,0.0,3.0
gentleman_fact,0,1,0.0,1.0
Kamini777,0,6,0.0,6.0
ArjunGupta46,0,2,0.0,2.0
Toe_n_nee,0,1,0.0,1.0
Changer_24,0,1,0.0,1.0
pt_siddharth,0,1,0.0,1.0
cowbai,1,6,1.0,6.0
Ramnandan93,0,1,0.0,1.0
sreenathc,0,1,0.0,1.0
MadhavaBJP,0,1,0.0,1.0
viviiyer,1,1,1.0,1.0
RenkaRavinder1,0,3,0.0,4.0
nabihaiderali,2,2,2.0,6.0
krkravi3,0,1,0.0,1.0
sabiahmad77,0,1,0.0,1.0
KallaHarshit,0,1,0.0,1.0
naveed_a_khan19,0,2,0.0,2.0
patil_bhushan,0,1,0.0,1.0
vote4india2014,0,1,0.0,1.0
AshokDalwani7,0,1,0.0,1.0
SUKANT_12,0,2,0.0,2.0
liberandujivi,0,1,0.0,1.0
vinodkumarpm1,0,1,0.0,2.0
dimplekaul,0,1,0.0,1.0
AdvShrutidesai,1,3,1.0,3.0
ANSOM68,2,8,2.0,8.0
ShaileshWrites,0,1,0.0,1.0
mates112,0,3,0.0,3.0
vandit25,0,4,0.0,6.0
3tarungupta,0,1,0.0,1.0
Azad_Nachiketa,0,1,0.0,1.0
shrisha_uchil,0,2,0.0,2.0
Avinash_0_0,0,1,0.0,1.0
SushilThapar3,0,1,0.0,1.0
itsminetoclaim,0,2,0.0,2.0
loosebool,1,2,1.0,2.0
TailorPankil,0,1,0.0,1.0
OzarkarVallabh,0,1,0.0,1.0
thennagam133,0,1,0.0,1.0
___TheFire,0,1,0.0,1.0
ansh_shivay,0,1,0.0,1.0
ycyaswanthreddy,0,1,0.0,1.0
b_anand,0,2,0.0,2.0
AbbayyaFans,0,1,0.0,1.0
SabeenJatoi,0,1,0.0,1.0
realnitinarora,0,1,0.0,1.0
dusmantkumar,0,1,0.0,1.0
GVikas_Indian,0,2,0.0,3.0
pandeymic,0,1,0.0,1.0
raheesen87,0,4,0.0,4.0
Richa80062128,0,1,0.0,1.0
RAHULT_IND,0,2,0.0,2.0
sajferoz,0,1,0.0,1.0
PKotekar,3,0,3.0,0.0
Nimai_Swain,0,1,0.0,1.0
rahul030187,0,1,0.0,1.0
vjyn369,0,3,0.0,3.0
eccentricraj,2,7,2.0,15.0
HemuKSharma,0,1,0.0,1.0
durgaramdas,0,1,0.0,1.0
IRahulPandey1,0,2,0.0,2.0
Sujay_Bodhani,0,1,0.0,1.0
sandywonder,0,1,0.0,1.0
dufaai_kumbidi,0,1,0.0,1.0
yk14155125,0,1,0.0,1.0
BBROYGBHAVGW,0,1,0.0,1.0
SandeepRanade22,0,2,0.0,2.0
SmartyPantBot,0,1,0.0,1.0
SheLeadsIn,0,4,0.0,8.0
tuvter,4,1,4.0,1.0
drsanjaymayukh,0,2,0.0,3.0
CosmikYogi,0,1,0.0,1.0
V_Astroyog,1,3,1.0,3.0
DrakeSi66,2,4,2.0,4.0
etcharaja,0,1,0.0,1.0
TPMGIND,0,1,0.0,1.0
Debu19999710,0,1,0.0,1.0
akj_1981,0,2,0.0,2.0
Newfigurehunter,0,1,0.0,1.0
CTRavi_BJP,51,5,64.0,13.0
AmolSonawane10,0,3,0.0,3.0
VinodDJadhav3,0,1,0.0,1.0
raghuvagle,0,1,0.0,1.0
AskTamal,0,9,0.0,12.0
Sandeepmohi7,0,1,0.0,1.0
VIKRAM954954,0,1,0.0,1.0
SubaRajan11,0,1,0.0,1.0
kushal_mehra,12,2,12.0,2.0
SakalMediaNews,3,0,3.0,0.0
warinfo7865432,1,1,1.0,1.0
sauravsinhaoffl,0,1,0.0,1.0
aaymanam,0,2,0.0,2.0
Oneindia,1,0,3.0,0.0
The_Goan_Guy,0,1,0.0,2.0
bainjal,86,0,118.0,0.0
debiacharya1969,0,1,0.0,1.0
IamMahiTiwari,0,1,0.0,1.0
rajnitandan,0,1,0.0,1.0
RaviRathod1048,0,4,0.0,5.0
Milan_reports,2,1,2.0,1.0
Santjyani,0,1,0.0,1.0
shudhansu14,0,1,0.0,1.0
sureshlodha10,0,1,0.0,2.0
akkivinaya,0,2,0.0,2.0
ShabanaMir1,1,1,1.0,1.0
AnoopVukka,0,1,0.0,1.0
sangaicitizen4,0,1,0.0,1.0
Sreenat98392001,0,1,0.0,1.0
ISunilAgnihotri,0,1,0.0,1.0
raydeep,0,2,0.0,2.0
samuelbrainerd,1,0,1.0,0.0
GauravKhairat,0,3,0.0,4.0
aka_beingroyal,0,1,0.0,1.0
liberalurbanite,0,2,0.0,2.0
neelamtewari,0,1,0.0,1.0
BhagvanRakibe,0,2,0.0,2.0
sa8ypr,0,3,0.0,3.0
GURUJHA,0,2,0.0,3.0
arun_somagond,0,1,0.0,1.0
maverick6446,0,1,0.0,1.0
somesh_ray2,0,1,0.0,1.0
SKaushik121,0,2,0.0,2.0
CRSaini1,0,1,0.0,1.0
MaheshScribe,0,1,0.0,1.0
mysteryminds,0,2,0.0,2.0
RutwikSadavarte,0,4,0.0,4.0
vikrameffects,0,3,0.0,3.0
kovaimrs123,0,1,0.0,1.0
surveypolitics,0,2,0.0,4.0
shivkc,0,1,0.0,1.0
HafeezKhan4,0,1,0.0,1.0
nauwaq,0,1,0.0,1.0
Dib_Speaks,0,1,0.0,1.0
AjitBajpai13,0,1,0.0,1.0
NBA06071,0,1,0.0,1.0
Dayweekaa,3,0,3.0,0.0
ncsukumar1,0,2,0.0,2.0
vvurimindi,0,2,0.0,3.0
riyazn123,0,7,0.0,9.0
DeepakFebdaewoo,0,1,0.0,2.0
Sriniva61579302,0,1,0.0,1.0
Mugilan__C,2,0,2.0,0.0
nagarajgs,0,2,0.0,2.0
localmathfanboy,0,1,0.0,1.0
Ra_ra_ra_hul,0,1,0.0,2.0
nirmalsbhat,1,0,1.0,0.0
anubhavtandonp,0,1,0.0,1.0
gauravbhanu89,0,1,0.0,1.0
Cr7Amol,0,1,0.0,1.0
PCMohanMP,19,1,21.0,1.0
Cdipra,0,1,0.0,1.0
sanjaysriv,0,3,0.0,3.0
Prabhat_Raj89,0,4,0.0,4.0
LILAC_LILAC210,0,4,0.0,4.0
kishorekbin,0,4,0.0,6.0
krishna2jadhav,0,1,0.0,1.0
PehlaSuraj,0,2,0.0,2.0
Mishra_Journo,0,1,0.0,1.0
Piyushspeakss,0,2,0.0,2.0
00_sYzYgY_00,1,5,1.0,5.0
therantinggola,3,0,3.0,0.0
AkashRana_INC,0,1,0.0,1.0
CIVILIZEDPPL,1,2,1.0,2.0
shankarkcca,0,1,0.0,1.0
BalajiiSrinivas,0,1,0.0,1.0
nikunjdhimar,0,1,0.0,1.0
flickk_of_Wrist,0,1,0.0,1.0
thesamaynews,0,1,0.0,1.0
NDUJARI,0,1,0.0,1.0
Aravindh7373,0,1,0.0,2.0
xymaklqoepskmm,0,1,0.0,1.0
sudhir94700,0,2,0.0,3.0
sureshmoorthy09,0,2,0.0,2.0
PrassangGoyal,0,1,0.0,1.0
Smita_Sharma,4,0,4.0,0.0
ashoswai,333,0,345.0,0.0
DrSpock10,0,1,0.0,1.0
StrangerThnRedz,1,1,1.0,1.0
bajaterahotv,0,5,0.0,8.0
ananthu_india,0,1,0.0,1.0
neeraj_rajput,0,1,0.0,1.0
bnlenka70,0,1,0.0,1.0
ashish_singh386,0,1,0.0,1.0
idevanathan,0,1,0.0,1.0
KMRPRASAD95,0,1,0.0,1.0
Ranjit83ranjit,0,1,0.0,1.0
ShambhuSahu,0,3,0.0,3.0
JhaatuGandhi,0,2,0.0,2.0
abandopa,1,0,1.0,0.0
arslan_hharis,0,2,0.0,3.0
mayurshinkar007,0,1,0.0,1.0
pathan_sumaya,0,3,0.0,6.0
AkashAdlak6,0,2,0.0,2.0
CongresmanRoofi,0,1,0.0,1.0
ashokshuklasoda,0,2,0.0,2.0
Pooja_Tripathii,10,0,10.0,0.0
skdodisha,0,1,0.0,1.0
Crabbypixel,0,3,0.0,4.0
GuptaJiUPVale,0,1,0.0,1.0
DesiMun14482677,0,2,0.0,2.0
tp2f,0,2,0.0,2.0
ha_taang,1,0,1.0,0.0
SarveshMeet,0,3,0.0,3.0
Anshulk19Anshul,0,1,0.0,1.0
sujay_pai,0,2,0.0,2.0
SailendraPareek,0,1,0.0,1.0
001amitsingh,0,4,0.0,5.0
gregorydante3,0,1,0.0,1.0
PCSD22,0,1,0.0,1.0
ieexplained,1,0,1.0,0.0
MRajend87958011,0,1,0.0,1.0
khan_mansour,1,0,1.0,0.0
sxpati2,0,1,0.0,1.0
real_pavan,0,3,0.0,3.0
snatanishikhar,0,1,0.0,1.0
_itsKunalSingh,0,3,0.0,6.0
agniishwari,0,3,0.0,3.0
crahul04,1,2,1.0,3.0
MohitDagar_,0,1,0.0,1.0
INFE_J,0,1,0.0,1.0
ramsagar_tiwari,0,1,0.0,1.0
amit_malh,0,2,0.0,2.0
AmanKayamHai_,2,0,2.0,0.0
M_A_Singh2020,0,1,0.0,1.0
pahadiboy08,0,1,0.0,2.0
absarpasha2,0,5,0.0,5.0
Maveric18926359,1,1,1.0,1.0
bayalis,0,1,0.0,1.0
pravasi_indians,0,1,0.0,1.0
RamakrishnaDor4,0,1,0.0,1.0
Neil_8011,0,1,0.0,1.0
suyashthinks,0,2,0.0,2.0
Srini1205,0,1,0.0,1.0
prit_raman,0,3,0.0,3.0
imsvmanjunath,1,1,1.0,1.0
anandrbatra,0,2,0.0,2.0
prafful_sarda,0,5,0.0,13.0
bothrapawan53,3,2,3.0,3.0
Oveetran,0,1,0.0,1.0
mshivs,0,1,0.0,1.0
akiagarwal,0,2,0.0,2.0
salvareddi,0,2,0.0,2.0
ptsuresh,0,2,0.0,2.0
rssahrawat,0,1,0.0,1.0
abrahamfernnan1,0,1,0.0,1.0
PankajkumarDes8,0,1,0.0,1.0
RajatgargBJP,0,1,0.0,1.0
Sumit__BHARAT,0,1,0.0,1.0
VasusenaMD,0,1,0.0,1.0
Phaantoms,0,1,0.0,1.0
manya11j,0,3,0.0,3.0
CricSubhayan,1,0,1.0,0.0
PriyanGMenon,0,10,0.0,12.0
sandhu_nvnt,0,1,0.0,1.0
PrasadSatya10,0,1,0.0,1.0
priyaakulkarni2,4,0,4.0,0.0
SudeshS70332907,0,1,0.0,1.0
Bazball5,1,0,1.0,0.0
NaserAyub2,0,1,0.0,1.0
jpgmys,0,5,0.0,5.0
TOIGoaNews,1,1,1.0,1.0
YogeshChandraCG,0,3,0.0,3.0
rramdass8,0,2,0.0,2.0
aksnasha,0,1,0.0,1.0
babuset,0,1,0.0,1.0
benguism,0,1,0.0,1.0
KesarIndian,0,1,0.0,1.0
shubhamsoma20,0,1,0.0,1.0
iamanurag04,0,4,0.0,4.0
ajitdatta,58,0,58.0,0.0
MSMscarecrow,0,1,0.0,1.0
Sigma4566,0,1,0.0,1.0
pratimbose,1,1,1.0,1.0
cholai,0,1,0.0,1.0
shirodhrit,0,1,0.0,1.0
Rabindr04447047,0,5,0.0,5.0
Ishkvaku,0,1,0.0,1.0
Devashishgang,0,1,0.0,1.0
Bayanahmad_khan,0,1,0.0,1.0
Sachin_twit_ter,0,1,0.0,1.0
nitindushi,0,1,0.0,1.0
sujithkrishnan,0,1,0.0,2.0
Kattathorai,0,1,0.0,1.0
GetNewsd,1,0,1.0,0.0
ravibdpatil,0,3,0.0,3.0
anandrathod87,0,3,0.0,5.0
investoursyaho1,0,4,0.0,4.0
lmenon99,0,1,0.0,1.0
joinPKclub,0,2,0.0,2.0
IamRaju_PP,0,1,0.0,1.0
Aashieshgupta6,0,1,0.0,1.0
BarrySiraj,0,1,0.0,1.0
Mehulbhuta,0,4,0.0,4.0
hemmu25,0,2,0.0,2.0
Ajay44971962,0,2,0.0,2.0
tdeepak531,0,1,0.0,1.0
PRANABKUMARSW15,0,1,0.0,1.0
shafeeq_17,0,2,0.0,2.0
garyan99,0,2,0.0,2.0
Ruchi4Tweets,3,0,3.0,0.0
TimesNow,331,6,431.0,9.0
RaviTha83106886,0,1,0.0,1.0
aggarwalakashd1,0,1,0.0,1.0
researchboy5,0,3,0.0,3.0
MrAShukla,0,1,0.0,1.0
sat_gollapudi,5,1,5.0,1.0
kingonweb,0,2,0.0,2.0
anilr231,0,1,0.0,1.0
Madking1985,0,1,0.0,1.0
sagarikaghose,148,2,173.0,2.0
imoupiya01,1,1,1.0,1.0
sandybond001,0,1,0.0,1.0
VasanthLakshman,0,2,0.0,2.0
trueindian64,0,1,0.0,1.0
Sunnysweet16,0,1,0.0,1.0
teegeekay62,0,1,0.0,1.0
cskkanu,4,0,5.0,0.0
binoy_chacko,0,1,0.0,1.0
saga_adventure,0,3,0.0,3.0
i_am_Sourav25,2,4,2.0,4.0
yatin_suvagiya,0,1,0.0,1.0
FerrolEl,0,1,0.0,1.0
chatteejees,0,3,0.0,6.0
Rajendr08926377,0,3,0.0,4.0
praveenpune,0,1,0.0,1.0
bodhisatva_7,0,1,0.0,1.0
MMoiken,0,1,0.0,2.0
SaravananiyerV,0,1,0.0,1.0
rajkamal444,0,4,0.0,4.0
KammelaBala,0,2,0.0,4.0
whouee,0,1,0.0,1.0
amksocialwork,0,3,0.0,3.0
dipaliblaskar,0,1,0.0,1.0
SonuSon75361421,0,1,0.0,1.0
The_Yash_Yadav,0,1,0.0,1.0
rashshokh,0,1,0.0,1.0
Indian___Hindu,1,3,1.0,5.0
Menon2S,0,1,0.0,1.0
saffrontimes,0,1,0.0,1.0
AnkitBhartia7,0,1,0.0,1.0
RohanRohanrai,0,2,0.0,2.0
pankaj_maxwell,0,1,0.0,1.0
AshokSGarcha,3,0,3.0,0.0
seismorevanth,0,4,0.0,4.0
anandmathews,0,1,0.0,1.0
shahbaz8809,0,1,0.0,1.0
LalaTukaram,1,4,1.0,4.0
parva_1702,0,1,0.0,1.0
0ld_m0nk,0,12,0.0,27.0
pradip103,14,1,15.0,1.0
BlokeVsFood,0,1,0.0,1.0
nubk70returns,0,5,0.0,5.0
Chowkidr_Bhakt,0,1,0.0,1.0
Komal_Indian,4,0,4.0,0.0
achu227,0,1,0.0,1.0
55659754Bhaskar,2,6,2.0,16.0
deepadoc,0,3,0.0,3.0
toxicfreecarni,0,1,0.0,1.0
Tweet_NathanPS,0,1,0.0,1.0
Parvesh98216617,0,1,0.0,1.0
isaifpatel,3,0,3.0,0.0
im_rnirmal,0,3,0.0,3.0
BhootWhoWalks,0,4,0.0,4.0
Psych0Sarcastic,0,2,0.0,2.0
amolskill,0,1,0.0,1.0
aanunim,0,3,0.0,7.0
varunkhanna,0,4,0.0,4.0
wiz_harrypotter,0,4,0.0,4.0
rituparnasarm10,1,3,1.0,3.0
Arihant_Harsh,0,1,0.0,1.0
SriIyengar,1,1,1.0,2.0
livemint,7,1,7.0,1.0
TeraSaya143,0,1,0.0,1.0
omkar_jagdale,1,0,1.0,0.0
RussHanuman,0,1,0.0,1.0
ArinChaudhary3,0,1,0.0,1.0
Ratnagiri1983,0,1,0.0,1.0
Rickyrajkumar,1,2,1.0,2.0
draghafur,0,3,0.0,4.0
MrDJ83,0,1,0.0,1.0
manishkulk,0,1,0.0,1.0
adrishya_naari,0,1,0.0,1.0
saggyvmj,0,1,0.0,1.0
aruls_tweets,0,1,0.0,1.0
shuchitasrivast,3,1,6.0,1.0
Bhartiya9999,0,1,0.0,1.0
farhadh27909361,0,3,0.0,3.0
SocialAmit,0,4,0.0,9.0
BalbirSi1,0,1,0.0,1.0
csuriyakumar,0,1,0.0,1.0
anupamkanu,0,1,0.0,1.0
JoginderTh,0,1,0.0,1.0
kmbairy,0,2,0.0,2.0
hrishikesh02,0,2,0.0,2.0
Hidayath_Sajedi,0,2,0.0,2.0
AnilGoudKTR,1,2,1.0,2.0
Telugu_biddha,0,2,0.0,2.0
bapi13,0,1,0.0,1.0
BongBikram,0,1,0.0,1.0
rahil3272,0,1,0.0,1.0
sknatesan,0,1,0.0,1.0
FHumungous,0,1,0.0,1.0
Rajesh999_tweet,0,6,0.0,6.0
deeepakkher,0,2,0.0,2.0
VU2XDB,0,5,0.0,5.0
seeker_paras,0,1,0.0,1.0
Nniimmiitt,0,1,0.0,1.0
deshbhakt074812,0,1,0.0,1.0
onlymanjo,2,3,2.0,3.0
Visalmama,3,0,5.0,0.0
RAGHAVE10054836,0,1,0.0,1.0
jagdish_2204,0,2,0.0,2.0
draijada1,0,2,0.0,2.0
0002abhi,0,2,0.0,2.0
shivanigandhi25,0,1,0.0,1.0
VinayDokania,6,2,6.0,2.0
sanjogmeshram,0,2,0.0,2.0
imAvi_18,0,1,0.0,1.0
getshekhar8,0,1,0.0,1.0
Vyas_NA,0,1,0.0,1.0
Jonas_aka_adam,1,2,1.0,2.0
sharathmsharma,1,5,1.0,5.0
reasoning2016,0,3,0.0,3.0
dixit6000,0,1,0.0,1.0
john_is_da_man,1,1,1.0,1.0
chakku1997,0,1,0.0,1.0
itsmyconfidence,0,1,0.0,1.0
NafisMalik20,0,2,0.0,2.0
kbrjls,0,1,0.0,1.0
Riazu0001,0,3,0.0,3.0
Prerana92344416,0,1,0.0,2.0
MdtajKohri5,3,0,5.0,0.0
Pardoom,0,2,0.0,2.0
ferozejamall,0,1,0.0,1.0
Rohini_indo_aus,2,0,2.0,0.0
newstapTweets,0,1,0.0,1.0
MintOminty,0,1,0.0,1.0
lumberjackrocky,0,1,0.0,1.0
kumari_udc,0,1,0.0,1.0
rahulsdodwad,0,1,0.0,1.0
ajay36mittal,0,2,0.0,3.0
0502sidd,0,1,0.0,1.0
reactiontorrent,0,1,0.0,1.0
KamitSolanki,0,1,0.0,1.0
sinas_k,0,1,0.0,1.0
brahmin_naughty,0,1,0.0,1.0
drjknanda,0,8,0.0,8.0
rakeshfilm,3,0,3.0,0.0
Tejasvi_Surya,194,1,231.0,1.0
azharfalcon,0,1,0.0,1.0
KoppulaBJP,0,1,0.0,1.0
engr_khan1,0,1,0.0,1.0
AbodeOfLakshmi,1,0,2.0,0.0
wadhawan2011,0,1,0.0,1.0
ra_tweety1,0,1,0.0,1.0
chugh_rk,0,2,0.0,2.0
handsofnikon,0,1,0.0,1.0
NABAKRISHNA007,0,1,0.0,1.0
manageall,1,0,1.0,0.0
piyushsavran,0,1,0.0,1.0
ak34153,0,1,0.0,1.0
drogon23,0,1,0.0,1.0
madarassi,1,0,1.0,0.0
golu_rana1980,0,6,0.0,7.0
duckbyface,0,1,0.0,1.0
Kscool124,0,1,0.0,1.0
ShivaKumarINCTG,0,4,0.0,4.0
Jagdish12334,0,1,0.0,1.0
HarishK04131926,4,4,17.0,5.0
MohitJa75959089,0,2,0.0,2.0
The_Sea_snake,0,2,0.0,2.0
Swtdckwzrd,0,1,0.0,1.0
SudhirPA3,0,5,0.0,7.0
BeingAbhijeet7,0,3,0.0,4.0
dharamvirAnaria,0,2,0.0,2.0
gupta_skanda,0,6,0.0,6.0
Eagleeye_57,0,2,0.0,2.0
karthibalaviki,0,1,0.0,1.0
HODL_KRYPTO,0,1,0.0,1.0
Amitchhabra1981,0,1,0.0,1.0
ShiC365,0,1,0.0,2.0
The_Biotechn,0,2,0.0,2.0
ElonMusgraves,3,0,3.0,0.0
vyankteshk,0,1,0.0,1.0
bhupen_sarma,0,1,0.0,1.0
SriniwaasKalyan,0,3,0.0,3.0
pranesh,5,0,5.0,0.0
AshokDanChara13,0,1,0.0,1.0
Cosmoman7,0,1,0.0,1.0
asarharen,0,1,0.0,1.0
PeshionAnita,0,2,0.0,3.0
MyCyberIndia,0,2,0.0,2.0
henryhrose,1,0,1.0,0.0
abhi_sangani,0,1,0.0,1.0
riddhipapa,0,1,0.0,1.0
Floating_Yogi,0,1,0.0,1.0
brajesh_india1,0,2,0.0,4.0
alphA_789,0,1,0.0,1.0
themartian321,0,1,0.0,1.0
TheKamDevBaba,0,1,0.0,1.0
NeerajGulati2,0,1,0.0,1.0
rahulrai01_,0,2,0.0,2.0
newsjockey,0,2,0.0,2.0
RSS_Activist,0,1,0.0,1.0
msyank910,0,1,0.0,1.0
Anti_Hate_India,0,2,0.0,2.0
iBetterCallKim,2,1,2.0,1.0
harbinder2211,0,2,0.0,2.0
37ARP,0,3,0.0,3.0
PMM_1976,1,2,1.0,2.0
_EkBharatiya_,0,1,0.0,1.0
arryavart,0,1,0.0,1.0
JDK48957597,0,1,0.0,1.0
Mouggambo,0,2,0.0,2.0
ManicBalaji,0,2,0.0,2.0
SumanyuGoyal,0,1,0.0,1.0
puliampetmohan,0,1,0.0,1.0
RAMESHJTATA1,0,1,0.0,1.0
SaveSabrimala,9,3,10.0,3.0
AshishCawnpore,0,1,0.0,1.0
asokmallelil,0,1,0.0,1.0
Anti_AndhBhakti,0,1,0.0,1.0
Zafarkhanjklf,0,2,0.0,2.0
AAPkaOmelette,0,2,0.0,2.0
BHAKTRIOT1811,0,1,0.0,1.0
indianancient00,0,8,0.0,8.0
ssaikuma,0,1,0.0,1.0
crazysmithh,0,1,0.0,1.0
BaluSreevidya,1,1,1.0,1.0
ezazahmad09,0,1,0.0,1.0
SrimantiG,0,1,0.0,1.0
kshirod003,0,1,0.0,1.0
manasmisraA,0,1,0.0,1.0
vipulsailor,0,1,0.0,1.0
sanjeevchadha8,1,1,2.0,1.0
gaganbakshi4,0,1,0.0,1.0
StarPyramid,0,1,0.0,1.0
Ani22276062Ani,0,1,0.0,1.0
Rainsgod,0,1,0.0,1.0
Tanejalawoffice,0,6,0.0,6.0
VinnPlal,0,1,0.0,1.0
sleeepy15owl,0,1,0.0,1.0
ShantharajuRaj6,0,1,0.0,1.0
LeovivOro,0,1,0.0,1.0
abhinavsahay,0,1,0.0,1.0
Indiancurrypot,0,2,0.0,2.0
kondapalliabhi1,0,1,0.0,2.0
sinemetuvivere,0,1,0.0,2.0
ville_lion,0,1,0.0,1.0
balakesavaan,0,1,0.0,1.0
justliveit21,0,4,0.0,4.0
pgplavida,0,5,0.0,5.0
sm74737,0,1,0.0,1.0
imgirishka,0,1,0.0,1.0
surendrankol,0,1,0.0,1.0
JangaSarma,0,2,0.0,2.0
sharma2508,0,2,0.0,2.0
Nirka01,0,1,0.0,1.0
AbhimanyuX_,3,0,3.0,0.0
Krishnam3v,0,2,0.0,2.0
arungupta5253,1,0,1.0,0.0
Raman_Kumar22,0,1,0.0,1.0
MPCHAUDHARY7,0,1,0.0,1.0
Jayathirtha,0,1,0.0,2.0
vishesh_srt,0,1,0.0,1.0
gouravd17,0,1,0.0,1.0
Achintya____,0,2,0.0,2.0
Cdhar7,0,7,0.0,9.0
angryoldman27,3,0,3.0,0.0
vinaygoyal65,0,4,0.0,4.0
Ian04203236,0,2,0.0,4.0
ferozjahan3,0,1,0.0,1.0
logicalbrahman2,0,1,0.0,1.0
AltNews,7,0,7.0,0.0
sh12071972,0,1,0.0,1.0
AkshatOM10,4,0,4.0,0.0
Laughing_Bricks,0,1,0.0,1.0
Peek_Aye,0,1,0.0,1.0
lifelessonshary,0,1,0.0,1.0
shankarpsingh1,0,2,0.0,2.0
Pankajk37531421,0,2,0.0,2.0
Gulamrasoolsha6,0,1,0.0,1.0
twitmenon,0,2,0.0,2.0
pakshay74gmail1,0,1,0.0,1.0
nrrajendrarao,0,2,0.0,2.0
bharatjoshi2911,2,0,2.0,0.0
roorkeeoriginal,0,1,0.0,1.0
KaranVa55756722,2,1,2.0,1.0
pawanbansal_chd,3,0,4.0,0.0
vinrajanahally,0,2,0.0,2.0
imMonika__,0,4,0.0,5.0
LakshmananRekha,0,1,0.0,1.0
jain_yash58,0,1,0.0,1.0
VijayKRishab1,0,1,0.0,1.0
anandstdas,0,1,0.0,18.0
Lotus_Floats,0,1,0.0,1.0
dr_raghib,1,1,1.0,1.0
JellaHarsha,0,1,0.0,1.0
Sebasti71964391,0,2,0.0,2.0
NareshBhalla,1,4,1.0,5.0
AmitBis01163897,0,1,0.0,1.0
Detecti71829182,0,1,0.0,1.0
iamamanarora02,0,1,0.0,1.0
SanggameshSK,0,1,0.0,1.0
suvendr02325211,0,2,0.0,2.0
HRITHIKSAINI1,0,3,0.0,7.0
usamabasra68,0,1,0.0,1.0
SBP663,0,1,0.0,1.0
GarabhSatya,0,3,0.0,3.0
chirag7621,0,1,0.0,1.0
jainatishayec,0,1,0.0,1.0
CaptYogesh320,0,1,0.0,2.0
vengathusuresh,0,3,0.0,3.0
Vijayamadhavan6,0,1,0.0,1.0
Thippeswamy1967,0,2,0.0,6.0
goudar_raj,0,2,0.0,2.0
mpandeyz,0,1,0.0,1.0
KartiPC,21,0,24.0,0.0
purveyorofluv,0,1,0.0,1.0
jai02i3,0,1,0.0,1.0
RojaAditya,0,2,0.0,2.0
YagnikMitul,0,1,0.0,1.0
Nanakashinde,0,2,0.0,2.0
LDoddannagari,1,5,1.0,5.0
NhP41,0,1,0.0,1.0
DRSLAYER2018,0,1,0.0,1.0
jpalgiri,0,2,0.0,2.0
Agasthy_24,0,1,0.0,1.0
YathishBm8,0,1,0.0,1.0
bodhism,0,1,0.0,1.0
aviatorspk,0,1,0.0,1.0
Telanganasuppor,0,2,0.0,2.0
Sameermallick78,0,1,0.0,1.0
Abhisekonly,0,1,0.0,1.0
PNG144,0,1,0.0,1.0
ikaranmevada,0,1,0.0,1.0
DiviakHDev,0,1,0.0,1.0
jagtap_satyajit,0,1,0.0,1.0
krishna46247170,0,1,0.0,1.0
PaulHandel8,0,1,0.0,1.0
VSReddy_MP,8,0,8.0,0.0
amar7768,0,2,0.0,2.0
abidfatima01,0,1,0.0,1.0
ParthaB34769052,0,4,0.0,4.0
Zeeshan30636478,0,3,0.0,3.0
Iamsagarkasera,0,2,0.0,2.0
manavpatel747,0,1,0.0,1.0
ex_muslim_voice,0,2,0.0,2.0
dentalsurgeon96,0,1,0.0,1.0
I_am_BANErjee,0,1,0.0,3.0
Kyhanis1,0,1,0.0,1.0
parthrajindian,0,1,0.0,1.0
kumar69781989,1,1,1.0,1.0
MohindraSukh,0,1,0.0,1.0
trippieehippii,1,3,1.0,3.0
shambrookben,1,1,1.0,1.0
shrinivasaraob,1,2,1.0,2.0
vineetgarg2002,0,1,0.0,1.0
become_uptodate,1,3,1.0,3.0
VenuMadhavY01,0,1,0.0,1.0
NetaNiyanta,3,1,5.0,1.0
tanzilwasiq,0,1,0.0,1.0
nppassociates,0,1,0.0,1.0
shoiabarshad,0,1,0.0,1.0
foononimous,0,1,0.0,1.0
Vincygowda,0,2,0.0,2.0
sunnydedha7,0,1,0.0,1.0
rans_tanny,0,4,0.0,4.0
mouli013,0,1,0.0,1.0
altaf_sattar,0,1,0.0,1.0
jaiminbhatt11,0,1,0.0,1.0
howzzYa,0,2,0.0,2.0
mishrag47,0,1,0.0,1.0
VMRaste,1,2,1.0,2.0
ammapakoda,0,1,0.0,1.0
RumyaHere,0,1,0.0,1.0
rakshit2400,1,1,1.0,1.0
rajnish_surve,0,1,0.0,1.0
ShakeelSpeaks,0,1,0.0,1.0
AnshulKhanna9,0,1,0.0,2.0
narendragawas4,0,2,0.0,4.0
ManiKar31507244,0,1,0.0,1.0
AKLalB,0,14,0.0,50.0
imrkaul,0,1,0.0,1.0
Viknesh6863,0,1,0.0,1.0
RojiSingh3,0,2,0.0,2.0
santosh0535,1,1,1.0,1.0
huzefab,0,1,0.0,1.0
PH_Omnibus,2,0,2.0,0.0
bamansurti,0,1,0.0,1.0
PrabalGhorai,0,3,0.0,3.0
Gange_putra,0,2,0.0,2.0
A_G951,1,0,1.0,0.0
jainhitendra,0,1,0.0,1.0
FaristeyBoy,0,1,0.0,1.0
RaviMishra2029,1,0,1.0,0.0
BhagatCingh,0,4,0.0,14.0
Teaseller__,0,2,0.0,2.0
SD24News,0,1,0.0,1.0
Samir27175846,0,1,0.0,1.0
amjeebanjyoti,0,1,0.0,1.0
wanthony11,0,1,0.0,1.0
Prabu95222,1,6,3.0,6.0
TG_TheGun,0,1,0.0,1.0
asifismailans,0,2,0.0,2.0
iamChiefTwit,0,1,0.0,1.0
k4kalp,0,1,0.0,1.0
zerogravitybase,0,2,0.0,2.0
buddha2019,0,1,0.0,1.0
Dravidamaghan,1,1,2.0,1.0
Preeti_2202,0,1,0.0,1.0
Vimalvishwas05,0,1,0.0,1.0
amanufan10,0,1,0.0,1.0
Santhosh_V_T,0,4,0.0,4.0
PradipG05843542,4,5,4.0,5.0
Saji2105,2,0,2.0,0.0
Ambikap21792106,0,1,0.0,1.0
somas31,0,1,0.0,1.0
SeharShinwari,37,0,37.0,0.0
davidalapatt,0,2,0.0,2.0
spsurana,0,1,0.0,1.0
IndusThink,1,0,2.0,0.0
Brahminical_H,1,1,1.0,2.0
iitian,0,4,0.0,4.0
im_xhope,0,8,0.0,8.0
chatta_rajneesh,0,1,0.0,1.0
Zaheera25886216,0,4,0.0,4.0
proudindiannnn1,0,1,0.0,1.0
hindubangal,0,1,0.0,1.0
WakeArtisan,0,1,0.0,1.0
tuhimeradil,0,1,0.0,1.0
punerirunner,0,1,0.0,1.0
MohdPar50469426,0,1,0.0,1.0
satyamatters,0,2,0.0,2.0
CommonnMan,0,1,0.0,1.0
nomadicoyster,0,2,0.0,2.0
bhatiajs,0,1,0.0,1.0
MurthyNagadi,0,1,0.0,1.0
Raamadaasan1,1,0,1.0,0.0
vraj22,0,1,0.0,1.0
DevKuma43943937,2,0,2.0,0.0
lilmiloais,1,1,1.0,1.0
NandChaturvedi2,0,2,0.0,2.0
rladda74,0,3,0.0,3.0
srvicky21,0,2,0.0,2.0
Daman_Gil,1,3,1.0,3.0
95_yxor,0,1,0.0,1.0
Bhrasht_Brahmin,0,2,0.0,2.0
pawanbargal2,0,1,0.0,1.0
HarwinderSsran,0,1,0.0,1.0
2FeetInTheStars,0,1,0.0,1.0
rohanshanbhag,0,2,0.0,2.0
Jamalmydeen19,0,2,0.0,2.0
Mahesh_math1,0,3,0.0,3.0
sairashahhalim,2,2,2.0,2.0
Aaz_b,0,2,0.0,2.0
Krishna760046,0,2,0.0,4.0
Rajamani2a,0,1,0.0,1.0
pratikmukane,0,2,0.0,2.0
jayush91,0,1,0.0,1.0
IndianEdu99,0,1,0.0,1.0
Dsmiling_buddha,0,1,0.0,1.0
MajorGhanshyam,0,1,0.0,1.0
AlokBeh54829236,0,1,0.0,1.0
courtkacheri4,0,1,0.0,1.0
lkpahwa,0,1,0.0,1.0
Sagar_Keshrii,0,1,0.0,1.0
Subraminion_18,0,4,0.0,4.0
hironmoy20101,0,2,0.0,2.0
laxit_parsana,0,1,0.0,1.0
neha2180,1,1,2.0,1.0
mechaero247,0,1,0.0,1.0
ChauhanShuyash,0,1,0.0,1.0
Kazi_Rakib_,0,1,0.0,1.0
suvernaradha,1,2,1.0,2.0
johnygorkha,5,2,10.0,3.0
CKsays_,0,1,0.0,1.0
doc_sanatani,0,1,0.0,1.0
starrrsalign1,0,1,0.0,1.0
rahulnsharma4,0,2,0.0,2.0
dkagarwal,1,1,1.0,1.0
kazimtweets,1,3,1.0,5.0
dineshratra,0,1,0.0,1.0
IamIndian011,0,1,0.0,1.0
kaja_hussain27,0,1,0.0,1.0
Bj_Rehan,0,1,0.0,1.0
kriszoomin,0,1,0.0,2.0
gopalrs,0,1,0.0,1.0
DesiLadka234,2,1,3.0,2.0
JPulasaria,0,4,0.0,4.0
MPChandran6,0,4,0.0,4.0
arbazahamed_11,0,2,0.0,2.0
bigblackeey,0,2,0.0,2.0
rachitmathur5,0,1,0.0,1.0
mullakadir,0,3,0.0,3.0
anupjaiswal1958,0,2,0.0,2.0
SubashMTNBjp,0,1,0.0,1.0
KusumSharma07,0,1,0.0,2.0
dharmicakaali,0,1,0.0,1.0
sachdevagaurav,0,1,0.0,1.0
Rajendra195401,0,1,0.0,1.0
anshumanjha4,0,1,0.0,1.0
YogeshGhag73,0,1,0.0,1.0
DebjaniBhatta20,1,0,1.0,0.0
DhrubaBasu1,0,1,0.0,1.0
SevadalJHA,0,1,0.0,1.0
kamit28,0,3,0.0,3.0
HameemHamza1,0,1,0.0,2.0
AnCharmer,0,1,0.0,1.0
arish_vr,1,2,1.0,6.0
viswana73946696,0,2,0.0,2.0
cr7akhtar,0,1,0.0,1.0
gopalkagarwal,6,2,6.0,3.0
Livingtines,0,2,0.0,2.0
Neelkanth97,0,2,0.0,2.0
Saifulalig,0,1,0.0,1.0
LokeshL57969304,0,1,0.0,1.0
PokhriyalSs,0,1,0.0,1.0
ImKrish29,0,4,0.0,4.0
moiDeepak,0,3,0.0,3.0
karolrohit,0,4,0.0,5.0
Chankya108,0,1,0.0,1.0
SMukherjee89,0,1,0.0,2.0
PartiSparti,0,1,0.0,1.0
VerajSinha,0,2,0.0,2.0
MuhammadArhamZ,0,1,0.0,1.0
LadduYadavBJP,0,3,0.0,3.0
komalmaniar92,0,2,0.0,2.0
vijalgope,1,0,1.0,0.0
CrowleySunny1,0,1,0.0,1.0
Tany98761,0,1,0.0,1.0
FUD4THOUGHT,0,1,0.0,1.0
Chandra25026461,0,1,0.0,1.0
mehtabshah994,0,1,0.0,1.0
ajswal1a,0,1,0.0,1.0
saurabhmundra1,0,1,0.0,1.0
devsr84,0,2,0.0,2.0
VasimKadari,0,3,0.0,3.0
hazone_me,0,3,0.0,3.0
BhagwatiBaldwa,0,2,0.0,2.0
rohini_sgh,96,0,103.0,0.0
indian_data,3,0,4.0,0.0
Amisha24508408,0,2,0.0,2.0
rwstats,2,0,2.0,0.0
DevarajNadiger,1,0,1.0,0.0
pramod31094,0,2,0.0,2.0
singhsiddh23,0,1,0.0,1.0
iam_arjunk,0,2,0.0,2.0
tsuni2012,0,3,0.0,3.0
VivekYa17305179,0,1,0.0,1.0
PiousPrabhakar,0,1,0.0,1.0
Bhadrajun,0,2,0.0,2.0
kesarsafedpista,0,1,0.0,1.0
mmaq78,0,3,0.0,3.0
a_vinash__,0,7,0.0,9.0
sibasisnanda,0,1,0.0,1.0
akshayluniya,0,1,0.0,1.0
Nirmit_11,0,5,0.0,5.0
KMVenkateshBha1,0,1,0.0,1.0
AnjoriKpp,0,1,0.0,1.0
BJP4MathuraM,0,1,0.0,4.0
jvdque,0,1,0.0,1.0
ManjuForHebbala,0,1,0.0,1.0
GirishS55307322,0,1,0.0,1.0
jam2021_,0,1,0.0,1.0
santhubasu,0,1,0.0,1.0
jaswantsk16,0,1,0.0,1.0
Sallu54325,0,1,0.0,1.0
rahmani014,0,1,0.0,1.0
realhussian,0,1,0.0,1.0
bubblesmoney,0,3,0.0,3.0
BapnaSanjay,1,1,1.0,1.0
rejirsnair,0,5,0.0,5.0
sachinkunal114,0,2,0.0,2.0
c_samarjit,0,1,0.0,1.0
TanaySukumar,1,0,1.0,0.0
pete_moss44,0,1,0.0,1.0
50f4572f2ee1476,0,1,0.0,1.0
sawarathiajss,0,1,0.0,1.0
souryadash,0,1,0.0,1.0
Subhash_ati9,1,1,1.0,1.0
Ashutos35915988,0,1,0.0,1.0
GarimaY26210397,0,1,0.0,1.0
durgasarangi1,0,1,0.0,1.0
IndySarker,0,1,0.0,1.0
muralimbhat,1,3,1.0,3.0
DevSoma2,0,1,0.0,1.0
nsv849,0,2,0.0,2.0
JamesBo75226754,0,1,0.0,1.0
Sathique1,0,1,0.0,2.0
albafella1,0,1,0.0,1.0
NarRamchandra,0,1,0.0,1.0
kulgkul,0,1,0.0,1.0
Preetam_M_Rao,4,2,4.0,2.0
Aamir55667788,0,1,0.0,1.0
No4Hypo,0,1,0.0,1.0
PradipS56485621,1,2,1.0,2.0
adcajay,1,1,1.0,1.0
RitamVadi,0,2,0.0,2.0
vishurohan,0,1,0.0,1.0
NityaStriker,0,6,0.0,6.0
darknbroody851,0,1,0.0,1.0
AwakenedSoul10,0,1,0.0,1.0
mankuli,0,1,0.0,1.0
Anudeep97384976,0,2,0.0,2.0
Jacobmathewlive,0,4,0.0,39.0
MJathliya,0,2,0.0,2.0
nayeemy,0,2,0.0,2.0
sanjivesethi1,8,0,8.0,0.0
_amritastic,0,1,0.0,1.0
bunukjr,0,3,0.0,3.0
mamskabs,0,1,0.0,1.0
peterjohncnx,0,1,0.0,1.0
BhatDamodara,0,1,0.0,1.0
subrama56516444,0,1,0.0,1.0
ShaileeMaliwal,1,1,1.0,1.0
tss201,0,1,0.0,1.0
shaqueelsinai,2,2,4.0,2.0
BHARTIY16068917,0,1,0.0,1.0
RanaAyyub,46,0,55.0,0.0
TusharKantiRay,0,1,0.0,1.0
captgrc,0,1,0.0,1.0
Yezdi_86,0,1,0.0,1.0
isvelan,0,2,0.0,3.0
iahmedkhan,0,1,0.0,1.0
sbshetty28,1,2,1.0,2.0
TazammoolSiddi1,0,1,0.0,1.0
sandipahire,0,1,0.0,1.0
gulf_news,10,0,17.0,0.0
NarainRam62,0,1,0.0,1.0
sDVyas2,0,1,0.0,1.0
santosh_joshi,0,2,0.0,2.0
vicky86verma,0,2,0.0,2.0
Pankaj___Thakur,0,1,0.0,1.0
notyourfrenemy,2,2,2.0,2.0
ArunKrishnan_,9,0,9.0,0.0
parshub,0,1,0.0,1.0
vidwan_kapoor,0,2,0.0,2.0
VksinghSingh62,1,0,1.0,0.0
shavy14289,0,1,0.0,1.0
SModha3,0,1,0.0,1.0
PKHindu1008,0,1,0.0,1.0
poisonosarrow,0,1,0.0,1.0
Sirr_Casm,0,1,0.0,1.0
ToolsTech4All,1,0,1.0,0.0
cLEOpatra2878,0,4,0.0,9.0
superstar_srini,0,6,0.0,6.0
manish406087142,0,1,0.0,1.0
Marankothi,1,2,1.0,2.0
ndhasmana,0,2,0.0,2.0
Tanmoy_from_JPG,0,2,0.0,2.0
chatukhor,3,0,3.0,0.0
laxman_m_k,0,1,0.0,1.0
gowri_gowd,0,4,0.0,5.0
akul_diddi,0,1,0.0,1.0
awake1975,1,9,3.0,11.0
Saislakshmanan,0,1,0.0,1.0
madhuc430,0,2,0.0,3.0
komali_komal,0,1,0.0,1.0
jamanlive,0,1,0.0,1.0
VBHARANIDHARAN6,0,1,0.0,1.0
sanchana27,0,1,0.0,1.0
madhutalksalot,0,3,0.0,5.0
IchigoMufc,0,3,0.0,3.0
SereneinBoston,0,1,0.0,1.0
VaibhavP21,0,1,0.0,1.0
omraj_jeetun,0,3,0.0,3.0
ashokabs,0,1,0.0,1.0
kelekachilka,4,6,8.0,6.0
Shyamlal2103,0,2,0.0,2.0
RadhikaSpeak,0,1,0.0,1.0
sourabhsanyal,0,1,0.0,1.0
Rajen15465577,0,3,0.0,3.0
coffeestains11,1,4,1.0,4.0
JaminKhan34,0,4,0.0,4.0
WiggingtonChar1,0,1,0.0,1.0
Ajk006,0,1,0.0,1.0
bitukumar23945,0,1,0.0,1.0
VeryCoolBairagi,0,2,0.0,2.0
manjujadhav_,0,1,0.0,1.0
svrao52,1,1,1.0,1.0
warriorshetty,0,2,0.0,2.0
prosunlight1,0,2,0.0,2.0
Sathnam,5,0,6.0,0.0
CeriousThinker,0,1,0.0,1.0
Narang9Narang,0,1,0.0,1.0
Anarchist_1418,0,1,0.0,1.0
AliSoulful,0,1,0.0,1.0
shankey_raj,0,1,0.0,1.0
Gollapudi89,0,1,0.0,1.0
abhay0629,0,2,0.0,2.0
k_krahul,0,2,0.0,2.0
logiclbhartiya,0,1,0.0,1.0
lvipandit,0,1,0.0,2.0
Thinker06010976,0,3,0.0,3.0
Stud11879478,0,2,0.0,2.0
sushilkedia,3,1,3.0,1.0
singh_7909,0,3,0.0,3.0
hxhassan,0,2,0.0,2.0
shahsuneel,0,2,0.0,2.0
DKukka,0,1,0.0,1.0
arpitlal,1,0,1.0,0.0
Sbhatta33,0,1,0.0,2.0
Dave_7_7,0,1,0.0,1.0
india_chandan,0,3,0.0,4.0
ThatsItF0lks,0,1,0.0,1.0
thesushanshetty,0,2,0.0,2.0
sambitswaraj,215,0,258.0,0.0
balananda2007,0,2,0.0,2.0
_ashishsinghdr,0,2,0.0,2.0
buchkirti,0,1,0.0,1.0
shivramijk,0,4,0.0,4.0
RekhaRajiv3,0,1,0.0,1.0
Ishanmishraa,0,1,0.0,1.0
pbala1978,0,1,0.0,1.0
ashadc1,0,1,0.0,1.0
isthatvikash,0,1,0.0,1.0
krporeddy,1,0,1.0,0.0
IndianMcCarthy,0,2,0.0,2.0
GoyalPradeepCA,1,2,1.0,2.0
VikasKu75660434,0,3,0.0,3.0
MahilaCongress,17,0,17.0,0.0
SudipNaikGoa,0,1,0.0,1.0
vins26068419,0,1,0.0,1.0
dadiyo64,1,1,2.0,1.0
SaveHindus4,0,2,0.0,2.0
HarryOfHarry,0,4,0.0,4.0
imsanjaysinghal,0,1,0.0,1.0
MiXyz6,0,1,0.0,1.0
swagatosahaAAP,0,3,0.0,3.0
Habeebbasha12,0,1,0.0,1.0
ashajadeja325,18,0,18.0,0.0
RashmiSahani7,0,1,0.0,1.0
JosiahMahendran,0,1,0.0,1.0
ohmtweets,0,1,0.0,1.0
AmitBhadricha,0,1,0.0,2.0
IMSHREESHAIL,0,9,0.0,13.0
nocap_dawg,0,2,0.0,2.0
U_krishna4U,0,1,0.0,1.0
myindmakers,3,2,3.0,2.0
MINDASIDE,0,2,0.0,4.0
Godifyouexistaa,0,3,0.0,3.0
Mukundh62778741,0,1,0.0,1.0
aparanjape,3,2,3.0,2.0
AshishSovasaria,0,2,0.0,2.0
RajSidd76,0,1,0.0,1.0
BoxerAshrafKhan,0,1,0.0,1.0
anonymous19ish,0,1,0.0,1.0
tpofw14,0,3,0.0,3.0
ealHixetaKalkri,0,1,0.0,1.0
SamirKagalkar,1,0,1.0,0.0
goldenarcher,1,0,1.0,0.0
Secular_Hoon,1,9,1.0,9.0
mountainfox,0,1,0.0,1.0
madhursaxena39,0,1,0.0,1.0
MaverickJSCA777,0,2,0.0,2.0
Peaceforall234,0,1,0.0,1.0
anuragvenkat1,0,3,0.0,3.0
sm_pf,0,5,0.0,6.0
khadeerma,0,1,0.0,1.0
ThinkingHearts,0,1,0.0,1.0
TRUEIND79826861,0,2,0.0,2.0
Arin_life0107,0,1,0.0,1.0
Biswade30959496,0,4,0.0,4.0
naren56_o,0,1,0.0,1.0
MePoorna,0,2,0.0,2.0
HarbirSinghSuri,3,1,3.0,1.0
srsbang,0,1,0.0,1.0
BabaladS,0,1,0.0,1.0
Raj11YTNS,0,2,0.0,2.0
Schandillia,9,0,13.0,0.0
abbas_shajar,0,1,0.0,1.0
debashi14075927,0,1,0.0,1.0
sivagirisamy,0,2,0.0,3.0
tarun_bhuyan,0,5,0.0,8.0
PRABHAKAR1641,0,1,0.0,1.0
SeemaSengupta5,5,0,5.0,0.0
amedmalik,0,1,0.0,1.0
ChaiChillumbaba,0,2,0.0,2.0
Tweet_Amogha,0,3,0.0,3.0
IWTKQuiz,1,0,1.0,0.0
rmrajkumar,0,2,0.0,2.0
MohanBi53465294,0,5,0.0,5.0
prashanth86,1,1,1.0,1.0
GoodUnknowing,0,1,0.0,1.0
i_Bharatiy,0,1,0.0,1.0
reddycnuk,0,1,0.0,1.0
SulavGurung17,0,1,0.0,1.0
travelnexplor,0,1,0.0,1.0
Chiru26480065,0,1,0.0,1.0
shukla1230,0,3,0.0,3.0
DwarikaTripath5,0,3,0.0,3.0
Skumar168590391,0,1,0.0,1.0
Rohit14840595,0,1,0.0,1.0
vidyootb,0,1,0.0,1.0
drAparnaSingh12,0,1,0.0,1.0
ArunSha44818691,0,1,0.0,1.0
ParthaGauraa,2,0,3.0,0.0
i_am_nayaka,0,1,0.0,2.0
mjaisw,0,1,0.0,1.0
Kingshuk1314,0,1,0.0,1.0
OfficeOfDGP,4,0,4.0,0.0
USCMSEE,0,1,0.0,1.0
sinvhal,0,2,0.0,4.0
KpBaiji,0,3,0.0,3.0
Mohamme02879092,0,1,0.0,1.0
nizamkhangmail3,0,1,0.0,1.0
itsVk_pratik19,0,1,0.0,1.0
Aash_ish_Shr,0,1,0.0,1.0
SatenderSatte,0,1,0.0,1.0
Rose99015680,1,1,1.0,1.0
SanchumaG,0,1,0.0,1.0
pkrtweets,0,1,0.0,1.0
iamabofh,3,10,3.0,10.0
ImRahulVyas1973,0,2,0.0,2.0
nalini51purohit,0,7,0.0,7.0
AjaySingh_sp,0,1,0.0,1.0
Kit2Cr,0,1,0.0,1.0
Prisoner_POV,0,3,0.0,4.0
farazakaf,1,4,1.0,5.0
ketansahu,0,1,0.0,1.0
praveerpatel,0,1,0.0,1.0
Himpawar12,0,2,0.0,2.0
batteryacid925,0,4,0.0,4.0
BJP4Karnataka,173,0,227.0,0.0
mudistha,0,1,0.0,1.0
tolerantal,0,2,0.0,3.0
Xylax18,0,3,0.0,3.0
anilsharma45,0,7,0.0,16.0
ThatipamulaL,1,1,1.0,1.0
csingh7376,0,1,0.0,1.0
_param98,0,2,0.0,2.0
HarishChandar90,0,3,0.0,3.0
VivekKhanvilka6,0,1,0.0,1.0
abysxna,0,1,0.0,2.0
SandipGhose,17,29,17.0,55.0
sanjaypatil4bjp,0,1,0.0,1.0
SpeakFactssss,0,2,0.0,2.0
vivekshahi0022,0,1,0.0,1.0
RahulSapelkar,0,2,0.0,2.0
asp555555,2,0,2.0,0.0
getsriram,0,1,0.0,1.0
GunikaMahendru,0,2,0.0,2.0
mbpattanashetti,0,1,0.0,1.0
jay45588,0,1,0.0,1.0
Samspeaks23,0,1,0.0,1.0
sergei291,0,1,0.0,1.0
AbyChackoNgp,0,1,0.0,1.0
mmosesraja,1,0,1.0,0.0
vj4deveopment,0,2,0.0,2.0
pippy_pj,0,1,0.0,1.0
krash0077,0,2,0.0,2.0
tana_vijay,0,1,0.0,1.0
PRASATHNAIDU1,0,2,0.0,2.0
RJShukla23,0,1,0.0,1.0
InqlaabGiri,0,1,0.0,1.0
acokaj,0,1,0.0,1.0
satishnair2000,0,1,0.0,1.0
MadnessHoney,0,2,0.0,2.0
rk_misra,2,3,3.0,3.0
deepakjourno,0,3,0.0,3.0
Mumtzs1,0,1,0.0,1.0
nsspramod,0,2,0.0,2.0
priyadarshiom,0,2,0.0,3.0
NavinDave48,0,3,0.0,4.0
pkdnambiar,8,2,8.0,2.0
SamratK67549262,0,1,0.0,1.0
SirJohnMcClane,0,2,0.0,2.0
truefitnes,0,1,0.0,1.0
Vijay2Menon,0,4,0.0,4.0
abhishek_dhol,0,1,0.0,1.0
shub_nudi,0,1,0.0,1.0
SSD28543448,0,3,0.0,3.0
bharatputra1973,0,2,0.0,2.0
ZareerMasani,2,2,2.0,2.0
YusufDFI,11,0,12.0,0.0
suryanandannet,0,2,0.0,2.0
MAHESHKANDASWAM,0,2,0.0,2.0
SasiKum58275119,0,1,0.0,1.0
BehelManmit,0,1,0.0,1.0
anuradhasabha,0,2,0.0,2.0
tripathy_ankit,0,2,0.0,2.0
TarunPa96113723,0,1,0.0,1.0
vhargopal,0,1,0.0,2.0
rhtmvd,0,1,0.0,1.0
VilasDholam1,0,4,0.0,4.0
gunajit07,0,1,0.0,1.0
BoriaMajumdar,2,0,2.0,0.0
TheCaravaan,0,1,0.0,1.0
PrashnikQ,0,1,0.0,1.0
Qwrklicios,0,1,0.0,1.0
Zacchariahshums,0,1,0.0,1.0
shivakumar_cd,0,2,0.0,2.0
oye___man,0,1,0.0,1.0
motabhai_rocks,0,1,0.0,1.0
WethepeopleW,0,1,0.0,1.0
Bala17332881,3,2,4.0,3.0
BhavsarInv,1,1,1.0,1.0
_shreyash_,0,1,0.0,3.0
venkatesamani,0,1,0.0,1.0
anupam_nigam,0,1,0.0,1.0
raysubrata,0,1,0.0,1.0
AneArvind,0,2,0.0,3.0
AnkitSh69473086,1,2,1.0,2.0
SatpathiAnupam,0,1,0.0,1.0
puneetcrazyhunk,1,2,3.0,6.0
cvganesh2k,0,1,0.0,1.0
onwardkerala,0,1,0.0,1.0
kausay8,1,1,1.0,1.0
KmRao75,0,1,0.0,1.0
PankajB63611382,0,1,0.0,1.0
Usman_MianJi,0,1,0.0,1.0
Bharath12450842,0,2,0.0,2.0
blankcheck0001,0,1,0.0,1.0
karan1916,0,1,0.0,1.0
cashkumark,2,4,2.0,4.0
DependraSingh17,0,1,0.0,1.0
nandakishore124,0,1,0.0,1.0
rt_chopra,0,1,0.0,1.0
aBong_aami,0,1,0.0,1.0
MohitBhatt90,7,1,7.0,1.0
Swap_shah,0,1,0.0,1.0
DontPayTemples,0,1,0.0,1.0
DevilzeyeU,0,3,0.0,3.0
notyet47019407,0,1,0.0,1.0
CommissarIndian,0,1,0.0,1.0
vannnyjj,0,1,0.0,1.0
AyubGamit13,0,1,0.0,1.0
RoshniManglore,1,2,1.0,2.0
milerakag,0,2,0.0,2.0
shemin_joy,0,5,0.0,29.0
vishu_online4u,0,1,0.0,1.0
RoyalRahul46,0,1,0.0,1.0
pranshudube,0,1,0.0,1.0
PG21421550,0,1,0.0,1.0
Asif_DrMed,0,1,0.0,1.0
Orbind1,0,2,0.0,4.0
ImThatUntouched,0,2,0.0,2.0
Sakti_neo,0,2,0.0,2.0
yogisarthi,1,0,1.0,0.0
IpaAiml,0,1,0.0,1.0
varshneygopal11,0,1,0.0,1.0
dhavalfariya,0,1,0.0,1.0
standon1983,0,8,0.0,8.0
MrSamIndian,0,4,0.0,4.0
ankur_goswami,0,3,0.0,3.0
ashutosh5553,0,1,0.0,4.0
hareshvaranjani,0,2,0.0,2.0
padicdhrm,0,1,0.0,1.0
Drbalashankar,0,3,0.0,3.0
sriramprasann15,4,11,4.0,14.0
srk7263,1,0,1.0,0.0
sureshs86737826,0,1,0.0,1.0
DhirajGogoi,0,2,0.0,2.0
NforNx,0,2,0.0,2.0
NNavvvu,0,1,0.0,1.0
ProfBabones,27,6,27.0,9.0
ET_1963,0,2,0.0,2.0
rittocentre,0,1,0.0,1.0
deviprasadv,0,1,0.0,1.0
arvindmarcel,0,1,0.0,1.0
utkarshagl0330,0,2,0.0,2.0
PvbrsRohit,0,1,0.0,1.0
GayanchannelS,1,2,1.0,2.0
SumitRa90467942,0,1,0.0,1.0
akhaleems,0,1,0.0,1.0
mudgal_k,0,2,0.0,2.0
arun_sherkhane,0,1,0.0,1.0
awesum_ak,0,1,0.0,1.0
_official_ks,0,1,0.0,1.0
catstrophicwrld,0,1,0.0,2.0
NeelamSisodia14,0,1,0.0,1.0
yajaamahe,0,4,0.0,4.0
Chander75177644,0,4,0.0,4.0
ca_gshashank,0,1,0.0,1.0
praveenx2,0,1,0.0,1.0
intrstngrochak,0,1,0.0,1.0
PradeepkumarPM,1,6,1.0,6.0
raizada_aanchal,0,1,0.0,2.0
affy1901,0,2,0.0,3.0
pradhan_ask,0,1,0.0,1.0
zubairtabassum,0,1,0.0,1.0
gsbmaamu,0,1,0.0,1.0
ForbjpF,0,2,0.0,2.0
Sivatdpsklm,0,1,0.0,1.0
PasineniTejdeep,0,1,0.0,1.0
BJPMMMumbai,0,2,0.0,2.0
Arunav7,1,1,1.0,1.0
sharmaji8019,0,3,0.0,3.0
bhavik_g,0,2,0.0,2.0
RagsIndian,0,1,0.0,1.0
PVMaiya,1,3,1.0,3.0
SridharRaja99,0,1,0.0,1.0
DipantoS,0,1,0.0,1.0
bnramesh2010,0,4,0.0,4.0
darainshahidi,1,0,1.0,0.0
prashant_roy,0,1,0.0,1.0
prakharsuresh_5,0,1,0.0,1.0
KonarkPublishe1,0,2,0.0,15.0
SurachithReddy,0,1,0.0,1.0
ShaanMeshram,1,0,1.0,0.0
SundeepChetty,0,7,0.0,8.0
rauby11,0,1,0.0,1.0
Abhay03Vaid,0,1,0.0,1.0
deepaks411,0,1,0.0,1.0
AnAamIndian2,0,1,0.0,1.0
AKBG31,0,2,0.0,3.0
sundaypokiri,1,5,1.0,6.0
rcb_kishore,0,1,0.0,1.0
Abhi_Bhamare,0,1,0.0,1.0
Im_aj_k,0,1,0.0,1.0
KrushnaMohite41,0,1,0.0,1.0
wisenut,0,1,0.0,1.0
subsekar,0,1,0.0,1.0
01Mritunjay,0,1,0.0,1.0
maheshknraju,0,2,0.0,3.0
v_vivekchopra,0,1,0.0,1.0
Abhishe55608931,0,2,0.0,2.0
Ajay_Rahul,0,1,0.0,1.0
aad076,0,1,0.0,1.0
mahesh8049,0,1,0.0,1.0
IanJamsie,0,1,0.0,1.0
news24tvchannel,116,1,133.0,1.0
Anchal59038779,0,1,0.0,1.0
Karnator3,0,2,0.0,2.0
trendingstory4u,0,2,0.0,2.0
thecaptcho,0,2,0.0,2.0
aditmubayi,0,1,0.0,1.0
Abhiemanyu,0,1,0.0,1.0
PramanickKeyur,3,0,3.0,0.0
bobmoni202,0,2,0.0,2.0
mdevnath,0,1,0.0,1.0
vignesh25037794,3,1,3.0,1.0
Sparsh22892882,1,1,1.0,1.0
Umit_Khimta,0,4,0.0,4.0
ImD_roy,0,1,0.0,1.0
june_shrey,0,3,0.0,3.0
atanubasu006,0,1,0.0,1.0
drmathimaths,1,2,1.0,2.0
vivekmore329,0,1,0.0,1.0
santoshchauhan0,1,1,1.0,1.0
BenshadMubarak,0,1,0.0,1.0
vishalpalan,0,6,0.0,6.0
VK_RAMACHANDRAN,0,2,0.0,2.0
Dhruv_D_Rathod,0,2,0.0,2.0
mkpavan_,0,1,0.0,1.0
Restlessindian1,0,2,0.0,2.0
TituJi_,0,1,0.0,2.0
Endoananth,0,1,0.0,1.0
AmirSheikh29,0,1,0.0,1.0
jug_uar,0,3,0.0,4.0
anitadevi1020,0,1,0.0,1.0
punt1151,0,3,0.0,3.0
Bloorureporter,0,2,0.0,4.0
399Roy,0,1,0.0,1.0
PARNANDYMURTY,0,1,0.0,1.0
bavesOfficial,0,1,0.0,1.0
IndianInte,0,2,0.0,3.0
ColHaridas,0,1,0.0,1.0
Simransodhi9,0,1,0.0,1.0
Luffyta61100077,0,1,0.0,1.0
rksadhi,0,1,0.0,1.0
neeraj_jhaa,0,5,0.0,6.0
Dharmayodhaa,0,1,0.0,1.0
rejimonv,0,2,0.0,2.0
iamspshukla,0,3,0.0,3.0
fatimasadozai,0,1,0.0,1.0
ankur0906,0,1,0.0,1.0
RahulSh26649345,0,1,0.0,1.0
jeetusp,8,0,8.0,0.0
dodlapati_reddy,0,1,0.0,1.0
Special_033,0,1,0.0,1.0
Sameer_Rat,0,2,0.0,2.0
DigvijayHoPE,0,1,0.0,1.0
comm0nman1,0,2,0.0,4.0
vineet4v,0,2,0.0,2.0
SandeepThadoda,0,1,0.0,1.0
f3arl3ssIndian,0,9,0.0,11.0
SakshiYadavSP,0,2,0.0,2.0
BankiMistry,1,0,1.0,0.0
asadwamiq,0,1,0.0,1.0
anisutideindu,0,3,0.0,3.0
Chilhoutte,0,1,0.0,1.0
Abhi_apr87,0,1,0.0,1.0
drmahesh4000,2,0,2.0,0.0
nawab268,0,2,0.0,2.0
athulkrishna_7,0,1,0.0,1.0
ait_jitendra,0,1,0.0,1.0
asahay17,0,1,0.0,1.0
do_jeeney,0,1,0.0,1.0
ArunPorwal84,0,1,0.0,1.0
DVS003,0,1,0.0,1.0
Ananth_Sheel,0,1,0.0,1.0
raman_allahabad,0,2,0.0,3.0
charmer_nku,0,4,0.0,5.0
tweetto_rashid,0,1,0.0,1.0
kartheeque,2,1,2.0,1.0
AtulHRPandey,0,1,0.0,1.0
fab_mayank,0,2,0.0,2.0
AshishMerkhed,1,0,2.0,0.0
VeereshBM6,0,1,0.0,1.0
meetumashankar,0,15,0.0,26.0
Rishiexecs,0,3,0.0,3.0
Vinaykprakash,0,2,0.0,4.0
murari882,0,1,0.0,2.0
praveendel,2,1,2.0,1.0
hereislalit,2,1,2.0,1.0
mirchugb,0,1,0.0,1.0
kumarsajit2022,0,1,0.0,1.0
PavanAmin,0,4,0.0,4.0
sukritmaitre,0,4,0.0,5.0
deepurohit19,0,1,0.0,1.0
sareenamar,0,10,0.0,12.0
Vinit_khuman,0,2,0.0,2.0
Ali_Shah_Wajid,1,1,1.0,1.0
vyas_aman_1,0,2,0.0,2.0
Gangetic_Turtle,0,1,0.0,1.0
aditidasnigam,0,1,0.0,1.0
HiralalShishoo,0,1,0.0,2.0
nilesh_upadhyay,0,1,0.0,1.0
franktoni23,0,1,0.0,1.0
imcp4,0,1,0.0,1.0
adwaitvishal,0,2,0.0,2.0
Sanjugem,0,1,0.0,1.0
KanakkanMadambi,1,1,1.0,1.0
mrinaladv,0,2,0.0,2.0
eswar7101,0,1,0.0,1.0
joshiprav,0,1,0.0,1.0
adeshgoyal26,0,1,0.0,1.0
SatishR71139590,0,1,0.0,1.0
activistshiv,0,3,0.0,3.0
tweetsofaboy,0,1,0.0,1.0
RizviSalim,1,1,1.0,1.0
maruti_somvnshi,0,1,0.0,1.0
saxenaaditya321,0,1,0.0,1.0
agtvjjrdfbct,0,1,0.0,2.0
tfipost,1,0,1.0,0.0
wakao007,0,2,0.0,2.0
AllBrPolitics,0,1,0.0,1.0
ArunB87,0,1,0.0,1.0
hodlvolk,1,1,1.0,1.0
dravirmani,2,0,2.0,0.0
ShreeNandanSha3,0,1,0.0,1.0
rshachindra,1,1,1.0,1.0
layzee___,0,2,0.0,2.0
shelljaws1334,2,0,2.0,0.0
DipendraKumarC6,0,1,0.0,1.0
Chokidar_AK47,0,1,0.0,1.0
srs14756,0,1,0.0,1.0
Abhimanpatil4,0,2,0.0,2.0
gauzy2021,0,1,0.0,1.0
Cricview,0,1,0.0,1.0
Abhishe24225552,0,1,0.0,1.0
twitvishy,0,7,0.0,10.0
slowwpoison9,0,1,0.0,1.0
AeyJeeTweets,0,1,0.0,1.0
Aakashveer306,0,1,0.0,1.0
DuvvuriSrinivas,1,0,1.0,0.0
thinktowards,0,3,0.0,4.0
PavanJourno,0,1,0.0,1.0
IamGUPTAMAYANK,0,1,0.0,1.0
lonetraveller96,0,1,0.0,1.0
JustinT94173900,0,1,0.0,1.0
Vikram04969437,0,1,0.0,2.0
sunilka1,0,5,0.0,5.0
JumlaPlanet,0,6,0.0,6.0
MudduShetty,0,2,0.0,2.0
MEHERGARMENTS,0,1,0.0,1.0
patrop,0,1,0.0,1.0
purohitvasu,0,2,0.0,2.0
RKpanday1977,2,0,2.0,0.0
AbhishekhSivan2,0,1,0.0,1.0
Tripleplayinter,0,1,0.0,1.0
snagaraj2000,0,1,0.0,1.0
sumiitguptaa,0,1,0.0,1.0
proThoughtz,0,3,0.0,3.0
amin_sushanth,0,3,0.0,3.0
sharathp,0,1,0.0,1.0
rajeebg,0,1,0.0,1.0
Shivanand__SG,0,1,0.0,1.0
Zeyylishh21,0,3,0.0,3.0
ChumbaWumba80,0,1,0.0,1.0
sampanntripathi,0,1,0.0,1.0
_beingyogi,0,1,0.0,1.0
MurthyPalakollu,0,1,0.0,1.0
shah__usman,0,1,0.0,1.0
ushagupta123,0,2,0.0,2.0
13Trush,0,1,0.0,1.0
Martin_d1982,0,3,0.0,3.0
Chintan9026,0,1,0.0,1.0
AnshuIndian,0,1,0.0,1.0
IndranilBhowm14,0,1,0.0,1.0
rvelichapat,1,1,1.0,1.0
RaviRSaigal1,0,2,0.0,2.0
DBhandari14,0,1,0.0,3.0
Anurag_0602,1,1,1.0,1.0
Manojku7061974,0,1,0.0,1.0
srivatsan_jay,2,0,3.0,0.0
SubrataScknck,2,2,2.0,4.0
prateek_2811,0,2,0.0,2.0
ashutoshgarg88,0,2,0.0,2.0
pankajprasadin,0,1,0.0,1.0
gopalkpuri,0,1,0.0,1.0
RamaVrk,0,2,0.0,2.0
WEWANTPEACE1619,0,1,0.0,1.0
ajayg1316,1,1,1.0,1.0
arunvrk,0,1,0.0,1.0
jyotig1002,0,2,0.0,2.0
HyderbadiTweets,0,1,0.0,1.0
bipbhat,0,1,0.0,1.0
addheeraj,2,0,2.0,0.0
Rekha59708235,0,1,0.0,1.0
s_gulshad,0,1,0.0,1.0
Shivam_Gosavi,0,1,0.0,1.0
Parthajosh,1,1,1.0,2.0
abhishekthakur,0,1,0.0,1.0
ranajig,0,11,0.0,32.0
parekhm,2,2,2.0,2.0
APamit_pandey,0,1,0.0,1.0
JishnuTimes,0,4,0.0,4.0
abhijitmajumder,24,0,29.0,0.0
UniqueVector,1,0,1.0,0.0
CAShubhamnavman,0,2,0.0,2.0
KharelMaximus1,0,1,0.0,1.0
GaneshKmr21,1,1,1.0,1.0
swamitwitanand,0,2,0.0,2.0
PoemandPromise,0,1,0.0,1.0
BobbilliA,0,2,0.0,2.0
hi_sarcasmwale,0,1,0.0,1.0
jaKnChill,0,1,0.0,1.0
parvez_ameer,1,2,1.0,2.0
Amogh94913358,0,2,0.0,2.0
vijju_bunny_32,0,1,0.0,1.0
UpadhyayaSpeaks,0,1,0.0,1.0
nehakhanna_07,1,1,2.0,1.0
VishnavSharma,0,1,0.0,1.0
sanjay41864302,0,2,0.0,2.0
storizenmag,1,3,1.0,3.0
PraveenGrewal11,0,6,0.0,6.0
daily_elections,0,1,0.0,1.0
Nitin_kumar00,0,1,0.0,1.0
BeorjcVenom,0,1,0.0,1.0
karangauba,0,1,0.0,1.0
mabend2,0,2,0.0,2.0
JugnuJee,0,2,0.0,2.0
Kulenady,0,2,0.0,2.0
amit2k5,0,2,0.0,2.0
arunbala9866,0,1,0.0,1.0
thapar77,0,1,0.0,1.0
Charantej24,0,2,0.0,2.0
ArmchairBhakt,0,1,0.0,1.0
abhi_1556,0,1,0.0,1.0
TrueResearcher_,0,2,0.0,2.0
vineetmohali,0,1,0.0,1.0
shubham_a_jha,2,3,2.0,3.0
Kartick15707248,0,1,0.0,1.0
FatimaS36600259,0,1,0.0,1.0
SarmaWay,0,8,0.0,8.0
MNimaichand,0,1,0.0,1.0
m_shrinagesh,0,2,0.0,2.0
saurabh_lohani,0,2,0.0,2.0
Prashan89513868,0,7,0.0,7.0
karupande09,0,1,0.0,1.0
grover8245,0,1,0.0,1.0
P98681960,0,1,0.0,1.0
RahulGandhi,3594,0,4695.0,0.0
AITCSanghamitra,8,0,11.0,0.0
sbb_ca,0,1,0.0,1.0
joshi_1996,0,1,0.0,1.0
rsuraj_777,0,1,0.0,1.0
My_typewords,0,1,0.0,1.0
talip_sekh,0,1,0.0,1.0
DrLuqmanAkhan,0,2,0.0,2.0
sudhguruspeaks,0,1,0.0,1.0
BDUTT,156,0,206.0,0.0
SundeepDougal,1,0,1.0,0.0
Oppresor_Class,0,2,0.0,3.0
AranjhBsr,0,1,0.0,1.0
sprashanth,0,2,0.0,2.0
fotedarsunil,0,1,0.0,1.0
samarth_worldvu,0,1,0.0,1.0
khushbuchouhan,0,1,0.0,1.0
ArunDattatrayN1,0,1,0.0,1.0
Gyanend69796970,0,2,0.0,2.0
IzharulHaque17,0,3,0.0,3.0
Shubh_reader,0,1,0.0,1.0
YasserHaidar11,0,1,0.0,1.0
DhaniMart,0,1,0.0,1.0
ashraf_wani,0,2,0.0,2.0
Kaanya__East,1,0,1.0,0.0
rajnitikrishabh,0,1,0.0,1.0
aasia_ishaque,0,1,0.0,1.0
bhaveshmehta86,0,6,0.0,6.0
vivekpandeyIN,0,1,0.0,1.0
mrEMikaelson,0,2,0.0,3.0
anxious599,0,1,0.0,1.0
PrasadJ76284008,0,1,0.0,1.0
shashank_ssj,18,0,19.0,0.0
125jyoti,0,1,0.0,1.0
Venkatapvrr,0,2,0.0,2.0
starchangemaker,0,1,0.0,1.0
ragingPatriot30,0,1,0.0,1.0
frreeSpirit,0,1,0.0,1.0
londoner_909,0,2,0.0,2.0
NishantPunde3,0,1,0.0,1.0
mountainsky_56,0,2,0.0,2.0
EngineringMind,0,1,0.0,1.0
KashmirChoudha1,0,3,0.0,3.0
subhinav16,0,1,0.0,1.0
15amithrp,0,1,0.0,1.0
waqasnsp,1,4,1.0,4.0
sen_zz,0,1,0.0,1.0
paalumani,0,1,0.0,1.0
chandanmunjal1,0,3,0.0,3.0
nishidube,0,1,0.0,1.0
kraushan123,0,1,0.0,1.0
Kap57608111,1,0,1.0,0.0
SagarShhh,0,2,0.0,2.0
Aayusharma2107,0,2,0.0,2.0
copechandani2,0,1,0.0,1.0
sat_only,0,2,0.0,2.0
ThePollLady,19,1,20.0,1.0
j_ajagan,1,1,1.0,1.0
Kannan28341251,0,1,0.0,1.0
regovernon,0,4,0.0,4.0
imrupalisingh,0,1,0.0,1.0
ramstone91,0,1,0.0,1.0
nilan7783,0,1,0.0,1.0
bhavesh255,0,1,0.0,1.0
archieposts,0,1,0.0,1.0
jayadeva2003,0,1,0.0,1.0
vyomeshsingh,0,2,0.0,2.0
ssjoshssjosh,0,4,0.0,4.0
SRohithrao118,0,3,0.0,3.0
anupam2r_verma,0,1,0.0,1.0
Vigilance48,0,1,0.0,1.0
backupamit,1,1,1.0,1.0
news99_official,0,1,0.0,1.0
tusharjha85,0,1,0.0,1.0
maddykumar27,0,1,0.0,1.0
balajee1667,0,1,0.0,1.0
aliabids,0,1,0.0,1.0
JSMurthy_123,0,2,0.0,2.0
anujshahi23,0,1,0.0,1.0
vikky5111987,0,1,0.0,1.0
BalaFun1,0,2,0.0,2.0
krish_IN,0,7,0.0,20.0
trader_high_vol,0,2,0.0,2.0
shivamRgandhi,0,2,0.0,2.0
geoffspark1,0,3,0.0,3.0
GoldSilverBets,0,1,0.0,2.0
krishnakumarin1,0,1,0.0,1.0
MpMannu2singh,0,1,0.0,1.0
sunbnr,0,1,0.0,1.0
views_farooq,0,2,0.0,2.0
VishnuN44838702,0,1,0.0,2.0
noufalmoopans,0,1,0.0,1.0
clearthouhts9,0,2,0.0,2.0
kurumach,0,1,0.0,1.0
iBedardiRaja,0,1,0.0,1.0
abhijit_behera,0,1,0.0,1.0
Shubhanshu_BJP,0,1,0.0,1.0
srijana_siri,0,1,0.0,1.0
JayanthSastry,0,3,0.0,3.0
parthology,0,1,0.0,1.0
venkat88ram,0,1,0.0,1.0
gulshan_laskar,0,1,0.0,2.0
vagishasoni,2,0,2.0,0.0
abhishekna1,0,4,0.0,4.0
solankineha,1,0,1.0,0.0
Akash03915436,0,1,0.0,1.0
Satyana96576463,0,1,0.0,1.0
kunalsharma999,0,2,0.0,2.0
SShrivastaw,0,1,0.0,1.0
techieinequity,0,1,0.0,1.0
AnneeGera,0,1,0.0,1.0
khimasiapunit,0,1,0.0,1.0
sreeraj1185,0,1,0.0,1.0
somareishi,0,2,0.0,2.0
firstandlast69,0,2,0.0,2.0
MoneyTechOnlin1,0,1,0.0,1.0
jkdhakar42,0,1,0.0,1.0
akadhikary,0,2,0.0,2.0
vssanyasi,0,2,0.0,2.0
rksrivastava72,0,1,0.0,1.0
Pinku66292,0,1,0.0,1.0
PiyushK_Indian,0,3,0.0,4.0
tyrannosauroues,0,1,0.0,1.0
Naman58086948,0,1,0.0,1.0
KpapaNpapa,0,1,0.0,1.0
imridul2k,0,9,0.0,18.0
Welfare4Poor,0,1,0.0,1.0
amritkjha,0,1,0.0,1.0
Maheshpune1975,1,5,1.0,5.0
kchari2,0,1,0.0,1.0
shishirj,0,1,0.0,1.0
Aayuis27,0,1,0.0,1.0
roaming_pokemon,0,1,0.0,1.0
k_bhairav,0,1,0.0,1.0
venkatm65230644,0,1,0.0,2.0
SauravDhanbad,0,5,0.0,5.0
KanchiTank,0,1,0.0,1.0
jitengajaria,2,2,2.0,2.0
tannaninanitani,1,0,1.0,0.0
mumbaitak,5,1,5.0,1.0
SwamyDada,1,2,1.0,2.0
KarthikbKallai,0,1,0.0,1.0
Ayush7311,0,1,0.0,1.0
nravikumar,0,1,0.0,1.0
AsgardThor10,0,2,0.0,2.0
AmanPan20219021,0,1,0.0,1.0
vanichandra2010,1,3,1.0,3.0
Indian2410,1,4,1.0,5.0
sumanthsharmas,0,1,0.0,1.0
Nickkulk,1,1,1.0,1.0
Mujmoh3,0,1,0.0,1.0
_Superman__hu,0,1,0.0,1.0
manojfaridabad,0,3,0.0,3.0
manishqj,0,1,0.0,1.0
TapanKumarDeo1,0,1,0.0,1.0
Roary2035,0,4,0.0,4.0
iris_swami,0,1,0.0,1.0
BharatP51997851,0,1,0.0,1.0
siddarthsanghvi,0,1,0.0,1.0
YPareek1,0,2,0.0,2.0
gouthamcp07,0,2,0.0,2.0
HR07HR007,0,1,0.0,1.0
latheef_sherin,0,1,0.0,1.0
drakeslayer100,0,2,0.0,2.0
Advaidism,7,1,7.0,1.0
ameet1012,1,2,1.0,2.0
Sandeep64758498,0,1,0.0,1.0
pathikmankad,0,3,0.0,6.0
VRspeaking,1,1,1.0,1.0
BankimMazumdar2,0,1,0.0,1.0
ku27316821,0,1,0.0,1.0
Ivan_Nagar,0,2,0.0,2.0
Aditya25779052,0,2,0.0,2.0
Ram7077,1,0,4.0,0.0
pathak_abhigyan,1,0,1.0,0.0
vishalparab16,0,1,0.0,1.0
tanayrajput,0,1,0.0,1.0
guptab02,0,3,0.0,3.0
karikaalan1CE,1,1,1.0,1.0
pavanverma_ms,0,3,0.0,3.0
satish94561032,0,1,0.0,1.0
Narayan56345566,0,1,0.0,1.0
Krishnaa_Dubey,0,1,0.0,1.0
EastMojo,1,1,1.0,1.0
joyasian,0,1,0.0,1.0
thatmarineguy21,1,0,1.0,0.0
nksaksena,0,1,0.0,1.0
drpramukh,0,1,0.0,1.0
BasharathAli2,0,3,0.0,3.0
LasysSam,0,3,0.0,3.0
mkatju,37,8,41.0,8.0
Sandeepdatta17,0,2,0.0,2.0
sanketp24,0,1,0.0,1.0
Aapkamohdmajid,0,1,0.0,1.0
Pradeep49016830,0,1,0.0,1.0
AyamAtamBrahm,0,2,0.0,2.0
anilkumar_mh,0,2,0.0,2.0
raulzgargon3,1,2,1.0,2.0
Bhimasena8j2,0,1,0.0,2.0
rahulvatsa,0,5,0.0,5.0
priusiy,0,1,0.0,1.0
katapayadi,0,5,0.0,5.0
IndianFutures,0,1,0.0,1.0
Santosh88103354,0,1,0.0,1.0
indian021986,0,2,0.0,2.0
AmericanIndic,2,0,2.0,0.0
shilpajn,0,2,0.0,2.0
Dpkvigyapan,0,2,0.0,2.0
manishksarraf,0,1,0.0,1.0
RaviSha98624735,0,1,0.0,1.0
iamdeepakhere,0,2,0.0,2.0
VRajamallaiah,1,2,1.0,3.0
tenor2002gmail,0,1,0.0,1.0
RaviiSo,0,2,0.0,2.0
sanvru,0,1,0.0,1.0
Balancing_Actor,1,2,1.0,2.0
Rishabh1804,2,0,3.0,0.0
BbwbthaR,0,1,0.0,1.0
gillipix,0,3,0.0,4.0
skittayya,0,1,0.0,1.0
Sanjivdad,0,1,0.0,1.0
truehistory77,0,1,0.0,1.0
DattaAshis,0,2,0.0,2.0
LuckyPandey27,0,1,0.0,1.0
AmitBhagwat89,0,1,0.0,1.0
chowkidaar_Raj,0,1,0.0,2.0
AviJacobs8,0,1,0.0,2.0
iDRaajS,0,3,0.0,3.0
ManthanUnadkat,0,3,0.0,4.0
HALDERG12,0,1,0.0,1.0
VineetSood15,0,1,0.0,1.0
SiddeshwarINC,0,1,0.0,1.0
jvgm7001,0,1,0.0,1.0
kar_rakhi,0,1,0.0,1.0
bhimrajka_j,0,1,0.0,1.0
Himeros2712,0,1,0.0,1.0
DEArdeshir,0,6,0.0,7.0
NirajPant2,0,1,0.0,2.0
IndianSocho,0,1,0.0,1.0
Rohit4551231689,1,2,1.0,2.0
UshasunilSunil,0,1,0.0,1.0
MandarHulawale,0,1,0.0,1.0
d_jaishankar,4,0,4.0,0.0
72Adwait,0,1,0.0,1.0
Kumarut55882305,0,1,0.0,1.0
nkbhattacharjee,0,1,0.0,2.0
isagar_w,0,1,0.0,1.0
eAviPanwar,0,1,0.0,1.0
hritik33940405,0,1,0.0,1.0
vishakarjun,0,2,0.0,2.0
kritish2007,0,1,0.0,1.0
afrouze,0,1,0.0,1.0
RuhiRizvi,0,1,0.0,1.0
deetsforyou,0,1,0.0,1.0
ItsDeshmukh,0,2,0.0,2.0
AbMohanta,1,0,1.0,0.0
albertashok_,0,1,0.0,2.0
srijanapiya17,1,1,1.0,2.0
cagedrage2024,0,1,0.0,1.0
akshays35112719,0,1,0.0,1.0
Mahesh_wadhavne,0,3,0.0,3.0
upiasi,0,1,0.0,1.0
pjetagg,0,3,0.0,3.0
aa3132,1,2,1.0,2.0
IndianSamu,0,1,0.0,1.0
ShashiMunjal,0,2,0.0,2.0
rahulpathak1976,0,3,0.0,3.0
youneed2rethink,0,1,0.0,1.0
Article19_1_A,0,1,0.0,1.0
PriyaArvind57,1,0,1.0,0.0
ganeshmpandey,2,1,2.0,1.0
lakshmianand96,5,0,9.0,0.0
umeshdewan,0,1,0.0,3.0
mukeshbisht57,0,1,0.0,1.0
Matkaa_Biryani,0,1,0.0,1.0
pandey1akhilesh,0,2,0.0,2.0
shahnaumaan,0,1,0.0,1.0
manojhindu007,0,2,0.0,2.0
ReformUKyorks,0,1,0.0,1.0
ypsYash,0,2,0.0,2.0
ashish_dagwar,0,1,0.0,1.0
virsanghvi,22,0,23.0,0.0
2raosanjiv,0,2,0.0,3.0
RoshanSonmi,0,2,0.0,3.0
nope_nope696969,0,1,0.0,1.0
lotusprings,1,0,1.0,0.0
bvsindhu,0,1,0.0,1.0
anuragg_xiv,0,1,0.0,1.0
Twitting_Nvn,0,1,0.0,1.0
AAAnandSharma,0,1,0.0,1.0
PabloEs22153048,1,4,1.0,4.0
GujunRupsas,0,22,0.0,51.0
photomessenger,0,5,0.0,5.0
NandiniOza,0,3,0.0,6.0
tweetsbyhk,0,1,0.0,1.0
_PankaJKhajuria,0,1,0.0,1.0
IMShriMan,0,4,0.0,4.0
sumitbehl,1,5,1.0,7.0
parassweetguy,0,1,0.0,1.0
HrudaynathB,0,1,0.0,1.0
shamsudhin,0,1,0.0,1.0
AapKapoor_,0,1,0.0,1.0
RishiJoeSanu,1,2,1.0,2.0
Freakone5,0,1,0.0,1.0
GMinakshi_Sakal,0,1,0.0,1.0
RAUSHAN33948968,0,1,0.0,1.0
ajaysinghdhama,0,6,0.0,6.0
kumarbyom,0,1,0.0,1.0
ShreeSpeaks_,0,1,0.0,1.0
Narayan111122,0,1,0.0,1.0
Anil_bade2,0,3,0.0,3.0
bency4578,0,1,0.0,1.0
sachinjhamnani,0,1,0.0,1.0
Anil_Yadav_1802,0,1,0.0,1.0
JeSuisCharlie9,0,6,0.0,6.0
Dipesh__Indian,0,4,0.0,5.0
sureshiit,0,2,0.0,2.0
Rishi_K_Singh,0,2,0.0,2.0
am_shikhar,0,1,0.0,1.0
badamipavan,0,1,0.0,1.0
MGDinnimani,0,1,0.0,1.0
SirManav14,0,1,0.0,1.0
achandwar,1,1,2.0,1.0
Tarangini_das47,1,1,1.0,1.0
mridul_m,0,3,0.0,3.0
baristerplay,0,3,0.0,4.0
Dhana3388,0,3,0.0,3.0
NarnoliSaket,0,1,0.0,1.0
mujahid38284941,0,1,0.0,1.0
mr_sameer18,0,1,0.0,1.0
sureshb97994918,0,1,0.0,1.0
Gokul_Sahni,3,0,3.0,0.0
sudhaShenoy1,0,4,0.0,4.0
NikhilAapka,0,3,0.0,3.0
vinitgoenka,10,1,11.0,1.0
pryjaiswal,0,1,0.0,1.0
NiveshAgg,0,3,0.0,3.0
ni5h4nt,0,2,0.0,2.0
ravikikan,0,7,0.0,8.0
HadkulaTiger1,0,1,0.0,1.0
BRMalik3,0,2,0.0,2.0
kumar_saket06,0,2,0.0,7.0
i_PrashantRana,0,1,0.0,1.0
VeeraPratapDesu,0,1,0.0,1.0
AneeshChacko10,0,1,0.0,1.0
DIPESHSHEKHALIY,0,1,0.0,1.0
pawanji27,0,1,0.0,1.0
pramodbapna,0,2,0.0,2.0
vishalsinghbjp,1,0,1.0,0.0
ICHTHUSINDIA,0,1,0.0,1.0
rajgarg1812,0,1,0.0,1.0
arl127,0,2,0.0,3.0
ItsYourMiraj,0,2,0.0,2.0
sicuular,0,3,0.0,3.0
raghave94465170,0,1,0.0,1.0
ParimalKS,0,1,0.0,1.0
The_Ark____,0,5,0.0,5.0
SKharanger,0,1,0.0,1.0
ileshs,0,1,0.0,1.0
gundichafuture1,0,2,0.0,2.0
isrgrajan,0,1,0.0,1.0
mnknt1,0,1,0.0,1.0
Nitinsi24423740,0,3,0.0,3.0
writetoasifhere,0,1,0.0,1.0
dabiajsd,2,3,2.0,3.0
ramk_p,0,1,0.0,1.0
MenonSkp,0,1,0.0,1.0
Phukan_Sk,0,1,0.0,1.0
ErVIKI,0,1,0.0,1.0
RomiBaba20,0,1,0.0,1.0
Sankesh001,0,1,0.0,1.0
UmmerHamza,0,2,0.0,2.0
vankarm,0,1,0.0,1.0
dev__speaks,0,1,0.0,1.0
RodneyR58127664,1,0,1.0,0.0
eyeamayesha,0,1,0.0,1.0
RVenkat_India,1,0,1.0,0.0
soniayush447,0,1,0.0,1.0
AdarshNairi,0,1,0.0,1.0
krishnareddy831,0,1,0.0,2.0
icckanpur,0,2,0.0,2.0
Keshav_Bihar,0,1,0.0,1.0
abhilash19_6,0,2,0.0,2.0
Erkarunashankar,0,4,0.0,4.0
Bala00000007,0,2,0.0,2.0
shivenverma11,0,1,0.0,1.0
iMALLIKARJUN1,0,1,0.0,1.0
varuni_vivid,0,1,0.0,1.0
jitulkonch1,0,1,0.0,1.0
_pramod_bahadur,0,3,0.0,3.0
ramprasad_c,7,1,8.0,1.0
RanMax6,0,1,0.0,1.0
shrutikapila,7,1,10.0,1.0
indian22711912,0,3,0.0,3.0
IVANDSO12281747,0,1,0.0,1.0
eceanshu,0,1,0.0,1.0
kvk_gopal,0,1,0.0,1.0
Anand74Ravi,0,3,0.0,3.0
mchellap,2,0,2.0,0.0
SukkaPuri,0,1,0.0,1.0
sushil_tripathi,0,1,0.0,1.0
vijaybpujari,0,1,0.0,1.0
ashumgr,0,1,0.0,1.0
iAshutosh_P,0,1,0.0,1.0
sabah999,0,3,0.0,3.0
jhawar2811,0,2,0.0,4.0
sandipkale82,0,2,0.0,2.0
RanaABK,0,3,0.0,3.0
Kkrish0Krishna,0,1,0.0,1.0
himanshu3193,0,1,0.0,1.0
bukhari_wassim,0,1,0.0,1.0
CowRishi,0,1,0.0,1.0
Indian67387758,0,1,0.0,1.0
Mohansinha,17,1,19.0,1.0
RanabirSinha7,0,2,0.0,2.0
ratna_bajpai,0,1,0.0,1.0
Jaldipmundhva,0,1,0.0,1.0
critic_03,0,1,0.0,1.0
GR807,0,2,0.0,2.0
VoteIndia5,0,1,0.0,1.0
VikashK48174127,0,1,0.0,1.0
Lubabalo_GN,1,0,1.0,0.0
santosh29_amin,0,4,0.0,6.0
I_z_h_a_a_r,0,2,0.0,2.0
krishnendu_rooj,0,1,0.0,1.0
gujarat1947,0,2,0.0,2.0
rahulwho_,0,1,0.0,1.0
byakashyadav,0,5,0.0,5.0
jspandey_,4,3,4.0,3.0
savitha_rao,2,4,2.0,8.0
Indianinjapan,0,2,0.0,2.0
tshrivas,0,2,0.0,2.0
pcj2010,0,3,0.0,3.0
BokyaDeshpande,0,2,0.0,2.0
AnonymousLeftie,2,1,2.0,1.0
GoogleHindustan,0,1,0.0,1.0
WriteToDipen,0,1,0.0,1.0
maharaj_ishu,0,7,0.0,9.0
RaghaavMD,1,5,1.0,5.0
ZabedAhmed18,0,1,0.0,1.0
Bulbul26543983,0,4,0.0,4.0
Shantprinja,1,2,1.0,3.0
LoveJane420,1,2,1.0,2.0
MinionsOFmidas,0,3,0.0,3.0
ishwarch,0,1,0.0,1.0
ranjeet1710,0,1,0.0,1.0
nirajkummarsing,0,1,0.0,1.0
manutd006,0,1,0.0,1.0
salmanhind,0,2,0.0,6.0
MrNatarajSir,0,1,0.0,1.0
ALogicalIndy,0,1,0.0,1.0
PrabChats,0,1,0.0,1.0
ADITYAK41074898,0,1,0.0,1.0
DilkashAli01,0,1,0.0,1.0
kshama1703,0,8,0.0,11.0
Uma08672028,0,1,0.0,1.0
SiddiquiMaha,1,0,1.0,0.0
WallisKeziah,2,0,2.0,0.0
sat00123,0,1,0.0,1.0
uZruuDohin5gTKW,1,1,1.0,1.0
GodaAshirvadam,0,3,0.0,3.0
subhashbaranwal,0,1,0.0,1.0
Rahulanalytics,0,2,0.0,2.0
vish86117,0,1,0.0,1.0
Hirdesh_TW,0,2,0.0,2.0
VyawahareMandar,0,2,0.0,3.0
Ajkshu,0,1,0.0,1.0
KULDEEPGROVER58,0,1,0.0,1.0
PeacefulHind,1,0,1.0,0.0
varunkpandey,0,2,0.0,2.0
SudhirBahuguna8,0,1,0.0,1.0
lakshmiprashan7,4,9,4.0,19.0
ntdmagic,0,2,0.0,2.0
DrKMMohanRao,0,1,0.0,1.0
madmadridistan,0,2,0.0,2.0
PreetyAgarwaal,0,1,0.0,1.0
Razvikhan13,0,1,0.0,1.0
nayanikaaa,6,0,7.0,0.0
vaisloorkar,0,3,0.0,3.0
rishavkedia19,0,1,0.0,1.0
SasiVasudevann1,0,1,0.0,2.0
rushtotp,0,1,0.0,1.0
1522Anikank,0,2,0.0,2.0
mayuganapatye,0,1,0.0,1.0
imohitag,0,1,0.0,1.0
anupamsingh101,0,1,0.0,1.0
_umakantsingh,0,5,0.0,9.0
gwaliorka,0,2,0.0,3.0
Soumyajyoti2277,0,1,0.0,1.0
Koushik42061986,0,1,0.0,1.0
dr_drsmichael,1,1,1.0,1.0
Jitendr37502078,0,1,0.0,1.0
YedaPisa,0,1,0.0,1.0
KalpPrajapat,0,1,0.0,1.0
MgGuggari,0,4,0.0,4.0
Redchillifried,0,1,0.0,1.0
CosmicGalaxie,0,1,0.0,1.0
terence_fdes,7,22,13.0,45.0
SevadalWB,0,2,0.0,2.0
BongoMusalman,1,1,1.0,1.0
Sudha_Bishnoi,0,1,0.0,1.0
ImPankajXKumar,0,1,0.0,1.0
Amit_aarya2,0,2,0.0,2.0
MalgudiTimes1,0,2,0.0,2.0
Trading_Science,0,1,0.0,1.0
shettysuhasa,0,1,0.0,1.0
dravidasishu,1,0,1.0,0.0
mgmohitgrover,0,1,0.0,1.0
CharanVirat9,0,1,0.0,1.0
Priiiiyansh__,1,2,1.0,3.0
ATigerhut,1,1,1.0,1.0
Viswana42276595,0,2,0.0,2.0
sharmavansh99,0,1,0.0,1.0
ranvibs,0,1,0.0,1.0
ladda_shrikant,0,1,0.0,2.0
YogeshBailwal,0,1,0.0,1.0
khels2u,0,8,0.0,21.0
asaxena87,0,2,0.0,2.0
chandrats06,1,1,1.0,1.0
iSpeedySingh,0,1,0.0,1.0
Harsh958,0,1,0.0,1.0
shyjithk,0,7,0.0,7.0
Gautam__Angira,0,1,0.0,1.0
AbdulRa99443551,0,3,0.0,3.0
ShastriSuyal,0,4,0.0,4.0
ErJPSinghLLM1,0,1,0.0,1.0
SKodineya,0,2,0.0,2.0
shudravani,0,1,0.0,1.0
AmreshBJP,0,2,0.0,3.0
Kunaal_1,0,2,0.0,2.0
vjgtweets,2,1,2.0,1.0
k_Tarun98,0,1,0.0,1.0
siddd9798,0,1,0.0,1.0
deepaksachan199,0,1,0.0,1.0
kartik26280,0,1,0.0,1.0
njkenny,0,3,0.0,3.0
navin83624973,0,4,0.0,4.0
VinayBHegde,0,1,0.0,1.0
biswaji11165249,0,1,0.0,1.0
Subhash05187374,0,1,0.0,1.0
SR_Tmc007,3,0,4.0,0.0
NetaJazbaati,0,1,0.0,2.0
Suren_Para,0,1,0.0,3.0
AayeshaAnamika,0,2,0.0,2.0
HawkingAnti,0,1,0.0,1.0
Harshad9Parmar,0,4,0.0,4.0
bej_2019,0,1,0.0,1.0
indian71262899,0,1,0.0,1.0
Dexter200489,0,2,0.0,2.0
Tabrez125,0,6,0.0,12.0
misskhan,0,1,0.0,1.0
AK_Das10,0,1,0.0,1.0
vikasanilawale,0,1,0.0,1.0
LakhanToshniwal,0,2,0.0,2.0
RoFiedAsim,0,1,0.0,1.0
smilewithashu2,0,1,0.0,1.0
SuramyaNaik,0,2,0.0,4.0
Nishanth_MM,0,4,0.0,5.0
ADahiaya,0,1,0.0,1.0
Polemist_Indian,1,2,1.0,2.0
priyyaaaxo,0,1,0.0,1.0
ShadyVikas,0,1,0.0,1.0
yuvadesh,4,0,7.0,0.0
divyanGeeky,0,3,0.0,3.0
depani3112,1,0,1.0,0.0
gupta_siddharth,0,1,0.0,1.0
chaitanyadj,0,1,0.0,1.0
g22131,0,1,0.0,1.0
DigitalforSme,0,3,0.0,5.0
HonesTweety,0,3,0.0,3.0
ReckoningDayof,0,2,0.0,2.0
Tech_Quarense,0,1,0.0,1.0
kuldip_suri1234,0,2,0.0,2.0
ashok77g,0,1,0.0,1.0
skejaj_aitc,0,1,0.0,1.0
raosaveraS,0,2,0.0,2.0
thengaai,2,0,2.0,0.0
vj17061985,0,1,0.0,1.0
mukeshtver,0,2,0.0,2.0
VazeIndian,7,2,9.0,2.0
Shashi61764070,0,1,0.0,1.0
IshvenderS,0,5,0.0,6.0
vkvalpadi,0,1,0.0,1.0
vijayarumugam,1,0,1.0,0.0
indicbhavik,0,1,0.0,1.0
oolabmys,1,0,1.0,0.0
AmitShah,1793,0,2414.0,0.0
Sudheer75399190,0,2,0.0,2.0
ritendra_mathur,0,3,0.0,3.0
Iamaks2132,0,2,0.0,2.0
rkc28,0,1,0.0,1.0
NITISHKUMARGU17,0,1,0.0,1.0
Mr_TuShar_Dey,0,1,0.0,1.0
Navee519,0,1,0.0,1.0
dhbarbhuiya1,0,1,0.0,1.0
anurag_santosh,0,1,0.0,1.0
SnehalPrabhu5,1,0,1.0,0.0
vikantsahay,0,1,0.0,1.0
anil_p_bajpai,0,1,0.0,1.0
AamirSy61653294,0,10,0.0,28.0
dochills00,0,6,0.0,12.0
ncspeaks13,1,0,1.0,0.0
sinha3059,0,1,0.0,1.0
lalitjain1958,0,1,0.0,1.0
Gurleen03526614,0,1,0.0,1.0
rangilarasooI,0,1,0.0,1.0
bobbyvijayan,0,3,0.0,3.0
UtkarshKher,0,1,0.0,1.0
nonbhakt17,0,3,0.0,3.0
SanuJai13320817,0,1,0.0,1.0
venkat_sbt,0,1,0.0,1.0
Raghabendra123,0,1,0.0,1.0
vjanamenon,0,1,0.0,1.0
RaoKavitha,121,0,132.0,0.0
SearchingJonah,0,1,0.0,1.0
keyan_sv,0,4,0.0,4.0
Aragorn_Indian,1,4,1.0,5.0
TamilTutyNaga,0,6,0.0,6.0
utangale_swaraj,0,2,0.0,2.0
_definitelyN0t,0,1,0.0,1.0
YaaruDaHindu,0,1,0.0,1.0
PathakRajat11,0,1,0.0,1.0
NRSinghsamanta,0,1,0.0,1.0
KaalaChasma,0,2,0.0,2.0
RanbirS11414092,4,0,4.0,0.0
RamaRed99927545,0,1,0.0,1.0
TheBoringOne94,0,1,0.0,1.0
BhavyaMankad,1,2,1.0,2.0
Patriot38775406,0,1,0.0,1.0
das_dhirendra,0,2,0.0,3.0
saurabhverma210,0,1,0.0,1.0
KGourav007,0,2,0.0,2.0
ObergAdmn,0,1,0.0,1.0
Ranjaygupta100,0,1,0.0,1.0
bhanuvachan,0,2,0.0,2.0
vaibhav4aap,0,1,0.0,1.0
dattaram16,0,1,0.0,1.0
ranjitbs,0,1,0.0,1.0
DuraisamyUthan2,0,1,0.0,1.0
smartrandhawa,0,2,0.0,2.0
dharamvirtanwar,0,1,0.0,1.0
sudDdude,0,1,0.0,1.0
jeethu4u,0,1,0.0,1.0
LahoriAtHeart,0,1,0.0,1.0
ncoomar,0,1,0.0,1.0
sunilsaraswathi,0,1,0.0,1.0
scorpionich,0,1,0.0,1.0
TheWalrusonLSD,0,1,0.0,1.0
DrUlhasParab,0,1,0.0,1.0
NIKHILR32345920,0,1,0.0,1.0
sourav_singh27,0,1,0.0,1.0
proimandar,0,1,0.0,1.0
MonicaK2511,4,5,4.0,5.0
AjaySinghNegi04,0,1,0.0,1.0
AritraSaha_SC11,0,1,0.0,1.0
siddhu_varun,0,1,0.0,1.0
palltu,1,1,1.0,1.0
SamarthSoral,0,1,0.0,1.0
UrsSairamM,0,1,0.0,1.0
sovividyadharan,0,2,0.0,19.0
sachinkarmalkar,0,2,0.0,2.0
Kaushik_Since85,0,4,0.0,4.0
MTA_1969,0,1,0.0,1.0
PARVEJA69228557,0,1,0.0,1.0
iamvsj,0,1,0.0,1.0
justin23448669,0,12,0.0,28.0
surheeta,0,1,0.0,1.0
MuljiThakkar,0,1,0.0,1.0
Sanjayray6948,0,1,0.0,1.0
kavgupta80,0,2,0.0,2.0
Kapish__,0,1,0.0,1.0
SelfBluetick,0,1,0.0,1.0
URScrewed_,4,1,4.0,1.0
suhas_sawant85,0,2,0.0,5.0
swaroopks_me,0,1,0.0,1.0
RohitashwT,5,0,5.0,0.0
SriR45,0,1,0.0,1.0
Abbihood_bharti,0,2,0.0,2.0
deReservation,0,1,0.0,1.0
use_to_be_alive,0,1,0.0,1.0
architectsumit,0,1,0.0,2.0
SURENDRAJENA54,0,1,0.0,1.0
silvastarKO,0,1,0.0,1.0
SameerSaifiRock,0,1,0.0,1.0
shajijoy,0,5,0.0,5.0
Prasadandprad,0,1,0.0,1.0
socialmedia5130,0,2,0.0,2.0
SRIDHAR0520,1,1,1.0,1.0
Anil_yadav_skp,0,1,0.0,1.0
USAndIndia,15,0,17.0,0.0
VinayMa66261558,0,1,0.0,1.0
alokssaxena63,0,2,0.0,2.0
AhamVishwanath,0,2,0.0,2.0
tamhussein,0,2,0.0,2.0
arjunapartho,0,3,0.0,3.0
Prakash_0304,0,1,0.0,1.0
ManavMango2,0,1,0.0,1.0
VelIndu,0,3,0.0,3.0
nageshr_r,0,6,0.0,6.0
_tesorino,0,1,0.0,1.0
jaime65254594,0,4,0.0,4.0
vaagshrimanju,0,2,0.0,2.0
ManKochhar,0,1,0.0,1.0
nnojha,6,2,6.0,2.0
Samaj281,0,2,0.0,2.0
PrabirK75120748,0,5,0.0,5.0
Mohinde65737254,0,3,0.0,3.0
drachintya,0,6,0.0,8.0
TheIndiaForum,0,2,0.0,2.0
roopak_13,0,1,0.0,1.0
Libertarian196,2,17,3.0,29.0
s_kumar678,0,2,0.0,2.0
PukhrajKarwasa4,0,1,0.0,1.0
mharishankars,0,1,0.0,1.0
BramhaDevSharm1,0,1,0.0,1.0
Cold_Peace_,9,0,9.0,0.0
gopal7_gopal,0,2,0.0,2.0
udayjainind,0,1,0.0,1.0
_babawrites,0,2,0.0,2.0
BrandflexS,0,1,0.0,1.0
RaniNainika,0,1,0.0,1.0
Debarat60020474,0,1,0.0,1.0
NikhilTiwari__,0,1,0.0,1.0
ujjain_hari,0,1,0.0,1.0
editorbharathi,1,1,1.0,1.0
Sachin_K12,0,3,0.0,3.0
KapilGidwani,0,1,0.0,1.0
Dipdil,0,1,0.0,2.0
Naveen_bdvt,0,2,0.0,2.0
ramlaldamor97,0,1,0.0,1.0
want_awesome,0,1,0.0,1.0
Chandankumawa16,0,1,0.0,1.0
MohdArishAnsa20,0,1,0.0,1.0
ManishS25440423,0,1,0.0,1.0
VishwaMutt,0,2,0.0,2.0
jagan65,0,2,0.0,2.0
Gautam_Kashyap3,7,4,7.0,4.0
JD78741001,1,5,1.0,6.0
Ashishs35886780,0,1,0.0,1.0
Drkkchauhan77,0,1,0.0,1.0
ManoharGoud41,1,1,1.0,1.0
Singh_Iam_,0,1,0.0,1.0
BurhanuddinB11,0,4,0.0,4.0
Jayanta43895524,0,2,0.0,3.0
soikoat,0,1,0.0,2.0
HullurPmp,0,3,0.0,5.0
shyamjra,0,1,0.0,1.0
Ljs6JuKBeB4wgTI,0,1,0.0,1.0
VipulTr69502027,0,1,0.0,1.0
_DrFrusci,0,1,0.0,1.0
GauravPandit007,0,1,0.0,1.0
Mondal_TK,0,1,0.0,1.0
naimisha_forest,0,1,0.0,1.0
Lakshimi,0,2,0.0,2.0
Jackofall_India,0,2,0.0,2.0
NoorPat90621528,0,1,0.0,1.0
mil_pandya,0,1,0.0,2.0
savemyindian,0,1,0.0,1.0
balbir59,12,0,14.0,0.0
cricketsi56,0,2,0.0,3.0
ganeshbabuab,0,2,0.0,2.0
sanjayg_01,0,2,0.0,2.0
ziadkhan,0,1,0.0,1.0
RajputS60433432,0,4,0.0,4.0
Aslam_Baig_Mirz,1,0,1.0,0.0
Vishalkashyap_1,0,2,0.0,2.0
khajan,0,1,0.0,1.0
AzadNoor8,1,1,1.0,1.0
shree_loya,0,1,0.0,1.0
ravi_chander,1,2,1.0,2.0
reddy256789,0,2,0.0,2.0
ToBeCandid_75,0,1,0.0,1.0
TheNandavar,0,1,0.0,1.0
VishalM9835,1,2,1.0,2.0
emailsid90,0,3,0.0,3.0
BikashRaOdisha,0,5,0.0,5.0
iravatiresearch,0,2,0.0,2.0
Catchdvt1,0,2,0.0,2.0
ManojKu57457583,0,2,0.0,3.0
kanusharma4427,0,1,0.0,1.0
RustomBanduk,0,2,0.0,2.0
p13puneetc,0,1,0.0,1.0
IndiaToday,348,13,439.0,19.0
Iconic_Sidharth,0,2,0.0,2.0
AnupamKhemariya,0,2,0.0,2.0
jothishnair1010,2,0,2.0,0.0
sharanpoovanna,1,1,1.0,1.0
Grizzzleee1,0,1,0.0,1.0
annavetticad,2,0,2.0,0.0
indianspecial,0,1,0.0,1.0
julushah,0,11,0.0,16.0
iamranamukherji,0,3,0.0,6.0
bysurbhigupta,8,0,11.0,0.0
talktoapsara,1,2,1.0,2.0
sandeeppramanik,0,3,0.0,3.0
King_Chin1,1,2,1.0,2.0
azad_nishant,1,1,1.0,1.0
rneelmani,0,1,0.0,1.0
bhargav_mitra,0,3,0.0,3.0
MulayLalit,0,1,0.0,1.0
momentimmortal,0,1,0.0,1.0
FutureTechiee,0,1,0.0,1.0
Telugu_vaaru,0,1,0.0,1.0
somnathshil,0,1,0.0,1.0
Mhatre_Sheetal,0,2,0.0,2.0
Kochiwalla,1,1,1.0,1.0
Prateek83206622,0,2,0.0,2.0
dogra_dutt,0,1,0.0,1.0
Amey11102616,0,1,0.0,1.0
aniket_nemad,1,2,1.0,2.0
DrSharafudheen,0,1,0.0,1.0
FrankRa98758937,0,2,0.0,2.0
newschatTM,2,1,2.0,1.0
zeeinscriptions,1,1,1.0,1.0
charlie_kedarta,0,3,0.0,3.0
Indian_Rivers,2,0,2.0,0.0
dddepak99,0,3,0.0,3.0
sa_123456_as,1,1,1.0,1.0
akki12261612,0,1,0.0,1.0
LoneDruid_1,0,1,0.0,1.0
zzzznatzzzz,0,1,0.0,1.0
getdips,0,3,0.0,3.0
ashi_mahe,0,2,0.0,2.0
AryamanBharat,0,2,0.0,2.0
vijai63,11,1,11.0,1.0
premkumar_in,0,2,0.0,3.0
SunSherman,0,3,0.0,8.0
Resident__Troll,0,1,0.0,1.0
RakeshRanjanJH,0,2,0.0,2.0
stevereports,1,2,1.0,6.0
TruthBe92658745,0,2,0.0,2.0
Ramcharana86,0,3,0.0,4.0
jataka_tales,0,1,0.0,1.0
mr_mayank,12,0,12.0,0.0
publicvotetoday,0,4,0.0,4.0
dinesh1673,1,3,1.0,3.0
vithal_hibare,0,2,0.0,2.0
ALAKHNI16131300,0,2,0.0,2.0
MetkarSoham,0,1,0.0,1.0
Vikram___Gautam,0,1,0.0,1.0
24Jaykay,0,1,0.0,1.0
Faisal46677028,0,1,0.0,1.0
Spick_Media,0,2,0.0,4.0
RajeshDallas,0,2,0.0,2.0
ARAVIND76073923,0,1,0.0,1.0
ShadowSakshi,3,0,3.0,0.0
mritunjoy_singh,0,1,0.0,2.0
DearthOfSid,1,0,1.0,0.0
vjpsyverson,0,1,0.0,1.0
AjantaGuha,0,1,0.0,1.0
ursRavindraBabu,0,1,0.0,1.0
shivuchavadi,0,1,0.0,1.0
skm503,0,1,0.0,1.0
opinionslays,0,1,0.0,1.0
elmaramesh,0,1,0.0,1.0
manav_mitr,0,1,0.0,1.0
AftabHind,0,1,0.0,1.0
Sundara71089967,0,1,0.0,1.0
chaitali253,0,4,0.0,5.0
IndiainIreland,0,1,0.0,1.0
BernardDmello,0,20,0.0,32.0
DemoCrazyHai,0,3,0.0,3.0
MumbaiAmchi,0,1,0.0,1.0
SuryaVa67767944,0,1,0.0,1.0
GKM0729,0,1,0.0,2.0
AyushGangaul,1,1,1.0,1.0
mukeshpanwarrr,0,1,0.0,1.0
KARUPPAIAH1972,0,1,0.0,1.0
explorerjayesh,0,1,0.0,1.0
TehreekeUk,0,1,0.0,1.0
BengalD72661479,0,1,0.0,1.0
imjassi16,0,3,0.0,3.0
GauravKatoch11,0,1,0.0,1.0
sandeep_PT,10,0,10.0,0.0
Stockarth,0,2,0.0,2.0
Crazy_Ayush1,0,1,0.0,1.0
Iam_PrakharModi,0,2,0.0,2.0
aanand_ind,0,1,0.0,1.0
SanjaySpake,0,2,0.0,2.0
GauravYdvSP,0,2,0.0,2.0
tweet2GAURANG,0,3,0.0,3.0
KedarMohite1,0,1,0.0,1.0
ghazalawahab,1,0,1.0,0.0
chmehta,0,2,0.0,2.0
tanmoys06276041,0,1,0.0,1.0
nittin07,0,1,0.0,1.0
FoolishApathy,0,15,0.0,26.0
senbhaskar50,0,1,0.0,1.0
thesocialnrd,0,1,0.0,1.0
Sureshnews28,0,2,0.0,2.0
siddaramaiah,47,0,59.0,0.0
Lal38707086,0,2,0.0,2.0
LakshmidasAITC,0,1,0.0,1.0
spicypatriotic,0,3,0.0,4.0
unspokensilence,0,2,0.0,2.0
deveshpd,0,1,0.0,1.0
AmalakhyaB,0,2,0.0,2.0
NarvirS63622940,0,2,0.0,2.0
AdnanAliKhan555,13,0,17.0,0.0
bhanushalisagar,0,1,0.0,1.0
McBeaner69,6,2,7.0,2.0
IndologyF,0,1,0.0,1.0
balapkamath,0,2,0.0,2.0
tusharj79525722,0,1,0.0,1.0
TajinderSTS,1,3,1.0,3.0
ceo_at_redian,0,1,0.0,1.0
Ajinkya0406,0,4,0.0,5.0
rsvas2,3,0,5.0,0.0
hormuzm,0,1,0.0,1.0
joyleela7,0,1,0.0,1.0
ajaydiit,0,2,0.0,2.0
local_rocky,0,2,0.0,3.0
TheBurhanAli,0,1,0.0,1.0
vkdesi,0,3,0.0,3.0
schunell,2,1,2.0,1.0
marshD45,1,4,1.0,4.0
bhardwaz01,0,1,0.0,1.0
Vyutpan,0,1,0.0,1.0
JhalakAgarwal13,0,1,0.0,1.0
VirenRM,0,3,0.0,3.0
dona3659,0,2,0.0,3.0
kuttan337,1,1,1.0,1.0
guddu_mittal,0,1,0.0,1.0
spectatorSENPAI,0,2,0.0,2.0
SHAMSTA34998103,0,1,0.0,1.0
jjk_utkarsh,0,1,0.0,1.0
jayachandra_pai,0,1,0.0,1.0
non_fungbl_tokn,0,1,0.0,1.0
satyaa73,0,1,0.0,1.0
RKadambi,0,2,0.0,2.0
kkroundtables,0,2,0.0,2.0
Pankaj57556450,0,1,0.0,1.0
Kaustubh_SSS,1,0,1.0,0.0
tantra341,0,2,0.0,2.0
alphaqueue4,0,1,0.0,1.0
SridharRVS,0,1,0.0,1.0
pkm1999,0,43,0.0,139.0
cye9kv1,1,1,1.0,1.0
aamirgulf,0,2,0.0,2.0
Maraimani2,1,0,1.0,0.0
Gagan02760092,0,3,0.0,4.0
pariksh95167182,0,1,0.0,1.0
anshul_mittal_,0,3,0.0,4.0
hareeshjgd,0,1,0.0,1.0
pankajtripathy2,0,1,0.0,2.0
srjk22,2,0,2.0,0.0
bhaumiksubho,0,2,0.0,2.0
its_me_aps,1,0,1.0,0.0
Cruzjdivakar,0,1,0.0,1.0
ShivaKap,2,0,2.0,0.0
Rahul_Uwach,0,3,0.0,3.0
spectrumcreat,0,1,0.0,1.0
AasharR,0,2,0.0,2.0
harshlapsia,0,1,0.0,1.0
MaheshJLahoti,0,1,0.0,1.0
dillipk79824811,0,1,0.0,1.0
colvks,3,0,3.0,0.0
nils_gate,0,2,0.0,2.0
Pratik_596,0,2,0.0,3.0
majornarendra,0,1,0.0,1.0
wafflencoffee,0,3,0.0,3.0
gulab_a_singh,0,1,0.0,1.0
chakravartiin,6,1,7.0,1.0
naman68867485,0,3,0.0,3.0
thinking_ape_,0,1,0.0,1.0
NikhilReddyINC,1,0,1.0,0.0
ceoClubindia,0,2,0.0,2.0
vivthehuman,0,1,0.0,1.0
anuragr39982571,0,1,0.0,1.0
RayM26095758,0,1,0.0,1.0
__gurudas,1,0,1.0,0.0
ppandey177,0,1,0.0,1.0
Ahmed84815,0,1,0.0,1.0
_goyalvin,1,1,1.0,1.0
iRitwik_tyagi,0,1,0.0,1.0
Yogesh95173959,0,5,0.0,6.0
BS1611968,1,0,1.0,0.0
ajinkya_inferno,0,1,0.0,1.0
DoshiNarendra,0,5,0.0,12.0
TyIfed,0,1,0.0,1.0
twolilsZ,0,1,0.0,1.0
KapooManoj,0,2,0.0,2.0
AgyaniPrem,0,1,0.0,1.0
Venky_VK47,0,1,0.0,2.0
Cool_ravi125,0,2,0.0,2.0
cprasadmuz,0,1,0.0,1.0
IM_wat_IM_007,0,4,0.0,5.0
nikes225,0,3,0.0,3.0
Ravikumar181,0,1,0.0,1.0
jaldijaldi4,0,1,0.0,2.0
praveen60644575,0,1,0.0,1.0
Prtattwit,0,2,0.0,2.0
avinashchoubey,1,2,1.0,2.0
df3d8692b4544e2,0,1,0.0,1.0
SanjibKBasu,0,7,0.0,8.0
HariOM7272,0,1,0.0,1.0
GsVishwanathan,0,1,0.0,1.0
gasarma,0,1,0.0,1.0
SadafAs10414390,0,1,0.0,1.0
Swetaank,0,1,0.0,1.0
Kaushik_reddy25,0,1,0.0,1.0
TheekHai11,0,2,0.0,2.0
bnarendra066,0,1,0.0,1.0
dontstageit,0,8,0.0,12.0
TweetinderKaul,5,0,5.0,0.0
Snowflakiezt,1,3,1.0,3.0
ChordiyaPratik,0,2,0.0,2.0
HarshadKharde,0,2,0.0,3.0
sarsquarestudio,0,1,0.0,1.0
TheIndicTweeter,0,1,0.0,1.0
RituDreams,0,1,0.0,1.0
its_akshay_more,0,1,0.0,1.0
ragiing_bull,9,0,9.0,0.0
iamjrc,0,1,0.0,1.0
ggiittiikkaa,3,0,3.0,0.0
Kjunaidahmed,0,1,0.0,1.0
sowathreya,2,0,2.0,0.0
aj_online7,0,1,0.0,1.0
bhaskarsen11,0,5,0.0,9.0
manglik_v,0,1,0.0,1.0
Ravigrover12,0,1,0.0,1.0
FarooqTirmizi,2,1,2.0,1.0
FaheemSayed9,0,4,0.0,4.0
SSBalakrishnan9,1,1,1.0,1.0
thepolicytimes,0,1,0.0,1.0
Aklin2O2O,0,1,0.0,1.0
only_ankitjain,0,1,0.0,1.0
TheAusToday,2,0,2.0,0.0
Sanjay_Dixit,22,0,24.0,0.0
maniknig_indian,0,1,0.0,1.0
3uphoric,0,1,0.0,1.0
thejs210,0,2,0.0,2.0
AmayChoudharyy,0,1,0.0,1.0
maruharish,0,1,0.0,1.0
aviator_baba,1,0,1.0,0.0
KavishSinha,0,1,0.0,1.0
dibakar_s16,0,1,0.0,1.0
SanityVoice,0,3,0.0,3.0
MulajkarManoj,0,3,0.0,3.0
arunvrajkumar,0,2,0.0,2.0
DustDumb,0,3,0.0,3.0
BLRAviation,0,1,0.0,1.0
predictifyoucan,0,2,0.0,2.0
HereIsSamrat,0,1,0.0,1.0
addrkhan,0,4,0.0,4.0
mickydmonster,0,2,0.0,2.0
critcalthinkr,0,1,0.0,1.0
sanjuhsvj,0,2,0.0,2.0
Dev_Fadnavis,162,0,180.0,0.0
Vikashvidrohi1,0,1,0.0,1.0
truemalvesagar,0,1,0.0,1.0
ashiscray,0,1,0.0,2.0
HEMANT16484334,0,2,0.0,2.0
Amir_UVC,0,2,0.0,2.0
RitikaTrehan4,0,1,0.0,1.0
parmarsanjarwas,0,3,0.0,3.0
iiirdi,0,2,0.0,2.0
Ramakri04741149,0,1,0.0,1.0
InAttacking,0,1,0.0,1.0
Lonelywarior,0,1,0.0,1.0
sumitagarwal_IN,0,2,0.0,2.0
hanumadu,0,1,0.0,1.0
Rangolone007,0,1,0.0,1.0
PawanVe86607047,0,1,0.0,1.0
commonman1893,0,1,0.0,1.0
kanhaiyajee18kj,0,3,0.0,3.0
anishmahanta,0,3,0.0,3.0
_aashutosh_,0,2,0.0,3.0
mohamme63753332,0,1,0.0,1.0
Ekamebadwitiyam,0,1,0.0,1.0
Publisector_emp,0,1,0.0,1.0
LolitaAranha,0,1,0.0,1.0
Gillu_Kaliya,0,3,0.0,5.0
hv_heisenberg,0,2,0.0,2.0
sumit81says,0,2,0.0,2.0
samsha111,0,1,0.0,1.0
Vikram885,0,1,0.0,1.0
Sauvoice,0,1,0.0,1.0
SouravN91303922,1,1,1.0,1.0
Padeep52754503,1,2,1.0,2.0
Manoranjan_INC,2,2,2.0,2.0
UJALE__ANSARI,0,2,0.0,2.0
akrathi21,1,0,1.0,0.0
NP_App,1,0,1.0,0.0
pillu1960,0,1,0.0,1.0
kalpanadivith,0,1,0.0,1.0
nishantandrews,0,8,0.0,13.0
sas96553801,0,2,0.0,2.0
AshokKChaturve1,0,1,0.0,1.0
sltukk777,0,1,0.0,1.0
RichardHanania,9,0,9.0,0.0
surendrahegde58,0,1,0.0,1.0
logic_singh,0,1,0.0,1.0
amit30980,0,2,0.0,2.0
Thanjavuur,0,1,0.0,1.0
karthiktvm1990,0,5,0.0,5.0
reachkri,0,2,0.0,2.0
Ronak_The_Boss,0,1,0.0,1.0
Adityakr05,0,1,0.0,1.0
KishanDewasioff,0,1,0.0,1.0
Dpak31Sharma,0,1,0.0,1.0
theshitanshu,0,1,0.0,1.0
SrinuSanapathi8,0,2,0.0,2.0
sudhiragarwal11,0,1,0.0,1.0
arth_live,1,0,1.0,0.0
arora_dileep,0,1,0.0,1.0
vintywal,0,2,0.0,2.0
chitta_r_jena,0,2,0.0,2.0
bhubaneswarlah1,0,3,0.0,3.0
farrumlost,0,2,0.0,3.0
Akshayanath,2,0,2.0,0.0
Tushar72402782,0,3,0.0,3.0
tsinghsidhu,0,1,0.0,1.0
VedantaDharmic,0,1,0.0,1.0
khatriyasourav,0,2,0.0,2.0
SudhirYJadhav,0,2,0.0,3.0
vikranthprasann,0,2,0.0,3.0
Iam_Real_Indian,0,5,0.0,6.0
ProfSukh,6,1,6.0,1.0
KohimaVittal,0,3,0.0,5.0
shashinirvi,0,2,0.0,2.0
_sshankar,0,1,0.0,1.0
kaushalvaghadia,0,1,0.0,1.0
iammanugupta,0,1,0.0,1.0
DrDevTheWater,1,0,1.0,0.0
freedominindia7,0,1,0.0,1.0
VJ_Naidu040,0,2,0.0,2.0
r_ashokchandran,0,2,0.0,2.0
Ganeshganee1,1,1,1.0,1.0
mdimranali315,0,1,0.0,1.0
mads_aries,0,2,0.0,2.0
AjithVlogger,0,3,0.0,3.0
Ravikan86967382,0,1,0.0,1.0
bhavik1377,0,1,0.0,1.0
MPMahendran_INC,1,0,1.0,0.0
SunjayJK,0,2,0.0,2.0
Eskay86246232,0,2,0.0,2.0
RiazChamkani1,0,1,0.0,1.0
Indianpanda69,0,2,0.0,2.0
jitencelio691,0,1,0.0,1.0
shaunpravin,0,2,0.0,2.0
tintinandsnowy7,0,1,0.0,1.0
notworldlywise,0,1,0.0,1.0
iajaychheda,0,3,0.0,3.0
ZeroPointHealer,0,2,0.0,2.0
iamjunaiz,0,6,0.0,9.0
satishjha,1,1,1.0,2.0
imrishiiii,0,1,0.0,1.0
Parveez2786,0,4,0.0,4.0
DharmaSastra_,0,2,0.0,2.0
Ragstargupta3,0,1,0.0,1.0
ketanv,0,1,0.0,1.0
_Ashwatthama_,1,1,1.0,1.0
jalebi9,0,1,0.0,1.0
Flyingjack123,0,1,0.0,1.0
BBChowdhur26959,0,1,0.0,1.0
SonalKukreti,4,0,4.0,0.0
Arunmudaliyar98,0,1,0.0,1.0
SyedHazeena,17,2,17.0,2.0
iamvivekalahari,0,4,0.0,4.0
KT62779984,0,5,0.0,5.0
MumbadeviPraja,0,2,0.0,2.0
CK06011,0,1,0.0,1.0
sbprising,1,2,1.0,2.0
that_liberal1,0,2,0.0,2.0
Arghyajyoti,0,1,0.0,1.0
Narendr66512480,0,1,0.0,1.0
PreetSonpal,0,1,0.0,1.0
GauravMate07,1,1,1.0,1.0
Nagesh_HS,0,2,0.0,3.0
pattaazhy,2,0,2.0,0.0
shrikanth_krish,3,1,3.0,1.0
pradeepkapoor45,1,3,1.0,3.0
rakeshcspeaks,0,1,0.0,1.0
drmkulkarni,0,1,0.0,1.0
Shama_Varun,0,1,0.0,1.0
IndianEraBegins,0,1,0.0,1.0
kash2312,0,1,0.0,1.0
AjayKum57583507,0,3,0.0,3.0
kurinjiboy,0,5,0.0,6.0
kasbel821,0,1,0.0,1.0
Hardism,2,0,2.0,0.0
Indian50121858,0,1,0.0,1.0
pkdjhb,0,1,0.0,1.0
HogiEte6,0,1,0.0,1.0
darthkot97,2,5,2.0,6.0
chaku_soni,0,1,0.0,1.0
prashanthtv,0,1,0.0,1.0
VTbharat,0,1,0.0,1.0
RajivKrishnaS,1,0,2.0,0.0
notgonnatilt,0,2,0.0,2.0
darshanik,0,2,0.0,2.0
SaiKris43198613,0,1,0.0,1.0
REDBOXINDIA,1,0,1.0,0.0
devilsownlawyer,0,2,0.0,2.0
puneet705,0,3,0.0,4.0
skilledimmigrn,0,2,0.0,2.0
LeanderLingam,0,2,0.0,2.0
ians_india,2,1,2.0,1.0
oneview27,0,1,0.0,1.0
shobhasagar,2,5,2.0,5.0
MazMHussain,6,0,6.0,0.0
duniyashadai,0,1,0.0,1.0
joerave,7,5,13.0,10.0
IOTcrypt,0,1,0.0,2.0
Read_NareshK,0,3,0.0,4.0
HyderAli1993,0,2,0.0,2.0
SimplyMayhemMad,0,1,0.0,1.0
Eam865367631,0,1,0.0,1.0
LifeOfThakurJi,0,1,0.0,1.0
InsolubleIndian,0,1,0.0,1.0
LaksshyaAdvani,0,36,0.0,108.0
M_8319,0,1,0.0,1.0
Asif16905598,0,2,0.0,2.0
thearkitekct,0,1,0.0,1.0
NadeemNusrath1,0,1,0.0,1.0
priyul,0,1,0.0,1.0
yogishield,1,1,1.0,1.0
mahesh_dhobale,0,1,0.0,1.0
Jeena_pk,0,1,0.0,1.0
mjeyachandran6,0,2,0.0,2.0
BJPKrishnasagar,0,3,0.0,5.0
PrasunSG,0,3,0.0,3.0
Ramkysvu,0,7,0.0,8.0
manuchaudhari,0,1,0.0,1.0
SankarshanTah,0,1,0.0,1.0
MrinalS08415030,0,1,0.0,1.0
Ram__________1,0,1,0.0,1.0
ravindrakumar46,0,1,0.0,1.0
Fairsquare00,0,3,0.0,3.0
AnkitRajIndia,1,0,1.0,0.0
balvirdee2,0,3,0.0,3.0
RajKarnie,0,2,0.0,2.0
daeroplate_v2,0,2,0.0,2.0
arunk345,0,1,0.0,1.0
Casanjiv1,0,1,0.0,1.0
DerekPederson3,2,0,2.0,0.0
Proton108,0,1,0.0,1.0
AwdheshDube,0,3,0.0,3.0
Prakashplutus,5,0,5.0,0.0
kannavgoyal,0,1,0.0,1.0
navneet_mundhra,2,0,2.0,0.0
tarugoel,0,1,0.0,1.0
ponguru,0,2,0.0,3.0
JoshMathias,0,1,0.0,1.0
iKNOW_Politics,0,1,0.0,1.0
WorldOfAjeet,0,2,0.0,2.0
sudss_14,0,1,0.0,1.0
PR4TWT,0,1,0.0,1.0
AnishSRaman,0,1,0.0,1.0
binnydassi,0,1,0.0,1.0
abhinav_sekhri,0,1,0.0,1.0
Parshur42227357,0,1,0.0,1.0
curesmaindia,0,1,0.0,1.0
ajitbhinder,3,0,4.0,0.0
Er_Jawadmoh,0,3,0.0,3.0
Eagleeye47,0,1,0.0,1.0
Commoner_IND,2,1,2.0,1.0
Michaelmrw,0,1,0.0,1.0
pramodlunia,0,1,0.0,1.0
digutipnis,0,1,0.0,1.0
SagarTandon24,0,1,0.0,1.0
khabale_patil,0,1,0.0,1.0
yogeshmishra__,0,1,0.0,7.0
gpsingh85898312,0,1,0.0,1.0
UnSubtleDesi,42,0,42.0,0.0
CrypticWise,1,0,1.0,0.0
kapilsingal24,0,1,0.0,1.0
mt110e,0,1,0.0,2.0
Shashi81946177,0,1,0.0,1.0
Anuj_Ahalawat,0,3,0.0,3.0
MirzaMullick,1,2,1.0,2.0
abhiishekSharm3,0,1,0.0,1.0
Amarprema2,0,1,0.0,1.0
avadhar1972,3,3,4.0,5.0
Narsimha_dev,1,0,1.0,0.0
KVishReddy,8,1,11.0,1.0
Arunmozhi_Raaja,0,1,0.0,1.0
sk97_tweets,0,5,0.0,8.0
MilindKarnad,0,1,0.0,1.0
jeevavasahan,0,1,0.0,1.0
SaikatdasINC,0,1,0.0,1.0
arulaaron,0,1,0.0,1.0
sonishrivastav5,0,1,0.0,1.0
Raj29699058,0,1,0.0,1.0
sgirjals,0,2,0.0,2.0
DipShyampukur,0,3,0.0,3.0
saurabhpw40,0,1,0.0,1.0
montyyrana,0,4,0.0,4.0
Rajap1983,1,3,1.0,3.0
dhasgk,0,3,0.0,3.0
Jignesh2908,0,1,0.0,1.0
KBhakthal,0,1,0.0,1.0
banjobaj,0,1,0.0,1.0
JangliRaja,0,3,0.0,14.0
jogakhichudi,7,0,7.0,0.0
Yuvraj0587,0,1,0.0,1.0
SUBRAMANIYANS2,0,1,0.0,1.0
tanviabb,0,1,0.0,1.0
HariAME,0,1,0.0,1.0
obcmorcha4tshyd,0,1,0.0,1.0
KovaiSathyan,4,0,14.0,0.0
rvghadwal,0,1,0.0,1.0
thenewsminute,4,0,4.0,0.0
tfarcdrow,0,4,0.0,10.0
Diptesh1258,0,2,0.0,3.0
vandanavats23,0,1,0.0,1.0
whatsright__,0,1,0.0,1.0
twituse,0,1,0.0,1.0
sridhar_unique,0,3,0.0,3.0
karthikeyan_gj,0,1,0.0,1.0
The_WiseIdiot,1,1,1.0,1.0
isreal_india,0,5,0.0,6.0
tikooa,0,1,0.0,1.0
DrMaheshBanda,0,3,0.0,3.0
rajubarthakur,0,1,0.0,1.0
ArunDeshpande20,4,4,8.0,4.0
redefinethearth,0,2,0.0,2.0
_naveenish,0,2,0.0,2.0
Optimist_Chic,1,0,1.0,0.0
RadPoll,0,5,0.0,12.0
NamasteMitro,0,1,0.0,1.0
Patilparagp,0,1,0.0,1.0
BidiptoSarkar,0,1,0.0,1.0
inarayan4u,0,1,0.0,1.0
YashwanthPNaik,0,12,0.0,15.0
saumya_shikhar,2,1,2.0,1.0
kaustavistired,0,1,0.0,1.0
KundanK_,0,1,0.0,1.0
shankysanghi,2,1,2.0,1.0
Autolevel2012,0,1,0.0,1.0
mukeshindia1,0,1,0.0,1.0
sachkebol,0,1,0.0,1.0
Abhishek_Patni,0,3,0.0,3.0
aabbasi56,0,1,0.0,1.0
utsavksingh,0,1,0.0,1.0
me_mrd,0,1,0.0,1.0
Innocentl__umar,0,1,0.0,1.0
PD_DhruvPatel,0,1,0.0,1.0
kiran_chamala,0,3,0.0,3.0
agyeyaAgamya,0,1,0.0,1.0
jose_soja,0,1,0.0,1.0
sangram_sinha,0,1,0.0,1.0
Gouri114,0,1,0.0,1.0
jinutv77,0,1,0.0,1.0
manishsri9,0,1,0.0,1.0
SeekLearnDo,0,1,0.0,1.0
Thakelajagah,0,1,0.0,1.0
sanity360,0,1,0.0,1.0
Sydusm,10,0,11.0,0.0
roarDworld,0,23,0.0,43.0
chiplonkar,0,1,0.0,1.0
imshantanu4u,0,1,0.0,1.0
imrantelegraph,0,1,0.0,1.0
tak_eto122,0,2,0.0,2.0
Prakash_kps76,0,1,0.0,1.0
SurienderKhalsa,0,4,0.0,6.0
GodambeGauri,0,2,0.0,2.0
GudduKasana,1,0,1.0,0.0
WebontheGo,0,4,0.0,4.0
praveengagan,0,1,0.0,1.0
aapoorv25,0,2,0.0,2.0
PrakashjayYadav,0,3,0.0,3.0
indiclogic,1,8,1.0,17.0
Surinder_Sh,0,1,0.0,1.0
RajeevRawat,0,2,0.0,2.0
PKelsikar,0,1,0.0,1.0
Srini2485,0,6,0.0,6.0
KushalDesai16,0,2,0.0,2.0
visit2rajeevInc,0,2,0.0,2.0
Prakash12Joshi,2,1,2.0,1.0
NAYAKHK,1,2,1.0,2.0
SoniaGurnani19,8,3,9.0,9.0
Prakash_Dassc,0,1,0.0,1.0
sreenshri,7,2,8.0,3.0
sachinbeliever1,0,1,0.0,1.0
AParangottu,0,1,0.0,1.0
jay_singhb,0,1,0.0,1.0
arian290360,0,6,0.0,6.0
DGTLSan,0,1,0.0,1.0
fracle,0,1,0.0,1.0
Manishkumar_roy,0,5,0.0,5.0
abhasin1968,0,2,0.0,2.0
LalSing803,0,2,0.0,2.0
rajeevdelhi09,1,1,1.0,1.0
KarthikJannu,0,1,0.0,1.0
SengalXt,0,1,0.0,1.0
FearlessDPSingh,0,7,0.0,8.0
Shivam4universe,0,1,0.0,1.0
Kevinit,0,2,0.0,2.0
cw4t7abs,0,4,0.0,4.0
sanjay_bill,0,1,0.0,1.0
NickBrahm,0,1,0.0,1.0
jeetrambhardwj,0,2,0.0,2.0
Shah_IsKing,0,1,0.0,1.0
omar_raja1,0,1,0.0,1.0
nitinkumar111,0,4,0.0,7.0
Shahrukh_NSUI,0,1,0.0,1.0
vishrut_krishna,0,2,0.0,2.0
KKMMB9,0,2,0.0,2.0
RajIshant14,0,1,0.0,1.0
saffronTigerman,0,2,0.0,2.0
AdvKNMohandas,0,1,0.0,1.0
Deva27mishra98,0,1,0.0,1.0
BhushanKarnik1,0,1,0.0,1.0
satapur,0,22,0.0,25.0
RaynoldNongdha1,0,3,0.0,3.0
ndtyagi1955,1,0,1.0,0.0
PrashantMelb,0,1,0.0,1.0
abhi_13160,0,1,0.0,1.0
Mindzatwork,0,1,0.0,1.0
parwind04385895,0,1,0.0,1.0
digger_ind,0,1,0.0,1.0
Crusader_State,0,1,0.0,1.0
ProfSRK,3,20,3.0,108.0
DhillonVijay,1,0,1.0,0.0
VeteranJeev,0,1,0.0,1.0
SalehHaji22,0,2,0.0,4.0
dewansanjeev,0,2,0.0,3.0
astrosumitbajaj,0,1,0.0,1.0
Skbandi1,0,1,0.0,1.0
ThePlaycardGirl,5,5,5.0,5.0
YoRaRao,0,1,0.0,1.0
sankalpbhaireli,0,1,0.0,1.0
riteshduggu,0,1,0.0,1.0
sundar_dom,1,0,1.0,0.0
UlloorBabu,0,1,0.0,1.0
kingashoka111,0,1,0.0,1.0
CFLHolden,0,1,0.0,1.0
VivekINC03,0,1,0.0,1.0
rpshri,0,1,0.0,1.0
amitshete121,0,1,0.0,1.0
suneeilg62,0,2,0.0,2.0
tyagibirjesh30,1,2,1.0,2.0
rohitmalikfddi,0,2,0.0,2.0
MohdRiz90595819,0,1,0.0,1.0
dheeruidea,0,1,0.0,1.0
manishbg,0,1,0.0,1.0
sk0702,0,2,0.0,2.0
ShreedharMudig3,0,1,0.0,1.0
ChaseAli,0,5,0.0,7.0
speakin83085578,0,1,0.0,1.0
Vshetty22,0,3,0.0,5.0
suchita_p05,0,1,0.0,1.0
AK_DarkHorse,0,1,0.0,1.0
DrBose11,0,1,0.0,1.0
saikrishna2444,0,4,0.0,4.0
JPJoshi1,0,1,0.0,1.0
saurabh53234732,0,1,0.0,1.0
Shreepad_1,0,1,0.0,1.0
divya_16_,6,0,6.0,0.0
LakshmanSagar2,1,2,1.0,2.0
horizonwords,3,4,3.0,6.0
sp271290,0,2,0.0,2.0
narawind,0,3,0.0,5.0
natujaya,0,6,0.0,6.0
raja8sp,0,2,0.0,2.0
cmanash2012,0,1,0.0,1.0
prakasr,0,1,0.0,1.0
HarshKo9510234,0,2,0.0,2.0
harsha85,0,5,0.0,6.0
mmvp2005,3,2,3.0,2.0
Kanilroy3,0,1,0.0,1.0
tmmanju_tm,0,3,0.0,4.0
shindeyash_1503,0,1,0.0,1.0
karanboss11,0,2,0.0,2.0
Chandanhardware,0,1,0.0,1.0
Raj11662,0,1,0.0,2.0
rajmalhotrasid,0,1,0.0,1.0
HelloMightyking,0,1,0.0,1.0
Balachandran209,0,1,0.0,1.0
mohit6207,0,1,0.0,2.0
prathod2008,0,5,0.0,7.0
SaiChouhan410,0,2,0.0,3.0
captstiwari,0,1,0.0,1.0
roteIndischer,0,1,0.0,1.0
suryakane,2,0,2.0,0.0
Hemant9664,0,2,0.0,2.0
Tanuj94491795,0,1,0.0,1.0
rohit_l,0,2,0.0,2.0
rahulbatra1984,0,1,0.0,1.0
VikramBawaBJP,0,1,0.0,1.0
being_INDIAN_11,0,1,0.0,1.0
bluegrapetravel,0,1,0.0,1.0
muzungchimyim,0,2,0.0,2.0
Shashan35750914,0,1,0.0,1.0
RKurmiOfficial,0,1,0.0,1.0
officialiqbal93,0,1,0.0,1.0
mallik1979,0,2,0.0,2.0
SridharDPS,0,3,0.0,6.0
CittiMedia,1,2,1.0,2.0
ChrisPVeg,0,1,0.0,1.0
Devilwearprada0,0,1,0.0,1.0
vikrantdessai,0,1,0.0,1.0
RahulGu74303130,0,1,0.0,1.0
Hewkolmh,0,1,0.0,1.0
anti_corrupt_01,0,1,0.0,1.0
shanulife,0,2,0.0,2.0
suvojitc,1,0,1.0,0.0
Ahmed1Hilal,2,2,2.0,2.0
sunshine_chat,0,2,0.0,2.0
SONUKK1993,0,1,0.0,1.0
hope_tree2010,0,1,0.0,1.0
DwivediNavratan,0,1,0.0,4.0
chhuti_is,9,0,9.0,0.0
p_malavikapatil,0,1,0.0,1.0
pahariidiot,0,1,0.0,1.0
digitalsanghii,1,2,1.0,2.0
_Raghave,0,8,0.0,8.0
prak0102,0,2,0.0,2.0
ThiruMdu,0,1,0.0,1.0
maidros78,3,0,3.0,0.0
AlamTanweer,0,1,0.0,1.0
yodalisque,1,2,1.0,2.0
sunilscyril1,0,1,0.0,1.0
rameshmm3,0,1,0.0,1.0
Niish4n7,0,1,0.0,1.0
moronhumor,5,1,5.0,1.0
RKMukk,0,1,0.0,1.0
AvatarS37610282,0,1,0.0,1.0
praveenjsk,0,1,0.0,1.0
rajpande057,0,1,0.0,1.0
Mustafa_Shammu,0,1,0.0,1.0
KtunaxaAmerika,0,2,0.0,2.0
Vishwan78041334,0,1,0.0,1.0
tarunsoni390,0,1,0.0,1.0
PeacockCongress,0,2,0.0,4.0
Balu_Hethur,0,1,0.0,1.0
dr_sriraviteja,0,1,0.0,1.0
varungrover,5,0,6.0,0.0
real_100rabh,0,1,0.0,1.0
anup071254,3,3,5.0,3.0
maddyGuns,0,1,0.0,1.0
Bugsabee,0,2,0.0,2.0
ericssondeepak,0,1,0.0,1.0
vmpatil26,0,2,0.0,2.0
girnari882,0,1,0.0,1.0
WADHWARAJ,0,1,0.0,1.0
KaushikD20,0,1,0.0,1.0
Farhat57302558,0,2,0.0,2.0
askanilbalan,0,3,0.0,3.0
true__vs__false,0,1,0.0,1.0
naimishdesai22,0,1,0.0,1.0
GosaviPtashant,0,1,0.0,1.0
VansiyaRA,0,1,0.0,1.0
vics_72,0,1,0.0,1.0
AeroAwcs,0,1,0.0,1.0
Ashok_19,2,1,2.0,1.0
RajeevbhandariG,0,5,0.0,5.0
ParvChauhan,1,4,1.0,5.0
hindu_bandhu,0,2,0.0,2.0
mlsrinivas,0,1,0.0,1.0
SahareTrisharan,0,1,0.0,1.0
ArasanEmsai,0,2,0.0,2.0
joBeeGeorgeous,4,0,5.0,0.0
caharibeldona,0,1,0.0,1.0
RajatNath1986,0,2,0.0,2.0
Vikas37940718,0,1,0.0,1.0
arunprasathtwit,0,1,0.0,1.0
KashBne,0,2,0.0,2.0
sriramranga,1,2,1.0,2.0
Pandit_Rathod7,0,1,0.0,1.0
steeve_shyam,0,1,0.0,1.0
bvanand24,0,1,0.0,1.0
LadyVelvet_HFQ,10,1,11.0,1.0
vka_raj,0,1,0.0,1.0
mragank_rastogi,0,2,0.0,2.0
RawatIsSurname,0,2,0.0,2.0
stubsan,0,2,0.0,2.0
SayuriSunkara,0,1,0.0,2.0
surendranarain5,0,1,0.0,1.0
debutda,1,1,1.0,2.0
GarimaJ91566700,0,1,0.0,1.0
KKamboh,0,2,0.0,2.0
Dhoomi_110,0,4,0.0,5.0
dkikan,1,0,1.0,0.0
NileshModi_19,0,1,0.0,1.0
commentatorpost,1,3,3.0,5.0
dipesh_covalent,0,2,0.0,2.0
aseemtakyar9,0,1,0.0,1.0
itxNidsi,0,1,0.0,1.0
insiddiou_s,1,2,1.0,2.0
NiharRanjanCha9,0,1,0.0,1.0
Ashwathama_Chh,0,1,0.0,1.0
pan_sinha,0,2,0.0,2.0
Dkpandey00,0,1,0.0,1.0
ArjunReddyHere,0,1,0.0,1.0
MithySingh,0,1,0.0,1.0
RNagothu,0,1,0.0,1.0
InnerVo22251335,0,1,0.0,2.0
Prashant_J707,0,1,0.0,1.0
mrsinghCricUmp,3,0,6.0,0.0
Arvind_Chand,0,1,0.0,1.0
trexbuffet,1,0,1.0,0.0
SalyhaAley,0,1,0.0,2.0
Anuj93528783,0,1,0.0,1.0
Prashan12804233,0,1,0.0,1.0
padvascular,0,1,0.0,1.0
KishorMisra,0,1,0.0,1.0
CampOcto,0,1,0.0,1.0
baliparvesh,0,1,0.0,1.0
AkhileshAthili,0,2,0.0,2.0
moderateman_doc,0,1,0.0,1.0
RebelloAnil,0,2,0.0,2.0
zeemalkhann,0,1,0.0,1.0
Nru_barmeri,0,1,0.0,1.0
sttalkindia,1,4,1.0,5.0
an_ashwati,0,2,0.0,2.0
IndianPatriot75,0,1,0.0,1.0
santoshlagad1,0,1,0.0,1.0
bhupeshmandal,0,1,0.0,1.0
jkcvk,0,1,0.0,1.0
the_suhas_12,0,1,0.0,2.0
chandanpaatil,0,4,0.0,4.0
AnIndianBoi,0,1,0.0,1.0
prateekhaldipur,0,1,0.0,1.0
HoneySingh7060,0,4,0.0,4.0
vivek_rowmuria,0,1,0.0,1.0
Firezstarter1,1,0,1.0,0.0
AshishK5,0,1,0.0,2.0
jitheshindia,0,1,0.0,1.0
Walialfa,0,2,0.0,2.0
SamitDesai23,0,1,0.0,1.0
MuGong15,0,1,0.0,1.0
wideangle2,0,1,0.0,1.0
arvind_inn,0,1,0.0,1.0
monitwts,0,1,0.0,1.0
RajeshK22160688,0,1,0.0,1.0
creativejain,0,2,0.0,2.0
Shivashukla1977,1,0,1.0,0.0
venkspeaks1,0,2,0.0,4.0
SridharShelat,1,2,1.0,3.0
sanchat48,0,3,0.0,3.0
sammuthu2006,0,3,0.0,6.0
RjamanPandey,0,2,0.0,2.0
AestheticFreak,0,1,0.0,1.0
kingVK71100,0,1,0.0,1.0
bhavikbakshi10,0,2,0.0,2.0
Sonali_tobby,0,1,0.0,1.0
LeLi_MC_hain,0,1,0.0,1.0
proud2babhakt,0,1,0.0,1.0
profpaVarghese,2,0,2.0,0.0
RohitMGaikwad,0,13,0.0,22.0
G_Manojkumar1,0,1,0.0,1.0
rekesh2001,0,2,0.0,2.0
BikkiRai5,0,1,0.0,1.0
Scorpio66645,0,1,0.0,1.0
kaizadghadiali,0,1,0.0,1.0
rvgindia,1,1,1.0,1.0
dmannshahia,1,5,1.0,5.0
ravishahs,0,3,0.0,3.0
bud_anila,0,1,0.0,1.0
amarender2412,1,1,2.0,1.0
InambinishaqAl1,0,1,0.0,1.0
NEELisPREET,0,1,0.0,1.0
Nash9979,0,1,0.0,1.0
peepoye_,1,2,1.0,2.0
iamrijoy,0,1,0.0,1.0
Kalbag_,0,4,0.0,4.0
shaandelhite,24,2,25.0,2.0
nasseraval,0,1,0.0,1.0
DebasisJourno,0,5,0.0,6.0
Bhtkamm,0,1,0.0,1.0
hvrayalala,0,6,0.0,6.0
eyezcreems,0,1,0.0,1.0
venkatcm,0,1,0.0,1.0
umarshervani,0,1,0.0,1.0
_bharatdesh,0,1,0.0,1.0
susheela353,0,1,0.0,1.0
devilofpluto,2,0,2.0,0.0
JAI_MA_BHAGVATI,0,1,0.0,1.0
rpmkarthi,0,3,0.0,3.0
TRampurkar,0,2,0.0,2.0
nitin_nitingarg,0,2,0.0,2.0
ThroneHand,1,0,1.0,0.0
Cas_Spontaneity,0,2,0.0,2.0
vgstp88,0,8,0.0,8.0
congres_progres,0,2,0.0,2.0
DevineniHamsa,1,1,1.0,1.0
BHKspeaks,3,0,3.0,0.0
lallidhillon59,0,2,0.0,2.0
MallikarjunROS,0,5,0.0,9.0
kislaya2000,0,1,0.0,1.0
ganeshsitlani,0,1,0.0,1.0
jaysusri1,0,3,0.0,3.0
rajulgaur_2121,0,1,0.0,1.0
skilled_sheep,0,1,0.0,1.0
DjAjayPiraila,0,1,0.0,1.0
SKR_Orion,0,1,0.0,1.0
BimalRo38855389,0,1,0.0,1.0
N23Abhiram_91,0,1,0.0,1.0
INCVaniyambadi,0,2,0.0,4.0
roofalicious,0,1,0.0,1.0
PKSahajpal,0,2,0.0,2.0
_AMathur,0,1,0.0,1.0
RatanMu33764858,0,2,0.0,2.0
RamRajParty,1,2,2.0,4.0
Brahmastraa126,0,1,0.0,1.0
iArpitSpeaks,1,0,1.0,0.0
Anzal44,0,1,0.0,1.0
IdrisAhmad_47,1,3,1.0,3.0
manvendragaya,0,2,0.0,2.0
NIRMAL9999,0,1,0.0,2.0
Haj23,0,1,0.0,1.0
Hassain_abbu,0,2,0.0,2.0
BasantShiv,0,1,0.0,1.0
ynm1978,0,2,0.0,3.0
drazDeka,0,1,0.0,1.0
ar_inamke,0,3,0.0,3.0
ramansehgal9,0,1,0.0,2.0
TheTiredTruth,0,6,0.0,7.0
Kanishk66911072,0,2,0.0,2.0
G0_Nano,0,1,0.0,1.0
IndiaCritic,0,2,0.0,3.0
Venky_2724,0,1,0.0,1.0
BhuniaSudhamay,0,1,0.0,2.0
sekarsblog,0,1,0.0,1.0
banand84,1,1,1.0,1.0
Abilash_jana,0,2,0.0,2.0
jfksalive,0,1,0.0,1.0
chandan55950707,0,3,0.0,3.0
Srmane20Mane,0,11,0.0,29.0
PMRahul6,0,3,0.0,5.0
sukumar_m,1,0,1.0,0.0
arunjitmanna,0,6,0.0,9.0
bhagwa_speaks,0,1,0.0,1.0
thisis_drgsp,0,4,0.0,4.0
SyanGurpreet,0,1,0.0,1.0
Swann108,0,1,0.0,1.0
ANANDAP70092895,0,1,0.0,1.0
CA_AmishK,0,3,0.0,3.0
CharanR65291970,0,1,0.0,1.0
EarthlingMonk,0,2,0.0,2.0
sovietspacebat,0,2,0.0,2.0
IStupidCitizen,1,4,1.0,4.0
kamalki22275457,0,1,0.0,1.0
Ansh_Tein,0,1,0.0,1.0
IndiaFirst86,0,1,0.0,1.0
TVPadmanabhan1,0,1,0.0,1.0
RajeevN67890427,0,1,0.0,1.0
anilKrushnachan,0,2,0.0,2.0
tanmaywagle,0,1,0.0,1.0
Naresha_g,0,3,0.0,4.0
brahma_n,0,1,0.0,1.0
ptnkant,0,1,0.0,1.0
GeneralMeow61,0,1,0.0,2.0
Bhupend62452172,0,1,0.0,1.0
avijeetkhaitan,1,0,1.0,0.0
nbdas25,0,1,0.0,1.0
ManishK76028559,0,2,0.0,2.0
_Mayank_Mittal,0,1,0.0,1.0
Prasang_4,0,1,0.0,1.0
567Shankar,0,1,0.0,1.0
SinghAbhishek_A,0,3,0.0,3.0
illuminaughtyJK,0,2,0.0,2.0
neerevshah,0,1,0.0,1.0
Bhatt__G,0,1,0.0,1.0
KarunaGopal1,22,0,23.0,0.0
commonmank9,0,1,0.0,1.0
BhageshwarPras9,0,1,0.0,1.0
Syam_747,0,4,0.0,6.0
lokeshschauhan,0,2,0.0,2.0
Wonderthatslife,0,1,0.0,1.0
Shaheer90899407,0,1,0.0,1.0
neeraj2345,0,1,0.0,1.0
SairaRamzan786,0,2,0.0,2.0
ChugleeKhor,0,1,0.0,1.0
rakshith1803,0,2,0.0,2.0
anirudhashok911,0,3,0.0,5.0
SaminINC,0,3,0.0,4.0
DrGarhwal,0,3,0.0,3.0
Anshu_Vats1,0,1,0.0,1.0
draj8910,1,1,1.0,1.0
INCTharoorian,9,3,10.0,9.0
sunil_rupani,0,3,0.0,6.0
GoAsheish,0,1,0.0,1.0
readdfeed,0,2,0.0,2.0
CPARSJ,0,1,0.0,1.0
BearBull99,0,2,0.0,2.0
RajarshiSaman10,0,1,0.0,1.0
ettirankandath,1,2,1.0,2.0
yoursdharm,0,1,0.0,1.0
kalpathyram,0,3,0.0,3.0
anildhar9,0,1,0.0,1.0
Varshapre,0,1,0.0,1.0
iGauravMahajan,0,2,0.0,2.0
bharatvarsh_1,0,1,0.0,1.0
prakashB03,0,1,0.0,1.0
VVIKI_96,0,1,0.0,1.0
ravisheoran,0,6,0.0,6.0
HimalayanSadhvi,0,1,0.0,1.0
umangtyagi2010,0,1,0.0,1.0
Mishtiiiirious,0,1,0.0,1.0
LoveKum03828389,0,1,0.0,1.0
spargles,1,2,1.0,2.0
h_peddeti,0,1,0.0,1.0
anshul__07,0,1,0.0,1.0
GS_patriotic1,0,1,0.0,1.0
ashokrm13,0,1,0.0,1.0
rajpadma,0,1,0.0,1.0
srisailamurty,0,1,0.0,1.0
tweettodinesh,0,1,0.0,1.0
India_Progress,10,3,10.0,6.0
rahulchaturvedl,0,2,0.0,2.0
sriamaravadi,0,1,0.0,1.0
SabyasachiSa,0,1,0.0,1.0
deepak_pawane,0,1,0.0,1.0
govindagopala,0,2,0.0,2.0
neal994_ac,0,1,0.0,1.0
Paul_Koshy,21,0,23.0,0.0
sharadtayal1,0,1,0.0,1.0
nageshmadireddi,0,2,0.0,3.0
_keshav00,0,1,0.0,1.0
Praveenverma78,0,1,0.0,1.0
speechwave,0,1,0.0,1.0
ARJanampalli,0,2,0.0,3.0
Puneetdan,0,1,0.0,1.0
ChetanP_tweets,0,2,0.0,2.0
pravind76,0,2,0.0,2.0
ieMilindreal,0,1,0.0,1.0
humanscare2,0,4,0.0,4.0
gudhapurush,0,1,0.0,1.0
pankajkr120,0,2,0.0,2.0
amitchaudhry1,0,2,0.0,2.0
ManoranjanMedia,1,0,1.0,0.0
aniruddh_v,0,1,0.0,1.0
_SensibleIndian,0,3,0.0,3.0
rajeebose,0,1,0.0,1.0
RJ_1974,0,1,0.0,1.0
ketanmi29666741,0,1,0.0,1.0
mangeshdhaimade,0,4,0.0,4.0
MaskareRakesh,0,2,0.0,2.0
tpmanagement14,0,1,0.0,1.0
SriniWyra,0,2,0.0,3.0
Navneet1305,0,1,0.0,1.0
BASAPPA_D,0,1,0.0,1.0
Ved3110,0,3,0.0,3.0
kumar13072012,0,1,0.0,1.0
SambitP07644769,0,1,0.0,1.0
mydearspock12,1,5,1.0,5.0
theliberaldisco,1,1,1.0,1.0
satishpkpk,0,1,0.0,1.0
akshayalladi,14,8,16.0,9.0
Crchrth,0,1,0.0,1.0
nautankiking,0,1,0.0,1.0
LloydRodr28,0,17,0.0,31.0
shivmani_samrat,0,1,0.0,1.0
viremill,0,1,0.0,1.0
kyuriousmynd,1,0,1.0,0.0
JaganKrishnan,0,1,0.0,1.0
badafanta,0,1,0.0,1.0
haanssa,0,1,0.0,1.0
Tin420Tin,0,2,0.0,3.0
IamShajanSamuel,0,2,0.0,2.0
Ahmedshabbir20,9,0,9.0,0.0
schlagteslinks,2,0,3.0,0.0
veerend04674984,0,1,0.0,1.0
RajeshParikh11,0,2,0.0,2.0
iamdipsi,4,7,5.0,25.0
Akkirulzdworld,0,1,0.0,1.0
arun_kp2,0,1,0.0,1.0
commandur,0,1,0.0,1.0
GautamSeth_INC,1,1,2.0,1.0
Bilal_Don11,0,1,0.0,1.0
kathanayakudu2,0,1,0.0,1.0
bithika11,9,0,9.0,0.0
praveenv88,1,1,1.0,1.0
RajeshROfficial,0,2,0.0,3.0
shobhit_pant,0,1,0.0,1.0
Matakati_Aatma,0,1,0.0,1.0
hemirdesai,2,2,2.0,5.0
uttamgu16246997,0,1,0.0,1.0
manojkjhadu,12,0,12.0,0.0
AbhishekSaket,0,1,0.0,1.0
Suryaanster,0,1,0.0,1.0
lokeshk_agrawal,0,1,0.0,1.0
ShoorVeerKing,1,2,1.0,2.0
baba_bankchor_,0,2,0.0,2.0
VarkalaB,0,1,0.0,1.0
nomadsamir11,0,1,0.0,1.0
shubhku04438279,0,1,0.0,2.0
prasantabjym,0,1,0.0,1.0
RajendranT2,0,2,0.0,2.0
pabitrappanda,0,2,0.0,2.0
KumarVivivini,0,3,0.0,3.0
Ashtalakshmi8,4,0,4.0,0.0
PunterExpert,0,1,0.0,1.0
ManojMo64018094,0,2,0.0,2.0
prajob,0,1,0.0,1.0
doctor_csr,0,3,0.0,4.0
nikhilsyn,0,2,0.0,2.0
VandanaMegastar,1,6,1.0,11.0
FlashT123,0,1,0.0,1.0
WIONSportsNews,1,0,2.0,0.0
kabirakkhas,0,5,0.0,5.0
GovindJee13,0,2,0.0,2.0
ParthoS70210450,0,2,0.0,2.0
ajitr,0,1,0.0,1.0
sbraj1435,0,2,0.0,2.0
sumanth_palepu,0,1,0.0,1.0
tejinder_kalsi,0,2,0.0,2.0
paritosh2608,2,0,2.0,0.0
DrManishKumar1,2,0,3.0,0.0
KumarUnq,0,1,0.0,1.0
docdkm,0,1,0.0,1.0
sarcasticraju,0,2,0.0,2.0
justanything9,0,1,0.0,1.0
BapuplzComeBack,0,2,0.0,2.0
sardesairajdeep,498,0,557.0,0.0
KeshabPaty,1,1,1.0,1.0
Hariindic,9,0,9.0,0.0
archansr,0,3,0.0,3.0
SandeepVIOC,2,3,2.0,3.0
Patriot27167746,0,1,0.0,1.0
deshmukhnaveen,1,0,1.0,0.0
SubtelDharm,0,2,0.0,2.0
MandeepBajwa,8,2,10.0,2.0
atulsinghji,0,1,0.0,1.0
imsasim,0,1,0.0,1.0
mbmclass1990,2,0,2.0,0.0
skylamp38,0,1,0.0,1.0
yagnesh_pandya,0,1,0.0,1.0
Mohamme23223620,0,4,0.0,4.0
hichirag,0,1,0.0,1.0
ashrafnehal19,0,1,0.0,1.0
aze3tzha,0,1,0.0,1.0
raaz_india,0,1,0.0,1.0
PARDEEPSHARMA41,1,1,1.0,1.0
Praveen81381834,0,1,0.0,1.0
thakursujji,0,2,0.0,4.0
ManuSenva,0,1,0.0,1.0
ssurabhee,0,3,0.0,3.0
MyViewsSoChill,0,1,0.0,1.0
jacob3290,0,1,0.0,1.0
pambgm1,0,1,0.0,1.0
Alok_abyss,0,2,0.0,3.0
SriRamya21,4,0,5.0,0.0
MetaDhanesh,0,2,0.0,2.0
PakiArmy2,0,1,0.0,1.0
DIKSHARAJG1,0,1,0.0,1.0
invincibleInd,0,4,0.0,4.0
BAKNAIR1,0,1,0.0,1.0
IWASInstitute,0,1,0.0,1.0
singhshiva1988,0,1,0.0,1.0
saveftp,0,1,0.0,1.0
KinSpared,0,1,0.0,1.0
JAYRAJ2008,0,2,0.0,3.0
supriya_sule,34,0,34.0,0.0
kartbalaji,0,1,0.0,1.0
subhamsenapaty,0,2,0.0,2.0
Aryaniyc,0,1,0.0,1.0
MekaramBishnoi1,0,1,0.0,1.0
VS3190,0,1,0.0,1.0
Bhupendra26,3,15,6.0,30.0
IndiaFi75227536,0,2,0.0,2.0
shaileshdesai19,0,1,0.0,1.0
amitktyagi81,0,1,0.0,1.0
DASHESH1,0,1,0.0,1.0
DreamerRealityy,0,1,0.0,1.0
NarenHBL,0,1,0.0,1.0
VikrantaYadav,0,4,0.0,4.0
sandipsabharwal,3,0,3.0,0.0
invincibleindia,0,3,0.0,3.0
rahulrsa,0,1,0.0,2.0
iamadate,0,1,0.0,1.0
Devashrees,0,1,0.0,1.0
SK58008634,0,1,0.0,1.0
girishchjana,0,1,0.0,1.0
radionews_jammu,0,2,0.0,2.0
Kiccha__ABD,0,1,0.0,1.0
itz_meeeowww,0,1,0.0,1.0
pandurangpai40,0,4,0.0,4.0
Anand_Journ,3,0,3.0,0.0
Iqbal_Hussains,0,1,0.0,1.0
Kcpandey23,0,2,0.0,2.0
ranikhet,3,2,3.0,2.0
AnkurYSharma,0,1,0.0,1.0
adbiswasspeaks,1,2,1.0,2.0
SridharSwiss,0,2,0.0,2.0
Shashik40983107,0,1,0.0,1.0
TusharOdisha,1,2,1.0,2.0
0c9c1391540d488,0,1,0.0,1.0
DINESHSAGARWAL,0,3,0.0,3.0
dnssbc,0,1,0.0,1.0
Rahulmorre,0,1,0.0,1.0
akashreddysunny,0,1,0.0,1.0
bharatjoroyatra,0,1,0.0,1.0
gawinsouza,0,3,0.0,4.0
VakilBharati,0,2,0.0,2.0
1000abdul,0,1,0.0,1.0
Satyaki2018,0,1,0.0,1.0
JothiCj,2,1,2.0,1.0
Parimal15364120,0,1,0.0,1.0
ChiragBahri1,0,3,0.0,3.0
mlasanjaypatil,0,2,0.0,2.0
naresh_kala,0,1,0.0,1.0
Sovi_Indian,0,1,0.0,1.0
nrkrkomal,0,1,0.0,1.0
guardian,20,0,23.0,0.0
DHARMEN47207039,0,4,0.0,5.0
NeerajDeogade,0,1,0.0,1.0
purohit_b,1,1,1.0,1.0
tavleen_singh,55,0,59.0,0.0
elasticrhythm,1,0,1.0,0.0
kingbadanty1,0,2,0.0,2.0
divya_news24,0,2,0.0,2.0
NUVVE_KAVALI,0,2,0.0,2.0
jhasushant,1,1,1.0,1.0
RajRaj747,0,1,0.0,1.0
Fun2sh15,0,3,0.0,3.0
hilalta,0,1,0.0,1.0
DevangS2018,0,1,0.0,1.0
baryannaidu,0,2,0.0,2.0
Toronto_SR,0,1,0.0,1.0
YourVish_,0,1,0.0,1.0
VIJAYKabilan12,0,1,0.0,1.0
somnath1978,10,0,10.0,0.0
ram_kannur,0,1,0.0,1.0
zaidchattha,0,1,0.0,1.0
AntonyArunkumar,0,1,0.0,1.0
achalshah06,11,0,11.0,0.0
NadeemK64360465,0,1,0.0,1.0
Neena50172713,0,1,0.0,1.0
akbarcbe001,0,2,0.0,2.0
vishvabind1,0,1,0.0,1.0
___Adhiraaj___,0,1,0.0,1.0
anindian24,0,1,0.0,1.0
chowpatRaja,0,1,0.0,1.0
ajayxv,0,1,0.0,1.0
PranavS_21,0,1,0.0,1.0
inamsaifi,0,2,0.0,2.0
0408Sandy,0,2,0.0,2.0
NehalGarg8,1,0,1.0,0.0
rangarajbabu,0,1,0.0,2.0
Tim_Clif,8,1,8.0,1.0
Vsas43,0,1,0.0,1.0
JGanguly3,0,1,0.0,1.0
Sanju_Chops,1,4,1.0,5.0
madversity,12,2,12.0,2.0
aloysius8055,0,1,0.0,1.0
ignoredbanda,0,1,0.0,1.0
sapiosexualRIS,0,2,0.0,2.0
YogeshADeshpan1,0,1,0.0,1.0
bankerpro,0,1,0.0,1.0
canucksatya,0,2,0.0,2.0
skthandesh,0,2,0.0,2.0
TheEconomist,13,0,14.0,0.0
COMMONM00765487,0,1,0.0,1.0
MeraBharat_V2,0,2,0.0,3.0
davejay535,0,1,0.0,1.0
Sidd91902935,0,6,0.0,6.0
MAURYADIVAKAR,0,3,0.0,3.0
blrcntrl,0,2,0.0,2.0
IamAmoghG,0,2,0.0,2.0
Abhinav00496293,1,4,1.0,4.0
harbhajan_singh,18,1,21.0,1.0
vky8229,0,2,0.0,2.0
banerjeeraj619,0,1,0.0,1.0
KapdoskarPrasad,0,2,0.0,2.0
SAA2604,0,1,0.0,1.0
AmarHanda1935,0,1,0.0,1.0
VmurthyG,0,1,0.0,1.0
RamChama,1,1,1.0,1.0
SatishCutways,0,1,0.0,1.0
Anunbiasedhuman,0,1,0.0,1.0
yatiraj4545,0,1,0.0,1.0
sunny_mannumood,0,1,0.0,1.0
Vasantshetty75,0,1,0.0,1.0
Phani4196,0,1,0.0,1.0
rahul_dev90,0,2,0.0,2.0
ConsSree,0,1,0.0,1.0
OnlyTRS,1,0,1.0,0.0
InderJeetMalho5,0,1,0.0,1.0
ZakAhamed,0,1,0.0,1.0
breathingindia,0,1,0.0,1.0
0x49fa98,2,2,2.0,2.0
SevadalMHL,0,1,0.0,1.0
aamar_71,0,2,0.0,2.0
el_bakayaro,0,1,0.0,1.0
LeoDGoat,0,1,0.0,1.0
Krishyur_Tweet,0,1,0.0,1.0
B10802694,0,1,0.0,1.0
Gi51886027,0,1,0.0,1.0
I_Shubham1993,1,1,1.0,1.0
WalkofV,5,1,6.0,1.0
eelwebs,0,3,0.0,3.0
ramannmishra,0,1,0.0,2.0
jackass_shit,0,2,0.0,2.0
Ranveer30724222,0,3,0.0,3.0
am_amit14,0,1,0.0,1.0
GourabGhoshRG,1,1,1.0,1.0
PanwarGarrie,0,1,0.0,1.0
amitkambojvlogs,0,2,0.0,2.0
RamanHadavala,0,1,0.0,1.0
VishiEdavan,0,2,0.0,2.0
sense2talk,0,4,0.0,6.0
Mathav56,0,1,0.0,1.0
RathiSanjeev,1,2,1.0,2.0
AyushWINsider,0,1,0.0,1.0
prameshjain12,2,0,31.0,0.0
MaheshK19947757,0,1,0.0,1.0
roshanishenazz,0,1,0.0,1.0
Jayeshngautami,0,1,0.0,1.0
Harshil04629500,0,1,0.0,1.0
AdamSmithMarx1,0,1,0.0,1.0
Nitesh2611,0,1,0.0,1.0
kompanykdb,1,1,1.0,1.0
DDNewsRajasthan,0,1,0.0,1.0
QadeemAgha2,0,1,0.0,1.0
Sathya2215,0,1,0.0,1.0
TheSceptic4,0,1,0.0,1.0
prachiniki,0,1,0.0,1.0
nimaisinha,0,1,0.0,1.0
ps_partha,0,3,0.0,3.0
Debbiecalling,0,2,0.0,2.0
MeenakshiKamat5,0,3,0.0,6.0
akhil24nov,0,2,0.0,2.0
hasantweet84,0,1,0.0,1.0
HarishThyagaraj,0,2,0.0,2.0
DesertWarrior87,0,2,0.0,2.0
Harish_C_K,0,1,0.0,1.0
kkrishna_r11,0,3,0.0,4.0
KDinku,0,10,0.0,10.0
prashanthpai19,0,2,0.0,2.0
kumarj9,1,14,1.0,32.0
Student4_Life,0,1,0.0,1.0
sassimalar,0,1,0.0,1.0
pandeymeenu2306,0,1,0.0,1.0
divyanshunidhi,0,1,0.0,1.0
bhatiarahul73,0,3,0.0,4.0
goenka_a,0,1,0.0,1.0
follow_amj,2,1,2.0,1.0
prashantjm,0,2,0.0,2.0
_sansin_,0,1,0.0,1.0
lata1509,0,1,0.0,1.0
KumarRa09785556,0,6,0.0,6.0
aupadhyaya7,0,2,0.0,2.0
luckysinrajput,0,1,0.0,1.0
Kailash57059662,0,1,0.0,1.0
genuinepranjal,0,1,0.0,1.0
SuhagAShukla,11,0,11.0,0.0
4_5741,0,3,0.0,3.0
SevadalBUNDI,0,1,0.0,1.0
oja_queen,0,1,0.0,1.0
iamvitthalss,0,1,0.0,1.0
bjpamitabh,0,1,0.0,1.0
babacheeta,0,1,0.0,1.0
pratikj06865444,0,1,0.0,3.0
williamfdsouza1,0,1,0.0,1.0
hatefreeworldX,9,6,9.0,7.0
BrMsdkarth,0,1,0.0,1.0
jana_pehchana,0,3,0.0,3.0
srikuttanmural2,0,1,0.0,1.0
Shruthi26342848,2,1,2.0,1.0
VaasuSrinivasan,0,2,0.0,2.0
Dewal1984,0,1,0.0,1.0
RohanBhade,0,2,0.0,2.0
shubham30624783,0,2,0.0,2.0
John_Kings45260,1,1,1.0,1.0
Prem_Kumar912,0,2,0.0,2.0
Pran_0,0,1,0.0,2.0
VinayMutt,0,1,0.0,1.0
bharatbjain,0,1,0.0,1.0
arungupta82,0,2,0.0,2.0
ani_lather,0,1,0.0,1.0
IndiaKravMaga,0,2,0.0,2.0
anshul_aliganj,2,0,2.0,0.0
heritageimpex,0,1,0.0,1.0
Muhamma40593091,0,2,0.0,2.0
iBharatbhushan,0,1,0.0,1.0
AnjanKant,0,2,0.0,2.0
ty_0_ny,0,4,0.0,4.0
RahulEaswar,13,0,17.0,0.0
RinkooJayanth,0,1,0.0,1.0
MumbaiWakeUp1,0,1,0.0,1.0
Apekshasm,0,2,0.0,2.0
techsnlife,0,1,0.0,1.0
PatilPly,0,1,0.0,1.0
Indianhumann,0,1,0.0,1.0
TheRajanMishr,0,1,0.0,1.0
Crhistbazkill,0,1,0.0,1.0
1RAJAGOPAL,0,1,0.0,1.0
MukeshPathakji,0,2,0.0,2.0
pusing27,3,0,3.0,0.0
GemGemGenie,0,2,0.0,2.0
NoCodeMarketer,0,1,0.0,1.0
_mishra_preeti,0,3,0.0,3.0
ChamanBharti,0,1,0.0,1.0
IndiiYogi,0,1,0.0,1.0
Ramabhakthan,0,1,0.0,1.0
Trevornoah12345,1,2,2.0,2.0
AjaySarin2110,0,2,0.0,2.0
mohanh20,0,4,0.0,4.0
walker61582,0,2,0.0,2.0
J_MSharma,0,1,0.0,1.0
AJ_093,0,1,0.0,1.0
raomeenakshi7,0,2,0.0,3.0
ShreePani45,0,1,0.0,1.0
susheel_212,0,1,0.0,1.0
Anshul991,0,2,0.0,2.0
arhjnarain11,0,1,0.0,1.0
mizanrsharif,0,3,0.0,3.0
zahacktanvir,12,0,14.0,0.0
PalshikarSuhas,3,1,3.0,1.0
renessatraders,0,1,0.0,1.0
JaiShri86360675,0,5,0.0,5.0
Sonu69249048,0,3,0.0,3.0
aanandsg,0,2,0.0,2.0
rupak17,0,1,0.0,1.0
orfonline,2,0,2.0,0.0
INC_KONARKKD,0,2,0.0,9.0
IndianSoul22,0,2,0.0,2.0
gurudutt19,0,1,0.0,1.0
NishanPaudel20,0,1,0.0,1.0
DrMBA1,0,1,0.0,1.0
wokeflix_,3,0,3.0,0.0
tanxbis,0,2,0.0,2.0
Manojkumar7172,0,1,0.0,2.0
PhaniBh29348097,0,1,0.0,1.0
soumyakantibera,0,1,0.0,1.0
PremK_Thakur72,0,1,0.0,1.0
BandeKhuda,0,1,0.0,1.0
Spprama,0,1,0.0,1.0
Hussain_is_h3re,0,1,0.0,1.0
mayurpawar12,0,1,0.0,1.0
Srisht_J,0,1,0.0,1.0
_Amused_Indian,1,6,1.0,9.0
AnilKum74935518,0,1,0.0,1.0
True_Indian47,0,1,0.0,1.0
roopeshtiwari7,1,1,1.0,1.0
RakeshMalhotra,0,2,0.0,2.0
0mNam0,1,1,1.0,1.0
Adilkha03336464,0,1,0.0,1.0
alekskoruthu,0,1,0.0,1.0
Adityaj35286240,0,1,0.0,1.0
VIKAS68081920,0,1,0.0,1.0
Q7Niki,0,1,0.0,1.0
singh_awar,0,1,0.0,1.0
_panwargajendra,0,1,0.0,1.0
AdhaPao,0,2,0.0,2.0
Anithaj28,0,4,0.0,4.0
atheistbuthindu,0,2,0.0,2.0
rahul_dabbeta,0,1,0.0,1.0
shashibhushang9,0,1,0.0,1.0
IamNRGe,0,1,0.0,1.0
NassarK56755576,0,1,0.0,1.0
Joheb22,0,1,0.0,1.0
sankrant,7,0,9.0,0.0
hasanmahmudul15,0,1,0.0,1.0
HarmeetJolly1,0,3,0.0,9.0
js_kool,0,3,0.0,3.0
BrightSaffron,0,1,0.0,1.0
vipulvalaki182,0,1,0.0,1.0
Kalyani125lakhe,0,1,0.0,1.0
SMKumar74,0,2,0.0,2.0
AshishSinghLIVE,4,2,8.0,3.0
PassionForNews,0,12,0.0,13.0
Jevin33721414,1,0,1.0,0.0
AnuragT28835997,0,1,0.0,1.0
Dundara_jodhpur,0,1,0.0,1.0
GKG_cornerstone,0,1,0.0,1.0
amit_trigun,0,1,0.0,1.0
Vikas86729045,0,7,0.0,8.0
monsakkunhan,0,1,0.0,1.0
SurabhiHom,0,1,0.0,1.0
DurjyodhanDala1,0,1,0.0,1.0
CLSharm85991977,0,4,0.0,4.0
AkshyaSinghvi,0,1,0.0,1.0
sidhant,37,0,37.0,0.0
Arun171771,0,1,0.0,1.0
Desi_Insaan,0,2,0.0,2.0
Rajantweets_,0,1,0.0,1.0
regang81,0,1,0.0,1.0
MahankaliSri,0,1,0.0,1.0
Shalimartowns,0,1,0.0,1.0
sunilsuri4bjp,0,1,0.0,3.0
KiritMShah,0,2,0.0,2.0
kailashctc,0,1,0.0,1.0
peruguprem,0,3,0.0,3.0
Brajesh96225872,0,1,0.0,1.0
s_mahantare,0,2,0.0,2.0
parmar_lalsingh,0,1,0.0,1.0
neelu_pravesh,0,1,0.0,1.0
Prathit21,0,1,0.0,1.0
agarwal_r,0,2,0.0,2.0
HiteshAwasthi20,0,3,0.0,3.0
DeepakMishraUp,0,1,0.0,2.0
imlakshmeesh,0,2,0.0,2.0
abid_hussain,0,3,0.0,3.0
Sudeep__Sinha,0,2,0.0,5.0
DhruvSSethi,0,1,0.0,1.0
5innominato,0,1,0.0,1.0
un_arth,0,1,0.0,1.0
murali_rade,0,1,0.0,1.0
1Patelzuber,1,2,1.0,3.0
Amrutha_Pagad,0,3,0.0,3.0
umita59,0,2,0.0,2.0
Dhanush_Arun_,0,1,0.0,1.0
OrgMunch69,0,11,0.0,11.0
riachops,1,0,1.0,0.0
prereligionman,0,1,0.0,1.0
R_ASunil,0,1,0.0,1.0
MayankMohata18,0,1,0.0,1.0
cheez_m,0,1,0.0,1.0
sachinrtfan,0,1,0.0,1.0
hithopadhesha,0,1,0.0,1.0
dhineshrodi,2,1,2.0,1.0
kavita_krishnan,10,0,10.0,0.0
Richanjgd,0,2,0.0,2.0
AnilMah43898686,0,1,0.0,1.0
Rahul_ydv19,0,1,0.0,1.0
HariOmT30,0,1,0.0,1.0
rajgopalnb,1,1,1.0,1.0
thepraneetc23,0,2,0.0,2.0
kjsingh2,2,0,2.0,0.0
GoswamiASandee1,0,4,0.0,6.0
vinod_nannaware,0,1,0.0,1.0
versubh2020,0,2,0.0,3.0
Vishleshak_1,0,1,0.0,1.0
SanjeetR1966,0,1,0.0,1.0
AshokTetarbe,0,1,0.0,1.0
satyavadin,0,6,0.0,17.0
lechattoss,0,1,0.0,1.0
Samjudit,0,3,0.0,3.0
SreedharBevara,0,1,0.0,1.0
WilfredQuadros1,18,0,19.0,0.0
sahilkansal92,0,1,0.0,1.0
DrAshishPradhan,2,2,2.0,2.0
JehrilaTeer,0,1,0.0,1.0
sandip_ray,0,2,0.0,2.0
uhmanhi,0,2,0.0,2.0
Deejay39265513,0,1,0.0,1.0
ThoThoLogyTribe,0,1,0.0,1.0
chamundaju,0,1,0.0,1.0
iamTapanPandya,0,10,0.0,28.0
Starboy2079,24,0,26.0,0.0
GPK365,0,1,0.0,1.0
AtmanRanjit,0,1,0.0,1.0
Shehzad89,2,1,2.0,1.0
SinglaAjit,0,1,0.0,1.0
Imnotliberal,0,1,0.0,1.0
GuideforAll,1,2,2.0,2.0
NitinP42,0,1,0.0,1.0
harawal_malik,0,3,0.0,3.0
amitranjanroy,0,2,0.0,2.0
SONUPINKOO,0,3,0.0,4.0
ajjubloom,0,3,0.0,3.0
rkbahuja,0,1,0.0,1.0
crescendo2001,0,1,0.0,1.0
BrijMohanBhama,1,0,1.0,0.0
ashikshetty333,0,1,0.0,1.0
saurabhrosan,0,1,0.0,1.0
MattooAshish,0,1,0.0,1.0
Rogerdo92124473,0,1,0.0,1.0
BhaiModi,0,4,0.0,5.0
ArtiSharma001,5,1,5.0,1.0
cmsisthebest,0,1,0.0,1.0
singh_drmanisha,0,1,0.0,1.0
Subbu7690,0,1,0.0,1.0
chanvishwan,0,3,0.0,4.0
ChetanK12263613,0,1,0.0,1.0
DiscAmit,0,1,0.0,1.0
avinashk07,0,2,0.0,2.0
NavKahlon19,0,3,0.0,3.0
ArunrajeJ,0,2,0.0,2.0
SubramanianRsv,0,1,0.0,1.0
SarahLGates1,12,1,13.0,1.0
AtuLKumaar_,0,1,0.0,1.0
outburstindia,0,7,0.0,10.0
pugalventhan_91,1,1,2.0,1.0
SinghaiRation,0,1,0.0,1.0
SambhrantMahila,1,0,1.0,0.0
RohitMu91645791,0,7,0.0,9.0
MBoseofficial,0,1,0.0,1.0
durgeshrk_,0,1,0.0,1.0
patelparth1993,0,1,0.0,1.0
kalpitk1,0,6,0.0,7.0
Ahirhiren999,0,1,0.0,1.0
aussankar,0,1,0.0,3.0
kcsnb,0,1,0.0,1.0
allanwalter,0,1,0.0,1.0
Samridd24534755,0,1,0.0,1.0
andysept6,0,1,0.0,1.0
vargheseKgeorge,2,1,2.0,1.0
justcurious00,0,1,0.0,1.0
bharathkumardk,0,1,0.0,1.0
Jamwal271,0,1,0.0,1.0
ArvindYayawar,0,3,0.0,4.0
KalyugVsKalki,0,1,0.0,1.0
KartikeyaBatra,0,1,0.0,2.0
LakshadweepCon1,0,1,0.0,1.0
SAURABH26626166,1,0,1.0,0.0
nmishra75,0,3,0.0,3.0
sachin_kable,0,1,0.0,1.0
gupta_shubham04,0,1,0.0,1.0
Sarthakvikas,0,1,0.0,1.0
RoadHound,1,2,1.0,2.0
Bestum_best,1,0,1.0,0.0
gautam7124,0,1,0.0,1.0
RD_justRD,0,3,0.0,3.0
wrong1prime,0,3,0.0,3.0
KCLall,0,10,0.0,12.0
VinaySudivinay,0,2,0.0,2.0
haajii99,0,1,0.0,1.0
Sonikasinha3,0,1,0.0,1.0
AnshumanSail,22,0,22.0,0.0
borpu2,0,1,0.0,1.0
ram_tiwari_,0,1,0.0,1.0
yogesh_krsn,0,1,0.0,1.0
nileshmaheshtha,0,1,0.0,1.0
dr_rajeevsharma,0,1,0.0,1.0
tamilsWantHindi,0,2,0.0,2.0
KumarReddyCH,0,4,0.0,9.0
NilotpalMukher6,4,1,4.0,1.0
AnandsahuIndia,0,1,0.0,1.0
pManikchand,0,1,0.0,1.0
supreetshukla,0,4,0.0,4.0
Divya_India_ask,0,1,0.0,1.0
Moazzam12858941,0,1,0.0,1.0
somitmakar,0,3,0.0,3.0
harigoyalcanada,0,1,0.0,1.0
wisdom_stoic,0,2,0.0,3.0
AJkingmakerAJk1,0,1,0.0,1.0
ProfessorOnCL,0,1,0.0,1.0
sanketcp,0,2,0.0,2.0
MAYANKSAURAV4,0,1,0.0,1.0
aradhanadmisra,0,2,0.0,2.0
PoorEngineer000,0,4,0.0,4.0
mehr_agarwal,0,1,0.0,1.0
Covi1979749381,5,0,6.0,0.0
commonman2025,0,2,0.0,2.0
SATISHM91,0,1,0.0,1.0
Indian199413,0,1,0.0,1.0
ananthabhargava,0,1,0.0,1.0
AbdurRahman_IPS,0,1,0.0,1.0
Shabu38103470,0,2,0.0,3.0
nileshbh1,0,2,0.0,2.0
sukanyaiyer2,3,0,15.0,0.0
pavankumar04,0,1,0.0,1.0
itsmeKNR,2,1,2.0,1.0
SyedMKamal4,0,2,0.0,2.0
RepresentWatch,0,1,0.0,1.0
MyNameIsSSG,0,1,0.0,1.0
AdiYoghi,0,1,0.0,1.0
ShivamJ24,4,6,4.0,6.0
AadilBelimIO,1,1,1.0,1.0
FotoKollect,0,1,0.0,1.0
kamaljeet0255,0,1,0.0,1.0
KishorMunot,0,2,0.0,2.0
HowardRoark25,0,7,0.0,8.0
laxmina08495619,0,1,0.0,1.0
am_congressie,1,0,1.0,0.0
triton_v,1,0,1.0,0.0
Ragfreewill,0,1,0.0,1.0
18_MehulR,0,3,0.0,3.0
Mrutyun20555459,0,1,0.0,1.0
Divakar230621,0,1,0.0,1.0
Poojamadan17,0,1,0.0,1.0
krchandan,0,3,0.0,6.0
liesofhermit,1,2,1.0,2.0
FWACorruption,1,0,1.0,0.0
RandhawaAshish,0,1,0.0,1.0
WestlandBooks,1,1,2.0,1.0
mohamed_ak7,0,1,0.0,1.0
sandeeptyagiBJN,0,1,0.0,1.0
VOAStevenson,0,1,0.0,1.0
capitalism28,0,1,0.0,1.0
vivekk17,0,1,0.0,1.0
banegothemer,0,1,0.0,1.0
NamithaRao20,0,1,0.0,1.0
sujithpg74,0,1,0.0,1.0
iniveshyadav,0,1,0.0,1.0
speakingtiger14,0,1,0.0,1.0
Dhaval_prembhai,0,1,0.0,1.0
mirzaaaamir,0,1,0.0,1.0
nath_nagendra,0,1,0.0,1.0
ErRajkumarMeena,0,3,0.0,3.0
KakasahebBadami,0,7,0.0,16.0
AbidMomin313,0,1,0.0,1.0
ksidnami,0,1,0.0,1.0
af1c10nad0,1,0,1.0,0.0
Ready2101,0,1,0.0,1.0
aa_rkt,0,1,0.0,1.0
Divakarmane,0,2,0.0,2.0
ashoks1912,0,1,0.0,1.0
cqc_coffee_guns,0,3,0.0,3.0
devoo2008a,1,0,1.0,0.0
Gaur1982,0,1,0.0,1.0
MaggiLove12,0,2,0.0,2.0
VVashee,0,1,0.0,1.0
plutotrainings1,0,1,0.0,1.0
bhavikoza_,0,1,0.0,1.0
Amit_knc,0,2,0.0,2.0
RaiArvind2,0,1,0.0,1.0
hitesh1486,0,2,0.0,2.0
VipinVaid93,0,2,0.0,2.0
jabalmumtaz,0,1,0.0,1.0
mahi_navya,0,1,0.0,1.0
shauviks_space,0,3,0.0,3.0
bharat_putri,0,5,0.0,5.0
Nirvana4lif8,0,1,0.0,1.0
guptaunknown0,0,1,0.0,1.0
gaur_anubhuti,1,1,2.0,1.0
KumarExclusive,1,1,1.0,1.0
Shakeel_Here,1,0,1.0,0.0
sameer_cb,0,1,0.0,1.0
Pra_kn,0,1,0.0,1.0
venu_gopal_m,0,1,0.0,1.0
Suyashbakliwal,0,3,0.0,4.0
Toshanghosh,0,1,0.0,1.0
AnnuKumarSaini1,0,1,0.0,1.0
SAMVAD_India,0,1,0.0,1.0
Akanksh81816715,0,1,0.0,1.0
Bhavesh77212356,0,2,0.0,2.0
Malolan05,0,1,0.0,1.0
Pooja45119527,0,1,0.0,1.0
jineshsheth301,0,1,0.0,1.0
bebaak__bol,0,2,0.0,8.0
roushan_narayan,0,2,0.0,2.0
faiz_sgp,0,1,0.0,1.0
jspatial1,0,2,0.0,2.0
SaintIGNUtius,1,0,1.0,0.0
Somshuk31029356,0,1,0.0,1.0
KumaraguruK14,0,3,0.0,3.0
abhaycanim,0,2,0.0,2.0
Krishna03871696,0,4,0.0,5.0
PIB_India,41,0,47.0,0.0
indian_1212,0,1,0.0,1.0
lettercaffee,0,4,0.0,4.0
bikashkumar64,0,1,0.0,1.0
inda_chaand,0,1,0.0,1.0
Narayanan214,0,1,0.0,1.0
bhargavk41,0,3,0.0,4.0
utkalkm,1,3,1.0,6.0
Nishesho,0,1,0.0,1.0
iamankur21,0,3,0.0,3.0
ShivSHA68940360,0,1,0.0,1.0
mukeshsinghin,0,2,0.0,2.0
MuslimMirror,2,0,2.0,0.0
Sanjay51644779,0,1,0.0,1.0
ranjan1121,0,1,0.0,1.0
BoozyBoy123,0,1,0.0,1.0
syedn_hussain,1,0,1.0,0.0
thekamaljain,0,2,0.0,2.0
kp_tushar,0,1,0.0,1.0
Amit_IND_85,0,1,0.0,1.0
bhadrashetty,0,2,0.0,2.0
zindagibassapni,0,6,0.0,6.0
SaiKumarRyakkam,0,1,0.0,1.0
ramanmann1974,7,0,7.0,0.0
vijayshan,5,0,6.0,0.0
zaidrishard,0,1,0.0,1.0
deb_rajeev,0,1,0.0,1.0
iRajivRanjan,0,1,0.0,1.0
RangamT,1,3,1.0,3.0
TweetsBrock,0,1,0.0,1.0
jaydiprathod_,0,1,0.0,1.0
manshukl,0,1,0.0,1.0
iamankit22,0,1,0.0,1.0
iamchandru_,0,4,0.0,5.0
hpleo14,0,2,0.0,2.0
fareed2060,0,1,0.0,1.0
mohankayasath02,0,3,0.0,3.0
SquareGas,1,0,1.0,0.0
S_Rehman_,0,1,0.0,1.0
KamaruNahas,0,2,0.0,2.0
MindCrush77,0,1,0.0,1.0
mvrckp2,0,2,0.0,2.0
EnglishAugust16,0,1,0.0,1.0
niloymahir,0,1,0.0,1.0
kkumarthakur,0,1,0.0,1.0
AKpathan07,0,1,0.0,1.0
BinayGoyal,0,1,0.0,1.0
yashk007,0,2,0.0,2.0
jaigreat555,0,2,0.0,2.0
AByduvalli,1,1,2.0,1.0
Rahul0711_,0,1,0.0,1.0
Bhupend73349872,0,5,0.0,5.0
urs_shaan,0,1,0.0,1.0
Guptaji63683801,0,2,0.0,2.0
surbhimittal21,0,1,0.0,1.0
factsentience,0,1,0.0,1.0
VipulPatel__,0,2,0.0,2.0
TheAeroStar,0,2,0.0,2.0
jigs237,0,1,0.0,1.0
dharmvir_9,1,1,1.0,1.0
quixotesque,0,1,0.0,1.0
rajivgandhi10,0,6,0.0,6.0
SaffronDelhite,1,0,1.0,0.0
Ravish75939890,0,3,0.0,3.0
Humanbeing863,0,2,0.0,2.0
mairal,9,2,10.0,2.0
Su_MoBhakt,0,1,0.0,1.0
AB_Mayrastra,0,2,0.0,2.0
squareturn,0,1,0.0,1.0
rraina1481,0,1,0.0,1.0
seethakkaMLA,2,5,2.0,5.0
Indian_2323,0,2,0.0,2.0
myequity1988,0,1,0.0,1.0
JaiShivaji2900,0,3,0.0,3.0
pratikp1313,0,1,0.0,1.0
ashishraval,0,1,0.0,1.0
Jithukrm,0,2,0.0,3.0
kbssidhu1961,1,0,1.0,0.0
crazyviraltrend,0,1,0.0,2.0
azw____,0,1,0.0,1.0
Anukul_Behera,0,2,0.0,2.0
iamkaustavbhatt,0,1,0.0,1.0
Furmissileaxel,0,2,0.0,2.0
RashmiDVS,14,0,14.0,0.0
HemuDoshi,0,2,0.0,2.0
Tavysingh,3,4,3.0,7.0
kitsharma,1,1,1.0,1.0
CitizenofNewIn1,0,1,0.0,1.0
ItsVinayRaj,0,4,0.0,4.0
Itiknowsbetter,0,1,0.0,1.0
RoyAranha,0,1,0.0,1.0
waris_masih,0,4,0.0,5.0
Bhavya802,0,1,0.0,1.0
HaldharBaby,0,1,0.0,1.0
AdvaitaKala,6,1,7.0,1.0
abhishekt2308,0,1,0.0,1.0
srivatsabm,0,1,0.0,1.0
MudrasRajesh,0,2,0.0,2.0
GuruSutanu,1,2,1.0,2.0
yuvRaj_chavan31,0,1,0.0,1.0
Ayalraju,1,1,1.0,1.0
logical201280,0,1,0.0,1.0
_JamesSpace,0,1,0.0,1.0
PK_SUMESH_PK,0,1,0.0,1.0
mohsin2908,1,5,1.0,6.0
RahulTi16570056,0,1,0.0,1.0
iTheHealer,0,1,0.0,1.0
adayalk,0,1,0.0,1.0
Priyans30428157,0,1,0.0,1.0
RajendraVelhe,1,1,1.0,1.0
peppersprae,0,1,0.0,1.0
SMehdudia,0,1,0.0,1.0
AshokSelvaashok,0,2,0.0,2.0
imChikku_,1,0,1.0,0.0
ali_syedd,0,1,0.0,1.0
Saketbhoir,0,5,0.0,5.0
Footballdrugs,0,2,0.0,3.0
wanderingalfie2,5,5,5.0,6.0
SahilKu06742800,1,1,1.0,1.0
TSP4India,2,0,2.0,0.0
ShklDeepak,0,2,0.0,2.0
NehalBdkr,0,1,0.0,1.0
MKrishnaKashmir,0,1,0.0,1.0
kaafi_filmy,0,1,0.0,1.0
LabiaMajora7,0,1,0.0,1.0
koalr2307,0,2,0.0,2.0
PrithwiofGauda,0,1,0.0,1.0
rajnishakki,0,1,0.0,1.0
HarshithMahadz,0,1,0.0,1.0
ckarunkumar,1,0,1.0,0.0
HeySeeta,0,1,0.0,1.0
SanUvacha,2,0,2.0,0.0
rajveer34567,0,4,0.0,6.0
GeeKayTalks,0,1,0.0,1.0
IndiaExplained,8,1,8.0,1.0
harik05061954,0,2,0.0,2.0
jaankiii_,0,3,0.0,3.0
tweetsrahulsg,0,1,0.0,1.0
kyasceneyar,0,1,0.0,1.0
DipanJan_Mishuk,0,1,0.0,1.0
Rajkuma40335569,0,1,0.0,1.0
iamamenon,1,0,1.0,0.0
Drsinglasangrur,0,1,0.0,1.0
invalidCitizen,0,1,0.0,1.0
the_commislayer,0,1,0.0,1.0
15f0ce466fa24c9,0,2,0.0,2.0
keertha60834431,0,1,0.0,1.0
shikharrgaur191,0,1,0.0,1.0
AbhishekDenver,0,2,0.0,2.0
onlynishank,0,2,0.0,2.0
the_wings_2002,0,1,0.0,1.0
dinbag,0,1,0.0,1.0
curiosityguy202,0,1,0.0,1.0
BobbySaluja1,0,1,0.0,1.0
ErAnilrpatel,0,1,0.0,1.0
imVaquar,0,4,0.0,5.0
nagrikfirst,0,1,0.0,1.0
KalingaWiseman,0,1,0.0,1.0
yogivimal,7,3,12.0,3.0
CHAMANRAINA,0,2,0.0,2.0
ParasJuneja_AAP,0,1,0.0,1.0
Bharthiya1947,0,1,0.0,1.0
AsYouNotWish,40,0,40.0,0.0
thefussygeek,0,1,0.0,1.0
SachinIndia5,0,6,0.0,6.0
mr_yashal,0,1,0.0,1.0
askalespeaks,0,1,0.0,1.0
qamanoj,0,1,0.0,1.0
CaptAssamRegt,0,14,0.0,22.0
guru__ghantaal,0,1,0.0,1.0
ronyn123,0,1,0.0,1.0
braham_shakti,0,1,0.0,1.0
Gshashanksharma,0,1,0.0,1.0
inareshkumbhani,0,1,0.0,1.0
deepanshu0512,0,1,0.0,1.0
BeniwalSanta,1,1,1.0,1.0
KishoreAvala,0,1,0.0,1.0
abhinavbillaiya,0,3,0.0,4.0
imanishs76,0,1,0.0,1.0
rose_k01,23,0,23.0,0.0
ckmallik3484,0,1,0.0,1.0
iGrouchoMarxist,0,1,0.0,1.0
navinbhard,0,1,0.0,1.0
Infinite_Void29,1,0,1.0,0.0
AnanthKkv,0,1,0.0,1.0
Yuvrajdubey,0,1,0.0,1.0
politicsaawaz,0,3,0.0,3.0
MailmeHoysala,1,1,1.0,1.0
JustnEqual4all,0,1,0.0,1.0
viki_im,0,5,0.0,8.0
nirmalaTN,1,2,1.0,2.0
Suddi1974,1,2,1.0,2.0
KangMalvinder,2,1,2.0,2.0
senthilkthangar,0,1,0.0,1.0
BiharPolitics,0,1,0.0,1.0
amar1981jha,0,2,0.0,2.0
AshishPadr,0,1,0.0,1.0
ReignsDebashis,0,1,0.0,1.0
PrReleaseWatch,0,1,0.0,1.0
PronabKumarDas4,0,1,0.0,1.0
MarwariJat,0,1,0.0,1.0
BetterCallSidd,0,1,0.0,1.0
Hello_lonliness,1,0,1.0,0.0
imsafiahmed,0,2,0.0,2.0
sky123bk,0,1,0.0,1.0
karunamg,0,1,0.0,1.0
raja8782,0,1,0.0,1.0
faida_india,0,5,0.0,5.0
ManilalsOffice,0,2,0.0,2.0
muskanku91,0,1,0.0,1.0
shai1esh,0,3,0.0,3.0
Mrityun00000034,0,1,0.0,1.0
RISHIUMEHTA,0,1,0.0,1.0
VishalDadlani,24,0,25.0,0.0
Raj006,0,1,0.0,1.0
shah_ka_pankha,0,1,0.0,1.0
MandarrSpeaks,0,1,0.0,1.0
GhoshBoren,0,1,0.0,1.0
Gharudan_2015,0,1,0.0,1.0
dogbeee1,1,1,1.0,1.0
AbMohanty858,0,3,0.0,7.0
IamVi_P,0,2,0.0,2.0
anniyannn,0,1,0.0,1.0
thelyingindian,0,2,0.0,2.0
mychoicemypoll,0,2,0.0,2.0
iamnayan30,0,1,0.0,1.0
TheMaleficiant,3,2,3.0,2.0
NiharDe58418044,0,1,0.0,1.0
chetangurjar17,0,2,0.0,2.0
jaydevvpatel,0,2,0.0,2.0
tatkare_sanjay,0,1,0.0,1.0
Amit___97,0,1,0.0,1.0
Jyotipr6,0,1,0.0,1.0
Harshad90341352,0,1,0.0,1.0
sunilgadavi,0,3,0.0,4.0
Chanakya_007,0,1,0.0,1.0
vramanx,0,1,0.0,1.0
likender,0,2,0.0,2.0
SydZainRaza,2,1,2.0,1.0
ShahabJafri55,1,2,1.0,2.0
Akhiles69156823,0,1,0.0,2.0
BhavikBhavsar52,0,2,0.0,2.0
khanarif77,0,1,0.0,1.0
ShivaaniKTalwar,0,8,0.0,9.0
jigarkachallaa,0,1,0.0,1.0
vzamare,0,1,0.0,1.0
Soubhaginii,0,1,0.0,1.0
SushilAgg52,0,2,0.0,2.0
19Sourav,1,1,1.0,1.0
DaWinningBattle,0,2,0.0,2.0
Prashanthbmw,0,3,0.0,3.0
Ganeshn9598,0,4,0.0,7.0
Krishna59133537,0,1,0.0,1.0
Krishnasigns,0,1,0.0,1.0
upadhyayabhii,6,1,6.0,1.0
prakashsalvi55,0,3,0.0,4.0
News9Tweets,2,14,2.0,114.0
Ranjuudev,0,2,0.0,3.0
vijaypratap07,0,1,0.0,1.0
ArjunVeerIsa,0,4,0.0,4.0
MAXCHELUR,0,1,0.0,1.0
kabadi_wala_,0,1,0.0,1.0
RulesRaamanujam,0,1,0.0,1.0
biswajit002,0,2,0.0,3.0
PursueRam,0,7,0.0,10.0
Manutiwary4BJP,1,1,1.0,1.0
pradeepsethi93,0,1,0.0,1.0
Shubham41465690,0,2,0.0,2.0
RaviSheron,0,1,0.0,1.0
jazeeljabbar,0,1,0.0,1.0
epawitter1,3,1,6.0,1.0
voiceofSK,0,1,0.0,1.0
shreechaitanya,0,1,0.0,1.0
ptrkarthikeyan,0,2,0.0,2.0
AAAI_Khan,0,1,0.0,1.0
Keptopolarbear,0,1,0.0,1.0
DSBSK2022,0,1,0.0,1.0
lal_shiban,1,3,1.0,3.0
AmbujAtreya,0,5,0.0,5.0
UrMalli,0,6,0.0,6.0
SikhFedUK,1,0,1.0,0.0
free67847229,0,1,0.0,1.0
vishaalofficial,0,1,0.0,1.0
IamIqbal15,0,1,0.0,1.0
sumeeth7,0,2,0.0,2.0
aartic02,40,0,42.0,0.0
tinadave22,1,1,1.0,1.0
jasbir_wadan,0,1,0.0,1.0
ajusarma,0,2,0.0,2.0
thabshee,0,3,0.0,3.0
shivoham0597,0,2,0.0,2.0
Avanish_2016,0,1,0.0,1.0
Vijay27209816,0,2,0.0,2.0
NameCooperTXT,0,2,0.0,2.0
dhruven_patel,0,4,0.0,4.0
saysmlistensm,0,1,0.0,1.0
prem44sahu,0,1,0.0,1.0
romy1965,3,2,6.0,2.0
dassnikhil,0,1,0.0,1.0
AKAzad07,0,1,0.0,1.0
DrSagoricawb,0,1,0.0,1.0
mrittik_indian,0,4,0.0,4.0
Nikhilagrawal15,0,2,0.0,2.0
ThuglakI,0,1,0.0,1.0
raju1672u,0,1,0.0,1.0
deep_yagyasingh,0,1,0.0,1.0
05Narayana,0,2,0.0,2.0
kathiyavaadi,0,4,0.0,4.0
IraniDarayas,0,1,0.0,1.0
Mohan007Reddy,0,1,0.0,1.0
Sandeep71121431,1,0,2.0,0.0
shalini0313,0,1,0.0,1.0
ashwani53679779,0,1,0.0,1.0
Mdsr20351488,0,9,0.0,12.0
sampurna_anand,0,1,0.0,1.0
UmerBlue,0,1,0.0,1.0
shilkieesha,0,1,0.0,1.0
am_monusingh,0,1,0.0,1.0
Kaskpakdo,0,1,0.0,1.0
twitsheks,0,1,0.0,1.0
BobbyFan007,0,1,0.0,1.0
MiBoltoy,0,1,0.0,1.0
MinhazMerchant,37,0,43.0,0.0
JayasreeVijayan,5,1,5.0,1.0
kumaraakash061,0,1,0.0,1.0
SailorAulakh,0,1,0.0,1.0
ensconced_utd,1,0,1.0,0.0
rohit_chauhan,0,1,0.0,1.0
bidyutroy,0,2,0.0,2.0
Election_in,3,0,3.0,0.0
FoxWolf49389920,0,1,0.0,1.0
realist_virtual,0,2,0.0,2.0
hijawed,0,1,0.0,1.0
shivamfornation,0,2,0.0,2.0
deep_aag,0,6,0.0,6.0
Enarkay2,0,3,0.0,3.0
HemantVora16,0,1,0.0,1.0
sierrabravo55,0,2,0.0,2.0
MayurKanth6,0,2,0.0,2.0
liberteriannew,0,2,0.0,2.0
GreatY111,1,1,1.0,1.0
BhushanSonawne3,0,1,0.0,2.0
mvmm12,0,1,0.0,1.0
Drpvc,0,2,0.0,2.0
GauravArora0409,0,1,0.0,1.0
DeccanHerald,24,3,77.0,3.0
MujtabaAhmedAm1,0,1,0.0,1.0
Adithyaa_52,0,1,0.0,1.0
prajasattakorg,0,4,0.0,4.0
rajesh_r_v,0,2,0.0,3.0
Pahladsingh,0,1,0.0,1.0
AnitaHarwani2,1,3,1.0,6.0
drmurukadas,0,2,0.0,2.0
NKGUPTA_IBC,1,7,1.0,7.0
mustagfir786,1,3,1.0,3.0
coolash73,0,1,0.0,1.0
vijayannathhan,0,1,0.0,1.0
PatrioticChip,2,1,2.0,1.0
Raag_in,0,1,0.0,1.0
rounakguharoy,1,0,1.0,0.0
ParNain9,0,1,0.0,1.0
BagaiDr,2,2,2.0,2.0
crzygradstudent,0,1,0.0,1.0
SharmaKhemchand,6,1,6.0,1.0
postdiscipline,0,1,0.0,1.0
ISamuelPaul,0,2,0.0,2.0
Raghuvanshi1608,0,1,0.0,1.0
SachinDhar7,0,1,0.0,1.0
pradipagarwal71,0,4,0.0,5.0
im_abhi_s,1,0,1.0,0.0
maveinlux,1,0,1.0,0.0
forum_stock,0,3,0.0,5.0
venkytalkz,0,1,0.0,1.0
isti_2020,0,1,0.0,1.0
nytimes,97,0,109.0,0.0
witch8_the,0,3,0.0,3.0
q_qayum,0,1,0.0,1.0
Leetoo_S,0,1,0.0,1.0
asarpotar,0,8,0.0,19.0
firebird2017,1,1,1.0,1.0
azaadqalam,0,1,0.0,1.0
zoroporo1,0,1,0.0,1.0
Mohankovai,0,1,0.0,1.0
anandathirtharb,0,6,0.0,9.0
amit6060,1,0,1.0,0.0
JITENDRATW,0,5,0.0,5.0
BireshSinha3,0,1,0.0,1.0
GPS63621335,0,1,0.0,1.0
goody_guy2002,0,1,0.0,1.0
sojitrawali,0,1,0.0,1.0
shadow_bann3d,0,1,0.0,1.0
AdityaTiwari247,0,3,0.0,3.0
Gss_Views,11,1,11.0,1.0
DivyaPanda8,0,1,0.0,1.0
KshitijTiwari78,0,1,0.0,1.0
iamfahimmalik,0,1,0.0,1.0
beachhasaliens,0,1,0.0,1.0
FaisalAlYafai,0,2,0.0,2.0
DeeprajJain2,0,2,0.0,2.0
Manya80466816,0,1,0.0,1.0
SuvishV,0,1,0.0,1.0
pavanlek,0,1,0.0,1.0
PoojaPrasanna4,3,0,3.0,0.0
aiyinax,0,3,0.0,3.0
msgvipul,0,1,0.0,1.0
awesome_azu007,0,1,0.0,1.0
dhaval306,0,2,0.0,2.0
SSS210800,0,7,0.0,8.0
iamayushjain_,0,1,0.0,1.0
fndncmngrnd,0,1,0.0,1.0
HrushikeshKalse,0,1,0.0,1.0
Sukhjinder_INC,1,0,1.0,0.0
sankiyer,0,1,0.0,1.0
Gen_Ajay,0,1,0.0,1.0
advanitom,0,5,0.0,6.0
DeRaowl,0,2,0.0,2.0
rajsinghrahul0,0,1,0.0,1.0
SenthilVenkt,0,1,0.0,1.0
rekhaasanatani1,0,2,0.0,2.0
sunnybawachi,0,2,0.0,2.0
dollkarmakar,0,2,0.0,2.0
AnilKum06943780,0,1,0.0,1.0
arjunvijay1857,0,2,0.0,2.0
yashoazad,2,1,2.0,1.0
PreeankSaxena,0,1,0.0,1.0
krangaus1,0,1,0.0,1.0
iamkritanshu,0,1,0.0,1.0
1710rajesh,2,2,2.0,2.0
IQtan90,0,1,0.0,2.0
littichokaa,0,1,0.0,1.0
sandy128bit,0,2,0.0,2.0
007Bhas,0,1,0.0,1.0
adarshwaadi,0,1,0.0,1.0
yogiyan123,0,1,0.0,1.0
kaushikshah63,0,8,0.0,10.0
Rajendr6988,0,2,0.0,2.0
hi2cherry,0,1,0.0,1.0
umedmehta45,1,0,1.0,0.0
NasirKhuehami,0,1,0.0,1.0
TraditionsBased,0,1,0.0,1.0
FreespeachS,0,1,0.0,2.0
ResplendentRosy,0,2,0.0,3.0
veerbahaduradv,0,1,0.0,1.0
Rajammuzaffar,1,1,1.0,1.0
bond_vinod,0,1,0.0,1.0
anmol_garg07,0,1,0.0,1.0
respectful313,0,2,0.0,3.0
oxomeeya,0,1,0.0,1.0
rkmarkan,0,2,0.0,2.0
SinanAlHarith,1,1,1.0,1.0
sowndharrajanjs,0,1,0.0,1.0
anjanspace,0,1,0.0,2.0
rnairb,0,1,0.0,1.0
twitrfucker,0,1,0.0,1.0
Lokpria,1,0,1.0,0.0
LNR_Gali,0,2,0.0,2.0
Yaduvanshi720,0,3,0.0,3.0
siddarthpaim,4,2,4.0,2.0
AskIndianKnight,0,1,0.0,1.0
ABINASH49689511,0,1,0.0,1.0
c1912c5095554d5,0,1,0.0,1.0
Princegulahmed,0,1,0.0,1.0
CestMoiz,2,0,2.0,0.0
saahilmenghani,1,0,1.0,0.0
learn_64,0,3,0.0,3.0
abhishekkrcare,0,1,0.0,2.0
chandankanj,0,1,0.0,1.0
bakshirahulvaid,0,1,0.0,1.0
Chetansingh3,0,1,0.0,1.0
rahimpadaniya,0,4,0.0,4.0
Amitgogia2509,1,2,1.0,2.0
taher_king,0,2,0.0,2.0
AsifAzmi_Delhi,2,0,2.0,0.0
SamWill72879204,0,1,0.0,1.0
Kanagalogy,3,1,4.0,1.0
KsantoshkuPatro,0,1,0.0,1.0
VASUDEVALAKSHM1,0,1,0.0,1.0
Nandkum32,0,1,0.0,3.0
MANUJJA50121742,0,2,0.0,2.0
irsingh141,0,1,0.0,1.0
sampitroda,65,0,81.0,0.0
amrishsharmaBJP,0,2,0.0,2.0
Rajan_jha,0,2,0.0,2.0
Utkarsh_Neil,0,2,0.0,2.0
AktarHussain78,0,2,0.0,2.0
Harshva70214071,1,1,1.0,1.0
bushtathed,0,1,0.0,1.0
itsiopr,0,1,0.0,1.0
Asim03085234976,0,1,0.0,1.0
b28k09,0,3,0.0,3.0
Sandeep61272892,0,2,0.0,2.0
ramanuj06,0,2,0.0,2.0
sharmaji__7,0,1,0.0,1.0
YuktaSingh,0,1,0.0,1.0
vaidya91,1,1,1.0,1.0
DrDeepak79,0,1,0.0,1.0
KatyushaRockets,0,2,0.0,2.0
omijomi,0,1,0.0,1.0
KirpalaniSoniya,0,1,0.0,1.0
DerSquint,0,1,0.0,1.0
SaibBilaval,2,0,3.0,0.0
c_chithra,0,5,0.0,5.0
arundeepak1987,0,1,0.0,1.0
Pandeji,0,1,0.0,1.0
DrGopalChBarma1,0,1,0.0,1.0
ray_challa,0,1,0.0,1.0
Gurvirsinghbela,0,1,0.0,1.0
PrashantMUFC,2,0,3.0,0.0
vivid_details,0,2,0.0,2.0
Bankerz_india,0,1,0.0,1.0
_Sajid_12,0,2,0.0,2.0
vitalsigns_era,0,1,0.0,1.0
indiansmes,0,1,0.0,1.0
umeshrsingh,0,1,0.0,1.0
Subbannak,0,1,0.0,1.0
iindrojit,3,1,3.0,1.0
Countercurrents,0,1,0.0,2.0
jdsuri,0,1,0.0,1.0
TOICitiesNews,2,0,2.0,0.0
samyag007,1,1,1.0,1.0
VinaySk20,0,2,0.0,2.0
pgpune,0,1,0.0,1.0
ipradhanjiii,4,1,4.0,2.0
DailyhuntApp,3,0,4.0,0.0
ajaykraina,2,0,2.0,0.0
MarathiRojgar,1,0,1.0,0.0
inder_aj,2,1,2.0,1.0
BellamSwathi,17,0,17.0,0.0
chandanvaio,0,4,0.0,4.0
mullahowner,0,2,0.0,2.0
NidhishMNair2,0,2,0.0,2.0
Hustler81,0,3,0.0,5.0
VinitVikamsey,0,1,0.0,1.0
Serenity_tweetr,0,2,0.0,2.0
MallGarima,1,0,1.0,0.0
DasDebasis,0,1,0.0,1.0
adamsguy7700,0,2,0.0,2.0
MangoWalaInsan,0,1,0.0,1.0
beingharleen,0,2,0.0,4.0
patilkrishna245,0,2,0.0,2.0
Ramesh_BJP,7,0,10.0,0.0
noorsheriff,0,1,0.0,1.0
VinayKu24997951,0,1,0.0,1.0
SatyaMishra_BJP,0,1,0.0,1.0
Helth_z_Wealth,1,0,1.0,0.0
rajkovvali,0,1,0.0,1.0
MalikAshok,4,0,4.0,0.0
InvestMENA,0,2,0.0,2.0
paragtata,0,1,0.0,1.0
ChanakyaDatta,0,1,0.0,1.0
MitulGamit28,0,1,0.0,1.0
vimalannu,0,1,0.0,1.0
thakurjiRaj,0,1,0.0,1.0
kiran_skylight,0,1,0.0,1.0
HarithaPusarla,0,3,0.0,3.0
KiSingLady,0,1,0.0,1.0
WLilly837,0,1,0.0,2.0
lalitpahwa,0,1,0.0,1.0
Nation_is1st,1,8,1.0,10.0
sibinmohan,0,1,0.0,1.0
trivedinaveen,0,1,0.0,1.0
Subhashitani1,0,1,0.0,1.0
docmaulek,0,2,0.0,2.0
rajeevkhullar20,0,1,0.0,1.0
swastudio,0,2,0.0,2.0
AJITKUM45682715,0,1,0.0,2.0
RKzoy,0,1,0.0,1.0
AbhijitReddy607,1,2,1.0,4.0
singerjaydeepb,0,1,0.0,1.0
raamanguptaa19,0,2,0.0,2.0
arshipatel_0203,0,1,0.0,1.0
vishal_vjl,0,1,0.0,1.0
SultanYavar,1,0,1.0,0.0
Ashwini_kumar3,0,2,0.0,2.0
MrigendraKkumar,0,1,0.0,1.0
MathewsSibby,1,4,1.0,4.0
anu0000,0,1,0.0,1.0
MitraC11,0,1,0.0,1.0
Sam071770,0,1,0.0,1.0
2s010yel,0,2,0.0,2.0
ANI,778,0,875.0,0.0
LalagePraveen,0,2,0.0,3.0
Sunny_Sharma12,1,0,1.0,0.0
Abhinav07171435,0,1,0.0,1.0
1satyamevjayte1,0,1,0.0,1.0
Rabbit77941319,0,1,0.0,1.0
SumanMishra025,0,1,0.0,1.0
Sanjeev47435295,0,2,0.0,2.0
OpineFacts,0,1,0.0,1.0
MukulAgarwal66,1,0,1.0,0.0
ManojMehtamm,1,2,2.0,2.0
sumitdmehta,0,3,0.0,3.0
SURESHRanade13,0,1,0.0,1.0
bimal_pr,0,2,0.0,2.0
aditya0484,0,4,0.0,5.0
YankeeAFriend,0,3,0.0,3.0
DMelloYadav,1,0,1.0,0.0
Sachin54620442,0,1,0.0,1.0
iBhavinder,0,1,0.0,1.0
Eloncuckma,0,1,0.0,1.0
SUNILKU74204938,0,1,0.0,1.0
JaphetMarcus,0,1,0.0,1.0
kamlesh54780243,0,1,0.0,2.0
DrHarshit5,3,0,3.0,0.0
goyalrakesh70,0,3,0.0,5.0
zahids5,0,2,0.0,2.0
jaivas22,0,2,0.0,2.0
indiantravelway,0,1,0.0,1.0
MukutTiwari929,0,1,0.0,1.0
anandk_to,0,1,0.0,1.0
UnansweredQue16,0,1,0.0,1.0
Ratneshmishra77,0,1,0.0,1.0
IMKahale,0,1,0.0,1.0
voice_of_ram,0,1,0.0,2.0
kamleshsutar,3,4,3.0,5.0
SureshR28976791,0,1,0.0,1.0
Shrutijash,0,1,0.0,1.0
sumanpani,0,4,0.0,4.0
Kuldipsanghvi,0,1,0.0,1.0
krishnanandhs,0,1,0.0,1.0
tushargalav,0,1,0.0,1.0
DebajyotiBis,0,3,0.0,3.0
shankariyer1955,1,2,1.0,2.0
SurfuMamba,0,1,0.0,1.0
peterwera,0,1,0.0,1.0
KhalidMunawar6,0,2,0.0,2.0
TheUnnamedFeel4,0,2,0.0,2.0
SharadBishnoi05,5,0,5.0,0.0
Misandry_Kills,0,2,0.0,2.0
vivekisrefugee,0,1,0.0,1.0
SKeeranagi,0,2,0.0,2.0
MONU1941,0,1,0.0,2.0
singhsrv,0,1,0.0,1.0
Senapati1983,0,2,0.0,2.0
imAshishPatra,0,2,0.0,4.0
LotusBharat,14,1,14.0,1.0
CVcartoons,0,3,0.0,3.0
BhuvneshPant,0,1,0.0,1.0
wamanrathod7,0,1,0.0,1.0
NehShh2,0,1,0.0,1.0
GoelRahul0599,0,1,0.0,1.0
Parijat08,0,1,0.0,1.0
TheNewIndian_in,4,0,4.0,0.0
Prashan_indian,0,1,0.0,1.0
qaisershaami,0,1,0.0,1.0
rajcto,0,1,0.0,1.0
anu196907,0,1,0.0,1.0
Owaisiiii,1,0,1.0,0.0
Vasuki1995,0,2,0.0,2.0
sanjeevoak,0,4,0.0,4.0
kovaiashokkumar,0,1,0.0,2.0
stan_urself,1,1,1.0,1.0
ElvinBaruah,0,1,0.0,1.0
yogadityasrawal,0,1,0.0,1.0
venusgalactic,0,2,0.0,2.0
KhaleelData,0,1,0.0,1.0
ZMeasho,0,2,0.0,3.0
miraudil,0,1,0.0,1.0
ashitnarain,0,2,0.0,2.0
dharmo_rakshita,1,0,1.0,0.0
Naimat82003,0,1,0.0,2.0
Rajath_mohite,0,1,0.0,1.0
gothewal,0,3,0.0,3.0
KishoreVaid,1,4,1.0,5.0
snag3004,1,1,1.0,1.0
BalajiMPK,0,1,0.0,1.0
RameshRSBM,0,1,0.0,1.0
rindwince,0,1,0.0,1.0
SameerS79051441,0,1,0.0,1.0
iamdesi101,0,3,0.0,3.0
deepsspeak,0,1,0.0,1.0
rahuldsmart,0,2,0.0,2.0
bahubali_sd,0,1,0.0,1.0
GJhamtani,0,1,0.0,1.0
Subhash87711478,0,1,0.0,1.0
ijagdishMange,0,1,0.0,1.0
vajapeyam,0,10,0.0,13.0
paritush_assam,0,3,0.0,3.0
gsrandhir,0,2,0.0,2.0
fatimab36710306,0,1,0.0,1.0
DrAniketMishra,0,1,0.0,1.0
NaveenPurohit14,0,2,0.0,2.0
MissMystique007,1,1,1.0,1.0
raktimbora2002,0,2,0.0,2.0
garud_10,0,1,0.0,1.0
troothsiker,0,1,0.0,1.0
KDasgupta_18,0,1,0.0,2.0
avatans,4,0,4.0,0.0
Poonam89625917,0,1,0.0,1.0
PoliticvirusIND,0,1,0.0,1.0
I_amAshishgarg,0,2,0.0,2.0
dhaval94,0,1,0.0,1.0
DPKNAMBIAR,0,4,0.0,5.0
MrBenzWorld,0,8,0.0,8.0
_Sakshi_Thakur_,1,1,1.0,1.0
raashis,0,1,0.0,1.0
pramodns,0,1,0.0,1.0
ishtiaq787,0,5,0.0,9.0
NewsHtn,15,4,18.0,5.0
varungm7,0,1,0.0,1.0
Harssshhhilll,0,1,0.0,1.0
MallelaKrishn13,0,4,0.0,4.0
Rajiv_GKR,0,1,0.0,1.0
CRR_India,0,4,0.0,4.0
gaurang0911,0,1,0.0,1.0
RecycledSoul10,0,1,0.0,1.0
insaniyt_relign,0,4,0.0,6.0
bengapinto,0,12,0.0,15.0
abhithegoldenb2,0,2,0.0,2.0
firstkaransingh,1,2,1.0,2.0
usmansaleem90,0,1,0.0,1.0
darklord_ms,0,1,0.0,1.0
Iyengaar,0,2,0.0,2.0
vishi66,0,1,0.0,1.0
Bhaskar16603,0,3,0.0,3.0
drshamamohd,86,4,93.0,6.0
patnisushil,0,1,0.0,1.0
amirKhan8786,0,1,0.0,1.0
singhbilash,0,1,0.0,1.0
ShivyMalhotra,0,1,0.0,1.0
Narendr_24,0,3,0.0,4.0
nikz_0211,0,2,0.0,2.0
PrahladHombali,0,1,0.0,1.0
lavanyanivasini,1,2,1.0,2.0
modihimanshusu1,0,1,0.0,1.0
Jag_Jeetyaa,0,1,0.0,1.0
bhageerath_b,0,1,0.0,1.0
Pendu_Boyzz,1,0,1.0,0.0
AllasAnchal,0,1,0.0,1.0
adarshahgd,2,0,2.0,0.0
DhoniSathwik,0,1,0.0,1.0
dev_lL_,0,1,0.0,1.0
NajeebMoosa1,0,1,0.0,1.0
sidharthsogani,0,1,0.0,1.0
vijaybansalbjp,0,2,0.0,2.0
mojilo_manas,1,0,1.0,0.0
saysomethingne1,0,2,0.0,2.0
MohammedAliHai2,0,1,0.0,2.0
mxtaverse,15,0,15.0,0.0
dr_arunkgupta,1,0,1.0,0.0
FrustyIndy,0,1,0.0,1.0
Delete_RHood,0,1,0.0,1.0
shreeniwaskum13,0,1,0.0,1.0
ghorawat_harsh,0,2,0.0,2.0
MDhar46442878,0,1,0.0,1.0
shubhamji856,0,1,0.0,1.0
seasummer_,0,1,0.0,1.0
Harishchodhry1,0,2,0.0,3.0
shilpasunil_rao,3,0,3.0,0.0
iamraistar17,0,1,0.0,1.0
dps270,0,2,0.0,4.0
SHIVRAMVAIDYA,0,1,0.0,1.0
smflab,0,1,0.0,1.0
Robertpeart4,0,1,0.0,1.0
chittar65821783,0,1,0.0,1.0
gauravruparelia,0,1,0.0,1.0
Heerva_Trivedi,0,2,0.0,2.0
DVMahindru,0,1,0.0,1.0
SBettad,0,3,0.0,3.0
anandeep_c,0,1,0.0,1.0
indiadebate2020,0,1,0.0,1.0
rajjuorth,0,1,0.0,1.0
shubhenduk,0,1,0.0,1.0
vaibhavparik28,1,1,1.0,1.0
norse_legacy,0,1,0.0,1.0
arpitkgoel,0,6,0.0,6.0
VINEETSH3,0,2,0.0,2.0
kunalkak,0,2,0.0,2.0
avi_kukadia,0,3,0.0,3.0
IndiGenBharat,1,2,1.0,2.0
Rock20006,0,1,0.0,1.0
nikhilpghag,0,1,0.0,1.0
astral_jay,0,1,0.0,1.0
gitartha_boruah,0,1,0.0,1.0
sarkar_swati,2,0,2.0,0.0
vikraant1503,0,2,0.0,2.0
Curiositylovee,0,1,0.0,1.0
TheContrarianPJ,0,1,0.0,1.0
bavaluefinder,1,1,1.0,1.0
MaajidShaikh7,1,0,1.0,0.0
taruntwr1,0,2,0.0,2.0
AbidAsad,0,2,0.0,3.0
AshishMahendraG,0,2,0.0,2.0
ne7Pz8I6lN3GmuG,0,1,0.0,1.0
Captain_Siddh,1,0,1.0,0.0
rizzrehaman,0,1,0.0,1.0
AnshumanSP,0,1,0.0,1.0
BalimaneKiran,3,2,4.0,2.0
mayureshfeb25,0,3,0.0,3.0
adityaC1906,0,1,0.0,1.0
hardikmu,0,1,0.0,1.0
AlbinBi98050759,0,1,0.0,1.0
theblrean,0,3,0.0,3.0
mehta_mitul77,0,1,0.0,1.0
Rebornthelie,0,1,0.0,1.0
gstringsferrari,0,1,0.0,1.0
tweetsrathnakar,0,1,0.0,1.0
IndusValleyBoy,0,1,0.0,1.0
m_libin,0,4,0.0,5.0
kashmircrownews,0,1,0.0,1.0
Anonymo11835850,0,2,0.0,2.0
V4run_Singh,0,1,0.0,1.0
pieushsapna,0,1,0.0,1.0
JPareeek,0,1,0.0,2.0
HK199910,0,1,0.0,2.0
shivendrapatel2,0,1,0.0,1.0
aenacholbe,0,1,0.0,1.0
VipIgrS63,0,1,0.0,1.0
Inquilab_rahega,0,1,0.0,2.0
RanjitP18238129,0,1,0.0,1.0
Arvind509082692,0,2,0.0,2.0
rmpgujju,0,2,0.0,3.0
AAP_ka_Doctor,0,1,0.0,1.0
rohan453900851,0,2,0.0,2.0
IMSmik_dutta,0,3,0.0,3.0
SreshthaTiwari,0,2,0.0,2.0
SUDHIRANJANSIN1,0,4,0.0,4.0
ssverma2345,0,1,0.0,1.0
Santoshdp,0,3,0.0,3.0
mohitverma_,1,1,1.0,1.0
anil60192075,0,1,0.0,1.0
IndianYaar13,0,1,0.0,1.0
thepsuedoforce,0,1,0.0,1.0
SPrabhaker,6,0,6.0,0.0
rd2806,0,1,0.0,1.0
Karthikgtweets,0,3,0.0,4.0
noconversion,19,3,22.0,3.0
nyvaanofficial,0,1,0.0,1.0
RashmiM74447216,0,1,0.0,1.0
TalhaJameel89,0,2,0.0,2.0
ImAjayChopra,1,2,1.0,2.0
veekan23,0,5,0.0,5.0
Hero1Warrior,0,1,0.0,1.0
SSulochan,0,1,0.0,1.0
mehrotra242013,0,1,0.0,1.0
rizwan_aslam07,0,1,0.0,1.0
Sugandha111111,0,2,0.0,2.0
HamidMirPAK,17,0,17.0,0.0
solankarganapat,0,1,0.0,1.0
Bhikhshu,1,0,1.0,0.0
Srivarsh1802,0,2,0.0,2.0
AkshayaZenn,0,2,0.0,2.0
KAMALOBEROI155,0,1,0.0,1.0
INFANTRY28,3,0,3.0,0.0
hydertext,1,2,1.0,2.0
mysrgan,0,9,0.0,9.0
yashbajj,0,3,0.0,3.0
Acharyastani,0,3,0.0,3.0
mailvng,0,1,0.0,1.0
confess2gaurav,4,4,7.0,4.0
m_srivathsan,1,0,1.0,0.0
BesuraTaansane,30,1,30.0,1.0
DocSMI1616,0,1,0.0,1.0
aryajyotirmay,0,1,0.0,1.0
Rajoo56473358,0,2,0.0,2.0
bhavyesh_h_shah,0,1,0.0,1.0
Sachivg,0,1,0.0,1.0
StayHomeToBSafe,0,1,0.0,1.0
barkhatrehan16,5,0,5.0,0.0
satyajit2097,0,1,0.0,1.0
RSTSai1,0,1,0.0,1.0
TamilRatsaschi,11,0,12.0,0.0
bharatkatyayan,0,1,0.0,1.0
Hindkejavan,0,1,0.0,2.0
nagarajan53,0,1,0.0,1.0
CAJaydipsinh,0,1,0.0,1.0
BKanad,1,0,1.0,0.0
jyotiR_Indian,0,3,0.0,3.0
HAShankaranaray,0,1,0.0,1.0
okkiedokk,0,1,0.0,1.0
JSDash1,0,1,0.0,1.0
SusantaBiswal82,0,2,0.0,4.0
AAP_Tihar,0,1,0.0,1.0
ProfAkon,0,1,0.0,1.0
SanjayKapoorINC,0,1,0.0,1.0
personsulur,0,1,0.0,1.0
db_is_db,1,0,1.0,0.0
rajeev_anand,0,2,0.0,2.0
Jain0bhavesh,0,9,0.0,13.0
mallemala12,0,1,0.0,1.0
raghu_depp,0,2,0.0,2.0
MarketW06019428,0,1,0.0,1.0
Sanjaygupts1996,1,2,1.0,2.0
johncheeran,0,2,0.0,7.0
AJAXEASH,0,1,0.0,1.0
itsVDS,0,1,0.0,1.0
bdnaraayannkar,0,4,0.0,4.0
blackspark555,0,1,0.0,1.0
19011995Dev,0,3,0.0,3.0
pankaj_shankar,1,2,1.0,2.0
MirHyder12,0,1,0.0,2.0
dilip_ganatra,0,5,0.0,5.0
Rofl_Punjabi,0,1,0.0,1.0
Mini2411Singh,0,6,0.0,7.0
Zee5haan,0,2,0.0,2.0
golujha55555,0,1,0.0,1.0
DumbMiddleClass,0,1,0.0,1.0
adrspeaks,4,0,4.0,0.0
PeterGriffin720,0,1,0.0,1.0
aj_it,0,3,0.0,3.0
SSingh93981341,0,1,0.0,1.0
shubham52903972,0,1,0.0,1.0
PsR_Kautilya,0,1,0.0,1.0
QueenAfridi2,0,1,0.0,1.0
Abhisheknish10,0,1,0.0,1.0
Helium_09,0,1,0.0,2.0
Subhashini_12b,11,1,13.0,1.0
javeees,0,5,0.0,5.0
RaghuVannekala,0,1,0.0,2.0
sudhirdubey1983,0,1,0.0,1.0
kallol68,0,1,0.0,1.0
ishreenidhi,0,2,0.0,2.0
sudhirbharg,0,3,0.0,4.0
vinod_gnair,0,2,0.0,2.0
mobin4040,0,1,0.0,2.0
GSRANDHAWA78,0,4,0.0,4.0
mpriyadarshi,0,2,0.0,2.0
avyukttt,0,2,0.0,2.0
VishalPaakad,0,1,0.0,1.0
sharavanan_rp,1,1,1.0,1.0
_sandeep_samal_,0,1,0.0,1.0
SKavalakat,1,1,1.0,1.0
MadanKandal3,7,1,8.0,1.0
FellowcitizenEs,0,1,0.0,3.0
vishwaraj_rao,0,4,0.0,5.0
naturaize,1,1,1.0,1.0
imshivans7,0,1,0.0,1.0
Mrfrank_martin,0,1,0.0,1.0
IdlyVadaa,2,4,2.0,4.0
Amitkum45608932,0,3,0.0,3.0
cmc_pankaj,0,5,0.0,5.0
Sudarshan2707,0,1,0.0,2.0
Shradt,0,1,0.0,1.0
appinem,0,3,0.0,3.0
Aj7ankit,0,1,0.0,1.0
medha60,0,5,0.0,6.0
i_am_us77,0,2,0.0,2.0
DeepSojitra__,0,2,0.0,2.0
Aashi_KM,0,1,0.0,1.0
CricNerdd,0,1,0.0,1.0
itstanmaysharma,0,1,0.0,1.0
RaghuDasarathi,0,7,0.0,11.0
vnkewalramani,0,3,0.0,4.0
MyMzemo,0,1,0.0,1.0
gforcesheikh,0,3,0.0,4.0
svdeshpandegoa,0,4,0.0,6.0
Prakash74933439,1,0,1.0,0.0
Seb3qNKpI5XA4un,0,1,0.0,1.0
ROHIT_GGMU,0,1,0.0,1.0
brdharnish2,0,2,0.0,2.0
SathishPandura2,0,3,0.0,3.0
mejayvardhan,0,1,0.0,1.0
arunautonomic,0,2,0.0,4.0
piyush_prasoon,0,1,0.0,1.0
cavivekbaranwal,0,1,0.0,1.0
HorusEyed,0,1,0.0,1.0
indscribe,0,1,0.0,1.0
AishPaliwal,1,0,1.0,0.0
themuditmathur,0,1,0.0,1.0
HelpingsHeart,0,1,0.0,1.0
imruchin,0,1,0.0,1.0
tauqir_waqas,0,1,0.0,1.0
WithDeepakJoshi,0,1,0.0,1.0
SATYAMK34797564,0,1,0.0,1.0
TheForcesGuy,0,2,0.0,3.0
nishasingh_16,0,1,0.0,1.0
KeshavNayak_7,0,1,0.0,1.0
SaangSarohi,0,2,0.0,2.0
ankygarg21,0,7,0.0,9.0
MraviKu01564029,0,2,0.0,2.0
iamRSRode,0,3,0.0,4.0
smdanyal_,0,1,0.0,1.0
pandey_sandip14,0,3,0.0,3.0
SocialBlooper,0,1,0.0,1.0
priyaaaansh,0,1,0.0,1.0
NarenderChawla1,0,1,0.0,1.0
47_abhinav,0,1,0.0,1.0
ThijuKrishnakr2,0,1,0.0,1.0
MidasPriceless,0,1,0.0,1.0
Lasttweet108,0,1,0.0,1.0
arram_srinivas,0,3,0.0,3.0
KantiAmaresh,0,1,0.0,1.0
GreensBlr,0,1,0.0,1.0
taefamansoora,0,1,0.0,1.0
ItsKumarAman,0,3,0.0,3.0
imshaurya1308,0,2,0.0,2.0
draconis_trader,3,1,3.0,1.0
421Dua,1,1,1.0,1.0
sjrsons,0,2,0.0,2.0
indian_better,6,15,7.0,15.0
rajaramghom,0,1,0.0,1.0
SudipKumar26,0,2,0.0,2.0
PoulomiMSaha,4,0,4.0,0.0
TrulyIndian11,0,2,0.0,2.0
TrendzLearn,0,1,0.0,1.0
AgnihotriSanjiv,0,1,0.0,1.0
vasi1m,0,1,0.0,1.0
ani_digital,47,1,49.0,1.0
sidhartha1425,0,1,0.0,2.0
JAI_HINDjaihind,0,1,0.0,1.0
spayak_n,0,1,0.0,1.0
chrteja9,1,2,1.0,2.0
abhinavaditya02,0,2,0.0,2.0
DrGautamGhosh_,0,1,0.0,1.0
BLACKDOG8510,0,1,0.0,1.0
VarmaSuhani,0,1,0.0,1.0
RishiB79857797,2,0,3.0,0.0
AmardeepP111,1,1,1.0,1.0
imamulh0217,0,3,0.0,3.0
bplssri,0,2,0.0,2.0
IEBengaluru,0,1,0.0,1.0
MadCapProf,0,4,0.0,4.0
nikhil2bhardwaj,0,1,0.0,1.0
tirumuru_87,5,6,6.0,8.0
Jaggy_Bad,1,0,1.0,0.0
abplive,6,0,6.0,0.0
RamanathanIndia,0,1,0.0,1.0
bot_awake_bot,0,1,0.0,1.0
Saurabh62061184,0,1,0.0,1.0
Vengabus,0,2,0.0,2.0
NShendiwale,0,2,0.0,2.0
ITrueNAS,1,1,1.0,1.0
Yadu_Abhishekk,0,1,0.0,1.0
JangaBalaji,0,1,0.0,1.0
AaidanSwami,0,1,0.0,1.0
SwaRajYogiRaj,0,1,0.0,1.0
Balakri06927501,0,2,0.0,2.0
kunalcarpediem,0,1,0.0,1.0
Hitman_views,0,1,0.0,1.0
SMenon44251026,0,1,0.0,1.0
k_yugendiran,0,1,0.0,1.0
SLiberandu,0,3,0.0,3.0
meisyouwithoutI,0,1,0.0,1.0
husnainbokhari1,0,1,0.0,1.0
upwala_bhaiya,0,9,0.0,10.0
riazrichu,0,1,0.0,1.0
aka_jimu,0,1,0.0,1.0
RvUpadhya,2,4,2.0,4.0
sunilsonia,0,1,0.0,1.0
MahiiJagtap,0,1,0.0,1.0
kamleshparakh,0,1,0.0,1.0
prime9news,2,0,2.0,0.0
Isantanu10,1,2,1.0,4.0
DrNitibhushans1,0,1,0.0,1.0
salamat2103,0,7,0.0,7.0
theLokeshV,0,1,0.0,1.0
Mohdsohail03,0,1,0.0,1.0
vikasm_,0,1,0.0,1.0
er_anandupadhya,0,3,0.0,4.0
GreenEarthMatic,0,1,0.0,1.0
srinivasreddykb,0,3,0.0,3.0
PrateekThenge,0,2,0.0,2.0
SunilKu54677431,0,3,0.0,6.0
shivaankit6667,0,1,0.0,1.0
the_doctor69,0,1,0.0,1.0
AjmalRazi,0,1,0.0,1.0
gtm_amr,0,1,0.0,1.0
Isha0429,0,1,0.0,1.0
shilpachegoor,0,1,0.0,1.0
UJJAVALSHAH2,4,3,4.0,3.0
wannabe_martian,0,2,0.0,2.0
ail_pra,0,2,0.0,2.0
him_sing,0,1,0.0,1.0
ashishgorsi2,0,1,0.0,1.0
amarvala,0,1,0.0,1.0
DSB365,0,4,0.0,4.0
saxenashikhil,0,1,0.0,1.0
jr_Dixit024,0,1,0.0,1.0
ThandraVishala,0,5,0.0,5.0
SmithHaran,0,1,0.0,1.0
sanhatti12,0,3,0.0,3.0
annamalai_bgm,0,2,0.0,2.0
chaloo_pandey,0,2,0.0,3.0
joseflael,0,3,0.0,3.0
GareebHR,0,1,0.0,1.0
VINODINDORIAN,0,1,0.0,1.0
PVenkatGandhi,0,8,0.0,16.0
I0Icrusher,0,1,0.0,1.0
TwitwithIndy,0,2,0.0,2.0
motathdaadi,0,1,0.0,1.0
WahabGull03,0,1,0.0,2.0
PtBalkrishna,0,1,0.0,1.0
RAAKMISRA,0,7,0.0,7.0
sodhasinhji,0,1,0.0,1.0
selvan4twit,0,1,0.0,1.0
ObimpehEdmund,0,1,0.0,1.0
Ambujpa39024033,0,1,0.0,1.0
rthenarasu,0,1,0.0,1.0
cjv_555,0,8,0.0,8.0
Girjesh93640846,0,1,0.0,1.0
economy_ak,0,3,0.0,3.0
DeviPrasadRao8,1,6,1.0,6.0
anilGFPL,0,4,0.0,4.0
ashu405,1,1,1.0,1.0
rahul_s_vasan,0,1,0.0,1.0
Maria_ka_jahan,0,5,0.0,5.0
ShimulBhattach8,0,1,0.0,1.0
SujataHS,0,3,0.0,3.0
Jayshahca,0,1,0.0,1.0
Nishant210491,1,0,1.0,0.0
BasavaMashette,0,1,0.0,1.0
Jitendra197488,0,1,0.0,1.0
sunpad666,0,2,0.0,2.0
jvalant69,0,3,0.0,4.0
BayAreaBiker,0,1,0.0,1.0
PraKuTi,0,1,0.0,1.0
NetNetizen,0,5,0.0,5.0
drpratikjain,0,1,0.0,1.0
gouthamkumarbjp,0,1,0.0,1.0
smshaikh,0,2,0.0,2.0
niku1630,10,0,10.0,0.0
MalhotraShivya,3,0,3.0,0.0
pbhushan1,212,0,235.0,0.0
pkumarmarpaka,0,2,0.0,3.0
bridgeinit,2,1,2.0,1.0
RimaChhabra,0,1,0.0,1.0
tripura_aap,0,2,0.0,2.0
dp_sehgal,1,1,1.0,1.0
KoalaTweetin,0,1,0.0,1.0
AathavanW,1,1,1.0,1.0
Godspreciousmo1,0,4,0.0,4.0
4change_sayi,0,1,0.0,2.0
bhagawatijha,0,1,0.0,1.0
TilakIndra,0,2,0.0,2.0
Shravan_boss,0,7,0.0,7.0
manojtjha,0,4,0.0,4.0
a4amitt,0,1,0.0,1.0
GovindarajanV10,4,0,4.0,0.0
CarnegieEndow,1,1,1.0,2.0
AsadAlviPTI,0,1,0.0,1.0
SaurabhKulkrni,0,2,0.0,2.0
GobinathN1,0,2,0.0,4.0
rkreddy_d,0,2,0.0,2.0
pankajk61414973,0,1,0.0,1.0
TittyVinoo,0,2,0.0,6.0
AniketHalgekar,0,1,0.0,1.0
chhavi_narwal,2,3,2.0,3.0
sourabhde1974,1,1,1.0,1.0
CYCY7800,0,1,0.0,1.0
PRASHAN06034931,0,1,0.0,1.0
BlackBlue70,0,1,0.0,1.0
PriaINC,7,0,9.0,0.0
BindKetan,0,2,0.0,2.0
Starxxx99791775,2,9,5.0,9.0
Sahayamarylove,0,2,0.0,2.0
Praneshvjcbe,0,3,0.0,4.0
AnandBuxi,0,2,0.0,2.0
parmarrahul1991,0,1,0.0,1.0
TanvirSalim1,1,1,1.0,1.0
thepatriotfiles,0,1,0.0,1.0
TRohitkrishna,0,1,0.0,1.0
MONEYTRIENDZ,0,2,0.0,2.0
DILIPKUMAR9990,0,2,0.0,2.0
Sudhir_ks84,0,1,0.0,1.0
Yusuf65438174,0,2,0.0,2.0
SujiBasak,0,1,0.0,1.0
moonbasumatry,0,1,0.0,1.0
manjeetsaroya,0,5,0.0,7.0
JaiHindpkp,0,3,0.0,4.0
FouzdarAkshat,0,2,0.0,2.0
naveenpgupta,0,1,0.0,1.0
sumantaghosh,1,1,1.0,1.0
m_thaz,0,1,0.0,1.0
aml1472,0,1,0.0,1.0
ajaysingh1809,0,1,0.0,1.0
p_porash,0,1,0.0,1.0
tomargreat,0,1,0.0,1.0
Abhinandan0707,0,1,0.0,1.0
Acidic_Mohit,0,2,0.0,2.0
TawdeVinod,10,0,11.0,0.0
RH2137,0,1,0.0,1.0
nishitpabari,0,1,0.0,1.0
SundipK61956453,2,4,2.0,4.0
rohhitt88,0,2,0.0,2.0
News6_News,0,2,0.0,2.0
nalinmehta,1,3,1.0,4.0
Vishal99082006,0,1,0.0,1.0
Utkarsh65239288,0,1,0.0,1.0
bharat_rns,0,1,0.0,1.0
jashbhavsar99,0,3,0.0,3.0
Aditya_S96,0,3,0.0,3.0
shibbose,0,1,0.0,1.0
sarvatrra,0,3,0.0,4.0
SoniMishra20,1,1,1.0,3.0
zalinawalchli1,0,1,0.0,1.0
AshwinDharpure,1,1,1.0,2.0
INCOverseas,9,0,11.0,0.0
rajnishbakery,0,1,0.0,1.0
seemay,5,1,6.0,1.0
Sunil_kuchroo,0,1,0.0,1.0
churumuri,4,0,4.0,0.0
Natraj15469788,0,2,0.0,2.0
AshokaMody,3,1,3.0,1.0
rajanmahan,0,1,0.0,1.0
sapthajeeth,0,3,0.0,3.0
amitmalviya,265,0,296.0,0.0
RichaMishraBL,2,0,2.0,0.0
vimal_kr41,0,1,0.0,1.0
Hironava,0,1,0.0,1.0
Citz_Aryavart,0,1,0.0,1.0
NPTheGreat79,0,1,0.0,1.0
prakashnkumar,0,2,0.0,2.0
ruvalum,2,3,2.0,3.0
RajeshK09491571,0,1,0.0,1.0
Devil_No_01,0,1,0.0,1.0
tee2799,2,0,2.0,0.0
Tonypatel221,0,1,0.0,1.0
Varanasiboy_,1,4,1.0,4.0
Imsujeetguru,0,1,0.0,1.0
MKNagavarapu,0,2,0.0,2.0
ekAgyaani,0,1,0.0,1.0
Ram13938707,0,1,0.0,2.0
spuriousme,0,2,0.0,2.0
BhartiySanatani,0,2,0.0,2.0
CryptoSundaram,0,1,0.0,1.0
TheSubhasisDas,0,1,0.0,1.0
bhavikudeshi,0,1,0.0,1.0
beingsaurabhgkp,0,1,0.0,1.0
BanerjeeSrnab,0,1,0.0,1.0
Bittuverma7,0,2,0.0,2.0
___pawanOS_AD,0,2,0.0,2.0
MiPsyGi,0,1,0.0,1.0
ranjan14in,0,4,0.0,4.0
KaliPramod,0,2,0.0,2.0
maxpro201,1,1,1.0,1.0
naresh718889,0,3,0.0,3.0
howfunnyismath,1,6,2.0,7.0
ThinkAskChange,0,1,0.0,1.0
SaurabhRaii_,1,1,1.0,1.0
jaihomahakaal,0,1,0.0,1.0
JainJain54,0,1,0.0,1.0
arrjunvasu,0,2,0.0,2.0
priyamvadami,2,5,2.0,5.0
AnandBoltoy,0,2,0.0,2.0
DKSHARMA358,0,9,0.0,13.0
raghavc1,0,1,0.0,1.0
PatelSumit_,0,2,0.0,2.0
PodilaSathish,0,1,0.0,1.0
darshit984,0,1,0.0,1.0
Satyaka14273620,0,1,0.0,1.0
tushargundev,0,1,0.0,1.0
vikashvicks,0,1,0.0,1.0
rajracing19,0,1,0.0,1.0
AbhayManiTiwar1,0,1,0.0,1.0
zapatta091,1,5,1.0,6.0
bhutani_atul,0,1,0.0,1.0
kharibol,0,1,0.0,1.0
DaredevilzB,0,3,0.0,3.0
aupadhyay16,0,1,0.0,1.0
AbhishekDayal01,0,1,0.0,1.0
muralidg,0,1,0.0,1.0
RIJU87,0,2,0.0,2.0
sudhirnyc,0,1,0.0,1.0
JaganKurup,0,1,0.0,1.0
COMMONPEOPLE007,0,1,0.0,1.0
kdhrafani,0,1,0.0,1.0
Jia22071342,0,1,0.0,1.0
rajivballia,0,2,0.0,2.0
Suryaa22800974,0,1,0.0,1.0
Mastersagar8,0,1,0.0,1.0
ModiAgainAt2024,1,2,1.0,2.0
just_asking_tw,0,1,0.0,1.0
ronik1116,0,1,0.0,1.0
Dr__Sayan,0,2,0.0,2.0
issa_jatt19,0,3,0.0,4.0
malludoc,0,3,0.0,3.0
u21himanshu,0,1,0.0,1.0
rushabh_jain__,0,1,0.0,1.0
jee786,0,1,0.0,1.0
hbfetr,2,0,2.0,0.0
Ajay51830120,1,1,1.0,1.0
GoodGov53280513,0,1,0.0,1.0
JustBeingVK,0,10,0.0,18.0
SVishnuReddy,6,0,7.0,0.0
bobbydeol13,0,1,0.0,1.0
i_Mir_Afnan,0,1,0.0,1.0
theritesha,0,1,0.0,1.0
SomeshM39366864,0,1,0.0,1.0
614Chirag,0,7,0.0,7.0
Buffet68288430,0,1,0.0,1.0
HasnainWizard,0,1,0.0,1.0
Azad63356444,0,3,0.0,3.0
Politics_2022_,144,3,191.0,5.0
devyanidilli,2,1,3.0,1.0
OneWildHuman1,0,1,0.0,1.0
tamilnaadulive,0,1,0.0,1.0
the_sanghi_,0,3,0.0,3.0
nprakash1958,0,3,0.0,3.0
airnews_hyd,0,2,0.0,2.0
VAK706,0,2,0.0,2.0
LegalTL,3,0,3.0,0.0
ftmtbatt,1,3,1.0,3.0
bellafille29,0,1,0.0,1.0
Srini_imi,0,6,0.0,6.0
VsKasi,0,2,0.0,2.0
Elizatweetz,28,0,30.0,0.0
geminiseventh,1,3,1.0,3.0
APardawala,0,1,0.0,1.0
pappi_lehri,0,1,0.0,1.0
PCh1904,1,0,1.0,0.0
UmoekaIfiok,1,3,1.0,3.0
sandipkansagara,0,2,0.0,2.0
answerthe3,0,3,0.0,3.0
dc_oldmonk,0,1,0.0,1.0
ForeignPolicy,4,0,5.0,0.0
bvpraveen84,1,1,1.0,1.0
Youhan01169136,0,2,0.0,2.0
GautamK02117173,0,1,0.0,1.0
binodcbi1986,0,1,0.0,1.0
SkWarangal,1,0,1.0,0.0
iHarishBhardwaj,0,3,0.0,5.0
PRY72847742,0,1,0.0,1.0
hemant_p,0,1,0.0,1.0
vinnyloid,0,1,0.0,1.0
UrbanShrink,3,0,3.0,0.0
samreddii,0,6,0.0,7.0
JayeshV18085769,0,1,0.0,1.0
SivaYp,0,1,0.0,1.0
ShylajaShetty,1,0,1.0,0.0
Love_shayrii,0,1,0.0,1.0
Srinee,0,3,0.0,3.0
jaganmsna,1,0,1.0,0.0
_Pkj_1,0,1,0.0,1.0
nani_vajja,0,5,0.0,5.0
jcbehera,0,5,0.0,5.0
abhizaat82,2,0,2.0,0.0
ssumit26061,1,0,1.0,0.0
TanishkPrasad18,0,3,0.0,4.0
SrimanySovik,0,3,0.0,5.0
Krishna78237984,0,4,0.0,4.0
JaiSingh05,0,5,0.0,5.0
Azhar34_,0,1,0.0,1.0
SamBhatt17,0,1,0.0,1.0
ribiy3,0,1,0.0,1.0
shyamsek,3,0,3.0,0.0
Indian32165606,0,1,0.0,1.0
vishnuguptuvach,0,3,0.0,4.0
narayan78608297,0,1,0.0,1.0
liberal_pseudo,0,8,0.0,8.0
MusketeerKK,0,2,0.0,2.0
poljino,0,1,0.0,1.0
PaiVeena,0,1,0.0,1.0
ThePrabhatCh,0,1,0.0,1.0
IrritatedIndia,0,1,0.0,1.0
tksahoo,0,2,0.0,2.0
bisonXalpha,0,4,0.0,4.0
IMA_Indian,10,17,12.0,38.0
hiyajnesh,0,1,0.0,1.0
sendsmsfree,0,1,0.0,1.0
bessimon,0,1,0.0,1.0
SubhChak88,0,1,0.0,1.0
Rajas1995,0,1,0.0,1.0
ANANDA73,0,1,0.0,1.0
BharatIndiaAUM,0,2,0.0,3.0
naan_joh,0,2,0.0,2.0
DrJwalaG,1,0,1.0,0.0
TumharaAnand_,0,1,0.0,1.0
sanjaysaut1001,0,1,0.0,1.0
Brahma9909,0,3,0.0,4.0
pranjaltomar768,0,1,0.0,1.0
incubus_312,0,2,0.0,2.0
holesh_sharma,0,1,0.0,1.0
ashishdua_INC,1,0,1.0,0.0
someaveragGuy,0,1,0.0,1.0
voxwebapp,0,3,0.0,3.0
AustinPrabhu007,0,1,0.0,1.0
fnkey,0,1,0.0,1.0
prateekpanda441,0,2,0.0,2.0
tarunrai85,0,1,0.0,2.0
sumanth_karanth,0,1,0.0,1.0
azeemali3119,0,3,0.0,3.0
maverickkk69,0,1,0.0,1.0
udhan_khatola,0,1,0.0,1.0
singh_robb,1,5,1.0,5.0
Velayudham456,2,0,2.0,0.0
shaanada,0,1,0.0,1.0
jayeshrdave,0,2,0.0,2.0
ccredited_,0,1,0.0,1.0
cherryjo09,0,1,0.0,1.0
rpuni,4,0,5.0,0.0
pratiktwts,1,1,1.0,1.0
KapilGodara25,0,1,0.0,1.0
AnupMovvar,0,1,0.0,1.0
PareshDavaria,0,2,0.0,2.0
sphavisha,2,0,2.0,0.0
HNdusthan,0,2,0.0,2.0
Jaitamitra0,0,2,0.0,2.0
SushilMunje,0,1,0.0,1.0
naramphani,0,1,0.0,1.0
allvishh,0,3,0.0,4.0
vascoy,0,2,0.0,2.0
journosden,0,2,0.0,2.0
dingdangdish,0,1,0.0,1.0
monsterkhan,0,1,0.0,1.0
sandeepsingh200,0,1,0.0,1.0
Pank_mady,0,1,0.0,1.0
Umshchndra,0,4,0.0,5.0
Hemraj15_03,0,1,0.0,2.0
Asthaanil,0,1,0.0,1.0
resolutesurya,0,1,0.0,1.0
AFTABSH27617149,0,1,0.0,1.0
im_ankit15722,0,1,0.0,1.0
TriptiRTiwari,3,13,3.0,19.0
SnehaMlr,0,1,0.0,1.0
WuntakalL,6,1,11.0,1.0
SanghiLiveWire,0,1,0.0,1.0
cmkahlon,0,4,0.0,4.0
BaapofPakistani,0,1,0.0,1.0
Stoicmusingss,0,1,0.0,1.0
malthnks,1,0,1.0,0.0
dineshkurup,0,1,0.0,1.0
JujharSBrar,2,1,2.0,1.0
abhaykashyapbjp,0,1,0.0,1.0
akmeena1423,0,2,0.0,2.0
NishantIem,0,1,0.0,1.0
NabajitSaha11,0,1,0.0,1.0
PandaSahaab,0,1,0.0,1.0
Prabhur75045932,0,1,0.0,1.0
Bam2bole,0,5,0.0,5.0
Ravie72371695,0,1,0.0,1.0
pononline,0,1,0.0,1.0
MovieLo58047624,0,1,0.0,1.0
nareshkatra5,0,1,0.0,1.0
mukuvarma,1,4,1.0,6.0
JoyeeTweets,0,1,0.0,1.0
akher4u,0,1,0.0,1.0
jatinnsays,0,1,0.0,1.0
dswainbsnl,0,1,0.0,1.0
Manish84600645,0,1,0.0,1.0
sanjeev8273,0,2,0.0,2.0
vetrimalmozhi,0,1,0.0,1.0
D87948263,0,2,0.0,2.0
Verpratech,0,1,0.0,1.0
AshuLovemyDesh,0,1,0.0,1.0
manojbarik99,0,1,0.0,1.0
Jasmine23320134,0,4,0.0,4.0
ejwTN,0,1,0.0,1.0
rshenoy87,0,2,0.0,2.0
highlycritical1,0,1,0.0,1.0
SubratN,1,2,1.0,2.0
Gunderaoj11,0,1,0.0,1.0
SumitResearch,0,1,0.0,1.0
HarmeekSJ,1,1,1.0,1.0
SagarJa46168628,0,1,0.0,1.0
_bhujbalatharva,0,1,0.0,1.0
srivastava4,0,2,0.0,2.0
rohanbkakde,0,5,0.0,5.0
hareeshhosmane9,0,2,0.0,2.0
akssinghal,0,1,0.0,1.0
ILANGO98193,0,3,0.0,3.0
vpj25,0,1,0.0,1.0
jefferycj,0,1,0.0,1.0
RituRajqsc74,0,2,0.0,2.0
VikMahajan,0,1,0.0,1.0
Trenchant2,0,1,0.0,1.0
IamMadhurendra,0,2,0.0,2.0
Azalapur,0,1,0.0,1.0
AshwinKannadiga,2,1,2.0,1.0
_krishna_yadava,0,1,0.0,1.0
fancyfinancier,0,1,0.0,1.0
ShubhamK3030,0,1,0.0,1.0
muthuramanrmb,0,1,0.0,1.0
kaniyan01,0,1,0.0,1.0
BrianFernandes4,0,1,0.0,1.0
krushna_mur,0,1,0.0,1.0
HumanofIndian,0,1,0.0,1.0
iammishrapk,0,1,0.0,1.0
umsshukla,0,1,0.0,1.0
Gopalkris1983,0,9,0.0,9.0
MadhukumarVP1,1,1,1.0,1.0
sarkarsantosh,0,1,0.0,1.0
rajakjs,0,2,0.0,3.0
emperor_mohd,0,1,0.0,1.0
amit_pranay,0,1,0.0,1.0
ishadrita,3,1,3.0,1.0
tanyapatnaik,0,2,0.0,2.0
RaheshNayer2,1,1,1.0,1.0
SunilOfficialA,0,1,0.0,1.0
kurumbathodi,0,1,0.0,1.0
HMehta1992,0,1,0.0,1.0
noidanavigator,0,1,0.0,1.0
bhatta_agd,0,1,0.0,1.0
omislam85,0,1,0.0,1.0
neelsavla92,0,1,0.0,2.0
PITCHBOSS,1,1,1.0,1.0
VinayCamay,0,2,0.0,2.0
shivsha93525937,0,3,0.0,3.0
Ashutos30568466,0,1,0.0,1.0
amitamajor,0,1,0.0,1.0
SoillyLands,0,1,0.0,1.0
AnmolPanwar_88,0,1,0.0,1.0
brijalshah,0,1,0.0,1.0
profpratap,0,9,0.0,19.0
SabyasachiBasu_,1,0,1.0,0.0
akron_88,0,2,0.0,2.0
shopconwala,0,1,0.0,1.0
parantapah,1,1,1.0,1.0
TheMahi18,0,1,0.0,1.0
TickooC,0,1,0.0,4.0
kulkarnitanvi,0,1,0.0,1.0
archbhoo,1,2,1.0,2.0
56ravinder,0,1,0.0,1.0
Men_R_Don,0,1,0.0,1.0
thehawkeyex,39,1,41.0,1.0
FunkyBuddy07,0,1,0.0,1.0
no1isperfectji,0,1,0.0,1.0
sandeep2c,0,1,0.0,1.0
ShivamShankarS,1,2,1.0,2.0
bharatria,0,1,0.0,1.0
ajitsourot,0,2,0.0,2.0
mahimanambiar,1,0,1.0,0.0
SiDArT1412,0,1,0.0,1.0
khaleejtimes,2,0,2.0,0.0
MEDITAT52588840,0,2,0.0,2.0
Charas_Gaanja,0,1,0.0,1.0
Purvaiya2,0,1,0.0,1.0
BrajTamrakarAm1,0,1,0.0,1.0
KaushalRamc,0,1,0.0,1.0
swapnil10q,0,1,0.0,1.0
tarauk,1,0,2.0,0.0
KyRosha,0,1,0.0,1.0
Sem_content,0,1,0.0,1.0
NikhilROSSONERI,0,1,0.0,1.0
reena_gaurav,0,2,0.0,2.0
pratul_mall,0,1,0.0,1.0
TusharTajane,0,1,0.0,1.0
SubhashHati,0,3,0.0,4.0
sandeshrane2006,0,1,0.0,1.0
KingCrypo,0,1,0.0,1.0
NishithR88,0,7,0.0,7.0
DrBanerjeeJoy,0,1,0.0,1.0
Shivaji10554881,0,1,0.0,1.0
Manjuhombaradi,0,1,0.0,2.0
ranjank63,0,1,0.0,1.0
kashsanj,0,3,0.0,4.0
FreeMindKeenEye,1,2,1.0,2.0
sunil992004,0,1,0.0,1.0
guttu73,0,3,0.0,3.0
Honestalways192,1,1,1.0,1.0
asfandmudassir,0,1,0.0,1.0
Ramnani_Rahul,0,1,0.0,1.0
AmardipSpeaks,0,1,0.0,1.0
matinpertin299,0,2,0.0,2.0
eagle1_eyes,0,2,0.0,2.0
nrperivela,0,2,0.0,2.0
Mediarama2,0,1,0.0,1.0
imarti_o,0,3,0.0,3.0
AmanPradyuman,0,4,0.0,4.0
FactChecker09,0,1,0.0,1.0
NayanBh24992024,0,1,0.0,1.0
santanuparida1,0,1,0.0,1.0
r_vaid,0,1,0.0,1.0
DebabrathD,0,2,0.0,2.0
csckdash,0,1,0.0,1.0
crap_political,0,1,0.0,1.0
ankitmarc08,0,1,0.0,1.0
Anirudh_Dumbal,0,1,0.0,1.0
iamakshay_007,0,1,0.0,1.0
tweety160506,0,1,0.0,1.0
shubhbest,0,1,0.0,1.0
Santa8359,0,1,0.0,1.0
ChandanSri1986,0,5,0.0,5.0
villager_city,0,1,0.0,1.0
Yashtatrari,0,1,0.0,1.0
vivekgoyall_,0,1,0.0,1.0
kw841,0,1,0.0,1.0
Kunal_Tweeets,0,1,0.0,1.0
unclesatty,0,1,0.0,1.0
max_amit,0,1,0.0,1.0
beingkind_nisar,0,3,0.0,3.0
aashish_katare,0,4,0.0,4.0
NewIndia2040,0,2,0.0,2.0
onebirdsnest,0,1,0.0,1.0
iyer_nihar,0,1,0.0,1.0
thakur_sameer,0,3,0.0,3.0
Rveerreddy,1,11,1.0,20.0
AmberBl06099239,0,1,0.0,1.0
idesibanker,0,4,0.0,5.0
chheda_pravin,0,2,0.0,2.0
sa4868,0,1,0.0,1.0
jobinindia,0,2,0.0,2.0
Suvaha8,0,5,0.0,5.0
Na7vs,0,1,0.0,1.0
AnshulGhogre,0,1,0.0,1.0
LoudCloud3685,0,1,0.0,1.0
tan967_1,0,1,0.0,1.0
hari000123,1,1,1.0,1.0
ND12LS,0,1,0.0,1.0
Coral_Stone,0,2,0.0,2.0
VamsiSirivolu,0,2,0.0,2.0
sgurumurthy,14,0,17.0,0.0
krishnamurthir,0,1,0.0,1.0
NalinAnant,1,0,1.0,0.0
Krish100c,0,6,0.0,6.0
ta28391,0,2,0.0,2.0
DrSanjibG,2,2,2.0,2.0
RISHABHROHILL,0,2,0.0,3.0
Jitesh18813332,0,1,0.0,1.0
VidyaLad,0,3,0.0,3.0
BhowmikKausik,1,1,1.0,1.0
DRRAJESHKAPURIA,0,1,0.0,1.0
shankarvetal,0,1,0.0,1.0
DhirajS89391816,0,2,0.0,2.0
Lawyershivam,0,2,0.0,2.0
inder0079,0,2,0.0,2.0
navmatic,0,1,0.0,1.0
FASIULLAHKHAN6,0,3,0.0,3.0
chankonte35,0,1,0.0,1.0
aayeff1,17,1,31.0,1.0
michaelbevan555,0,1,0.0,1.0
Rocky55897929,0,1,0.0,1.0
bismay_inc,0,3,0.0,3.0
CoolGaurav47,0,2,0.0,2.0
business_today,2,0,2.0,0.0
karthik_s3,0,2,0.0,2.0
SHIBIN36,0,1,0.0,1.0
arnabde83036293,0,1,0.0,1.0
JavidSh17872832,0,2,0.0,2.0
sherryom,0,1,0.0,1.0
Corthy2,0,3,0.0,3.0
realsiff,2,0,2.0,0.0
monikaa6688,0,1,0.0,1.0
i1v1,0,1,0.0,1.0
tweeple_rakesh,0,2,0.0,2.0
Pup15434879,0,1,0.0,1.0
latajag,0,1,0.0,1.0
ronaksoni59,0,1,0.0,1.0
ShivKMBL00,1,1,1.0,1.0
sriramnarasim,1,0,1.0,0.0
KarthikIndrAnna,1,0,2.0,0.0
p35075386,0,1,0.0,1.0
HadenAllie,0,1,0.0,1.0
vjshankar,0,5,0.0,5.0
gaganbnayak,0,1,0.0,1.0
todilo1,0,1,0.0,1.0
superlimnl,1,1,1.0,1.0
BhargavaB7,0,1,0.0,1.0
Madorwat,0,1,0.0,1.0
ketycares,0,1,0.0,1.0
sawarn_ayush,1,2,1.0,2.0
hiMaLyan_ranger,0,1,0.0,1.0
vikram140gulati,0,15,0.0,25.0
TeluguHindu,0,1,0.0,1.0
Rj_amarjeet,0,1,0.0,1.0
rajivspeaks_,0,2,0.0,2.0
anuragshaarma,0,1,0.0,1.0
Rajan78160775,1,0,1.0,0.0
AvikJindal,0,3,0.0,5.0
ajayt7_,0,1,0.0,1.0
PratibhaSh511,0,1,0.0,1.0
Saffron_Bros,1,1,1.0,1.0
NewsWorldIN,0,2,0.0,2.0
KohinoorSpeaks,2,0,2.0,0.0
ankittfit,1,1,1.0,1.0
TheGopalan,2,2,2.0,2.0
hmz_scarne,1,1,1.0,1.0
niswarth,0,1,0.0,1.0
atinspeaks,0,1,0.0,1.0
tinucherian,10,1,11.0,1.0
venkyorg,0,1,0.0,1.0
PrithaBandyop10,1,10,1.0,15.0
nealdeo22,0,1,0.0,3.0
snehaambekar,0,1,0.0,1.0
WeDravidians,11,0,13.0,0.0
mihir_quest,0,1,0.0,1.0
Shravan94133,0,4,0.0,4.0
Inamullahk1,0,1,0.0,1.0
Vijayafourth,0,2,0.0,2.0
SRIRobinji1,0,3,0.0,3.0
BIJOY_AITC,1,0,2.0,0.0
savetulunaad,0,1,0.0,1.0
brandlytics,0,4,0.0,4.0
rajeshprsd,0,1,0.0,1.0
BloomM2345,0,4,0.0,4.0
IndianAli7,0,1,0.0,1.0
muggle_lad,0,1,0.0,1.0
FanOfGMB,0,1,0.0,1.0
GoldenEagleView,0,1,0.0,1.0
boobna,0,4,0.0,5.0
JeevanDhareshw1,0,2,0.0,3.0
sathish23988723,0,2,0.0,2.0
uday_birje,0,1,0.0,1.0
officeofdrtv,0,2,0.0,2.0
Abahirat2,0,1,0.0,1.0
NrIndiapolo,0,1,0.0,1.0
prasanjeet_TNIE,0,1,0.0,1.0
madihanaseer007,0,2,0.0,2.0
KejriwalTamil,0,2,0.0,2.0
vivekmalhotra88,0,1,0.0,1.0
bansalnat5680,0,2,0.0,2.0
KajaVinoth,0,3,0.0,9.0
pk_comrade_03,0,1,0.0,1.0
HumorousSamar,0,2,0.0,2.0
prathap402246,0,2,0.0,2.0
AnilmnaikAnil,0,1,0.0,1.0
singhratan656,0,1,0.0,1.0
Chandradev_123,0,1,0.0,1.0
Hafsa_RG,1,0,1.0,0.0
Miteshah0187,0,1,0.0,1.0
jayaramkasi,0,1,0.0,1.0
ShantiHyderabad,0,1,0.0,1.0
qurAA84,0,1,0.0,1.0
Internetdevta,0,1,0.0,1.0
lokeshreddy94,0,4,0.0,6.0
Jignesh03348206,0,1,0.0,1.0
Venkatramansre3,0,1,0.0,1.0
CryptoKingIDO,1,1,1.0,2.0
nirjaanuja,0,1,0.0,1.0
indianmarket8,0,3,0.0,3.0
venantiuspinto,0,2,0.0,2.0
Utkarsh10774247,0,2,0.0,2.0
RKCERTIFIED,8,2,9.0,2.0
pspktwiter,0,1,0.0,1.0
psgazi,1,0,1.0,0.0
AshishMalpani1,0,1,0.0,1.0
DevApk1984,0,1,0.0,1.0
Kaal108,0,1,0.0,1.0
newbie1009,0,1,0.0,1.0
stud88282483,0,1,0.0,1.0
_Breaking_Newz,0,2,0.0,2.0
Gangadh09274818,0,1,0.0,1.0
FawasYousaf,0,1,0.0,1.0
PerumalNavanee,0,2,0.0,2.0
amanmithaa,3,0,4.0,0.0
Kishorenayak04,0,1,0.0,1.0
Farhankhann20,0,1,0.0,1.0
Prittam53277337,0,1,0.0,1.0
sarcaustic_soda,0,1,0.0,1.0
amrut9669,0,1,0.0,1.0
openmindedatma,0,1,0.0,1.0
kartikeya_1975,2,0,2.0,0.0
Shrreygulati,0,2,0.0,2.0
rahulm1600,1,2,1.0,2.0
mindspeak01,1,1,2.0,1.0
mister_nobody__,1,1,1.0,1.0
SatyaMohanty91,0,1,0.0,1.0
kshitij1114,0,1,0.0,1.0
ranjitha141189,0,1,0.0,1.0
Arkodeep1,1,1,1.0,1.0
BattleAXE___,0,1,0.0,2.0
bhupendrapratap,0,1,0.0,1.0
sanandiya_rahul,0,1,0.0,1.0
BangaloreBnn,0,1,0.0,1.0
invest_2021,0,1,0.0,1.0
MayankgargGarg,0,2,0.0,2.0
vineet66,0,17,0.0,29.0
adityagharge8,0,8,0.0,9.0
trivedidn,0,1,0.0,1.0
NaseemaZaidi,0,1,0.0,1.0
manishkargupta1,0,2,0.0,2.0
mailkashyap2002,0,3,0.0,4.0
Om40hm,2,1,2.0,2.0
chinmoyee5,2,0,2.0,0.0
SatyaMandiga,0,6,0.0,6.0
NirjhariSinha,1,0,1.0,0.0
4550K,0,1,0.0,1.0
indiacivilwatch,0,2,0.0,2.0
Anirban_AITC,1,4,1.0,5.0
INCmukeshsaini,1,3,1.0,5.0
TheDibyanshu,0,3,0.0,3.0
Sunny110001,0,6,0.0,6.0
Manesha76,1,0,2.0,0.0
vishyey,0,1,0.0,1.0
WorldViralPoll,0,3,0.0,3.0
drrasala,0,1,0.0,1.0
anandji72,0,1,0.0,1.0
RaviJangidBH,0,1,0.0,1.0
JainSauhard,0,3,0.0,4.0
krishnakant_75,0,6,0.0,6.0
TejasChintamani,0,1,0.0,1.0
makhilreddi,1,1,1.0,1.0
SurendhraMohan,0,1,0.0,1.0
radhikaXYZ,0,4,0.0,4.0
TanishaChandra3,0,1,0.0,1.0
shirish1,1,1,1.0,1.0
ArifMomin101,0,1,0.0,1.0
Sung_E_Indian,1,0,1.0,0.0
pitchaijohn1961,7,4,7.0,4.0
NeetFiles,0,2,0.0,2.0
GChintamani,0,1,0.0,1.0
ravihkg99,0,1,0.0,1.0
Anuraag_Shukla,0,1,0.0,1.0
EagleE_y_e,1,3,1.0,3.0
SSamchandra,0,3,0.0,3.0
sideack,0,1,0.0,1.0
srinivas_shaz,0,2,0.0,2.0
ayushsharma1993,0,1,0.0,1.0
RajeshGuwahati,0,1,0.0,1.0
i_jatinattri,0,4,0.0,4.0
TheRockHard5,0,1,0.0,1.0
2tionplus,0,1,0.0,1.0
atulkap71096781,0,1,0.0,1.0
tkvyas2104,0,1,0.0,1.0
SRINIBA58350681,0,1,0.0,1.0
prabinkp,0,2,0.0,3.0
JhaRahul_Bihar,4,1,5.0,1.0
_faith_is_power,0,1,0.0,1.0
cedivyanshu,0,1,0.0,1.0
SandeepKG711,0,3,0.0,3.0
loudspeaker_off,0,2,0.0,2.0
VINEET1966,0,5,0.0,5.0
PolitiCrooks,6,0,6.0,0.0
manojsunny143,0,1,0.0,1.0
AKhotkat,0,1,0.0,1.0
Narendr33404951,0,2,0.0,2.0
rajaramayk,0,1,0.0,1.0
RDS750044,0,3,0.0,12.0
PratibhaAgraw16,0,1,0.0,1.0
RohitSa04611530,0,2,0.0,2.0
Asylum_News9,0,1,0.0,1.0
RoKhanna,91,0,96.0,0.0
BJP_Suhasini,0,1,0.0,1.0
Udhayasocial4,0,2,0.0,2.0
121sonu,0,2,0.0,2.0
manasvi_s,0,1,0.0,1.0
MrSharma987,2,0,2.0,0.0
DEVAKINIRANJAN1,0,2,0.0,2.0
sahityashikre,0,1,0.0,1.0
DemNsq,0,1,0.0,1.0
zoo_bear,119,0,120.0,0.0
sumanpoddar14,0,4,0.0,6.0
pandeyshir1,0,1,0.0,1.0
iabhishektyagi,0,5,0.0,7.0
RoshniMeeta,0,1,0.0,1.0
rudregowdadn,0,1,0.0,1.0
joesaggar,0,2,0.0,2.0
iSwapnilpathre,1,0,1.0,0.0
NoVa_Politics,1,0,1.0,0.0
Vishnu_abhi,0,1,0.0,1.0
BonySen,0,1,0.0,1.0
KingOfTamil009,0,2,0.0,4.0
1TimeVoter,0,2,0.0,3.0
goodcitizen22,0,2,0.0,2.0
pradipkrmishra,0,2,0.0,2.0
PatraAbhranil,0,1,0.0,1.0
M_A_abhijeet,1,1,1.0,1.0
aqs101,0,1,0.0,1.0
Amarnat04914317,0,2,0.0,2.0
SamiullahGhani1,0,1,0.0,1.0
TharunWadhwa,0,1,0.0,1.0
Rohit270294,0,2,0.0,4.0
TheQuint,26,0,33.0,0.0
UthishtaBharat_,0,1,0.0,1.0
SamSawyerpuram,0,1,0.0,1.0
jsudhakar66,0,1,0.0,1.0
SumanJRamesh,0,1,0.0,1.0
kvsach,0,1,0.0,1.0
ankush65,0,1,0.0,1.0
amCoorgManu,0,4,0.0,5.0
Amit786malik,0,1,0.0,1.0
alithinksout,0,1,0.0,1.0
VINODMI27154371,0,1,0.0,1.0
Sridhar_S1,0,2,0.0,2.0
Dip_Paitandi7,0,1,0.0,1.0
MuhamedShajahan,0,1,0.0,1.0
dandy_ajay,0,1,0.0,1.0
sharu2279,0,2,0.0,2.0
IAS2511,0,1,0.0,1.0
OyeSoni,0,1,0.0,1.0
g1_pranav,0,2,0.0,2.0
dr_mahesh_dixit,0,1,0.0,1.0
shaheenconty,0,1,0.0,1.0
sagorika_s,2,0,2.0,0.0
Man_deep_t,0,3,0.0,3.0
ChinmayKadam9,0,1,0.0,1.0
DHGaikwad12,2,3,2.0,3.0
AaqeebDr,0,2,0.0,2.0
PrasantRay9,0,1,0.0,1.0
LOLpundit007,0,1,0.0,1.0
hardcorebanda,0,1,0.0,1.0
Johnleeabraham,0,4,0.0,4.0
SriniK_t,0,2,0.0,2.0
Jasonphilip8,3,1,3.0,1.0
PandeySatyadev,0,3,0.0,3.0
shau_ni,0,1,0.0,1.0
CAequity,0,1,0.0,1.0
CommonM71714910,0,1,0.0,1.0
iamnigam14,0,2,0.0,2.0
ChiraajeetDey,0,2,0.0,2.0
shishirtripathe,0,1,0.0,1.0
iamDarshanS,0,3,0.0,3.0
Watsay,0,1,0.0,1.0
nitesh_gu,0,2,0.0,2.0
praviny19022431,0,1,0.0,1.0
brigarunsahgal,0,2,0.0,2.0
eartherian,0,2,0.0,5.0
BDaddyIsBack,0,2,0.0,2.0
rakhi07priya,0,2,0.0,2.0
RanaMoinUddin2,0,1,0.0,1.0
kk503763,0,1,0.0,1.0
JayantBhandari5,7,0,7.0,0.0
ravindraryadav,0,1,0.0,1.0
FactsTrace,1,0,1.0,0.0
VijayYagnik5,0,1,0.0,1.0
CA_Proud_Indian,0,1,0.0,1.0
shishirgrahach3,0,1,0.0,2.0
INCashishsaini,1,3,1.0,3.0
HinduDharma1,7,0,7.0,0.0
sandesh_samant,3,1,3.0,1.0
RaySush,0,1,0.0,1.0
Indian_Brawls,0,10,0.0,12.0
DP_8888,1,0,1.0,0.0
David03436704,1,1,1.0,1.0
DineshL49060915,0,3,0.0,3.0
BeingsyedLateef,0,1,0.0,1.0
0777satish,0,4,0.0,5.0
UmaKantPandey_,0,2,0.0,2.0
TheReviewPicker,0,1,0.0,1.0
caarpit83,1,6,1.0,6.0
trsriniwas,1,2,3.0,2.0
DrUjjalMajumde2,0,2,0.0,2.0
Vishnugupt__,0,2,0.0,3.0
right2heart,0,1,0.0,1.0
ind_rajat92,6,0,14.0,0.0
imVenomIAS,0,2,0.0,2.0
goel_udit,0,2,0.0,2.0
pankajanand0702,0,1,0.0,1.0
nawedbelagam,0,1,0.0,1.0
Zakirranga,1,1,1.0,1.0
TamilTheHindu,4,0,4.0,0.0
DurgaMenon,1,0,1.0,0.0
ThanathaniS,0,1,0.0,1.0
nothinktanker,0,2,0.0,2.0
sridhar001,0,1,0.0,1.0
NeedhiMurasu,0,7,0.0,7.0
Satyam_Chs,0,1,0.0,1.0
AyadoureStalin,0,1,0.0,1.0
Niranja93692093,1,3,1.0,3.0
i__am__ani,0,1,0.0,1.0
Priyanshi11G,0,5,0.0,6.0
AjitPansare,0,2,0.0,2.0
SharmaA42683845,0,1,0.0,1.0
Cric_casm882,0,1,0.0,1.0
extremist,0,1,0.0,1.0
thepostnews11,1,4,1.0,4.0
KaleemAhmadKha5,0,2,0.0,2.0
risk_return,0,1,0.0,1.0
trollove1,0,3,0.0,3.0
RubyGuha,2,0,2.0,0.0
abhisingh911,0,2,0.0,2.0
abjohny1,0,1,0.0,1.0
socialmatter2,0,1,0.0,1.0
AfzalBRS,0,1,0.0,1.0
A_Yadav_Dholera,0,2,0.0,2.0
rajeshroy1929,1,0,1.0,0.0
Ooranjan,0,2,0.0,2.0
WaniKushal,0,2,0.0,2.0
IntrospectingH,0,1,0.0,1.0
bhagyavanthanu,1,2,1.0,2.0
goldgurugaurav,0,1,0.0,1.0
hindupost,2,0,3.0,0.0
MarineChennai,0,1,0.0,1.0
BHAAARAAT,0,2,0.0,2.0
ANILCHA23592803,0,1,0.0,1.0
Ramaswamie,0,2,0.0,3.0
ankisp,0,1,0.0,1.0
UhSumLadenBin,0,1,0.0,1.0
DibyasinhaSah00,0,2,0.0,2.0
sethu2subha,0,2,0.0,2.0
Himansh41124128,0,1,0.0,1.0
roohmisra,0,1,0.0,1.0
J_A_I_ROHITIANS,0,1,0.0,1.0
rphealth007,0,2,0.0,2.0
MadhavanArjunan,0,1,0.0,1.0
Vijaya20785192,1,0,1.0,0.0
Neonteal1,1,1,1.0,1.0
v_j1983,0,1,0.0,1.0
DrAmolAnnadate,0,2,0.0,2.0
raghava838,0,3,0.0,3.0
Nandhaoffl,0,2,0.0,2.0
vpp_nkg,0,1,0.0,1.0
tv9gujarati,7,1,7.0,3.0
vsaner18,0,1,0.0,1.0
mkvenu1,8,1,22.0,1.0
AbhishBanerj,46,1,49.0,1.0
bgaggar,0,2,0.0,2.0
AdamBanqash,0,3,0.0,3.0
BalakPardesi,0,1,0.0,1.0
sha_nikhil,0,1,0.0,1.0
champrose,0,2,0.0,8.0
warierSalman01,0,1,0.0,1.0
Ammyjd1,0,2,0.0,2.0
jvsrk70,0,4,0.0,4.0
nara_rajagopal,0,1,0.0,1.0
nathu2081973,0,3,0.0,3.0
Mooni_Sakya,0,1,0.0,1.0
SatraSanjay17,0,1,0.0,1.0
prgti_bhaira,0,3,0.0,4.0
manitsk,0,2,0.0,2.0
nivesingh,0,2,0.0,2.0
brarrmandeep,0,1,0.0,1.0
ManojSasikumar3,0,3,0.0,3.0
paliwal_ranjan,0,1,0.0,1.0
TheArahat,1,0,1.0,0.0
naresh_kacham,0,1,0.0,1.0
Turiyamm,0,2,0.0,2.0
bullyfromdesert,0,1,0.0,1.0
VGM07513216,0,1,0.0,1.0
nandaakumar,0,1,0.0,1.0
PyroBors,0,4,0.0,6.0
venkatRRP,0,3,0.0,4.0
woahbarman,0,1,0.0,1.0
augustinjacob6,0,5,0.0,5.0
Venkate98225655,0,2,0.0,3.0
VijaysMusings,0,2,0.0,2.0
nigelstfu,1,1,1.0,1.0
nsshree,0,2,0.0,3.0
GoyalLaxmikant,0,1,0.0,1.0
RiderIndian08,0,9,0.0,18.0
imRavi81,0,1,0.0,1.0
Temp97531,0,1,0.0,1.0
IdarisPatel,0,1,0.0,1.0
veryrv75,0,2,0.0,2.0
casahilmehta,0,1,0.0,1.0
DhondiramShelar,0,1,0.0,1.0
nondensocialist,0,2,0.0,2.0
Gauravk67653326,0,1,0.0,1.0
svauj2,0,1,0.0,1.0
SatyenB83,0,1,0.0,1.0
ASG0009,0,1,0.0,1.0
harsha_moksha,0,2,0.0,2.0
CsvRamanakumar,0,1,0.0,1.0
Jramrania,0,1,0.0,1.0
JasBJP,1,0,3.0,0.0
ahyaulafkar,0,1,0.0,1.0
wajad_ulla,1,1,1.0,1.0
hokyarahahaibe,0,1,0.0,1.0
ChachaJi_1,0,2,0.0,4.0
AmitabhNegiDDN,0,2,0.0,2.0
dillipjena20,0,1,0.0,1.0
KICVN,0,2,0.0,2.0
Bhaprra27,0,1,0.0,1.0
papondarboliya,0,2,0.0,2.0
DavidKS20,0,1,0.0,1.0
abhishekkatiyar,0,2,0.0,3.0
iam_joshan,0,1,0.0,1.0
rscIndian,0,1,0.0,1.0
wtfgauravvvv,1,0,1.0,0.0
AnuragG97516689,0,2,0.0,2.0
Rajiv_Scorpio,0,2,0.0,2.0
raghub32,0,1,0.0,1.0
plaxo1983,0,1,0.0,1.0
DrDavidGK,0,1,0.0,1.0
Pathak1Anupam,0,1,0.0,1.0
kalpanajhajhar1,0,2,0.0,2.0
yogeshp99980230,0,1,0.0,1.0
nermayalan,0,1,0.0,1.0
NitinGharge,0,1,0.0,1.0
Ashutosh13150,0,1,0.0,1.0
VettichiraDimon,0,1,0.0,1.0
Nishant20529902,0,1,0.0,1.0
mugil_19,0,1,0.0,1.0
DrAmanRathore,0,2,0.0,2.0
_el_wolfie_,0,1,0.0,1.0
rdsharma_,0,2,0.0,2.0
_Jasmine___1,1,1,1.0,1.0
Pvenkatramredd1,0,1,0.0,1.0
RahulBalachan10,0,1,0.0,1.0
imjadejo,0,1,0.0,1.0
mitraproso,0,1,0.0,1.0
VideshiPaul,0,1,0.0,1.0
Deepanshu_1810,2,0,2.0,0.0
AwaazAzad,0,2,0.0,2.0
AipcMumbaiNorth,0,2,0.0,2.0
Virathu7,0,9,0.0,9.0
Mehboob111Ali,0,1,0.0,1.0
perspicacite,0,6,0.0,11.0
NishaAjayKanoj1,0,3,0.0,3.0
amanverm_a,1,0,1.0,0.0
bhavya1705,0,1,0.0,1.0
sudeshk26267892,0,1,0.0,1.0
shippie77,0,1,0.0,1.0
N_Srikant77,0,1,0.0,1.0
Sharad22797808,0,1,0.0,1.0
ajitjadeja14,0,1,0.0,1.0
sabari58438036,0,3,0.0,3.0
syasitweets,0,1,0.0,1.0
Anshuma00036689,0,2,0.0,2.0
arifshaikh,0,1,0.0,1.0
RajeevMatta,2,1,2.0,2.0
VijayNa94420880,0,1,0.0,1.0
kcvenugopalmp,40,1,44.0,1.0
GavandiSoniya,0,5,0.0,5.0
Kamalcmehta,0,2,0.0,3.0
priyeyadavindia,0,1,0.0,1.0
devCodiyapa,0,1,0.0,1.0
rsudharshan95,1,2,1.0,2.0
Bhaskar69914806,0,2,0.0,2.0
Brreddy2018,0,2,0.0,3.0
venkatactive,0,3,0.0,3.0
pronami007,0,2,0.0,2.0
JAslamBasha,1,1,2.0,1.0
4everVirat,0,1,0.0,1.0
TAAspeaks,0,1,0.0,1.0
PranjalKSarma,0,3,0.0,3.0
pete5308,2,3,2.0,3.0
PratheeshGN,0,1,0.0,1.0
arav_m,0,1,0.0,1.0
ManojShenoyTCS,0,1,0.0,1.0
sanandanbk,0,1,0.0,1.0
PSSaravanakuma3,0,1,0.0,1.0
10thState,0,2,0.0,2.0
shrivanand,0,1,0.0,2.0
shashimylar,0,1,0.0,1.0
young_india77,0,1,0.0,1.0
Kumar70971507,0,1,0.0,1.0
CongressSevadal,4,0,5.0,0.0
avinash2it,0,2,0.0,2.0
nytimesworld,4,0,4.0,0.0
bobby_bains,0,1,0.0,1.0
prkpunter,0,1,0.0,1.0
MumtazHakeem3,0,2,0.0,2.0
Govinda63106467,0,3,0.0,3.0
natrajan22,0,1,0.0,1.0
Chaubeyji_,0,1,0.0,1.0
HudaZahira,0,1,0.0,1.0
manjunatharaosn,0,1,0.0,1.0
EqualityRahul,0,2,0.0,2.0
PragmaticN,0,1,0.0,1.0
iRohitTanwar,0,1,0.0,1.0
Vik4660,0,2,0.0,2.0
pramodthimmaiah,0,4,0.0,5.0
Sundheep132,1,3,1.0,3.0
BLDADHICH,0,1,0.0,1.0
DhivaharJ1,0,4,0.0,4.0
carakshitmadaan,0,2,0.0,2.0
prakashpatelMD,2,1,2.0,1.0
sujithksu,0,1,0.0,1.0
ConnectGujarat,0,1,0.0,2.0
ladhuchoudhary,1,1,1.0,1.0
NSUNILK76414368,0,2,0.0,2.0
RanjanfromAlwar,0,2,0.0,2.0
ghoshkk,1,19,2.0,21.0
thelip75,1,0,1.0,0.0
AvinashRautela1,0,1,0.0,1.0
DailyExcelsior1,2,0,2.0,0.0
ShylajaVarma,0,1,0.0,1.0
saurin_jhaveri,0,1,0.0,1.0
HansraGurvir,0,2,0.0,3.0
SandeepK1979,0,5,0.0,9.0
OvaisSultanKhan,0,1,0.0,1.0
AmirKha05345016,0,1,0.0,2.0
DRohit4518,0,1,0.0,1.0
MayaK_23,0,1,0.0,1.0
cynicalminds0,0,2,0.0,2.0
GeetsDee,0,1,0.0,1.0
soubhagya_bal,0,1,0.0,1.0
dharma0077,0,1,0.0,1.0
livelydk,0,1,0.0,1.0
NitinShuklaIND,0,3,0.0,5.0
nom_d_plum,1,0,1.0,0.0
vishalmakani,0,3,0.0,3.0
iMPraka76048435,0,2,0.0,2.0
Rahulsi28000933,0,2,0.0,2.0
BeingHumanShan,0,3,0.0,3.0
Siddabs,0,1,0.0,1.0
JimCottonHeMan,0,3,0.0,3.0
pratima_binjola,0,1,0.0,1.0
DcWalaDesi,0,4,0.0,4.0
muteaudience,0,1,0.0,1.0
champc3827,0,1,0.0,1.0
AdityaRathod71,0,2,0.0,2.0
jaidurgesh87,0,2,0.0,3.0
nehal_raval,0,1,0.0,1.0
ranendra_ojha,0,2,0.0,2.0
vijaykm68,0,2,0.0,2.0
ajayksingh79,0,4,0.0,5.0
Indian_Heart_01,0,1,0.0,1.0
TheAnuragMishra,0,2,0.0,3.0
Kushagrabindal,0,1,0.0,1.0
atul_vyas,0,1,0.0,1.0
SatyamV46148757,1,1,1.0,1.0
postcard_news,1,0,1.0,0.0
Subash2Dr,1,0,1.0,0.0
Ridhm_1,0,1,0.0,1.0
PSD_is_here,0,1,0.0,1.0
amarnathpayal,0,1,0.0,1.0
Jasmine441,4,0,4.0,0.0
ImSharma_Amit,0,1,0.0,1.0
ponraam1,0,2,0.0,2.0
Elixir17965439,0,1,0.0,1.0
yatinshah__,0,1,0.0,1.0
AdityaN29_,0,1,0.0,1.0
ramuhmn,0,3,0.0,3.0
NeelanjanSircar,2,1,2.0,1.0
CharanKumar_MU,0,2,0.0,2.0
ZOTZLEIJTARIS,0,2,0.0,2.0
sathi249,0,4,0.0,4.0
Akhil__INDIAN,1,0,1.0,0.0
rroyishere,0,1,0.0,1.0
rakeshtamta19,0,1,0.0,1.0
DeepalTrevedie,4,3,4.0,3.0
Rohitsydney28,0,2,0.0,2.0
AxisMyIndia,3,0,3.0,0.0
Deepak_k_selvam,0,1,0.0,1.0
ajaykumarfzb,0,1,0.0,1.0
Tandav9,0,2,0.0,2.0
KaashyapManish,0,1,0.0,3.0
Dr_AbdulMuqeet,0,1,0.0,1.0
sheikh541,0,1,0.0,1.0
chotesharmajii,0,1,0.0,1.0
Jai01_A,0,2,0.0,2.0
PriyamSharmaaa,0,1,0.0,1.0
Chetreeraju,0,7,0.0,10.0
m_coolavi,0,1,0.0,1.0
NiVikramNam,0,3,0.0,3.0
kumarjyoti1324,0,1,0.0,1.0
nkhlreddy,0,2,0.0,3.0
PaliwalAvi,1,0,1.0,0.0
PplOfIndia,2,2,2.0,2.0
Shailesh_Paun,0,1,0.0,1.0
NandanB15,0,1,0.0,1.0
NeetaSanghi,0,1,0.0,1.0
Raja_Sw,2,1,2.0,2.0
BeAStarIndia,0,1,0.0,1.0
eggburger88,0,1,0.0,1.0
Ahnis_S,0,3,0.0,5.0
Dot_324,2,2,2.0,2.0
Shaswatha108,0,2,0.0,2.0
tariqmustafa222,0,1,0.0,1.0
MannanSait,0,1,0.0,1.0
mssamant,0,3,0.0,3.0
VaidyaRaakshas,0,1,0.0,1.0
kakuu54,0,1,0.0,1.0
ordinarygirlan,0,1,0.0,1.0
reema_chak,0,1,0.0,1.0
majid4054,0,2,0.0,2.0
skk4you,0,1,0.0,1.0
hbrahmarudra,0,3,0.0,3.0
Pushpender91S,0,3,0.0,3.0
asitmitt,3,2,4.0,2.0
pratu167,0,1,0.0,1.0
fpjindia,4,1,4.0,1.0
gillugillhairy,0,1,0.0,1.0
kreauniversity,0,1,0.0,1.0
juggyindian22,0,4,0.0,4.0
SathishkrishCBE,0,3,0.0,3.0
mumbaidilse,0,1,0.0,1.0
subbu75,0,2,0.0,2.0
mpparimal,4,1,4.0,1.0
ofqwriw,0,1,0.0,1.0
harnisfindoliya,0,1,0.0,1.0
keveeyes,5,1,6.0,1.0
AchyutBhalerao3,0,1,0.0,1.0
santoshkaminwar,0,2,0.0,2.0
hangryabhi,1,1,1.0,1.0
navjeets_tweet,0,3,0.0,3.0
Varun80693309,0,1,0.0,1.0
eshwar_tambaram,0,2,0.0,2.0
KrishnaBannai,0,1,0.0,1.0
ajaykoshy291993,0,1,0.0,1.0
ashok099,0,8,0.0,16.0
mayukhrghosh,0,1,0.0,1.0
Manojfla,1,3,1.0,3.0
Indian_Mortal,3,0,3.0,0.0
RamananVenkata3,0,2,0.0,2.0
nagpal_panwar,0,1,0.0,1.0
rzk_ali,0,4,0.0,4.0
Sisirkumardatt3,0,3,0.0,6.0
ss4boby,2,0,3.0,0.0
EmpoweringGoa,4,3,5.0,3.0
shivashan_,0,1,0.0,1.0
realconsumer1,0,1,0.0,1.0
shineonlovely,0,1,0.0,1.0
CGAkkian21,0,1,0.0,1.0
shahwaz_DU,0,1,0.0,1.0
KP_Aashish,0,1,0.0,1.0
skumars_79,0,1,0.0,1.0
lifenotneeded,0,1,0.0,2.0
rebel_santosh98,1,0,1.0,0.0
lokeshc777,1,0,1.0,0.0
ReturnOfZapata,0,1,0.0,1.0
R0ckStar143,0,1,0.0,1.0
hemya,0,1,0.0,1.0
XiPingMe1,0,1,0.0,1.0
VijayRe19335492,0,2,0.0,2.0
mudinjathasey,0,1,0.0,1.0
glphanirajj,0,2,0.0,2.0
rajeshnirmal12,1,1,1.0,1.0
Kartzagra,0,1,0.0,1.0
iNishant4,2,2,2.0,9.0
bkmshr,0,2,0.0,2.0
sarim008,0,1,0.0,1.0
santosh6875,0,1,0.0,1.0
anisjaved4tweet,0,1,0.0,1.0
IndoreNagpur,0,1,0.0,1.0
SriSan89679708,0,1,0.0,1.0
PandaSaffron,1,2,1.0,2.0
bankasaurabh,0,1,0.0,1.0
_AmitK_,0,1,0.0,1.0
vaccuumandtime,0,1,0.0,1.0
kumarsachin45,0,1,0.0,1.0
RC293084,0,1,0.0,1.0
i_motala81,0,2,0.0,2.0
ak_pattanayak,0,3,0.0,3.0
UnknownMartian,0,1,0.0,2.0
ryjue,0,2,0.0,2.0
ConsumerRPC,0,4,0.0,5.0
ajayganti,0,3,0.0,3.0
hindutva8550991,0,5,0.0,5.0
msgpahujaa,3,0,3.0,0.0
BJP4Riches,0,1,0.0,1.0
AdnanSamiLive,35,0,39.0,0.0
Faltu_Account_,0,6,0.0,6.0
Punjabi75231837,1,2,1.0,2.0
gana_rg,0,2,0.0,2.0
jagdishsahu9784,0,3,0.0,3.0
sreemoytalukdar,8,1,8.0,1.0
zingat2,0,2,0.0,2.0
akhil_manne,0,1,0.0,1.0
KuJemanta,0,1,0.0,1.0
DravidianMurali,0,2,0.0,2.0
iamvanshs,1,0,1.0,0.0
atifshanmasood,0,1,0.0,1.0
darshilj,0,2,0.0,2.0
DrBRBarkund,0,1,0.0,1.0
porinju,10,0,10.0,0.0
Sanjay63995720,0,3,0.0,5.0
kvnathan60,0,1,0.0,1.0
PradipBaijal,0,1,0.0,1.0
subodht05412366,0,1,0.0,1.0
SiddharthRoy25,0,6,0.0,13.0
Kashyap1291,0,1,0.0,1.0
MrinmoyBose16,0,2,0.0,2.0
IshitaJoshi,1,0,1.0,0.0
placement_sg,0,1,0.0,1.0
jaya_sen,0,1,0.0,1.0
SandhuKanwar,0,2,0.0,2.0
sherazsiddiquii,0,1,0.0,1.0
Souravsharma_16,0,2,0.0,2.0
DrAyeshaRay,3,2,3.0,2.0
SNajhoon,0,2,0.0,2.0
CitizenInd17,0,3,0.0,3.0
Indi_Sanatani,0,2,0.0,2.0
ashvinn15,1,0,1.0,0.0
pvedi,0,2,0.0,3.0
bharatnag1,0,6,0.0,6.0
BlackMirrorMonk,0,2,0.0,2.0
MiHiR_Tweetz,0,1,0.0,1.0
arjundsage1,0,2,0.0,2.0
Vignesh_TMV,13,0,15.0,0.0
ManishAnandINC,0,1,0.0,1.0
UBquitus,0,1,0.0,1.0
AbbakkaHypatia,4,0,6.0,0.0
DazzlingSnehal,0,7,0.0,7.0
tenalitalks,0,2,0.0,2.0
ShivMehra07,0,1,0.0,2.0
ComradedevR,0,1,0.0,1.0
RamanGupta11,0,1,0.0,1.0
BrokenPromise99,0,5,0.0,6.0
KALYANIPATIL2,0,2,0.0,2.0
SorcerousWords,0,4,0.0,5.0
viveksingaram,0,1,0.0,1.0
indomitablesoul,0,1,0.0,1.0
d_moinak,0,1,0.0,1.0
mukeshgs,0,3,0.0,3.0
Animeku08335523,1,1,1.0,1.0
Kamlesh05281467,0,1,0.0,1.0
raisrikar,0,1,0.0,1.0
Rakesh99373608,0,1,0.0,1.0
psychiatrycal,2,0,2.0,0.0
HBajar,0,1,0.0,1.0
ChandramouliEa1,1,6,1.0,6.0
Khandalf,0,1,0.0,1.0
Krishna_v_gowda,0,3,0.0,4.0
Radioactive189,0,1,0.0,1.0
ceonamit,0,1,0.0,1.0
AutarkrishanB,0,1,0.0,1.0
ThePollsStation,0,4,0.0,4.0
imirrfann,0,2,0.0,2.0
msoneiil,0,1,0.0,1.0
qasid4you,0,1,0.0,1.0
vikassuryansi,0,1,0.0,1.0
MeenakshiPutty,0,1,0.0,1.0
Sulu53070826,0,1,0.0,2.0
_TalhaRashid,0,1,0.0,1.0
Krish86303636,0,1,0.0,1.0
Krishna_Priiya,0,1,0.0,2.0
SANDHUHARKIRAT,0,1,0.0,1.0
SR66904277,0,3,0.0,3.0
drrehanelahi,0,1,0.0,1.0
rupendr63694615,0,2,0.0,2.0
msisodiya,0,2,0.0,2.0
Dush63479939,0,1,0.0,1.0
Adityauppulurii,0,1,0.0,1.0
Vshnuvardhn_rdy,1,1,1.0,1.0
Sam24331788,1,2,1.0,3.0
aparnasridhar7,1,1,1.0,1.0
Prady05855715,0,1,0.0,2.0
Nkittt,0,2,0.0,2.0
shankarvarma63,0,1,0.0,1.0
AmulAtri,0,1,0.0,1.0
Tulliranta,0,1,0.0,1.0
SuryaPutraII,0,4,0.0,4.0
GanatraParesh,0,2,0.0,2.0
snsachinnandu,3,0,3.0,0.0
shreyansmehta,0,1,0.0,1.0
aaliyagoyel1,4,0,4.0,0.0
emesar2,4,2,5.0,2.0
RibaSigh,0,1,0.0,1.0
MrinalBharati,0,2,0.0,2.0
Ajinkya76,0,3,0.0,3.0
arslanpctfan,0,1,0.0,1.0
sharathkondle,0,1,0.0,1.0
shahtd,0,1,0.0,1.0
RamakrishnanL17,0,2,0.0,2.0
balramshinde,0,1,0.0,1.0
J_Rishika,0,4,0.0,8.0
ManuSha38749386,0,1,0.0,1.0
mavshomer,0,1,0.0,1.0
JanoOdiba,0,2,0.0,2.0
meetwithg,0,1,0.0,1.0
amarveer_s,0,1,0.0,1.0
AmithK71918969,0,3,0.0,3.0
agni_tweet,0,2,0.0,2.0
anujsingh,0,1,0.0,1.0
377VT,2,9,2.0,10.0
drharshadrathod,0,1,0.0,1.0
publicissues121,0,6,0.0,7.0
harishyagain,0,1,0.0,1.0
ANILKUMARVIG65,0,6,0.0,6.0
NayakHassan,0,1,0.0,1.0
Caspercove,0,1,0.0,1.0
amansac53362996,0,1,0.0,1.0
BurntOutCase,15,1,16.0,1.0
rahulkrm009,0,3,0.0,3.0
manu_bvmntl,0,1,0.0,1.0
nine_east,0,1,0.0,1.0
dharamg1,0,1,0.0,1.0
DROPPINLIBS,2,1,2.0,1.0
MahadevVide,0,4,0.0,4.0
thoughtfully_an,0,2,0.0,2.0
PlingEm,0,9,0.0,9.0
SushantSin,3,1,3.0,1.0
SatyanNayar3,0,2,0.0,2.0
spenumatsa,1,2,1.0,2.0
shingres,0,2,0.0,2.0
vjenterpri1,0,1,0.0,1.0
Sturgeons_Law,4,2,6.0,2.0
MyWayNoida,0,1,0.0,1.0
Rajasthani_Oont,0,1,0.0,1.0
NoCasteSingh,1,0,1.0,0.0
PratibhaPinto,0,1,0.0,1.0
subraman2,0,1,0.0,3.0
akhilsen37,0,1,0.0,1.0
SuvashaPanda,0,1,0.0,1.0
bangboi576,0,1,0.0,1.0
GitaSahgal,2,1,2.0,1.0
JaspritBumrah05,0,1,0.0,1.0
kulkarnivijju,0,1,0.0,1.0
yashntrivedi,0,2,0.0,2.0
DebadattaPani10,0,1,0.0,1.0
CharmishGoswami,0,2,0.0,2.0
rangarajan123,0,2,0.0,2.0
sohail5452,0,2,0.0,2.0
avarakai,2,1,2.0,1.0
samr_51214,0,2,0.0,2.0
Umesh_189,0,1,0.0,1.0
pvrreddy69,0,2,0.0,2.0
sanjayj1975,0,1,0.0,1.0
vhooda15,0,1,0.0,1.0
SureshC54,0,1,0.0,1.0
surjeets155,0,1,0.0,1.0
NaMoAgain2_0,1,9,2.0,10.0
rabhrakha,0,2,0.0,2.0
kauschiku,2,7,2.0,10.0
SwaWadi,0,2,0.0,3.0
Ayanalysis,1,7,1.0,7.0
BharatamAkhanda,0,1,0.0,1.0
oohantwawmama,0,1,0.0,1.0
DevenderSRana,1,0,1.0,0.0
GWaradkar,0,1,0.0,1.0
Sunilswainbjp,0,1,0.0,1.0
Ziid131439361,1,1,1.0,1.0
Akshay60445878,0,2,0.0,2.0
PrakashPnegi,1,2,1.0,2.0
Nagendr85475983,0,1,0.0,1.0
sujataanandan,13,0,14.0,0.0
AviSpeaking,0,2,0.0,2.0
Kumar_RK45,0,1,0.0,1.0
mankuthegreat,0,2,0.0,2.0
polishettisaiba,0,1,0.0,1.0
sujubarca,0,1,0.0,1.0
beingrajani,0,1,0.0,1.0
FXlearnerFX,0,2,0.0,2.0
RodRosenstine,0,1,0.0,1.0
vdsatheesan,1,0,1.0,0.0
Indra_Nil_,1,1,1.0,1.0
Dharma__101,0,1,0.0,1.0
AnkushDevadason,0,1,0.0,1.0
Devastated_Soul,0,1,0.0,1.0
asos_soas,1,1,1.0,1.0
PhoenixSudeshna,0,1,0.0,1.0
vs_sharda,1,0,1.0,0.0
singhmkr,0,2,0.0,2.0
ankit_amc,1,0,1.0,0.0
jyoti_kothari,0,2,0.0,17.0
deeprajjha,0,1,0.0,1.0
Vkris14,0,1,0.0,1.0
NarendraJani14,0,1,0.0,1.0
DEVENDR88227637,0,4,0.0,4.0
robinrobertvPT,0,2,0.0,3.0
gops_inc,0,1,0.0,1.0
yoursRamakanth,0,5,0.0,10.0
Manojramkrish,0,1,0.0,1.0
maheshk20600708,0,5,0.0,11.0
TruthSpeak1508,1,1,1.0,1.0
envee38,0,5,0.0,5.0
NarenMenon1,2,1,2.0,1.0
saurabhstcp14,0,2,0.0,3.0
nesoron,3,1,3.0,1.0
shivhind,0,1,0.0,1.0
thehareshgajjar,0,1,0.0,1.0
babighosh72,0,2,0.0,3.0
Biswajit_AniBis,0,2,0.0,2.0
onlywithtruth1,0,1,0.0,1.0
protemspeaker,1,3,1.0,3.0
ideajay,0,2,0.0,2.0
IsSarif,0,1,0.0,1.0
hraditya,1,1,1.0,1.0
ravides44886166,0,1,0.0,1.0
HIRA_ARBIND,0,1,0.0,1.0
RachnaMalik8,0,1,0.0,1.0
IIVirtual,0,1,0.0,1.0
RoshanSdrprop,0,7,0.0,7.0
DeeproB,0,1,0.0,1.0
GeoIntel2,0,1,0.0,1.0
Akshayhelps,0,4,0.0,4.0
DarshanDevaiahB,0,1,0.0,1.0
ranjona,14,0,17.0,0.0
SivaKumar3381,0,6,0.0,9.0
Mumbai_9090,0,1,0.0,1.0
Raghav461,0,1,0.0,1.0
IndianRitzy24X7,0,1,0.0,1.0
Shivauggera,0,8,0.0,10.0
khatar_naak_,0,1,0.0,1.0
dayvil2015,0,1,0.0,1.0
AbinavMurthy,0,1,0.0,1.0
AvinashYadav___,0,1,0.0,1.0
_I_OPINE_,0,2,0.0,2.0
johnytkoshy,0,1,0.0,1.0
p_sharma_23,0,2,0.0,2.0
HarshJa22357210,1,1,1.0,1.0
vsirnate,4,1,4.0,1.0
AjayKum70451045,0,2,0.0,2.0
newsalert24x7,0,1,0.0,1.0
niranjvr,0,2,0.0,2.0
UnusualMonk,0,1,0.0,1.0
westOfVine,0,1,0.0,1.0
sangnoamar,0,1,0.0,1.0
dhax0r,1,1,1.0,1.0
ootzchakra,0,1,0.0,1.0
Harshil27299,0,2,0.0,2.0
realitycheckind,4,0,5.0,0.0
suchitrav,3,1,3.0,1.0
_FaridKhan,64,0,64.0,0.0
ssingapuri,10,0,13.0,0.0
desi_mpr22,0,1,0.0,2.0
Spockkyyy,0,1,0.0,1.0
imneeravpandya,0,1,0.0,1.0
ParthSh45129334,0,2,0.0,2.0
NITINMOUDGIL,0,2,0.0,2.0
KalpeshRaval,0,1,0.0,1.0
NKPAUL17,0,2,0.0,2.0
TrackMyTrade,0,2,0.0,2.0
RoshanChopra12,0,1,0.0,1.0
Tapleemaster,0,1,0.0,1.0
saturn_earth1,0,2,0.0,2.0
vireshnarkar,0,1,0.0,1.0
Narendr00459981,0,1,0.0,1.0
hemant_patel_ca,0,2,0.0,2.0
ANUJ_INDIA01,0,1,0.0,1.0
heeraman98,1,0,1.0,0.0
avinashbhagath,0,1,0.0,1.0
InterestngTimes,1,4,1.0,5.0
KumarSvetak,2,0,3.0,0.0
NiharRan,0,1,0.0,1.0
YNogef,0,1,0.0,1.0
yogendr70977873,0,1,0.0,1.0
ScreamingSushii,0,2,0.0,2.0
GlobalLogical,0,1,0.0,1.0
sayyad_arshi,0,3,0.0,3.0
jaihind00132021,0,1,0.0,1.0
SRameshVaikom,0,2,0.0,2.0
LabourLeftInt,0,3,0.0,3.0
naarain777,0,1,0.0,1.0
diya_salo,0,1,0.0,1.0
HarshitPai,0,1,0.0,1.0
kaliyuga_surfer,2,1,2.0,1.0
xDShubham007,0,1,0.0,1.0
TKSudhir4,0,1,0.0,1.0
Indian_Sanatani,0,2,0.0,2.0
lawbarandbench,1,0,1.0,0.0
RudreshScharma,0,2,0.0,2.0
Tanwardinesh143,0,1,0.0,1.0
vedvyaskrishna,0,1,0.0,1.0
RanaaSantosh,0,1,0.0,1.0
baizid_shuvo,0,1,0.0,1.0
shrutimahajan21,0,1,0.0,1.0
niraag69,0,1,0.0,1.0
kashivar,0,5,0.0,11.0
sandhumannu0476,1,6,2.0,6.0
secular_view,0,2,0.0,2.0
gg_19,0,1,0.0,1.0
Ravisutanjani,29,0,29.0,0.0
hasbullafan2003,1,1,2.0,1.0
JafriAdeem,0,2,0.0,2.0
negilaxman2001,0,1,0.0,1.0
NigamLovy,0,2,0.0,2.0
NagarPr,1,1,1.0,1.0
Raghuvanshi2021,0,1,0.0,1.0
IYCMadhepura,0,1,0.0,1.0
Choudhary_Kahin,0,1,0.0,1.0
JaiPoswal1995,0,1,0.0,1.0
kounjaatho,0,1,0.0,1.0
Tushar15_,4,0,4.0,0.0
SachinBanerje18,0,1,0.0,1.0
mannu_21,0,1,0.0,1.0
Eventxpress,2,1,3.0,2.0
gmjecks,0,6,0.0,10.0
Sanjay31742809,0,1,0.0,1.0
gps_gaurav,0,2,0.0,2.0
pasimism,0,1,0.0,1.0
kaladongaaa,0,1,0.0,1.0
Engihumor,1,0,1.0,0.0
THEHINDUTRUMP,0,3,0.0,4.0
AdityaV30773454,0,1,0.0,1.0
Real_Ghadage,0,1,0.0,1.0
zhrashidi,0,1,0.0,2.0
iKiran108,0,1,0.0,1.0
adeleshiv,0,1,0.0,1.0
manojku28542905,0,1,0.0,1.0
flufffyvissa,0,1,0.0,1.0
northenking86,0,1,0.0,1.0
samyanika,0,5,0.0,6.0
Newskarnataka,0,1,0.0,1.0
gaurav_pandiit,0,1,0.0,1.0
RcRcdrc62,0,1,0.0,1.0
dyrai9842930189,0,1,0.0,1.0
TheNisargSoni,1,0,1.0,0.0
OjhaAnanta,0,1,0.0,1.0
Shivamk_03,0,1,0.0,1.0
nitin24gupta,0,1,0.0,1.0
junglijalebi,0,13,0.0,18.0
Anomaly2021,0,1,0.0,1.0
pradipB27643686,0,5,0.0,6.0
Ramshid_KT,0,1,0.0,1.0
rgk_shm,0,1,0.0,1.0
NB51926327,0,2,0.0,2.0
cognitivedin,0,1,0.0,1.0
RaviGunaje,0,7,0.0,10.0
_CrotalusAtrox_,0,1,0.0,1.0
Bhuban64039498,0,2,0.0,2.0
Harsh1011,0,1,0.0,1.0
CodeNDrive,0,1,0.0,1.0
kashmiriRefuge,0,3,0.0,3.0
ravi_khetarpal,0,1,0.0,1.0
surajudupa,0,2,0.0,2.0
indian_ireland,0,1,0.0,1.0
ManojMe86625777,0,1,0.0,1.0
rahulrpatel27,0,1,0.0,1.0
KumarKr09771251,0,2,0.0,3.0
VVVinod2,0,1,0.0,1.0
Jagadgurupeeth,0,2,0.0,2.0
itsmittalHim,0,3,0.0,3.0
Rajaban74609782,1,0,1.0,0.0
SantoshKrRajpo1,0,1,0.0,1.0
SaumilBJYM,0,2,0.0,3.0
RVSubrahmanyam9,0,1,0.0,1.0
i_nitinmahajan,0,4,0.0,4.0
JayKara05934071,1,2,1.0,2.0
Vocal_for_local,0,1,0.0,1.0
yashchekumar,0,2,0.0,2.0
JSM_Malathetu,1,1,1.0,1.0
JhaashokinA,0,3,0.0,3.0
Aadarsh82373018,0,5,0.0,5.0
Sath0018,0,1,0.0,1.0
alok_bhatt,27,3,27.0,3.0
seemi_pasha,2,0,2.0,0.0
parcsims,0,1,0.0,1.0
privacyfirewall,0,1,0.0,1.0
shakulghatole,0,2,0.0,2.0
anujc342,0,1,0.0,1.0
bole_bharat,4,0,4.0,0.0
Deshpande4BJP,0,1,0.0,1.0
van_vij,0,1,0.0,1.0
AdvNileshSharma,0,1,0.0,1.0
suriliimehek,0,2,0.0,2.0
RajaRChowdhu,0,1,0.0,2.0
Zero__eight,0,1,0.0,1.0
Vishwaguru14,0,1,0.0,1.0
RajeshK39804978,1,6,2.0,16.0
aksmystar,0,1,0.0,1.0
Mandhari3,0,1,0.0,1.0
harneerbhat,0,3,0.0,3.0
adkamdar,0,1,0.0,1.0
SeekerSantanu,0,3,0.0,3.0
satishkamat,0,1,0.0,1.0
AjayDutt48,0,2,0.0,2.0
vipul2777,6,2,6.0,2.0
DVNair,0,1,0.0,1.0
EswaraRaoKolli,0,1,0.0,1.0
topglo,0,1,0.0,1.0
jabardasti,0,2,0.0,2.0
52Ramanathan,0,1,0.0,1.0
kktotlani,6,3,6.0,5.0
Raj2Day,0,1,0.0,2.0
SurendarNawal,0,1,0.0,1.0
neoviky,0,3,0.0,3.0
JituBha02592886,0,1,0.0,1.0
Aman_IIM_L,0,3,0.0,3.0
AB_Prad,0,2,0.0,2.0
Whyuaskmi,0,1,0.0,1.0
Greatidea03,0,1,0.0,1.0
bela_pal,0,1,0.0,4.0
nmadhus76,0,1,0.0,1.0
TDasKumar,2,0,2.0,0.0
marattamil,0,1,0.0,1.0
gundug8,0,1,0.0,1.0
kuldipsingh99,0,1,0.0,1.0
Sujayvenk1,0,1,0.0,1.0
ravindrarao16,0,1,0.0,1.0
sagariyer85,0,1,0.0,1.0
AllAboutApple7,0,1,0.0,1.0
ArtyCult_,0,3,0.0,3.0
anusharavi10,15,4,15.0,5.0
Akwin4u,0,1,0.0,1.0
iDwatchesyou,0,1,0.0,1.0
san1986mecrc,0,2,0.0,2.0
kunder_sujata,2,0,2.0,0.0
akhileshanandd,1,0,1.0,0.0
DragonSurgeon_,0,2,0.0,3.0
MangoGuySujit,0,1,0.0,2.0
pramodrama,1,0,1.0,0.0
ChanakyaUvach,0,1,0.0,1.0
AdiKombra,0,1,0.0,1.0
VikrantDhiman14,0,1,0.0,1.0
Harinde12669039,0,1,0.0,1.0
ChandraUday,2,3,2.0,3.0
CAVikramBiyani,0,1,0.0,1.0
MajorSaurabhSh1,6,0,8.0,0.0
EasternEye,1,2,1.0,2.0
Biswajeet_12,0,2,0.0,2.0
MrServerSundram,0,1,0.0,1.0
Sasikum71693358,0,1,0.0,1.0
Lovesfootball3,0,1,0.0,1.0
rpratapreddys,0,1,0.0,1.0
DiptiChaurasia,0,3,0.0,3.0
Infrast39704025,0,1,0.0,1.0
Allemnarayana,0,5,0.0,5.0
AVPrasad202,0,1,0.0,1.0
DharmNyayaSatya,0,6,0.0,9.0
Encore_246,0,1,0.0,1.0
pushpak7,0,1,0.0,1.0
nageshmishra1,0,1,0.0,1.0
_AhmedQuraishi,2,1,2.0,1.0
ravi_shimoga,0,6,0.0,9.0
KuttansOfIndia,0,1,0.0,1.0
VMBJP,5,0,5.0,0.0
Meharajkhan,0,1,0.0,1.0
yuvvabharat,0,1,0.0,1.0
SaisomIND,0,1,0.0,1.0
Pasulashiva4,0,2,0.0,2.0
avipapri,0,1,0.0,1.0
AlokNairJr,0,1,0.0,1.0
JohnBuckenham,1,0,1.0,0.0
ruhaanrajput18,0,1,0.0,1.0
sahilfakeer,0,2,0.0,2.0
BraveDesi,0,1,0.0,1.0
Pinku40,0,2,0.0,2.0
RashmiShriJS,0,4,0.0,9.0
KalyugHindu,0,1,0.0,1.0
rangakidambee,0,1,0.0,1.0
ImViiru,0,2,0.0,2.0
vinay7007reddy,0,5,0.0,10.0
JaveedA67408840,0,1,0.0,1.0
IMHere405,0,1,0.0,1.0
INCOdisha,1,0,2.0,0.0
dixit22_,0,7,0.0,7.0
VikiLeax,0,7,0.0,7.0
dharmicscholar,0,1,0.0,1.0
charanOneMan,0,1,0.0,1.0
GayatriBGohain,0,2,0.0,2.0
AdiM2110,0,11,0.0,13.0
DriverRamudu,0,1,0.0,1.0
BlogDrive,3,2,3.0,2.0
chandrasenrao,0,1,0.0,1.0
Ravispeaking,0,8,0.0,15.0
IndicFan,0,1,0.0,1.0
chinmaya021,0,1,0.0,1.0
sachin_kanaujia,0,3,0.0,3.0
prafull_tweetz,0,1,0.0,1.0
hemantkms,0,3,0.0,3.0
jackybhansali,0,1,0.0,1.0
atiqmalikawan,0,1,0.0,1.0
ArunGupta4760,0,8,0.0,10.0
TheRajeshjk9,0,1,0.0,1.0
rameshirtsa,0,2,0.0,2.0
isinghsandeep,0,1,0.0,1.0
ThePrintIndia,55,9,60.0,12.0
PramodChturvedi,1,0,1.0,0.0
panky2cool,0,1,0.0,1.0
Lalgudiyan,0,2,0.0,2.0
vikash_online99,0,1,0.0,1.0
iAltafSheikh,0,4,0.0,7.0
Ola_Salem,0,2,0.0,2.0
Bhupender_saggu,0,1,0.0,1.0
Saraswatir90,0,8,0.0,8.0
anaalhaqq,0,1,0.0,1.0
SouravChaudhur5,0,1,0.0,1.0
cs_sayz,0,2,0.0,2.0
Anil58734034,0,3,0.0,4.0
ranjank29,0,1,0.0,1.0
Kaviadhbhut,0,1,0.0,1.0
gajariab,0,1,0.0,1.0
umeshd78,0,1,0.0,1.0
SSR__jaihind,1,0,1.0,0.0
HareshwarPSingh,1,2,1.0,2.0
MChoota,0,2,0.0,2.0
Ravii_Ashiii,0,4,0.0,4.0
Jagguu420,0,1,0.0,1.0
liberallatti,0,1,0.0,1.0
Soumitri99,0,1,0.0,1.0
Saw92614,0,1,0.0,1.0
Delhiite_,4,0,6.0,0.0
kumarvijay_hyd,0,1,0.0,1.0
mohdfurkan1987,0,1,0.0,1.0
GourAswad16,0,1,0.0,1.0
dibyendumondal,0,1,0.0,1.0
faizanusuf,0,1,0.0,1.0
VijayMittal2512,0,8,0.0,9.0
HBBabu6,0,1,0.0,1.0
sudhirmehtapune,2,0,2.0,0.0
Satishrathod100,5,17,9.0,45.0
ChaudhryShankar,2,0,2.0,0.0
neetabora9,0,1,0.0,1.0
Iamlsk,0,4,0.0,4.0
UnsecularDesi,0,1,0.0,1.0
SacheinS2606,0,1,0.0,1.0
GG34754409,0,3,0.0,3.0
sremotes,0,1,0.0,1.0
janamari,0,2,0.0,2.0
SurjaKarki,0,2,0.0,2.0
rahulgandhi2020,2,0,2.0,0.0
GopalVaidya12,1,0,1.0,0.0
VjShanks,0,1,0.0,1.0
swamybhakthan,1,1,1.0,1.0
MohantyNk1,0,1,0.0,2.0
BabaGlocal,1,0,1.0,0.0
aloksingh1107,0,3,0.0,3.0
surendranathc,0,1,0.0,1.0
Sahadev45972830,0,1,0.0,1.0
khatua_haris,0,1,0.0,1.0
luv_rspct_smile,1,3,1.0,3.0
Riyaz26044480,0,1,0.0,1.0
Stone78665418,0,2,0.0,2.0
mayankauthor,0,1,0.0,1.0
Ragh_Mys,0,2,0.0,2.0
Inmyownway3,0,1,0.0,1.0
pranaysajmera,1,0,1.0,0.0
Lata_MV,0,1,0.0,1.0
psxyz,0,1,0.0,1.0
NehaBagaria_,0,1,0.0,1.0
jaydesh9,0,1,0.0,1.0
Harshalsalve,0,1,0.0,1.0
Azam84840204,0,1,0.0,1.0
ameeuk,0,1,0.0,1.0
nileshs26,0,1,0.0,1.0
ARK25185675,0,3,0.0,3.0
SanketVmarathe,0,2,0.0,2.0
patrik9731,0,1,0.0,1.0
PSarbabidya,5,1,5.0,1.0
KartikeyaTanna,1,1,1.0,1.0
NaveenR01390758,0,2,0.0,2.0
pmgururaj,1,1,1.0,1.0
manjulsh,0,1,0.0,1.0
DevbratSaraswat,0,1,0.0,1.0
Gulshan23954256,0,4,0.0,4.0
PawanKu65013264,0,1,0.0,1.0
Ranjas00,0,1,0.0,1.0
Aswadraamamehar,0,4,0.0,7.0
cv19910,0,1,0.0,1.0
kevincsk28,0,2,0.0,2.0
AshokNayanar,0,1,0.0,1.0
HaanBhyiHaan,0,1,0.0,1.0
DivyomATripathi,0,1,0.0,1.0
Sra_1995,0,1,0.0,1.0
TMailme,0,1,0.0,1.0
PittieAditya,1,0,1.0,0.0
JayGalla,4,0,4.0,0.0
7rishabdaga,0,1,0.0,1.0
vinkshah61,0,1,0.0,1.0
journalistHari,0,1,0.0,1.0
fermiparadox27,0,1,0.0,1.0
AjPurvesh,0,1,0.0,1.0
shobhana222,0,2,0.0,2.0
dipsy227,0,3,0.0,3.0
mehtamihir786,1,1,1.0,1.0
NevilChristian7,0,1,0.0,1.0
chikkerur2011,0,5,0.0,8.0
coolest_sanghi,0,1,0.0,1.0
aniimeshsingh,0,1,0.0,1.0
DeekshaKumar21,0,1,0.0,1.0
ShamsunderY,0,1,0.0,1.0
mridulmahanta,0,1,0.0,1.0
vickyGujrathi1,0,3,0.0,3.0
capt_tp,0,2,0.0,2.0
PrashantValaBJP,0,2,0.0,2.0
vasudev12498056,1,1,1.0,1.0
Bimal_Prasad,0,2,0.0,2.0
PemaKhanduBJP,5,0,8.0,0.0
puneetgarg89,1,2,1.0,7.0
alkavasudeva,0,1,0.0,1.0
KGaurav99916080,0,1,0.0,1.0
alok_vishwa,0,2,0.0,2.0
treb647,1,2,3.0,6.0
pareeyam,0,2,0.0,2.0
__samNOTsam__,0,1,0.0,1.0
Brigadier_RPS,0,2,0.0,2.0
ashok1812,0,8,0.0,8.0
UdtaDil,1,0,1.0,0.0
sammoosvi,0,4,0.0,4.0
joker96493077,0,1,0.0,1.0
SwanoopDev,0,1,0.0,1.0
j_tushar,0,1,0.0,1.0
AAPforNewIndia,2,0,2.0,0.0
PranayDubey22,4,6,8.0,6.0
maloykd,0,1,0.0,1.0
mintsofindia,0,1,0.0,1.0
Michaelbraggs10,0,1,0.0,1.0
UCCININD,0,3,0.0,3.0
rkadelhi,3,2,3.0,2.0
AroundTheBenddd,0,1,0.0,1.0
BasuAshis,2,2,2.0,3.0
PeaceFChange,0,1,0.0,2.0
riz110syed,0,3,0.0,3.0
GnGruj,0,1,0.0,1.0
SuraviMedia,0,1,0.0,1.0
RohitashRajana,0,1,0.0,1.0
SurgingBharat,0,2,0.0,3.0
parinsangoi007,1,0,1.0,0.0
Sujit_Kumbhar_,0,2,0.0,2.0
liberal_mulla,0,1,0.0,1.0
darshanik1,1,8,1.0,13.0
007_vasu,0,1,0.0,1.0
AKakvi,0,1,0.0,1.0
venu2412,0,1,0.0,1.0
firdfard1,0,1,0.0,1.0
AnilSha06269605,0,1,0.0,1.0
rajkumar23220,0,1,0.0,1.0
FasiuddinFasi1,0,5,0.0,5.0
amij24,0,6,0.0,9.0
zeesalaamtweet,0,1,0.0,1.0
oraclebgn,0,1,0.0,1.0
DesiKeeda007,0,2,0.0,3.0
RPR_TRS,1,0,1.0,0.0
Rahul22124072,0,2,0.0,2.0
AbbaGaro7,0,1,0.0,1.0
PrakashTare,0,1,0.0,1.0
himantabiswa,89,0,103.0,0.0
nAnuyAru,0,1,0.0,1.0
balumahendra_v,0,1,0.0,1.0
v_patels,0,2,0.0,2.0
aneesahmadngp,0,1,0.0,1.0
Anand_Bharat1st,0,1,0.0,1.0
me_myopinion,0,1,0.0,1.0
RishivSharmaJK,0,3,0.0,3.0
srajagopalan,1,0,1.0,0.0
balaji99,0,1,0.0,1.0
KarenDs97958323,0,1,0.0,1.0
bhupendrachaube,27,0,29.0,0.0
aspirant8_xyz,0,2,0.0,2.0
sakersssss,0,3,0.0,3.0
dhrumil5192,0,1,0.0,1.0
binoojohn,0,1,0.0,1.0
Gajendr99835519,0,1,0.0,1.0
krishna14841550,0,2,0.0,3.0
soumodiptoroyy,2,0,2.0,0.0
Sandeep17Tomor,0,1,0.0,1.0
MSR_Tweets,1,0,1.0,0.0
Arshan04834597,0,1,0.0,1.0
rishibagree,210,0,222.0,0.0
PRABHAT54902895,0,1,0.0,1.0
KrishnaJ11212,0,5,0.0,5.0
tej_veersivaji,0,1,0.0,1.0
mathuelmaheni,0,1,0.0,1.0
tapas_143,0,2,0.0,3.0
KarmaHsThAddrss,0,1,0.0,1.0
KanwalSibal,20,0,23.0,0.0
PandeySwez,0,1,0.0,1.0
ShivaPailwar,0,2,0.0,2.0
Manva_tweets,2,1,2.0,1.0
maniiyerusa,0,1,0.0,1.0
PiyushTripathy0,0,3,0.0,3.0
Sridhar_SRN,0,1,0.0,1.0
sanjay91047991,0,1,0.0,1.0
ApurvChoudhary4,0,1,0.0,1.0
Pankaj24689,0,2,0.0,2.0
ajaychat555,0,8,0.0,39.0
aryanchauhan23,0,1,0.0,1.0
mlucky007,0,1,0.0,1.0
Alauddin1809,1,1,1.0,1.0
ubiquitousindia,0,1,0.0,1.0
iSaahhil,0,2,0.0,3.0
ShraddhaSethi1,2,0,2.0,0.0
theRealRSS,0,2,0.0,5.0
Nivedita_Shan,0,3,0.0,3.0
Seeking_Eternal,0,2,0.0,2.0
ypgambhir,0,1,0.0,2.0
Vl17262873,0,1,0.0,1.0
nagarajuramanna,0,1,0.0,1.0
AvinashPSarguja,0,2,0.0,2.0
vishwasabha,0,1,0.0,1.0
abhi_mashetty,0,3,0.0,4.0
TweetGowdru,0,1,0.0,1.0
subodhs_93,0,3,0.0,4.0
BNN_Breaking,0,1,0.0,1.0
KamleshDixit23,0,1,0.0,1.0
UtkarshV_BJP,0,1,0.0,1.0
lalith508,0,1,0.0,1.0
Karthik_K_94,0,4,0.0,4.0
AmeetSatam,2,2,3.0,2.0
iBijayMallick,1,0,1.0,0.0
digitalHindu345,0,1,0.0,1.0
SsChugh,0,1,0.0,1.0
nayyar_jitendra,0,1,0.0,1.0
ImShobby,1,1,1.0,1.0
dineshalbertson,0,1,0.0,1.0
NaeemAkramCA,0,1,0.0,1.0
Jobins_John,0,2,0.0,2.0
AtulGaurNet,0,2,0.0,2.0
sharmasupriya,2,1,2.0,1.0
Alok18461742,0,3,0.0,3.0
Toxic_Brahman,0,1,0.0,1.0
kindness971,0,1,0.0,1.0
Garysocially,0,3,0.0,3.0
tamopahaha,0,1,0.0,2.0
0075jamesbond,1,1,1.0,1.0
AKSindol,0,2,0.0,2.0
MoumitaMohant10,0,2,0.0,3.0
PrakashKedia16,0,1,0.0,1.0
nishbha27,0,1,0.0,1.0
animesh4india,0,1,0.0,1.0
Akash__Mukunda,0,2,0.0,2.0
satpals81454832,0,1,0.0,1.0
theartist_pk,0,1,0.0,1.0
dhar_kk,0,2,0.0,2.0
ikaramchand,0,1,0.0,1.0
Aryaismm,1,0,1.0,0.0
FreethinkerSikh,0,1,0.0,1.0
GangulyUllash,0,4,0.0,4.0
IndianCritic_,0,1,0.0,1.0
prads097,0,1,0.0,1.0
jafery_dr,0,4,0.0,4.0
bhavind78,0,1,0.0,1.0
geoguru70,0,1,0.0,1.0
Indian_217,1,0,1.0,0.0
pomonacollege,0,1,0.0,1.0
bikramkeshare,0,2,0.0,2.0
rambunctiousrk,0,1,0.0,1.0
s63339457_singh,0,5,0.0,5.0
Roland93594461,0,4,0.0,4.0
mpkamal1955,0,1,0.0,1.0
GPGautam89,0,1,0.0,1.0
ANAND84766966,0,1,0.0,1.0
nknagesh,0,1,0.0,1.0
lhakme,0,1,0.0,1.0
ANSAASNA20,0,1,0.0,1.0
kashyap_sharat,0,2,0.0,2.0
pashmidutta,0,1,0.0,1.0
yadavgopi87,0,1,0.0,1.0
stillsurviving8,0,2,0.0,2.0
DholakiaDhruv,1,1,1.0,1.0
5K4R,0,2,0.0,2.0
FoxBat03,0,1,0.0,1.0
riteshbb,0,1,0.0,1.0
ikakshayreddy,0,1,0.0,1.0
Nishcha76490841,0,1,0.0,1.0
augustus0077,0,3,0.0,3.0
SrinivasaChava,0,7,0.0,9.0
ILoveYouSirJi,0,4,0.0,4.0
_karma_dharma,0,1,0.0,1.0
Turinhorze,2,0,2.0,0.0
vishalvhai,1,0,1.0,0.0
NomadStepowy,0,1,0.0,1.0
SiddG19,0,4,0.0,9.0
write2bobby,0,1,0.0,1.0
evenvampirescry,0,2,0.0,2.0
AchariyaRaj,0,2,0.0,2.0
akratic82,0,1,0.0,1.0
SLPandhare,0,1,0.0,1.0
arsiwalamurtuza,0,1,0.0,1.0
Brahmananda3798,0,2,0.0,2.0
ShashiTharoor,553,0,621.0,0.0
Sreejithvipina,0,1,0.0,1.0
itsmjhere,0,2,0.0,2.0
AnkitTiwari_Ji,0,5,0.0,6.0
p_sahibsingh,24,0,25.0,0.0
Ape0Man,0,1,0.0,1.0
Iyervval,59,0,61.0,0.0
grajaram48,0,1,0.0,1.0
sahil_vi,2,1,2.0,1.0
RSTampi1,0,1,0.0,1.0
Jakblun,0,1,0.0,1.0
AmitKum28046686,0,1,0.0,1.0
Iamnotcommunal,0,1,0.0,1.0
KislayAgrawal,0,2,0.0,4.0
SunilBaitman,1,2,1.0,3.0
MohinderGulati,0,1,0.0,1.0
RajSinghTKR,0,2,0.0,2.0
Mahabali_Rudra,0,1,0.0,1.0
Pulkit_Talks,0,1,0.0,1.0
Maha0413,0,2,0.0,2.0
ghodevala,0,2,0.0,2.0
KapilBh55127745,0,2,0.0,2.0
atulmishra013,0,1,0.0,1.0
VelloreRaghuna1,0,2,0.0,2.0
Evangelist_Girl,0,1,0.0,1.0
PBahubaali,0,1,0.0,1.0
fjgkkkka,0,1,0.0,1.0
KaizouKuBhuvi17,0,5,0.0,6.0
NakulTo22985369,1,1,1.0,1.0
prism_anand,0,7,0.0,16.0
Indian_Analyzer,176,1,202.0,1.0
NagarajuSeshapu,0,1,0.0,1.0
AirportBilaspur,0,1,0.0,1.0
AamDelhiite,1,0,1.0,0.0
Rajeev_GoI,12,0,12.0,0.0
ArifCRafiq,1,0,1.0,0.0
khare_priyash,0,2,0.0,2.0
Faisalbilal3394,0,3,0.0,3.0
Elias26813275,0,1,0.0,1.0
iamits_,0,2,0.0,2.0
MRejilal,0,1,0.0,1.0
l_am_Indian,2,5,2.0,5.0
Torn_Shoe,0,1,0.0,1.0
Ilovemy26839869,0,2,0.0,2.0
ItshakRafeh04,0,2,0.0,2.0
wokenbibi,0,1,0.0,1.0
SomenMohanty,0,1,0.0,1.0
DasSudeepto,0,4,0.0,4.0
Dipayan53764179,0,1,0.0,1.0
RBSubramania,1,1,1.0,1.0
ashokepandit,32,0,34.0,0.0
shishirvansh,0,3,0.0,3.0
AdvocateSada,0,3,0.0,3.0
Sagarsh65167205,0,1,0.0,1.0
asomashekar1977,0,1,0.0,1.0
vishnuchaturv10,0,2,0.0,3.0
Tiger_AAP,0,1,0.0,1.0
prakashachary1,1,1,1.0,1.0
TweetingPO,0,2,0.0,2.0
ajmeriiWysor,0,4,0.0,6.0
zan27739009,0,7,0.0,13.0
vajravidarana,0,4,0.0,4.0
scar_n_stars13,0,1,0.0,1.0
yadrakhajaega,1,2,1.0,2.0
amitrathi_,0,1,0.0,1.0
RaviBhartiii,0,1,0.0,1.0
bhu_meeee_ka,0,1,0.0,1.0
ss00055000,0,2,0.0,2.0
ShilpaShete3_9,0,2,0.0,2.0
SalviManav,0,1,0.0,1.0
chunduru_hm,0,5,0.0,5.0
PangaMatLee,0,1,0.0,1.0
India_TDP,0,1,0.0,1.0
EagleIsFlying1,0,1,0.0,1.0
amritpandey_,1,1,1.0,1.0
arshkudai,0,2,0.0,2.0
nameshiv,3,0,4.0,0.0
RJ18_AALE,0,2,0.0,2.0
DelhiKhabar,0,2,0.0,2.0
Ratnesh27945177,0,1,0.0,1.0
ShreyVastra,0,3,0.0,3.0
VinayK460,1,0,2.0,0.0
Narendra_nichi1,1,2,1.0,2.0
MrBeenBajao,0,2,0.0,2.0
rachitseth,13,0,17.0,0.0
Deepbrowncooked,0,1,0.0,1.0
imwadhwa,0,2,0.0,2.0
sahiladya6993,0,2,0.0,2.0
UshaNirmala,10,0,10.0,0.0
Ricky00679107,0,1,0.0,1.0
theanandrajsing,0,3,0.0,3.0
Druhyu_Purush,0,1,0.0,1.0
ajaykumarxyz99,0,1,0.0,1.0
ksmkkbookscom,5,0,5.0,0.0
Ramakrishna4BJP,0,1,0.0,1.0
AvnishArora6,0,2,0.0,2.0
ks3031990,0,1,0.0,1.0
ArgumnttvIndian,0,1,0.0,1.0
ShazCoder,1,1,1.0,1.0
SanatanRenewal,0,2,0.0,2.0
kdrajagopal,1,0,1.0,0.0
KMariyanka,0,4,0.0,6.0
bhaskarmv,0,1,0.0,1.0
DrMungekar,1,0,1.0,0.0
DrKrishna_24,0,1,0.0,1.0
swatichopra1,1,2,1.0,4.0
CPIM_WESTBENGAL,5,0,5.0,0.0
deveshkumarbjp,2,1,2.0,1.0
abthoughts6638,0,1,0.0,1.0
Apolloria,0,1,0.0,1.0
TotagiR,1,1,1.0,1.0
King__Spades,0,1,0.0,1.0
BhawanasHQ,0,2,0.0,2.0
kamalkumarlbf,0,1,0.0,1.0
a2_patel,0,1,0.0,1.0
Anilguptacompos,0,1,0.0,1.0
manishptha,0,1,0.0,1.0
MJ593051442,0,2,0.0,4.0
actindia,0,2,0.0,5.0
TanwiD77,1,1,1.0,1.0
TridipKashyap76,0,1,0.0,1.0
amitdas2008,0,3,0.0,3.0
cibitalkss,1,1,1.0,1.0
TheNiravVaidya,0,1,0.0,1.0
Satnam63277419,0,4,0.0,6.0
RayH20962019,0,1,0.0,1.0
adv_chandnishah,1,1,1.0,1.0
AnirudhBhatta10,0,1,0.0,1.0
VotreFinale,0,2,0.0,2.0
Malcolm30031982,0,1,0.0,1.0
dlepeska,0,2,0.0,2.0
RadheJohn,0,3,0.0,3.0
Dheeraj88904435,0,1,0.0,1.0
Santhos25259797,0,1,0.0,1.0
EkamSatt,0,1,0.0,1.0
RenuRajaram_G,0,5,0.0,7.0
Mahi_kapoor25,0,1,0.0,1.0
Thelastbark1,0,1,0.0,1.0
Anuradhavij1,0,1,0.0,1.0
smritikak,1,0,1.0,0.0
Kalaam67367960,2,5,2.0,5.0
induCityMakers,0,1,0.0,1.0
ipltweeter1,0,2,0.0,2.0
abantika01,0,2,0.0,2.0
niyatiparikhTOI,0,1,0.0,1.0
rajumangalarap4,0,1,0.0,1.0
bhushankalmane,0,1,0.0,1.0
kulssanjay,0,1,0.0,1.0
nameeshaa,0,1,0.0,1.0
MAHESH79989822,3,14,3.0,22.0
Shah_Xina,0,1,0.0,1.0
TrueInd93360960,1,2,1.0,2.0
bharatpurta,0,4,0.0,4.0
observor123,0,1,0.0,1.0
Debasis63462991,0,1,0.0,1.0
ItsAamAadmi,0,1,0.0,1.0
Rakesh45405476,0,3,0.0,3.0
VParant61034615,0,1,0.0,1.0
AntiSethi,0,1,0.0,1.0
KyaSeKyaHoGya,0,1,0.0,1.0
Imustafapatel13,0,2,0.0,3.0
Pawankumar_1305,0,2,0.0,2.0
Alok40188380,0,1,0.0,1.0
kks131049,0,3,0.0,3.0
TOIAhmedabad,0,3,0.0,6.0
lanka_world,1,1,1.0,1.0
GpKerala,0,1,0.0,1.0
BHARATJANGIDBJP,0,1,0.0,1.0
Bit3Snake,0,1,0.0,1.0
ijeevan,0,1,0.0,1.0
Rahul0777Kumar,0,1,0.0,1.0
sidd93000,0,1,0.0,1.0
himavicky,0,1,0.0,1.0
Arbind_Sahni1,0,1,0.0,1.0
Priyara49079674,0,2,0.0,2.0
curbset,2,1,2.0,1.0
NimishJoshi_,0,2,0.0,3.0
aseelbathery,0,4,0.0,4.0
aagrabakijasmin,0,1,0.0,1.0
dark_horse__1,0,1,0.0,1.0
FOX_IN_THE_BOX7,0,1,0.0,1.0
Proudindian55,0,4,0.0,5.0
SultanSikanderK,0,1,0.0,1.0
AliKPCC,1,1,2.0,1.0
prafa_janardhan,0,1,0.0,1.0
geeta5579,1,0,1.0,0.0
KankichiRyotsu2,5,1,6.0,1.0
fornewindia,0,1,0.0,1.0
chandrasalunkhe,0,1,0.0,1.0
Rsupmanyu,0,1,0.0,1.0
DharmaMal,0,1,0.0,1.0
rishika625,0,1,0.0,1.0
BiIndia,1,1,1.0,4.0
NavihertZ,0,3,0.0,5.0
draub77,0,2,0.0,2.0
lalittufchi,0,1,0.0,1.0
GopalD15,0,1,0.0,1.0
Rinkz47344086,0,1,0.0,1.0
HamaraBajaaj,0,1,0.0,1.0
ifpforall,0,1,0.0,1.0
aitcshovan,0,3,0.0,5.0
praveen_derin,1,0,1.0,0.0
DeependraMSinha,0,5,0.0,5.0
_RoohDaar__,0,1,0.0,1.0
indx_techs,0,1,0.0,1.0
sofakingkewl91,0,1,0.0,1.0
Hiranyareta,1,0,1.0,0.0
iamamitverma7,0,2,0.0,2.0
VishnuFNO,3,3,3.0,3.0
diptidange,0,10,0.0,11.0
bawa_originals,0,1,0.0,1.0
Varda80s,0,1,0.0,1.0
PahariPiyali,0,2,0.0,3.0
PawanChowgule,0,1,0.0,1.0
Ramamshyamam,0,1,0.0,1.0
SweetBandit108,4,8,5.0,8.0
radicalieweR,0,1,0.0,1.0
desikatta111,1,2,1.0,2.0
PremTaba,0,5,0.0,6.0
Saarthi01711899,0,1,0.0,1.0
Subcontinent111,0,3,0.0,3.0
seekerchandan,0,7,0.0,10.0
MSaeedS_A,0,1,0.0,1.0
TauseefMUSTAFA,0,2,0.0,2.0
TarunKu51104578,0,1,0.0,1.0
Ganesa_Soldier,0,3,0.0,5.0
SubhoRC,0,1,0.0,1.0
krishnabgowda,3,0,3.0,0.0
PranitRai10,0,1,0.0,1.0
amitkrkr007,0,2,0.0,2.0
DebashishHiTs,5,1,19.0,1.0
nitin_nam,0,1,0.0,1.0
brvenkatesh58,0,1,0.0,1.0
nikita40607591,1,2,1.0,2.0
ImSkD4,1,1,1.0,1.0
Sankalp09393504,1,1,1.0,1.0
rohithbr,0,1,0.0,1.0
Gauravmittal09,0,3,0.0,3.0
Mohan41591648,0,6,0.0,9.0
chaitnyakumar,0,2,0.0,2.0
aloksharmasbp,0,1,0.0,1.0
Candidpunit19,0,2,0.0,2.0
dhiraj_beri,0,2,0.0,3.0
s_satire,0,1,0.0,1.0
Iyerpatriot,1,0,1.0,0.0
Riantares1,0,1,0.0,1.0
UdayDehlvi,0,2,0.0,2.0
goldymgeorge,0,1,0.0,1.0
Sujith_Gopalan,0,3,0.0,3.0
gopaldahal606,0,1,0.0,1.0
proud_indian011,0,1,0.0,1.0
im_SUpadhyay,0,1,0.0,1.0
ChoukiderP,0,1,0.0,1.0
spuiuk,0,1,0.0,1.0
AjitBanerjee6,0,1,0.0,1.0
Ansh_sharma34,0,1,0.0,1.0
ValerianMeneze3,0,1,0.0,1.0
umakant_mallik,0,2,0.0,2.0
manojsh,0,1,0.0,1.0
RainRajarshi,0,1,0.0,1.0
amandeeparora81,0,1,0.0,1.0
RandomG55894459,0,1,0.0,1.0
keshaboinasri,1,0,1.0,0.0
SahilNa22106733,0,1,0.0,1.0
samavi2707,0,1,0.0,1.0
Ram72258976,0,1,0.0,1.0
NiravND87,0,1,0.0,1.0
arunp_r,0,1,0.0,1.0
pwaddar,0,1,0.0,1.0
GeetDhirBJP,0,4,0.0,8.0
i_m_shahidd,0,1,0.0,1.0
IncAatisha,0,1,0.0,1.0
krishnakacker,1,2,1.0,2.0
JOSEPHMAHALSON,0,1,0.0,1.0
Krantik88100022,0,1,0.0,1.0
BabaUndertaker,1,2,1.0,2.0
partha2673,0,1,0.0,1.0
HemantSirohi1,0,1,0.0,1.0
darainalam,0,2,0.0,2.0
rishinikhil21,0,1,0.0,1.0
FanRajarshi,0,2,0.0,2.0
MarcStylish,0,1,0.0,1.0
gopand5612,0,1,0.0,1.0
vijayindrtanaya,0,1,0.0,1.0
vishal_svt,0,3,0.0,5.0
TrivedParth,0,3,0.0,4.0
thekushrk,0,1,0.0,1.0
uditsomani1,0,1,0.0,1.0
BansariLachman,0,9,0.0,11.0
ramesh_ydp,0,1,0.0,1.0
SONNY_AUS,0,1,0.0,1.0
RamMunje,0,1,0.0,1.0
satpalrcf2012,0,1,0.0,1.0
RajivKumarRay9,0,1,0.0,1.0
i_Nirikshana,2,1,2.0,1.0
malikshahzad84,0,1,0.0,1.0
sachinr4u,0,1,0.0,1.0
adishimoga,0,1,0.0,2.0
hgangadhar1,1,1,1.0,1.0
AlokCha20163491,0,1,0.0,1.0
mrnanda24,0,5,0.0,5.0
SahniSahabJi,0,2,0.0,2.0
miss_roh08,6,0,6.0,0.0
Ramu1975A,0,2,0.0,2.0
Bijumadhavan20,0,1,0.0,1.0
saurabhsriLive,0,1,0.0,1.0
n_suri2004,0,2,0.0,2.0
VikasSareen11,2,1,2.0,1.0
Prashant_Dobhal,0,1,0.0,1.0
sam03048,0,1,0.0,1.0
vinod_56,0,1,0.0,1.0
Rai__sahab__,0,2,0.0,2.0
stewie_indian,1,1,1.0,1.0
Virajindian00,0,1,0.0,1.0
agnipkarmakar,0,1,0.0,1.0
sinhanss1,0,1,0.0,1.0
kiranjadhavbjp1,0,1,0.0,1.0
Shasankp2,0,2,0.0,2.0
Mohamme12701691,0,1,0.0,1.0
PiyushJ_pj,0,4,0.0,4.0
Deepak6665,0,2,0.0,2.0
Bhumiputra36,1,0,1.0,0.0
anil7kishan,0,1,0.0,1.0
amrit_chaubey,0,1,0.0,1.0
tweetFreely69,0,1,0.0,1.0
Mohdyawarkhan3,0,1,0.0,1.0
maheshb64361826,0,2,0.0,3.0
shreekm,0,1,0.0,1.0
CommenterSerial,3,0,3.0,0.0
shah_1972,0,2,0.0,2.0
snehilmarine20,0,1,0.0,1.0
freedom_yarab,1,0,1.0,0.0
sainidan_ratnu,0,1,0.0,1.0
MKSinghGkp,0,1,0.0,1.0
nirajdeokar,0,1,0.0,1.0
DrSJaishankar,135,0,143.0,0.0
chandra256290,0,1,0.0,1.0
igloo_alaskans,0,1,0.0,1.0
suraj_yadav2005,0,1,0.0,1.0
DerivativesSPX,0,1,0.0,1.0
amlesh077,0,2,0.0,3.0
salmanaly24,0,1,0.0,1.0
KaranSi40138191,0,1,0.0,1.0
sanjeevanand15,0,2,0.0,2.0
mishraRakendra,0,2,0.0,3.0
harshkkapoor,2,4,3.0,4.0
HareshBSangar,0,2,0.0,2.0
The_Selfish_001,0,3,0.0,3.0
MahinRanawat,0,1,0.0,1.0
pawan_bihani,0,1,0.0,1.0
TejasTweetz,0,2,0.0,5.0
jkvinay,0,2,0.0,2.0
memdotai,0,1,0.0,1.0
badassbrownmom,0,1,0.0,1.0
bharateeyudu8,0,2,0.0,2.0
DLNarayan2,2,1,2.0,1.0
R_P_Khare,1,11,1.0,17.0
RavijhaSBIlife,0,1,0.0,1.0
Santosh00756529,0,2,0.0,2.0
porusv,0,1,0.0,1.0
Trulyabhi,0,5,0.0,5.0
Shahid79402018,0,1,0.0,1.0
GoodWill_Nation,0,2,0.0,2.0
Saiharshith5Sai,0,3,0.0,3.0
himranjanINC,0,1,0.0,1.0
revisionistmarx,0,1,0.0,1.0
JOtvf,0,1,0.0,1.0
PrinceT66447707,0,2,0.0,2.0
ada99india,0,1,0.0,1.0
arora_sanam,1,2,1.0,2.0
RajanishSailor,0,3,0.0,4.0
Ashok_Kapahtia,0,2,0.0,2.0
shivamsverma,0,5,0.0,6.0
fifthforce5,0,4,0.0,6.0
Srinath46720703,1,2,1.0,2.0
beituorme,0,2,0.0,2.0
AKanuv108,2,4,2.0,4.0
puranik_kaushik,0,1,0.0,3.0
asif_IamWhatIam,0,1,0.0,1.0
LogicalIndians,4,0,4.0,0.0
BabuN45324006,0,1,0.0,1.0
Abhijit_biyani,0,2,0.0,3.0
hinduhumanright,0,1,0.0,1.0
SatyajitBCH,0,2,0.0,2.0
Merge2Supreme,0,1,0.0,1.0
KapilVirmani3,0,1,0.0,1.0
sasanksingh2592,0,1,0.0,1.0
_AnsumanRath,0,1,0.0,1.0
BhavinJMD,0,1,0.0,1.0
chittukuruvi4,1,2,1.0,2.0
agrawmohit,0,4,0.0,7.0
BHANWARLALSUTH7,0,2,0.0,2.0
SidharthNSingh,2,0,2.0,0.0
enterindia,0,2,0.0,2.0
nikhil69_99,1,1,1.0,1.0
Gauravvats4,0,1,0.0,1.0
HarshBisaria,0,2,0.0,2.0
BeingRahulSinha,0,2,0.0,2.0
Asitjena10,0,1,0.0,1.0
6gonetax,0,1,0.0,1.0
Sinuvarghese255,0,1,0.0,1.0
ikkraushan,0,1,0.0,1.0
aditya_2908,0,1,0.0,1.0
philip_finney,0,3,0.0,3.0
MayankS24573742,0,1,0.0,1.0
SameerTendulka5,1,2,1.0,3.0
harshmadhusudan,5,3,5.0,3.0
Grouser17,0,1,0.0,1.0
hari_feb_09,0,1,0.0,1.0
NanaSiddharth,0,1,0.0,1.0
ANUBHAVAUDICHYA,0,2,0.0,2.0
jsprt20,0,2,0.0,2.0
YouPolitical4,1,1,1.0,1.0
RajeArchis,0,1,0.0,1.0
mubin434,0,5,0.0,5.0
MANOJ_MITTAL,0,1,0.0,1.0
abhinavbismark,0,1,0.0,1.0
IamChiragDalal,0,1,0.0,1.0
RameshJ77888608,0,2,0.0,2.0
ChandyAnil,0,1,0.0,1.0
AryamanUdai,0,1,0.0,1.0
trimendiratta,0,1,0.0,1.0
newsuntold,0,3,0.0,3.0
ravishankar1910,0,1,0.0,1.0
SapruSanjay,0,2,0.0,2.0
live4abhishek,0,2,0.0,2.0
Kajal_Iyer,1,0,1.0,0.0
KeshavStrong,0,1,0.0,1.0
nvk_vk,0,1,0.0,1.0
The_word_play,0,1,0.0,1.0
eunnie2003,0,3,0.0,3.0
Chandrakbose,10,5,10.0,7.0
1001sandy,0,1,0.0,1.0
Indian_Farmer,0,1,0.0,1.0
MastroLee,0,1,0.0,2.0
RaviSBanerjee,0,1,0.0,1.0
raghunathtk,0,1,0.0,1.0
iuryash,0,2,0.0,2.0
rajnikanthakka3,0,2,0.0,4.0
praful_patel,1,0,1.0,0.0
WordsofYP,0,1,0.0,1.0
me_zameerjaffri,0,1,0.0,1.0
NationsBallot,0,1,0.0,2.0
PandaJay,61,0,71.0,0.0
jvidyasagar,2,1,2.0,1.0
indianfromwest,0,2,0.0,2.0
RonakJa62595689,0,2,0.0,2.0
aishwar2414,0,1,0.0,1.0
aroonshetty123,0,1,0.0,1.0
eparitosh,9,2,9.0,3.0
_vonarchimboldi,0,1,0.0,1.0
Manob__Human,0,1,0.0,1.0
xanrav,0,1,0.0,1.0
Shabbs20,1,0,1.0,0.0
mishra1965,0,2,0.0,2.0
radhacharandas,2,0,2.0,0.0
CantBullshit,1,0,1.0,0.0
mahektetweet,0,2,0.0,2.0
Vasu_tutu,0,1,0.0,1.0
indglish,0,2,0.0,2.0
wrightofCG,0,1,0.0,1.0
MunnaKu92583413,0,1,0.0,1.0
AnkitaDsinha,0,1,0.0,1.0
MundaTatawala,0,3,0.0,4.0
vipulmatrix,0,1,0.0,1.0
Rashidsoomro008,0,1,0.0,1.0
sagittarihouse,0,3,0.0,3.0
parthjuneja89,1,11,2.0,11.0
Nirmala04773110,0,1,0.0,1.0
HIMANSH07883075,0,13,0.0,34.0
GajananRj,0,2,0.0,2.0
DhimanGurdyal,0,2,0.0,2.0
BuyTimeSharesGG,0,1,0.0,1.0
Global_Bakait,0,1,0.0,1.0
PewDxxPie,0,1,0.0,1.0
Kabir_grewal1,0,1,0.0,1.0
NiwasHarsh,0,1,0.0,1.0
Deepakm2087,0,2,0.0,2.0
AgentSaffron,12,1,13.0,1.0
devanathan32,0,1,0.0,1.0
ArjunPa48400939,0,1,0.0,1.0
jaiswal_vijay74,0,1,0.0,1.0
iSantoshAvhad,0,2,0.0,2.0
Abhi_lovelyboy,0,1,0.0,1.0
GopeBrat,0,1,0.0,1.0
MrX42138479,1,1,1.0,1.0
Essarzed,0,2,0.0,2.0
komaragirirk,0,1,0.0,1.0
furiousnj,0,1,0.0,1.0
arunkumarsgs,0,4,0.0,4.0
rangakrishnan1,1,1,1.0,1.0
md421301,0,1,0.0,1.0
surend265,0,8,0.0,14.0
AAnurudha,0,2,0.0,3.0
deepdavey,0,1,0.0,1.0
haria1979,0,1,0.0,1.0
GalivarStewie,0,1,0.0,1.0
SirJambavan,5,0,5.0,0.0
Bermaravi1,0,1,0.0,1.0
indian12061974,0,4,0.0,4.0
sandipoec,0,2,0.0,2.0
indiatvnews,105,2,125.0,2.0
ptriotic,0,1,0.0,1.0
Sandykanwar,0,1,0.0,1.0
RavinderSehga12,0,1,0.0,1.0
Muneermuh,0,1,0.0,1.0
ricebagachiever,0,1,0.0,1.0
yemmay,0,1,0.0,1.0
guhasourav,0,4,0.0,6.0
BharatiGhosh1,1,0,1.0,0.0
panchal503,0,1,0.0,1.0
Chhokkwangun,0,2,0.0,2.0
DhammaDoom,0,2,0.0,2.0
Vairagyya,0,1,0.0,1.0
Savyasachii,0,1,0.0,1.0
mansharamvIndia,0,1,0.0,1.0
MeGreatAryan,0,1,0.0,1.0
Aifosyss,0,1,0.0,1.0
VidyutDate,0,2,0.0,2.0
mohammedwasil71,0,1,0.0,1.0
archanamakam9,0,1,0.0,1.0
gofida2hemanth,0,1,0.0,1.0
MrsGandhi,104,0,114.0,0.0
i_m_prapti,2,1,2.0,1.0
parishruttalks,0,2,0.0,2.0
RupeshMakol,0,1,0.0,1.0
anupneshti,0,1,0.0,2.0
PracticalMore,1,1,1.0,1.0
thinkinmachine,0,1,0.0,1.0
Subytweets,23,0,31.0,0.0
Suryamariappa,1,9,3.0,10.0
anbokshi,0,1,0.0,2.0
anu_sani,0,2,0.0,2.0
_tigon_,0,1,0.0,2.0
anoopuma,0,2,0.0,2.0
Ravindr94875277,0,1,0.0,1.0
Stubborn_desk,0,1,0.0,1.0
Marihuli1,0,1,0.0,1.0
indian_patil,3,0,4.0,0.0
amarnath1d11,0,1,0.0,1.0
just_indy3,0,3,0.0,4.0
Haramzada882,0,1,0.0,1.0
AditiAnarayanan,1,2,1.0,2.0
HarishK62446345,0,1,0.0,1.0
kakirajinja,0,1,0.0,1.0
ArjunSays2,0,1,0.0,1.0
propagandabreak,0,1,0.0,1.0
Rajeevn04851723,0,1,0.0,1.0
Gurush_,0,1,0.0,1.0
ToooOpinionated,2,3,2.0,3.0
supportright126,0,1,0.0,1.0
IPR_IND,1,1,1.0,1.0
grah_76,0,1,0.0,1.0
pravi202,0,1,0.0,1.0
Abhigyasharma97,0,3,0.0,3.0
CHOPS1955,0,1,0.0,1.0
reach_ashutosh,0,1,0.0,1.0
11_dayanand,0,1,0.0,1.0
NoahV94242580,0,1,0.0,1.0
lakshit_indian,0,1,0.0,1.0
Raajarora1974,0,1,0.0,1.0
Khaleeqrahman,0,1,0.0,1.0
BilalAhmedNgp,1,2,1.0,2.0
BajiRao0,0,1,0.0,1.0
whydeepak,0,4,0.0,4.0
prabhat_kitchen,1,1,1.0,1.0
sumantanu,0,1,0.0,1.0
vvenkataramu,0,7,0.0,7.0
whiskeyputtar,0,1,0.0,1.0
rahgup5,0,1,0.0,1.0
Oppenheimerera,0,1,0.0,1.0
MaheshB101,2,1,2.0,1.0
SoumenduM,0,3,0.0,3.0
IamRajii,1,0,1.0,0.0
vajinkya16,8,0,9.0,0.0
thatindianguy5,0,2,0.0,2.0
unlimited_women,0,2,0.0,2.0
M_T_6579,0,3,0.0,3.0
thatindicmonk,0,13,0.0,14.0
rony_marwa,0,1,0.0,1.0
SpiritOfCongres,43,0,47.0,0.0
_kiritbhatt,0,1,0.0,1.0
Bhukania_Ramesh,0,1,0.0,1.0
smeamit,2,0,2.0,0.0
SikkandarSiraj1,0,1,0.0,1.0
solitude8855,0,1,0.0,1.0
Yash7kumar1,0,1,0.0,1.0
QyukiIndian,0,1,0.0,1.0
i_charihindhu,0,1,0.0,1.0
HistoryCulture1,0,1,0.0,1.0
Hardik02803301,0,7,0.0,7.0
Suren0905,0,2,0.0,2.0
vande_maataram_,0,1,0.0,1.0
Golden__Bull,0,1,0.0,1.0
TrulyMonica,10,0,10.0,0.0
imabidh,0,1,0.0,1.0
urstrulysivaMB,0,2,0.0,2.0
BavisiJayesh,0,1,0.0,1.0
chennithala,2,1,2.0,1.0
Milind2021,0,4,0.0,4.0
ScopeLap,0,1,0.0,1.0
sharma_chaitu,0,1,0.0,1.0
Harry3275,0,3,0.0,3.0
imvishnukarthik,0,1,0.0,1.0
Hindustanijain1,0,1,0.0,1.0
RahulSinghbth,0,1,0.0,1.0
ranjalrajesh,0,3,0.0,4.0
NSMlive,4,0,4.0,0.0
JaiMataji24643,0,5,0.0,5.0
Amana_Ansari,3,0,3.0,0.0
Asheeshindia,0,2,0.0,2.0
attamjhisatakli,0,5,0.0,8.0
abhi_s_rathore,0,1,0.0,1.0
RSeshapalli,0,1,0.0,1.0
dranujoshi1,0,2,0.0,2.0
NSawaikar,4,1,4.0,1.0
bored_jeevi,0,1,0.0,1.0
AdvHarshalDesai,0,2,0.0,2.0
SaviiRay,0,1,0.0,1.0
shailendrah,0,4,0.0,4.0
IamHmmHmm,0,3,0.0,3.0
bchowla,0,1,0.0,1.0
TheBudWiser,0,1,0.0,1.0
Jay_mishra_jp,0,1,0.0,1.0
Indepthcomments,0,1,0.0,1.0
mathewmantony,1,2,1.0,2.0
Arjunadikari,0,2,0.0,2.0
rishishaguna,0,3,0.0,3.0
Bunnysaif1,0,2,0.0,2.0
sanjeev10091940,0,1,0.0,1.0
Amtthakur,0,2,0.0,2.0
rajivjacob1,0,3,0.0,3.0
SmitaPa22427400,0,1,0.0,2.0
ananthnari,0,3,0.0,3.0
satheeshdm,0,1,0.0,1.0
ModiSnoops,0,1,0.0,1.0
dekhane_mukul,2,0,2.0,0.0
ragways,2,0,2.0,0.0
rajsekhar93,0,2,0.0,2.0
Profdilipmandal,26,0,28.0,0.0
numurthe,0,1,0.0,1.0
Greuld,0,2,0.0,2.0
Nikunjspeaks,0,1,0.0,1.0
Dharmapurinerd,0,2,0.0,2.0
Happycrypto3,0,1,0.0,1.0
Martand777,1,0,1.0,0.0
TweetvaChan,0,4,0.0,4.0
Ketulsinh10,0,2,0.0,2.0
mcdovel,0,2,0.0,2.0
GalavSachin,0,1,0.0,1.0
sha2099,0,1,0.0,1.0
Uduche_Prashant,0,4,0.0,4.0
Abhi1975us,0,1,0.0,1.0
shkhnaser,0,3,0.0,3.0
ramankk92,0,1,0.0,1.0
DhirendraMeht11,0,4,0.0,8.0
cheyyeru63,0,2,0.0,2.0
anandsr21,0,1,0.0,1.0
CIVILKHAN1,0,6,0.0,11.0
DeepakM64735945,0,1,0.0,1.0
Shailes06008289,0,1,0.0,1.0
Klingon42474084,0,1,0.0,1.0
kirande60344198,0,1,0.0,1.0
RGRawat16,0,2,0.0,2.0
DiariesHowling,0,1,0.0,1.0
vishsriv,0,2,0.0,2.0
payyur,0,2,0.0,2.0
Jayant28500535,0,2,0.0,2.0
OberoiDavinder,0,1,0.0,1.0
VoiceofAssam2,0,1,0.0,1.0
girisum,2,0,2.0,0.0
UmerHam02629666,0,2,0.0,2.0
Indiantuco,0,1,0.0,1.0
rahul_agasthya,0,3,0.0,4.0
parashargopal,0,1,0.0,1.0
janasanskriti,0,1,0.0,1.0
BJPmukthBharat,0,2,0.0,2.0
aadhinaathan,0,2,0.0,2.0
vivek_pereira,0,6,0.0,6.0
udayshende,0,7,0.0,7.0
ppmuttin,0,5,0.0,5.0
SHAMKUMARSAINI,0,1,0.0,1.0
krishind07,0,5,0.0,14.0
theshahabshamsi,0,7,0.0,7.0
sickosinus,0,2,0.0,4.0
log1calOne,0,1,0.0,1.0
rinku_chaudhry,0,2,0.0,2.0
PonugotiAniii,0,2,0.0,2.0
sunnykapoor1986,0,1,0.0,1.0
KoolCj2,1,0,1.0,0.0
gauravvarmani,0,1,0.0,1.0
everydaymarxist,0,1,0.0,1.0
AshokeRattan,0,2,0.0,4.0
Serve96508800,0,1,0.0,1.0
AchiammaK,0,1,0.0,1.0
KumudShankar,2,0,2.0,0.0
viralrg,1,0,1.0,0.0
VikySinghal,0,2,0.0,2.0
GautamP1971,0,1,0.0,1.0
jsn9116,0,2,0.0,2.0
Sunil35872572,0,3,0.0,3.0
RakeshC31059175,0,1,0.0,1.0
AniruddhaDD,0,4,0.0,4.0
Sahanasatianaat,4,0,4.0,0.0
0__Shunya__0,2,0,2.0,0.0
SatyatTiwari,0,3,0.0,3.0
gifsagar,0,1,0.0,1.0
MohammedRaseed4,0,1,0.0,1.0
avinaashjain,0,1,0.0,1.0
vineetkumar251,0,1,0.0,1.0
katesanalyst,0,1,0.0,1.0
suresh15021941,0,2,0.0,5.0
bhajharinam,0,2,0.0,2.0
indian18071993,0,1,0.0,1.0
Ratinsharma76,0,1,0.0,1.0
ktmurallidharan,0,1,0.0,1.0
VPDEEPTHANKI,0,1,0.0,1.0
modi4sanatan,0,1,0.0,1.0
ev_mobility,0,1,0.0,1.0
PRADEIDO,1,0,2.0,0.0
rahul_tverma,9,3,9.0,4.0
windybrizy,0,2,0.0,2.0
shailocee,0,2,0.0,8.0
bharatpatni,0,1,0.0,2.0
Aditya__Nag,0,1,0.0,1.0
ToprongbazHasan,0,1,0.0,1.0
PoojaShali,8,1,8.0,1.0
MelophileAbhi22,1,1,1.0,1.0
kishorchitra,0,1,0.0,1.0
docayushgarg,0,3,0.0,3.0
manishbpl1,0,8,0.0,23.0
JayParkhe1,1,0,1.0,0.0
nitinjin4,0,3,0.0,3.0
NeetinKrPurnea,0,1,0.0,1.0
shivuniq,0,4,0.0,9.0
HibaYazdani,0,1,0.0,1.0
abhignang,0,2,0.0,2.0
Rohan_Bhargava_,0,10,0.0,11.0
akpvns,0,2,0.0,2.0
sadanjan,0,1,0.0,1.0
toranu77,0,1,0.0,1.0
dpsrini,0,3,0.0,3.0
SukanthBS,0,1,0.0,1.0
bikramseth,0,3,0.0,3.0
AjishNayar,0,1,0.0,1.0
vj9496,0,1,0.0,1.0
kc_4821,0,1,0.0,1.0
anishsingh21,1,1,1.0,1.0
WongPing10,0,3,0.0,3.0
hemanthkumarp1,0,1,0.0,1.0
NewGameRocks,0,4,0.0,4.0
bhavinvachhani,0,1,0.0,1.0
Bingo_mk,0,1,0.0,1.0
Rashbih57142901,0,1,0.0,1.0
Nightkingnew,1,0,1.0,0.0
notYashR9,0,1,0.0,1.0
Orgine6,0,1,0.0,1.0
NitashaKaul,1,0,1.0,0.0
karmicthrust,0,2,0.0,2.0
nishagupta__1,0,2,0.0,2.0
harshendrasin11,0,3,0.0,3.0
BHAVSARBHAI,0,1,0.0,1.0
RamUK_R,0,1,0.0,1.0
vjrajbhar007,0,1,0.0,1.0
Puneetyadavarts,0,1,0.0,1.0
Bairaagiji,0,2,0.0,3.0
luvyouPaa,0,4,0.0,6.0
JaganathanRam15,0,2,0.0,2.0
vaakkaalan,0,3,0.0,3.0
Imzeeshi,0,2,0.0,2.0
Bharatham2022,0,1,0.0,1.0
javedAh81780677,0,1,0.0,1.0
HarshitGokhe,0,1,0.0,1.0
indian_online,6,9,7.0,12.0
bob_7723,0,2,0.0,2.0
vayakkattil,0,1,0.0,1.0
IHemantRkumar,0,1,0.0,1.0
UA0567,0,1,0.0,1.0
sadiqansaari,0,2,0.0,2.0
cloudyplanettt,0,1,0.0,1.0
drchampamadhu,0,1,0.0,1.0
kumarajaysingh1,0,2,0.0,2.0
DrRajeshDBhat,5,0,5.0,0.0
NickLivsYT,0,4,0.0,4.0
RRT_allrounder,0,1,0.0,1.0
ElahiShaban,0,1,0.0,1.0
RadharemananT,0,1,0.0,1.0
prashantynd45,0,3,0.0,3.0
Himanshu_Hims22,1,0,1.0,0.0
IsCavalry,0,1,0.0,1.0
Critical890,0,1,0.0,1.0
madhukeshwart,0,2,0.0,2.0
SreerajMohandas,0,2,0.0,2.0
SatzStar,0,1,0.0,1.0
xyaqd,0,1,0.0,1.0
Swami_843,0,1,0.0,1.0
Manu_HiraBallbh,0,1,0.0,1.0
prabalkbharat,0,1,0.0,2.0
Myreflection9,0,1,0.0,1.0
Ganesh1417,0,1,0.0,1.0
ishankashi,0,1,0.0,1.0
SaurabhMaini2,0,4,0.0,4.0
amolgbakshi,0,1,0.0,1.0
politicalmonk51,0,1,0.0,1.0
FifaIndia2022,0,1,0.0,1.0
MehranYousef,0,2,0.0,2.0
Rain_Man25,0,1,0.0,2.0
chitranayal09,1,2,1.0,2.0
dipenchheda,0,1,0.0,1.0
vipookoul,1,0,1.0,0.0
Gosavilaksh,0,1,0.0,1.0
DavidMenon14,0,1,0.0,1.0
SardarVallabh,0,1,0.0,1.0
wokiepedia,1,0,7.0,0.0
_Royal_Veteran,0,1,0.0,1.0
WeForNews,0,2,0.0,5.0
pswvision,0,1,0.0,1.0
PoddarVaishali,4,0,4.0,0.0
AjaySarkar_1812,0,1,0.0,1.0
KartikHyd87,0,1,0.0,1.0
needof2020,0,2,0.0,3.0
abeytusshar,0,1,0.0,1.0
padiyar_u,4,11,4.0,14.0
DaddyTrent_,0,1,0.0,1.0
RAJESHRAJESH23,1,0,1.0,0.0
shivapansari,0,3,0.0,3.0
sanketshelke_,0,2,0.0,4.0
KovidRaj5,0,1,0.0,1.0
Advik50204203,0,3,0.0,3.0
ravigk24,0,2,0.0,3.0
bastille_sam,1,3,1.0,3.0
JITHIN_GR,0,3,0.0,3.0
lmukundtwit,0,1,0.0,1.0
kukk44,13,0,24.0,0.0
drajayvsoni,0,2,0.0,2.0
Truthwi71886182,0,1,0.0,1.0
youdle,0,1,0.0,1.0
Mukeshkashyap90,0,1,0.0,1.0
Tollybuff,0,5,0.0,5.0
UpsetParrot,0,1,0.0,1.0
nafees_fazal,1,8,8.0,10.0
MeraBha09786376,0,1,0.0,1.0
Aarush_Meena8,0,1,0.0,1.0
iscienceinc,0,2,0.0,2.0
TheSignOfFive,8,0,8.0,0.0
ABPNews,43,2,44.0,2.0
chinmoy_tcs,0,1,0.0,1.0
iSidTalreja,0,1,0.0,1.0
Ajaykumar00009,6,0,11.0,0.0
RashmiRekhaRath,0,1,0.0,1.0
Vips7777Vips,0,1,0.0,1.0
concernd_bharat,0,1,0.0,1.0
Nicky_here,0,1,0.0,1.0
vipinaggarwaal,0,3,0.0,3.0
GautamMirdha,0,4,0.0,5.0
piyu_gupta,0,2,0.0,2.0
Smarty_in,0,1,0.0,1.0
WestBengalPMC,0,1,0.0,1.0
sunilmgls,0,2,0.0,2.0
navin4nation,2,10,4.0,11.0
Dharma4X,7,9,8.0,13.0
SudarsanamSeshu,0,1,0.0,1.0
mvthaker,0,1,0.0,2.0
ex_secooler,0,2,0.0,2.0
NikhilJ2020,0,2,0.0,2.0
SanatanHiDharm,0,1,0.0,1.0
Emad_alikhan,0,1,0.0,1.0
Kumasarkk,1,1,1.0,1.0
smitadeshmukh,15,0,15.0,0.0
PatilSid13,0,2,0.0,2.0
DingBull,0,1,0.0,1.0
Rajendr43212394,0,6,0.0,6.0
Pathakpathak66,0,1,0.0,1.0
shahbazthief,0,1,0.0,1.0
RishabhSahajwa1,0,1,0.0,3.0
AmanSinghChib07,0,1,0.0,1.0
GodlessSpien,0,1,0.0,1.0
Anand_ModiAgan,0,1,0.0,1.0
shaarathsai,0,1,0.0,1.0
ShishirNayak1,0,1,0.0,1.0
anilsatapathy,0,1,0.0,1.0
SwapanR53491131,0,2,0.0,3.0
sujoypc,0,2,0.0,2.0
thakurmancsingh,0,1,0.0,1.0
Ankit1335555,0,1,0.0,1.0
herewithravi,0,1,0.0,1.0
rewatiramanray,2,2,2.0,2.0
karthydoc,0,1,0.0,1.0
Nishithchheda08,0,1,0.0,1.0
ashishblogshots,0,1,0.0,1.0
PankajS92628968,0,1,0.0,1.0
AnjaliKoundinya,3,0,3.0,0.0
ShrutiiPaliwal,0,1,0.0,1.0
DineshA58,1,0,2.0,0.0
matheswaranc,2,0,2.0,0.0
RohanNille,0,4,0.0,4.0
Shubham66787506,0,1,0.0,1.0
Bhawani1970,1,1,1.0,1.0
GD1AD,0,1,0.0,1.0
venkatguru,0,1,0.0,1.0
Samajhdar_insan,0,3,0.0,4.0
andhra1949,0,2,0.0,2.0
Dmind25,0,2,0.0,3.0
lolsalaam1,0,3,0.0,3.0
Naughty_Faraoh,0,1,0.0,1.0
ashokkmrsingh,15,1,16.0,1.0
IamAhmadJawad,0,4,0.0,4.0
raghu_cc,0,1,0.0,1.0
SayanBeAitc,0,2,0.0,2.0
Chandubhopal,0,1,0.0,1.0
Gowthambh,0,1,0.0,1.0
ksyadav1,0,2,0.0,2.0
GNOpinion,2,3,2.0,7.0
RkfromNy,0,1,0.0,2.0
Shivamislibran,0,1,0.0,1.0
Neerajojha121g1,0,8,0.0,9.0
dwijen_vaidya,0,2,0.0,2.0
Mahaind55,0,1,0.0,1.0
SanjayCho,0,1,0.0,1.0
Bharat7Bhutani,0,2,0.0,3.0
Amirchoudhary__,0,1,0.0,1.0
minoritylogy,0,1,0.0,1.0
nageshrai,0,1,0.0,1.0
MuslimSpaces,3,0,3.0,0.0
QueerNaari,1,1,2.0,1.0
nayanp05,0,1,0.0,1.0
sportscull,1,0,1.0,0.0
AnjaliMody1,1,0,1.0,0.0
XSingam,0,1,0.0,1.0
AmitMis51869676,0,1,0.0,1.0
rvasisht,1,3,1.0,3.0
Im_ProudINDIAN,0,1,0.0,2.0
Sangfroid7A,0,1,0.0,1.0
AUM_turiya_AUM,0,1,0.0,1.0
RameshSidhpura1,0,1,0.0,1.0
ksquareinfinity,0,2,0.0,2.0
santosh_econ,0,2,0.0,2.0
RembrantVan,0,1,0.0,1.0
GymAddi14397345,0,1,0.0,1.0
spiderIsHere,0,1,0.0,1.0
amarbbbbppp,0,3,0.0,3.0
Richard53476546,0,1,0.0,1.0
mdufare,0,3,0.0,3.0
Strategical1st,0,3,0.0,3.0
skynetrj,0,1,0.0,2.0
Pradeep848Singh,0,3,0.0,3.0
rkd_sharma,0,5,0.0,5.0
rickycosta1426,0,3,0.0,3.0
123avi456,0,6,0.0,9.0
Sukhwinder_03,1,5,1.0,5.0
nitirgipt,0,1,0.0,1.0
MoidS22,0,3,0.0,3.0
savageayooz,0,4,0.0,4.0
RajivRanjanRa16,0,2,0.0,2.0
slyazar,1,2,1.0,2.0
amitupadhya6397,0,1,0.0,3.0
karthick_69,0,2,0.0,2.0
ashiibhatt,0,1,0.0,1.0
karismatic_kk,0,2,0.0,2.0
sreenindia,0,1,0.0,2.0
JK_Gidwani,0,2,0.0,2.0
Jaganna11,0,3,0.0,3.0
veerbadra,0,1,0.0,1.0
Tryn2beatnifty,0,1,0.0,1.0
mkumarr420,0,3,0.0,3.0
pradeep_0309,0,3,0.0,3.0
PreethiIyer6,0,11,0.0,27.0
VeerappaR,0,3,0.0,3.0
Icetouch27,1,0,1.0,0.0
bohemianSarthak,0,1,0.0,1.0
Gnanashekar,0,1,0.0,1.0
girishkumarp,0,2,0.0,2.0
nanda_ramesh,0,2,0.0,2.0
VaddepallyPrav,0,1,0.0,1.0
kamekish,0,1,0.0,1.0
Erferoz2,0,1,0.0,1.0
indianbachelor,1,3,1.0,3.0
Lucky09690,0,1,0.0,1.0
ankit_kh07,0,1,0.0,1.0
jayantjigyasu,1,0,1.0,0.0
pcprincestephen,0,1,0.0,1.0
gln_journalist,0,1,0.0,1.0
AtthiDevarajan,0,4,0.0,4.0
NiranjanBinu2,0,1,0.0,1.0
shiv_shaktii,0,2,0.0,3.0
RGspeak,0,11,0.0,12.0
KrisVanor,0,2,0.0,3.0
psjneeraj551,0,1,0.0,1.0
AndColorPockeT,2,2,2.0,2.0
harikrishnan_91,0,4,0.0,5.0
IctcImpact,1,15,20.0,83.0
Darshan210488,0,2,0.0,2.0
TendulkarBJP,3,0,5.0,0.0
WithINC_1960,0,1,0.0,1.0
Oindrila1947,0,1,0.0,1.0
hardeeparora91,0,2,0.0,2.0
RanjanM12266703,0,1,0.0,1.0
HonestCric,0,2,0.0,2.0
dividattani,0,1,0.0,1.0
TausifS03001359,0,1,0.0,1.0
LazarusMission1,1,1,1.0,1.0
chotulalasabk,0,1,0.0,1.0
FromTarnaka,0,1,0.0,1.0
jothims,11,1,11.0,1.0
tweeterPill,1,1,1.0,1.0
civilbengaluru,0,4,0.0,4.0
SuhasiniW,0,3,0.0,3.0
Tulika86171298,0,1,0.0,1.0
pravchak,7,1,9.0,1.0
ContactVVR,0,2,0.0,2.0
ChoudharySukhy,0,1,0.0,1.0
GourishJena,0,1,0.0,1.0
AhmedAhsanAbbas,0,1,0.0,1.0
CoryMcDowell07,0,1,0.0,1.0
Infinityandy,0,1,0.0,1.0
onkarbhutada,0,5,0.0,6.0
PatrioticSeeker,0,3,0.0,3.0
Riz53190502,0,1,0.0,1.0
bhadouriya12,0,2,0.0,2.0
helloitsmerajiv,0,1,0.0,1.0
jaihog,0,1,0.0,1.0
malagirishi,0,1,0.0,1.0
TheLastKnighter,0,2,0.0,2.0
Bhakht_Buster,0,1,0.0,1.0
VibhutiSinghIND,0,4,0.0,4.0
Ram33Jai,0,1,0.0,1.0
ShailjaSgh,1,2,2.0,2.0
BakersValley,0,2,0.0,2.0
Savant2Sports,0,1,0.0,1.0
rickyjha33,0,2,0.0,2.0
AnilKumarSS11,0,1,0.0,1.0
AshishB_79,0,1,0.0,1.0
dineshpon,0,1,0.0,1.0
payanienn67,0,1,0.0,1.0
rjagadishy,0,1,0.0,1.0
AnbhuleSubhash,0,1,0.0,2.0
sunil_kind,0,1,0.0,1.0
chmaphy_n,0,1,0.0,1.0
Naveennbajpaii,0,1,0.0,1.0
deepu125yadav,0,1,0.0,1.0
Ashutos83739658,0,1,0.0,1.0
IndianC15953445,0,1,0.0,1.0
SanghaDr,0,4,0.0,4.0
BhavikPrit,0,1,0.0,1.0
Panther23538121,0,1,0.0,1.0
ZakirHu35103422,0,3,0.0,3.0
subprimeasset,0,1,0.0,1.0
VMGIRIDHAR,0,1,0.0,1.0
desaigk,0,3,0.0,3.0
balamy,1,4,1.0,4.0
karant440,0,2,0.0,2.0
Shambhu90641457,0,1,0.0,1.0
Ramana1771,0,1,0.0,1.0
akash_mahant,0,1,0.0,1.0
NarenBabu4,0,1,0.0,1.0
andhbhakthoon1,0,1,0.0,1.0
Sub_Has_Is,1,1,1.0,1.0
sajik_krishnan,0,1,0.0,1.0
smfaizhaider,0,4,0.0,5.0
shandon17,0,3,0.0,3.0
HiGuptaVishal,0,2,0.0,2.0
NamtungD,0,1,0.0,1.0
PawanKu27422702,0,1,0.0,1.0
ManuSharma_09,0,3,0.0,3.0
KumarRanganat15,1,1,1.0,1.0
FastNewsDelhi,2,0,7.0,0.0
DrHeena_Gavit,1,0,1.0,0.0
Arpita03487482,0,2,0.0,4.0
Ahmadfiroz9,0,2,0.0,2.0
raj_knp,0,2,0.0,3.0
indiamusings,0,1,0.0,1.0
Sivasiv64293644,0,1,0.0,1.0
Kdeepak64,0,2,0.0,2.0
BarghavaV,0,1,0.0,1.0
nsheth73,0,2,0.0,2.0
zytriah9801,0,1,0.0,1.0
prasadgvn,0,3,0.0,3.0
saurabhdutta22,0,1,0.0,1.0
prabhakaryerram,0,1,0.0,1.0
beachplease1988,0,2,0.0,2.0
PankajBihari8,0,1,0.0,1.0
mrmishra2001,0,3,0.0,4.0
Ashutosh7781,0,1,0.0,1.0
amitsense,0,1,0.0,1.0
unhealthyobsess,0,1,0.0,1.0
raj_nik001,0,1,0.0,1.0
lal_muk2,0,1,0.0,1.0
parikghising,0,1,0.0,1.0
AnujCha2104,0,2,0.0,2.0
zualisailo,0,4,0.0,7.0
shashi1208,0,3,0.0,4.0
joelkaka,0,1,0.0,1.0
nkaggere,1,1,1.0,2.0
manigautam,0,1,0.0,1.0
OrionCadet,0,1,0.0,1.0
CowTalking,0,5,0.0,6.0
dkkothari,0,1,0.0,1.0
marinebite,0,1,0.0,1.0
Fazal_Twt,0,3,0.0,3.0
ManuWriter,0,1,0.0,1.0
Niharika_49,0,1,0.0,1.0
km8040,1,2,1.0,2.0
SAPANBEHERA12,0,3,0.0,3.0
The_AB_Tripathi,0,4,0.0,4.0
souravconnects,0,1,0.0,1.0
susridey2,0,1,0.0,1.0
Chhaksh1,0,5,0.0,5.0
NasiRevanasidd1,0,1,0.0,1.0
EnemyOfRss,0,1,0.0,1.0
JIGARVACHHANI,0,1,0.0,1.0
office_das,0,1,0.0,1.0
envyk_blr,0,4,0.0,4.0
Jayanaik2167,0,1,0.0,1.0
rvishwar,0,3,0.0,3.0
GargAdiOfficial,1,1,1.0,1.0
RangKkr,0,1,0.0,1.0
Scorpion1007,0,8,0.0,45.0
YPPIndia,0,1,0.0,1.0
SwamyBhakt,10,0,13.0,0.0
kartickmisraa,0,1,0.0,1.0
sabusijo,0,1,0.0,1.0
srivast1122,0,1,0.0,1.0
imsanatk,0,1,0.0,1.0
supersayan68200,5,3,6.0,5.0
IamRoyAJ,0,1,0.0,1.0
DimpleNegi12,0,1,0.0,1.0
ketantrivedi04,0,3,0.0,4.0
itsrupeshranjan,0,1,0.0,1.0
Prashan48933734,0,2,0.0,3.0
Pradeep22587909,2,2,2.0,2.0
brumbyoz,1,0,1.0,0.0
nagarjund,2,0,2.0,0.0
wazirkhan1,0,1,0.0,1.0
suryaSh86523717,0,1,0.0,1.0
Newgrowr3,0,1,0.0,1.0
KanwalChadha,0,1,0.0,1.0
TheSNFD,0,4,0.0,4.0
shyamvishnu,0,1,0.0,1.0
avinashsardar,0,2,0.0,2.0
Bibhu_PB,0,5,0.0,6.0
divdivdiv,0,1,0.0,1.0
surya_girija,0,1,0.0,1.0
7utkarsh_singh,0,1,0.0,1.0
KrishnakumarWa3,0,1,0.0,1.0
HinduAmericans,9,0,9.0,0.0
SKRAY1001,0,1,0.0,1.0
DrDimpalpatel,0,1,0.0,1.0
AnilranaBJP,0,1,0.0,1.0
KapuPrmr2007,0,1,0.0,1.0
satyajeettambe,1,1,1.0,1.0
mahesh246sharma,0,1,0.0,1.0
NativeSon_No1,0,1,0.0,1.0
imonikaudeshi,1,1,1.0,1.0
khalidadman91,0,1,0.0,1.0
LoboAnil0310,0,2,0.0,2.0
RVigneshRuban,0,1,0.0,1.0
Toora268941,0,1,0.0,1.0
a_randomindian,0,2,0.0,2.0
ModiFrom,0,1,0.0,1.0
salmanmohdkhan,1,1,1.0,1.0
sathishpgw,0,1,0.0,1.0
fazlur31,0,1,0.0,1.0
nelson11sam,0,1,0.0,1.0
DilipRa90006465,0,1,0.0,1.0
raghuram1965,0,1,0.0,1.0
SamKhan999,24,0,25.0,0.0
SatyendraThenua,0,3,0.0,3.0
k0ol1,0,1,0.0,2.0
InvisibleVoter_,0,4,0.0,6.0
UnabashedIndian,0,1,0.0,2.0
kochattil,1,1,1.0,1.0
sunandavashisht,16,0,16.0,0.0
notgagaladee,0,1,0.0,1.0
imkamalrawat,0,1,0.0,1.0
BhaskarSV2,0,3,0.0,3.0
DrArpitMago,0,1,0.0,1.0
raja80590367,0,1,0.0,1.0
Ameek09,0,1,0.0,1.0
Brahmadasvv,0,3,0.0,3.0
Irfankudagi,0,1,0.0,1.0
SunilRao1962,0,1,0.0,1.0
AmitLeliSlayer,17,0,18.0,0.0
dharam_vir_uk,0,1,0.0,1.0
MayurNeal,0,1,0.0,1.0
prapanch2021,1,1,1.0,1.0
RP_Agarwal_,1,0,1.0,0.0
kannadiga_123,0,2,0.0,2.0
saxearv,0,1,0.0,1.0
McsGoog,1,0,1.0,0.0
aadvika_,0,1,0.0,1.0
Ravinde30144499,0,1,0.0,1.0
sanjay_palapu,0,2,0.0,2.0
Saveind22288592,0,5,0.0,5.0
AhriSpidon,0,9,0.0,13.0
DrAmitavaDas,0,1,0.0,1.0
ImTaherSyed,0,1,0.0,1.0
VishalC94951995,0,1,0.0,1.0
SmSr_Nr,0,1,0.0,1.0
BenjaminCylus,1,1,1.0,1.0
rohitkr_2011,0,2,0.0,2.0
DHIRUBHAI,0,1,0.0,1.0
abhinav_borbora,1,1,1.0,1.0
CSharathReddy,0,1,0.0,1.0
vasanji,0,1,0.0,1.0
surajitdasgupta,4,0,4.0,0.0
human_cg,0,1,0.0,1.0
NizamuddinSB,0,1,0.0,1.0
v_ojha,0,1,0.0,1.0
IamBCdas,0,4,0.0,8.0
Xpress_edex,2,4,4.0,7.0
sathyanathkp,0,1,0.0,1.0
Red9planet,0,1,0.0,2.0
subhsays,1,1,1.0,1.0
AvneeshKumarR19,0,1,0.0,1.0
pendsenikhil,0,1,0.0,1.0
Queen4luck,0,1,0.0,1.0
VikasM1969,0,2,0.0,2.0
AN4Bharat,0,8,0.0,11.0
chotan79,0,1,0.0,1.0
the_edifice_man,0,6,0.0,6.0
guardian_indian,0,1,0.0,1.0
ShekharGupta,117,2,145.0,3.0
AAPtimusPrimee,1,0,1.0,0.0
saktipatel1087,0,1,0.0,1.0
saoodthekhan,0,1,0.0,1.0
Raghav64503770,0,2,0.0,2.0
Aakanksha1109,0,2,0.0,3.0
SumitRa41104371,0,3,0.0,3.0
askIccranking,0,2,0.0,2.0
paranjoygt,8,1,8.0,1.0
laxmanp06190373,0,1,0.0,1.0
drkunalguptabds,0,1,0.0,1.0
Manasrb2,1,1,1.0,1.0
KVKSCHOUDARY,0,1,0.0,1.0
Mohazamil,0,1,0.0,1.0
proud_Indian243,0,2,0.0,2.0
rajeshjjoshi1,0,1,0.0,1.0
prisanya12,1,1,1.0,1.0
mohan_author,0,1,0.0,1.0
Bugsdodo,0,1,0.0,1.0
healthydebater,1,1,1.0,1.0
meernadeemkhan,0,3,0.0,3.0
sriramcn,0,1,0.0,1.0
Amytisd1,0,8,0.0,8.0
KalyanaramanSi1,1,1,2.0,1.0
Ramanras2906,0,3,0.0,3.0
REVIMSHAN,0,5,0.0,5.0
RealSushilS,0,1,0.0,1.0
sampathsarepall,0,1,0.0,1.0
Urinateonmosqu1,0,1,0.0,1.0
ghai_ira,0,2,0.0,2.0
sid_nowtotweet,0,2,0.0,2.0
Madhu12434,0,2,0.0,2.0
__itsyst__,0,1,0.0,1.0
beingindian108,0,1,0.0,1.0
AK18341880,0,1,0.0,1.0
rkhuria2,3,1,3.0,1.0
SirKishan,1,0,1.0,0.0
aumsoundwave,0,2,0.0,2.0
jeyaharshan,0,4,0.0,4.0
GulshanRaiNBT,0,1,0.0,4.0
deevidmah,0,1,0.0,1.0
Tovarisch_Arpit,0,1,0.0,1.0
sjindal539,0,1,0.0,1.0
RitzyB94,0,1,0.0,1.0
umasudhir,6,1,6.0,5.0
Ka_nika0106,0,1,0.0,1.0
politicsskill,0,1,0.0,1.0
drsurajkrishnan,0,1,0.0,1.0
PrithviSkills,0,3,0.0,3.0
AdityaRajKaul,39,0,40.0,0.0
NaadaanEngineer,0,2,0.0,2.0
RajivLather,1,1,1.0,1.0
fazdhz,0,1,0.0,1.0
gurdeeprekhi,0,1,0.0,1.0
dpk2266,0,2,0.0,2.0
SajidCKP,0,2,0.0,2.0
Babarfan1224,0,1,0.0,2.0
lexkareaus,0,1,0.0,1.0
TheOnlyBrahma,0,1,0.0,1.0
yoges_rawal,0,1,0.0,1.0
MisterChi3f,0,1,0.0,1.0
ashimraizada,0,2,0.0,2.0
ChandrakiranMeh,0,2,0.0,2.0
EKadhirvel,1,1,2.0,1.0
Ak35677096,0,1,0.0,1.0
patnaikt,0,1,0.0,1.0
praveen_spk,0,1,0.0,1.0
Raj111188,0,3,0.0,3.0
proudjosephite,0,2,0.0,3.0
nviswam,11,5,13.0,5.0
nikshitha36,0,1,0.0,1.0
vinaychopda,0,2,0.0,3.0
being_fara,0,1,0.0,1.0
Bhambu_Raaj,0,1,0.0,2.0
Dr_Kumar_Munish,0,1,0.0,1.0
ayushpandeyakb,0,3,0.0,3.0
HarshilBShah92,0,1,0.0,1.0
KedarnathBhatt,0,2,0.0,2.0
Mohan47322481,0,4,0.0,4.0
Sags003,0,1,0.0,1.0
ramk369,0,1,0.0,1.0
srimanoj09,0,1,0.0,1.0
aloksom,1,1,1.0,1.0
pksrivastava6,8,0,16.0,0.0
drpmahesh2610,0,1,0.0,1.0
estockyard,0,1,0.0,1.0
tanmoyofc,3,1,4.0,1.0
PARWEZA30169731,0,4,0.0,12.0
GrandMasterSuSu,0,2,0.0,2.0
YearOfTheKraken,1,0,1.0,0.0
SugiSiva3089,0,2,0.0,2.0
nikunjhpanchal,0,1,0.0,1.0
nileee9281,0,1,0.0,1.0
letsgoobabyyy,0,1,0.0,1.0
ashmumdub,0,1,0.0,1.0
sajjanjnu,1,0,1.0,0.0
trial123452,0,1,0.0,1.0
Ankur_tiwari2,0,2,0.0,2.0
Prithvi_GR,1,2,1.0,2.0
adwitiya_singh,0,2,0.0,2.0
ShubhSi_,0,1,0.0,1.0
rishavsharma47,0,1,0.0,1.0
StatueSpeaks,0,1,0.0,1.0
ywcvc1999,0,1,0.0,1.0
BaxlaRinki,0,1,0.0,1.0
SardarChand3,0,1,0.0,1.0
khatri_shantanu,0,1,0.0,1.0
MrKarmaYogi,0,1,0.0,1.0
PradeepSVPWfd,0,2,0.0,2.0
AsgarRN,0,3,0.0,3.0
Bidesi76,0,1,0.0,1.0
PrashantPansari,0,1,0.0,1.0
monty86738041,0,2,0.0,2.0
karthiktz,0,2,0.0,3.0
BajajKanika15,0,2,0.0,2.0
ravikantbeniwal,0,1,0.0,1.0
baba30,0,1,0.0,1.0
Chaudharimohan8,0,1,0.0,1.0
Faizanjjshaikh,0,5,0.0,5.0
Gaurav_Raviya,0,2,0.0,2.0
khaja_uk,0,1,0.0,1.0
raviraw33024128,0,1,0.0,1.0
saileenas,2,0,2.0,0.0
alamgirizvi,4,0,4.0,0.0
asifkhetani1,0,2,0.0,2.0
JaglanTarun,0,2,0.0,4.0
GuruprasadGovi1,3,10,5.0,10.0
HindustaniGulal,0,2,0.0,2.0
GomathiKarri,0,1,0.0,1.0
RanjanGyan01,0,2,0.0,2.0
Prash1008,0,2,0.0,2.0
vipkrsna,0,1,0.0,1.0
Abhi_investor,0,2,0.0,2.0
ithihasa9,0,1,0.0,1.0
NeutroniumHammr,0,1,0.0,1.0
praveenkhanna78,0,1,0.0,1.0
saxmacs,0,3,0.0,3.0
munnaworli,1,1,2.0,1.0
eaglei1982,0,1,0.0,1.0
gontiaji,0,2,0.0,2.0
zeel12348765,0,1,0.0,1.0
being_sallunauf,0,2,0.0,2.0
JatinPaul,0,1,0.0,13.0
mesushovan,0,5,0.0,8.0
pradip1951,1,1,1.0,1.0
Dravidianchild,0,1,0.0,1.0
738Eddie,0,1,0.0,2.0
hie_saurabh,0,1,0.0,1.0
RajeshSundarar4,0,1,0.0,1.0
TheArnavS,0,1,0.0,1.0
bostoniancskfan,0,10,0.0,10.0
Manuj_Fauzdar,0,1,0.0,1.0
bl_prajapati,0,1,0.0,1.0
ThirumalWnp,1,3,1.0,4.0
bakpatel,0,1,0.0,1.0
AhsaanNetwork,0,1,0.0,1.0
M_U_N_A_F_I_Q,0,1,0.0,1.0
Chandanashok21,0,1,0.0,1.0
manonymos,0,1,0.0,1.0
k_glock17,0,1,0.0,1.0
pnkjks,0,1,0.0,1.0
gowthamV86,0,2,0.0,2.0
noon_leagui,0,1,0.0,1.0
ds1606293,0,1,0.0,2.0
vivekpai01,0,1,0.0,1.0
punebjp,0,4,0.0,5.0
ms07926,0,2,0.0,2.0
imbobby07,0,5,0.0,5.0
dubeyvedprakash,0,1,0.0,1.0
Redindian009,0,1,0.0,1.0
Tamilkarthik75,1,5,2.0,8.0
OjhaBaba_96,0,1,0.0,2.0
Doncomets,0,1,0.0,1.0
IshaAga73252527,0,1,0.0,1.0
BhuraSi17089910,0,2,0.0,2.0
mihir_andhare,0,2,0.0,2.0
Ram_ya_0,0,2,0.0,2.0
chandracsahu,0,2,0.0,2.0
RajputViral,0,1,0.0,2.0
apoorvmehra72,1,1,2.0,1.0
sneharaghunath9,0,6,0.0,6.0
discoveryhomes1,0,1,0.0,1.0
raziqinc2,0,1,0.0,1.0
Ikhumanbeing,0,1,0.0,1.0
Sumitkishorjha6,0,1,0.0,1.0
jualoram,4,1,4.0,1.0
manishathkr,0,1,0.0,1.0
kannan_vlr,0,1,0.0,1.0
profjafry,0,1,0.0,2.0
SouravG85133297,0,1,0.0,1.0
Guru_ftw,0,1,0.0,1.0
DrJKaggarwal03,1,0,1.0,0.0
VASportsandent1,1,2,1.0,2.0
Kirtideep,0,1,0.0,1.0
yarievnu,0,1,0.0,1.0
ManojShetty0705,0,1,0.0,1.0
wakeupsiddd_,0,1,0.0,1.0
CharlotteFLit,6,0,6.0,0.0
batatalal,2,2,3.0,2.0
chottu_kgff,0,7,0.0,7.0
adyarrajj,0,3,0.0,3.0
ArjunGopal31,0,1,0.0,1.0
karanad_12,0,2,0.0,2.0
Parikramah,1,1,1.0,1.0
Wahegurujitoall,0,1,0.0,1.0
imYTirmal,0,2,0.0,2.0
radiocityindia,1,0,1.0,0.0
MathewJoseph__,0,1,0.0,1.0
basalganglia102,0,3,0.0,3.0
jixsaa,0,1,0.0,1.0
iprashant22,0,1,0.0,1.0
mukund_puranik,0,1,0.0,1.0
PradeepHardikar,2,0,2.0,0.0
shailesh_watt,0,1,0.0,1.0
hharshvardhan,0,2,0.0,5.0
NishiGoyal,0,1,0.0,1.0
secxret_history,0,1,0.0,1.0
JadavBhadresh3,0,2,0.0,3.0
sjsuspartan,0,2,0.0,2.0
pimentojoseph,0,2,0.0,2.0
PTelugu,0,1,0.0,1.0
Pragnesh369,0,1,0.0,1.0
Ravichandra1443,0,2,0.0,2.0
charalugano,0,1,0.0,1.0
riytoh,0,2,0.0,2.0
vaishalimuzumd1,0,2,0.0,3.0
im_ars0614,0,1,0.0,1.0
sravanzz,0,1,0.0,1.0
indianwoman1234,0,1,0.0,1.0
Dr_RizwanAhmed,34,0,35.0,0.0
KilaFateh,4,0,4.0,0.0
KurenaiShoe,0,1,0.0,1.0
MrCricket183,0,1,0.0,1.0
Muzzris,1,1,1.0,1.0
jayasurya_c,0,1,0.0,1.0
AmalSarosh,0,3,0.0,3.0
thevaibhavag,1,6,12.0,7.0
kam_bakth,0,1,0.0,1.0
bhagbc3,0,1,0.0,1.0
007_joshh,1,2,1.0,2.0
lightlo4,0,1,0.0,1.0
Cokeandchips2,0,1,0.0,1.0
dograjournalist,2,0,2.0,0.0
sandip_gawde,0,1,0.0,1.0
TSwithKCR,18,0,19.0,0.0
Dk18398855,0,1,0.0,1.0
DipressedOwile,2,1,3.0,1.0
FarmeratProtest,0,2,0.0,2.0
Avanees44189486,0,4,0.0,4.0
Vinay8484,0,2,0.0,3.0
balasubra9,0,2,0.0,2.0
aravindAppan100,0,1,0.0,1.0
MM09021996,0,7,0.0,10.0
kishoore_khanna,0,1,0.0,1.0
annu_speaks,0,1,0.0,1.0
iamprs_,0,1,0.0,1.0
vishalmuttemwar,0,1,0.0,1.0
tej25583,0,1,0.0,1.0
re1patil,0,1,0.0,1.0
NareshKukreti,0,1,0.0,1.0
RMA24081994,0,1,0.0,1.0
Abhishe13143067,0,1,0.0,1.0
venkat_naibhi,0,1,0.0,1.0
AskingProphet,0,1,0.0,1.0
WaqasAhmedreal,0,2,0.0,2.0
Parth_Patel_N,0,2,0.0,3.0
Abhishe16064928,0,1,0.0,1.0
bubblebuster26,5,3,5.0,3.0
nachunaresh,0,1,0.0,1.0
KaffirBaba_2,3,0,3.0,0.0
jigs_modi,0,1,0.0,1.0
RoopaPai4,0,3,0.0,4.0
BadheRakesh,0,6,0.0,7.0
RAHUL_JASROTIA1,0,1,0.0,1.0
pranaymnm,0,1,0.0,1.0
SaleenSundarraj,0,1,0.0,1.0
Vikash160000,0,1,0.0,1.0
VinodTawde_Maha,0,3,0.0,8.0
i_sid007,0,1,0.0,1.0
ttkrishnan,1,5,1.0,6.0
imdeepakkumar_,0,1,0.0,1.0
CitznRaht,0,2,0.0,2.0
KSHiremath_,0,1,0.0,1.0
pavantrips,0,2,0.0,2.0
chandu_sethi,0,2,0.0,2.0
shilpa_pande,1,1,1.0,1.0
Dhawalsharma17,0,4,0.0,4.0
Awaraho420,0,1,0.0,1.0
vinirish,2,0,2.0,0.0
MgAnsar64614420,0,1,0.0,1.0
ChirayuWriter,0,1,0.0,1.0
nmhegde75,0,2,0.0,3.0
vasavdakunjan,0,1,0.0,1.0
Arnal2406,0,1,0.0,1.0
GauravP68764585,0,1,0.0,1.0
_Aditya_adi_,0,1,0.0,1.0
justtweettz,0,2,0.0,2.0
PhilipJamesV,0,1,0.0,1.0
sanjaygupta2me,0,1,0.0,1.0
LiteralLiberalY,5,3,6.0,3.0
RameshOpines,0,1,0.0,1.0
YogindramKotta2,0,10,0.0,10.0
hardeepmonty,0,1,0.0,1.0
VigneshCA1991,1,0,1.0,0.0
SidhwaniKishore,1,1,1.0,1.0
AMJ_1107,0,1,0.0,1.0
BerrinLiya,0,1,0.0,1.0
ArchanaPunit,0,1,0.0,1.0
VidesiBabu,0,1,0.0,1.0
CNBCTV18News,8,0,8.0,0.0
CitizenOIndia,0,1,0.0,1.0
vbjchem,0,1,0.0,2.0
rohimuddin19,0,1,0.0,1.0
ProfSK5,0,2,0.0,2.0
aajtakjitendra,0,1,0.0,2.0
NasirYousofi,0,1,0.0,1.0
yashpreeti,0,1,0.0,1.0
iamsiddrajput,0,3,0.0,4.0
surgamc,0,3,0.0,4.0
Pankajsinha2701,0,1,0.0,1.0
BasnettPraney,0,1,0.0,1.0
impk113,0,1,0.0,1.0
ManasSomeya,0,1,0.0,1.0
hamanshuparekh,0,1,0.0,1.0
shanmugamrajath,0,2,0.0,2.0
gauravmfc2000,0,3,0.0,3.0
Dan_T129,1,0,1.0,0.0
neo_neil007,1,1,1.0,2.0
purvanchal_leo,0,1,0.0,1.0
basyunhi10,0,1,0.0,1.0
JhansonKaRaja,0,2,0.0,2.0
mobinas,0,1,0.0,1.0
AishwaryakiRai,4,0,4.0,0.0
stanleyabraha15,0,1,0.0,1.0
lonelymeanderer,1,3,1.0,3.0
ali2705,0,3,0.0,3.0
KaiheAwan,0,2,0.0,2.0
swapnilchichani,0,2,0.0,2.0
youngmarketkid,0,1,0.0,1.0
boozzoman,0,2,0.0,2.0
patel7296,0,1,0.0,1.0
vikramy22271386,0,1,0.0,1.0
rangamannarji,0,1,0.0,1.0
TheZenix1,0,3,0.0,3.0
Santosh_mtiwari,1,0,1.0,0.0
4evrIndian,0,1,0.0,1.0
geetsun,0,5,0.0,7.0
July_moment,0,1,0.0,1.0
Burning_ice07,1,0,1.0,0.0
SanjayS15044066,0,1,0.0,1.0
Me_Predictor,12,4,13.0,4.0
harry5929,0,4,0.0,4.0
manishkAap,0,1,0.0,2.0
_Devkapoor_,0,1,0.0,1.0
JoramTat4,0,1,0.0,4.0
SwapnilDm2,0,1,0.0,1.0
hjaba1,0,2,0.0,3.0
angrywal1,0,1,0.0,1.0
Sunrise9153,0,1,0.0,1.0
cmsrajesh,0,1,0.0,1.0
sparsh0210,0,1,0.0,1.0
krishenkhosa,0,2,0.0,2.0
Mallika526839,0,1,0.0,1.0
HimaChandra5,0,2,0.0,2.0
SwayamTewari,0,1,0.0,1.0
PartTimeBowler,1,0,1.0,0.0
yogawithsrishti,0,1,0.0,1.0
ApunHyderabaadi,0,1,0.0,1.0
pratik_kakkad,0,2,0.0,2.0
aakhandabharath,0,5,0.0,6.0
DesiBoy87999414,0,2,0.0,2.0
DrAMSinghvi,32,0,35.0,0.0
Bulu01240293,1,1,1.0,1.0
DocVatsa,2,0,2.0,0.0
COLMISHRA,0,1,0.0,1.0
twstopsfreespch,2,5,2.0,7.0
shaan_cr7,0,1,0.0,1.0
SadAccountant7,0,1,0.0,1.0
I_Am_Asu_Rana,0,1,0.0,1.0
snby07,0,3,0.0,6.0
anand_kumar86,0,3,0.0,3.0
Vishu_CS,1,1,1.0,1.0
SanjayIndian12,0,2,0.0,2.0
ahlawat_n88,0,1,0.0,1.0
ChandreshDube,0,1,0.0,1.0
AshishPratapNa1,0,1,0.0,2.0
EOTWorld28,0,1,0.0,1.0
abdullah___mhd,0,1,0.0,2.0
RajaFaisalPK,1,1,1.0,1.0
Mukti798,0,1,0.0,1.0
SudsG5,3,0,3.0,0.0
Sidd_Swarnkar,0,1,0.0,1.0
Trent2145,0,1,0.0,1.0
Xs2partner,0,3,0.0,6.0
jishnua,0,1,0.0,1.0
freemarkets5,0,1,0.0,1.0
kashcana,0,1,0.0,1.0
satyate1,0,1,0.0,1.0
Manojcaps,0,1,0.0,1.0
RDXThinksThat,6,4,8.0,4.0
maqbool_sm,1,8,1.0,24.0
tajmahalfoxtrot,2,2,2.0,2.0
heysambitp,0,2,0.0,2.0
bhattaraymanoj,0,1,0.0,1.0
mg19762,1,2,1.0,2.0
kannajai,0,1,0.0,4.0
BjpGandhari,0,1,0.0,1.0
ShimlaHelpline,1,0,1.0,0.0
srikarwrites,0,2,0.0,2.0
aria_isara,4,1,4.0,1.0
ashok_ashwal11,0,1,0.0,1.0
thedeccannews,0,1,0.0,1.0
KaKaJuKe,0,2,0.0,3.0
ironyish,0,1,0.0,1.0
rajateon,0,1,0.0,1.0
Satyapriya111,0,1,0.0,1.0
_safwanrasheed,0,1,0.0,1.0
Khandelw13Sagar,1,1,1.0,1.0
kpojha,0,1,0.0,1.0
PafkoBosh,1,0,1.0,0.0
padman_economic,0,2,0.0,2.0
niravpatel10,0,1,0.0,1.0
krishan_ks10,1,1,1.0,2.0
varunc_bjp,1,0,1.0,0.0
geetv79,21,0,39.0,0.0
NawalKumarThak3,0,1,0.0,1.0
shantibh,0,1,0.0,1.0
bhuvikal,4,6,6.0,8.0
PRAJWAL_TEJASWI,0,1,0.0,1.0
sumesh66036891,0,1,0.0,1.0
ripan_dam,0,2,0.0,2.0
kallukothil,0,1,0.0,1.0
VenRan6,0,2,0.0,2.0
NewIndianXpress,27,4,64.0,7.0
ajaypask,0,1,0.0,1.0
AbNhi_TohKb,0,2,0.0,2.0
Santosh56579708,0,1,0.0,1.0
goon_arindam,0,2,0.0,2.0
cdmpatra,1,2,2.0,2.0
NonsensePolice1,0,1,0.0,1.0
SequelDBA,0,1,0.0,1.0
Sanity_3,1,0,1.0,0.0
SinghShanker,0,1,0.0,1.0
Chinmay_Alat,0,2,0.0,3.0
AshokTirumal,0,1,0.0,1.0
krishnakengo,0,2,0.0,6.0
Kamalgo08495177,0,1,0.0,2.0
MirHa35636076,2,1,2.0,1.0
AnoopKMishra5,0,2,0.0,2.0
Rahul03418,0,1,0.0,1.0
sankartweets,0,1,0.0,1.0
i_am_BilliAm_,0,2,0.0,2.0
DewasiSatpal,0,2,0.0,2.0
HardRock0407,0,1,0.0,1.0
skarthikdotin,1,0,1.0,0.0
Essveen,0,2,0.0,2.0
Dharram03,0,1,0.0,1.0
speaks_n,0,2,0.0,2.0
Annuupadhyay,0,2,0.0,2.0
inevitablefreak,0,1,0.0,1.0
rkmanjunatha,0,1,0.0,1.0
AtrijKasera,0,2,0.0,5.0
GargaC,26,0,28.0,0.0
shahidmazam,0,2,0.0,2.0
dineshnanda1234,3,1,3.0,1.0
RishabhTiger53,0,1,0.0,1.0
sachin_kamte,0,3,0.0,6.0
JayashankarKV,1,1,2.0,1.0
SandeepD1965,0,1,0.0,1.0
DDNewslive,3,0,3.0,0.0
mayuganesh01,1,0,1.0,0.0
Hamzaaa_12,0,1,0.0,1.0
PhilospherRishi,0,1,0.0,1.0
Prashant_he,0,2,0.0,2.0
musharraf_zahid,0,1,0.0,1.0
Andhrudu69,0,1,0.0,1.0
Sachinbambhniya,0,2,0.0,2.0
manojharlikar,0,1,0.0,1.0
rahulravi3jan,0,1,0.0,1.0
republic,391,0,528.0,0.0
SathyaraghuM,0,1,0.0,1.0
cdpanchal,0,2,0.0,4.0
MeMumbaikar42,1,1,1.0,1.0
Truptisarpate,0,1,0.0,1.0
harimadathil,0,2,0.0,2.0
atifhussain4911,0,1,0.0,1.0
Nandish___GP,0,2,0.0,2.0
ashmehta_fin,0,2,0.0,2.0
PackiriS,0,1,0.0,1.0
GahlotRambux,0,1,0.0,1.0
emarul_mandal,0,1,0.0,1.0
themohsinwar,0,1,0.0,1.0
URupwate,0,1,0.0,1.0
govindsabita,0,1,0.0,1.0
TilakBm,1,6,1.0,7.0
PeeyushSharma_,0,4,0.0,4.0
MyelinVerve,1,1,1.0,1.0
kunsing,0,1,0.0,1.0
dinu757,0,1,0.0,1.0
GOLUSHA70449069,0,1,0.0,1.0
Vpitliya12Vivek,0,2,0.0,2.0
AnandReag24,0,1,0.0,1.0
harleenminocha,0,1,0.0,1.0
kabul_chand,0,1,0.0,1.0
AmanSidhuPerth,0,1,0.0,1.0
SureshG44747219,0,4,0.0,5.0
Malharonaldo,0,3,0.0,3.0
shiiivvvam,0,1,0.0,1.0
Polka19652,0,1,0.0,1.0
IVijayboi,0,10,0.0,10.0
Mukesh_dwr,0,4,0.0,4.0
incramesh,0,1,0.0,1.0
GaneshVMK,0,2,0.0,3.0
surappa,0,1,0.0,1.0
JaganNori,0,1,0.0,1.0
namangarg199,0,2,0.0,2.0
realakshay5,0,1,0.0,1.0
shivin730,0,2,0.0,2.0
nitul_nitul,0,1,0.0,1.0
YearOfMonk,0,1,0.0,1.0
_adarsh_ilango,0,2,0.0,5.0
topblogger1,0,1,0.0,1.0
Jigtweets,0,1,0.0,1.0
Manoj23_07,0,1,0.0,1.0
BeHuman00x,0,2,0.0,2.0
Swapnil_O10,0,1,0.0,1.0
VetanBhogi,0,2,0.0,2.0
vinayak1555,0,1,0.0,1.0
Deepspeaks_,0,2,0.0,3.0
Vanraj_Desai,0,1,0.0,1.0
JosephPravinP,0,2,0.0,3.0
SrihariVarmaVa3,0,3,0.0,3.0
VinodDawda,0,2,0.0,2.0
DobhalMs,0,1,0.0,1.0
keencrack,0,6,0.0,11.0
mandar_kar,0,1,0.0,1.0
AdityaNT22,0,1,0.0,1.0
Sureshk72205980,0,2,0.0,2.0
unitop23,0,1,0.0,1.0
koolbrijesh92,0,3,0.0,3.0
priya_lakkol,0,1,0.0,1.0
dweplea,0,2,0.0,2.0
bhadsikodar,0,1,0.0,1.0
ZutshiAvinash,0,1,0.0,1.0
DrAVSriv,1,1,1.0,1.0
ashokchouhan,0,1,0.0,1.0
oranok,0,2,0.0,2.0
SachaSadhu,0,1,0.0,1.0
Rohit_Live007,0,1,0.0,1.0
MUKTESWARJI,0,1,0.0,1.0
208SUR,0,1,0.0,1.0
Eswarkarthikeya,7,0,8.0,0.0
YehTuneKyaKiya,0,1,0.0,1.0
finepatriot1,0,1,0.0,1.0
luckyjm85,0,2,0.0,2.0
Kaushalrajak,0,2,0.0,2.0
Bharatarian,1,0,1.0,0.0
mpsharma56,0,1,0.0,1.0
g_ruchika,0,1,0.0,1.0
aghiria,0,1,0.0,1.0
AkashPa22739951,1,2,1.0,4.0
Vikrant88851510,0,1,0.0,1.0
Surinder1531954,0,1,0.0,1.0
SanjayCharkha,0,1,0.0,1.0
avi_jalan,0,2,0.0,2.0
JamilKh12345678,0,1,0.0,1.0
Sukhpreet001984,0,1,0.0,1.0
rohanChahar05,1,1,1.0,1.0
AnantsharmaINC,0,1,0.0,1.0
naveenrawath,0,1,0.0,1.0
AnkurBansal004,0,1,0.0,1.0
Venor_crinite,0,1,0.0,1.0
csparveenbansal,0,1,0.0,1.0
Shivans72506219,0,1,0.0,4.0
yamininataraj1,0,1,0.0,1.0
rasheedkidwai,10,1,13.0,1.0
SjAmruta,0,3,0.0,3.0
abhitiwary,0,2,0.0,2.0
Haridaspgreal,0,2,0.0,2.0
nayanabose,0,4,0.0,5.0
SkJk34114427,0,6,0.0,10.0
PrasadMalgaonk1,0,1,0.0,1.0
KasthuriDass,0,8,0.0,8.0
harshilj_14,0,1,0.0,1.0
soganisandeep,0,1,0.0,1.0
zala_747,0,2,0.0,2.0
bhadwa_billa,0,1,0.0,1.0
AshokGaneshBL,0,1,0.0,1.0
pradeepv21,0,4,0.0,4.0
BlowingThought,0,1,0.0,1.0
dhavalkulkarni,0,1,0.0,1.0
IndianD07,0,2,0.0,2.0
AdityaSingh_Gwl,0,2,0.0,2.0
SharmaMotto,0,1,0.0,1.0
tushar_padia,0,1,0.0,1.0
niravbaxi,0,1,0.0,1.0
HariharNandan,1,1,1.0,1.0
SunitaRay15,0,1,0.0,1.0
pankajkhosla82,0,3,0.0,3.0
JITENDRAm18,0,2,0.0,2.0
voice_ofindian,0,1,0.0,1.0
Shubham97055178,0,1,0.0,1.0
ashu1981prabhat,0,1,0.0,1.0
karnan_27,0,2,0.0,2.0
Elvies30,0,1,0.0,1.0
connected2india,1,4,3.0,6.0
Meinbelive,0,4,0.0,4.0
HansraGurpreet,0,1,0.0,1.0
sunilk1996,0,2,0.0,2.0
marvel93739876,0,4,0.0,4.0
sirfruchi,0,1,0.0,1.0
SubshriS,0,7,0.0,7.0
thinker_karan,2,0,2.0,0.0
SD49986215,0,1,0.0,1.0
priyankodey,0,1,0.0,1.0
Bhargavi_17,0,1,0.0,1.0
Ind_AshishSingh,0,1,0.0,1.0
Rishi__Pandit,0,1,0.0,1.0
Vasanth04842659,0,2,0.0,2.0
TRILOKHNATH,2,0,2.0,0.0
Saif_HDS,0,1,0.0,1.0
ahmar_99,0,3,0.0,3.0
NBhatTR,0,2,0.0,3.0
SarcoMolo,0,1,0.0,1.0
mini_razdan10,2,1,2.0,1.0
astonisingh,0,1,0.0,1.0
the_sole_soul,0,1,0.0,1.0
kalyanasc,1,1,1.0,1.0
ChaitanyaHindu2,0,2,0.0,2.0
MathewCongress,0,1,0.0,1.0
srikantrana0000,0,2,0.0,2.0
sikka_harinder,4,0,4.0,0.0
AthaideGregory,1,1,1.0,1.0
AvatarKanha,0,1,0.0,1.0
ravikantagaur,0,3,0.0,3.0
drnitinchaube,1,11,1.0,14.0
rashtrawadime,0,1,0.0,1.0
Crijith,0,1,0.0,1.0
IamThanosM,0,1,0.0,2.0
gauravdun85,0,1,0.0,2.0
Nathan01938979,0,1,0.0,1.0
PuttaVishnuVR,9,0,9.0,0.0
Official_AkashJ,0,1,0.0,1.0
madhavg_Indian,2,1,4.0,1.0
kskunal20,0,1,0.0,1.0
ramapriya1989,3,0,4.0,0.0
halbluchs,0,2,0.0,2.0
JainVakil,0,1,0.0,1.0
Uttishta_Bharat,0,2,0.0,2.0
gopimaliwal,0,2,0.0,2.0
patrioticbhakt,0,3,0.0,3.0
malik42174767,0,2,0.0,2.0
KanotraHarish,0,1,0.0,1.0
Bhaavinpurohit,0,3,0.0,10.0
ajithpoojarym,0,1,0.0,1.0
BhuvaneshBJYM,0,2,0.0,2.0
PRAVIN97702964,0,1,0.0,1.0
stand4Gazaa,0,1,0.0,1.0
KA_HomeBuyers,1,0,1.0,0.0
MukandRita,1,1,1.0,1.0
NagarajuSreekar,1,0,1.0,0.0
gs2rji,0,2,0.0,2.0
SabeehaMajid,1,0,1.0,0.0
onenationtheory,0,1,0.0,1.0
seemakrgupta,0,1,0.0,2.0
msourabhkatiyar,0,1,0.0,1.0
Sprint_mind,0,3,0.0,3.0
shaikhsohaill10,1,0,1.0,0.0
hrushipraj,0,5,0.0,5.0
rajabhi123,0,3,0.0,3.0
ardhan14,0,1,0.0,1.0
tahzeeb_e_hind,0,1,0.0,1.0
MadhanShivaram,0,1,0.0,1.0
I_Am_SandyJain,0,1,0.0,1.0
PRAVESHPARAS,1,2,1.0,2.0
superunknown77,0,1,0.0,1.0
sainairv,1,1,1.0,1.0
ladhaPa1,0,2,0.0,2.0
gopal22463400,0,3,0.0,10.0
narenwaghe,0,3,0.0,3.0
shbarbhuiya4S,0,1,0.0,1.0
AnoopChathoth,0,1,0.0,1.0
sudiepshri,0,1,0.0,1.0
shivshankarca,0,7,0.0,7.0
GirishVachana,0,1,0.0,1.0
letsbondiway,0,1,0.0,1.0
ImranShaikh_In,0,1,0.0,1.0
anilelayath,0,1,0.0,1.0
Rahul_Baskar96,0,1,0.0,1.0
Deshbhakt987,0,1,0.0,1.0
swarajk_,1,6,1.0,6.0
atowl7,0,1,0.0,1.0
MandarSawant184,7,2,7.0,2.0
humble_fool_0,0,1,0.0,1.0
Aryan_warlord,1,0,1.0,0.0
Agyaat_Bond007,0,1,0.0,1.0
daveakash2,0,2,0.0,2.0
ShilpaP30167435,0,1,0.0,1.0
sunilverma_ce,0,1,0.0,1.0
goodwaycpl,0,3,0.0,3.0
msdian_MS07,1,1,1.0,1.0
indumathi37,2,0,2.0,0.0
rahulc78,0,3,0.0,3.0
rajatshams,0,3,0.0,3.0
PatneShiva,0,1,0.0,1.0
SamantaMajumder,0,5,0.0,5.0
saurmishra,0,3,0.0,3.0
ZeeshanAITC,8,0,12.0,0.0
sharan_Gi11,0,2,0.0,2.0
MyTweetIsVoice,0,1,0.0,1.0
EAGLEEY61238972,0,1,0.0,1.0
awlok_singh,0,2,0.0,2.0
SameerB_India,0,1,0.0,1.0
JeremyTaylorNB,0,1,0.0,1.0
DeepakShu01,0,1,0.0,2.0
parikshit_d,0,3,0.0,3.0
Rudrawords,0,1,0.0,1.0
ChirantanGupta5,2,2,2.0,2.0
saneyedoc,0,1,0.0,1.0
Nav20Nav,0,1,0.0,1.0
S_Ahmad45,0,1,0.0,1.0
yrawat27,0,1,0.0,1.0
Skrtdng,0,1,0.0,1.0
vishakhagokhale,0,1,0.0,1.0
the_hindu,96,2,117.0,6.0
Palash87,0,1,0.0,1.0
aniljaindr,3,0,3.0,0.0
LOVEABDMK,0,1,0.0,1.0
metalhead_sam,0,2,0.0,2.0
htngapi,0,2,0.0,2.0
Hmsbigel1,0,1,0.0,1.0
ReMarqer,1,1,1.0,1.0
niks_1985,4,1,4.0,1.0
Siva2305,0,1,0.0,1.0
ramug0137,2,0,2.0,0.0
MeghUpdates,101,0,101.0,0.0
ScriptCritical,0,1,0.0,1.0
BChilakaraju,0,1,0.0,1.0
Kalki_108,0,6,0.0,6.0
AhmedSh62406580,0,2,0.0,2.0
NSNEGI73,0,1,0.0,1.0
sukeshnr,0,4,0.0,8.0
INCIndia,2155,1,2808.0,1.0
ujjalroy2906,0,1,0.0,2.0
mehmoodfs,1,2,1.0,6.0
Abhijeet_Roy_,0,2,0.0,2.0
SanjivvSsharma,0,6,0.0,6.0
Ssaenz15,0,1,0.0,1.0
sashukrishnan,1,1,1.0,3.0
ddnews_jammu,0,1,0.0,1.0
OkvVijayan,0,1,0.0,1.0
Divyesh98018429,0,1,0.0,1.0
SuhasPrabhu5,0,2,0.0,2.0
jyotsnamohan,1,1,1.0,1.0
Ranganaidu0,1,2,1.0,2.0
Sriniva54626043,2,1,2.0,1.0
TouqirAMalik,0,1,0.0,1.0
Bhaskar88804426,0,1,0.0,1.0
SujeetDeshpande,0,2,0.0,2.0
mike_sougata,0,1,0.0,1.0
drhvm_2001,0,2,0.0,2.0
OriginalOllieOK,0,1,0.0,1.0
MIB_India,25,0,28.0,0.0
Tarun4BJP,0,1,0.0,1.0
LIKU72,0,1,0.0,1.0
arinbasu,1,5,1.0,6.0
Bihari_hu_main,0,1,0.0,1.0
VishalR88601400,1,2,1.0,2.0
MhatreDinesh347,0,1,0.0,1.0
quantum4907,0,1,0.0,1.0
klrana54,1,2,1.0,2.0
SriSesha3,1,1,1.0,1.0
coach_beni,0,1,0.0,1.0
Nidhi17907074,1,3,1.0,5.0
rishabhone,0,1,0.0,1.0
mohdshbz786,0,1,0.0,1.0
super378,0,2,0.0,2.0
SecularTOI,0,1,0.0,1.0
samavritti,0,2,0.0,2.0
AichSubho,0,1,0.0,1.0
Sam87313191,0,3,0.0,3.0
ShoaibDaniyal,7,0,20.0,0.0
Varun_Mundrathi,0,1,0.0,1.0
jam007joe,0,1,0.0,1.0
VikasTy14277159,0,1,0.0,1.0
immaayush,0,2,0.0,2.0
Dynamicdon2,0,5,0.0,6.0
Chan_since94,0,1,0.0,1.0
RAJGOPAL601228,0,1,0.0,1.0
SikhPA,2,0,2.0,0.0
SambitSouravTr1,0,1,0.0,1.0
ramanchennai1,0,4,0.0,4.0
TheRuminators,1,1,1.0,1.0
stock_kiddo,0,2,0.0,2.0
Singh2639,1,1,1.0,1.0
ruchirsharma_1,5,0,5.0,0.0
CitizenCleanup,0,1,0.0,1.0
draamudhan,0,17,0.0,18.0
_3C273,0,4,0.0,4.0
I9nmCQshGAA1nD3,0,1,0.0,1.0
AnandJa40818294,0,2,0.0,2.0
ErumSKhan,0,3,0.0,3.0
MickrowTone,0,1,0.0,1.0
Divya_Bhaskar,3,0,3.0,0.0
Radiorawanda,0,1,0.0,1.0
kadri_ashok,0,2,0.0,2.0
mavjib,0,1,0.0,1.0
LPK1981,0,1,0.0,1.0
vakilsahab23,0,1,0.0,1.0
ariftasnim,0,2,0.0,2.0
Sandeepnirvan_,0,1,0.0,1.0
AryaVlog,0,2,0.0,5.0
aster_1609,0,1,0.0,1.0
skmandin13,0,1,0.0,1.0
NeemkiSharbat,0,1,0.0,1.0
hinduismisgreat,0,1,0.0,1.0
chaata_buchiki,0,1,0.0,1.0
vehle_pathe,0,1,0.0,1.0
abhisheksrg,0,4,0.0,6.0
Freeindiansoul,0,1,0.0,1.0
Shashipatil604,0,1,0.0,1.0
rajeshk96809907,0,1,0.0,1.0
SparkyBlitz,0,4,0.0,4.0
Amit08Speaks,0,1,0.0,1.0
TotonPrabir,0,2,0.0,3.0
arjunsigdel94,0,1,0.0,2.0
utka16162,0,1,0.0,1.0
sanjitneer,0,10,0.0,12.0
nareshdabhi1985,0,1,0.0,1.0
Chrisanghi,0,1,0.0,1.0
AmitAzadAgarwal,0,1,0.0,1.0
shisirMallick,0,1,0.0,1.0
iamsusovan367,0,6,0.0,9.0
Rajatku21361256,0,1,0.0,1.0
behaves,0,1,0.0,1.0
NitinDi71729547,0,1,0.0,1.0
Bhoktha,0,1,0.0,1.0
dwarakishimoga,0,2,0.0,2.0
upscute,0,2,0.0,2.0
henryaustin0,3,3,5.0,3.0
neerajgs,0,1,0.0,1.0
fabulous_03_is,0,1,0.0,1.0
tribhovankamlya,0,1,0.0,1.0
politicsdemon,0,2,0.0,2.0
itsSurajit,0,1,0.0,1.0
nelsonDROCKY1,0,2,0.0,2.0
nixtewari,0,1,0.0,1.0
cjwerleman,9,0,9.0,0.0
imabdulgani,0,1,0.0,1.0
rkmehta555,0,2,0.0,2.0
AnishAkram6,0,1,0.0,1.0
barmanaitc,0,2,0.0,2.0
ThakerAshok,0,1,0.0,2.0
BlackRumAndCoke,3,0,3.0,0.0
DhutBudbakk,0,1,0.0,1.0
sluggish_lad,0,1,0.0,1.0
SinghNishantK,1,1,1.0,1.0
mysticsrishti,1,1,2.0,1.0
DMisra_03,0,1,0.0,1.0
HardikK53975767,0,2,0.0,2.0
LoboFrederick,2,1,3.0,1.0
main_sanatani,0,1,0.0,1.0
dr_tewari,0,2,0.0,2.0
mukherjee_dutta,0,1,0.0,2.0
palkisu,28,0,28.0,0.0
Kishor_a,0,1,0.0,1.0
sobuj_raja,0,2,0.0,2.0
AbhayPa89476721,0,1,0.0,1.0
cpdecides,0,1,0.0,1.0
cBeyondObvious,0,1,0.0,1.0
reenin13,1,0,1.0,0.0
AvataMaan,1,1,1.0,1.0
saurabh_7766,0,2,0.0,2.0
bhargavreddy_7,0,1,0.0,1.0
Pritesh_stox,0,1,0.0,1.0
indiantweeter,16,0,18.0,0.0
ME3qXm8RwYHkuXo,0,2,0.0,2.0
jrsheth,0,1,0.0,1.0
JyotiChatterje,0,1,0.0,1.0
miralmshah,0,1,0.0,1.0
PandeyDewakar,0,1,0.0,2.0
DharmicCaracal,0,1,0.0,1.0
ks_jois,0,1,0.0,1.0
gkakde,0,2,0.0,2.0
pbimal_,0,1,0.0,1.0
Iamaslam1969,0,1,0.0,1.0
bipin0309,0,1,0.0,1.0
ShayanUsmani6,0,2,0.0,2.0
amn_sinha,0,2,0.0,2.0
smitha_tk,0,1,0.0,1.0
realDonaldPKMKB,0,3,0.0,3.0
Lovingkid_,0,2,0.0,2.0
ravikushalappa1,0,1,0.0,1.0
wildvine911,3,1,3.0,1.0
KumarSoneta,0,1,0.0,1.0
syedarifniazi,0,1,0.0,1.0
spksalem2,0,2,0.0,7.0
DemocraticGuar5,0,1,0.0,1.0
vssanakan,0,1,0.0,1.0
Janissary2025,0,1,0.0,1.0
TanmayNag7,0,1,0.0,1.0
vigmukesh,0,2,0.0,3.0
Iam_Ni3ji,0,1,0.0,1.0
HBopardikar,0,2,0.0,3.0
ymjoshi,0,1,0.0,1.0
Pranay7even,3,3,5.0,5.0
DESI_MUCH_ADO,0,2,0.0,2.0
srkumarb,0,2,0.0,2.0
gaidhaneumesh,0,1,0.0,1.0
iamakshayhere,0,1,0.0,1.0
BurdakChokharam,0,1,0.0,1.0
ranganaathan,13,0,14.0,0.0
jashhoka,0,1,0.0,1.0
MuffassirSyed,0,2,0.0,2.0
comesaythisway,0,2,0.0,2.0
SavvyPriya,0,3,0.0,3.0
MikeAar06073171,0,1,0.0,1.0
_JitendraVarma,0,1,0.0,1.0
helloworldrf,0,1,0.0,1.0
DrKBGupta2,0,1,0.0,1.0
AzeemBarchiwale,0,3,0.0,4.0
sarvmanglamcom,0,1,0.0,1.0
Sdg23456,0,1,0.0,1.0
gaontrees7,0,2,0.0,2.0
wokeHunter7,0,1,0.0,1.0
va_vshi,0,1,0.0,2.0
vkhandelwal_,0,1,0.0,1.0
KSKRISHNAN11,0,1,0.0,1.0
rahulkumar814,0,1,0.0,1.0
SDharan13,0,1,0.0,1.0
AKOLKARNAKUL,0,2,0.0,2.0
madhumaiya,0,1,0.0,1.0
francisjoseph1,0,1,0.0,1.0
hiteshah22,0,1,0.0,1.0
GopalPatha5,0,1,0.0,2.0
SureshDMK19,0,1,0.0,1.0
SkJain4321,0,1,0.0,1.0
Ashtripathi13,1,2,1.0,3.0
seggy74,0,1,0.0,1.0
INCHydMinority,0,1,0.0,1.0
bbnjacob,0,2,0.0,2.0
KSKikoKiko,0,2,0.0,2.0
sureshj95780648,0,2,0.0,2.0
ArvindK72156604,0,1,0.0,1.0
KrishnapuramN,0,1,0.0,1.0
RohanLovalekar,0,1,0.0,1.0
RajpalFogawat,0,2,0.0,2.0
ET2047,0,3,0.0,3.0
jacksparrowsail,0,1,0.0,1.0
chitta2021,1,1,1.0,1.0
gurunandankulal,0,2,0.0,2.0
CAKishore3,0,1,0.0,1.0
SanjayKrYadav,0,1,0.0,1.0
lilastories,1,0,1.0,0.0
KuldeepKabadiya,0,2,0.0,2.0
nangarhar123,0,1,0.0,1.0
chaye_dost,0,1,0.0,1.0
LoveAUFGator,0,1,0.0,1.0
BroomBlooming,0,5,0.0,5.0
PijushDey,0,1,0.0,1.0
IamSehgal92,0,1,0.0,1.0
Royal_Sumit1,0,2,0.0,2.0
raavichaar,0,1,0.0,1.0
RaviPandey2591,0,1,0.0,1.0
SDMCS0914,0,1,0.0,1.0
NOELPEDIA,2,0,2.0,0.0
amitrakshitbjp,0,1,0.0,1.0
GS37396208,0,1,0.0,1.0
SumeshMNair5,0,1,0.0,1.0
citizenvik,0,1,0.0,1.0
AbhishekUpadhy6,1,1,1.0,1.0
BharatEkHe,0,1,0.0,1.0
SanathanaDharm3,0,3,0.0,3.0
nrusimha11,0,1,0.0,1.0
zaid_sami_wa,1,2,1.0,2.0
maulakhas,0,1,0.0,1.0
Atul24sinhaLead,0,2,0.0,2.0
CNBCTV18Live,5,2,5.0,2.0
CavalySridhar,0,1,0.0,1.0
raja3293,2,1,2.0,1.0
upillaitweet,0,3,0.0,3.0
SELVARAJKANNAN9,0,12,0.0,14.0
Padman64408456,0,1,0.0,1.0
frontline_india,1,3,1.0,3.0
vanyavaidehi,1,1,1.0,1.0
maddyc503,0,1,0.0,1.0
0x564A,0,1,0.0,1.0
nagabhushanb,0,1,0.0,1.0
Dipanjalimishra,0,1,0.0,1.0
MacroFour,0,1,0.0,1.0
Mehboobp1,6,0,6.0,0.0
peace1391,0,1,0.0,1.0
AskRajjj,0,1,0.0,1.0
PraveenNM5,0,1,0.0,1.0
MoeedNj,11,0,11.0,0.0
EkangarMagahi,0,1,0.0,1.0
CaliphateXposed,2,0,2.0,0.0
palkiashishsu,0,2,0.0,2.0
ajaychat,0,1,0.0,1.0
GilaniTufail,1,1,1.0,1.0
AjayChandMehra1,0,2,0.0,2.0
waqarejaz21,0,1,0.0,1.0
AshimAgarwal14,0,2,0.0,2.0
amalendukundu,0,2,0.0,2.0
SunlitSeeker,0,2,0.0,2.0
ndtv,455,0,535.0,0.0
VSriKaUvacha,0,2,0.0,2.0
Chinnanagouda1,0,1,0.0,1.0
JafarTaiyar,0,2,0.0,2.0
CF_9876543210,0,3,0.0,3.0
VidudalaPrasad,2,2,3.0,2.0
NoAccou10750364,0,1,0.0,1.0
mkatara999,0,2,0.0,3.0
actor_Nikhil,2,0,2.0,0.0
rohithverse,1,0,1.0,0.0
Jumbo35701279,0,1,0.0,1.0
s0ymalia,0,1,0.0,1.0
ManjeetKrip,0,3,0.0,3.0
shyamkm02,0,1,0.0,1.0
Rajvanses,0,1,0.0,1.0
Engg_Vabhy,0,2,0.0,2.0
the_taagung,0,1,0.0,1.0
cyn_hic,0,1,0.0,1.0
khosla_nishant,0,1,0.0,1.0
sayantan_gh,0,1,0.0,2.0
Yogendr96874081,0,1,0.0,1.0
DocSRAwan,0,1,0.0,1.0
rashomonraga,0,2,0.0,2.0
meeraremi11,1,3,1.0,4.0
NischalBhasin,0,1,0.0,1.0
shankerarnimesh,1,1,1.0,1.0
rohitkbajaj,0,2,0.0,2.0
Arjun04119582,0,4,0.0,4.0
bharat_nljain,0,1,0.0,1.0
FrustIndian,1,1,1.0,1.0
adityabajaj,0,1,0.0,1.0
RocksMagik,8,1,10.0,1.0
UmeshHuman,0,3,0.0,4.0
lovekeshchandra,0,1,0.0,1.0
NithvoS,1,1,1.0,1.0
Kambakht_Bhakt,0,1,0.0,1.0
caankit2712,0,1,0.0,1.0
TruthNo_7,1,0,1.0,0.0
hisamuddink51,2,6,4.0,6.0
Ramesh14079836,0,1,0.0,2.0
marvinsomtrade,0,1,0.0,1.0
IndianUrbanist,0,1,0.0,1.0
priyankardhome,0,1,0.0,1.0
adityamarwal,0,1,0.0,1.0
sreemurthy59,0,2,0.0,3.0
ChinaCrisis2020,0,2,0.0,2.0
Achin7779Achin,0,1,0.0,1.0
DalbirSamainBJP,0,1,0.0,1.0
Beyourselfson,1,0,1.0,0.0
mubarak450,0,1,0.0,1.0
jhinkalak,0,1,0.0,1.0
thesaifs,0,1,0.0,1.0
cringearchivist,1,6,1.0,6.0
witch_hunter_10,0,1,0.0,1.0
Zabikha24557498,0,1,0.0,1.0
Jeegar2Joy,1,4,1.0,5.0
yogananda_n,0,1,0.0,1.0
ctvsurgn1,0,1,0.0,1.0
lyinghitman_45,0,1,0.0,1.0
AMITDKAN31,0,1,0.0,1.0
Kingfashion90,0,2,0.0,4.0
kamilSHAH140,0,1,0.0,1.0
joeywow30,0,3,0.0,3.0
ravi_sureka,0,1,0.0,1.0
rajesh_saple,0,1,0.0,1.0
newalkar_uday,3,4,3.0,4.0
AvinashUniv,0,1,0.0,1.0
itx_Musafir,0,1,0.0,1.0
RavindraaMRao,0,1,0.0,1.0
Gopalak93945951,0,2,0.0,2.0
luthra_rishi,0,1,0.0,1.0
Sumi_Scorpio,2,0,2.0,0.0
d33pm3,0,3,0.0,5.0
Sivakumar_1955,0,1,0.0,1.0
rajkaimal2005,0,2,0.0,2.0
Hezekiel_Keifer,0,1,0.0,1.0
Maango_maan,1,5,2.0,5.0
CAIETutor,0,2,0.0,2.0
snnynnd,0,1,0.0,1.0
sridhar_kondoji,0,1,0.0,1.0
MathewManju2020,0,1,0.0,1.0
viptaware,0,1,0.0,1.0
slakhi00,0,2,0.0,2.0
anand260676,0,1,0.0,1.0
avinashpandeinc,3,0,4.0,0.0
rantsofanIndian,0,2,0.0,2.0
Asha1707,0,1,0.0,1.0
B_Lie_Ver,0,1,0.0,1.0
rdalwale,0,1,0.0,1.0
arshadttr25,0,1,0.0,1.0
shrishriani,0,1,0.0,1.0
NairobiRacina,0,3,0.0,3.0
Abhinaykoluguri,0,1,0.0,1.0
vibes_gentlemen,0,1,0.0,1.0
abb_entrainment,0,1,0.0,1.0
missartola,0,5,0.0,10.0
rameshsays,0,1,0.0,1.0
Numberr_17,0,1,0.0,1.0
HanmanthKolan,0,1,0.0,1.0
ankitavk06,0,2,0.0,2.0
Reasonable_INDI,0,1,0.0,1.0
AshimKumarPatr2,0,1,0.0,1.0
RohitManaktala,1,5,1.0,8.0
SurjitJabbal,0,1,0.0,1.0
explore4rrr,0,2,0.0,2.0
vibhu_prabhu,0,6,0.0,6.0
Anukulcyadav,0,1,0.0,1.0
Ambararc,0,2,0.0,2.0
abdul_nazeeb8,0,1,0.0,1.0
rohiit_jain,0,3,0.0,3.0
roddamsrinivas,0,1,0.0,1.0
Dharm90Incbihar,0,1,0.0,1.0
kumargovindan,0,1,0.0,1.0
segukranthi,0,3,0.0,3.0
donof2050,0,1,0.0,1.0
Overlord4695,0,2,0.0,3.0
ashtwitte,0,2,0.0,2.0
HemanNamo,3,1,3.0,1.0
gururajgaddi,0,1,0.0,1.0
Lemoor_Samurai,0,2,0.0,2.0
pavanakula1,0,1,0.0,1.0
APaliwal7,0,1,0.0,1.0
ChittiBuggulu,0,1,0.0,1.0
VinodtsKumar,0,1,0.0,1.0
zSVkB1RMQYqtVVj,2,2,2.0,2.0
niravrupu,0,1,0.0,1.0
Shekhawat_Ji,0,1,0.0,1.0
deepx967,1,0,1.0,0.0
Ish_K4y,0,1,0.0,1.0
ramuvedanta,0,1,0.0,1.0
PavanVasista3,0,5,0.0,8.0
Rajput_Ramesh,10,1,10.0,1.0
AshwaniBhat12,0,1,0.0,1.0
SriTracker,0,1,0.0,1.0
chetana_cg,2,1,2.0,1.0
HR_Manojkumar,0,2,0.0,2.0
ayurveda_sri,0,5,0.0,5.0
Kanhaiy51999904,0,3,0.0,4.0
overThehead,0,1,0.0,1.0
Aryan42,0,2,0.0,2.0
Shabana0207,0,2,0.0,2.0
imnikhilprakash,0,2,0.0,2.0
SukumarThiagar4,0,1,0.0,1.0
r_rinju,0,1,0.0,1.0
sayantika12,9,0,10.0,0.0
Abhayliston,1,0,1.0,0.0
POLITICALMIROR,0,1,0.0,1.0
pravat67,0,1,0.0,1.0
bkum2000,2,0,2.0,0.0
VitaminProteen,0,1,0.0,1.0
dr_umesh1969,0,1,0.0,1.0
JayeshRaghavan,0,1,0.0,1.0
edujindal,0,1,0.0,1.0
utsavpansari,1,8,3.0,10.0
Raebareliin,0,1,0.0,1.0
Mr_dutta1984,0,2,0.0,2.0
raoamitkaninwal,0,1,0.0,1.0
Amitmavir,0,1,0.0,1.0
mathibalaa,0,1,0.0,1.0
RishabhRaj01_,0,2,0.0,3.0
pavijaya7,0,1,0.0,1.0
AdvPulikkan,0,1,0.0,1.0
uziihashmi_,0,1,0.0,1.0
MANOJITB,0,1,0.0,1.0
iamnagaraju1992,0,1,0.0,1.0
erfon13,0,1,0.0,1.0
gujju_girl18,0,1,0.0,1.0
PanneerRethinam,0,4,0.0,4.0
HaindhavaBharat,0,2,0.0,2.0
I_m_irfan,0,1,0.0,1.0
ThewOLFwAFA,0,1,0.0,1.0
gagsshri,0,2,0.0,2.0
JaiBdmAmbe,1,3,1.0,3.0
LoyalSoul8,0,2,0.0,2.0
sahiltinnu,0,1,0.0,1.0
indian_stockss,5,0,5.0,0.0
Nipurn,0,2,0.0,2.0
Kaunain48997740,0,1,0.0,1.0
drrandomwalker,0,3,0.0,3.0
TheDanishShah,0,5,0.0,5.0
MaitreyaeiU,0,3,0.0,3.0
pvbabji,1,3,1.0,3.0
RizviSalmaan,0,2,0.0,2.0
SanjayS98140412,0,1,0.0,1.0
interes24742659,0,1,0.0,1.0
PrriyaRaj,0,4,0.0,6.0
ChaithraBBhat,0,1,0.0,1.0
B06Gupta,0,2,0.0,2.0
ASHOKPBJP,0,1,0.0,1.0
AliasZiro,0,1,0.0,1.0
ianjusharma9,1,1,1.0,1.0
AshwaniSushant,0,1,0.0,1.0
VarunNautiyal9,0,1,0.0,1.0
AvishkarAchary1,0,1,0.0,1.0
naresh14,0,2,0.0,2.0
VermaAman111,0,2,0.0,2.0
vinokume1423,1,1,1.0,1.0
Dhruvil07U,0,1,0.0,1.0
Ankita_Mishra15,0,4,0.0,5.0
ObjectiveTwt,0,2,0.0,2.0
baboolal1,0,5,0.0,5.0
AnandRaj_ars,0,2,0.0,2.0
SharmaNeerajInd,0,2,0.0,2.0
FanofICTforever,1,1,1.0,1.0
ProfKarunyakara,0,1,0.0,1.0
allrightholiday,0,2,0.0,2.0
YogeshShende,0,1,0.0,1.0
ChandrashekarR_,0,2,0.0,2.0
NizamFoujdar,0,1,0.0,1.0
theindiaway,0,1,0.0,1.0
nikzhillrixen,0,1,0.0,1.0
Arya_India13,1,1,1.0,1.0
ManMohan_4u,0,1,0.0,1.0
brkumarsharma,0,3,0.0,3.0
bhumka_,0,1,0.0,1.0
RajvanshThakur,0,1,0.0,1.0
SurajVAgarwal,0,1,0.0,1.0
ameya_pa,1,0,1.0,0.0
jvashistha1612,0,1,0.0,1.0
AnaIyst_M,0,1,0.0,1.0
photographycric,0,1,0.0,1.0
sbhavish1,0,1,0.0,1.0
RaghavChopra_,0,1,0.0,1.0
anIndian261088,0,1,0.0,1.0
RanadebBhattac2,0,4,0.0,4.0
shiv_vinay,0,3,0.0,3.0
subramanyam_rao,0,1,0.0,1.0
ShujathAliSufi,0,13,0.0,21.0
khushi_graphics,0,1,0.0,1.0
sujeetsahu53,1,1,1.0,1.0
TanRajX1,1,1,1.0,1.0
MeenakshiKamat7,0,1,0.0,1.0
Rustymathewz,0,1,0.0,1.0
RahmaanHasibur,0,1,0.0,1.0
betweendlines12,0,2,0.0,2.0
RohitForIndia,0,1,0.0,1.0
contactvishal,0,1,0.0,1.0
ISK3112,0,3,0.0,3.0
sampigelawyer,0,5,0.0,6.0
Srinidh48752585,0,1,0.0,1.0
TruthOfIndians,0,3,0.0,5.0
YeshwantMPuran1,0,6,0.0,6.0
bss004,0,1,0.0,1.0
Nixonnoel,1,1,1.0,1.0
MeHonestPerson,0,1,0.0,1.0
SoSoumil,0,1,0.0,1.0
honnasiri,0,2,0.0,2.0
shri7473,0,3,0.0,3.0
Varroon,0,1,0.0,1.0
jjboruah,0,3,0.0,3.0
TheMSKhuba,0,1,0.0,1.0
Bhavesh99T,0,2,0.0,2.0
ottawa2015,0,2,0.0,2.0
Ashtweet13,0,1,0.0,1.0
dhume,33,3,33.0,4.0
raza7879,0,1,0.0,1.0
middleClasPersn,0,5,0.0,5.0
amarDgreat,2,0,3.0,0.0
SWADESHRMOHANTY,0,6,0.0,6.0
shaikshajahan73,0,2,0.0,2.0
SatyaSodh,1,1,1.0,1.0
sarathckg,0,1,0.0,1.0
FreeManDespair,1,1,1.0,1.0
praveenhortikar,0,2,0.0,2.0
umeshprasad1203,0,1,0.0,1.0
samay1497,0,1,0.0,1.0
tarakgoradia,0,1,0.0,1.0
VPanchamukhi,0,4,0.0,4.0
kavitha129,4,1,4.0,1.0
darshinib,0,1,0.0,2.0
tharkesh4bjp,0,2,0.0,2.0
VijenderShobha,0,1,0.0,1.0
Jasmeet95545101,0,1,0.0,1.0
saavy_m,0,1,0.0,1.0
riceuten,0,1,0.0,1.0
Vibhans28836256,0,1,0.0,1.0
Justice_justuju,0,1,0.0,1.0
debarshi038,0,3,0.0,3.0
seeking_soul_,0,1,0.0,1.0
AhRofl,0,1,0.0,1.0
Mahesh02657143,0,3,0.0,3.0
bharatnisal,0,5,0.0,5.0
singhalnaveens,0,1,0.0,1.0
PashaSehgal,1,0,1.0,0.0
PREMCJAIN,0,1,0.0,1.0
TrulyScenu,0,2,0.0,2.0
LalPatrakar,0,1,0.0,1.0
morpheusmaxx,0,12,0.0,16.0
iDrAbhaykumar,0,1,0.0,1.0
waseemshaikh4u,0,1,0.0,1.0
Iam18milind,1,1,1.0,1.0
saurav_nova,0,2,0.0,3.0
Sampannakarnat1,0,6,0.0,7.0
sen_aparup05,0,3,0.0,3.0
ShlvShetty,0,2,0.0,2.0
Maverick060680,0,2,0.0,2.0
JoshiKrutarth5,0,1,0.0,1.0
DevarshBhirud,0,1,0.0,1.0
Shubhamhande18,0,5,0.0,5.0
GauravGoenka4,0,1,0.0,1.0
AnirbanBhattBJP,0,1,0.0,1.0
palakshi_das,0,2,0.0,2.0
shivratanJaihi1,0,1,0.0,1.0
PammyWani,0,1,0.0,1.0
ramanayogi_gv,0,2,0.0,2.0
Ali4omNY,0,3,0.0,3.0
anshulcool1985,0,2,0.0,2.0
MahalaxmiRaman,1,0,1.0,0.0
vijays17868715,0,2,0.0,2.0
divygarg,0,1,0.0,1.0
VijayVinceVahid,0,1,0.0,1.0
stellensatz,0,1,0.0,1.0
bharath2001,0,1,0.0,1.0
yadavsky02,0,1,0.0,1.0
Subhash_thane,0,2,0.0,2.0
vikramkamble246,0,3,0.0,3.0
FanaticShroff,0,1,0.0,1.0
igatUP,0,1,0.0,1.0
peepal59,2,1,2.0,1.0
Indian__Always,11,2,13.0,2.0
fekubawa,0,9,0.0,10.0
kiran_m_kumar,0,15,0.0,17.0
sivaetb,0,1,0.0,5.0
qalamaursyahi,0,3,0.0,3.0
KrishnaKabeer,0,3,0.0,6.0
pagarwal78,0,1,0.0,1.0
Choudharysailor,0,2,0.0,2.0
Jyoti20921271,1,1,1.0,1.0
Madhok_14,0,2,0.0,2.0
PRAVEEN42753797,0,1,0.0,1.0
indptvoice,0,1,0.0,1.0
surendrakar3,2,1,2.0,1.0
kashmiri_faroq,0,1,0.0,1.0
harsharajbs,0,2,0.0,2.0
AAPNareshBalyan,27,0,27.0,0.0
agyanii,0,2,0.0,2.0
raajleo,1,4,1.0,4.0
spandansb,0,1,0.0,1.0
mobbiemobes,0,1,0.0,1.0
GRANDSEIGNEUR0,0,2,0.0,2.0
TheHinduComment,3,1,3.0,1.0
abhishek_r_h,0,4,0.0,4.0
IntellectualNag,0,1,0.0,2.0
drrsbhadoria,0,1,0.0,1.0
RG101040,0,3,0.0,3.0
VikramGoud4BJP,0,1,0.0,1.0
coolviditgarg,0,1,0.0,1.0
joana58185712,0,1,0.0,1.0
VYOM_SH,0,4,0.0,4.0
Raj365business,0,1,0.0,1.0
zeewoozoo1,2,0,2.0,0.0
lets_say_truth,1,2,3.0,2.0
RahimPatel19,0,2,0.0,2.0
NoyonSENSE,0,1,0.0,1.0
maneshwarsirova,0,1,0.0,1.0
Anindit75609062,0,1,0.0,1.0
aju000,1,0,1.0,0.0
ShirazK4,0,1,0.0,1.0
MPghdl,0,1,0.0,1.0
danish2867,0,2,0.0,2.0
AlephBookCo,1,0,1.0,0.0
deepanshah13,0,3,0.0,3.0
HarshGundhar,0,1,0.0,1.0
IncisiveScalpel,0,2,0.0,2.0
KapreOjas,0,1,0.0,1.0
iankit07,0,1,0.0,1.0
Shankar17399168,0,1,0.0,1.0
sharmagandharvv,0,8,0.0,9.0
KishanPrem2,0,1,0.0,1.0
shakun_bothra,0,1,0.0,1.0
LostCase17,0,1,0.0,1.0
Yathishushetty1,0,2,0.0,2.0
vkmysoremath,0,2,0.0,2.0
deenaut007,0,1,0.0,2.0
SimonBinoy,0,4,0.0,4.0
AnjaanRahi7,0,1,0.0,1.0
INCVINAYPANDEY1,0,1,0.0,1.0
ambedkarNSUI,0,2,0.0,2.0
kthillai,1,1,1.0,1.0
Chai_Coffee_etc,0,1,0.0,1.0
ghosh1s,0,4,0.0,6.0
aman2800x,0,2,0.0,2.0
ArulmozhliT,0,1,0.0,1.0
RitwikMehta5,0,1,0.0,1.0
vlivinV,0,1,0.0,1.0
raghav2k,0,3,0.0,4.0
AKMTUTER1,0,1,0.0,1.0
renycs08,0,1,0.0,1.0
GauravBisani,0,1,0.0,1.0
Mohitkumarrana,0,2,0.0,2.0
Nikhar61970927,0,1,0.0,1.0
AnilConstantine,0,1,0.0,1.0
SpeakingTigers,6,0,7.0,0.0
KALEEMPKM,0,7,0.0,10.0
teamanalysis_,0,1,0.0,1.0
Surya040879,0,1,0.0,1.0
BikashBiddyut,0,1,0.0,1.0
ratha_prafulla,0,4,0.0,4.0
maharshi_us,0,1,0.0,1.0
Roushan37675987,0,2,0.0,2.0
RameshSanapala6,0,1,0.0,1.0
learning_____,0,5,0.0,8.0
Pinkyhunmai,0,1,0.0,1.0
Da_ADMIRAl_Post,0,1,0.0,1.0
NindiPunj,0,1,0.0,1.0
ommair3malik,0,1,0.0,1.0
narendravarma49,3,3,3.0,3.0
ganesh_gudme,0,1,0.0,1.0
Deepasi62952453,0,2,0.0,2.0
Sudhaatma603,0,1,0.0,1.0
blunders_pridee,0,1,0.0,1.0
niiravmodi,16,0,17.0,0.0
Bhartyeah,0,1,0.0,1.0
rautmadanmohan,1,1,1.0,1.0
unseenabd,0,3,0.0,3.0
Jayant_R_Patil,1,3,2.0,3.0
Pratyangira1,1,1,1.0,1.0
ARAMANRODHWAL,0,1,0.0,1.0
doyouknowme2024,0,5,0.0,5.0
Saurabhkumard12,0,1,0.0,1.0
tweet_amaresh,0,1,0.0,1.0
PANKAJS55740147,0,1,0.0,1.0
Yagyadtiwari,0,4,0.0,4.0
Dugyala27,0,1,0.0,1.0
RohitDalmia81,0,2,0.0,2.0
sendipto,0,1,0.0,1.0
sankeerthbjp,0,2,0.0,2.0
kinisuresh1,0,2,0.0,2.0
ArvindT97909066,0,2,0.0,2.0
DrManjeet05,4,1,4.0,1.0
ofthepeople5,0,1,0.0,1.0
itsMishra__,0,1,0.0,1.0
Akhandb43767521,0,1,0.0,1.0
blackk__mamba,2,1,3.0,1.0
sreejith_un,0,2,0.0,2.0
SaffronKnight7,0,2,0.0,2.0
sunilharitwal6,0,1,0.0,1.0
NitinKulkarni29,0,1,0.0,1.0
Alliswellislie,0,1,0.0,1.0
megsmagic_27,0,1,0.0,1.0
Abipun15,0,1,0.0,1.0
sbhagat10,0,1,0.0,1.0
FemboyBebop,1,0,1.0,0.0
sanju_bisht1990,1,1,1.0,1.0
Uppalapati_Sra1,0,1,0.0,3.0
amdavadiZalak,0,1,0.0,1.0
RameshP1122,1,1,1.0,1.0
srk_warrior_raj,0,1,0.0,1.0
The_NisHIT,0,1,0.0,1.0
KushwahaMunendr,0,2,0.0,2.0
aavinashchaliha,1,8,1.0,10.0
praveen_katti,0,1,0.0,1.0
dharmdewan,0,1,0.0,1.0
shruti0112,0,1,0.0,1.0
BjpSatishMehta,0,2,0.0,2.0
mukul8615,0,2,0.0,2.0
ThombreMilind,2,2,2.0,2.0
Megamind_MP,1,0,1.0,0.0
SubramanyamDS,0,1,0.0,1.0
Bits744,0,3,0.0,3.0
_PareshBhatt,1,1,1.0,1.0
IPQEES,0,5,0.0,5.0
rustedcadets,0,1,0.0,1.0
megs2071,0,1,0.0,1.0
FriedrichPieter,15,1,16.0,1.0
FokatKeVichar,0,2,0.0,2.0
hiAishaa,1,2,1.0,2.0
HappaNarinder,0,4,0.0,4.0
1animeshkumar,0,1,0.0,1.0
abhishekpandey2,0,5,0.0,5.0
ivineetyadav,0,1,0.0,1.0
pranaysoni888,0,1,0.0,1.0
shubhan51626314,0,1,0.0,1.0
bakshi_arnab,0,2,0.0,3.0
rajuagn,0,2,0.0,2.0
nishantfp,0,8,0.0,8.0
satsbs,0,1,0.0,1.0
SudiptoD30,0,1,0.0,1.0
venuji5,0,2,0.0,3.0
Itssaurabh,0,5,0.0,9.0
nameisirfandr,0,1,0.0,1.0
BlunT_43,0,1,0.0,1.0
sharmaaa_manoj,0,1,0.0,1.0
XyzXyz04529829,0,2,0.0,2.0
MainoLovesMao,1,3,1.0,3.0
kamalsinghbrar,1,0,1.0,0.0
JVSChaitanya1,0,1,0.0,1.0
sudhakar4258,0,1,0.0,1.0
amitvocal,0,2,0.0,3.0
DaymaKalpesh,0,5,0.0,7.0
_Country_First,0,1,0.0,1.0
kavita_tewari,1,0,1.0,0.0
AshwathK464,0,2,0.0,2.0
IndInitiatives,0,3,0.0,3.0
ajit_kumar_ak,0,1,0.0,1.0
SouryadeepGhos1,0,1,0.0,1.0
IggyEngineer,0,1,0.0,1.0
ugramveeram123,0,3,0.0,3.0
pradeepkalkunte,0,1,0.0,1.0
TIPTIPTIPPIE,0,1,0.0,1.0
evolving_string,0,2,0.0,2.0
sunny_kaiwartya,0,1,0.0,1.0
BramhaKamal,0,1,0.0,1.0
SonuAtmanirbhar,0,1,0.0,1.0
evered7,0,1,0.0,1.0
vinayprasadlr,0,2,0.0,2.0
rohanduaT02,5,1,6.0,1.0
mayankkumar123,0,1,0.0,1.0
ShakiraJumani,0,1,0.0,1.0
SecularTrainee,2,0,2.0,0.0
Bhaskar57767896,0,1,0.0,1.0
majormurali,0,2,0.0,2.0
zzaman15353079,0,1,0.0,1.0
SevadalTN,2,1,2.0,1.0
KaushikRGowda,0,2,0.0,2.0
drbrightthomas,0,1,0.0,1.0
bhola_indian1,0,1,0.0,1.0
AshuCrix,0,2,0.0,2.0
vsc303,0,1,0.0,1.0
Udayindiaonline,0,1,0.0,1.0
Gladiat45837705,0,3,0.0,3.0
thesuryajha,0,1,0.0,1.0
Sasidhar__Reddy,0,1,0.0,1.0
DineshSaroha78,0,1,0.0,1.0
schawla13,0,3,0.0,3.0
hasan_parvezz,0,1,0.0,1.0
SasidharVivek,0,1,0.0,1.0
ManuSha80683179,0,1,0.0,1.0
Sravan9918,0,1,0.0,1.0
Suumandey,0,6,0.0,12.0
MannarSrinivas,0,3,0.0,3.0
yogesh_n_patil,0,1,0.0,1.0
ARUNBODDUPALLI,0,4,0.0,4.0
jaisankar69410,0,1,0.0,1.0
MuqtedarKhan,14,1,15.0,1.0
samonwheel,0,3,0.0,3.0
nihal_rao,0,3,0.0,3.0
amraj790,1,0,1.0,0.0
DaddyKool20,0,1,0.0,1.0
sanghrash1,0,4,0.0,4.0
GautamParmar84,0,2,0.0,2.0
PramodJoseph15,0,1,0.0,1.0
baba_digital,0,1,0.0,1.0
ADITYAT83529914,0,2,0.0,2.0
AniketS74923314,0,1,0.0,1.0
jaydeeps1970,0,1,0.0,1.0
FakeUpperCaste,0,2,0.0,2.0
ssrinivasanpers,0,1,0.0,2.0
Jitumoni28,1,2,2.0,2.0
KhalidIqbal04,0,1,0.0,1.0
alanfromdoms,0,1,0.0,1.0
tomtomatoe,4,0,4.0,0.0
KapilBorah_,0,1,0.0,1.0
subratforgiven,0,1,0.0,1.0
barsha_paira,0,4,0.0,6.0
INCPuducherry,1,2,1.0,2.0
babuji_philip,0,4,0.0,5.0
DigitalNaresh,0,1,0.0,1.0
JAYANTH_66,0,4,0.0,4.0
iamljp,0,2,0.0,2.0
Bakchod44068146,0,1,0.0,1.0
Manisha22544650,0,1,0.0,1.0
Bakwasur,0,1,0.0,1.0
_Indian_tweets,0,1,0.0,1.0
PrasadHSLI,0,3,0.0,4.0
JaiBharatgss,0,2,0.0,2.0
ss_gurprit,0,5,0.0,5.0
MyInfo75815757,0,1,0.0,1.0
sumugi123,0,1,0.0,1.0
AshishS48332884,0,1,0.0,1.0
dd4anarres,0,1,0.0,1.0
mmalhotra25,0,1,0.0,1.0
DrlathaC,4,0,4.0,0.0
akankshaswarups,1,0,1.0,0.0
raayar,2,3,6.0,4.0
pallavidatta,0,2,0.0,2.0
Hoysalagowda29,0,6,0.0,6.0
i_Kuldeeppathak,0,2,0.0,4.0
ChandanMShivu,0,1,0.0,1.0
roopakjakhmola,0,2,0.0,2.0
Harimenonperm,0,1,0.0,1.0
ajaybhardwaj64,0,2,0.0,2.0
draakashs,0,4,0.0,4.0
SomenMitraINC,1,1,1.0,1.0
riddle_me_thiss,0,9,0.0,11.0
dmaheshwari4,0,2,0.0,2.0
Jprout123Jyoti,0,1,0.0,1.0
karnshpk,0,2,0.0,2.0
amrish_dave,0,2,0.0,2.0
dcw1501,0,1,0.0,1.0
GuptaPragnya,9,1,9.0,1.0
ThinkingGuy6,3,3,3.0,3.0
mistarulsk123,3,0,3.0,0.0
Rajput_Forensic,0,1,0.0,1.0
NaveenSreepada,0,1,0.0,1.0
ANOOP2710,0,1,0.0,1.0
JerryRaju4,0,1,0.0,1.0
NukteVivek,0,3,0.0,4.0
bhaktrakshak,0,1,0.0,1.0
SushilK89827427,1,2,1.0,2.0
SiddharthaRai2,1,1,1.0,3.0
unitedindia2025,0,2,0.0,2.0
TrueInd07003029,0,1,0.0,2.0
anilscribe,0,1,0.0,1.0
Luviraj,3,2,3.0,2.0
Bablu57820219,0,1,0.0,1.0
iamekantsharma,1,0,1.0,0.0
kuchhnahii,0,1,0.0,1.0
AashayTinaikar,0,3,0.0,3.0
rajeetsinha,0,3,0.0,9.0
WaseemQAhmad,0,2,0.0,2.0
srikant_56,0,1,0.0,1.0
devanghexa,0,1,0.0,1.0
NilanjanDasAITC,8,2,9.0,2.0
Conspiratorfeku,0,8,0.0,9.0
susmita_101,0,2,0.0,2.0
shahnawazattar,0,1,0.0,1.0
Varghes92776623,0,1,0.0,1.0
dr_MNY,0,5,0.0,5.0
hunkharsh,0,4,0.0,5.0
ManishRajora,0,2,0.0,2.0
GobarBhakt107,0,1,0.0,1.0
Gautamkr21,0,2,0.0,2.0
SandeepPrince13,0,1,0.0,1.0
khan_riyajul,0,1,0.0,1.0
BipinDDesai,0,2,0.0,2.0
HarSakhii,0,1,0.0,1.0
shivji1008,0,1,0.0,1.0
RevanasiddeshR,0,7,0.0,7.0
Jayant47Patel,0,1,0.0,1.0
realmehulshah,0,1,0.0,1.0
analkunal1,0,4,0.0,4.0
kaverison,0,1,0.0,1.0
humanwithfacts,0,1,0.0,1.0
mmfzd45,0,1,0.0,1.0
rahulmeher,0,2,0.0,2.0
MukeshDolia,0,2,0.0,2.0
chandrasekarvv,0,1,0.0,1.0
thechefguy,0,2,0.0,2.0
hitesh0051,0,4,0.0,5.0
16_shab,0,1,0.0,1.0
AparBharat,3,0,3.0,0.0
rajan_menon_,1,1,1.0,1.0
I_ImranSiddiqui,0,1,0.0,1.0
Nikhil__Tayade,0,2,0.0,2.0
fororigin16,0,1,0.0,1.0
DeshiTweeter,0,1,0.0,1.0
WeThePeople3009,9,0,12.0,0.0
DillipD92565113,0,1,0.0,1.0
LordOfAllWorld,0,1,0.0,1.0
ksatidass,0,1,0.0,1.0
bakbakman24,0,1,0.0,1.0
RajeshK46842743,0,1,0.0,1.0
ganabhat,1,1,1.0,1.0
agvpatil777,0,1,0.0,1.0
AMSahay291157,0,3,0.0,5.0
bhakhtologic,0,1,0.0,1.0
rama1966,0,1,0.0,1.0
joysamcyborg,5,8,6.0,10.0
Sandeepoffici11,0,1,0.0,1.0
vikassypn,0,1,0.0,1.0
manishca7,0,1,0.0,1.0
Lakshmi68851494,0,1,0.0,1.0
Chandra67418466,0,1,0.0,1.0
RangiyaSanjiv,0,2,0.0,3.0
PagalHuMain0203,0,1,0.0,1.0
tirtho2019,0,1,0.0,1.0
navzkiz,0,1,0.0,1.0
SudheerReddy_,0,1,0.0,1.0
mahendraghumana,0,1,0.0,1.0
AlluViswa,0,1,0.0,1.0
slmehra,1,1,1.0,1.0
somvaibhav,0,1,0.0,1.0
JjtJacob,0,1,0.0,1.0
Brahmachaaari,1,2,1.0,2.0
girishpatil0109,0,1,0.0,1.0
usdpglobal,0,1,0.0,1.0
Krishnkantshuk9,0,7,0.0,9.0
Mahendr51055280,0,1,0.0,1.0
mohanpeshin,0,1,0.0,1.0
AthinarayananS,0,1,0.0,1.0
foxenet,0,1,0.0,1.0
ikShanMani,0,1,0.0,1.0
kr_pankaj,0,1,0.0,1.0
kulluarvind9,0,1,0.0,1.0
msh_yaduvanshi,0,1,0.0,1.0
Vik58770356,0,1,0.0,1.0
SandeepBeladiy2,0,1,0.0,1.0
SoniaSikka4,1,1,1.0,1.0
bartwalvikram,0,1,0.0,1.0
ProfCongHaryana,0,2,0.0,2.0
EbrahimNasreen,1,2,1.0,2.0
SanatanWays,1,1,1.0,1.0
sudhirkekre,0,2,0.0,2.0
Shenoy67,0,1,0.0,1.0
sabtheeek,0,1,0.0,1.0
sashikarmwar,0,1,0.0,1.0
Raj_patel1,0,1,0.0,1.0
TheFactFindr,7,0,7.0,0.0
govinda_verma,0,2,0.0,3.0
LionKin75362831,0,1,0.0,1.0
hay_banda,2,1,3.0,1.0
ipradhanjii,0,1,0.0,1.0
more_eshwar,0,1,0.0,1.0
GoutamR91351205,0,3,0.0,3.0
sagar_udaya,1,0,1.0,0.0
moonmun_panda,0,1,0.0,1.0
Capt_Cool1,1,1,1.0,1.0
Sulemansundran4,0,1,0.0,1.0
prakashpandey70,0,1,0.0,1.0
aneeshkcalicut,0,1,0.0,1.0
ramaraju_rvr,0,1,0.0,1.0
DebashishBorah,0,1,0.0,1.0
shirsh218,1,0,1.0,0.0
mayur_thakor98,0,2,0.0,2.0
amitmis49628791,0,1,0.0,1.0
Unnikri02489500,0,2,0.0,2.0
Neocon51839102,0,2,0.0,2.0
azeemassadi,0,3,0.0,4.0
JPrayash,0,1,0.0,1.0
jhawarmukul,0,1,0.0,1.0
saxenaanilkumar,0,1,0.0,1.0
Nabeelfish,1,1,1.0,1.0
ipoliticalkeeda,0,1,0.0,1.0
PappuSonOfChapu,0,1,0.0,1.0
DeborahAlexis12,0,1,0.0,1.0
ShishirThadani,1,1,1.0,1.0
Worldwidemakers,0,1,0.0,1.0
abdullah_loni,0,1,0.0,1.0
mrigya1,0,3,0.0,3.0
Sanjaykumar_99,0,5,0.0,7.0
mpiyushraj001,0,1,0.0,2.0
abhishekcjain,0,2,0.0,3.0
RtdMaj,0,2,0.0,2.0
Kudupa,1,2,1.0,2.0
Ninja0179048354,1,0,1.0,0.0
Harvind79837427,0,1,0.0,1.0
waseemsheikhblr,0,1,0.0,1.0
YeshuSinghIN,0,2,0.0,2.0
rizwanreshi4,0,1,0.0,2.0
mehjabeen_y,0,1,0.0,1.0
rabiaraza91,0,1,0.0,1.0
SamratKhosla_IN,0,2,0.0,2.0
tripsan007,0,1,0.0,1.0
AshleyT54712734,0,1,0.0,1.0
Prashant_S_H,0,1,0.0,1.0
Samec104,0,3,0.0,3.0
livingintolight,0,1,0.0,1.0
VijayasVictory1,0,1,0.0,1.0
kuhu_kumar,0,3,0.0,3.0
sanjaymishra42,0,5,0.0,7.0
NareshB6162,0,5,0.0,6.0
avinash0044,0,2,0.0,2.0
Chandan41867897,0,1,0.0,1.0
darkandcrude,3,4,3.0,4.0
sandipsahu66,0,1,0.0,1.0
rajib4,0,1,0.0,1.0
YasserRonaldo__,2,1,2.0,1.0
ADiravia,3,0,5.0,0.0
harshilgondia,0,2,0.0,2.0
Seeker_31_India,0,1,0.0,1.0
GHCCGreaterHyd,0,1,0.0,2.0
Ali1Saitama,0,1,0.0,1.0
Devwa468,0,1,0.0,1.0
desaivikrant007,0,1,0.0,1.0
DMarulkar,0,1,0.0,1.0
Yugav1991,0,3,0.0,3.0
raveunde,0,1,0.0,1.0
nits_bali,0,1,0.0,1.0
rajashreevalder,0,2,0.0,2.0
RahulJainbjp1,0,1,0.0,1.0
yjvyas94,0,1,0.0,1.0
bablu345,0,1,0.0,1.0
gosaliya_ashik,1,1,1.0,1.0
DrSameerSaini,0,1,0.0,2.0
WithIncLDweep,0,1,0.0,1.0
DRBOND_007,0,1,0.0,1.0
SumantaKumarCh7,0,1,0.0,1.0
SmestarZ,1,1,1.0,1.0
SumitCh64504863,0,1,0.0,1.0
RK2point0,0,1,0.0,1.0
sanjayd62799957,0,1,0.0,1.0
shettyuk0022,0,1,0.0,1.0
HrushiHr,0,2,0.0,2.0
Mir_kolkata,0,1,0.0,1.0
Bhaskar1994R,0,1,0.0,1.0
codewithmevivek,0,1,0.0,1.0
cbdhage,2,1,2.0,1.0
Kalashoka,0,2,0.0,2.0
sandhyamendonca,1,0,7.0,0.0
vinaybnath,1,0,1.0,0.0
dr_omkartelang,0,1,0.0,2.0
RPTripathy,0,1,0.0,1.0
indian_4477,4,4,4.0,11.0
kpjadon02,0,1,0.0,1.0
Karmaagyan,0,2,0.0,2.0
thinkshreyas,0,1,0.0,1.0
ImKun_Don,0,2,0.0,2.0
gauri_sidhanthi,0,2,0.0,3.0
ShrirangKhokale,0,1,0.0,1.0
KHAGESHKHERA,0,1,0.0,1.0
hrushigarge2303,0,1,0.0,1.0
AryanGnaidu,0,2,0.0,2.0
VidishaWale,0,1,0.0,1.0
ankit82353263,0,1,0.0,1.0
aa2eets,0,2,0.0,2.0
its__harshita,0,1,0.0,1.0
MuskanPatel95,0,1,0.0,1.0
Appanna52877653,0,3,0.0,3.0
SATAVRAJEEV,2,0,3.0,0.0
KamalenduR,0,1,0.0,1.0
Dextryl,0,1,0.0,1.0
Ashwatthamapan2,0,3,0.0,3.0
SudevDevaiah,0,1,0.0,1.0
Neera_26,1,0,1.0,0.0
homam108,6,0,6.0,0.0
XposeCryptoScam,0,1,0.0,2.0
chetanKB1997,0,2,0.0,2.0
HasmukhVasava14,0,4,0.0,4.0
IMKUNALWALI,0,1,0.0,1.0
lohiya999,0,2,0.0,2.0
SandeepKoul1977,0,2,0.0,2.0
thewire_in,86,2,93.0,2.0
ultimate4all,0,1,0.0,1.0
Zorkmid123,0,1,0.0,1.0
FemmeFirstF,2,3,2.0,4.0
2Suhana25,5,0,5.0,0.0
rajeshlele,0,1,0.0,1.0
PrinceDHORDA3,0,1,0.0,1.0
DadaPawar15,0,1,0.0,1.0
CdrEricson,0,1,0.0,1.0
PiyaliB57726203,1,0,1.0,0.0
shamunder31s,0,5,0.0,5.0
guptavishal7982,0,4,0.0,4.0
bradley_tindall,0,1,0.0,1.0
ishan_putra,0,4,0.0,5.0
DTCarWashers,0,1,0.0,1.0
SMuk25,0,3,0.0,6.0
punjabchhavi,0,1,0.0,1.0
mishravivek901,0,2,0.0,2.0
Laljiverma,0,1,0.0,1.0
PkN_29,0,1,0.0,1.0
bharathimagdum,0,2,0.0,2.0
abhu_tyagi,0,1,0.0,1.0
DevRishiNarada,0,3,0.0,3.0
SubhasanketRay,0,1,0.0,1.0
Ghost29205727,0,2,0.0,2.0
srk7353,0,1,0.0,1.0
KiranKS,23,0,25.0,0.0
PratapJagan75,0,1,0.0,1.0
preetyA54539078,0,1,0.0,1.0
indumalhotra3,1,2,1.0,2.0
namasteindia_in,1,0,1.0,0.0
naveenprk10,0,1,0.0,1.0
AshMark25,0,1,0.0,1.0
RaviiRaghu,0,1,0.0,1.0
MannkibaatRajiv,0,6,0.0,8.0
MomayaPurvesh,0,1,0.0,1.0
MetallicaMurphy,0,1,0.0,1.0
Devendras1425,0,1,0.0,1.0
akbarbatcha,0,2,0.0,3.0
Sanidhyajain11,0,1,0.0,1.0
Bihar_Nawada,0,1,0.0,1.0
SRamesh1950,0,1,0.0,1.0
AmarKum99087753,0,2,0.0,2.0
niloydivine,0,1,0.0,1.0
BabaBlackSimp,0,1,0.0,1.0
AnmNews,0,1,0.0,1.0
AB_7994,0,1,0.0,1.0
saswat_prusty,0,1,0.0,1.0
ManyagolGanesh,0,1,0.0,1.0
realprakashjha,0,1,0.0,1.0
KharePadam,0,1,0.0,1.0
DBIIMA,0,2,0.0,2.0
JustDoIT_000,0,1,0.0,1.0
mathew_tomi,0,1,0.0,1.0
davidfrawleyved,52,0,56.0,0.0
ArasuNambi,0,1,0.0,1.0
itsrohitsinh,0,1,0.0,1.0
Dragonf49891578,0,1,0.0,1.0
iShashiShekhar,4,0,4.0,0.0
RKRadhakrishn,14,1,29.0,1.0
Elf_Forester,0,4,0.0,4.0
PandyaPramthesh,0,5,0.0,5.0
2021Venkatesh,0,3,0.0,3.0
narendrapampat1,0,1,0.0,1.0
shabinas26,0,2,0.0,2.0
RoshanKrRaii,2,0,2.0,0.0
avixorld,0,4,0.0,4.0
Harshal03339938,0,2,0.0,2.0
dev_M2,0,1,0.0,1.0
DilnawazMD,0,1,0.0,1.0
PankajGupta0606,0,2,0.0,6.0
sreeni453,1,6,1.0,7.0
antra_mahajan,0,3,0.0,4.0
birjeshtweets,0,6,0.0,8.0
sanjeevhapur,0,5,0.0,9.0
truthandyou,0,1,0.0,1.0
RaviKChauhan5,0,1,0.0,1.0
krr22023,0,2,0.0,2.0
wantedchinmay,1,2,1.0,2.0
vibhorsingh33,0,1,0.0,1.0
TheLeaflet_in,0,2,0.0,3.0
VishalJCSharma,0,1,0.0,1.0
PunjabTracker,0,1,0.0,1.0
udaykotak,3,0,3.0,0.0
ashokachkan,0,1,0.0,1.0
ubaid_mubaraq,0,1,0.0,1.0
Anirudh35083836,1,1,1.0,1.0
pandya_dakshesh,1,1,1.0,1.0
Mehtacee,0,6,0.0,6.0
BloomsburyIndia,1,1,1.0,1.0
logicalmoh,1,1,1.0,1.0
Areez__14,0,1,0.0,1.0
pn_naveen_,1,0,1.0,0.0
n_mahawar,0,2,0.0,2.0
A2D2_,1,2,1.0,4.0
Rahulist,0,1,0.0,1.0
abhi_O_mega,0,2,0.0,3.0
mvrvja,0,2,0.0,2.0
sunnysoumik,0,1,0.0,1.0
I_am_Navya_,0,1,0.0,1.0
JitenderMartol1,0,1,0.0,1.0
TUSHAR63,0,1,0.0,1.0
vaib2805,0,2,0.0,2.0
mssharma,0,1,0.0,1.0
SDSingh_Indian,1,3,1.0,8.0
moonandthestats,0,1,0.0,1.0
MadhavPriyaa,0,2,0.0,4.0
harish_m_k,0,2,0.0,2.0
SRSekharBJP,5,1,5.0,1.0
anujgsj,0,2,0.0,2.0
AntuWarule,0,2,0.0,2.0
A_ShuddhBrahmin,0,1,0.0,1.0
Imsaquibjaved,0,1,0.0,1.0
Debz1983,0,1,0.0,1.0
bigboon11,0,1,0.0,1.0
sks2829,1,2,1.0,2.0
KaurJk11,0,1,0.0,1.0
VICKS0387,0,1,0.0,1.0
abhiktapadar,0,1,0.0,1.0
Commonmanonfire,0,1,0.0,1.0
Choudhary_8106,0,1,0.0,1.0
saurabh13987,0,1,0.0,1.0
sgufran090,0,3,0.0,3.0
MBharatJain,0,2,0.0,3.0
NoorulainShiekh,0,4,0.0,5.0
anilkohli54,2,0,2.0,0.0
rohitsaharan20,0,2,0.0,2.0
barandbench,18,2,19.0,2.0
suryaSingh9121,0,1,0.0,1.0
MadhavaSN,0,2,0.0,2.0
kundu_avra,0,3,0.0,3.0
mr_ajaz4j,0,1,0.0,1.0
naushad90music,0,4,0.0,5.0
Deadman_cool,0,2,0.0,3.0
BarneyFlames,1,1,1.0,1.0
ShashiSSingh8,0,1,0.0,1.0
rocky_coool,1,15,1.0,36.0
icychipz,0,2,0.0,2.0
AbhisOBC,0,1,0.0,1.0
JaliKamalakar,0,1,0.0,1.0
shawin23,0,2,0.0,2.0
Bharath72100799,0,1,0.0,1.0
Partha_das12,0,1,0.0,1.0
JonRickFren,0,2,0.0,2.0
shaktichiku,0,1,0.0,1.0
LloydMathias,1,0,1.0,0.0
Blank_Singh_351,0,1,0.0,1.0
subhajit_n,2,0,2.0,0.0
itsme_atul,0,1,0.0,1.0
khimaanshu,0,2,0.0,2.0
VikramNippani,0,2,0.0,2.0
tombaan,0,1,0.0,1.0
BabaVisky,0,1,0.0,1.0
hpocrsydemocrsy,0,3,0.0,3.0
ATMAINDIAN,0,1,0.0,1.0
Sanjaypro,0,1,0.0,1.0
GateFriday,0,2,0.0,2.0
Mohamed_Yasar_J,0,1,0.0,1.0
ujjal2400,0,1,0.0,1.0
with_chetan,0,2,0.0,3.0
JoonSantushti,0,1,0.0,1.0
TravelSpace9,2,6,2.0,6.0
Watsonbrettlee,0,7,0.0,7.0
yogesh_jagirdar,0,1,0.0,1.0
Nitishkyy1,0,1,0.0,1.0
sandeepti009,0,1,0.0,1.0
kartik_21_,0,1,0.0,1.0
ChowkidarIndia7,0,1,0.0,2.0
thenewsdrum,0,2,0.0,2.0
Marvellous_MrsG,5,0,5.0,0.0
Kx_knxx,1,0,1.0,0.0
shenoybv,4,9,5.0,9.0
saliltripathi,22,2,24.0,2.0
shukla19961,0,1,0.0,1.0
csuresh1950,0,2,0.0,2.0
HENRIFANTHOME,1,0,1.0,0.0
PauloIndia,1,2,1.0,2.0
Prasannamr,0,2,0.0,2.0
subyroy,1,2,1.0,2.0
manav8517,0,1,0.0,2.0
manju27934035,0,3,0.0,3.0
MihirkJha,3,0,3.0,0.0
SheetalMadan2,0,1,0.0,1.0
imdaddy2648,1,2,1.0,2.0
UdaySankarGosw5,0,3,0.0,3.0
JashubenKorat,2,0,2.0,0.0
Virendraji4,0,3,0.0,3.0
shikha666nutan,0,1,0.0,1.0
KCAnalyses,0,1,0.0,1.0
katty1590,0,1,0.0,1.0
Capriraj,0,3,0.0,3.0
abu_dawood_2k7,0,3,0.0,3.0
Indian_567,0,1,0.0,1.0
AnilKum04536706,0,2,0.0,2.0
ctwNLtDBbjcJb1j,0,5,0.0,6.0
xpsv,0,1,0.0,1.0
VijayanandChin,0,2,0.0,2.0
BharathModi,0,1,0.0,1.0
P_K_Srivastava,0,2,0.0,2.0
viresh1888,0,2,0.0,2.0
kiranpatel79,0,1,0.0,1.0
antonyabrahamA,0,1,0.0,1.0
Kya_naam_rakhun,0,2,0.0,2.0
DrGuchhait,0,1,0.0,1.0
Pra_kum_singh,0,2,0.0,2.0
imransolanki313,0,1,0.0,1.0
Anu73202964,0,1,0.0,1.0
im_Adityasehgal,1,1,1.0,1.0
meme_lord9,0,2,0.0,2.0
Proudin89033511,0,1,0.0,1.0
hvbhat,1,1,1.0,1.0
humourharsh,0,3,0.0,3.0
hemanthbhk_bjp,0,1,0.0,1.0
trepanrawat,0,1,0.0,1.0
ShashiK18057826,0,1,0.0,1.0
Ravindra081494,0,1,0.0,1.0
VinodChandrav12,0,1,0.0,1.0
shailen33150087,0,4,0.0,6.0
Shaikh_Mohsin12,6,0,6.0,0.0
atulaurora24,0,4,0.0,4.0
nafeesa27,0,2,0.0,3.0
saurabhrobin200,0,3,0.0,3.0
IndianMonkSoul,0,1,0.0,1.0
saber_rider21,0,1,0.0,1.0
MadGView,0,2,0.0,2.0
nawaidanjum,0,2,0.0,2.0
Okwhat011,2,4,2.0,8.0
gaurav_ji25,0,1,0.0,1.0
AyooWhtsupp,0,1,0.0,1.0
banerjee_souti,0,1,0.0,1.0
ananthshetty,0,1,0.0,1.0
Surasen3,0,10,0.0,18.0
Siddhar38257653,0,3,0.0,3.0
_tea_person_,0,1,0.0,1.0
Vishal_man17,0,1,0.0,1.0
ArMehsud,0,1,0.0,1.0
ketanjamwal,0,2,0.0,2.0
gsk1234567,0,3,0.0,3.0
PaulMorris29,0,1,0.0,1.0
indiamyland_009,0,1,0.0,1.0
sakthivel_cit93,2,2,2.0,2.0
Kathikarrthika,0,1,0.0,1.0
reachind_USACAN,3,3,3.0,4.0
dilllu,0,6,0.0,7.0
kartik_kanoongo,0,1,0.0,1.0
jhambt,0,4,0.0,4.0
ManishKotharee,0,1,0.0,1.0
im_Ritoj,0,1,0.0,1.0
actualprophet,0,1,0.0,1.0
DassBabai,0,1,0.0,1.0
baljeet73D,0,2,0.0,2.0
shashwat0504,0,1,0.0,1.0
venky19756799,0,1,0.0,1.0
indraniiyc,0,2,0.0,2.0
nistula,13,2,19.0,2.0
Gopalee67,2,1,2.0,1.0
Atullal71,0,1,0.0,1.0
Suhail_kahraman,0,1,0.0,1.0
apnass1,0,1,0.0,1.0
Rhl15738352,0,1,0.0,2.0
S_k_chaudhary,1,2,2.0,4.0
gurvind45909601,1,0,1.0,0.0
SatishTg1,0,3,0.0,3.0
athardesi,0,1,0.0,1.0
2020Mirchiboy,0,1,0.0,1.0
VarmaWarrior,0,1,0.0,1.0
zubinashara,0,1,0.0,1.0
Krishna77441015,0,1,0.0,1.0
sumonseng,1,5,1.0,5.0
CrazySatire,0,18,0.0,27.0
yesaswi30,1,1,1.0,1.0
partha_green,0,1,0.0,1.0
Simblee,0,1,0.0,1.0
omi569,0,1,0.0,1.0
Veevadd,0,1,0.0,1.0
lalita_mama,0,3,0.0,3.0
Varrsha2,3,1,3.0,1.0
Indianonlyjaiho,0,1,0.0,1.0
sansub12,0,1,0.0,1.0
Samratharshit1,0,1,0.0,1.0
Abhishek_Singh8,0,2,0.0,2.0
DILIPtheCHERIAN,5,0,5.0,0.0
JP_Chadda,1,0,1.0,0.0
PPKaushik1,0,1,0.0,1.0
pammi_dhillon3,0,1,0.0,1.0
JayatriNag,0,1,0.0,2.0
richajourno,0,3,0.0,12.0
rajasa56,1,7,1.0,7.0
shivasutosh,0,1,0.0,2.0
noellorenzbooks,0,1,0.0,1.0
vikesh30,0,1,0.0,1.0
shashimukund007,0,1,0.0,1.0
ronaldo_fan0701,0,1,0.0,1.0
Iam_Ayushmann,0,1,0.0,1.0
saini1249,0,1,0.0,1.0
Hector_Clemenza,0,1,0.0,1.0
SivaCosmos,0,1,0.0,1.0
MurariY1,0,1,0.0,1.0
GemsOfGollywood,0,1,0.0,1.0
Bharat18Ty,0,1,0.0,1.0
azzy46,0,3,0.0,3.0
AdagioUday,0,4,0.0,4.0
manohar_yadav10,0,1,0.0,1.0
ashen1_97,0,1,0.0,1.0
Kedar_Shinde_,0,1,0.0,1.0
Shawn_Singh1974,1,0,1.0,0.0
karansahu02,0,1,0.0,1.0
PERIKASURESHBJP,0,1,0.0,1.0
PratapM34496631,0,1,0.0,1.0
ahmedsyed612,0,1,0.0,1.0
inismah,0,1,0.0,1.0
stonedsisyphus,0,2,0.0,3.0
MithunD34039989,0,1,0.0,1.0
KalurSanjay,0,1,0.0,1.0
ArijitDattaRay,1,3,1.0,4.0
RDATT_,1,0,1.0,0.0
Goutham22022000,1,1,1.0,1.0
jraj4321,0,2,0.0,2.0
update_war,0,1,0.0,1.0
VigilantStudenX,0,1,0.0,1.0
abdulhafeezsal1,0,1,0.0,1.0
nofiltermayank,0,1,0.0,1.0
imkiran54,0,3,0.0,3.0
nizam__ali,0,1,0.0,1.0
shanu92,0,2,0.0,2.0
jass_kaur19XX,0,1,0.0,1.0
NiravJ7,0,3,0.0,3.0
deepak_khurana7,0,1,0.0,1.0
KunalIndulkar1,0,1,0.0,1.0
malikmu74452012,0,1,0.0,1.0
r_r_shahi,0,1,0.0,1.0
HinduRealist,1,1,1.0,1.0
color_pencil,0,3,0.0,3.0
arunapatel000,0,8,0.0,9.0
makingindiawork,0,1,0.0,1.0
vickrishnan,1,2,1.0,2.0
acorn,1,0,1.0,0.0
AngellicAribam,2,2,3.0,2.0
kaarthy9925,0,1,0.0,1.0
mallu_rebel,0,1,0.0,1.0
NDiyora,0,1,0.0,1.0
Deepak27473384,0,2,0.0,2.0
Jaat__Shaab,0,1,0.0,1.0
DhankharDeepak,0,2,0.0,2.0
AkhilBha58,1,0,1.0,0.0
NileshTamhane78,0,1,0.0,1.0
shubhashish1995,0,1,0.0,2.0
MBTheGuide,0,6,0.0,38.0
nishantdylan,1,1,1.0,1.0
pinaka_av1,0,1,0.0,1.0
MuskTweer,0,1,0.0,1.0
Hemanth21840973,1,1,1.0,1.0
RSaini0503,0,1,0.0,1.0
ManasCOfficial,0,1,0.0,1.0
majesty_sunny,0,1,0.0,1.0
gloverm65,0,2,0.0,2.0
BjpAchary,0,1,0.0,1.0
tweetashsharma,0,3,0.0,3.0
MatKashbakihai,3,0,3.0,0.0
Cyberlamp22,0,1,0.0,2.0
yooelre,0,1,0.0,1.0
Ajeetjoshi5,0,1,0.0,1.0
manishgarg9999,0,1,0.0,1.0
sandeeprrao1991,0,1,0.0,1.0
rakesh27061,0,1,0.0,1.0
UdayKr_Bhumihar,0,1,0.0,1.0
KundanJ80615712,0,1,0.0,1.0
Maheshw52647865,0,3,0.0,3.0
pGurus1,7,1,7.0,1.0
aftabcalm,1,2,1.0,3.0
mazhar90,0,1,0.0,1.0
harshad03354451,0,1,0.0,1.0
imanojyadav,1,0,1.0,0.0
swapnil_karma,0,1,0.0,2.0
spsinghveteran,0,1,0.0,1.0
AnoushkaAgain,1,1,1.0,1.0
Pardesi30,0,1,0.0,1.0
Juice_Kudithiya,0,4,0.0,4.0
rohitsharma0058,0,1,0.0,1.0
udaybhat1954gm4,0,5,0.0,6.0
Ashokshah02,0,1,0.0,1.0
shivaji19920,0,1,0.0,1.0
tafteeeesh,0,2,0.0,3.0
soumitra2016,0,1,0.0,1.0
sunandchand,0,1,0.0,1.0
vivek2456,0,2,0.0,2.0
BubnaNikunj,1,0,1.0,0.0
Dr_Vikas77,0,3,0.0,3.0
smart__Indian,2,2,2.0,3.0
Anu_Iyengar_,0,10,0.0,10.0
Reuters,20,0,22.0,0.0
AnbuMoham,0,2,0.0,4.0
theashisharya,0,2,0.0,4.0
pradeeplamba,0,4,0.0,4.0
kaleidoscopeic,3,1,3.0,1.0
SamalStyle,0,2,0.0,2.0
AnishAgrawal91,0,1,0.0,1.0
gaokabanda,0,1,0.0,1.0
daysofthewick,1,2,1.0,2.0
SANDIPDANDGE17,0,1,0.0,1.0
MohitRamBharga1,0,1,0.0,1.0
ChetanAhimsa,6,1,8.0,1.0
JustApoorv,0,1,0.0,1.0
Amittt84,0,1,0.0,1.0
ankesharwani,0,2,0.0,2.0
rsrikrsna,0,1,0.0,1.0
SBokadia,0,4,0.0,4.0
mkandharii,1,0,1.0,0.0
William64272214,0,6,0.0,6.0
prakshepaastr,0,1,0.0,1.0
KumarVidhyasag2,1,0,1.0,0.0
NiveshChourey,1,0,1.0,0.0
kckaushik6,0,1,0.0,1.0
Sumeet31may,0,2,0.0,2.0
DipankarMalakar,0,1,0.0,1.0
SHOAIBA81010482,0,1,0.0,1.0
Dragoneye999999,0,2,0.0,2.0
iKayenn,1,1,1.0,1.0
RamrajVanee,0,1,0.0,1.0
SaundiD,1,3,1.0,3.0
Ogytrab,0,1,0.0,1.0
pnsrikanth,0,1,0.0,1.0
amarjitsa,0,2,0.0,2.0
gaurv_gaur,0,1,0.0,1.0
ashishtayal_,0,2,0.0,3.0
jerome79112547,0,1,0.0,1.0
PMuralidharRao,15,0,17.0,0.0
nitinghaizzz,0,1,0.0,1.0
CSR_India,0,1,0.0,1.0
GourangaKar8,0,6,0.0,6.0
Gauravsrock,0,1,0.0,1.0
sbcsunils,0,3,0.0,3.0
ankursgoel,0,1,0.0,2.0
ArsiyaGauri,0,1,0.0,1.0
mahobawale,0,1,0.0,1.0
itswasimkhan,0,1,0.0,1.0
JackhammKumar,1,2,1.0,2.0
Kal69El,0,2,0.0,4.0
my_musings_ind,1,1,1.0,1.0
mukeshskjsmtr,1,0,4.0,0.0
kumar_Amarjeet_,0,2,0.0,2.0
Phareesh_tnie,0,1,0.0,1.0
DineshC38413784,0,1,0.0,1.0
HarshD0shi,0,1,0.0,1.0
NS150761,0,3,0.0,4.0
rajaramrajgopal,0,1,0.0,1.0
salman_crs,0,2,0.0,2.0
jaindd2002,0,2,0.0,2.0
kutty983,2,8,2.0,9.0
msj_sinha,0,1,0.0,1.0
ETNOWlive,4,0,4.0,0.0
Arun_Oncologist,0,1,0.0,1.0
Dhivya_Inclusiv,0,1,0.0,1.0
free_radical420,0,1,0.0,1.0
KhoranaR,0,3,0.0,3.0
k_boravat,0,2,0.0,2.0
Bojack_RN,0,1,0.0,1.0
aakashmehrotra,1,0,1.0,0.0
jshukla1982,0,1,0.0,1.0
udaymenon57,1,2,1.0,2.0
dipankar1000,0,3,0.0,5.0
ProudBharatiya6,0,2,0.0,2.0
anand18k,0,1,0.0,1.0
LokeshMasterji,0,1,0.0,1.0
NextBTHG,0,3,0.0,3.0
saipurnima_Kgm,0,1,0.0,2.0
paganhindu,0,1,0.0,1.0
RVirajaji,0,1,0.0,1.0
Cric_Cat_,0,1,0.0,1.0
govindrpandey,0,2,0.0,2.0
keshavyadaviyc,9,0,12.0,0.0
that_mallu_girl,0,6,0.0,6.0
Saumen143,0,1,0.0,1.0
AamAadmiParty,555,0,620.0,0.0
amp1066_ani,0,1,0.0,1.0
Ekthi_MeenuD,6,0,6.0,0.0
abhi4u05,0,2,0.0,2.0
SinghVAbhimanyu,0,1,0.0,1.0
KhadimH02033476,0,1,0.0,1.0
AmjadXia,0,1,0.0,1.0
BlueBlistering,0,2,0.0,2.0
NaMoShaDov,0,4,0.0,4.0
alva_margaret,1,0,1.0,0.0
Mangal41289199,0,2,0.0,2.0
rameshdevnani1,0,1,0.0,1.0
AshokGirnara,0,6,0.0,16.0
ramachandra_vr,0,1,0.0,1.0
No__negativtyxd,2,0,2.0,0.0
YogeshV74075861,0,2,0.0,2.0
mayank_sxn,2,0,2.0,0.0
ChettriParvati,0,2,0.0,4.0
ankurchandra123,0,3,0.0,5.0
KKalpavalli,0,1,0.0,1.0
Manu45632167,0,1,0.0,1.0
vickysoni1994,0,1,0.0,1.0
FightCorona101,0,2,0.0,2.0
MSGN15,0,9,0.0,29.0
amarmallick6,0,1,0.0,1.0
suri95080404,0,1,0.0,1.0
JDumde,0,6,0.0,12.0
sk18349,0,2,0.0,2.0
Murali76133156,2,19,4.0,28.0
KashmirNewsline,0,2,0.0,2.0
Bhagyashrisep29,0,1,0.0,1.0
sachinc39435150,0,1,0.0,1.0
Hitarth_Dhebar,0,3,0.0,3.0
MohammedAkhef,0,1,0.0,1.0
optimistsurgeon,0,2,0.0,2.0
GprasadadvGopal,0,1,0.0,1.0
LazyBum63311609,0,1,0.0,1.0
russysamy,0,1,0.0,1.0
total_woke_,6,0,6.0,0.0
captbeards,0,1,0.0,1.0
ShankarN2021,0,1,0.0,1.0
itsaakashubhe,0,3,0.0,3.0
_philosophon___,0,1,0.0,1.0
sidd_sharma01,3,0,3.0,0.0
fanofarnabsir,0,1,0.0,1.0
4556228Y,2,1,2.0,1.0
LiquifiedG,0,2,0.0,2.0
mine__apple,1,1,1.0,1.0
PeterRi14419233,0,1,0.0,1.0
Pranab_Indian,0,1,0.0,1.0
ask0704,4,2,4.0,3.0
Anand_The_Mind,0,1,0.0,1.0
sushantsareen,7,0,9.0,0.0
VivekSibal,0,1,0.0,1.0
sss_strange,0,1,0.0,1.0
yusufpore,4,2,4.0,2.0
mahendra3,1,0,1.0,0.0
HazraHimanshu,0,1,0.0,1.0
Mirchi9,4,0,4.0,0.0
srinivas_gupta,0,2,0.0,2.0
Vijjirosagmail1,0,2,0.0,2.0
Shubhakar_S,0,1,0.0,1.0
TheFrivolouss,0,1,0.0,1.0
Shabbir46155466,0,3,0.0,3.0
jsingha21,0,1,0.0,1.0
Ashwinikumarsw7,0,1,0.0,1.0
sahilynwa,0,4,0.0,4.0
PunIntended8,0,2,0.0,2.0
PulseRera,0,2,0.0,2.0
PradipSocialNet,0,1,0.0,1.0
Zainiqbal786Za,1,1,1.0,1.0
SevadalTL,0,3,0.0,3.0
Innatethoughts,0,5,0.0,5.0
ShakhzodR013,0,1,0.0,1.0
titus_nithin,0,4,0.0,4.0
girishjohar,1,0,1.0,0.0
RChariots,0,1,0.0,1.0
prat44ap,0,1,0.0,1.0
Reebi11588299,0,1,0.0,1.0
sbajpai2811,0,1,0.0,2.0
dhartiputra_,0,1,0.0,1.0
SandeepGBhagat,0,2,0.0,2.0
iamaw3sam,0,1,0.0,1.0
shivazzafilms,0,1,0.0,1.0
UttarrPradesh,0,3,0.0,3.0
ShirinBajwa,0,4,0.0,5.0
prabuch,0,1,0.0,1.0
ycpkukkal,0,1,0.0,1.0
indoriitweeter,0,1,0.0,1.0
BloomingInMud,0,1,0.0,1.0
gareebkadushman,0,1,0.0,1.0
rakshithbollady,0,3,0.0,3.0
Mdasmumbai,0,1,0.0,1.0
k_krishankumarg,0,1,0.0,1.0
deenazhar19,0,1,0.0,1.0
Vivek72740124,0,2,0.0,2.0
amit8710,0,2,0.0,2.0
firstpost,22,0,23.0,0.0
srikanth_hari,0,1,0.0,1.0
GastiSuchit,0,1,0.0,1.0
Kadamtweet,0,5,0.0,6.0
drukyul2000,0,2,0.0,2.0
harshit34153039,0,2,0.0,2.0
JyotirvidI,0,3,0.0,3.0
kalki_22,0,2,0.0,2.0
shrianmol,0,1,0.0,1.0
RajivSabharwal5,0,2,0.0,15.0
syedshamdquadri,0,2,0.0,2.0
hareshusadadiya,0,1,0.0,1.0
bishtmamta17,0,1,0.0,1.0
peacefullypolit,1,1,1.0,1.0
ManWithGrit,0,3,0.0,4.0
anangbhai,8,2,9.0,2.0
Santoshgp46,0,1,0.0,1.0
Sally75682464,0,1,0.0,1.0
DHuntngMachine,1,0,1.0,0.0
UjjainiyaParmar,1,0,1.0,0.0
cmpasenthil,0,2,0.0,2.0
RohiThomas,0,1,0.0,1.0
DNeurosx,1,0,1.0,0.0
ashwin_vara,1,9,1.0,23.0
imManishSinha,0,1,0.0,1.0
Iamswaro_op,0,1,0.0,1.0
NileshOak,1,0,1.0,0.0
SKumarMahapatr1,0,1,0.0,1.0
Milindkumar2007,0,1,0.0,1.0
sarvasva4,0,1,0.0,1.0
actionkishore,0,1,0.0,1.0
N0rbertElekes,5,0,5.0,0.0
prashantpale24,0,1,0.0,1.0
AbhimaniBharat,0,1,0.0,1.0
GouravPargal,0,1,0.0,2.0
jagdishkholiya,0,1,0.0,1.0
AnandHumor,0,1,0.0,1.0
major_angadirs,0,2,0.0,3.0
AgniSharman,0,1,0.0,1.0
Bhadriswami,0,2,0.0,2.0
PrayagRajBhuyan,0,2,0.0,2.0
Factche26230556,0,1,0.0,1.0
Abhinav80718238,0,1,0.0,1.0
dev_manus,0,1,0.0,1.0
VikramSPuri,0,1,0.0,1.0
ShivaK189,0,1,0.0,1.0
Idiotsignoreme,0,1,0.0,1.0
TurkmenViking,0,1,0.0,1.0
uday3393,0,2,0.0,3.0
aham_vritti,0,6,0.0,8.0
blockedbycrush,0,1,0.0,1.0
BJPMahilaMorcha,12,1,12.0,1.0
niaj1260,0,1,0.0,1.0
shirishag75,1,1,1.0,2.0
mohniskha,0,5,0.0,5.0
Deepak8731,0,1,0.0,1.0
janne_rams,0,2,0.0,2.0
neelsonawane,0,1,0.0,1.0
CarnegieSAsia,0,1,0.0,1.0
rkkanth,0,2,0.0,2.0
Adityak38994430,0,1,0.0,1.0
pawan1962,0,2,0.0,5.0
Jaskat8,0,1,0.0,1.0
Singlelot,0,4,0.0,4.0
MukulikaB,2,1,2.0,1.0
hegde_ganapathi,0,2,0.0,2.0
BheemannaH,0,1,0.0,1.0
rammohan4b,0,2,0.0,3.0
PrabuKaran1,0,1,0.0,1.0
riteshagarwal4u,0,1,0.0,1.0
abhaypssengar,0,1,0.0,1.0
usernotsosure,0,2,0.0,2.0
SyedDanishAlvi,0,3,0.0,3.0
Divyesh_882,0,1,0.0,2.0
Abhishekf1,0,2,0.0,2.0
SapnaHarishRao,1,2,1.0,2.0
iSuresh_Bhagat,0,1,0.0,1.0
BLRrocKS,1,2,1.0,2.0
newslaundry,11,0,13.0,0.0
Imrock_75,0,3,0.0,4.0
sinhaishaan46,0,1,0.0,1.0
ss96990,0,1,0.0,1.0
manan_shah345,0,1,0.0,1.0
bala_bodi,0,1,0.0,1.0
AK75778911,0,4,0.0,4.0
Missr71884780,0,1,0.0,1.0
VivekSharmaBJYM,0,1,0.0,1.0
KhubaibInam_,0,1,0.0,1.0
TELUGUNEWS123,0,3,0.0,3.0
jothibas69,0,1,0.0,1.0
Pradeepmaiam,0,1,0.0,1.0
rushi1406s,0,1,0.0,1.0
ChougalaA,0,3,0.0,4.0
Chowdar9555,0,1,0.0,1.0
sauravsensharma,0,1,0.0,1.0
alok8869,0,3,0.0,3.0
i_am_ganguly,0,2,0.0,2.0
Debashi67444884,0,1,0.0,1.0
sonucool112,0,5,0.0,7.0
rajat9rocker,0,1,0.0,1.0
padamskafle,0,1,0.0,1.0
PIBKolkata,1,0,2.0,0.0
supersharad007,0,1,0.0,1.0
Toughstand,0,4,0.0,4.0
Mitheeleshp,0,1,0.0,2.0
kriyakumaravel,0,2,0.0,2.0
Gautams54733925,0,1,0.0,1.0
nkanekal,0,1,0.0,1.0
Tiwari_Ajay,0,1,0.0,1.0
marineravin,3,1,3.0,1.0
rakeshpatiBJP,0,1,0.0,1.0
KNirgudakar,0,1,0.0,1.0
TheRaviKeshri,1,0,1.0,0.0
DevendraVerma,0,2,0.0,2.0
nath_gobinda,0,1,0.0,1.0
RahulKalpatri1,0,1,0.0,1.0
imRaaz007,2,1,2.0,1.0
Anurag32469462,0,1,0.0,1.0
SnehasishMalli4,0,1,0.0,1.0
iyer_sk,1,1,1.0,1.0
SamithBajaj,0,1,0.0,1.0
sinku13,0,1,0.0,1.0
leonardo_da123,0,2,0.0,2.0
SuketuK,0,2,0.0,2.0
JanakaMaharaja,0,1,0.0,1.0
Givelittlelove3,0,1,0.0,1.0
Smtank2,0,1,0.0,1.0
JOPHSAW,0,1,0.0,1.0
SONOFINDIA,0,1,0.0,1.0
KcreddyLaw,0,1,0.0,1.0
MirrorNow,24,0,29.0,0.0
Naveen_Kr_Shahi,1,0,3.0,0.0
PayasiAshish,0,2,0.0,2.0
Khatriganpat,0,1,0.0,1.0
India_on_move,4,9,5.0,9.0
bahadursanjeev1,0,1,0.0,1.0
successsstories,0,1,0.0,1.0
araajagann,0,1,0.0,1.0
SankaPadma,0,8,0.0,12.0
mayursejpal,6,4,6.0,17.0
gautam21bawalia,0,1,0.0,1.0
IM_KRV,0,1,0.0,1.0
tanuj_khatri,0,2,0.0,4.0
bhandarigaurav2,0,1,0.0,1.0
RajaniDubai,1,2,1.0,2.0
S_Potlapaty,0,1,0.0,1.0
ranakaranjit,0,3,0.0,3.0
Govind19771,0,1,0.0,1.0
VrushabShingvi,0,1,0.0,1.0
satish_khetra,0,3,0.0,4.0
dilipsamanta1,0,1,0.0,1.0
IndiaRulez_,0,1,0.0,1.0
UselessInTophat,0,1,0.0,1.0
VImvinit007,2,0,2.0,0.0
hosabaraha,2,0,2.0,0.0
Tamilan2Indian,0,1,0.0,6.0
AlkaJacob1,1,4,1.0,5.0
abdullahkayan17,0,1,0.0,1.0
incbhalki,0,5,0.0,5.0
puffin_pipe,4,3,4.0,3.0
HiraAri84585681,0,1,0.0,1.0
Samirr77,0,1,0.0,1.0
amalmagazine,0,2,0.0,2.0
amrit2201,0,2,0.0,2.0
SanatanShiv,0,3,0.0,3.0
abhitryst,0,3,0.0,4.0
realvisheshh,0,1,0.0,1.0
bleed__akkism,0,1,0.0,1.0
AzizMoammir,0,1,0.0,1.0
Justly_unjust,0,2,0.0,2.0
Nagharaaj,0,3,0.0,6.0
gurleensethi_,0,1,0.0,1.0
HuSreedhara,0,2,0.0,2.0
Ussilampatti84,0,1,0.0,1.0
amr23fa14,0,1,0.0,1.0
ruchindira,0,1,0.0,1.0
Vicky_Abimanyu,0,1,0.0,1.0
profanand7,0,1,0.0,1.0
RajeshS41604022,0,1,0.0,1.0
sachinnarang9,0,2,0.0,2.0
Sudarsh05551379,0,1,0.0,1.0
NisPan,0,2,0.0,2.0
DrVikasPadha,0,1,0.0,1.0
Shivamagr03,0,3,0.0,3.0
shiva_makki,0,1,0.0,1.0
SanjivRanjanJh1,0,1,0.0,1.0
amit2wit,0,2,0.0,2.0
josephadsouza,0,3,0.0,3.0
Sri_Krishhna,0,2,0.0,2.0
TimesAlgebraIND,11,0,11.0,0.0
kishansinh,0,1,0.0,1.0
SagarAreness,0,2,0.0,2.0
manishrai1417,0,1,0.0,1.0
Fashiongaze1,0,5,0.0,6.0
SinghKarnaP,0,2,0.0,2.0
Tulika_B,0,1,0.0,1.0
atharva_surse,0,1,0.0,1.0
rakshtah,0,1,0.0,1.0
vnssarma,0,1,0.0,1.0
rakeshpatra_omp,0,2,0.0,2.0
GangaGh44849585,0,1,0.0,1.0
Simran07Kohli,0,1,0.0,1.0
PTI_News,113,0,133.0,0.0
PatrickHaris,0,1,0.0,1.0
mohan_puliampet,0,1,0.0,1.0
NileshS79876138,0,1,0.0,1.0
ManikGoyal_,3,0,3.0,0.0
apivatkumara,0,1,0.0,1.0
DrIBLal_Indian,0,1,0.0,1.0
vote_machine,0,1,0.0,1.0
shishya_bharti,1,2,1.0,2.0
chau_vik1947,0,1,0.0,1.0
TweeToAshwin,0,1,0.0,1.0
ameywarude,0,1,0.0,1.0
Sarthak_WBTMCP,2,1,2.0,1.0
GopalKeshri,0,1,0.0,1.0
FaridAlidsra,0,2,0.0,2.0
keswani_bhagesh,0,1,0.0,1.0
FightLikeTiger,0,1,0.0,1.0
PrashantBalaji1,0,1,0.0,1.0
vivekkumar9,0,3,0.0,3.0
ANURAG_SPG,0,1,0.0,1.0
gopalakrish,0,1,0.0,1.0
Vivash77,0,4,0.0,4.0
khosla_lalit,0,1,0.0,1.0
meshamanth,0,1,0.0,1.0
rohitabrol,0,2,0.0,2.0
rajuabraham1,0,3,0.0,3.0
AbhishekOpines,0,1,0.0,1.0
Itsamans,0,1,0.0,1.0
parveezjaleel,0,3,0.0,3.0
RajMohvi,0,2,0.0,2.0
vchangoiwala,0,1,0.0,1.0
earendilTyagi,0,1,0.0,1.0
rajendray,0,1,0.0,1.0
AYUSHRAI28011,0,2,0.0,2.0
rabindrapandey,0,1,0.0,1.0
jarvik,0,1,0.0,2.0
Rohan35278387,0,1,0.0,1.0
hitpun15,0,1,0.0,1.0
aarsiworldview,1,3,1.0,3.0
Debabra22395075,0,3,0.0,3.0
moinkashmiri,0,1,0.0,1.0
gjalapathi,0,3,0.0,3.0
GeorgeZenJoe2,0,4,0.0,4.0
PrinsMahesh,0,1,0.0,1.0
mohanshri,0,1,0.0,2.0
Baranga104,0,3,0.0,3.0
surendr84174841,1,2,1.0,2.0
RajalakshmiJ11,1,4,1.0,5.0
ParindeyH,0,1,0.0,1.0
Parikshit_K_,0,1,0.0,1.0
AryaSushruta,0,1,0.0,1.0
ImAnkit23,0,1,0.0,1.0
dharmendra0207,0,2,0.0,2.0
salman7khurshid,11,0,11.0,0.0
TheHeartOfIndia,0,5,0.0,7.0
imknicks,0,2,0.0,2.0
seemaadhikari,1,1,1.0,1.0
srikantasingh,0,3,0.0,3.0
NikeKunal,0,1,0.0,1.0
VegazTweet,1,1,1.0,1.0
tweet2ajay1,0,2,0.0,2.0
indiananup,0,1,0.0,1.0
Goldbird_India,0,1,0.0,1.0
krishnakt,0,1,0.0,1.0
ItsmeOhgod,0,9,0.0,10.0
VindiyaI,0,1,0.0,1.0
JhaGnyaneshwar,0,2,0.0,2.0
M_SaadRashid,0,1,0.0,1.0
panchal_kunjan,1,1,1.0,1.0
iAdarshY,0,1,0.0,1.0
Vande_Mataram,0,2,0.0,2.0
ramancsifst,0,3,0.0,3.0
Tiger_Of_Bengal,0,4,0.0,7.0
alok21oct,0,3,0.0,3.0
TheAnanthK,0,1,0.0,1.0
Pbhindia,0,1,0.0,1.0
muditrai08,0,1,0.0,1.0
Krishna25820714,0,1,0.0,1.0
BhutraMegha,0,1,0.0,1.0
smbrootforex,0,2,0.0,2.0
BHiren,1,4,1.0,5.0
tusharupreti123,0,1,0.0,1.0
AshokSh54904524,1,0,1.0,0.0
oomaaraa,0,2,0.0,2.0
iKamalVeda,3,3,3.0,3.0
Jigneshpatel600,0,1,0.0,1.0
GJayCrypto,0,1,0.0,1.0
kaustavsharma,0,1,0.0,1.0
mm_0774,9,4,10.0,5.0
rajusvin,0,3,0.0,3.0
chaturvenpk,0,3,0.0,3.0
AshutoshRaj_Bjp,0,1,0.0,1.0
Gandhi_k_Deshse,0,1,0.0,1.0
VirajDShah2,0,1,0.0,1.0
Ca_Shubham24,0,1,0.0,1.0
Vipra21868022,0,1,0.0,1.0
nishusai,0,1,0.0,1.0
lopes_naz,0,13,0.0,16.0
bunty93516,0,1,0.0,1.0
MohitJa29631827,0,1,0.0,1.0
Aquariu68595556,0,1,0.0,2.0
mhchoudhury98,0,3,0.0,3.0
amos2daisy,0,1,0.0,1.0
gus_brf,0,2,0.0,2.0
sonofinda,0,2,0.0,2.0
sugo_97,0,3,0.0,3.0
sunilpti,0,3,0.0,3.0
RST986,0,5,0.0,17.0
BirenEntpr17,0,1,0.0,1.0
IshwarKe,0,1,0.0,1.0
drianand1,0,2,0.0,2.0
RenukaJain6,26,0,28.0,0.0
rammohanpsumeru,0,2,0.0,2.0
HackBot20,0,2,0.0,2.0
nagarjuna_56,0,1,0.0,1.0
theconformist5,0,2,0.0,2.0
dasanchit281,1,2,1.0,2.0
sanjoychakra,1,1,1.0,1.0
RahulPa18088271,0,1,0.0,1.0
mubinrazakhan,0,1,0.0,1.0
kuldeep_pv,0,1,0.0,1.0
narengana,0,2,0.0,2.0
nair_mukesh,0,1,0.0,1.0
AlphaNumerica97,0,1,0.0,1.0
khaaknashien,0,1,0.0,1.0
singhswati,0,1,0.0,1.0
RNair089,0,2,0.0,2.0
IllogicalIndia7,0,2,0.0,2.0
tkramanathan,0,1,0.0,2.0
AdhyatmikYOG,0,1,0.0,1.0
padsati,0,1,0.0,1.0
parasindore,0,1,0.0,1.0
vikasKa54586954,0,1,0.0,1.0
InnocentBilal__,0,1,0.0,1.0
AbhijitBarve9,0,2,0.0,2.0
HiRam30635505,0,1,0.0,2.0
Prabhhh10,0,1,0.0,1.0
shreGautmen,0,1,0.0,1.0
iArora_N,1,1,1.0,1.0
hireshvs,0,1,0.0,1.0
prat_batley,0,1,0.0,1.0
sunnyburmanind,0,2,0.0,2.0
dauntingsh,0,1,0.0,1.0
Spandan911,1,0,1.0,0.0
krlakkadi,0,4,0.0,4.0
Umar_Jamshed,0,1,0.0,1.0
Tanyagupta98,0,1,0.0,1.0
mathurapuri,0,8,0.0,8.0
mathadsiddu,0,4,0.0,10.0
igautam1008,0,1,0.0,1.0
YPRajesh,0,1,0.0,1.0
Abhishe07212975,0,4,0.0,5.0
mediacrooks,14,0,15.0,0.0
AshiishPanchal,0,1,0.0,1.0
rupakbal,0,1,0.0,1.0
BuddaiahMadhu,0,1,0.0,1.0
AngryMany2k,0,1,0.0,1.0
p_ranju,0,1,0.0,1.0
VeerAheerIndian,0,1,0.0,1.0
IShivKRoy,0,1,0.0,1.0
dtpl54,0,1,0.0,1.0
MEDIBLESS,0,2,0.0,2.0
rajeshNworld,0,1,0.0,1.0
deba_65,0,1,0.0,1.0
smart94962010,0,1,0.0,1.0
mullah_brother,0,1,0.0,1.0
pritesh_vrit,0,1,0.0,1.0
HarshSh129,0,1,0.0,1.0
NehaSahay14,0,1,0.0,1.0
SwarajyaMag,14,1,14.0,1.0
malaybjp,0,1,0.0,1.0
sarkararka,0,1,0.0,1.0
STDCode022,0,1,0.0,1.0
KesariyaVilaya6,0,1,0.0,1.0
absh32706034,0,1,0.0,1.0
vinod_sarwade,0,2,0.0,2.0
s4sandy123,0,1,0.0,1.0
giviswa,1,1,2.0,1.0
SK_Washington,0,2,0.0,2.0
11TAMMY_,0,1,0.0,1.0
GraceSabbathi,0,1,0.0,1.0
Vijendra1Verma,0,17,0.0,25.0
vimalra25355990,0,1,0.0,1.0
Awadhes48064030,0,1,0.0,1.0
Bhagva_Dhvaj,0,6,0.0,6.0
Sharmasharmavar,0,1,0.0,1.0
basanwar_sunny,0,1,0.0,1.0
sohalamarsingh,0,1,0.0,1.0
secular_inc,0,1,0.0,1.0
GATHOBIAS,0,3,0.0,3.0
keshavtweets,0,1,0.0,1.0
Moon2Rise,0,2,0.0,7.0
ritu_purbe,0,1,0.0,1.0
DAspeakz,0,5,0.0,6.0
PanjaShoeb,0,2,0.0,2.0
MK9448440673,0,1,0.0,1.0
TigerKhanJee,0,1,0.0,1.0
Gauravproud1,0,4,0.0,4.0
kpspatali,0,1,0.0,1.0
drbmsinghal12,0,16,0.0,22.0
iamchetanverma,0,4,0.0,4.0
rejeeshs,0,1,0.0,1.0
saketengland,1,1,1.0,1.0
TheShobhitAzad,0,1,0.0,1.0
IndiaSpend,1,0,1.0,0.0
shaktiendole,0,1,0.0,1.0
aviroopm,0,1,0.0,2.0
Mohamme14149962,0,1,0.0,1.0
VDandiwala,0,1,0.0,1.0
dhankar_r,1,2,1.0,2.0
TVMohandasPai,78,3,91.0,3.0
AkhandB08349640,0,1,0.0,1.0
bhanrang,0,1,0.0,1.0
notmyscene_,6,1,6.0,1.0
Kr_Sourav10,0,1,0.0,1.0
anand_blore,0,1,0.0,1.0
ashish_pandey51,0,1,0.0,1.0
RaviMehta00,0,2,0.0,2.0
Dakshin121972,0,1,0.0,1.0
efernandes72,1,1,1.0,1.0
Aruntiwari509,0,1,0.0,1.0
napak51803605,0,2,0.0,2.0
shubham_Brnwl,0,2,0.0,2.0
AYDIAVV,0,4,0.0,4.0
rajpgupta751,0,1,0.0,1.0
HrohitChinu,0,1,0.0,1.0
Venkadeshpandia,0,1,0.0,1.0
AvnindersinghG5,0,1,0.0,1.0
ilyaz7,0,1,0.0,1.0
patakt50,0,2,0.0,3.0
SeniorBruter,0,1,0.0,1.0
dsouzahr,0,4,0.0,4.0
Naveen_V_19,0,1,0.0,1.0
SSALMAANANSARII,0,1,0.0,1.0
nair_rohit,0,1,0.0,1.0
zubinkapadia,0,1,0.0,1.0
SonarDeepak911,0,1,0.0,1.0
SrinivaasKOTA,0,1,0.0,1.0
jamsoch,0,2,0.0,2.0
sajals985,0,2,0.0,2.0
bastetmin,0,2,0.0,2.0
ranjeet4office,0,1,0.0,1.0
rahulrastogi72,0,1,0.0,1.0
ChanchalSiwach_,0,1,0.0,2.0
mehks19,1,2,1.0,2.0
AshokNellikar,0,2,0.0,2.0
Nothingpolitica,1,3,1.0,3.0
DVS668899,0,2,0.0,2.0
karanchohan25,0,1,0.0,1.0
Beamish___,1,0,1.0,0.0
Santoshaanandg1,1,0,1.0,0.0
badalohm,0,1,0.0,1.0
Ktatavarthy,0,1,0.0,1.0
Shamanoreeen,0,2,0.0,2.0
jatinjkothari,0,2,0.0,3.0
daloveofpeople1,0,3,0.0,3.0
amar_in_vaidya,0,1,0.0,1.0
DarshitJoshi_,1,0,4.0,0.0
ahambrahmasmii_,1,0,1.0,0.0
HuangGeoffrey1,0,3,0.0,3.0
_a_i_s___,0,1,0.0,1.0
hrp333,0,1,0.0,1.0
iRahulSahu,0,1,0.0,1.0
its__AV__,0,1,0.0,1.0
deshaapka1,0,2,0.0,2.0
Raghven02969739,0,2,0.0,2.0
alok_shyam,0,1,0.0,1.0
PunekarAssal,0,1,0.0,1.0
akshay77422,0,2,0.0,2.0
naini_rajender,0,3,0.0,6.0
arunrai23617373,0,1,0.0,1.0
WeirdStatement,0,1,0.0,1.0
advnarayang,0,1,0.0,1.0
I_amMaqbool,0,1,0.0,2.0
azhars_jamadar,0,5,0.0,5.0
rohit1286,0,2,0.0,3.0
harmaan_madon,0,2,0.0,2.0
_Anil_7781_,0,1,0.0,1.0
sudhirchaudhary,125,0,130.0,0.0
Rahulk4599,0,1,0.0,1.0
arjungupta_2004,0,1,0.0,1.0
Deblinabose17,0,1,0.0,1.0
kirantishapand1,0,1,0.0,1.0
asthana_shashi,3,2,3.0,2.0
prophet_yashd,0,1,0.0,1.0
plutusadvisors,0,3,0.0,3.0
jingalalahu_hur,0,2,0.0,2.0
unraveaero,8,0,8.0,0.0
niazi_jr7,0,1,0.0,1.0
BBCRajiniV,1,0,5.0,0.0
munthakrao,0,1,0.0,1.0
6b4027ee66c748c,0,2,0.0,2.0
manis_kumar,0,3,0.0,3.0
Rahul10179,0,1,0.0,1.0
IndianSinghh,5,0,5.0,0.0
StocksManoj,0,2,0.0,2.0
chegsin,0,1,0.0,1.0
msethy5,0,3,0.0,3.0
tngiridhar,0,1,0.0,1.0
AbuMeowiyah,0,2,0.0,2.0
chidsamskritam,0,1,0.0,1.0
Mystic1371,2,2,2.0,2.0
Ravithakkar0071,0,1,0.0,1.0
bseshadri,3,0,3.0,0.0
dharma__vijaya,1,0,1.0,0.0
Its_Atharva,0,1,0.0,1.0
EMediaIndia,0,3,0.0,3.0
akhilcacharya,0,1,0.0,1.0
tmr5502,0,3,0.0,3.0
PeethambaranA,0,2,0.0,2.0
Nagapra56928244,0,3,0.0,3.0
rajmytech,0,1,0.0,1.0
ravinderburari,0,1,0.0,1.0
sammy2404,0,1,0.0,1.0
Red4293,0,2,0.0,2.0
ragub6,0,1,0.0,1.0
IamKiranJayanna,0,1,0.0,1.0
Shaktitweetsit,0,1,0.0,1.0
ALOKdelhi6,0,1,0.0,1.0
shubhamjain_ca,0,3,0.0,3.0
RATHODSHIVAJIN1,0,1,0.0,1.0
achandra16,0,1,0.0,2.0
AM14U,0,1,0.0,1.0
arunheritage,0,1,0.0,1.0
MUKESHG09330431,0,1,0.0,1.0
mishu5565,0,1,0.0,1.0
JithinDVarghese,0,2,0.0,2.0
Sajalaitc,0,7,0.0,12.0
suhasgujarathi,1,1,2.0,1.0
AkritityagiP,0,1,0.0,1.0
Ch1969Chandra,0,1,0.0,1.0
BrotherBrot14,0,2,0.0,2.0
VikramAapKa,1,0,1.0,0.0
krishanuadak4,0,1,0.0,1.0
DaSwagato,0,1,0.0,1.0
RadicalRohan,0,1,0.0,1.0
Bharatiya_4,1,0,1.0,0.0
Siddprag,0,1,0.0,1.0
TaiyangPK,1,1,1.0,1.0
imravi_b,0,1,0.0,1.0
parthajit0101,0,1,0.0,1.0
NembuKol,0,1,0.0,1.0
Satishp03,0,2,0.0,2.0
tathagata2,17,0,17.0,0.0
rakrashtanekola,0,1,0.0,1.0
intoler47515463,0,2,0.0,2.0
ManojratnakarG,0,2,0.0,3.0
LionelM93624563,1,2,1.0,2.0
goddess_tweets_,0,1,0.0,1.0
adarshmishra127,0,1,0.0,1.0
eureka0002,0,2,0.0,2.0
AjmalKhanINC,0,1,0.0,1.0
iamatifhussainn,0,2,0.0,2.0
vedansh_anand,0,2,0.0,2.0
AvinashDilliwar,0,1,0.0,1.0
bagriculture75,0,2,0.0,2.0
loyolaganesh,0,1,0.0,1.0
Rohitbhange1,0,1,0.0,1.0
GorwayGlobal,5,1,5.0,2.0
kapilshekhawat2,0,1,0.0,1.0
ssrajguru,0,4,0.0,5.0
SukumarSharma50,0,1,0.0,1.0
learnedmanish,0,1,0.0,1.0
MaulanaLoduddin,0,1,0.0,1.0
thumma_sree,1,4,1.0,4.0
vivekjain76,0,1,0.0,1.0
rajesh_2810,0,2,0.0,2.0
ShiwangNagar,0,1,0.0,1.0
sangaicitizen03,0,2,0.0,2.0
prateektanmay,0,1,0.0,1.0
amit_chuchu,0,1,0.0,1.0
binaykumar48,0,1,0.0,1.0
surgicalstrike3,0,3,0.0,5.0
jiddu_follows,0,1,0.0,1.0
guptamm1976,0,2,0.0,2.0
damayanteedhar,0,1,0.0,2.0
LearnShareSpeak,0,1,0.0,1.0
klnirav,0,1,0.0,1.0
srivastavanihit,0,1,0.0,1.0
sartoriusPlay,0,1,0.0,1.0
surender9,0,1,0.0,2.0
uniqsiddarth99,0,1,0.0,1.0
MoatasimSolkar,2,1,2.0,2.0
Mahesh10816,6,0,6.0,0.0
ShashankSingh82,0,1,0.0,1.0
iycglobalusa,0,1,0.0,1.0
kanukhi,0,1,0.0,1.0
MrIndian15,0,1,0.0,1.0
monish_shah1234,0,1,0.0,1.0
indian_surgen,0,1,0.0,1.0
somjannu,0,2,0.0,2.0
changenow111,0,1,0.0,1.0
civilian_abroad,0,1,0.0,1.0
Meet7_Club,0,1,0.0,1.0
rkaul79gmailco1,0,2,0.0,2.0
goa_politics,0,1,0.0,1.0
SinghSandhu_,1,1,1.0,1.0
Aakarsh_91,0,2,0.0,2.0
ramesh_maandi,0,2,0.0,2.0
AfmechInd,0,1,0.0,1.0
juchkuduk,1,6,1.0,6.0
mrhafees,2,2,3.0,2.0
nandakumarkesh,0,1,0.0,1.0
trivedi_monark,0,3,0.0,3.0
Winston235711,1,1,1.0,1.0
RAJESH_B_7,4,1,5.0,1.0
LavanyaBallal,28,11,30.0,11.0
somvanshi001,0,1,0.0,1.0
TariqElhaad,2,0,3.0,0.0
Pardeep80024127,0,1,0.0,1.0
Bayzid85635510,0,2,0.0,2.0
HaddiwaleDr,0,1,0.0,1.0
Ravichiruvolu1,3,6,5.0,6.0
WaqarHasan1231,0,4,0.0,4.0
AjitKuchu,0,2,0.0,2.0
majavani,0,1,0.0,1.0
TvvitterWala,0,1,0.0,1.0
ashim_goyal,0,2,0.0,2.0
sreenusanda,0,1,0.0,1.0
brij_singh1,0,1,0.0,1.0
CAAnubha,0,1,0.0,2.0
outsidermas7,1,0,1.0,0.0
shenoy_vishal,1,2,1.0,2.0
rashminevagi,0,1,0.0,1.0
maqsud_max,0,2,0.0,2.0
ThussuAbhishek,0,1,0.0,1.0
wasoninfo,0,2,0.0,2.0
rahullambardr,0,1,0.0,1.0
DharmicYoda,0,3,0.0,3.0
sarijul75,0,2,0.0,2.0
rkrishmen,0,1,0.0,1.0
nishash09995803,0,2,0.0,3.0
KameshKashyap,0,1,0.0,1.0
Indian2001Shibu,2,2,2.0,2.0
NavinS72694231,0,3,0.0,3.0
TalktoSB,0,6,0.0,6.0
Akash_Singh08,0,1,0.0,2.0
misbahhafeez,0,1,0.0,1.0
GSRBJP,0,1,0.0,1.0
Vivek82367798,0,2,0.0,2.0
ArunPadmonkar,3,6,3.0,10.0
IgnoredIndia,0,1,0.0,1.0
AvtarAnand2,0,1,0.0,1.0
anandonnet,0,1,0.0,1.0
RangerVERMA,0,1,0.0,1.0
Sunny_S_D,0,4,0.0,4.0
rachitattweet,0,1,0.0,1.0
RB_Roshani_in,0,1,0.0,1.0
TheBhairava,0,1,0.0,1.0
arjunjaidka,0,1,0.0,2.0
nitish_nky003,0,1,0.0,1.0
AsitKumarrModi,2,1,3.0,1.0
Ranjitsamantar2,0,5,0.0,5.0
siddharthrvyas,0,1,0.0,1.0
DrSalahuddincc,0,7,0.0,9.0
Centerist2,0,1,0.0,1.0
ShahidS10510648,0,1,0.0,1.0
_pratikdutta,0,2,0.0,2.0
prafulla_babul,0,2,0.0,2.0
vikaspell,0,1,0.0,2.0
ziro2hero,0,1,0.0,1.0
sudhanorange,0,1,0.0,1.0
jb_08nala,0,1,0.0,1.0
shivamisrocky,0,1,0.0,1.0
Awinashawii,0,2,0.0,2.0
firensour1011,0,13,0.0,28.0
TheRealVinoth,0,1,0.0,1.0
Srikantan1955,0,2,0.0,2.0
Bharat_aperture,0,4,0.0,4.0
P_I_N_T,0,2,0.0,2.0
susSaransh,0,1,0.0,1.0
rickyshirud1,0,1,0.0,1.0
shanjain11,0,3,0.0,4.0
VoiceForbidden,0,3,0.0,3.0
SRS91839430,0,1,0.0,1.0
ShivanshSthakur,0,1,0.0,1.0
pure_soul,0,1,0.0,1.0
anils2010,0,1,0.0,1.0
Tu_Chal_Me_Aya,0,1,0.0,1.0
Shobha_shetty,0,2,0.0,2.0
str_gzing,0,3,0.0,4.0
SirajPashabjp,0,1,0.0,1.0
trading_indian,1,1,1.0,1.0
Amberkischub,0,8,0.0,13.0
iamberagarwal,0,1,0.0,1.0
jiboyv,0,2,0.0,2.0
bali123,0,2,0.0,2.0
jai_menon,1,0,1.0,0.0
Anwar_is_here,0,2,0.0,2.0
anish_khosla,0,4,0.0,4.0
Kunal_6883,0,1,0.0,1.0
shreyas_shukla,0,3,0.0,4.0
myministers,1,3,1.0,3.0
btapankusubudhi,0,1,0.0,1.0
minicnair,30,1,33.0,1.0
I_Prvzzz,0,4,0.0,4.0
Rajini_rao63,0,1,0.0,1.0
SamadderSwapan,0,6,0.0,6.0
GAbabur,0,1,0.0,1.0
mukesh_halari,0,6,0.0,6.0
robertbrynin,0,1,0.0,1.0
djaghera,0,2,0.0,2.0
kambojOffice,0,2,0.0,2.0
sunmor2901,2,0,2.0,0.0
khwahishen_1,0,3,0.0,4.0
SukhaJatt1984,0,1,0.0,1.0
APUpadhyay8,0,2,0.0,2.0
carnivorous302,1,0,1.0,0.0
Rita_Banerji,1,0,1.0,0.0
MukeshAdvani,0,1,0.0,1.0
PraveenDutta,0,2,0.0,2.0
SHIVAM72720602,0,2,0.0,2.0
dnarjunkumar,0,1,0.0,1.0
Half_Fri,0,2,0.0,2.0
niprsaka,1,2,1.0,2.0
harishkumar_IND,0,6,0.0,8.0
Riazshiek1,0,5,0.0,7.0
amit_premji,0,3,0.0,3.0
ClydeFern22,0,1,0.0,1.0
keshriprashant,0,5,0.0,5.0
iWeltschmerz_,0,1,0.0,1.0
HAsItH38415338,0,3,0.0,3.0
som_articulate,0,1,0.0,1.0
maxwasmayur,0,1,0.0,1.0
rishishekhar,0,1,0.0,1.0
dasaaruhiaanand,0,4,0.0,4.0
indianrightwing,1,0,1.0,0.0
jaideepsk,2,3,2.0,3.0
HasinaBegum0,0,3,0.0,3.0
RumanSpeaks,0,4,0.0,7.0
springs_calm,0,1,0.0,1.0
onegbto,1,2,1.0,2.0
sakshikarakoti,0,1,0.0,1.0
laykhak,0,3,0.0,3.0
puneetqqq,0,2,0.0,2.0
ysathishreddy,77,2,79.0,2.0
jubbajai,1,1,1.0,1.0
Lopez_Sam87,0,1,0.0,1.0
SushilS21530930,0,2,0.0,3.0
PKrish2020,0,1,0.0,1.0
nowaydreams,0,1,0.0,1.0
TUSAR_RANJAN1,0,1,0.0,1.0
proud_mad_hindu,0,1,0.0,1.0
Whitney06119914,0,1,0.0,1.0
PradeepKaul12,0,1,0.0,1.0
Observer511,1,4,1.0,4.0
skzeacks,0,1,0.0,1.0
0din_______,0,1,0.0,1.0
emocean4u,0,1,0.0,1.0
YerraJenda,0,1,0.0,1.0
ballala_raya,1,2,3.0,2.0
lvngsoul,0,2,0.0,2.0
AntonioMailu,0,2,0.0,2.0
jvsk3,0,2,0.0,2.0
OccupyAntrix,0,1,0.0,1.0
shamshad_kne,1,0,1.0,0.0
navneetf,0,7,0.0,7.0
ayush_rwl,0,1,0.0,1.0
Joeltm3,0,2,0.0,3.0
PrabhatChoubey5,0,5,0.0,5.0
IxeRoshan,0,1,0.0,1.0
MukhtarSofi4,0,1,0.0,1.0
iamkaushikRohit,0,1,0.0,1.0
RealABBI,0,1,0.0,1.0
yaganaire,1,0,1.0,0.0
Bharath36768575,0,1,0.0,1.0
drutpalortho,0,1,0.0,1.0
GoharRasool7,0,1,0.0,1.0
trrajeshtvpm,0,2,0.0,2.0
AMangoGuy,1,0,1.0,0.0
aapkarajaram,0,1,0.0,1.0
arjunmohurle,0,2,0.0,2.0
narorajee,0,1,0.0,1.0
madhusudhanhara,0,3,0.0,3.0
BaruaNongkynrih,0,1,0.0,1.0
Diplomat_APAC,3,0,3.0,0.0
adhinayak_,0,1,0.0,1.0
VikrantGoyal4,0,1,0.0,1.0
SunilMi65154911,1,4,1.0,4.0
DrSalman_Arshad,0,1,0.0,2.0
NishchhalGaur,0,1,0.0,1.0
sajaljain906,0,2,0.0,2.0
TamilSpkIndian,1,1,1.0,1.0
RAJUTHO80903284,0,4,0.0,4.0
mediga_murthy,0,1,0.0,2.0
BhopaliPunjabi,0,1,0.0,1.0
TOIPlus,1,1,1.0,1.0
newsclickin,2,0,3.0,0.0
harani_vasudev,0,1,0.0,1.0
AdvMaheshGajen1,0,1,0.0,1.0
ranjanbiswa1945,0,1,0.0,1.0
jaimin_m,0,1,0.0,1.0
akaruiganga,0,1,0.0,1.0
CBGiLSssOrg,0,1,0.0,1.0
MohitCh76203174,0,1,0.0,1.0
chanchani_,0,1,0.0,1.0
SureshR05519839,0,2,0.0,2.0
gopalsrs0404,0,2,0.0,2.0
Yashu_ts,4,0,4.0,0.0
rahuldxb1,0,2,0.0,2.0
Dramit356,0,3,0.0,9.0
akshaj_sb,0,2,0.0,2.0
Sanjay97021139,0,5,0.0,6.0
kumardhanak,0,4,0.0,4.0
sit_situ,0,1,0.0,1.0
RavinderKapur2,8,0,8.0,0.0
pseudosocialist,1,1,1.0,1.0
Vibxena,0,1,0.0,1.0
Rajiv_Kota,0,1,0.0,1.0
SuryaCh76621674,0,4,0.0,4.0
Pakista95709109,1,1,1.0,1.0
sufivyas,0,6,0.0,10.0
Abzyk1,2,2,2.0,2.0
GoodSgks1234,1,1,1.0,1.0
somanknair,0,1,0.0,1.0
babuchandra01,0,3,0.0,3.0
akashnayak003,0,2,0.0,2.0
tweet_ashim,0,3,0.0,3.0
Dinesh_080165,0,2,0.0,2.0
s_karkala,2,1,2.0,1.0
bip_ra,0,2,0.0,2.0
avijitRavan,0,1,0.0,1.0
raikatyanee,0,1,0.0,1.0
ashokgehlot51,51,0,61.0,0.0
Proud_indian07,0,1,0.0,1.0
navinbadshaw,0,1,0.0,1.0
iamrohit1809,0,1,0.0,1.0
grassfedbeeef,0,1,0.0,1.0
scroll_in,19,1,20.0,14.0
chanda_sitara,0,2,0.0,2.0
Rahul4cat,0,1,0.0,1.0
Reddy_7304,0,4,0.0,4.0
ankitx,0,1,0.0,1.0
MaanikMOfficial,0,1,0.0,1.0
DhvaniKikani,0,2,0.0,2.0
kuldeepShuklaUk,0,2,0.0,2.0
escapetoneptune,0,1,0.0,1.0
KTokekar,0,5,0.0,6.0
JaiHind94242101,0,1,0.0,1.0
LoneWolf6167,0,1,0.0,1.0
nancy0913dc,0,4,0.0,5.0
LokenathChakr15,0,1,0.0,1.0
ydv1952,0,1,0.0,1.0
MonicaDevireddy,0,6,0.0,6.0
CA_RCShetty,0,3,0.0,3.0
srkfan_sai,0,1,0.0,1.0
sk_mlnlikes,0,3,0.0,4.0
nkv_karma,0,2,0.0,3.0
amithkrp07,0,1,0.0,1.0
AnitaMa58244624,0,2,0.0,3.0
VulcanJoker,1,1,1.0,1.0
NiSGill,0,1,0.0,1.0
Rahul_p12345,0,3,0.0,3.0
innews16,0,2,0.0,2.0
chitla19,0,2,0.0,2.0
s__k181,0,1,0.0,1.0
avgoud,0,2,0.0,2.0
ripunbora,1,0,1.0,0.0
Abhisek17191664,1,1,1.0,1.0
Kritart45625128,0,2,0.0,2.0
Realized_Indian,0,1,0.0,1.0
goyalsanjeev,3,0,3.0,0.0
imgolok,0,3,0.0,3.0
rocksonyk,0,1,0.0,1.0
RakeshJ81131545,0,2,0.0,2.0
AnjayBose,1,1,1.0,1.0
misra_devi,0,3,0.0,3.0
Krishna_Mur1965,0,1,0.0,1.0
nishantspine,0,1,0.0,1.0
vyasa1968,4,15,4.0,17.0
Divya_1367,0,1,0.0,1.0
VishalY44691113,1,0,1.0,0.0
iamshiv144,0,1,0.0,1.0
maraimani24,0,2,0.0,2.0
dhavalmodi007,0,4,0.0,4.0
bhaskareco67,0,1,0.0,1.0
XpressBengaluru,1,1,1.0,1.0
India_Policy,4,0,6.0,0.0
TheAnilArya,0,1,0.0,1.0
indersinghp,0,1,0.0,1.0
abbaszs_,0,2,0.0,2.0
_Sickularslayer,0,2,0.0,2.0
Aman__905799__,1,0,1.0,0.0
MDProgrammer,0,1,0.0,1.0
krameet,0,1,0.0,1.0
Dipesh_Rafa,0,1,0.0,1.0
ElijahPearloffc,0,1,0.0,1.0
Prasad_C_,0,1,0.0,1.0
bsnmum,1,0,1.0,0.0
inderjeeth,0,1,0.0,1.0
a_man_T,0,1,0.0,1.0
HirakjyotiSah14,0,1,0.0,1.0
BhadingjiN,0,3,0.0,3.0
samyak128,2,2,2.0,2.0
nAZbSXveVUbOGjB,0,3,0.0,3.0
ChanKobrick,0,1,0.0,1.0
rabimikuna,0,1,0.0,1.0
JitendraSAlwar,1,1,1.0,1.0
AMBERNAYAK,0,3,0.0,3.0
anas7acia,0,1,0.0,1.0
Mr_Popeyee,0,1,0.0,1.0
ballakrishna85,0,2,0.0,2.0
rajasekaranTOI,0,1,0.0,2.0
KhanAmanatullah,2,0,2.0,0.0
WatashiwaAbhi,0,1,0.0,1.0
hrishi0903,0,1,0.0,1.0
lmachile,0,1,0.0,1.0
kkhemkaa,0,1,0.0,1.0
RamaramanSinha1,0,1,0.0,1.0
raghupathisp,0,2,0.0,2.0
baputee,0,1,0.0,1.0
Openthemag,2,1,2.0,1.0
SandeepDass10,0,1,0.0,1.0
atulSin71109502,0,1,0.0,1.0
chutzpaaaah,0,1,0.0,1.0
Vijay22704146,0,3,0.0,3.0
Karanpartap01,8,0,8.0,0.0
iamnrgy,1,4,1.0,4.0
khaasaamadmi,0,2,0.0,2.0
gauravmunger,0,1,0.0,1.0
readobit,0,3,0.0,3.0
thetolleranthi1,0,1,0.0,1.0
WIONews,18,1,18.0,1.0
pallasite99,0,1,0.0,1.0
sonicbo15028738,0,1,0.0,1.0
NoLeft_NoRight,0,2,0.0,2.0
AbhishekMadank3,0,1,0.0,1.0
TRBoopalakrish1,0,1,0.0,1.0
VishalSri1978,2,1,2.0,1.0
PratimTripathi,1,1,1.0,1.0
alibil,0,1,0.0,1.0
pannasaidur,0,1,0.0,1.0
REDDRAG1290,0,1,0.0,1.0
Introvertguy111,0,1,0.0,1.0
scsharma25,0,1,0.0,1.0
major_madhan,2,1,2.0,1.0
sachinpattan,0,2,0.0,3.0
Naive_in,0,1,0.0,1.0
ijamal80,0,4,0.0,4.0
ManishJ46300681,0,2,0.0,2.0
vickyanand25005,0,2,0.0,2.0
Ashish__Chandel,0,1,0.0,1.0
patrat1987,0,1,0.0,1.0
iamminnat786,0,1,0.0,1.0
stockfuture1,0,5,0.0,11.0
HukamSi69123262,0,1,0.0,1.0
pratz_seth,0,2,0.0,2.0
MUSTAFA_LUSTRE,0,1,0.0,1.0
SatishSZope,0,6,0.0,7.0
Ishpreet_s_m,0,1,0.0,1.0
faizfarooq,0,1,0.0,1.0
dornalu,0,3,0.0,8.0
devanganadevi,0,1,0.0,1.0
MilanV,9,4,10.0,4.0
amartaash,0,1,0.0,1.0
RaviKrish87,0,5,0.0,5.0
prakashctaparia,0,2,0.0,2.0
Rakshaka007,0,2,0.0,2.0
gagansaxena_030,0,1,0.0,1.0
subbujois,0,1,0.0,1.0
Virvij,1,3,1.0,3.0
SevadalGGM,0,1,0.0,1.0
S_Tripathi07,0,1,0.0,1.0
ColSanjayPande,0,1,0.0,1.0
ayushmishra224,0,5,0.0,5.0
powerfultakes,0,1,0.0,1.0
catchmitesh,0,1,0.0,1.0
anjuchopra73,2,7,2.0,11.0
saini_nirmal,0,1,0.0,1.0
Pu_Nishant,2,3,2.0,3.0
gmorarka,0,5,0.0,5.0
ZimbuXPeeswan,0,2,0.0,2.0
03_nandhu,0,4,0.0,4.0
nongratadesi,1,0,1.0,0.0
Leog5572165,1,1,1.0,1.0
SinghPramod2784,2,0,2.0,0.0
bobbylsinha,0,1,0.0,1.0
balramshrinet,0,2,0.0,2.0
samyoga_20,0,4,0.0,8.0
dilliwaalaa,0,2,0.0,2.0
Deepaklahe25,0,1,0.0,1.0
iamshahss,0,1,0.0,1.0
KrishJa25648569,0,1,0.0,1.0
Yashi65882617,0,4,0.0,4.0
jainsirr,0,1,0.0,1.0
avadhootashok,16,6,20.0,8.0
Hamadzaffar1,0,1,0.0,1.0
KaustubhMehta97,1,7,1.0,8.0
bobb_23,0,1,0.0,1.0
bobkhanna,0,2,0.0,2.0
anutoshjain,0,2,0.0,2.0
ShyamPrasadRao1,0,2,0.0,2.0
robinrajan2011,0,1,0.0,1.0
Vidhya_mpys,0,3,0.0,4.0
Raveen32899452,0,8,0.0,8.0
raghu21886,0,1,0.0,1.0
prakashkumarchh,0,1,0.0,1.0
aravindaupadhy1,0,1,0.0,2.0
siddbajpai,0,1,0.0,1.0
FullyvaxxedEsq,0,1,0.0,1.0
AmolAShinde,0,3,0.0,3.0
ashwinarora08,0,1,0.0,1.0
Deshmukh7akshay,0,1,0.0,1.0
BakarKhod,0,1,0.0,1.0
UptownPandit,0,3,0.0,3.0
AgeOfIndia,0,1,0.0,1.0
LevinaNeythiri,5,0,5.0,0.0
misskhyats,0,1,0.0,1.0
SecularismMyth,0,1,0.0,1.0
Manankmr,0,1,0.0,1.0
jgopikrishnan70,8,1,8.0,1.0
rajneesh_tinku,0,1,0.0,1.0
Ramnkrishna_ind,0,1,0.0,1.0
amishvshah,0,2,0.0,2.0
ManasJo55222688,0,1,0.0,1.0
gaprithvi,2,2,5.0,2.0
GilgameshIndo,1,0,1.0,0.0
nmleo_a1,0,5,0.0,6.0
BhumidolVijay,0,1,0.0,1.0
AswaniTheACTOR,0,1,0.0,1.0
inquisitiver7,1,1,1.0,1.0
yourbournvita,0,1,0.0,1.0
IbharimMirza,0,1,0.0,1.0
VIKRAMPRATAPSIN,1,0,1.0,0.0
Kashish76133188,0,1,0.0,1.0
jankibaat1,3,1,3.0,1.0
Ashishpatelbjym,0,1,0.0,1.0
AmarCapt,2,2,3.0,2.0
AnilKum79243965,0,2,0.0,2.0
SanjeeBabu,0,2,0.0,2.0
faiz_says,0,1,0.0,1.0
rameshpils,0,1,0.0,1.0
nationalstgirl_,0,1,0.0,1.0
oldmonk3752,0,1,0.0,1.0
arvind029,0,2,0.0,3.0
dwiosfc,0,1,0.0,1.0
mshahaccusol,0,1,0.0,1.0
GangalMukul,0,1,0.0,1.0
meeMarathee,0,1,0.0,1.0
anandsukla58,0,1,0.0,1.0
awadhesha,0,1,0.0,1.0
soultalkzzzz,0,4,0.0,4.0
SachinSaurav_10,0,5,0.0,5.0
Groot_82_IN,0,2,0.0,2.0
Raushan_cortex,0,1,0.0,1.0
drrinadas,0,4,0.0,5.0
UnboundIndian,0,1,0.0,1.0
PTalk112,0,1,0.0,1.0
Janpratinidhi_,1,0,1.0,0.0
samson9491,0,1,0.0,1.0
KingNrupatunga,0,1,0.0,1.0
CoutinhoMaclean,0,1,0.0,1.0
Yasir_bangalore,0,7,0.0,22.0
sunil2819,1,8,1.0,11.0
wtfshubhh,0,1,0.0,1.0
DPriyankaRao,0,1,0.0,1.0
syedTajuddeen6,0,1,0.0,1.0
murali_Bombay,0,3,0.0,4.0
kannan32,0,1,0.0,1.0
iambk925,0,2,0.0,2.0
apCanFly,0,1,0.0,1.0
Narayanankann17,0,1,0.0,1.0
MustafaNewaz,0,3,0.0,4.0
SpeakingHemant,0,4,0.0,4.0
Tarun_Dutt16,0,4,0.0,4.0
abulk2428,0,1,0.0,1.0
munnamanoj87,0,1,0.0,1.0
I_R_TARAR,0,3,0.0,3.0
Aagan86,3,3,3.0,3.0
SaidevanandG,0,1,0.0,1.0
YGMadhuvanthi,2,1,2.0,1.0
Rodriguesuzoo,0,1,0.0,1.0
Krishna00056388,1,2,1.0,2.0
taha_haidery,0,2,0.0,2.0
Khan_1022,1,1,1.0,1.0
m_shutterbug,0,2,0.0,2.0
rcraina9,0,2,0.0,2.0
mamtora,0,4,0.0,4.0
amit_iitp,0,2,0.0,2.0
Sanginamby,19,0,19.0,0.0
5Forty3,4,0,4.0,0.0
Aasif_panacea,0,2,0.0,3.0
chaitra87541496,0,1,0.0,1.0
albert_colaco,1,1,1.0,1.0
VaratharajanK8,0,5,0.0,5.0
skkhemkaji,0,4,0.0,5.0
Kamlesh37437029,0,1,0.0,1.0
DukeMahanta,1,3,1.0,3.0
gsv_ramu,2,3,2.0,3.0
drxrdxrf,0,1,0.0,1.0
tauqeer03361770,0,1,0.0,1.0
ravindrank,0,5,0.0,5.0
Amlanray,0,3,0.0,3.0
Saliltoday,12,5,16.0,5.0
AbrahamToji,0,2,0.0,2.0
IndianAmericanH,0,2,0.0,2.0
Not_AHypocrite,0,3,0.0,3.0
RajNarayan2784,0,2,0.0,2.0
BSathis30408660,0,3,0.0,3.0
aliveRakesh,0,1,0.0,1.0
MehrauliaKavi,0,1,0.0,1.0
DebantaGupta,0,1,0.0,1.0
diganta_kumar,0,1,0.0,1.0
saurabh_deb,0,2,0.0,2.0
KahnuMohanty,0,1,0.0,2.0
khaan556,0,2,0.0,2.0
nilay_modak,0,3,0.0,3.0
sachinnate,0,2,0.0,2.0
RajeshBisht18,0,1,0.0,1.0
Pamphlet_in,2,0,2.0,0.0
DhartiBojh,1,3,1.0,3.0
CaptAKJ,1,8,1.0,11.0
Openatic,0,2,0.0,2.0
dream4everrrr,0,1,0.0,1.0
cherryforbidden,0,3,0.0,3.0
shakilsh58,1,1,1.0,1.0
Mdr_b,0,1,0.0,1.0
PoMoGandhi,7,0,7.0,0.0
AshishT09232849,0,1,0.0,1.0
ChoraHaiDesi,1,1,1.0,1.0
beeraji,0,1,0.0,1.0
Debasis1807,0,1,0.0,1.0
the_rahulaj,0,1,0.0,1.0
vikas_satsangi,0,1,0.0,1.0
im_Alokk,0,2,0.0,3.0
vikyjoshi3,0,2,0.0,2.0
RRK_fire,0,1,0.0,1.0
jeeteshkumar919,0,2,0.0,2.0
Budding_Banker,0,1,0.0,1.0
omkars_handle,0,2,0.0,2.0
Inspector_raj,1,2,1.0,2.0
AbieeAz,0,3,0.0,3.0
cvgopal,1,1,1.0,1.0
cbrsrk,0,2,0.0,2.0
anti_conversion,0,1,0.0,1.0
isd2047,3,2,4.0,3.0
AJEnglish,25,0,27.0,0.0
Randeep_Sisodia,5,2,5.0,2.0
ShivaaBJYM,4,1,4.0,1.0
rajatsanyal2009,0,1,0.0,1.0
ycsriv09,0,1,0.0,1.0
namgyal_stenzin,0,1,0.0,1.0
ghoshc,0,1,0.0,1.0
pratikgunnhal,0,1,0.0,1.0
_depoki,0,1,0.0,1.0
skay15,0,2,0.0,3.0
IndianDiplomacy,8,0,8.0,0.0
RJ18Krishan,0,1,0.0,1.0
ShivamT16505875,0,2,0.0,2.0
ArunAggarwl,0,2,0.0,2.0
BalajiGanesh85,0,1,0.0,1.0
aby_swa,0,6,0.0,6.0
ItsMSKtweets,0,2,0.0,2.0
Josh99992,1,3,1.0,3.0
jcsjtj,0,1,0.0,1.0
imjedeja,0,1,0.0,1.0
lakv,0,1,0.0,1.0
nishaDev1,0,4,0.0,4.0
dwabhay,0,1,0.0,1.0
kisuro,0,3,0.0,3.0
UKChoudhary25,0,6,0.0,6.0
priceseries,0,1,0.0,1.0
dwimidhaM,1,0,1.0,0.0
Rationalone01,0,1,0.0,1.0
Mitra_010,1,2,1.0,2.0
Ninja58438604,0,1,0.0,1.0
rameshjha,0,1,0.0,1.0
pmkv27,0,5,0.0,8.0
deepak_64,0,1,0.0,1.0
IamSaroj_,0,1,0.0,1.0
boii61364022,0,2,0.0,2.0
BharatDharma7,0,1,0.0,1.0
sreerangp,0,2,0.0,2.0
paper_planes_02,0,1,0.0,1.0
pulkit2491001,0,2,0.0,2.0
HarisharanWalia,0,1,0.0,1.0
alok_tak,0,1,0.0,1.0
dr_rikin,0,1,0.0,1.0
ManjeetTweets,0,1,0.0,1.0
bip_bd,1,0,1.0,0.0
abhayBoroBsty,0,2,0.0,2.0
Jagajjivan,0,1,0.0,1.0
djirnol1,0,1,0.0,1.0
RakeshKumarAhu3,0,1,0.0,1.0
souravsingh769,0,1,0.0,1.0
Minni2r,0,1,0.0,1.0
iamazharq,0,1,0.0,1.0
ishkkk24,1,1,1.0,1.0
FullTosss,0,1,0.0,1.0
ArbeenaArshid,0,1,0.0,1.0
OzVish1,0,1,0.0,1.0
rajasekaranmam,0,1,0.0,1.0
Pottersclay08,0,3,0.0,3.0
UnweavedO,0,1,0.0,1.0
balajidtweets,5,0,5.0,0.0
MakwanaVasudev,0,1,0.0,1.0
KirtiYPanchal,0,1,0.0,1.0
daraj78322615,0,2,0.0,2.0
mtaibbi,14,0,15.0,0.0
mshahi0024,2,2,2.0,2.0
shyamsunderv,0,1,0.0,1.0
MRH_BGM,0,1,0.0,1.0
Indian_101,1,0,1.0,0.0
Krsna66yodha,0,4,0.0,4.0
hmszone,0,1,0.0,3.0
KishorPolya,2,0,2.0,0.0
ManishS39533396,0,3,0.0,3.0
JodoIndian,0,4,0.0,4.0
davidkeithlaw,0,1,0.0,1.0
TDPTS4U,0,2,0.0,2.0
naman_pandey01,0,2,0.0,2.0
IndianJahil,0,1,0.0,1.0
ArtByVinayak,0,1,0.0,1.0
NagarajaReddyS,0,1,0.0,1.0
TruthStays,1,1,1.0,3.0
SudhirSrinath,1,0,1.0,0.0
arjun_achilles5,0,2,0.0,2.0
RahulKu79793091,0,1,0.0,4.0
SonikPR,0,1,0.0,2.0
h_a_ri_s_h,0,1,0.0,1.0
dhanashree0110,0,7,0.0,7.0
SatpathyOnTruth,0,3,0.0,3.0
KiruRangaiah,0,1,0.0,1.0
thilipan071168,0,1,0.0,1.0
AdnanSh_1,3,2,3.0,2.0
killwick299,0,2,0.0,2.0
Abhi4Brs,0,3,0.0,3.0
Drshivvishnoi29,0,1,0.0,1.0
SaidiBRS,0,2,0.0,2.0
KSridhar1954,0,2,0.0,2.0
azad007khalid,0,2,0.0,2.0
UsmannShujaa,0,1,0.0,1.0
Haikal_MN,0,1,0.0,1.0
ShujaGandhi,0,1,0.0,1.0
senthil45372987,0,2,0.0,2.0
satenderiiit,0,5,0.0,6.0
Adil23561896,0,1,0.0,1.0
irahul_sr,0,1,0.0,1.0
Kautilyaneeti,0,2,0.0,2.0
Blackco20515958,0,1,0.0,1.0
shinustalin,0,3,0.0,3.0
charanjit_in,0,1,0.0,1.0
iakhileshrajput,0,1,0.0,1.0
0xGoutham,0,1,0.0,1.0
dev2080,0,1,0.0,1.0
PoonamJoshi_,10,1,10.0,1.0
bailedcookie,0,1,0.0,1.0
vijaykhatri96,0,2,0.0,2.0
BOWorldwide,0,1,0.0,1.0
Hemantsantoshi,0,1,0.0,1.0
yogi289714,0,2,0.0,2.0
shikhar_bjp,0,3,0.0,3.0
Ranjan_K_74,0,1,0.0,1.0
shastri_prasad,0,3,0.0,3.0
BandraTalkies,0,1,0.0,1.0
imSivasankaranP,0,1,0.0,1.0
716Shaktipal,0,1,0.0,1.0
BYRBJP,4,0,5.0,0.0
iElaSelvan,1,1,1.0,1.0
isheetab,0,1,0.0,1.0
vishukhetle,0,2,0.0,2.0
livnletliv27,0,1,0.0,1.0
vksunil,0,5,0.0,8.0
Indian00416333,0,2,0.0,2.0
funkyaquarian,0,1,0.0,1.0
tkparida,0,2,0.0,2.0
MumukshuSavitri,11,0,11.0,0.0
deshitmjari,0,1,0.0,1.0
sunilddesai,6,0,9.0,0.0
garryk_,0,2,0.0,2.0
arunjeba,0,1,0.0,4.0
pvrao301,0,1,0.0,1.0
Sup_ER_Doc,0,1,0.0,1.0
vasuraghavan,0,2,0.0,3.0
MHBIndia313,0,4,0.0,7.0
arunpudur,12,1,12.0,1.0
pklections,0,2,0.0,2.0
anni_sonia,0,4,0.0,4.0
muhammadirshad6,0,2,0.0,2.0
nietherNORXOR,0,1,0.0,1.0
knikesonmyfeet,0,2,0.0,2.0
Radha28874,1,1,1.0,1.0
srikanth23_k,0,1,0.0,1.0
MAGESHW57341284,0,14,0.0,36.0
amitkarn99,1,0,1.0,0.0
ravi_sec,2,2,3.0,2.0
bhrathari23,0,2,0.0,2.0
BJP4BUDAUN,0,1,0.0,1.0
skhatsxk8,0,1,0.0,1.0
prashantaphuka2,0,2,0.0,2.0
Captsandeep2,0,1,0.0,1.0
abidabegumqmc,1,1,1.0,1.0
VRKRKKS,0,1,0.0,1.0
joshkum18719270,0,1,0.0,1.0
mehtas12345,0,1,0.0,2.0
VidiyalEngaDa,1,1,1.0,1.0
Saurabh_Raj19,0,1,0.0,1.0
AakashP71772724,0,1,0.0,1.0
Chopsyturvey,2,0,2.0,0.0
LP85051804,0,1,0.0,1.0
gahmar3,0,1,0.0,1.0
gsec_hbti,0,2,0.0,2.0
MAUj0708,0,1,0.0,1.0
DaaruBaazMehta,9,0,11.0,0.0
VenuSpeak,0,1,0.0,1.0
SoThinker,0,1,0.0,1.0
LSElections2024,0,3,0.0,3.0
gagkumar,0,2,0.0,2.0
SubhashG5156,0,3,0.0,3.0
FinestYew,7,2,7.0,3.0
rimreaper0,1,1,1.0,1.0
Ashutos17550833,0,1,0.0,1.0
aggarwal_kunal7,0,8,0.0,9.0
mkinthuk,0,3,0.0,4.0
Sivashanker_26,0,5,0.0,6.0
Dhriyamana,0,1,0.0,1.0
SunnyMa94813539,0,1,0.0,1.0
Thanos6728,0,1,0.0,1.0
trabaajo,1,4,2.0,8.0
jyotsna_thagela,0,1,0.0,1.0
GKab35,0,1,0.0,1.0
zkrnj64,0,3,0.0,3.0
Shweta2482,0,2,0.0,2.0
abhishekdeoraj,0,3,0.0,3.0
vaibhavg10,0,1,0.0,1.0
beingindmuslim,0,1,0.0,1.0
Rajesh49039007,0,1,0.0,1.0
Pickle_chutney,0,1,0.0,1.0
ShSantoshTiwari,0,3,0.0,3.0
col_malhan,4,0,5.0,0.0
gtyagig,0,1,0.0,1.0
MohanOfficial_,0,2,0.0,3.0
sunitchatz,0,1,0.0,1.0
vickz74,0,1,0.0,1.0
Vishraghu51,0,4,0.0,4.0
ahsanbashir2015,0,1,0.0,1.0
4lokissake,0,3,0.0,3.0
dhruvil_bhatt24,0,1,0.0,1.0
rahulrajnews,1,1,1.0,1.0
charanpahadi_,0,1,0.0,1.0
pvnr1977,0,2,0.0,2.0
ag25121993,0,1,0.0,1.0
BASANTLALSHARM2,0,2,0.0,2.0
Manish011984,0,2,0.0,2.0
AneeshaMathur,0,1,0.0,1.0
DrRPNishank,3,0,3.0,0.0
imanishag,0,3,0.0,4.0
S386ER1,0,11,0.0,31.0
INCKarnataka,68,1,89.0,1.0
nkabrol1,0,1,0.0,1.0
meee_mumbaikar,0,3,0.0,3.0
pujanmajumdar,0,1,0.0,1.0
eclecticinvestr,0,1,0.0,1.0
hoods_ankit,0,4,0.0,4.0
kamesh_gadia,0,1,0.0,1.0
Rahulpathak_31,0,2,0.0,2.0
MuthurajJoseph,1,1,1.0,1.0
priyankagandhi,447,1,512.0,1.0
GargAnkit4190,0,2,0.0,2.0
LaxmikantKabra,1,0,1.0,0.0
sagar473,0,1,0.0,1.0
HarveyS95682467,1,0,1.0,0.0
mssirsa,26,1,26.0,1.0
Anilcherukara,1,4,1.0,4.0
4Chandan_,0,2,0.0,2.0
daboss2022,0,3,0.0,5.0
bum_bum_bole,0,2,0.0,2.0
aksdotnet,0,1,0.0,1.0
webjournalismcg,0,4,0.0,4.0
Harshjais99,0,1,0.0,1.0
rsdaroga,2,0,2.0,0.0
raghavonelife,0,1,0.0,1.0
kuldeepSCS,0,1,0.0,1.0
Raze08153995,0,1,0.0,1.0
Drunkenmystic,0,1,0.0,1.0
RawatDenny,0,1,0.0,1.0
aikMishr,0,1,0.0,1.0
vaid_abhay,0,2,0.0,2.0
Zahid_HAnsari,0,1,0.0,1.0
dilipthakor0221,0,1,0.0,1.0
AjitLad90,0,1,0.0,1.0
cpomanish,0,1,0.0,1.0
varungandhi80,32,0,38.0,0.0
SreeHari_03,0,1,0.0,1.0
NakliGandhi4,0,1,0.0,1.0
noel__r,0,3,0.0,5.0
manojsaiindia,0,1,0.0,1.0
Sunny18185333,1,2,1.0,2.0
anilro,0,1,0.0,1.0
vikram_kath,0,1,0.0,1.0
rajeshgupta_51,0,2,0.0,2.0
sanathanyodhaa,0,10,0.0,10.0
ParikshitKekade,0,1,0.0,1.0
ARIFAMEENUDDIN,0,1,0.0,1.0
ShoonyaU,0,1,0.0,1.0
politics_socio,0,1,0.0,1.0
KeshavKantShrma,0,2,0.0,4.0
potterhead0531,1,2,1.0,2.0
sudhirsinha60,0,3,0.0,3.0
hoomanofculture,1,0,2.0,0.0
skpandey71,0,1,0.0,1.0
irishirvin,0,1,0.0,1.0
Kachha_Pakka,0,3,0.0,3.0
suvendu143,0,2,0.0,2.0
SoorajHill,0,3,0.0,3.0
Passang1979,0,2,0.0,2.0
RiaRevealed,18,0,21.0,0.0
Vittal24911706,1,1,1.0,1.0
livelyankit,0,1,0.0,1.0
ZarthostiKomDin,0,4,0.0,4.0
Vaibhav92109370,0,1,0.0,1.0
PahadiBulli,0,2,0.0,2.0
bornare_nitin,0,1,0.0,1.0
maaynaque,2,0,2.0,0.0
BHAGIRATHJATBKN,0,1,0.0,1.0
Buyzer4,0,1,0.0,1.0
saheb010,0,1,0.0,1.0
R_Gopi121,0,1,0.0,1.0
aditya11085,0,2,0.0,2.0
dlkhanna,0,1,0.0,1.0
rohitkumar_cong,0,1,0.0,1.0
DhanajiSpeaks,0,2,0.0,2.0
swarup42,0,1,0.0,1.0
RajTMulchandani,0,2,0.0,2.0
riz1ahamed,0,1,0.0,1.0
dhirens6,0,1,0.0,1.0
IshaqShaikh777,0,1,0.0,1.0
Preeti_S_24,0,2,0.0,3.0
Marx_Mach1819,0,1,0.0,1.0
DinkarSahu2,0,1,0.0,1.0
V0802MISHRAA,0,1,0.0,1.0
RuperaVedant,0,1,0.0,1.0
yournagaraj,0,1,0.0,2.0
Simashah26,0,6,0.0,6.0
Mohit01531729,0,1,0.0,1.0
Robins_shah90,0,2,0.0,2.0
milindshah2006,0,1,0.0,1.0
chal_futle,0,1,0.0,1.0
esskulkarni,1,2,1.0,2.0
gain_ripan,0,6,0.0,6.0
Bhokal_,0,1,0.0,1.0
beachshack001,0,2,0.0,2.0
Shantz66,0,3,0.0,3.0
Krishan06681745,0,1,0.0,1.0
aazad007,0,1,0.0,1.0
abhi_1082,0,1,0.0,1.0
KothadiyaSpeaks,0,1,0.0,1.0
UdhamSing7,0,7,0.0,7.0
rajumattathil1,2,2,2.0,2.0
Mafiakadushman,0,1,0.0,1.0
leo_patel_,0,1,0.0,1.0
PETER24655340,0,1,0.0,1.0
abd8905466567,0,1,0.0,1.0
NuclearNataraja,0,1,0.0,1.0
nikhilkarkare8,0,2,0.0,2.0
Singhmritunjayk,0,1,0.0,2.0
TweetingBhaiya,0,1,0.0,1.0
AkcPranam,0,2,0.0,2.0
tiredtankie,0,1,0.0,1.0
nirmalyam2k4,0,1,0.0,1.0
idharmeshsingh,0,3,0.0,3.0
churn_ever,0,3,0.0,3.0
IndianExpress,132,0,151.0,0.0
ojhaanjali,0,1,0.0,1.0
PremIndian5,0,1,0.0,1.0
fahad_quadri_18,0,1,0.0,1.0
spreddy6999,0,1,0.0,1.0
Tara11120,0,1,0.0,1.0
PrafulVekaria,1,7,4.0,12.0
myur21,0,1,0.0,1.0
RaWhoolVijay,0,2,0.0,2.0
THHyderabad,0,1,0.0,1.0
Clyde_Crasto,0,4,0.0,4.0
LambodarPrDash,0,4,0.0,4.0
vinodkatiriya,0,1,0.0,1.0
lalitp_3,0,1,0.0,1.0
t_simplified,0,1,0.0,1.0
Shashik53357588,0,2,0.0,2.0
PanghalAniruddh,0,1,0.0,1.0
_ashishrai,0,1,0.0,1.0
mahajansid,0,1,0.0,1.0
T800skyn8,0,1,0.0,1.0
vrishahi,0,1,0.0,1.0
itz_urz_Dhruv,0,1,0.0,1.0
Deepakv411,0,1,0.0,1.0
raghbirdhindsa1,0,1,0.0,1.0
Chet14994482,0,2,0.0,2.0
BhusanBirendra,0,1,0.0,1.0
luckyv840,0,2,0.0,2.0
NJJtWlh2ZWUixwq,0,1,0.0,1.0
_pranav_05,0,1,0.0,1.0
SwatiMathurTOI,0,1,0.0,1.0
Pannkajj,0,1,0.0,1.0
viswanathauthor,0,2,0.0,2.0
JayantaOfficial,0,1,0.0,1.0
asimtwitt,0,12,0.0,12.0
TheEmissaryCo,10,3,10.0,3.0
SwachhRavi,0,4,0.0,5.0
kruthikaarun,0,4,0.0,7.0
PrasannaMallar,0,1,0.0,1.0
Baisalasandeep,0,1,0.0,1.0
shettykiran1985,0,1,0.0,1.0
prkmodi,0,1,0.0,1.0
gopesha,0,1,0.0,1.0
haristweet,0,2,0.0,2.0
salmanbelieve,0,1,0.0,1.0
bkjaggi,0,4,0.0,4.0
narendramodi_in,140,0,169.0,0.0
t__k__h24,1,0,2.0,0.0
BasweshwarSH,0,1,0.0,1.0
SansPareilll,1,2,1.0,2.0
voice_of_fire,0,3,0.0,3.0
srspdkt,0,2,0.0,2.0
usmanikh,0,1,0.0,1.0
SRoyChowdhury01,0,1,0.0,1.0
shashidigital,2,0,2.0,0.0
sln10000,0,2,0.0,2.0
danishjmk,1,1,1.0,1.0
raghav_dvg,0,5,0.0,5.0
QuraishiUmair,0,1,0.0,1.0
MSATamil21,0,1,0.0,1.0
koshurladkeh,0,1,0.0,1.0
Khaled86016479,0,3,0.0,3.0
1NEUTRALINDIAN,0,1,0.0,1.0
HumblyGracious,0,1,0.0,1.0
Amit88720259,0,2,0.0,3.0
paoogawas,0,1,0.0,1.0
SamuelSequeira1,0,1,0.0,1.0
raiparas,0,2,0.0,2.0
itss_sengupta,0,1,0.0,1.0
HonestInjun99,0,1,0.0,1.0
svsathya,0,1,0.0,1.0
skpoliticalview,0,1,0.0,1.0
besura_gana,0,3,0.0,3.0
entropied2223,6,0,9.0,0.0
CitizenDrSuresh,0,1,0.0,1.0
curious_amigos,0,2,0.0,2.0
jaihind_nn,0,1,0.0,1.0
Bharat_ReddyK,0,1,0.0,1.0
sanjayku_mar,0,2,0.0,2.0
yash_sa,0,1,0.0,1.0
pranavsk27,0,1,0.0,1.0
sufi_shahab,0,1,0.0,1.0
GemsSecularism,0,1,0.0,1.0
Deepali_p,3,2,5.0,4.0
avinash90_dubey,0,1,0.0,1.0
d03083005,0,1,0.0,1.0
sanbhalko,0,1,0.0,1.0
jugalmehta75,0,1,0.0,1.0
ImchefAarti,0,1,0.0,1.0
KarimbilPavan,0,3,0.0,3.0
Mikey_D_Striker,0,1,0.0,1.0
MayankDas2687,0,3,0.0,3.0
insince7001,0,1,0.0,1.0
chandrakrakesh,0,2,0.0,2.0
VIRENINFRA,0,1,0.0,1.0
iamdk_mish,0,1,0.0,1.0
RajaReddy0175,0,1,0.0,1.0
RheemaParashar,0,1,0.0,1.0
PrateekJain28,1,9,1.0,12.0
InSureshm,0,2,0.0,2.0
shady393,0,1,0.0,1.0
GauravBansal016,0,1,0.0,1.0
Vinourfriend,0,2,0.0,3.0
fool_do,0,2,0.0,2.0
FlowerHurt,0,1,0.0,1.0
ATULRAJ43555801,0,3,0.0,3.0
RepealTCPA1947,0,1,0.0,1.0
StrangerVB,0,1,0.0,1.0
gurmeetkaur18,0,1,0.0,1.0
Pradeep00655145,0,1,0.0,1.0
legalshishya,2,3,2.0,3.0
SerenityNow1857,0,1,0.0,1.0
newone0002,0,1,0.0,1.0
tweet_arunkumar,0,1,0.0,1.0
UdayPandeyALB,0,2,0.0,2.0
YeshwantPurani3,0,1,0.0,1.0
Pappu4201,0,1,0.0,1.0
Nishant98257515,0,1,0.0,1.0
amitsurg,3,0,3.0,0.0
Abhishek__k2712,0,2,0.0,3.0
arthvvader,2,4,2.0,4.0
harmony1960,4,1,9.0,1.0
Teja2203,1,3,3.0,3.0
Jaggu_ind,0,1,0.0,1.0
francissvictor,0,2,0.0,2.0
caumangparekh,0,1,0.0,1.0
RishiJha_Posts,0,1,0.0,1.0
nareshpopat,0,7,0.0,8.0
Matrabhoomi1,0,1,0.0,1.0
sudeepeuturi,0,1,0.0,1.0
shivamasawa1,0,1,0.0,1.0
UpendraSuryaDe1,1,2,1.0,2.0
Externall_Force,1,0,1.0,0.0
Ak5985965,0,2,0.0,2.0
Nationalist_PS,0,1,0.0,1.0
subhankar_cong,0,3,0.0,3.0
sid_irrs,0,1,0.0,1.0
cksahucph,0,1,0.0,1.0
suresum1,0,2,0.0,2.0
srkShivangi,0,1,0.0,1.0
cpgcsmc,0,1,0.0,1.0
Jitendra040381,0,1,0.0,1.0
RoshanKumawat7,0,1,0.0,1.0
narne_kumar06,9,7,9.0,8.0
vijaythottathil,14,0,15.0,0.0
DoYourDuty1st,0,3,0.0,3.0
GandhiofGujarat,0,2,0.0,2.0
tanajiashevale,0,1,0.0,1.0
MukaDarsaka,0,5,0.0,5.0
IndreshDixit6,0,1,0.0,1.0
vasubsr,0,4,0.0,4.0
Jeeteshtweets,0,1,0.0,1.0
dBaliyan,0,6,0.0,6.0
A1238y,0,1,0.0,1.0
k01253580,0,1,0.0,1.0
shivaraj_jogur,0,1,0.0,1.0
DEINUK2,0,2,0.0,2.0
Firdous_096,0,1,0.0,1.0
WISHEASY,0,4,0.0,4.0
MohitAg14612872,0,1,0.0,1.0
Outlookindia,10,0,10.0,0.0
RaghuramanMenon,4,0,5.0,0.0
GVLNRAO,16,0,17.0,0.0
Radhu007,0,1,0.0,1.0
KingPhilosophus,0,1,0.0,1.0
sarthakc1805,0,1,0.0,1.0
Sraj101,0,1,0.0,1.0
psjain28,0,3,0.0,3.0
revendra15,0,1,0.0,2.0
Aknmrao,0,5,0.0,5.0
me_nikunjp,0,5,0.0,5.0
Sushant_Kaushal,0,1,0.0,1.0
syednadeem1,1,3,1.0,7.0
matters2022,1,0,1.0,0.0
DevD1588,0,1,0.0,1.0
PoojaaShrivas10,0,1,0.0,1.0
Indian_Cinema_,2,0,4.0,0.0
Abhiman21428088,0,1,0.0,1.0
usmannghani,0,1,0.0,1.0
salujhar,0,1,0.0,1.0
sagarhbk321,0,1,0.0,1.0
themist74,0,2,0.0,2.0
KhushminderSah1,0,1,0.0,1.0
IAmViswanatha,0,5,0.0,5.0
PrashantrTOI,0,1,0.0,1.0
WakeUpIndia2023,0,1,0.0,1.0
Sjactwin,0,2,0.0,2.0
ajai_mishra,0,1,0.0,1.0
0ld_Monk,0,5,0.0,5.0
Cawnporiaah,3,0,3.0,0.0
b_747_,1,1,1.0,1.0
vadapallichaitu,0,1,0.0,1.0
Archons_World,0,1,0.0,1.0
SwapnilMagare13,0,2,0.0,2.0
vrprasad12,0,3,0.0,3.0
Udhaar_Ki_Bidi,0,2,0.0,2.0
_Rohit_here,0,2,0.0,2.0
Kezo_IPS,0,6,0.0,7.0
gokulnair,0,2,0.0,2.0
NSuresh_ECW,0,1,0.0,1.0
Mtoro7150,0,1,0.0,1.0
pradeeplovesall,0,1,0.0,1.0
RatneshADesai,0,3,0.0,3.0
puneethrajraj,0,1,0.0,1.0
Anshit20,0,1,0.0,1.0
Sahasra1955,0,1,0.0,1.0
jaihind_indian1,0,1,0.0,1.0
D77_Dev,0,1,0.0,1.0
pradipmder00,0,1,0.0,1.0
ElectionMode,0,1,0.0,1.0
069vikas,0,1,0.0,1.0
MohanDxshivsena,0,1,0.0,1.0
MohanAgarwalRss,0,1,0.0,1.0
seenuvaidya,0,1,0.0,1.0
ProfVarshney,2,1,2.0,1.0
SharminSoni1,0,1,0.0,1.0
aloktg,0,1,0.0,1.0
CongressHands,0,1,0.0,1.0
mgmontini1,0,1,0.0,1.0
venk1975,0,2,0.0,2.0
AjayRB74,0,1,0.0,1.0
Carvaka2020,0,1,0.0,1.0
urpavanygf,0,2,0.0,2.0
faisalimam20,0,1,0.0,1.0
Dhoni_Gawd,0,1,0.0,1.0
IndianBurnol,0,1,0.0,1.0
RationalVoter_,0,1,0.0,1.0
NileshGhadage14,0,1,0.0,1.0
Pranavprk,0,1,0.0,1.0
Amar_Trivedi,0,1,0.0,1.0
bmchandru58,0,2,0.0,2.0
risingindia75,0,3,0.0,3.0
abhishekp3117,0,2,0.0,2.0
ajaythakurg,0,2,0.0,2.0
thereal_ravan,2,0,2.0,0.0
bengal008,0,1,0.0,1.0
ss_suryawanshi,8,4,8.0,7.0
Ayush_Shah_25,1,1,1.0,1.0
Puneet60002458,0,1,0.0,1.0
shashank_sane,0,1,0.0,1.0
akshay_sarawat,0,1,0.0,1.0
iShivKumaraSamy,0,1,0.0,1.0
ash2108,0,2,0.0,2.0
gautamdaz,0,2,0.0,3.0
the_ajitsingh,0,2,0.0,2.0
4D1TY4K1R4N,0,1,0.0,1.0
Sarthak_kp2175,0,6,0.0,6.0
unbrahmachari,0,1,0.0,2.0
victor_desi,0,4,0.0,4.0
changu311,3,0,3.0,0.0
JindalDiv,1,1,1.0,1.0
she_abhishek,0,1,0.0,1.0
aakash_rewari,0,1,0.0,1.0
VVirenjoshi5,1,0,1.0,0.0
beingsagarneel,0,1,0.0,1.0
shikhakaul10,0,1,0.0,1.0
AnandPatni8,0,1,0.0,1.0
ashishtiwari876,0,1,0.0,1.0
SaneilSunny,0,1,0.0,1.0
HinduHate,2,0,2.0,0.0
madhusu58400341,0,1,0.0,1.0
brahmaglaani,0,1,0.0,1.0
bibangshi,0,1,0.0,1.0
natrajvenkatadr,0,1,0.0,1.0
gouravguptac,0,1,0.0,1.0
Digi_4u,0,4,0.0,6.0
ajaykaps3667,0,1,0.0,1.0
Pradeep27630508,0,1,0.0,1.0
SirKazamJeevi,21,0,21.0,0.0
PanditMshrimali,0,1,0.0,1.0
RNels1201,0,10,0.0,12.0
MenandertheIII,0,1,0.0,1.0
santdurga,0,2,0.0,2.0
Mayank_Gala,0,2,0.0,2.0
manoj4qwertr,0,1,0.0,1.0
dhananjay_2020,0,1,0.0,1.0
apnnewsindia,1,2,1.0,2.0
AmitBeraAITC,0,2,0.0,2.0
IkkMundaPunjabi,0,2,0.0,2.0
ayaz_karbelkar,0,2,0.0,2.0
Ritam_Alhuwalia,0,5,0.0,6.0
kaifgaming786,0,1,0.0,1.0
vinayvn,0,2,0.0,2.0
MohammedZawid,0,1,0.0,1.0
ojhavikas25,0,1,0.0,1.0
LongmanGill,0,4,0.0,6.0
CyberKaafir,0,1,0.0,1.0
OmarAbbasHyat,1,2,1.0,2.0
BnduNair,0,1,0.0,1.0
Ashwin28,0,1,0.0,1.0
aanand_shilpi,0,5,0.0,5.0
MKBhatia1961,0,2,0.0,2.0
Secular_Cobra,0,1,0.0,1.0
sreesriraj,0,1,0.0,1.0
Bhat_Aadil_Yous,0,1,0.0,2.0
____OO____,0,1,0.0,1.0
INC_Shahebaz,0,1,0.0,1.0
suhasbaliga,0,1,0.0,1.0
corrupted_in,0,1,0.0,1.0
dhariwal27,0,4,0.0,5.0
UdayNimavat24,0,1,0.0,1.0
ubanerji,0,1,0.0,1.0
F_Society01A,0,1,0.0,1.0
im_Subhadeep,0,1,0.0,1.0
sandshenoy,0,1,0.0,2.0
srijeny24,0,2,0.0,2.0
YadagiriIND,0,1,0.0,1.0
mhd_abdulla,0,1,0.0,1.0
Ankitsingh1009,0,1,0.0,1.0
Gourishmajjagi,0,4,0.0,4.0
gpnkj20,0,2,0.0,2.0
MODIfied_Rajul,0,1,0.0,1.0
vasant69,0,1,0.0,1.0
KASHYAPTJOSHI,0,1,0.0,1.0
Smbangla1,0,1,0.0,1.0
vasubadami,0,1,0.0,1.0
KishanBoss1,0,3,0.0,3.0
cmprasad978,0,1,0.0,1.0
tv_hyd,0,1,0.0,1.0
its_umesh93,0,2,0.0,4.0
klydeneko,0,1,0.0,1.0
TrueIndiansoul,0,1,0.0,1.0
CultureIsGreat1,0,1,0.0,1.0
nimeshtwitts,0,6,0.0,8.0
girichaitanya19,0,1,0.0,1.0
SubR108,0,1,0.0,1.0
Globalbaba8,0,2,0.0,2.0
prasubhat,0,2,0.0,2.0
SamantarayD,0,1,0.0,1.0
dwizmatrix,0,1,0.0,1.0
TheMinioness,0,2,0.0,2.0
SiddharthKartik,1,2,1.0,2.0
SvelloreS,1,1,1.0,1.0
Hanuman_Shakti,2,6,2.0,10.0
MajorMathews,0,2,0.0,2.0
sushamaklgupta,0,1,0.0,1.0
RamanaPawan23,0,1,0.0,1.0
Susanta17236622,0,1,0.0,1.0
dewanajay21,1,0,1.0,0.0
srikantsingh51,0,1,0.0,1.0
warriorprince99,0,1,0.0,1.0
RKLakshmi1965,0,1,0.0,1.0
BadrinathSable,0,1,0.0,1.0
roverrinks,2,7,2.0,7.0
bauwakun,0,2,0.0,2.0
DJpondsy,0,2,0.0,5.0
massoudkhwaja,0,1,0.0,1.0
WS_Dude,0,5,0.0,5.0
AusHCIndia,3,1,3.0,1.0
EjazEa92,1,4,1.0,4.0
akashkivani,0,3,0.0,3.0
DeshBhakt_Sumit,0,1,0.0,1.0
HashimYJSpeaks,0,3,0.0,6.0
gattyrules,0,2,0.0,4.0
Bharatwashi2,4,2,7.0,2.0
DharRenuka,0,1,0.0,1.0
dharanisalem,5,0,5.0,0.0
BbNamdeo,0,1,0.0,1.0
zackIND,0,1,0.0,1.0
Sarfara52706266,0,1,0.0,1.0
Hemant_Suri,1,1,1.0,1.0
Sita63927596,0,2,0.0,2.0
Pankajsnb,1,1,1.0,1.0
virdi19,0,2,0.0,2.0
beyorek,1,2,1.0,2.0
Arserin16,0,1,0.0,1.0
aarifsk65,0,3,0.0,3.0
SAYYEDKHADIR,0,1,0.0,2.0
JustTho76397496,0,1,0.0,1.0
Monisha_INDIA,0,2,0.0,2.0
Mushtaq06274735,0,1,0.0,1.0
Amiti14,0,1,0.0,3.0
dhungel_1,0,1,0.0,1.0
karthick_pandia,0,2,0.0,2.0
AnandMestry,0,2,0.0,2.0
anilsangeeta,0,1,0.0,1.0
MizoMish,0,1,0.0,1.0
iAmSubhra17,0,1,0.0,1.0
umakantsingh_IN,0,9,0.0,27.0
AbhiGho25062085,0,1,0.0,1.0
vimal8mi,0,2,0.0,2.0
shubha42566820,0,1,0.0,1.0
rasamsamir,0,1,0.0,1.0
junaidjang,0,1,0.0,1.0
ThebakaitiO,0,1,0.0,1.0
ErRaviAnand1,0,4,0.0,6.0
alishas64767091,0,2,0.0,2.0
Jagatheeswar30,0,1,0.0,1.0
pagalpanchi,1,1,1.0,1.0
piyushadeshra,0,5,0.0,7.0
indian_pilgrim_,0,1,0.0,1.0
jalanfinserv,0,2,0.0,2.0
nitesh23371,0,1,0.0,1.0
Janamejayan,1,0,1.0,0.0
IndianGoonda,0,2,0.0,2.0
IndiaUnfolding,1,5,1.0,5.0
textfortech,0,2,0.0,2.0
rahulgr8gupta,0,2,0.0,2.0
daksh3492,0,3,0.0,4.0
sunny99310,0,1,0.0,1.0
MalikiAbdul585,0,1,0.0,1.0
junaid52739535,0,1,0.0,1.0
PramodSparxonx,0,1,0.0,1.0
jjake61,2,0,2.0,0.0
AdviceDelhi,0,2,0.0,2.0
yugpurushindia,0,4,0.0,4.0
iAllwin19,0,7,0.0,7.0
lokeshnathany,0,1,0.0,1.0
ymediagroup,0,4,0.0,5.0
DGhosh75,0,2,0.0,2.0
p_stanc,0,2,0.0,2.0
Omkar0405U,0,1,0.0,1.0
bipinbhimani,0,4,0.0,4.0
TheVyas,0,1,0.0,1.0
TaruneshPrasad,0,1,0.0,1.0
deepak_bansal11,0,1,0.0,1.0
indhavaainko,10,0,10.0,0.0
Shreyas18215159,0,3,0.0,3.0
mmmazhar,0,1,0.0,1.0
RatanSharda55,24,0,24.0,0.0
SunilKatti4,0,1,0.0,1.0
AmritHallan,0,1,0.0,1.0
ajay_kandpal21,0,1,0.0,1.0
jagdishrshah,0,1,0.0,1.0
sandeep_up50,0,1,0.0,1.0
Amankupa,1,1,1.0,1.0
imhkp7_kumar,0,2,0.0,2.0
AnishettyTweets,1,0,1.0,0.0
BeingHimansh_,0,1,0.0,1.0
lucky_the_Virgo,0,1,0.0,1.0
saurabhdhyanii,0,1,0.0,1.0
Gagan2627,0,1,0.0,1.0
Simple_Hindu,0,1,0.0,1.0
rajklucknow,0,2,0.0,2.0
Chanaky25084927,0,1,0.0,1.0
AbhisarRamma,0,1,0.0,1.0
vinsinners,0,4,0.0,8.0
ds_krinutana,0,1,0.0,1.0
sunnypratap02,0,1,0.0,1.0
saffronisgood,0,1,0.0,2.0
RVatsyayan1,0,1,0.0,1.0
GoverdhanSinghS,0,3,0.0,3.0
AmitAgal,0,1,0.0,1.0
abdsrehm,0,1,0.0,1.0
Reverend60,1,0,1.0,0.0
krishnakolidoc,0,2,0.0,2.0
venkatkalyan1,0,1,0.0,1.0
gaurab_sinha,1,2,1.0,2.0
ArvindLBJP,1,0,1.0,0.0
MittsArora,0,3,0.0,3.0
ALKESHP51432288,0,3,0.0,3.0
GovernorGa_,0,3,0.0,3.0
nudelhilawfora,0,2,0.0,2.0
MuraliVenkitad1,0,1,0.0,1.0
rprasannag,0,2,0.0,2.0
sandeepsebol,0,3,0.0,3.0
Hazarika_Sa,0,1,0.0,1.0
indiafirst_19,1,0,1.0,0.0
GopalKr18733014,0,1,0.0,1.0
Gkbmk1,0,1,0.0,1.0
philbinu,0,1,0.0,1.0
Sudesh38576500,0,1,0.0,1.0
AkashOfficiall,0,2,0.0,2.0
AFP,5,0,5.0,0.0
marquee58,1,3,1.0,3.0
vdubeyofficials,0,1,0.0,1.0
praveentick,0,3,0.0,3.0
rohitprashar14,0,1,0.0,1.0
Bam_Bam0,0,2,0.0,2.0
ayushl07,0,1,0.0,1.0
SuchKul,0,1,0.0,1.0
PrasenPune,0,2,0.0,3.0
dezinrs_passion,0,1,0.0,1.0
dunkrek,0,3,0.0,3.0
aniltalwar2,1,0,1.0,0.0
indian_l0tus,0,1,0.0,4.0
CupidWitty,0,1,0.0,2.0
momsfocus,0,3,0.0,3.0
Gaurav4Bharat,0,1,0.0,1.0
DhirajRathod03,0,1,0.0,1.0
Niteshjha19,0,1,0.0,1.0
sumeetwhowrites,0,1,0.0,1.0
nihal_pavan,0,3,0.0,3.0
ProudHindu8365,0,4,0.0,8.0
stansmith1970,0,2,0.0,2.0
Vikasdevisa,0,3,0.0,3.0
Barahism,0,2,0.0,2.0
silvestercliff,2,1,5.0,1.0
RJRahulRJRahul,2,2,2.0,2.0
Sankalp07388421,0,1,0.0,1.0
SimplyArsh,0,1,0.0,1.0
KritikShah1,0,3,0.0,3.0
Varun83305569,0,1,0.0,1.0
Electricman1981,0,1,0.0,1.0
maniscoimby,0,1,0.0,1.0
AamIndian_1,0,1,0.0,2.0
iamkumar_amit,0,1,0.0,1.0
TSK_Offiseal,2,2,2.0,2.0
arumitash123,0,1,0.0,1.0
ashwinmurthy,0,2,0.0,2.0
theamansonkar,0,2,0.0,2.0
AnilNai49148368,0,1,0.0,1.0
AAjay12saini,0,2,0.0,2.0
chaupat_raja,0,1,0.0,1.0
SDesh01,2,0,2.0,0.0
viswakau,0,1,0.0,1.0
KalyaniRudresh,0,1,0.0,1.0
dhurr_sala,0,1,0.0,1.0
iArijitRoy,0,1,0.0,1.0
vkjha783,3,0,3.0,0.0
adv_SUnaeza,0,2,0.0,2.0
AJShreeD,0,1,0.0,1.0
ambuj1tripathi,0,1,0.0,1.0
AmarSinghTweets,5,0,5.0,0.0
Sidzepp,0,1,0.0,1.0
HarishPaderu,0,1,0.0,1.0
lousybug,0,2,0.0,2.0
rsreekanth96,0,1,0.0,1.0
AVtweeting,0,1,0.0,1.0
palashk54,0,1,0.0,1.0
VedantIndian,0,1,0.0,1.0
naggypriya,0,2,0.0,2.0
sir_pal,0,1,0.0,1.0
karansinghdhank,0,1,0.0,1.0
Raja_Africa,0,2,0.0,3.0
LyadhkhorB,0,1,0.0,1.0
Jairam_Ramesh,256,0,274.0,0.0
mamaasahu,0,1,0.0,2.0
VenkyMMT,0,1,0.0,1.0
Brahamvakya,1,1,1.0,1.0
vijnad,5,3,5.0,3.0
anilsharmaa,0,1,0.0,1.0
UnFound_news,0,1,0.0,1.0
epw_in,3,0,4.0,0.0
psonpal,0,1,0.0,1.0
vijh_naveen,0,2,0.0,2.0
SreyashiDey,7,0,7.0,0.0
mariumal,0,1,0.0,1.0
DrMC69897468,0,1,0.0,1.0
Richasharma0971,4,0,4.0,0.0
sohaillll_khAn,0,1,0.0,1.0
arunabhalahiri,0,10,0.0,10.0
joglekarsaurabh,1,1,1.0,1.0
5wingisking,0,1,0.0,1.0
manasdalal,0,2,0.0,2.0
ShriguruPawanji,0,2,0.0,2.0
saurabhaman5551,0,3,0.0,3.0
rsmoni007,0,4,0.0,5.0
ANSHUBAJPAI1,1,3,1.0,3.0
sajmad24x7,0,1,0.0,1.0
Ridshubh,0,1,0.0,1.0
RTecken,0,2,0.0,2.0
Truethoughts68,2,3,2.0,3.0
abhishekdey04,0,1,0.0,1.0
RVenkat23770936,0,1,0.0,1.0
indian_helpless,0,3,0.0,4.0
SmallTownerr,0,7,0.0,13.0
KashyapVk,0,1,0.0,1.0
DigitalSaksham_,0,1,0.0,1.0
Krn333Kiran,0,1,0.0,4.0
JamdadeShreyas,0,4,0.0,4.0
N_Dietis,0,1,0.0,1.0
AazaadSatyam,0,6,0.0,7.0
vkrantchaudhary,0,1,0.0,1.0
jitripathiji,0,1,0.0,1.0
pateldev1704,0,3,0.0,5.0
Nidhi_iBranch,0,2,0.0,2.0
senthil_barani,0,1,0.0,1.0
gururaj_ellur,0,1,0.0,1.0
okkPolitics,0,1,0.0,1.0
paul_ziid,0,3,0.0,3.0
gopalag64679353,0,1,0.0,1.0
keish20399800,0,1,0.0,1.0
a46d66ebd829415,0,2,0.0,2.0
HITMAN264118,0,1,0.0,1.0
GoenkaHimmat,1,2,1.0,2.0
ValoID14,0,2,0.0,2.0
WanderWomaniya_,0,1,0.0,1.0
aumchem,0,1,0.0,1.0
Ayush_24_01,0,1,0.0,1.0
BijoyPatro,0,1,0.0,1.0
Bikranta_Biki,0,2,0.0,2.0
Raa_onee,0,2,0.0,2.0
welworth,0,3,0.0,3.0
soojabhai,0,2,0.0,2.0
bibhu2000,1,1,1.0,1.0
satyaavati,1,2,1.0,2.0
Mrityunjai1982,0,1,0.0,1.0
justnlawless,0,1,0.0,1.0
ArjunNarayana14,0,2,0.0,2.0
ravikudupa,0,1,0.0,1.0
TheWand68425335,5,0,5.0,0.0
Srini14Vasu,0,1,0.0,1.0
RajatMa91027300,0,1,0.0,1.0
singhnavin25,0,1,0.0,1.0
apolitical_desi,0,1,0.0,1.0
OFBJPUSA,0,2,0.0,2.0
VBforNation,0,1,0.0,1.0
rajeshroyDBhask,0,1,0.0,1.0
manavjivan,1,0,1.0,0.0
kirmaniaa,0,1,0.0,1.0
drdeepakneo,0,2,0.0,2.0
sahmed26,0,2,0.0,4.0
ramakrishnajois,0,3,0.0,3.0
SsyadavaYADAVA,0,1,0.0,1.0
thanostk007,0,4,0.0,4.0
Vidd11981,0,2,0.0,2.0
RamaCha73117494,0,2,0.0,2.0
RadhikaBarman5,2,0,2.0,0.0
RaviTha37211849,0,1,0.0,1.0
FamousCurrent,0,1,0.0,1.0
ShriMITAKARI,0,2,0.0,2.0
Bharath36502,0,3,0.0,3.0
a_priyadarshi2,0,1,0.0,1.0
Shashwat014,0,6,0.0,6.0
nareshdanoju,0,2,0.0,2.0
RajputGunjan,0,1,0.0,1.0
3rd_Handle,0,1,0.0,1.0
Sachin_Sydney,0,1,0.0,1.0
RajeshP42031571,0,2,0.0,2.0
SreedeviValuers,0,3,0.0,3.0
KinihoSumi,0,2,0.0,2.0
gogoideo,0,2,0.0,2.0
Geeta_Mohan,5,1,7.0,1.0
Shivi1979,0,8,0.0,10.0
zainy80,0,3,0.0,3.0
NayabNaseer,0,1,0.0,1.0
TheHinduMag,1,0,1.0,0.0
Yourtoxicguy,0,1,0.0,1.0
Bhangaarman,0,1,0.0,1.0
irfanzakbellar,0,1,0.0,1.0
sajuspeaks,0,1,0.0,1.0
rajtri_1710,0,2,0.0,2.0
Aman1529,1,1,1.0,1.0
red_sapphire1,0,2,0.0,2.0
madanmohan53,0,3,0.0,3.0
surajkb007,0,3,0.0,3.0
shailkothari,0,3,0.0,4.0
16karthisalian,0,2,0.0,2.0
pai2cents,0,1,0.0,1.0
satyavaanX,0,1,0.0,1.0
rohittashok,0,2,0.0,2.0
teotia9045,0,1,0.0,1.0
bhartibenparma3,0,1,0.0,1.0
PoonamShivdasa4,0,1,0.0,1.0
Sadaa_satyaa,0,1,0.0,1.0
adz64,0,1,0.0,1.0
AChidipilli,0,2,0.0,2.0
GauravNagvansh2,0,1,0.0,1.0
mehboobvakil,0,1,0.0,1.0
KarmaaaInstant,1,0,1.0,0.0
RajThamotheram,0,1,0.0,1.0
amitkumar9481,0,1,0.0,1.0
vikashksharma,0,1,0.0,1.0
RameshY47,0,1,0.0,1.0
abhiksitar,0,2,0.0,2.0
meetniel,1,0,1.0,0.0
championrat02,2,0,3.0,0.0
muraliks_11,1,4,1.0,4.0
STilakdhary,0,1,0.0,1.0
kanhira,0,2,0.0,2.0
Tekchnd4,1,0,1.0,0.0
praveen00281478,0,2,0.0,2.0
manzoor_narchor,0,2,0.0,2.0
LotlikarShekhar,0,1,0.0,1.0
Subhash47130697,0,1,0.0,2.0
thinkinape,1,2,1.0,2.0
jiteshgor,0,1,0.0,1.0
1967Vandana,1,0,1.0,0.0
akrsgc,0,1,0.0,1.0
HarlalSingh_,1,1,1.0,1.0
sanjaybhalla100,0,1,0.0,1.0
Bhabani02,0,1,0.0,1.0
premranjanPR,0,1,0.0,1.0
Kishlaysharma,9,0,11.0,0.0
Indian__doctor,32,0,34.0,0.0
kundansriv,0,1,0.0,1.0
ArnazHathiram,7,0,7.0,0.0
TRDavid4,0,1,0.0,2.0
nparama1951,8,2,19.0,2.0
anton_spiel,0,1,0.0,1.0
virengada,1,2,1.0,2.0
dhawalhchopra,0,1,0.0,1.0
k37485453,0,1,0.0,1.0
WafaCyrus,0,1,0.0,1.0
SahTarun,0,1,0.0,1.0
Gautamjai2,0,2,0.0,2.0
tap_ks,0,1,0.0,1.0
singhi420,0,1,0.0,1.0
quizwithmanas,0,1,0.0,1.0
anxioushours7,1,6,1.0,10.0
SudhirC64994457,0,1,0.0,1.0
Rudra2609,0,1,0.0,1.0
NAGIK23,0,1,0.0,1.0
simplelife_91,0,2,0.0,2.0
baleshkotwal,0,2,0.0,2.0
Andh_Bhakt_DC,0,1,0.0,1.0
wesleysingh,0,3,0.0,3.0
GaurieD,1,0,1.0,0.0
erAnkurBhardwaj,0,1,0.0,1.0
Ashish54008134,0,1,0.0,1.0
iamBrihas,0,2,0.0,2.0
bindal_deepak,0,3,0.0,3.0
AathithyaaSurya,0,6,0.0,6.0
abulqaish,0,1,0.0,1.0
Real_jani1,0,1,0.0,1.0
anshul983,0,1,0.0,1.0
